{"IMPACTS_AVAPS_P3B_202001251933_R1.ict": {"start": "2020-01-25T19:33:29Z", "end": "2020-01-25T19:42:22Z", "north": "39.706", "south": "39.601", "east": "-72.716", "west": "-72.76", "format": "ASCII", "sizeMB": 0.22}, "IMPACTS_AVAPS_P3B_202001122111_R0.ict": {"start": "2020-01-12T21:11:22Z", "end": "2020-01-12T21:19:38Z", "north": "36.64", "south": "36.62", "east": "-73.9", "west": "-74.0", "format": "ASCII", "sizeMB": 0.2}, "IMPACTS_AVAPS_P3B_202001122103_R0.ict": {"start": "2020-01-12T21:04:13Z", "end": "2020-01-12T21:11:37Z", "north": "36.59", "south": "36.57", "east": "-74.04", "west": "-74.12", "format": "ASCII", "sizeMB": 0.19}, "IMPACTS_AVAPS_P3B_202001251933_R0.ict": {"start": "2020-01-25T19:33:29Z", "end": "2020-01-25T19:42:22Z", "north": "39.71", "south": "39.6", "east": "-72.72", "west": "-72.76", "format": "ASCII", "sizeMB": 0.21}, "IMPACTS_AVAPS_P3B_202002011223_R0.ict": {"start": "2020-02-01T12:23:37Z", "end": "2020-02-01T12:32:48Z", "north": "36.2", "south": "36.13", "east": "-73.55", "west": "-73.63", "format": "ASCII", "sizeMB": 0.22}, "IMPACTS_AVAPS_P3B_202001251922_R0.ict": {"start": "2020-01-25T19:22:55Z", "end": "2020-01-25T19:32:30Z", "north": "38.78", "south": "38.68", "east": "-73.3", "west": "-73.33", "format": "ASCII", "sizeMB": 0.23}, "IMPACTS_AVAPS_P3B_202002011219_R1.ict": {"start": "2020-02-01T12:19:38Z", "end": "2020-02-01T12:28:37Z", "north": "36.326", "south": "36.258", "east": "-74.026", "west": "-74.099", "format": "ASCII", "sizeMB": 0.22}, "IMPACTS_AVAPS_P3B_202001251922_R1.ict": {"start": "2020-01-25T19:22:55Z", "end": "2020-01-25T19:32:30Z", "north": "38.779", "south": "38.68", "east": "-73.297", "west": "-73.328", "format": "ASCII", "sizeMB": 0.23}, "IMPACTS_AVAPS_P3B_202002011223_R1.ict": {"start": "2020-02-01T12:23:38Z", "end": "2020-02-01T12:32:48Z", "north": "36.196", "south": "36.126", "east": "-73.554", "west": "-73.632", "format": "ASCII", "sizeMB": 0.22}, "IMPACTS_AVAPS_P3B_202002011219_R0.ict": {"start": "2020-02-01T12:19:31Z", "end": "2020-02-01T12:28:37Z", "north": "36.33", "south": "36.26", "east": "-74.03", "west": "-74.1", "format": "ASCII", "sizeMB": 0.22}, "IMPACTS_AVAPS_P3B_202002011227_R0.ict": {"start": "2020-02-01T12:27:35Z", "end": "2020-02-01T12:36:47Z", "north": "36.06", "south": "35.99", "east": "-73.08", "west": "-73.16", "format": "ASCII", "sizeMB": 0.22}, "IMPACTS_AVAPS_P3B_202002011231_R1.ict": {"start": "2020-02-01T12:31:38Z", "end": "2020-02-01T12:40:55Z", "north": "35.92", "south": "35.861", "east": "-72.625", "west": "-72.7", "format": "ASCII", "sizeMB": 0.23}, "IMPACTS_AVAPS_P3B_20200201142038_R0.ict": {"start": "2020-02-01T14:20:38Z", "end": "2020-02-01T14:28:28Z", "north": "35.38", "south": "35.34", "east": "-73.35", "west": "-73.44", "format": "ASCII", "sizeMB": 0.19}, "IMPACTS_AVAPS_P3B_20200201142005_R0.ict": {"start": "2020-02-01T14:20:05Z", "end": "2020-02-01T14:28:08Z", "north": "35.35", "south": "35.31", "east": "-73.4", "west": "-73.49", "format": "ASCII", "sizeMB": 0.19}, "IMPACTS_AVAPS_P3B_20200201142038_R1.ict": {"start": "2020-02-01T14:20:38Z", "end": "2020-02-01T14:28:28Z", "north": "35.383", "south": "35.336", "east": "-73.352", "west": "-73.438", "format": "ASCII", "sizeMB": 0.19}, "IMPACTS_AVAPS_P3B_202002011442_R0.ict": {"start": "2020-02-01T14:42:16Z", "end": "2020-02-01T14:50:26Z", "north": "36.8", "south": "36.75", "east": "-72.56", "west": "-72.59", "format": "ASCII", "sizeMB": 0.2}, "IMPACTS_AVAPS_P3B_20200201142005_R1.ict": {"start": "2020-02-01T14:20:05Z", "end": "2020-02-01T14:28:08Z", "north": "35.354", "south": "35.307", "east": "-73.404", "west": "-73.493", "format": "ASCII", "sizeMB": 0.2}, "IMPACTS_AVAPS_P3B_202002011442_R1.ict": {"start": "2020-02-01T14:42:16Z", "end": "2020-02-01T14:50:26Z", "north": "36.804", "south": "36.747", "east": "-72.556", "west": "-72.588", "format": "ASCII", "sizeMB": 0.2}, "IMPACTS_AVAPS_P3B_202002011227_R1.ict": {"start": "2020-02-01T12:27:35Z", "end": "2020-02-01T12:36:47Z", "north": "36.057", "south": "35.992", "east": "-73.078", "west": "-73.157", "format": "ASCII", "sizeMB": 0.22}, "IMPACTS_AVAPS_P3B_202002011231_R0.ict": {"start": "2020-02-01T12:31:38Z", "end": "2020-02-01T12:40:55Z", "north": "35.92", "south": "35.86", "east": "-72.62", "west": "-72.7", "format": "ASCII", "sizeMB": 0.22}, "IMPACTS_AVAPS_P3B_202002011450_R0.ict": {"start": "2020-02-01T14:50:56Z", "end": "2020-02-01T14:59:01Z", "north": "37.45", "south": "37.39", "east": "-73.0", "west": "-73.06", "format": "ASCII", "sizeMB": 0.19}, "IMPACTS_AVAPS_P3B_202002011450_R1.ict": {"start": "2020-02-01T14:50:56Z", "end": "2020-02-01T14:59:01Z", "north": "37.447", "south": "37.387", "east": "-73.001", "west": "-73.059", "format": "ASCII", "sizeMB": 0.2}, "IMPACTS_AVAPS_P3B_202002130659_R0.ict": {"start": "2020-02-13T06:59:30Z", "end": "2020-02-13T07:08:22Z", "north": "40.47", "south": "40.4", "east": "-72.55", "west": "-72.76", "format": "ASCII", "sizeMB": 0.21}, "IMPACTS_AVAPS_P3B_202002130647_R0.ict": {"start": "2020-02-13T06:47:34Z", "end": "2020-02-13T06:56:49Z", "north": "39.44", "south": "39.38", "east": "-72.4", "west": "-72.61", "format": "ASCII", "sizeMB": 0.22}, "IMPACTS_AVAPS_P3B_202002181755_R1.ict": {"start": "2020-02-18T17:55:29Z", "end": "2020-02-18T18:05:26Z", "north": "40.258", "south": "40.204", "east": "-73.219", "west": "-73.368", "format": "ASCII", "sizeMB": 0.24}, "IMPACTS_AVAPS_P3B_202002130659_R1.ict": {"start": "2020-02-13T06:59:34Z", "end": "2020-02-13T07:08:22Z", "north": "40.466", "south": "40.405", "east": "-72.551", "west": "-72.756", "format": "ASCII", "sizeMB": 0.22}, "IMPACTS_AVAPS_P3B_202002130647_R1.ict": {"start": "2020-02-13T06:47:35Z", "end": "2020-02-13T06:56:49Z", "north": "39.443", "south": "39.383", "east": "-72.398", "west": "-72.605", "format": "ASCII", "sizeMB": 0.23}, "IMPACTS_AVAPS_P3B_202002181758_R0.ict": {"start": "2020-02-18T17:58:27Z", "end": "2020-02-18T18:07:34Z", "north": "40.53", "south": "40.48", "east": "-73.13", "west": "-73.26", "format": "ASCII", "sizeMB": 0.22}, "IMPACTS_AVAPS_P3B_202002181755_R0.ict": {"start": "2020-02-18T17:55:29Z", "end": "2020-02-18T18:05:26Z", "north": "40.26", "south": "40.2", "east": "-73.22", "west": "-73.37", "format": "ASCII", "sizeMB": 0.24}, "IMPACTS_AVAPS_P3B_202002181758_R1.ict": {"start": "2020-02-18T17:58:29Z", "end": "2020-02-18T18:07:34Z", "north": "40.534", "south": "40.481", "east": "-73.13", "west": "-73.261", "format": "ASCII", "sizeMB": 0.22}, "IMPACTS_AVAPS_P3B_202002182127_R0.ict": {"start": "2020-02-18T21:27:34Z", "end": "2020-02-18T21:36:47Z", "north": "40.64", "south": "40.58", "east": "-73.08", "west": "-73.23", "format": "ASCII", "sizeMB": 0.22}, "IMPACTS_AVAPS_P3B_202002182127_R1.ict": {"start": "2020-02-18T21:27:34Z", "end": "2020-02-18T21:36:47Z", "north": "40.635", "south": "40.584", "east": "-73.079", "west": "-73.228", "format": "ASCII", "sizeMB": 0.22}, "IMPACTS_AVAPS_P3B_202002202248_R0.ict": {"start": "2020-02-20T22:48:52Z", "end": "2020-02-20T22:52:59Z", "north": "33.9", "south": "33.89", "east": "-77.79", "west": "-77.81", "format": "ASCII", "sizeMB": 0.1}, "IMPACTS_AVAPS_P3B_20200220212700_R0.ict": {"start": "2020-02-20T21:27:00Z", "end": "2020-02-20T21:33:16Z", "north": "33.57", "south": "33.54", "east": "-77.47", "west": "-77.51", "format": "ASCII", "sizeMB": 0.15}, "IMPACTS_AVAPS_P3B_202002202248_R1.ict": {"start": "2020-02-20T22:48:53Z", "end": "2020-02-20T22:52:59Z", "north": "33.901", "south": "33.886", "east": "-77.793", "west": "-77.815", "format": "ASCII", "sizeMB": 0.1}, "IMPACTS_AVAPS_P3B_202002202116_R1.ict": {"start": "2020-02-20T21:16:55Z", "end": "2020-02-20T21:26:05Z", "north": "33.724", "south": "33.674", "east": "-77.526", "west": "-77.62", "format": "ASCII", "sizeMB": 0.22}, "IMPACTS_AVAPS_P3B_20200220212700_R1.ict": {"start": "2020-02-20T21:27:00Z", "end": "2020-02-20T21:33:16Z", "north": "33.572", "south": "33.541", "east": "-77.473", "west": "-77.509", "format": "ASCII", "sizeMB": 0.15}, "IMPACTS_AVAPS_P3B_20200220212759_R1.ict": {"start": "2020-02-20T21:27:59Z", "end": "2020-02-20T21:34:10Z", "north": "33.64", "south": "33.609", "east": "-77.533", "west": "-77.565", "format": "ASCII", "sizeMB": 0.15}, "IMPACTS_AVAPS_P3B_20200220212759_R0.ict": {"start": "2020-02-20T21:27:59Z", "end": "2020-02-20T21:34:10Z", "north": "33.64", "south": "33.61", "east": "-77.53", "west": "-77.59", "format": "ASCII", "sizeMB": 0.15}, "IMPACTS_AVAPS_P3B_202002202115_R0.ict": {"start": "2020-02-20T21:15:24Z", "end": "2020-02-20T21:24:35Z", "north": "33.84", "south": "33.79", "east": "-77.64", "west": "-77.72", "format": "ASCII", "sizeMB": 0.22}, "IMPACTS_AVAPS_P3B_202002202116_R0.ict": {"start": "2020-02-20T21:16:54Z", "end": "2020-02-20T21:26:05Z", "north": "33.72", "south": "33.67", "east": "-77.53", "west": "-77.62", "format": "ASCII", "sizeMB": 0.22}, "IMPACTS_AVAPS_P3B_202002202115_R1.ict": {"start": "2020-02-20T21:15:24Z", "end": "2020-02-20T21:24:35Z", "north": "33.844", "south": "33.794", "east": "-77.638", "west": "-77.719", "format": "ASCII", "sizeMB": 0.22}, "IMPACTS_AVAPS_P3B_202201061646_R0.ict": {"start": "2022-01-06T16:46:12Z", "end": "2022-01-06T16:55:07Z", "north": "38.17", "south": "38.13", "east": "-74.83", "west": "-74.97", "format": "ASCII", "sizeMB": 0.22}, "IMPACTS_AVAPS_P3B_202201061705_R0.ict": {"start": "2022-01-06T17:05:09Z", "end": "2022-01-06T17:14:13Z", "north": "38.31", "south": "38.26", "east": "-74.72", "west": "-74.87", "format": "ASCII", "sizeMB": 0.22}, "IMPACTS_AVAPS_P3B_202201141957_R0.ict": {"start": "2022-01-14T19:57:13Z", "end": "2022-01-14T20:04:51Z", "north": "40.31", "south": "40.26", "east": "-72.82", "west": "-72.83", "format": "ASCII", "sizeMB": 0.18}, "IMPACTS_AVAPS_P3B_202201112146_R0.ict": {"start": "2022-01-11T21:46:50Z", "end": "2022-01-11T21:56:08Z", "north": "36.51", "south": "36.44", "east": "-73.9", "west": "-73.99", "format": "ASCII", "sizeMB": 0.22}, "IMPACTS_AVAPS_P3B_202201141957_R1.ict": {"start": "2022-01-14T19:57:13Z", "end": "2022-01-14T20:04:51Z", "north": "40.312", "south": "40.264", "east": "-72.821", "west": "-72.833", "format": "ASCII", "sizeMB": 0.19}, "IMPACTS_AVAPS_P3B_202201142034_R0.ict": {"start": "2022-01-14T20:34:42Z", "end": "2022-01-14T20:42:42Z", "north": "42.49", "south": "42.45", "east": "-69.38", "west": "-69.41", "format": "ASCII", "sizeMB": 0.19}, "IMPACTS_AVAPS_P3B_202201142029_R0.ict": {"start": "2022-01-14T20:29:27Z", "end": "2022-01-14T20:37:11Z", "north": "42.13", "south": "42.08", "east": "-69.65", "west": "-69.69", "format": "ASCII", "sizeMB": 0.19}, "IMPACTS_AVAPS_P3B_202201142029_R1.ict": {"start": "2022-01-14T20:29:29Z", "end": "2022-01-14T20:37:11Z", "north": "42.126", "south": "42.079", "east": "-69.653", "west": "-69.687", "format": "ASCII", "sizeMB": 0.19}, "IMPACTS_AVAPS_P3B_202201142034_R1.ict": {"start": "2022-01-14T20:34:42Z", "end": "2022-01-14T20:42:42Z", "north": "42.494", "south": "42.451", "east": "-69.383", "west": "-69.414", "format": "ASCII", "sizeMB": 0.19}, "IMPACTS_AVAPS_P3B_202201112147_R0.ict": {"start": "2022-01-11T21:47:49Z", "end": "2022-01-11T21:57:02Z", "north": "36.46", "south": "36.4", "east": "-73.8", "west": "-73.89", "format": "ASCII", "sizeMB": 0.22}, "IMPACTS_AVAPS_P3B_202201112158_R0.ict": {"start": "2022-01-11T21:58:26Z", "end": "2022-01-11T22:07:32Z", "north": "36.36", "south": "36.3", "east": "-73.61", "west": "-73.7", "format": "ASCII", "sizeMB": 0.22}, "IMPACTS_AVAPS_P3B_202201142039_R0.ict": {"start": "2022-01-14T20:39:50Z", "end": "2022-01-14T20:47:36Z", "north": "42.95", "south": "42.91", "east": "-69.66", "west": "-69.67", "format": "ASCII", "sizeMB": 0.19}, "IMPACTS_AVAPS_P3B_202201142044_R0.ict": {"start": "2022-01-14T20:44:46Z", "end": "2022-01-14T20:52:28Z", "north": "43.39", "south": "43.36", "east": "-69.92", "west": "-69.93", "format": "ASCII", "sizeMB": 0.18}, "IMPACTS_AVAPS_P3B_202201142039_R1.ict": {"start": "2022-01-14T20:39:50Z", "end": "2022-01-14T20:47:36Z", "north": "42.948", "south": "42.914", "east": "-69.656", "west": "-69.674", "format": "ASCII", "sizeMB": 0.19}, "IMPACTS_AVAPS_P3B_202201142118_R1.ict": {"start": "2022-01-14T21:18:01Z", "end": "2022-01-14T21:25:49Z", "north": "41.605", "south": "41.552", "east": "-69.368", "west": "-69.405", "format": "ASCII", "sizeMB": 0.19}, "IMPACTS_AVAPS_P3B_202201142118_R0.ict": {"start": "2022-01-14T21:18:01Z", "end": "2022-01-14T21:25:49Z", "north": "41.6", "south": "41.55", "east": "-69.37", "west": "-69.41", "format": "ASCII", "sizeMB": 0.19}, "IMPACTS_AVAPS_P3B_202201150005_R0.ict": {"start": "2022-01-15T00:05:46Z", "end": "2022-01-15T00:13:27Z", "north": "41.3", "south": "41.23", "east": "-69.7", "west": "-69.71", "format": "ASCII", "sizeMB": 0.18}, "IMPACTS_AVAPS_P3B_202201142044_R1.ict": {"start": "2022-01-14T20:44:46Z", "end": "2022-01-14T20:52:28Z", "north": "43.388", "south": "43.356", "east": "-69.918", "west": "-69.931", "format": "ASCII", "sizeMB": 0.19}, "IMPACTS_AVAPS_P3B_202201142133_R1.ict": {"start": "2022-01-14T21:33:06Z", "end": "2022-01-14T21:41:02Z", "north": "41.17", "south": "41.107", "east": "-69.42", "west": "-69.458", "format": "ASCII", "sizeMB": 0.19}, "IMPACTS_AVAPS_P3B_202201142131_R1.ict": {"start": "2022-01-14T21:31:08Z", "end": "2022-01-14T21:38:48Z", "north": "41.087", "south": "41.028", "east": "-69.256", "west": "-69.294", "format": "ASCII", "sizeMB": 0.19}, "IMPACTS_AVAPS_P3B_202201142131_R0.ict": {"start": "2022-01-14T21:31:08Z", "end": "2022-01-14T21:38:48Z", "north": "41.09", "south": "41.03", "east": "-69.26", "west": "-69.29", "format": "ASCII", "sizeMB": 0.18}, "IMPACTS_AVAPS_P3B_202201142133_R0.ict": {"start": "2022-01-14T21:33:06Z", "end": "2022-01-14T21:41:02Z", "north": "41.17", "south": "41.11", "east": "-69.42", "west": "-69.46", "format": "ASCII", "sizeMB": 0.19}, "IMPACTS_AVAPS_P3B_202201150005_R1.ict": {"start": "2022-01-15T00:05:46Z", "end": "2022-01-15T00:13:27Z", "north": "41.303", "south": "41.226", "east": "-69.696", "west": "-69.706", "format": "ASCII", "sizeMB": 0.18}, "IMPACTS_AVAPS_P3B_202201150010_R0.ict": {"start": "2022-01-15T00:10:44Z", "end": "2022-01-15T00:18:28Z", "north": "41.11", "south": "41.03", "east": "-69.29", "west": "-69.3", "format": "ASCII", "sizeMB": 0.18}, "IMPACTS_AVAPS_P3B_202201150010_R1.ict": {"start": "2022-01-15T00:10:44Z", "end": "2022-01-15T00:18:28Z", "north": "41.106", "south": "41.027", "east": "-69.289", "west": "-69.299", "format": "ASCII", "sizeMB": 0.19}, "IMPACTS_AVAPS_P3B_202201292055_R0.ict": {"start": "2022-01-29T20:55:08Z", "end": "2022-01-29T21:02:47Z", "north": "41.98", "south": "41.94", "east": "-69.71", "west": "-69.73", "format": "ASCII", "sizeMB": 0.18}, "IMPACTS_AVAPS_P3B_202201292055_R1.ict": {"start": "2022-01-29T20:55:08Z", "end": "2022-01-29T21:02:47Z", "north": "41.98", "south": "41.943", "east": "-69.71", "west": "-69.729", "format": "ASCII", "sizeMB": 0.19}, "IMPACTS_AVAPS_P3B_202201292059_R0.ict": {"start": "2022-01-29T20:59:43Z", "end": "2022-01-29T21:07:36Z", "north": "41.99", "south": "41.96", "east": "-69.19", "west": "-69.21", "format": "ASCII", "sizeMB": 0.19}, "IMPACTS_AVAPS_P3B_202201150020_R0.ict": {"start": "2022-01-15T00:20:30Z", "end": "2022-01-15T00:28:34Z", "north": "41.01", "south": "40.94", "east": "-69.92", "west": "-69.94", "format": "ASCII", "sizeMB": 0.19}, "IMPACTS_AVAPS_P3B_202201150020_R1.ict": {"start": "2022-01-15T00:20:30Z", "end": "2022-01-15T00:28:34Z", "north": "41.014", "south": "40.937", "east": "-69.921", "west": "-69.935", "format": "ASCII", "sizeMB": 0.2}, "IMPACTS_AVAPS_P3B_202201150025_R1.ict": {"start": "2022-01-15T00:25:35Z", "end": "2022-01-15T00:33:50Z", "north": "40.995", "south": "40.927", "east": "-70.498", "west": "-70.519", "format": "ASCII", "sizeMB": 0.2}, "IMPACTS_AVAPS_P3B_202201150025_R0.ict": {"start": "2022-01-15T00:25:35Z", "end": "2022-01-15T00:33:50Z", "north": "41.0", "south": "40.93", "east": "-70.5", "west": "-70.52", "format": "ASCII", "sizeMB": 0.2}, "IMPACTS_AVAPS_P3B_202201292057_R0.ict": {"start": "2022-01-29T20:57:23Z", "end": "2022-01-29T21:05:26Z", "north": "41.98", "south": "41.94", "east": "-69.46", "west": "-69.48", "format": "ASCII", "sizeMB": 0.19}, "IMPACTS_AVAPS_P3B_202201292057_R1.ict": {"start": "2022-01-29T20:57:23Z", "end": "2022-01-29T21:05:26Z", "north": "41.982", "south": "41.943", "east": "-69.46", "west": "-69.479", "format": "ASCII", "sizeMB": 0.2}, "IMPACTS_AVAPS_P3B_202201292059_R1.ict": {"start": "2022-01-29T20:59:47Z", "end": "2022-01-29T21:07:36Z", "north": "41.991", "south": "41.956", "east": "-69.19", "west": "-69.209", "format": "ASCII", "sizeMB": 0.19}, "IMPACTS_AVAPS_P3B_202201292207_R1.ict": {"start": "2022-01-29T22:07:46Z", "end": "2022-01-29T22:15:47Z", "north": "41.979", "south": "41.94", "east": "-69.181", "west": "-69.206", "format": "ASCII", "sizeMB": 0.2}, "IMPACTS_AVAPS_P3B_202201292248_R0.ict": {"start": "2022-01-29T22:48:17Z", "end": "2022-01-29T22:55:58Z", "north": "42.98", "south": "42.93", "east": "-70.22", "west": "-70.24", "format": "ASCII", "sizeMB": 0.18}, "IMPACTS_AVAPS_P3B_202201292212_R1.ict": {"start": "2022-01-29T22:12:15Z", "end": "2022-01-29T22:19:55Z", "north": "41.976", "south": "41.94", "east": "-69.637", "west": "-69.656", "format": "ASCII", "sizeMB": 0.19}, "IMPACTS_AVAPS_P3B_202201292207_R0.ict": {"start": "2022-01-29T22:07:46Z", "end": "2022-01-29T22:15:47Z", "north": "41.98", "south": "41.94", "east": "-69.18", "west": "-69.21", "format": "ASCII", "sizeMB": 0.19}, "IMPACTS_AVAPS_P3B_202201292250_R1.ict": {"start": "2022-01-29T22:50:32Z", "end": "2022-01-29T22:58:25Z", "north": "42.984", "south": "42.946", "east": "-69.985", "west": "-70.005", "format": "ASCII", "sizeMB": 0.19}, "IMPACTS_AVAPS_P3B_202201292209_R1.ict": {"start": "2022-01-29T22:10:03Z", "end": "2022-01-29T22:17:21Z", "north": "41.977", "south": "41.943", "east": "-69.404", "west": "-69.426", "format": "ASCII", "sizeMB": 0.18}, "IMPACTS_AVAPS_P3B_202201292209_R0.ict": {"start": "2022-01-29T22:10:03Z", "end": "2022-01-29T22:17:21Z", "north": "41.98", "south": "41.94", "east": "-69.4", "west": "-69.43", "format": "ASCII", "sizeMB": 0.18}, "IMPACTS_AVAPS_P3B_202201292250_R0.ict": {"start": "2022-01-29T22:50:32Z", "end": "2022-01-29T22:58:25Z", "north": "42.98", "south": "42.95", "east": "-69.98", "west": "-70.01", "format": "ASCII", "sizeMB": 0.19}, "IMPACTS_AVAPS_P3B_202201292212_R0.ict": {"start": "2022-01-29T22:12:15Z", "end": "2022-01-29T22:19:55Z", "north": "41.98", "south": "41.94", "east": "-69.64", "west": "-69.66", "format": "ASCII", "sizeMB": 0.19}, "IMPACTS_AVAPS_P3B_202201292248_R1.ict": {"start": "2022-01-29T22:48:17Z", "end": "2022-01-29T22:55:58Z", "north": "42.983", "south": "42.934", "east": "-70.22", "west": "-70.238", "format": "ASCII", "sizeMB": 0.19}, "IMPACTS_AVAPS_P3B_202201292252_R0.ict": {"start": "2022-01-29T22:52:40Z", "end": "2022-01-29T23:00:52Z", "north": "42.99", "south": "42.96", "east": "-69.77", "west": "-69.78", "format": "ASCII", "sizeMB": 0.2}, "IMPACTS_AVAPS_P3B_202202041339_R1.ict": {"start": "2022-02-04T13:39:21Z", "end": "2022-02-04T13:47:24Z", "north": "40.335", "south": "40.254", "east": "-72.988", "west": "-73.132", "format": "ASCII", "sizeMB": 0.2}, "IMPACTS_AVAPS_P3B_202201292257_R1.ict": {"start": "2022-01-29T22:57:31Z", "end": "2022-01-29T23:01:10Z", "north": "42.984", "south": "42.968", "east": "-69.278", "west": "-69.288", "format": "ASCII", "sizeMB": 0.09}, "IMPACTS_AVAPS_P3B_202202041523_R1.ict": {"start": "2022-02-04T15:24:00Z", "end": "2022-02-04T15:30:11Z", "north": "42.502", "south": "42.45", "east": "-70.114", "west": "-70.215", "format": "ASCII", "sizeMB": 0.15}, "IMPACTS_AVAPS_P3B_202202041523_R0.ict": {"start": "2022-02-04T15:24:00Z", "end": "2022-02-04T15:30:11Z", "north": "42.5", "south": "42.45", "east": "-70.11", "west": "-70.21", "format": "ASCII", "sizeMB": 0.15}, "IMPACTS_AVAPS_P3B_202201292254_R1.ict": {"start": "2022-01-29T22:54:45Z", "end": "2022-01-29T23:02:32Z", "north": "42.997", "south": "42.964", "east": "-69.549", "west": "-69.567", "format": "ASCII", "sizeMB": 0.19}, "IMPACTS_AVAPS_P3B_202201292252_R1.ict": {"start": "2022-01-29T22:52:41Z", "end": "2022-01-29T23:00:52Z", "north": "42.992", "south": "42.958", "east": "-69.766", "west": "-69.78", "format": "ASCII", "sizeMB": 0.2}, "IMPACTS_AVAPS_P3B_202201292254_R0.ict": {"start": "2022-01-29T22:54:43Z", "end": "2022-01-29T23:02:32Z", "north": "43.0", "south": "42.96", "east": "-69.55", "west": "-69.57", "format": "ASCII", "sizeMB": 0.19}, "IMPACTS_AVAPS_P3B_202202081242_R1.ict": {"start": "2022-02-08T12:42:26Z", "end": "2022-02-08T12:51:24Z", "north": "39.375", "south": "39.325", "east": "-73.322", "west": "-73.458", "format": "ASCII", "sizeMB": 0.22}, "IMPACTS_AVAPS_P3B_202202081242_R0.ict": {"start": "2022-02-08T12:42:26Z", "end": "2022-02-08T12:51:24Z", "north": "39.37", "south": "39.32", "east": "-73.32", "west": "-73.46", "format": "ASCII", "sizeMB": 0.21}, "IMPACTS_AVAPS_P3B_202202041339_R0.ict": {"start": "2022-02-04T13:39:21Z", "end": "2022-02-04T13:47:24Z", "north": "40.33", "south": "40.25", "east": "-72.99", "west": "-73.13", "format": "ASCII", "sizeMB": 0.19}, "IMPACTS_AVAPS_P3B_202202081420_R0.ict": {"start": "2022-02-08T14:20:48Z", "end": "2022-02-08T14:25:29Z", "north": "43.27", "south": "43.24", "east": "-65.44", "west": "-65.47", "format": "ASCII", "sizeMB": 0.11}, "IMPACTS_AVAPS_P3B_202202081429_R0.ict": {"start": "2022-02-08T14:29:42Z", "end": "2022-02-08T14:34:22Z", "north": "42.8", "south": "42.78", "east": "-65.88", "west": "-65.9", "format": "ASCII", "sizeMB": 0.11}, "IMPACTS_AVAPS_P3B_202202081438_R1.ict": {"start": "2022-02-08T14:38:55Z", "end": "2022-02-08T14:43:35Z", "north": "42.282", "south": "42.269", "east": "-66.365", "west": "-66.381", "format": "ASCII", "sizeMB": 0.11}, "IMPACTS_AVAPS_P3B_202202081448_R0.ict": {"start": "2022-02-08T14:48:17Z", "end": "2022-02-08T14:52:58Z", "north": "41.79", "south": "41.78", "east": "-66.78", "west": "-66.8", "format": "ASCII", "sizeMB": 0.11}, "IMPACTS_AVAPS_P3B_202202081420_R1.ict": {"start": "2022-02-08T14:20:48Z", "end": "2022-02-08T14:25:29Z", "north": "43.274", "south": "43.244", "east": "-65.44", "west": "-65.468", "format": "ASCII", "sizeMB": 0.12}, "IMPACTS_AVAPS_P3B_202202081448_R1.ict": {"start": "2022-02-08T14:48:17Z", "end": "2022-02-08T14:52:58Z", "north": "41.786", "south": "41.775", "east": "-66.779", "west": "-66.804", "format": "ASCII", "sizeMB": 0.11}, "IMPACTS_AVAPS_P3B_202202081429_R1.ict": {"start": "2022-02-08T14:29:42Z", "end": "2022-02-08T14:34:22Z", "north": "42.799", "south": "42.782", "east": "-65.879", "west": "-65.896", "format": "ASCII", "sizeMB": 0.11}, "IMPACTS_AVAPS_P3B_202202081456_R0.ict": {"start": "2022-02-08T14:55:59Z", "end": "2022-02-08T15:01:48Z", "north": "42.21", "south": "42.2", "east": "-67.09", "west": "-67.13", "format": "ASCII", "sizeMB": 0.14}, "IMPACTS_AVAPS_P3B_202202081438_R0.ict": {"start": "2022-02-08T14:38:55Z", "end": "2022-02-08T14:43:35Z", "north": "42.28", "south": "42.27", "east": "-66.37", "west": "-66.38", "format": "ASCII", "sizeMB": 0.11}, "IMPACTS_AVAPS_P3B_202202081456_R1.ict": {"start": "2022-02-08T14:55:59Z", "end": "2022-02-08T15:01:48Z", "north": "42.212", "south": "42.201", "east": "-67.093", "west": "-67.13", "format": "ASCII", "sizeMB": 0.14}, "IMPACTS_AVAPS_P3B_202202081501_R0.ict": {"start": "2022-02-08T15:01:27Z", "end": "2022-02-08T15:07:27Z", "north": "42.58", "south": "42.57", "east": "-67.21", "west": "-67.23", "format": "ASCII", "sizeMB": 0.14}, "IMPACTS_AVAPS_P3B_202202081506_R1.ict": {"start": "2022-02-08T15:06:37Z", "end": "2022-02-08T15:12:47Z", "north": "42.963", "south": "42.958", "east": "-67.099", "west": "-67.115", "format": "ASCII", "sizeMB": 0.15}, "IMPACTS_AVAPS_P3B_202202081506_R0.ict": {"start": "2022-02-08T15:06:37Z", "end": "2022-02-08T15:12:47Z", "north": "42.96", "south": "42.96", "east": "-67.1", "west": "-67.12", "format": "ASCII", "sizeMB": 0.15}, "IMPACTS_AVAPS_P3B_202202081501_R1.ict": {"start": "2022-02-08T15:01:27Z", "end": "2022-02-08T15:07:27Z", "north": "42.576", "south": "42.569", "east": "-67.205", "west": "-67.23", "format": "ASCII", "sizeMB": 0.14}, "IMPACTS_AVAPS_P3B_202202081511_R0.ict": {"start": "2022-02-08T15:11:55Z", "end": "2022-02-08T15:17:40Z", "north": "43.36", "south": "43.35", "east": "-66.99", "west": "-67.0", "format": "ASCII", "sizeMB": 0.14}, "IMPACTS_AVAPS_P3B_202202081522_R0.ict": {"start": "2022-02-08T15:22:40Z", "end": "2022-02-08T15:28:29Z", "north": "44.17", "south": "44.15", "east": "-66.75", "west": "-66.79", "format": "ASCII", "sizeMB": 0.14}, "IMPACTS_AVAPS_P3B_202202081522_R1.ict": {"start": "2022-02-08T15:22:41Z", "end": "2022-02-08T15:28:29Z", "north": "44.168", "south": "44.151", "east": "-66.75", "west": "-66.787", "format": "ASCII", "sizeMB": 0.14}, "IMPACTS_AVAPS_P3B_202202081517_R1.ict": {"start": "2022-02-08T15:17:07Z", "end": "2022-02-08T15:23:02Z", "north": "43.757", "south": "43.744", "east": "-66.878", "west": "-66.898", "format": "ASCII", "sizeMB": 0.14}, "IMPACTS_AVAPS_P3B_202202081511_R1.ict": {"start": "2022-02-08T15:11:55Z", "end": "2022-02-08T15:17:40Z", "north": "43.356", "south": "43.354", "east": "-66.99", "west": "-66.998", "format": "ASCII", "sizeMB": 0.14}, "IMPACTS_AVAPS_P3B_202202081517_R0.ict": {"start": "2022-02-08T15:17:07Z", "end": "2022-02-08T15:23:02Z", "north": "43.76", "south": "43.74", "east": "-66.88", "west": "-66.9", "format": "ASCII", "sizeMB": 0.14}, "IMPACTS_AVAPS_P3B_202202131336_R0.ict": {"start": "2022-02-13T13:36:57Z", "end": "2022-02-13T13:44:11Z", "north": "41.21", "south": "41.17", "east": "-71.05", "west": "-71.14", "format": "ASCII", "sizeMB": 0.17}, "IMPACTS_AVAPS_P3B_202202131336_R1.ict": {"start": "2022-02-13T13:36:57Z", "end": "2022-02-13T13:44:11Z", "north": "41.212", "south": "41.169", "east": "-71.05", "west": "-71.141", "format": "ASCII", "sizeMB": 0.18}, "IMPACTS_AVAPS_P3B_202202251539_R0.ict": {"start": "2022-02-25T15:39:45Z", "end": "2022-02-25T15:48:12Z", "north": "39.85", "south": "39.81", "east": "-73.28", "west": "-73.49", "format": "ASCII", "sizeMB": 0.2}, "IMPACTS_AVAPS_P3B_202202251539_R1.ict": {"start": "2022-02-25T15:39:45Z", "end": "2022-02-25T15:48:12Z", "north": "39.854", "south": "39.807", "east": "-73.284", "west": "-73.493", "format": "ASCII", "sizeMB": 0.21}, "IMPACTS_AVAPS_P3B_202202251544_R1.ict": {"start": "2022-02-25T15:44:31Z", "end": "2022-02-25T15:53:13Z", "north": "40.207", "south": "40.162", "east": "-72.916", "west": "-73.124", "format": "ASCII", "sizeMB": 0.21}, "IMPACTS_AVAPS_P3B_202202131407_R1.ict": {"start": "2022-02-13T14:07:52Z", "end": "2022-02-13T14:15:09Z", "north": "40.197", "south": "40.153", "east": "-72.479", "west": "-72.559", "format": "ASCII", "sizeMB": 0.18}, "IMPACTS_AVAPS_P3B_202202131433_R0.ict": {"start": "2022-02-13T14:33:53Z", "end": "2022-02-13T14:42:21Z", "north": "39.28", "south": "39.22", "east": "-73.72", "west": "-73.82", "format": "ASCII", "sizeMB": 0.2}, "IMPACTS_AVAPS_P3B_202202131407_R0.ict": {"start": "2022-02-13T14:07:52Z", "end": "2022-02-13T14:15:09Z", "north": "40.2", "south": "40.15", "east": "-72.48", "west": "-72.56", "format": "ASCII", "sizeMB": 0.17}, "IMPACTS_AVAPS_P3B_202202251544_R0.ict": {"start": "2022-02-25T15:44:31Z", "end": "2022-02-25T15:53:13Z", "north": "40.21", "south": "40.16", "east": "-72.92", "west": "-73.12", "format": "ASCII", "sizeMB": 0.21}, "IMPACTS_AVAPS_P3B_202202131433_R1.ict": {"start": "2022-02-13T14:33:53Z", "end": "2022-02-13T14:42:21Z", "north": "39.281", "south": "39.222", "east": "-73.717", "west": "-73.817", "format": "ASCII", "sizeMB": 0.21}, "IMPACTS_AVAPS_P3B_202202251546_R0.ict": {"start": "2022-02-25T15:46:17Z", "end": "2022-02-25T15:54:56Z", "north": "40.38", "south": "40.33", "east": "-72.93", "west": "-73.13", "format": "ASCII", "sizeMB": 0.21}, "IMPACTS_AVAPS_P3B_202202251546_R1.ict": {"start": "2022-02-25T15:46:17Z", "end": "2022-02-25T15:54:56Z", "north": "40.377", "south": "40.333", "east": "-72.927", "west": "-73.125", "format": "ASCII", "sizeMB": 0.21}, "IMPACTS_AVAPS_P3B_202202251822_R1.ict": {"start": "2022-02-25T18:22:26Z", "end": "2022-02-25T18:30:29Z", "north": "40.491", "south": "40.452", "east": "-72.9", "west": "-73.128", "format": "ASCII", "sizeMB": 0.2}, "IMPACTS_AVAPS_P3B_202202251827_R1.ict": {"start": "2022-02-25T18:27:16Z", "end": "2022-02-25T18:35:32Z", "north": "40.17", "south": "40.127", "east": "-72.882", "west": "-73.124", "format": "ASCII", "sizeMB": 0.2}, "IMPACTS_AVAPS_P3B_202202251827_R0.ict": {"start": "2022-02-25T18:27:16Z", "end": "2022-02-25T18:35:32Z", "north": "40.17", "south": "40.13", "east": "-72.88", "west": "-73.12", "format": "ASCII", "sizeMB": 0.2}, "IMPACTS_AVAPS_P3B_202202251547_R0.ict": {"start": "2022-02-25T15:47:15Z", "end": "2022-02-25T15:55:50Z", "north": "40.47", "south": "40.43", "east": "-72.93", "west": "-73.13", "format": "ASCII", "sizeMB": 0.21}, "IMPACTS_AVAPS_P3B_202202251832_R1.ict": {"start": "2022-02-25T18:32:54Z", "end": "2022-02-25T18:41:30Z", "north": "39.937", "south": "39.892", "east": "-73.08", "west": "-73.333", "format": "ASCII", "sizeMB": 0.21}, "IMPACTS_AVAPS_P3B_202202251822_R0.ict": {"start": "2022-02-25T18:22:26Z", "end": "2022-02-25T18:30:29Z", "north": "40.49", "south": "40.45", "east": "-72.9", "west": "-73.13", "format": "ASCII", "sizeMB": 0.19}, "IMPACTS_AVAPS_P3B_202202251547_R1.ict": {"start": "2022-02-25T15:47:15Z", "end": "2022-02-25T15:55:50Z", "north": "40.474", "south": "40.43", "east": "-72.93", "west": "-73.127", "format": "ASCII", "sizeMB": 0.21}, "IMPACTS_AVAPS_P3B_202202251832_R0.ict": {"start": "2022-02-25T18:32:54Z", "end": "2022-02-25T18:41:30Z", "north": "39.94", "south": "39.89", "east": "-73.08", "west": "-73.33", "format": "ASCII", "sizeMB": 0.21}, "IMPACTS_AVAPS_P3B_202202251835_R0.ict": {"start": "2022-02-25T18:35:18Z", "end": "2022-02-25T18:43:40Z", "north": "39.86", "south": "39.82", "east": "-73.22", "west": "-73.46", "format": "ASCII", "sizeMB": 0.2}, "IMPACTS_AVAPS_P3B_202202251835_R1.ict": {"start": "2022-02-25T18:35:18Z", "end": "2022-02-25T18:43:40Z", "north": "39.864", "south": "39.823", "east": "-73.223", "west": "-73.463", "format": "ASCII", "sizeMB": 0.2}, "IMPACTS_AVAPS_P3B_202301151459_R1.ict": {"start": "2023-01-15T14:59:11Z", "end": "2023-01-15T15:07:18Z", "north": "39.529", "south": "39.458", "east": "-72.199", "west": "-72.228", "format": "ASCII", "sizeMB": 0.2}, "IMPACTS_AVAPS_P3B_202301151505_R1.ict": {"start": "2023-01-15T15:05:10Z", "end": "2023-01-15T15:12:50Z", "north": "39.189", "south": "39.121", "east": "-71.786", "west": "-71.81", "format": "ASCII", "sizeMB": 0.19}, "IMPACTS_AVAPS_P3B_202301151529_R1.ict": {"start": "2023-01-15T15:29:10Z", "end": "2023-01-15T15:36:58Z", "north": "37.76", "south": "37.701", "east": "-70.31", "west": "-70.315", "format": "ASCII", "sizeMB": 0.19}, "IMPACTS_AVAPS_P3B_202301151453_R1.ict": {"start": "2023-01-15T14:53:07Z", "end": "2023-01-15T15:01:29Z", "north": "39.876", "south": "39.812", "east": "-72.627", "west": "-72.658", "format": "ASCII", "sizeMB": 0.21}, "IMPACTS_AVAPS_P3B_202301151535_R1.ict": {"start": "2023-01-15T15:35:11Z", "end": "2023-01-15T15:42:48Z", "north": "37.298", "south": "37.227", "east": "-70.182", "west": "-70.203", "format": "ASCII", "sizeMB": 0.19}, "IMPACTS_AVAPS_P3B_202301151523_R1.ict": {"start": "2023-01-15T15:23:09Z", "end": "2023-01-15T15:31:26Z", "north": "38.144", "south": "38.091", "east": "-70.565", "west": "-70.573", "format": "ASCII", "sizeMB": 0.2}, "IMPACTS_AVAPS_P3B_202301151511_R1.ict": {"start": "2023-01-15T15:11:10Z", "end": "2023-01-15T15:19:32Z", "north": "38.851", "south": "38.794", "east": "-71.381", "west": "-71.397", "format": "ASCII", "sizeMB": 0.2}, "IMPACTS_AVAPS_P3B_202301151517_R1.ict": {"start": "2023-01-15T15:17:09Z", "end": "2023-01-15T15:25:15Z", "north": "38.498", "south": "38.451", "east": "-70.962", "west": "-70.971", "format": "ASCII", "sizeMB": 0.2}, "IMPACTS_AVAPS_P3B_202301151547_R1.ict": {"start": "2023-01-15T15:47:45Z", "end": "2023-01-15T15:55:29Z", "north": "36.416", "south": "36.37", "east": "-70.063", "west": "-70.122", "format": "ASCII", "sizeMB": 0.19}, "IMPACTS_AVAPS_P3B_202301151541_R1.ict": {"start": "2023-01-15T15:41:09Z", "end": "2023-01-15T15:49:32Z", "north": "36.813", "south": "36.749", "east": "-70.032", "west": "-70.09", "format": "ASCII", "sizeMB": 0.21}, "IMPACTS_AVAPS_P3B_202301151607_R1.ict": {"start": "2023-01-15T16:07:28Z", "end": "2023-01-15T16:10:05Z", "north": "37.05", "south": "37.032", "east": "-69.936", "west": "-69.945", "format": "ASCII", "sizeMB": 0.07}, "IMPACTS_AVAPS_P3B_202301151601_R1.ict": {"start": "2023-01-15T16:01:27Z", "end": "2023-01-15T16:09:21Z", "north": "37.135", "south": "37.078", "east": "-70.544", "west": "-70.574", "format": "ASCII", "sizeMB": 0.2}, "IMPACTS_AVAPS_P3B_202301151646_R1.ict": {"start": "2023-01-15T16:46:00Z", "end": "2023-01-15T16:52:38Z", "north": "37.453", "south": "37.387", "east": "-68.555", "west": "-68.582", "format": "ASCII", "sizeMB": 0.16}, "IMPACTS_AVAPS_P3B_202301151553_R1.ict": {"start": "2023-01-15T15:53:52Z", "end": "2023-01-15T16:01:14Z", "north": "36.846", "south": "36.788", "east": "-70.355", "west": "-70.397", "format": "ASCII", "sizeMB": 0.18}, "IMPACTS_AVAPS_P3B_202301151639_R1.ict": {"start": "2023-01-15T16:39:58Z", "end": "2023-01-15T16:47:10Z", "north": "37.743", "south": "37.67", "east": "-68.06", "west": "-68.096", "format": "ASCII", "sizeMB": 0.18}, "IMPACTS_AVAPS_P3B_202301151625_R1.ict": {"start": "2023-01-15T16:25:22Z", "end": "2023-01-15T16:33:32Z", "north": "36.868", "south": "36.793", "east": "-67.972", "west": "-68.009", "format": "ASCII", "sizeMB": 0.2}, "IMPACTS_AVAPS_P3B_202301151658_R1.ict": {"start": "2023-01-15T16:58:01Z", "end": "2023-01-15T17:04:51Z", "north": "36.819", "south": "36.77", "east": "-69.451", "west": "-69.525", "format": "ASCII", "sizeMB": 0.17}, "IMPACTS_AVAPS_P3B_202301151652_R1.ict": {"start": "2023-01-15T16:52:00Z", "end": "2023-01-15T16:58:48Z", "north": "37.097", "south": "37.09", "east": "-69.009", "west": "-69.056", "format": "ASCII", "sizeMB": 0.16}, "IMPACTS_AVAPS_P3B_202301151619_R1.ict": {"start": "2023-01-15T16:19:25Z", "end": "2023-01-15T16:27:23Z", "north": "36.945", "south": "36.875", "east": "-68.556", "west": "-68.627", "format": "ASCII", "sizeMB": 0.2}, "IMPACTS_AVAPS_P3B_202301151613_R1.ict": {"start": "2023-01-15T16:13:29Z", "end": "2023-01-15T16:21:07Z", "north": "36.96", "south": "36.929", "east": "-69.203", "west": "-69.281", "format": "ASCII", "sizeMB": 0.19}, "IMPACTS_AVAPS_P3B_202301151704_R1.ict": {"start": "2023-01-15T17:04:00Z", "end": "2023-01-15T17:08:53Z", "north": "36.536", "south": "36.506", "east": "-69.954", "west": "-70.001", "format": "ASCII", "sizeMB": 0.12}, "IMPACTS_AVAPS_P3B_202301151735_R1.ict": {"start": "2023-01-15T17:35:03Z", "end": "2023-01-15T17:41:09Z", "north": "37.559", "south": "37.492", "east": "-68.372", "west": "-68.404", "format": "ASCII", "sizeMB": 0.15}, "IMPACTS_AVAPS_P3B_202301151755_R1.ict": {"start": "2023-01-15T17:55:56Z", "end": "2023-01-15T18:00:21Z", "north": "37.172", "south": "37.154", "east": "-68.888", "west": "-68.927", "format": "ASCII", "sizeMB": 0.11}, "IMPACTS_AVAPS_P3B_202301151802_R1.ict": {"start": "2023-01-15T18:02:00Z", "end": "2023-01-15T18:06:57Z", "north": "36.888", "south": "36.853", "east": "-69.34", "west": "-69.409", "format": "ASCII", "sizeMB": 0.12}, "IMPACTS_AVAPS_P3B_202301151749_R1.ict": {"start": "2023-01-15T17:49:58Z", "end": "2023-01-15T17:54:36Z", "north": "37.482", "south": "37.429", "east": "-68.482", "west": "-68.509", "format": "ASCII", "sizeMB": 0.12}, "IMPACTS_AVAPS_P3B_202301151711_R1.ict": {"start": "2023-01-15T17:11:00Z", "end": "2023-01-15T17:16:59Z", "north": "36.377", "south": "36.344", "east": "-70.208", "west": "-70.256", "format": "ASCII", "sizeMB": 0.15}, "IMPACTS_AVAPS_P3B_202301151743_R1.ict": {"start": "2023-01-15T17:44:01Z", "end": "2023-01-15T17:48:35Z", "north": "37.734", "south": "37.685", "east": "-68.037", "west": "-68.057", "format": "ASCII", "sizeMB": 0.12}, "IMPACTS_AVAPS_P3B_202301151717_R1.ict": {"start": "2023-01-15T17:17:03Z", "end": "2023-01-15T17:23:03Z", "north": "36.665", "south": "36.623", "east": "-69.719", "west": "-69.782", "format": "ASCII", "sizeMB": 0.15}, "IMPACTS_AVAPS_P3B_202301151729_R1.ict": {"start": "2023-01-15T17:29:00Z", "end": "2023-01-15T17:35:04Z", "north": "37.216", "south": "37.202", "east": "-68.858", "west": "-68.874", "format": "ASCII", "sizeMB": 0.15}, "IMPACTS_AVAPS_P3B_202301151723_R1.ict": {"start": "2023-01-15T17:23:02Z", "end": "2023-01-15T17:29:11Z", "north": "36.926", "south": "36.881", "east": "-69.27", "west": "-69.343", "format": "ASCII", "sizeMB": 0.15}, "IMPACTS_AVAPS_P3B_202301151807_R1.ict": {"start": "2023-01-15T18:08:00Z", "end": "2023-01-15T18:12:41Z", "north": "36.617", "south": "36.588", "east": "-69.813", "west": "-69.86", "format": "ASCII", "sizeMB": 0.12}, "IMPACTS_AVAPS_P3B_202301151901_R1.ict": {"start": "2023-01-15T19:01:10Z", "end": "2023-01-15T19:06:41Z", "north": "37.068", "south": "37.038", "east": "-68.379", "west": "-68.47", "format": "ASCII", "sizeMB": 0.14}, "IMPACTS_AVAPS_P3B_202301151913_R1.ict": {"start": "2023-01-15T19:13:13Z", "end": "2023-01-15T19:19:01Z", "north": "36.856", "south": "36.821", "east": "-69.392", "west": "-69.461", "format": "ASCII", "sizeMB": 0.15}, "IMPACTS_AVAPS_P3B_202301151840_R1.ict": {"start": "2023-01-15T18:40:18Z", "end": "2023-01-15T18:45:06Z", "north": "37.345", "south": "37.282", "east": "-68.198", "west": "-68.205", "format": "ASCII", "sizeMB": 0.12}, "IMPACTS_AVAPS_P3B_202301151848_R1.ict": {"start": "2023-01-15T18:48:35Z", "end": "2023-01-15T18:54:15Z", "north": "37.796", "south": "37.739", "east": "-67.958", "west": "-67.996", "format": "ASCII", "sizeMB": 0.14}, "IMPACTS_AVAPS_P3B_202301151829_R1.ict": {"start": "2023-01-15T18:29:11Z", "end": "2023-01-15T18:33:48Z", "north": "36.997", "south": "36.96", "east": "-69.164", "west": "-69.225", "format": "ASCII", "sizeMB": 0.12}, "IMPACTS_AVAPS_P3B_202301151919_R1.ict": {"start": "2023-01-15T19:19:08Z", "end": "2023-01-15T19:22:18Z", "north": "36.59", "south": "36.571", "east": "-69.881", "west": "-69.91", "format": "ASCII", "sizeMB": 0.08}, "IMPACTS_AVAPS_P3B_202301151817_R1.ict": {"start": "2023-01-15T18:17:07Z", "end": "2023-01-15T18:22:01Z", "north": "36.42", "south": "36.392", "east": "-70.146", "west": "-70.187", "format": "ASCII", "sizeMB": 0.12}, "IMPACTS_AVAPS_P3B_202301151823_R1.ict": {"start": "2023-01-15T18:23:10Z", "end": "2023-01-15T18:27:43Z", "north": "36.715", "south": "36.684", "east": "-69.652", "west": "-69.699", "format": "ASCII", "sizeMB": 0.11}, "IMPACTS_AVAPS_P3B_202301151907_R1.ict": {"start": "2023-01-15T19:07:12Z", "end": "2023-01-15T19:13:00Z", "north": "37.048", "south": "37.014", "east": "-68.89", "west": "-68.976", "format": "ASCII", "sizeMB": 0.14}, "IMPACTS_AVAPS_P3B_202301151854_R1.ict": {"start": "2023-01-15T18:54:41Z", "end": "2023-01-15T19:00:18Z", "north": "37.448", "south": "37.377", "east": "-68.212", "west": "-68.225", "format": "ASCII", "sizeMB": 0.14}, "IMPACTS_AVAPS_P3B_202301151934_R1.ict": {"start": "2023-01-15T19:34:11Z", "end": "2023-01-15T19:42:10Z", "north": "36.983", "south": "36.923", "east": "-70.982", "west": "-71.024", "format": "ASCII", "sizeMB": 0.2}, "IMPACTS_AVAPS_P3B_202301231241_R1.ict": {"start": "2023-01-23T12:41:39Z", "end": "2023-01-23T12:49:30Z", "north": "40.948", "south": "40.877", "east": "-69.632", "west": "-69.769", "format": "ASCII", "sizeMB": 0.19}, "IMPACTS_AVAPS_P3B_202301231248_R1.ict": {"start": "2023-01-23T12:48:32Z", "end": "2023-01-23T12:56:34Z", "north": "41.539", "south": "41.468", "east": "-69.375", "west": "-69.506", "format": "ASCII", "sizeMB": 0.2}, "IMPACTS_AVAPS_P3B_202301231224_R1.ict": {"start": "2023-01-23T12:24:09Z", "end": "2023-01-23T12:32:23Z", "north": "40.396", "south": "40.33", "east": "-72.034", "west": "-72.168", "format": "ASCII", "sizeMB": 0.2}, "IMPACTS_AVAPS_P3B_202301231233_R1.ict": {"start": "2023-01-23T12:33:12Z", "end": "2023-01-23T12:41:20Z", "north": "40.681", "south": "40.619", "east": "-70.795", "west": "-70.932", "format": "ASCII", "sizeMB": 0.2}, "IMPACTS_AVAPS_P3B_202301231301_R1.ict": {"start": "2023-01-23T13:01:12Z", "end": "2023-01-23T13:09:20Z", "north": "42.743", "south": "42.682", "east": "-69.239", "west": "-69.339", "format": "ASCII", "sizeMB": 0.2}, "IMPACTS_AVAPS_P3B_202301231215_R1.ict": {"start": "2023-01-23T12:15:05Z", "end": "2023-01-23T12:22:56Z", "north": "40.101", "south": "40.029", "east": "-73.274", "west": "-73.391", "format": "ASCII", "sizeMB": 0.19}, "IMPACTS_AVAPS_P3B_202301231311_R1.ict": {"start": "2023-01-23T13:11:52Z", "end": "2023-01-23T13:19:58Z", "north": "43.739", "south": "43.695", "east": "-69.126", "west": "-69.194", "format": "ASCII", "sizeMB": 0.2}, "IMPACTS_AVAPS_P3B_202301231254_R1.ict": {"start": "2023-01-23T12:54:52Z", "end": "2023-01-23T13:03:16Z", "north": "42.16", "south": "42.094", "east": "-69.3", "west": "-69.421", "format": "ASCII", "sizeMB": 0.2}, "IMPACTS_AVAPS_P3B_202301231307_R1.ict": {"start": "2023-01-23T13:07:32Z", "end": "2023-01-23T13:15:32Z", "north": "43.348", "south": "43.298", "east": "-69.171", "west": "-69.252", "format": "ASCII", "sizeMB": 0.2}, "IMPACTS_AVAPS_P3B_202301231622_R1.ict": {"start": "2023-01-23T16:22:36Z", "end": "2023-01-23T16:29:40Z", "north": "43.609", "south": "43.575", "east": "-69.608", "west": "-69.648", "format": "ASCII", "sizeMB": 0.17}, "IMPACTS_AVAPS_P3B_202301231804_R1.ict": {"start": "2023-01-23T18:04:03Z", "end": "2023-01-23T18:08:09Z", "north": "43.547", "south": "43.531", "east": "-69.619", "west": "-69.633", "format": "ASCII", "sizeMB": 0.1}, "IMPACTS_AVAPS_P3B_202301231714_R1.ict": {"start": "2023-01-23T17:14:12Z", "end": "2023-01-23T17:17:48Z", "north": "43.565", "south": "43.553", "east": "-69.635", "west": "-69.643", "format": "ASCII", "sizeMB": 0.09}, "IMPACTS_AVAPS_P3B_202301231903_R1.ict": {"start": "2023-01-23T19:04:03Z", "end": "2023-01-23T19:09:50Z", "north": "40.013", "south": "40.001", "east": "-73.426", "west": "-73.489", "format": "ASCII", "sizeMB": 0.14}, "IMPACTS_AVAPS_P3B_202302121427_R1.ict": {"start": "2023-02-12T14:27:10Z", "end": "2023-02-12T14:33:21Z", "north": "37.457", "south": "37.421", "east": "-74.978", "west": "-75.003", "format": "ASCII", "sizeMB": 0.15}, "IMPACTS_AVAPS_P3B_202302121359_R1.ict": {"start": "2023-02-12T13:59:30Z", "end": "2023-02-12T14:06:46Z", "north": "36.703", "south": "36.652", "east": "-74.96", "west": "-75.011", "format": "ASCII", "sizeMB": 0.18}, "IMPACTS_AVAPS_P3B_202302121421_R1.ict": {"start": "2023-02-12T14:21:11Z", "end": "2023-02-12T14:28:15Z", "north": "36.984", "south": "36.941", "east": "-74.967", "west": "-75.003", "format": "ASCII", "sizeMB": 0.17}, "IMPACTS_AVAPS_P3B_202302121353_R1.ict": {"start": "2023-02-12T13:53:08Z", "end": "2023-02-12T14:00:55Z", "north": "37.157", "south": "37.107", "east": "-74.966", "west": "-75.012", "format": "ASCII", "sizeMB": 0.19}, "IMPACTS_AVAPS_P3B_202302121414_R1.ict": {"start": "2023-02-12T14:14:48Z", "end": "2023-02-12T14:20:53Z", "north": "36.458", "south": "36.423", "east": "-74.966", "west": "-74.999", "format": "ASCII", "sizeMB": 0.15}, "IMPACTS_AVAPS_P3B_202302121346_R1.ict": {"start": "2023-02-12T13:46:43Z", "end": "2023-02-12T13:54:59Z", "north": "37.622", "south": "37.576", "east": "-74.95", "west": "-75.011", "format": "ASCII", "sizeMB": 0.2}, "IMPACTS_AVAPS_P3B_202302121404_R1.ict": {"start": "2023-02-12T14:04:44Z", "end": "2023-02-12T14:14:07Z", "north": "36.321", "south": "36.272", "east": "-74.949", "west": "-75.003", "format": "ASCII", "sizeMB": 0.22}, "IMPACTS_AVAPS_P3B_202302121433_R1.ict": {"start": "2023-02-12T14:33:44Z", "end": "2023-02-12T14:40:19Z", "north": "37.99", "south": "37.959", "east": "-74.972", "west": "-75.0", "format": "ASCII", "sizeMB": 0.16}, "IMPACTS_AVAPS_P3B_202302121841_R1.ict": {"start": "2023-02-12T18:41:58Z", "end": "2023-02-12T18:50:52Z", "north": "38.358", "south": "38.295", "east": "-74.945", "west": "-75.0", "format": "ASCII", "sizeMB": 0.22}, "IMPACTS_AVAPS_P3B_202302121858_R1.ict": {"start": "2023-02-12T18:58:13Z", "end": "2023-02-12T19:07:07Z", "north": "37.178", "south": "37.092", "east": "-74.933", "west": "-75.0", "format": "ASCII", "sizeMB": 0.22}, "IMPACTS_AVAPS_P3B_202302121927_R1.ict": {"start": "2023-02-12T19:27:07Z", "end": "2023-02-12T19:33:43Z", "north": "36.831", "south": "36.778", "east": "-74.968", "west": "-75.0", "format": "ASCII", "sizeMB": 0.16}, "IMPACTS_AVAPS_P3B_202302121850_R1.ict": {"start": "2023-02-12T18:50:10Z", "end": "2023-02-12T18:59:22Z", "north": "37.749", "south": "37.674", "east": "-74.925", "west": "-75.0", "format": "ASCII", "sizeMB": 0.23}, "IMPACTS_AVAPS_P3B_202302121918_R1.ict": {"start": "2023-02-12T19:18:56Z", "end": "2023-02-12T19:25:27Z", "north": "36.061", "south": "35.997", "east": "-74.957", "west": "-75.0", "format": "ASCII", "sizeMB": 0.16}, "IMPACTS_AVAPS_P3B_202302280926_R1.ict": {"start": "2023-02-28T09:26:49Z", "end": "2023-02-28T09:35:03Z", "north": "39.104", "south": "39.055", "east": "-74.216", "west": "-74.335", "format": "ASCII", "sizeMB": 0.2}, "IMPACTS_AVAPS_P3B_202302280943_R1.ict": {"start": "2023-02-28T09:43:41Z", "end": "2023-02-28T09:51:28Z", "north": "39.374", "south": "39.356", "east": "-71.949", "west": "-72.032", "format": "ASCII", "sizeMB": 0.19}, "IMPACTS_AVAPS_P3B_202302280932_R1.ict": {"start": "2023-02-28T09:32:40Z", "end": "2023-02-28T09:40:55Z", "north": "39.193", "south": "39.153", "east": "-73.46", "west": "-73.581", "format": "ASCII", "sizeMB": 0.2}, "IMPACTS_AVAPS_P3B_202302280938_R1.ict": {"start": "2023-02-28T09:38:16Z", "end": "2023-02-28T09:46:32Z", "north": "39.276", "south": "39.256", "east": "-72.695", "west": "-72.809", "format": "ASCII", "sizeMB": 0.2}, "IMPACTS_AVAPS_P3B_202302121906_R1.ict": {"start": "2023-02-12T19:06:19Z", "end": "2023-02-12T19:15:16Z", "north": "36.543", "south": "36.442", "east": "-74.939", "west": "-75.0", "format": "ASCII", "sizeMB": 0.22}, "IMPACTS_AVAPS_P3B_202302280949_R1.ict": {"start": "2023-02-28T09:49:17Z", "end": "2023-02-28T09:57:34Z", "north": "39.755", "south": "39.727", "east": "-71.797", "west": "-71.861", "format": "ASCII", "sizeMB": 0.2}, "IMPACTS_AVAPS_P3B_202302280955_R1.ict": {"start": "2023-02-28T09:55:31Z", "end": "2023-02-28T10:04:22Z", "north": "40.346", "south": "40.313", "east": "-71.733", "west": "-71.786", "format": "ASCII", "sizeMB": 0.22}, "IMPACTS_AVAPS_P3B_202302281307_R1.ict": {"start": "2023-02-28T13:07:40Z", "end": "2023-02-28T13:12:24Z", "north": "40.918", "south": "40.902", "east": "-69.775", "west": "-69.803", "format": "ASCII", "sizeMB": 0.12}, "IMPACTS_AVAPS_P3B_202302281251_R1.ict": {"start": "2023-02-28T12:51:31Z", "end": "2023-02-28T12:56:46Z", "north": "41.355", "south": "41.337", "east": "-70.957", "west": "-70.983", "format": "ASCII", "sizeMB": 0.13}, "IMPACTS_AVAPS_P3B_202302281148_R1.ict": {"start": "2023-02-28T11:48:02Z", "end": "2023-02-28T11:51:57Z", "north": "40.849", "south": "40.834", "east": "-71.816", "west": "-71.839", "format": "ASCII", "sizeMB": 0.1}, "IMPACTS_AVAPS_P3B_202302281157_R1.ict": {"start": "2023-02-28T11:57:41Z", "end": "2023-02-28T12:01:38Z", "north": "40.73", "south": "40.716", "east": "-71.072", "west": "-71.096", "format": "ASCII", "sizeMB": 0.1}, "IMPACTS_AVAPS_P3B_202302281301_R1.ict": {"start": "2023-02-28T13:01:35Z", "end": "2023-02-28T13:06:17Z", "north": "40.895", "south": "40.881", "east": "-70.409", "west": "-70.435", "format": "ASCII", "sizeMB": 0.12}, "IMPACTS_AVAPS_P3B_202302281256_R1.ict": {"start": "2023-02-28T12:56:25Z", "end": "2023-02-28T13:01:23Z", "north": "41.018", "south": "41.001", "east": "-70.81", "west": "-70.837", "format": "ASCII", "sizeMB": 0.12}, "IMPACTS_AVAPS_NRD41_v1_20200112_210330.nc": {"start": "2020-01-12T21:04:13Z", "end": "2020-01-12T21:11:37Z", "north": "36.586", "south": "36.568", "east": "-74.038", "west": "-74.121", "format": "netCDF-3", "sizeMB": 0.17}, "IMPACTS_AVAPS_NRD41_v1_20200112_211122.nc": {"start": "2020-01-12T21:11:22Z", "end": "2020-01-12T21:19:38Z", "north": "36.639", "south": "36.618", "east": "-73.902", "west": "-73.999", "format": "netCDF-3", "sizeMB": 0.18}, "IMPACTS_AVAPS_P3B_202302281001_R1.ict": {"start": "2023-02-28T10:01:01Z", "end": "2023-02-28T10:09:15Z", "north": "40.837", "south": "40.811", "east": "-71.765", "west": "-71.811", "format": "ASCII", "sizeMB": 0.2}, "IMPACTS_AVAPS_NRD41_v1_20200125_192256.nc": {"start": "2020-01-25T19:22:55Z", "end": "2020-01-25T19:32:30Z", "north": "38.779", "south": "38.68", "east": "-73.297", "west": "-73.328", "format": "netCDF-3", "sizeMB": 0.2}, "IMPACTS_AVAPS_NRD41_v1_20200125_193329.nc": {"start": "2020-01-25T19:33:29Z", "end": "2020-01-25T19:42:22Z", "north": "39.706", "south": "39.601", "east": "-72.716", "west": "-72.76", "format": "netCDF-3", "sizeMB": 0.19}, "IMPACTS_AVAPS_NRD41_v1_20200201_144216.nc": {"start": "2020-02-01T14:42:16Z", "end": "2020-02-01T14:50:26Z", "north": "36.804", "south": "36.747", "east": "-72.556", "west": "-72.588", "format": "netCDF-3", "sizeMB": 0.18}, "IMPACTS_AVAPS_NRD41_v1_20200201_123138.nc": {"start": "2020-02-01T12:31:38Z", "end": "2020-02-01T12:40:55Z", "north": "35.92", "south": "35.861", "east": "-72.625", "west": "-72.7", "format": "netCDF-3", "sizeMB": 0.2}, "IMPACTS_AVAPS_NRD41_v1_20200201_145056.nc": {"start": "2020-02-01T14:50:56Z", "end": "2020-02-01T14:59:01Z", "north": "37.447", "south": "37.387", "east": "-73.001", "west": "-73.062", "format": "netCDF-3", "sizeMB": 0.17}, "IMPACTS_AVAPS_NRD41_v1_20200201_142038.nc": {"start": "2020-02-01T14:20:38Z", "end": "2020-02-01T14:28:28Z", "north": "35.383", "south": "35.336", "east": "-73.352", "west": "-73.438", "format": "netCDF-3", "sizeMB": 0.17}, "IMPACTS_AVAPS_NRD41_v1_20200201_122337.nc": {"start": "2020-02-01T12:23:37Z", "end": "2020-02-01T12:32:48Z", "north": "36.196", "south": "36.125", "east": "-73.554", "west": "-73.634", "format": "netCDF-3", "sizeMB": 0.2}, "IMPACTS_AVAPS_NRD41_v1_20200201_122736.nc": {"start": "2020-02-01T12:27:35Z", "end": "2020-02-01T12:36:47Z", "north": "36.057", "south": "35.992", "east": "-73.078", "west": "-73.157", "format": "netCDF-3", "sizeMB": 0.2}, "IMPACTS_AVAPS_NRD41_v1_20200201_142005.nc": {"start": "2020-02-01T14:20:05Z", "end": "2020-02-01T14:28:08Z", "north": "35.354", "south": "35.307", "east": "-73.404", "west": "-73.493", "format": "netCDF-3", "sizeMB": 0.17}, "IMPACTS_AVAPS_NRD41_v1_20200201_121932.nc": {"start": "2020-02-01T12:19:31Z", "end": "2020-02-01T12:28:37Z", "north": "36.326", "south": "36.256", "east": "-74.026", "west": "-74.104", "format": "netCDF-3", "sizeMB": 0.19}, "IMPACTS_AVAPS_NRD41_v1_20200213_064734.nc": {"start": "2020-02-13T06:47:34Z", "end": "2020-02-13T06:56:49Z", "north": "39.443", "south": "39.381", "east": "-72.398", "west": "-72.606", "format": "netCDF-3", "sizeMB": 0.2}, "IMPACTS_AVAPS_NRD41_v1_20200213_065931.nc": {"start": "2020-02-13T06:59:30Z", "end": "2020-02-13T07:08:22Z", "north": "40.466", "south": "40.403", "east": "-72.551", "west": "-72.757", "format": "netCDF-3", "sizeMB": 0.19}, "IMPACTS_AVAPS_NRD41_v1_20200218_175530.nc": {"start": "2020-02-18T17:55:29Z", "end": "2020-02-18T18:05:26Z", "north": "40.258", "south": "40.204", "east": "-73.219", "west": "-73.368", "format": "netCDF-3", "sizeMB": 0.21}, "IMPACTS_AVAPS_NRD41_v1_20200220_212700.nc": {"start": "2020-02-20T21:27:00Z", "end": "2020-02-20T21:33:16Z", "north": "33.572", "south": "33.541", "east": "-77.473", "west": "-77.509", "format": "netCDF-3", "sizeMB": 0.14}, "IMPACTS_AVAPS_NRD41_v1_20200220_224852.nc": {"start": "2020-02-20T22:48:52Z", "end": "2020-02-20T22:52:59Z", "north": "33.901", "south": "33.886", "east": "-77.793", "west": "-77.815", "format": "netCDF-3", "sizeMB": 0.09}, "IMPACTS_AVAPS_NRD41_v1_20200220_211654.nc": {"start": "2020-02-20T21:16:54Z", "end": "2020-02-20T21:26:05Z", "north": "33.724", "south": "33.674", "east": "-77.526", "west": "-77.621", "format": "netCDF-3", "sizeMB": 0.2}, "IMPACTS_AVAPS_PQC_20220106_170509.nc": {"start": "2022-01-06T17:05:09Z", "end": "2022-01-06T17:14:13Z", "north": "38.305", "south": "38.263", "east": "-74.715", "west": "-74.866", "format": "netCDF-3", "sizeMB": 0.19}, "IMPACTS_AVAPS_NRD41_v1_20200220_211524.nc": {"start": "2020-02-20T21:15:24Z", "end": "2020-02-20T21:24:35Z", "north": "33.844", "south": "33.794", "east": "-77.638", "west": "-77.72", "format": "netCDF-3", "sizeMB": 0.2}, "IMPACTS_AVAPS_NRD41_v1_20200220_212800.nc": {"start": "2020-02-20T21:27:59Z", "end": "2020-02-20T21:34:10Z", "north": "33.64", "south": "33.609", "east": "-77.533", "west": "-77.587", "format": "netCDF-3", "sizeMB": 0.13}, "IMPACTS_AVAPS_NRD41_v1_20200218_212734.nc": {"start": "2020-02-18T21:27:34Z", "end": "2020-02-18T21:36:47Z", "north": "40.635", "south": "40.583", "east": "-73.079", "west": "-73.228", "format": "netCDF-3", "sizeMB": 0.2}, "IMPACTS_AVAPS_PQC_20220106_164600.nc": {"start": "2022-01-06T16:46:12Z", "end": "2022-01-06T16:55:07Z", "north": "38.168", "south": "38.128", "east": "-74.827", "west": "-74.97", "format": "netCDF-3", "sizeMB": 0.19}, "IMPACTS_AVAPS_PQC_20220111_214650.nc": {"start": "2022-01-11T21:46:50Z", "end": "2022-01-11T21:56:08Z", "north": "36.511", "south": "36.445", "east": "-73.901", "west": "-73.991", "format": "netCDF-3", "sizeMB": 0.2}, "IMPACTS_AVAPS_NRD41_v1_20200218_175827.nc": {"start": "2020-02-18T17:58:27Z", "end": "2020-02-18T18:07:34Z", "north": "40.534", "south": "40.479", "east": "-73.13", "west": "-73.261", "format": "netCDF-3", "sizeMB": 0.19}, "IMPACTS_AVAPS_PQC_20220111_214749.nc": {"start": "2022-01-11T21:47:49Z", "end": "2022-01-11T21:57:02Z", "north": "36.462", "south": "36.395", "east": "-73.804", "west": "-73.895", "format": "netCDF-3", "sizeMB": 0.2}, "IMPACTS_AVAPS_PQC_20220114_195711.nc": {"start": "2022-01-14T19:57:13Z", "end": "2022-01-14T20:04:51Z", "north": "40.312", "south": "40.264", "east": "-72.821", "west": "-72.833", "format": "netCDF-3", "sizeMB": 0.16}, "IMPACTS_AVAPS_PQC_20220111_215826.nc": {"start": "2022-01-11T21:58:26Z", "end": "2022-01-11T22:07:32Z", "north": "36.36", "south": "36.295", "east": "-73.615", "west": "-73.699", "format": "netCDF-3", "sizeMB": 0.19}, "IMPACTS_AVAPS_PQC_20220114_213108.nc": {"start": "2022-01-14T21:31:08Z", "end": "2022-01-14T21:38:48Z", "north": "41.087", "south": "41.028", "east": "-69.256", "west": "-69.294", "format": "netCDF-3", "sizeMB": 0.16}, "IMPACTS_AVAPS_PQC_20220114_211801.nc": {"start": "2022-01-14T21:18:01Z", "end": "2022-01-14T21:25:49Z", "north": "41.605", "south": "41.552", "east": "-69.368", "west": "-69.405", "format": "netCDF-3", "sizeMB": 0.17}, "IMPACTS_AVAPS_PQC_20220114_213306.nc": {"start": "2022-01-14T21:33:06Z", "end": "2022-01-14T21:41:02Z", "north": "41.17", "south": "41.107", "east": "-69.42", "west": "-69.458", "format": "netCDF-3", "sizeMB": 0.17}, "IMPACTS_AVAPS_PQC_20220114_204446.nc": {"start": "2022-01-14T20:44:46Z", "end": "2022-01-14T20:52:28Z", "north": "43.388", "south": "43.356", "east": "-69.918", "west": "-69.931", "format": "netCDF-3", "sizeMB": 0.17}, "IMPACTS_AVAPS_PQC_20220114_203950.nc": {"start": "2022-01-14T20:39:50Z", "end": "2022-01-14T20:47:36Z", "north": "42.948", "south": "42.914", "east": "-69.656", "west": "-69.674", "format": "netCDF-3", "sizeMB": 0.17}, "IMPACTS_AVAPS_PQC_20220114_203442.nc": {"start": "2022-01-14T20:34:42Z", "end": "2022-01-14T20:42:42Z", "north": "42.494", "south": "42.451", "east": "-69.383", "west": "-69.414", "format": "netCDF-3", "sizeMB": 0.17}, "IMPACTS_AVAPS_PQC_20220114_202928.nc": {"start": "2022-01-14T20:29:27Z", "end": "2022-01-14T20:37:11Z", "north": "42.126", "south": "42.079", "east": "-69.653", "west": "-69.687", "format": "netCDF-3", "sizeMB": 0.17}, "IMPACTS_AVAPS_PQC_20220115_000547.nc": {"start": "2022-01-15T00:05:46Z", "end": "2022-01-15T00:13:27Z", "north": "41.303", "south": "41.226", "east": "-69.696", "west": "-69.706", "format": "netCDF-3", "sizeMB": 0.17}, "IMPACTS_AVAPS_PQC_20220115_001044.nc": {"start": "2022-01-15T00:10:44Z", "end": "2022-01-15T00:18:28Z", "north": "41.106", "south": "41.027", "east": "-69.289", "west": "-69.299", "format": "netCDF-3", "sizeMB": 0.17}, "IMPACTS_AVAPS_PQC_20220129_205724.nc": {"start": "2022-01-29T20:57:23Z", "end": "2022-01-29T21:05:26Z", "north": "41.982", "south": "41.943", "east": "-69.46", "west": "-69.479", "format": "netCDF-3", "sizeMB": 0.17}, "IMPACTS_AVAPS_PQC_20220129_220744.nc": {"start": "2022-01-29T22:07:46Z", "end": "2022-01-29T22:15:47Z", "north": "41.979", "south": "41.94", "east": "-69.181", "west": "-69.206", "format": "netCDF-3", "sizeMB": 0.17}, "IMPACTS_AVAPS_PQC_20220129_224818.nc": {"start": "2022-01-29T22:48:17Z", "end": "2022-01-29T22:55:58Z", "north": "42.983", "south": "42.934", "east": "-70.22", "west": "-70.238", "format": "netCDF-3", "sizeMB": 0.17}, "IMPACTS_AVAPS_PQC_20220129_205509.nc": {"start": "2022-01-29T20:55:08Z", "end": "2022-01-29T21:02:47Z", "north": "41.98", "south": "41.943", "east": "-69.71", "west": "-69.729", "format": "netCDF-3", "sizeMB": 0.16}, "IMPACTS_AVAPS_PQC_20220129_220957.nc": {"start": "2022-01-29T22:10:03Z", "end": "2022-01-29T22:17:21Z", "north": "41.977", "south": "41.943", "east": "-69.404", "west": "-69.426", "format": "netCDF-3", "sizeMB": 0.16}, "IMPACTS_AVAPS_PQC_20220129_205943.nc": {"start": "2022-01-29T20:59:43Z", "end": "2022-01-29T21:07:36Z", "north": "41.991", "south": "41.956", "east": "-69.19", "west": "-69.211", "format": "netCDF-3", "sizeMB": 0.17}, "IMPACTS_AVAPS_PQC_20220115_002031.nc": {"start": "2022-01-15T00:20:30Z", "end": "2022-01-15T00:28:34Z", "north": "41.014", "south": "40.937", "east": "-69.921", "west": "-69.936", "format": "netCDF-3", "sizeMB": 0.17}, "IMPACTS_AVAPS_PQC_20220115_002530.nc": {"start": "2022-01-15T00:25:35Z", "end": "2022-01-15T00:33:50Z", "north": "40.995", "south": "40.927", "east": "-70.498", "west": "-70.519", "format": "netCDF-3", "sizeMB": 0.18}, "IMPACTS_AVAPS_PQC_20220129_221211.nc": {"start": "2022-01-29T22:12:15Z", "end": "2022-01-29T22:19:55Z", "north": "41.976", "south": "41.94", "east": "-69.637", "west": "-69.656", "format": "netCDF-3", "sizeMB": 0.17}, "IMPACTS_AVAPS_PQC_20220208_144818.nc": {"start": "2022-02-08T14:48:17Z", "end": "2022-02-08T14:52:58Z", "north": "41.786", "south": "41.775", "east": "-66.779", "west": "-66.804", "format": "netCDF-3", "sizeMB": 0.1}, "IMPACTS_AVAPS_PQC_20220129_225032.nc": {"start": "2022-01-29T22:50:32Z", "end": "2022-01-29T22:58:25Z", "north": "42.984", "south": "42.946", "east": "-69.984", "west": "-70.005", "format": "netCDF-3", "sizeMB": 0.17}, "IMPACTS_AVAPS_PQC_20220208_142943.nc": {"start": "2022-02-08T14:29:42Z", "end": "2022-02-08T14:34:22Z", "north": "42.799", "south": "42.781", "east": "-65.879", "west": "-65.896", "format": "netCDF-3", "sizeMB": 0.1}, "IMPACTS_AVAPS_PQC_20220208_142048.nc": {"start": "2022-02-08T14:20:48Z", "end": "2022-02-08T14:25:29Z", "north": "43.274", "south": "43.244", "east": "-65.44", "west": "-65.468", "format": "netCDF-3", "sizeMB": 0.1}, "IMPACTS_AVAPS_PQC_20220208_143856.nc": {"start": "2022-02-08T14:38:55Z", "end": "2022-02-08T14:43:35Z", "north": "42.282", "south": "42.269", "east": "-66.365", "west": "-66.381", "format": "netCDF-3", "sizeMB": 0.1}, "IMPACTS_AVAPS_PQC_20220204_152356.nc": {"start": "2022-02-04T15:24:00Z", "end": "2022-02-04T15:30:11Z", "north": "42.502", "south": "42.45", "east": "-70.114", "west": "-70.215", "format": "netCDF-3", "sizeMB": 0.14}, "IMPACTS_AVAPS_PQC_20220129_225444.nc": {"start": "2022-01-29T22:54:43Z", "end": "2022-01-29T23:02:32Z", "north": "42.997", "south": "42.964", "east": "-69.549", "west": "-69.567", "format": "netCDF-3", "sizeMB": 0.17}, "IMPACTS_AVAPS_PQC_20220129_225238.nc": {"start": "2022-01-29T22:52:40Z", "end": "2022-01-29T23:00:52Z", "north": "42.992", "south": "42.958", "east": "-69.766", "west": "-69.78", "format": "netCDF-3", "sizeMB": 0.18}, "IMPACTS_AVAPS_PQC_20220208_124226.nc": {"start": "2022-02-08T12:42:26Z", "end": "2022-02-08T12:51:24Z", "north": "39.375", "south": "39.325", "east": "-73.322", "west": "-73.458", "format": "netCDF-3", "sizeMB": 0.19}, "IMPACTS_AVAPS_PQC_20220204_133921.nc": {"start": "2022-02-04T13:39:21Z", "end": "2022-02-04T13:47:24Z", "north": "40.335", "south": "40.254", "east": "-72.988", "west": "-73.132", "format": "netCDF-3", "sizeMB": 0.17}, "IMPACTS_AVAPS_PQC_20220208_145600.nc": {"start": "2022-02-08T14:55:59Z", "end": "2022-02-08T15:01:48Z", "north": "42.212", "south": "42.2", "east": "-67.093", "west": "-67.13", "format": "netCDF-3", "sizeMB": 0.13}, "IMPACTS_AVAPS_PQC_20220208_150638.nc": {"start": "2022-02-08T15:06:37Z", "end": "2022-02-08T15:12:47Z", "north": "42.963", "south": "42.958", "east": "-67.099", "west": "-67.115", "format": "netCDF-3", "sizeMB": 0.13}, "IMPACTS_AVAPS_PQC_20220208_150127.nc": {"start": "2022-02-08T15:01:27Z", "end": "2022-02-08T15:07:27Z", "north": "42.576", "south": "42.569", "east": "-67.205", "west": "-67.23", "format": "netCDF-3", "sizeMB": 0.13}, "IMPACTS_AVAPS_PQC_20220208_151707.nc": {"start": "2022-02-08T15:17:07Z", "end": "2022-02-08T15:23:02Z", "north": "43.757", "south": "43.744", "east": "-66.878", "west": "-66.898", "format": "netCDF-3", "sizeMB": 0.13}, "IMPACTS_AVAPS_PQC_20220213_143353.nc": {"start": "2022-02-13T14:33:53Z", "end": "2022-02-13T14:42:21Z", "north": "39.281", "south": "39.221", "east": "-73.717", "west": "-73.817", "format": "netCDF-3", "sizeMB": 0.18}, "IMPACTS_AVAPS_PQC_20220208_151150.nc": {"start": "2022-02-08T15:11:55Z", "end": "2022-02-08T15:17:40Z", "north": "43.356", "south": "43.354", "east": "-66.99", "west": "-66.998", "format": "netCDF-3", "sizeMB": 0.13}, "IMPACTS_AVAPS_PQC_20220213_133657.nc": {"start": "2022-02-13T13:36:57Z", "end": "2022-02-13T13:44:11Z", "north": "41.212", "south": "41.169", "east": "-71.05", "west": "-71.141", "format": "netCDF-3", "sizeMB": 0.16}, "IMPACTS_AVAPS_PQC_20220225_153946.nc": {"start": "2022-02-25T15:39:45Z", "end": "2022-02-25T15:48:12Z", "north": "39.854", "south": "39.807", "east": "-73.284", "west": "-73.494", "format": "netCDF-3", "sizeMB": 0.18}, "IMPACTS_AVAPS_PQC_20220208_152239.nc": {"start": "2022-02-08T15:22:40Z", "end": "2022-02-08T15:28:29Z", "north": "44.168", "south": "44.151", "east": "-66.75", "west": "-66.787", "format": "netCDF-3", "sizeMB": 0.13}, "IMPACTS_AVAPS_PQC_20220213_140752.nc": {"start": "2022-02-13T14:07:52Z", "end": "2022-02-13T14:15:09Z", "north": "40.197", "south": "40.153", "east": "-72.479", "west": "-72.56", "format": "netCDF-3", "sizeMB": 0.16}, "IMPACTS_AVAPS_PQC_20220225_154427.nc": {"start": "2022-02-25T15:44:31Z", "end": "2022-02-25T15:53:13Z", "north": "40.207", "south": "40.162", "east": "-72.916", "west": "-73.124", "format": "netCDF-3", "sizeMB": 0.19}, "IMPACTS_AVAPS_PQC_20220225_182716.nc": {"start": "2022-02-25T18:27:16Z", "end": "2022-02-25T18:35:32Z", "north": "40.17", "south": "40.126", "east": "-72.882", "west": "-73.124", "format": "netCDF-3", "sizeMB": 0.18}, "IMPACTS_AVAPS_PQC_20220225_154715.nc": {"start": "2022-02-25T15:47:15Z", "end": "2022-02-25T15:55:50Z", "north": "40.474", "south": "40.429", "east": "-72.93", "west": "-73.127", "format": "netCDF-3", "sizeMB": 0.18}, "IMPACTS_AVAPS_PQC_20220225_154614.nc": {"start": "2022-02-25T15:46:17Z", "end": "2022-02-25T15:54:56Z", "north": "40.377", "south": "40.333", "east": "-72.927", "west": "-73.125", "format": "netCDF-3", "sizeMB": 0.19}, "IMPACTS_AVAPS_PQC_20220225_182225.nc": {"start": "2022-02-25T18:22:26Z", "end": "2022-02-25T18:30:29Z", "north": "40.491", "south": "40.452", "east": "-72.9", "west": "-73.128", "format": "netCDF-3", "sizeMB": 0.17}, "IMPACTS_AVAPS_PQC_20220225_183254.nc": {"start": "2022-02-25T18:32:54Z", "end": "2022-02-25T18:41:30Z", "north": "39.937", "south": "39.892", "east": "-73.08", "west": "-73.333", "format": "netCDF-3", "sizeMB": 0.18}, "IMPACTS_AVAPS_PQC_20220225_183516.nc": {"start": "2022-02-25T18:35:18Z", "end": "2022-02-25T18:43:40Z", "north": "39.864", "south": "39.823", "east": "-73.223", "west": "-73.463", "format": "netCDF-3", "sizeMB": 0.18}}