{"IMPACTS_upperair_UMILL_windsonde1_202201162100_QCTeare.txt": {"start": "2022-01-16T19:58:00Z", "end": "2022-01-16T20:50:00Z", "north": "40.01", "south": "39.99", "east": "-76.34", "west": "-76.36", "format": "HDF-5", "sizeMB": 0.03}, "IMPACTS_upperair_UMILL_windsonde1_202201170300_QCTeare.txt": {"start": "2022-01-17T02:09:00Z", "end": "2022-01-17T02:19:00Z", "north": "40.01", "south": "39.99", "east": "-76.34", "west": "-76.36", "format": "HDF-5", "sizeMB": 0.0}, "IMPACTS_upperair_UMILL_windsonde1_202202041110_QCMassa.txt": {"start": "2022-02-04T11:14:00Z", "end": "2022-02-04T12:26:00Z", "north": "41.817", "south": "41.797", "east": "-73.101", "west": "-73.121", "format": "HDF-5", "sizeMB": 0.02}, "IMPACTS_upperair_UMILL_windsonde1_202201170000_QCTeare.txt": {"start": "2022-01-16T23:10:00Z", "end": "2022-01-17T00:13:00Z", "north": "40.01", "south": "39.99", "east": "-76.34", "west": "-76.36", "format": "HDF-5", "sizeMB": 0.02}, "IMPACTS_upperair_UMILL_radiosonde_202201291600_UTCFries.txt": {"start": "2022-01-29T15:06:36Z", "end": "2022-01-29T16:03:08Z", "north": "40.261", "south": "39.934", "east": "-74.038", "west": "-74.385", "format": "HDF-5", "sizeMB": 0.84}, "IMPACTS_upperair_UMILL_radiosonde_202201291800_QCMiller.txt": {"start": "2022-01-29T17:06:57Z", "end": "2022-01-29T17:57:11Z", "north": "40.146", "south": "39.945", "east": "-73.937", "west": "-74.216", "format": "HDF-5", "sizeMB": 0.37}, "IMPACTS_upperair_UMILL_windsonde1_202202041410_QCMassa.txt": {"start": "2022-02-04T14:11:00Z", "end": "2022-02-04T14:36:00Z", "north": "41.817", "south": "41.797", "east": "-73.101", "west": "-73.121", "format": "HDF-5", "sizeMB": 0.03}, "IMPACTS_upperair_UMILL_radiosonde_202201292200_QCMiller.txt": {"start": "2022-01-29T21:07:18Z", "end": "2022-01-29T21:35:37Z", "north": "40.056", "south": "39.937", "east": "-74.082", "west": "-74.164", "format": "HDF-5", "sizeMB": 0.21}, "IMPACTS_upperair_UMILL_radiosonde_202201292000_QCMiller.txt": {"start": "2022-01-29T19:06:46Z", "end": "2022-01-29T20:04:44Z", "north": "40.117", "south": "39.928", "east": "-73.774", "west": "-74.164", "format": "HDF-5", "sizeMB": 0.43}, "IMPACTS_upperair_UMILL_windsonde1_202202041710_QCMassa.txt": {"start": "2022-02-04T17:10:00Z", "end": "2022-02-04T17:42:00Z", "north": "41.817", "south": "41.797", "east": "-73.101", "west": "-73.121", "format": "HDF-5", "sizeMB": 0.03}, "IMPACTS_upperair_UMILL_radiosonde_202201290104_UTCFries.txt": {"start": "2022-01-29T01:04:06Z", "end": "2022-01-29T02:15:50Z", "north": "40.65", "south": "40.038", "east": "-73.043", "west": "-74.83", "format": "HDF-5", "sizeMB": 0.83}, "IMPACTS_upperair_UMILL_windsonde1_202202042010_QCMassa.txt": {"start": "2022-02-04T20:10:00Z", "end": "2022-02-04T20:30:00Z", "north": "41.817", "south": "41.797", "east": "-73.101", "west": "-73.121", "format": "HDF-5", "sizeMB": 0.02}, "IMPACTS_upperair_UMILL_radiosonde_202201291400_UTCFries.txt": {"start": "2022-01-29T13:07:23Z", "end": "2022-01-29T14:12:32Z", "north": "40.399", "south": "39.927", "east": "-73.992", "west": "-74.442", "format": "HDF-5", "sizeMB": 0.96}, "IMPACTS_upperair_UMILL_radiosonde_202202191500_QC.txt": {"start": "2022-02-19T14:10:07Z", "end": "2022-02-19T15:14:32Z", "north": "40.51", "south": "40.0", "east": "-74.229", "west": "-76.351", "format": "HDF-5", "sizeMB": 0.48}, "IMPACTS_upperair_UMILL_radiosonde_202202131330_QCKrantz.txt": {"start": "2022-02-13T12:40:07Z", "end": "2022-02-13T13:34:46Z", "north": "40.698", "south": "40.04", "east": "-72.66", "west": "-74.171", "format": "HDF-5", "sizeMB": 0.82}, "IMPACTS_upperair_UMILL_radiosonde_202202131500_QCKrantz.txt": {"start": "2022-02-13T14:10:24Z", "end": "2022-02-13T15:09:00Z", "north": "40.707", "south": "40.045", "east": "-72.703", "west": "-74.174", "format": "HDF-5", "sizeMB": 0.87}, "IMPACTS_upperair_UMILL_windsonde1_202202250600_QC.txt": {"start": "2022-02-25T05:11:00Z", "end": "2022-02-25T05:39:00Z", "north": "43.097", "south": "43.077", "east": "-73.771", "west": "-73.791", "format": "HDF-5", "sizeMB": 0.03}, "IMPACTS_upperair_UMILL_windsonde1_202202250900_QC.txt": {"start": "2022-02-25T08:37:00Z", "end": "2022-02-25T09:00:00Z", "north": "43.097", "south": "43.077", "east": "-73.771", "west": "-73.791", "format": "HDF-5", "sizeMB": 0.01}, "IMPACTS_upperair_UMILL_windsonde1_202202251500_QCWonder.txt": {"start": "2022-02-25T14:09:00Z", "end": "2022-02-25T15:00:00Z", "north": "43.097", "south": "43.077", "east": "-73.771", "west": "-73.791", "format": "HDF-5", "sizeMB": 0.03}, "IMPACTS_upperair_UMILL_windsonde1_202202251200_QCWonder.txt": {"start": "2022-02-25T11:09:00Z", "end": "2022-02-25T12:00:00Z", "north": "43.097", "south": "43.077", "east": "-73.771", "west": "-73.791", "format": "HDF-5", "sizeMB": 0.02}, "IMPACTS_upperair_UMILL_radiosonde_202202191800_QC.txt": {"start": "2022-02-19T17:10:07Z", "end": "2022-02-19T17:53:08Z", "north": "40.323", "south": "40.0", "east": "-74.894", "west": "-76.35", "format": "HDF-5", "sizeMB": 0.31}, "IMPACTS_upperair_UMILL_radiosonde_202202131800_QCKrantz.txt": {"start": "2022-02-13T17:09:05Z", "end": "2022-02-13T17:51:11Z", "north": "40.739", "south": "40.045", "east": "-73.091", "west": "-74.173", "format": "HDF-5", "sizeMB": 0.63}, "IMPACTS_upperair_ESB_windsonde_20230125_172100.cdf": {"start": "2023-01-25T17:21:00Z", "end": "2023-01-25T17:21:00Z", "north": "41.004", "south": "40.984", "east": "-75.235", "west": "-75.255", "format": "HDF-5", "sizeMB": 0.05}, "IMPACTS_upperair_UMILL_radiosonde_202202131200_QCKrantz.txt": {"start": "2022-02-13T11:10:06Z", "end": "2022-02-13T12:11:31Z", "north": "40.748", "south": "40.036", "east": "-72.503", "west": "-74.17", "format": "HDF-5", "sizeMB": 0.92}, "IMPACTS_upperair_ESB_windsonde_20230125_232000.cdf": {"start": "2023-01-25T23:20:00Z", "end": "2023-01-25T23:20:00Z", "north": "41.034", "south": "41.014", "east": "-75.171", "west": "-75.191", "format": "HDF-5", "sizeMB": 0.03}, "IMPACTS_upperair_ESB_windsonde_20230125_201600.cdf": {"start": "2023-01-25T20:16:00Z", "end": "2023-01-25T20:16:00Z", "north": "41.034", "south": "41.014", "east": "-75.171", "west": "-75.191", "format": "HDF-5", "sizeMB": 0.03}, "IMPACTS_upperair_MUS_radiosonde_20230125_144734.cdf": {"start": "2023-01-25T14:47:34Z", "end": "2023-01-25T15:41:29Z", "north": "40.635", "south": "39.928", "east": "-75.154", "west": "-76.455", "format": "HDF-5", "sizeMB": 0.33}, "IMPACTS_upperair_MUS_radiosonde_20230125_201635.cdf": {"start": "2023-01-25T20:16:35Z", "end": "2023-01-25T20:41:06Z", "north": "40.37", "south": "40.0", "east": "-75.877", "west": "-76.383", "format": "HDF-5", "sizeMB": 0.16}, "IMPACTS_upperair_MUS_radiosonde_20230113_060951.cdf": {"start": "2023-01-13T06:09:51Z", "end": "2023-01-13T06:52:09Z", "north": "40.56", "south": "40.0", "east": "-75.673", "west": "-76.365", "format": "HDF-5", "sizeMB": 0.26}, "IMPACTS_upperair_MUS_radiosonde_20230125_172158.cdf": {"start": "2023-01-25T17:21:58Z", "end": "2023-01-25T18:19:50Z", "north": "40.469", "south": "40.0", "east": "-75.09", "west": "-76.377", "format": "HDF-5", "sizeMB": 0.35}, "IMPACTS_upperair_MUS_radiosonde_20230212_121015.cdf": {"start": "2023-02-12T12:10:15Z", "end": "2023-02-12T12:44:27Z", "north": "40.219", "south": "39.999", "east": "-75.893", "west": "-76.357", "format": "HDF-5", "sizeMB": 0.21}, "IMPACTS_upperair_MUS_radiosonde_20230212_142138.cdf": {"start": "2023-02-12T14:21:38Z", "end": "2023-02-12T14:52:55Z", "north": "40.239", "south": "39.998", "east": "-76.044", "west": "-76.365", "format": "HDF-5", "sizeMB": 0.2}, "IMPACTS_upperair_MUS_radiosonde_20230125_230053.cdf": {"start": "2023-01-25T23:00:53Z", "end": "2023-01-26T00:05:43Z", "north": "40.797", "south": "40.0", "east": "-74.685", "west": "-76.371", "format": "HDF-5", "sizeMB": 0.39}, "IMPACTS_upperair_MUS_radiosonde_20230212_202327.cdf": {"start": "2023-02-12T20:23:27Z", "end": "2023-02-12T21:05:53Z", "north": "40.294", "south": "39.996", "east": "-75.975", "west": "-76.374", "format": "HDF-5", "sizeMB": 0.26}, "IMPACTS_upperair_MUS_radiosonde_20230212_173621.cdf": {"start": "2023-02-12T17:36:21Z", "end": "2023-02-12T18:25:29Z", "north": "40.355", "south": "39.998", "east": "-75.696", "west": "-76.373", "format": "HDF-5", "sizeMB": 0.3}, "IMPACTS_upperair_POU_windsonde_20230119_174000.cdf": {"start": "2023-01-19T17:40:00Z", "end": "2023-01-19T17:40:00Z", "north": "41.677", "south": "41.657", "east": "-73.886", "west": "-73.906", "format": "HDF-5", "sizeMB": 0.06}, "IMPACTS_upperair_POU_windsonde_20230119_232700.cdf": {"start": "2023-01-19T23:27:00Z", "end": "2023-01-19T23:27:00Z", "north": "41.677", "south": "41.657", "east": "-73.885", "west": "-73.906", "format": "HDF-5", "sizeMB": 0.03}, "IMPACTS_upperair_POU_windsonde_20230119_210700.cdf": {"start": "2023-01-19T21:07:00Z", "end": "2023-01-19T21:07:00Z", "north": "41.677", "south": "41.657", "east": "-73.885", "west": "-73.906", "format": "HDF-5", "sizeMB": 0.05}, "IMPACTS_upperair_POU_windsonde_20230123_113500.cdf": {"start": "2023-01-23T11:35:00Z", "end": "2023-01-23T11:35:00Z", "north": "41.686", "south": "41.666", "east": "-73.889", "west": "-73.909", "format": "HDF-5", "sizeMB": 0.04}, "IMPACTS_upperair_POU_windsonde_20230123_171700.cdf": {"start": "2023-01-23T17:17:00Z", "end": "2023-01-23T17:17:00Z", "north": "41.686", "south": "41.666", "east": "-73.889", "west": "-73.909", "format": "HDF-5", "sizeMB": 0.07}, "IMPACTS_upperair_POU_windsonde_20230125_172100.cdf": {"start": "2023-01-25T17:21:00Z", "end": "2023-01-25T17:21:00Z", "north": "41.686", "south": "41.666", "east": "-73.889", "west": "-73.909", "format": "HDF-5", "sizeMB": 0.06}, "IMPACTS_upperair_POU_windsonde_20230125_231900.cdf": {"start": "2023-01-25T23:19:00Z", "end": "2023-01-25T23:19:00Z", "north": "41.686", "south": "41.666", "east": "-73.889", "west": "-73.909", "format": "HDF-5", "sizeMB": 0.04}, "IMPACTS_upperair_POU_windsonde_20230123_140800.cdf": {"start": "2023-01-23T14:08:00Z", "end": "2023-01-23T14:08:00Z", "north": "41.686", "south": "41.666", "east": "-73.889", "west": "-73.909", "format": "HDF-5", "sizeMB": 0.06}, "IMPACTS_upperair_POU_windsonde_20230228_080300.cdf": {"start": "2023-02-28T08:03:00Z", "end": "2023-02-28T08:03:00Z", "north": "41.687", "south": "41.667", "east": "-73.917", "west": "-73.938", "format": "HDF-5", "sizeMB": 0.05}, "IMPACTS_upperair_POU_windsonde_20230125_204600.cdf": {"start": "2023-01-25T20:46:00Z", "end": "2023-01-25T20:46:00Z", "north": "41.686", "south": "41.666", "east": "-73.889", "west": "-73.909", "format": "HDF-5", "sizeMB": 0.05}, "IMPACTS_upperair_POU_windsonde_20230228_140100.cdf": {"start": "2023-02-28T14:01:00Z", "end": "2023-02-28T14:01:00Z", "north": "41.687", "south": "41.667", "east": "-73.918", "west": "-73.938", "format": "HDF-5", "sizeMB": 0.07}, "IMPACTS_upperair_POU_windsonde_20230228_105800.cdf": {"start": "2023-02-28T10:58:00Z", "end": "2023-02-28T10:58:00Z", "north": "41.687", "south": "41.667", "east": "-73.917", "west": "-73.938", "format": "HDF-5", "sizeMB": 0.03}}