{"whymsie_aro_ER2_20241023205159_R0.nc": {"start": "2024-10-23T20:51:59Z", "end": "2024-10-23T20:51:59Z", "north": "25.664", "south": "23.032", "east": "-118.28", "west": "-118.418", "format": "netCDF-4", "sizeMB": 0.04}, "whymsie_aro_ER2_20241031222240_R0.nc": {"start": "2024-10-31T22:22:40Z", "end": "2024-10-31T22:22:40Z", "north": "37.378", "south": "34.947", "east": "-115.838", "west": "-117.8", "format": "netCDF-4", "sizeMB": 0.04}, "whymsie_aro_ER2_20241104192218_R0.nc": {"start": "2024-11-04T19:22:18Z", "end": "2024-11-04T19:22:18Z", "north": "38.549", "south": "34.281", "east": "-121.469", "west": "-125.953", "format": "netCDF-4", "sizeMB": 0.04}, "whymsie_aro_ER2_20241112203015_R0.nc": {"start": "2024-11-12T20:30:15Z", "end": "2024-11-12T20:30:15Z", "north": "31.877", "south": "28.209", "east": "-125.733", "west": "-129.77", "format": "netCDF-4", "sizeMB": 0.03}, "whymsie_aro_ER2_20241113191521_R0.nc": {"start": "2024-11-13T19:15:21Z", "end": "2024-11-13T19:15:21Z", "north": "36.75", "south": "34.854", "east": "-121.048", "west": "-123.599", "format": "netCDF-4", "sizeMB": 0.04}, "whymsie_aro_ER2_20241113201744_R0.nc": {"start": "2024-11-13T20:17:44Z", "end": "2024-11-13T20:17:44Z", "north": "nan", "south": "nan", "east": "nan", "west": "nan", "format": "netCDF-4", "sizeMB": 0.05}, "whymsie_aro_ER2_20241107205851_R0.nc": {"start": "2024-11-07T20:58:51Z", "end": "2024-11-07T20:58:51Z", "north": "34.278", "south": "28.92", "east": "-125.273", "west": "-126.927", "format": "netCDF-4", "sizeMB": 0.03}, "whymsie_aro_ER2_20241113204929_R0.nc": {"start": "2024-11-13T20:49:29Z", "end": "2024-11-13T20:49:29Z", "north": "42.326", "south": "40.34", "east": "-127.823", "west": "-128.869", "format": "netCDF-4", "sizeMB": 0.03}, "whymsie_aro_ER2_20241112205652_R0.nc": {"start": "2024-11-12T20:56:52Z", "end": "2024-11-12T20:56:52Z", "north": "34.79", "south": "31.324", "east": "-121.202", "west": "-125.606", "format": "netCDF-4", "sizeMB": 0.05}, "whymsie_aro_ER2_20241022202807_R0.nc": {"start": "2024-10-22T20:28:07Z", "end": "2024-10-22T20:28:07Z", "north": "35.526", "south": "32.909", "east": "-95.501", "west": "-98.467", "format": "netCDF-4", "sizeMB": 0.03}, "whymsie_aro_ER2_20241023193753_R0.nc": {"start": "2024-10-23T19:37:53Z", "end": "2024-10-23T19:37:53Z", "north": "27.299", "south": "20.468", "east": "-118.785", "west": "-119.148", "format": "netCDF-4", "sizeMB": 0.05}, "whymsie_aro_ER2_20241104185327_R0.nc": {"start": "2024-11-04T18:53:27Z", "end": "2024-11-04T18:53:27Z", "north": "33.636", "south": "32.128", "east": "-120.768", "west": "-124.719", "format": "netCDF-4", "sizeMB": 0.05}, "whymsie_aro_ER2_20241022222908_R0.nc": {"start": "2024-10-22T22:29:08Z", "end": "2024-10-22T22:29:08Z", "north": "38.005", "south": "35.167", "east": "-111.711", "west": "-114.042", "format": "netCDF-4", "sizeMB": 0.05}, "whymsie_aro_ER2_20241107211050_R0.nc": {"start": "2024-11-07T21:10:50Z", "end": "2024-11-07T21:10:50Z", "north": "37.0", "south": "34.948", "east": "-122.516", "west": "-125.739", "format": "netCDF-4", "sizeMB": 0.04}, "whymsie_aro_ER2_20241023211001_R0.nc": {"start": "2024-10-23T21:10:01Z", "end": "2024-10-23T21:10:01Z", "north": "28.21", "south": "27.743", "east": "-114.455", "west": "-118.759", "format": "netCDF-4", "sizeMB": 0.05}, "whymsie_aro_ER2_20241022194748_R0.nc": {"start": "2024-10-22T19:47:48Z", "end": "2024-10-22T19:47:48Z", "north": "36.979", "south": "32.058", "east": "-95.731", "west": "-96.774", "format": "netCDF-4", "sizeMB": 0.04}, "whymsie_aro_ER2_20241022221604_R0.nc": {"start": "2024-10-22T22:16:04Z", "end": "2024-10-22T22:16:04Z", "north": "38.189", "south": "35.233", "east": "-110.789", "west": "-112.353", "format": "netCDF-4", "sizeMB": 0.04}, "whymsie_aro_ER2_20241112195857_R0.nc": {"start": "2024-11-12T19:58:57Z", "end": "2024-11-12T19:58:57Z", "north": "35.845", "south": "32.513", "east": "-128.751", "west": "-130.321", "format": "netCDF-4", "sizeMB": 0.05}, "whymsie_aro_ER2_20241022181931_R0.nc": {"start": "2024-10-22T18:19:31Z", "end": "2024-10-22T18:19:31Z", "north": "34.758", "south": "30.624", "east": "-104.957", "west": "-108.086", "format": "netCDF-4", "sizeMB": 0.05}, "whymsie_aro_ER2_20241025173340_R0.nc": {"start": "2024-10-25T17:33:40Z", "end": "2024-10-25T17:33:40Z", "north": "35.036", "south": "30.813", "east": "-107.26", "west": "-111.003", "format": "netCDF-4", "sizeMB": 0.04}, "whymsie_aro_ER2_20241107213747_R0.nc": {"start": "2024-11-07T21:37:47Z", "end": "2024-11-07T21:37:47Z", "north": "35.635", "south": "31.093", "east": "-123.292", "west": "-127.399", "format": "netCDF-4", "sizeMB": 0.05}, "whymsie_aro_ER2_20241104210822_R0.nc": {"start": "2024-11-04T21:08:22Z", "end": "2024-11-04T21:08:22Z", "north": "39.907", "south": "38.552", "east": "-115.629", "west": "-118.232", "format": "netCDF-4", "sizeMB": 0.03}, "whymsie_aro_ER2_20241023214607_R0.nc": {"start": "2024-10-23T21:46:07Z", "end": "2024-10-23T21:46:07Z", "north": "35.344", "south": "31.444", "east": "-113.236", "west": "-118.897", "format": "netCDF-4", "sizeMB": 0.05}, "whymsie_aro_ER2_20241113213423_R0.nc": {"start": "2024-11-13T21:34:23Z", "end": "2024-11-13T21:34:23Z", "north": "36.701", "south": "34.783", "east": "-125.651", "west": "-130.397", "format": "netCDF-4", "sizeMB": 0.05}, "whymsie_aro_ER2_20241030222506_R0.nc": {"start": "2024-10-30T22:25:06Z", "end": "2024-10-30T22:25:06Z", "north": "27.676", "south": "26.93", "east": "-121.601", "west": "-125.396", "format": "netCDF-4", "sizeMB": 0.04}, "whymsie_aro_ER2_20241030195620_R0.nc": {"start": "2024-10-30T19:56:20Z", "end": "2024-10-30T19:56:20Z", "north": "35.268", "south": "33.821", "east": "-114.651", "west": "-117.91", "format": "netCDF-4", "sizeMB": 0.04}, "whymsie_aro_ER2_20241107183135_R0.nc": {"start": "2024-11-07T18:31:35Z", "end": "2024-11-07T18:31:35Z", "north": "36.986", "south": "36.571", "east": "-114.589", "west": "-117.913", "format": "netCDF-4", "sizeMB": 0.04}, "whymsie_aro_ER2_20241030225231_R0.nc": {"start": "2024-10-30T22:52:31Z", "end": "2024-10-30T22:52:31Z", "north": "34.533", "south": "30.652", "east": "-117.28", "west": "-121.462", "format": "netCDF-4", "sizeMB": 0.04}, "whymsie_aro_ER2_20241112190623_R0.nc": {"start": "2024-11-12T19:06:23Z", "end": "2024-11-12T19:06:23Z", "north": "31.367", "south": "29.082", "east": "-122.403", "west": "-124.786", "format": "netCDF-4", "sizeMB": 0.04}, "whymsie_aro_ER2_20241023190156_R0.nc": {"start": "2024-10-23T19:01:56Z", "end": "2024-10-23T19:01:56Z", "north": "34.733", "south": "28.885", "east": "-119.16", "west": "-121.498", "format": "netCDF-4", "sizeMB": 0.04}, "whymsie_aro_ER2_20241112214421_R0.nc": {"start": "2024-11-12T21:44:21Z", "end": "2024-11-12T21:44:21Z", "north": "33.806", "south": "30.859", "east": "-117.487", "west": "-117.825", "format": "netCDF-4", "sizeMB": 0.04}, "whymsie_aro_ER2_20241022205258_R0.nc": {"start": "2024-10-22T20:52:58Z", "end": "2024-10-22T20:52:58Z", "north": "38.613", "south": "35.224", "east": "-103.003", "west": "-104.857", "format": "netCDF-4", "sizeMB": 0.05}, "whymsie_aro_ER2_20241113204731_R0.nc": {"start": "2024-11-13T20:47:31Z", "end": "2024-11-13T20:47:31Z", "north": "43.179", "south": "40.177", "east": "-127.091", "west": "-128.703", "format": "netCDF-4", "sizeMB": 0.04}, "whymsie_aro_ER2_20241030212729_R0.nc": {"start": "2024-10-30T21:27:29Z", "end": "2024-10-30T21:27:29Z", "north": "26.176", "south": "24.963", "east": "-120.935", "west": "-122.098", "format": "netCDF-4", "sizeMB": 0.03}, "whymsie_aro_ER2_20241104212106_R0.nc": {"start": "2024-11-04T21:21:06Z", "end": "2024-11-04T21:21:06Z", "north": "42.076", "south": "38.056", "east": "-117.55", "west": "-119.398", "format": "netCDF-4", "sizeMB": 0.05}, "whymsie_aro_ER2_20241113195736_R0.nc": {"start": "2024-11-13T19:57:36Z", "end": "2024-11-13T19:57:36Z", "north": "41.357", "south": "36.285", "east": "-123.364", "west": "-124.612", "format": "netCDF-4", "sizeMB": 0.05}, "whymsie_aro_ER2_20241107192009_R0.nc": {"start": "2024-11-07T19:20:09Z", "end": "2024-11-07T19:20:09Z", "north": "36.411", "south": "31.198", "east": "-124.417", "west": "-127.467", "format": "netCDF-4", "sizeMB": 0.05}, "whymsie_aro_ER2_20241112181634_R0.nc": {"start": "2024-11-12T18:16:34Z", "end": "2024-11-12T18:16:34Z", "north": "34.231", "south": "31.362", "east": "-118.055", "west": "-119.242", "format": "netCDF-4", "sizeMB": 0.04}, "whymsie_aro_ER2_20241030203715_R0.nc": {"start": "2024-10-30T20:37:15Z", "end": "2024-10-30T20:37:15Z", "north": "30.455", "south": "29.889", "east": "-121.526", "west": "-125.39", "format": "netCDF-4", "sizeMB": 0.04}, "whymsie_aro_ER2_20241023204254_R0.nc": {"start": "2024-10-23T20:42:54Z", "end": "2024-10-23T20:42:54Z", "north": "27.286", "south": "25.761", "east": "-118.289", "west": "-120.549", "format": "netCDF-4", "sizeMB": 0.04}, "whymsie_aro_ER2_20241030224720_R0.nc": {"start": "2024-10-30T22:47:20Z", "end": "2024-10-30T22:47:20Z", "north": "30.017", "south": "26.896", "east": "-120.035", "west": "-121.462", "format": "netCDF-4", "sizeMB": 0.05}, "whymsie_aro_ER2_20241030195208_R0.nc": {"start": "2024-10-30T19:52:08Z", "end": "2024-10-30T19:52:08Z", "north": "34.973", "south": "32.713", "east": "-119.284", "west": "-122.524", "format": "netCDF-4", "sizeMB": 0.05}, "whymsie_aro_ER2_20241025224145_R0.nc": {"start": "2024-10-25T22:41:45Z", "end": "2024-10-25T22:41:45Z", "north": "37.953", "south": "35.208", "east": "-105.618", "west": "-107.526", "format": "netCDF-4", "sizeMB": 0.05}, "whymsie_aro_ER2_20241025200549_R0.nc": {"start": "2024-10-25T20:05:49Z", "end": "2024-10-25T20:05:49Z", "north": "38.205", "south": "35.142", "east": "-91.023", "west": "-94.509", "format": "netCDF-4", "sizeMB": 0.03}, "whymsie_aro_ER2_20241113211225_R0.nc": {"start": "2024-11-13T21:12:25Z", "end": "2024-11-13T21:12:25Z", "north": "39.616", "south": "35.929", "east": "-128.721", "west": "-131.705", "format": "netCDF-4", "sizeMB": 0.04}, "whymsie_aro_ER2_20241031174501_R0.nc": {"start": "2024-10-31T17:45:01Z", "end": "2024-10-31T17:45:01Z", "north": "35.683", "south": "31.574", "east": "-111.461", "west": "-112.844", "format": "netCDF-4", "sizeMB": 0.04}, "whymsie_aro_ER2_20241112185656_R0.nc": {"start": "2024-11-12T18:56:56Z", "end": "2024-11-12T18:56:56Z", "north": "33.854", "south": "32.024", "east": "-117.004", "west": "-120.164", "format": "netCDF-4", "sizeMB": 0.05}, "whymsie_aro_ER2_20241022173335_R0.nc": {"start": "2024-10-22T17:33:35Z", "end": "2024-10-22T17:33:35Z", "north": "nan", "south": "nan", "east": "nan", "west": "nan", "format": "netCDF-4", "sizeMB": 0.05}, "whymsie_aro_ER2_20241022205034_R0.nc": {"start": "2024-10-22T20:50:34Z", "end": "2024-10-22T20:50:34Z", "north": "37.6", "south": "35.234", "east": "-100.017", "west": "-101.377", "format": "netCDF-4", "sizeMB": 0.04}, "whymsie_aro_ER2_20241104182518_R0.nc": {"start": "2024-11-04T18:25:18Z", "end": "2024-11-04T18:25:18Z", "north": "35.51", "south": "31.759", "east": "-122.454", "west": "-123.19", "format": "netCDF-4", "sizeMB": 0.05}, "whymsie_aro_ER2_20241113214039_R0.nc": {"start": "2024-11-13T21:40:39Z", "end": "2024-11-13T21:40:39Z", "north": "37.625", "south": "37.324", "east": "-126.073", "west": "-129.22", "format": "netCDF-4", "sizeMB": 0.05}, "whymsie_aro_ER2_20241113210106_R0.nc": {"start": "2024-11-13T21:01:06Z", "end": "2024-11-13T21:01:06Z", "north": "40.671", "south": "35.831", "east": "-124.641", "west": "-129.173", "format": "netCDF-4", "sizeMB": 0.05}, "whymsie_aro_ER2_20241031223134_R0.nc": {"start": "2024-10-31T22:31:34Z", "end": "2024-10-31T22:31:34Z", "north": "34.788", "south": "33.67", "east": "-115.578", "west": "-115.857", "format": "netCDF-4", "sizeMB": 0.03}, "whymsie_aro_ER2_20241023203417_R0.nc": {"start": "2024-10-23T20:34:17Z", "end": "2024-10-23T20:34:17Z", "north": "23.733", "south": "21.101", "east": "-117.274", "west": "-117.749", "format": "netCDF-4", "sizeMB": 0.04}, "whymsie_aro_ER2_20241025191555_R0.nc": {"start": "2024-10-25T19:15:55Z", "end": "2024-10-25T19:15:55Z", "north": "36.49", "south": "36.447", "east": "-97.715", "west": "-100.048", "format": "netCDF-4", "sizeMB": 0.03}, "whymsie_aro_ER2_20241104173405_R0.nc": {"start": "2024-11-04T17:34:05Z", "end": "2024-11-04T17:34:05Z", "north": "34.658", "south": "33.647", "east": "-118.252", "west": "-122.751", "format": "netCDF-4", "sizeMB": 0.04}, "whymsie_aro_ER2_20241112204039_R0.nc": {"start": "2024-11-12T20:40:39Z", "end": "2024-11-12T20:40:39Z", "north": "34.548", "south": "31.892", "east": "-120.147", "west": "-124.934", "format": "netCDF-4", "sizeMB": 0.04}, "whymsie_aro_ER2_20241030223932_R0.nc": {"start": "2024-10-30T22:39:32Z", "end": "2024-10-30T22:39:32Z", "north": "30.692", "south": "26.863", "east": "-116.868", "west": "-121.031", "format": "netCDF-4", "sizeMB": 0.04}, "whymsie_aro_ER2_20241104211115_R0.nc": {"start": "2024-11-04T21:11:15Z", "end": "2024-11-04T21:11:15Z", "north": "38.624", "south": "36.069", "east": "-114.931", "west": "-123.051", "format": "netCDF-4", "sizeMB": 0.05}, "whymsie_aro_ER2_20241107181142_R0.nc": {"start": "2024-11-07T18:11:42Z", "end": "2024-11-07T18:11:42Z", "north": "nan", "south": "nan", "east": "nan", "west": "nan", "format": "netCDF-4", "sizeMB": 0.04}, "whymsie_aro_ER2_20241107210507_R0.nc": {"start": "2024-11-07T21:05:07Z", "end": "2024-11-07T21:05:07Z", "north": "38.091", "south": "34.396", "east": "-125.635", "west": "-128.3", "format": "netCDF-4", "sizeMB": 0.04}, "whymsie_aro_ER2_20241031215928_R0.nc": {"start": "2024-10-31T21:59:28Z", "end": "2024-10-31T21:59:28Z", "north": "35.151", "south": "32.631", "east": "-112.522", "west": "-114.386", "format": "netCDF-4", "sizeMB": 0.03}, "whymsie_aro_ER2_20241104181517_R0.nc": {"start": "2024-11-04T18:15:17Z", "end": "2024-11-04T18:15:17Z", "north": "31.368", "south": "29.746", "east": "-120.963", "west": "-122.516", "format": "netCDF-4", "sizeMB": 0.04}, "whymsie_aro_ER2_20241113190658_R0.nc": {"start": "2024-11-13T19:06:58Z", "end": "2024-11-13T19:06:58Z", "north": "40.388", "south": "36.973", "east": "-117.308", "west": "-118.572", "format": "netCDF-4", "sizeMB": 0.04}, "whymsie_aro_ER2_20241031205345_R0.nc": {"start": "2024-10-31T20:53:45Z", "end": "2024-10-31T20:53:45Z", "north": "39.131", "south": "35.532", "east": "-101.717", "west": "-103.241", "format": "netCDF-4", "sizeMB": 0.04}, "whymsie_aro_ER2_20241031174403_R0.nc": {"start": "2024-10-31T17:44:03Z", "end": "2024-10-31T17:44:03Z", "north": "35.977", "south": "33.506", "east": "-110.208", "west": "-111.409", "format": "netCDF-4", "sizeMB": 0.03}, "whymsie_aro_ER2_20241112200120_R0.nc": {"start": "2024-11-12T20:01:20Z", "end": "2024-11-12T20:01:20Z", "north": "34.553", "south": "32.299", "east": "-124.673", "west": "-127.723", "format": "netCDF-4", "sizeMB": 0.04}, "whymsie_aro_ER2_20241030194702_R0.nc": {"start": "2024-10-30T19:47:02Z", "end": "2024-10-30T19:47:02Z", "north": "34.243", "south": "29.298", "east": "-118.326", "west": "-122.469", "format": "netCDF-4", "sizeMB": 0.03}, "whymsie_aro_ER2_20241112213728_R0.nc": {"start": "2024-11-12T21:37:28Z", "end": "2024-11-12T21:37:28Z", "north": "33.163", "south": "30.242", "east": "-115.7", "west": "-118.126", "format": "netCDF-4", "sizeMB": 0.04}, "whymsie_aro_ER2_20241022221419_R0.nc": {"start": "2024-10-22T22:14:19Z", "end": "2024-10-22T22:14:19Z", "north": "35.949", "south": "35.242", "east": "-108.907", "west": "-112.112", "format": "netCDF-4", "sizeMB": 0.04}, "whymsie_aro_ER2_20241112204056_R0.nc": {"start": "2024-11-12T20:40:56Z", "end": "2024-11-12T20:40:56Z", "north": "34.581", "south": "31.91", "east": "-120.837", "west": "-124.873", "format": "netCDF-4", "sizeMB": 0.04}, "whymsie_aro_ER2_20241107202931_R0.nc": {"start": "2024-11-07T20:29:31Z", "end": "2024-11-07T20:29:31Z", "north": "34.099", "south": "32.066", "east": "-124.244", "west": "-126.269", "format": "netCDF-4", "sizeMB": 0.04}, "whymsie_aro_ER2_20241107213745_R0.nc": {"start": "2024-11-07T21:37:45Z", "end": "2024-11-07T21:37:45Z", "north": "30.88", "south": "28.299", "east": "-124.591", "west": "-127.538", "format": "netCDF-4", "sizeMB": 0.05}, "whymsie_aro_ER2_20241025233332_R0.nc": {"start": "2024-10-25T23:33:32Z", "end": "2024-10-25T23:33:32Z", "north": "37.162", "south": "35.143", "east": "-112.552", "west": "-114.442", "format": "netCDF-4", "sizeMB": 0.04}, "whymsie_aro_ER2_20241113212803_R0.nc": {"start": "2024-11-13T21:28:03Z", "end": "2024-11-13T21:28:03Z", "north": "37.651", "south": "34.9", "east": "-126.602", "west": "-130.176", "format": "netCDF-4", "sizeMB": 0.04}, "whymsie_aro_ER2_20241107210823_R0.nc": {"start": "2024-11-07T21:08:23Z", "end": "2024-11-07T21:08:23Z", "north": "37.028", "south": "32.14", "east": "-124.924", "west": "-130.223", "format": "netCDF-4", "sizeMB": 0.05}, "whymsie_aro_ER2_20241107194011_R0.nc": {"start": "2024-11-07T19:40:11Z", "end": "2024-11-07T19:40:11Z", "north": "33.724", "south": "33.157", "east": "-121.673", "west": "-124.074", "format": "netCDF-4", "sizeMB": 0.04}, "whymsie_aro_ER2_20241025221517_R0.nc": {"start": "2024-10-25T22:15:17Z", "end": "2024-10-25T22:15:17Z", "north": "38.052", "south": "35.043", "east": "-105.918", "west": "-108.091", "format": "netCDF-4", "sizeMB": 0.05}, "whymsie_aro_ER2_20241023210810_R0.nc": {"start": "2024-10-23T21:08:10Z", "end": "2024-10-23T21:08:10Z", "north": "27.43", "south": "25.193", "east": "-118.761", "west": "-119.417", "format": "netCDF-4", "sizeMB": 0.04}, "whymsie_aro_ER2_20241112194116_R0.nc": {"start": "2024-11-12T19:41:16Z", "end": "2024-11-12T19:41:16Z", "north": "31.814", "south": "29.446", "east": "-122.569", "west": "-125.074", "format": "netCDF-4", "sizeMB": 0.04}, "whymsie_aro_ER2_20241031221325_R0.nc": {"start": "2024-10-31T22:13:25Z", "end": "2024-10-31T22:13:25Z", "north": "38.457", "south": "34.922", "east": "-114.883", "west": "-115.369", "format": "netCDF-4", "sizeMB": 0.05}, "whymsie_aro_ER2_20241113200941_R0.nc": {"start": "2024-11-13T20:09:41Z", "end": "2024-11-13T20:09:41Z", "north": "40.09", "south": "36.719", "east": "-121.63", "west": "-125.526", "format": "netCDF-4", "sizeMB": 0.05}, "whymsie_aro_ER2_20241025191603_R0.nc": {"start": "2024-10-25T19:16:03Z", "end": "2024-10-25T19:16:03Z", "north": "36.367", "south": "32.868", "east": "-96.839", "west": "-97.66", "format": "netCDF-4", "sizeMB": 0.04}, "whymsie_aro_ER2_20241104204245_R0.nc": {"start": "2024-11-04T20:42:45Z", "end": "2024-11-04T20:42:45Z", "north": "38.333", "south": "36.176", "east": "-117.711", "west": "-120.311", "format": "netCDF-4", "sizeMB": 0.03}, "whymsie_aro_ER2_20241112185751_R0.nc": {"start": "2024-11-12T18:57:51Z", "end": "2024-11-12T18:57:51Z", "north": "34.369", "south": "31.961", "east": "-119.19", "west": "-120.243", "format": "netCDF-4", "sizeMB": 0.04}, "whymsie_aro_ER2_20241112212909_R0.nc": {"start": "2024-11-12T21:29:09Z", "end": "2024-11-12T21:29:09Z", "north": "33.545", "south": "28.652", "east": "-118.108", "west": "-122.783", "format": "netCDF-4", "sizeMB": 0.04}, "whymsie_aro_ER2_20241025171816_R0.nc": {"start": "2024-10-25T17:18:16Z", "end": "2024-10-25T17:18:16Z", "north": "34.991", "south": "31.843", "east": "-113.468", "west": "-114.55", "format": "netCDF-4", "sizeMB": 0.03}, "whymsie_aro_ER2_20241023184257_R0.nc": {"start": "2024-10-23T18:42:57Z", "end": "2024-10-23T18:42:57Z", "north": "34.217", "south": "33.122", "east": "-118.212", "west": "-118.806", "format": "netCDF-4", "sizeMB": 0.03}, "whymsie_aro_ER2_20241023201034_R0.nc": {"start": "2024-10-23T20:10:34Z", "end": "2024-10-23T20:10:34Z", "north": "26.156", "south": "23.947", "east": "-115.922", "west": "-117.852", "format": "netCDF-4", "sizeMB": 0.04}, "whymsie_aro_ER2_20241023190313_R0.nc": {"start": "2024-10-23T19:03:13Z", "end": "2024-10-23T19:03:13Z", "north": "30.113", "south": "28.033", "east": "-119.73", "west": "-122.659", "format": "netCDF-4", "sizeMB": 0.04}, "whymsie_aro_ER2_20241030222820_R0.nc": {"start": "2024-10-30T22:28:20Z", "end": "2024-10-30T22:28:20Z", "north": "31.015", "south": "29.107", "east": "-121.476", "west": "-123.56", "format": "netCDF-4", "sizeMB": 0.04}, "whymsie_aro_ER2_20241022222200_R0.nc": {"start": "2024-10-22T22:22:00Z", "end": "2024-10-22T22:22:00Z", "north": "38.936", "south": "35.138", "east": "-114.51", "west": "-116.077", "format": "netCDF-4", "sizeMB": 0.05}, "whymsie_aro_ER2_20241112201041_R0.nc": {"start": "2024-11-12T20:10:41Z", "end": "2024-11-12T20:10:41Z", "north": "32.162", "south": "28.088", "east": "-128.197", "west": "-129.578", "format": "netCDF-4", "sizeMB": 0.03}, "whymsie_aro_ER2_20241112212125_R0.nc": {"start": "2024-11-12T21:21:25Z", "end": "2024-11-12T21:21:25Z", "north": "33.133", "south": "32.702", "east": "-115.163", "west": "-118.632", "format": "netCDF-4", "sizeMB": 0.05}, "whymsie_aro_ER2_20241112202756_R0.nc": {"start": "2024-11-12T20:27:56Z", "end": "2024-11-12T20:27:56Z", "north": "nan", "south": "nan", "east": "nan", "west": "nan", "format": "netCDF-4", "sizeMB": 0.05}, "whymsie_aro_ER2_20241113185940_R0.nc": {"start": "2024-11-13T18:59:40Z", "end": "2024-11-13T18:59:40Z", "north": "40.474", "south": "36.804", "east": "-119.918", "west": "-120.164", "format": "netCDF-4", "sizeMB": 0.05}, "whymsie_aro_ER2_20241023184545_R0.nc": {"start": "2024-10-23T18:45:45Z", "end": "2024-10-23T18:45:45Z", "north": "35.156", "south": "32.878", "east": "-116.625", "west": "-118.71", "format": "netCDF-4", "sizeMB": 0.05}, "whymsie_aro_ER2_20241022214329_R0.nc": {"start": "2024-10-22T21:43:29Z", "end": "2024-10-22T21:43:29Z", "north": "nan", "south": "nan", "east": "nan", "west": "nan", "format": "netCDF-4", "sizeMB": 0.05}, "whymsie_aro_ER2_20241104172639_R0.nc": {"start": "2024-11-04T17:26:39Z", "end": "2024-11-04T17:26:39Z", "north": "35.753", "south": "34.975", "east": "-118.332", "west": "-122.504", "format": "netCDF-4", "sizeMB": 0.04}, "whymsie_aro_ER2_20241030204420_R0.nc": {"start": "2024-10-30T20:44:20Z", "end": "2024-10-30T20:44:20Z", "north": "28.602", "south": "25.889", "east": "-121.611", "west": "-123.99", "format": "netCDF-4", "sizeMB": 0.05}, "whymsie_aro_ER2_20241112182248_R0.nc": {"start": "2024-11-12T18:22:48Z", "end": "2024-11-12T18:22:48Z", "north": "33.691", "south": "30.589", "east": "-117.939", "west": "-119.739", "format": "netCDF-4", "sizeMB": 0.05}, "whymsie_aro_ER2_20241031171055_R0.nc": {"start": "2024-10-31T17:10:55Z", "end": "2024-10-31T17:10:55Z", "north": "34.71", "south": "30.607", "east": "-113.642", "west": "-115.31", "format": "netCDF-4", "sizeMB": 0.05}, "whymsie_aro_ER2_20241022210552_R0.nc": {"start": "2024-10-22T21:05:52Z", "end": "2024-10-22T21:05:52Z", "north": "36.184", "south": "35.191", "east": "-100.089", "west": "-103.394", "format": "netCDF-4", "sizeMB": 0.04}, "whymsie_aro_ER2_20241113185334_R0.nc": {"start": "2024-11-13T18:53:34Z", "end": "2024-11-13T18:53:34Z", "north": "39.096", "south": "36.746", "east": "-118.425", "west": "-122.02", "format": "netCDF-4", "sizeMB": 0.04}, "whymsie_aro_ER2_20241030195743_R0.nc": {"start": "2024-10-30T19:57:43Z", "end": "2024-10-30T19:57:43Z", "north": "36.424", "south": "33.634", "east": "-116.704", "west": "-118.197", "format": "netCDF-4", "sizeMB": 0.04}, "whymsie_aro_ER2_20241112191738_R0.nc": {"start": "2024-11-12T19:17:38Z", "end": "2024-11-12T19:17:38Z", "north": "35.251", "south": "31.851", "east": "-124.653", "west": "-124.934", "format": "netCDF-4", "sizeMB": 0.05}, "whymsie_aro_ER2_20241030230259_R0.nc": {"start": "2024-10-30T23:02:59Z", "end": "2024-10-30T23:02:59Z", "north": "31.57", "south": "30.217", "east": "-116.741", "west": "-120.512", "format": "netCDF-4", "sizeMB": 0.04}, "whymsie_aro_ER2_20241030211838_R0.nc": {"start": "2024-10-30T21:18:38Z", "end": "2024-10-30T21:18:38Z", "north": "28.917", "south": "24.151", "east": "-122.268", "west": "-124.129", "format": "netCDF-4", "sizeMB": 0.04}, "whymsie_aro_ER2_20241104212440_R0.nc": {"start": "2024-11-04T21:24:40Z", "end": "2024-11-04T21:24:40Z", "north": "37.977", "south": "34.743", "east": "-117.458", "west": "-119.035", "format": "netCDF-4", "sizeMB": 0.04}, "whymsie_aro_ER2_20241030221015_R0.nc": {"start": "2024-10-30T22:10:15Z", "end": "2024-10-30T22:10:15Z", "north": "26.228", "south": "26.069", "east": "-121.862", "west": "-125.423", "format": "netCDF-4", "sizeMB": 0.05}, "whymsie_aro_ER2_20241022195205_R0.nc": {"start": "2024-10-22T19:52:05Z", "end": "2024-10-22T19:52:05Z", "north": "36.268", "south": "33.102", "east": "-97.555", "west": "-99.486", "format": "netCDF-4", "sizeMB": 0.03}, "whymsie_aro_ER2_20241112213954_R0.nc": {"start": "2024-11-12T21:39:54Z", "end": "2024-11-12T21:39:54Z", "north": "37.624", "south": "33.571", "east": "-115.422", "west": "-118.138", "format": "netCDF-4", "sizeMB": 0.05}, "whymsie_aro_ER2_20241107213925_R0.nc": {"start": "2024-11-07T21:39:25Z", "end": "2024-11-07T21:39:25Z", "north": "31.544", "south": "28.893", "east": "-125.102", "west": "-127.667", "format": "netCDF-4", "sizeMB": 0.05}, "whymsie_aro_ER2_20241023191257_R0.nc": {"start": "2024-10-23T19:12:57Z", "end": "2024-10-23T19:12:57Z", "north": "28.527", "south": "25.701", "east": "-119.129", "west": "-120.61", "format": "netCDF-4", "sizeMB": 0.05}, "whymsie_aro_ER2_20241022180111_R0.nc": {"start": "2024-10-22T18:01:11Z", "end": "2024-10-22T18:01:11Z", "north": "35.02", "south": "30.734", "east": "-110.099", "west": "-110.767", "format": "netCDF-4", "sizeMB": 0.05}, "whymsie_aro_ER2_20241112210723_R0.nc": {"start": "2024-11-12T21:07:23Z", "end": "2024-11-12T21:07:23Z", "north": "31.207", "south": "30.578", "east": "-121.604", "west": "-124.686", "format": "netCDF-4", "sizeMB": 0.03}, "whymsie_aro_ER2_20241031192428_R0.nc": {"start": "2024-10-31T19:24:28Z", "end": "2024-10-31T19:24:28Z", "north": "36.048", "south": "33.083", "east": "-97.552", "west": "-103.773", "format": "netCDF-4", "sizeMB": 0.04}, "whymsie_aro_ER2_20241023194501_R0.nc": {"start": "2024-10-23T19:45:01Z", "end": "2024-10-23T19:45:01Z", "north": "25.012", "south": "23.789", "east": "-116.537", "west": "-118.095", "format": "netCDF-4", "sizeMB": 0.04}, "whymsie_aro_ER2_20241030191318_R0.nc": {"start": "2024-10-30T19:13:18Z", "end": "2024-10-30T19:13:18Z", "north": "36.128", "south": "34.108", "east": "-118.353", "west": "-118.879", "format": "netCDF-4", "sizeMB": 0.03}, "whymsie_aro_ER2_20241022214546_R0.nc": {"start": "2024-10-22T21:45:46Z", "end": "2024-10-22T21:45:46Z", "north": "35.026", "south": "31.783", "east": "-109.617", "west": "-111.773", "format": "netCDF-4", "sizeMB": 0.04}, "whymsie_aro_ER2_20241025220744_R0.nc": {"start": "2024-10-25T22:07:44Z", "end": "2024-10-25T22:07:44Z", "north": "39.012", "south": "35.121", "east": "-104.496", "west": "-105.697", "format": "netCDF-4", "sizeMB": 0.05}, "whymsie_aro_ER2_20241022223134_R0.nc": {"start": "2024-10-22T22:31:34Z", "end": "2024-10-22T22:31:34Z", "north": "37.213", "south": "35.147", "east": "-112.577", "west": "-114.387", "format": "netCDF-4", "sizeMB": 0.04}, "whymsie_aro_ER2_20241030224322_R0.nc": {"start": "2024-10-30T22:43:22Z", "end": "2024-10-30T22:43:22Z", "north": "29.528", "south": "26.671", "east": "-119.197", "west": "-121.362", "format": "netCDF-4", "sizeMB": 0.05}, "whymsie_aro_ER2_20241025223014_R0.nc": {"start": "2024-10-25T22:30:14Z", "end": "2024-10-25T22:30:14Z", "north": "37.67", "south": "35.046", "east": "-103.454", "west": "-106.143", "format": "netCDF-4", "sizeMB": 0.05}, "whymsie_aro_ER2_20241107194449_R0.nc": {"start": "2024-11-07T19:44:49Z", "end": "2024-11-07T19:44:49Z", "north": "32.711", "south": "30.614", "east": "-121.969", "west": "-123.745", "format": "netCDF-4", "sizeMB": 0.05}, "whymsie_aro_ER2_20241104172728_R0.nc": {"start": "2024-11-04T17:27:28Z", "end": "2024-11-04T17:27:28Z", "north": "35.358", "south": "32.039", "east": "-118.163", "west": "-118.385", "format": "netCDF-4", "sizeMB": 0.05}, "whymsie_aro_ER2_20241025225929_R0.nc": {"start": "2024-10-25T22:59:29Z", "end": "2024-10-25T22:59:29Z", "north": "34.919", "south": "31.006", "east": "-109.462", "west": "-109.888", "format": "netCDF-4", "sizeMB": 0.04}, "whymsie_aro_ER2_20241025222241_R0.nc": {"start": "2024-10-25T22:22:41Z", "end": "2024-10-25T22:22:41Z", "north": "35.147", "south": "35.051", "east": "-101.447", "west": "-104.947", "format": "netCDF-4", "sizeMB": 0.05}, "whymsie_aro_ER2_20241113220312_R0.nc": {"start": "2024-11-13T22:03:12Z", "end": "2024-11-13T22:03:12Z", "north": "nan", "south": "nan", "east": "nan", "west": "nan", "format": "netCDF-4", "sizeMB": 0.03}, "whymsie_aro_ER2_20241113190505_R0.nc": {"start": "2024-11-13T19:05:05Z", "end": "2024-11-13T19:05:05Z", "north": "38.992", "south": "36.84", "east": "-115.344", "west": "-118.283", "format": "netCDF-4", "sizeMB": 0.05}, "whymsie_aro_ER2_20241030210233_R0.nc": {"start": "2024-10-30T21:02:33Z", "end": "2024-10-30T21:02:33Z", "north": "28.217", "south": "27.7", "east": "-117.9", "west": "-121.505", "format": "netCDF-4", "sizeMB": 0.04}, "whymsie_aro_ER2_20241104185151_R0.nc": {"start": "2024-11-04T18:51:51Z", "end": "2024-11-04T18:51:51Z", "north": "31.941", "south": "28.133", "east": "-124.559", "west": "-125.235", "format": "netCDF-4", "sizeMB": 0.03}, "whymsie_aro_ER2_20241107192522_R0.nc": {"start": "2024-11-07T19:25:22Z", "end": "2024-11-07T19:25:22Z", "north": "39.322", "south": "36.551", "east": "-122.208", "west": "-124.628", "format": "netCDF-4", "sizeMB": 0.05}, "whymsie_aro_ER2_20241113192834_R0.nc": {"start": "2024-11-13T19:28:34Z", "end": "2024-11-13T19:28:34Z", "north": "36.787", "south": "34.975", "east": "-121.544", "west": "-128.638", "format": "netCDF-4", "sizeMB": 0.04}, "whymsie_aro_ER2_20241025232636_R0.nc": {"start": "2024-10-25T23:26:36Z", "end": "2024-10-25T23:26:36Z", "north": "35.098", "south": "33.429", "east": "-115.0", "west": "-117.909", "format": "netCDF-4", "sizeMB": 0.05}, "whymsie_aro_ER2_20241030220312_R0.nc": {"start": "2024-10-30T22:03:12Z", "end": "2024-10-30T22:03:12Z", "north": "28.204", "south": "26.119", "east": "-121.852", "west": "-124.046", "format": "netCDF-4", "sizeMB": 0.04}, "whymsie_aro_ER2_20241031205924_R0.nc": {"start": "2024-10-31T20:59:24Z", "end": "2024-10-31T20:59:24Z", "north": "35.165", "south": "31.893", "east": "-102.546", "west": "-103.895", "format": "netCDF-4", "sizeMB": 0.04}, "whymsie_aro_ER2_20241025204331_R0.nc": {"start": "2024-10-25T20:43:31Z", "end": "2024-10-25T20:43:31Z", "north": "40.113", "south": "37.923", "east": "-91.607", "west": "-92.994", "format": "netCDF-4", "sizeMB": 0.04}, "whymsie_aro_ER2_20241104175535_R0.nc": {"start": "2024-11-04T17:55:35Z", "end": "2024-11-04T17:55:35Z", "north": "35.101", "south": "33.44", "east": "-117.874", "west": "-118.364", "format": "netCDF-4", "sizeMB": 0.03}, "whymsie_aro_ER2_20241104211434_R0.nc": {"start": "2024-11-04T21:14:34Z", "end": "2024-11-04T21:14:34Z", "north": "39.365", "south": "38.495", "east": "-111.523", "west": "-115.132", "format": "netCDF-4", "sizeMB": 0.05}, "whymsie_aro_ER2_20241023201820_R0.nc": {"start": "2024-10-23T20:18:20Z", "end": "2024-10-23T20:18:20Z", "north": "23.67", "south": "20.787", "east": "-118.057", "west": "-121.697", "format": "netCDF-4", "sizeMB": 0.04}, "whymsie_aro_ER2_20241022175140_R0.nc": {"start": "2024-10-22T17:51:40Z", "end": "2024-10-22T17:51:40Z", "north": "35.005", "south": "30.727", "east": "-110.787", "west": "-112.504", "format": "netCDF-4", "sizeMB": 0.04}, "whymsie_aro_ER2_20241025233401_R0.nc": {"start": "2024-10-25T23:34:01Z", "end": "2024-10-25T23:34:01Z", "north": "38.252", "south": "35.142", "east": "-115.988", "west": "-118.292", "format": "netCDF-4", "sizeMB": 0.05}, "whymsie_aro_ER2_20241025212319_R0.nc": {"start": "2024-10-25T21:23:19Z", "end": "2024-10-25T21:23:19Z", "north": "36.001", "south": "35.307", "east": "-99.46", "west": "-103.401", "format": "netCDF-4", "sizeMB": 0.05}, "whymsie_aro_ER2_20241031175013_R0.nc": {"start": "2024-10-31T17:50:13Z", "end": "2024-10-31T17:50:13Z", "north": "nan", "south": "nan", "east": "nan", "west": "nan", "format": "netCDF-4", "sizeMB": 0.05}, "whymsie_aro_ER2_20241104195601_R0.nc": {"start": "2024-11-04T19:56:01Z", "end": "2024-11-04T19:56:01Z", "north": "37.627", "south": "35.683", "east": "-120.921", "west": "-123.184", "format": "netCDF-4", "sizeMB": 0.04}, "whymsie_aro_ER2_20241107220702_R0.nc": {"start": "2024-11-07T22:07:02Z", "end": "2024-11-07T22:07:02Z", "north": "31.159", "south": "27.766", "east": "-118.432", "west": "-121.903", "format": "netCDF-4", "sizeMB": 0.05}, "whymsie_aro_ER2_20241113214225_R0.nc": {"start": "2024-11-13T21:42:25Z", "end": "2024-11-13T21:42:25Z", "north": "37.165", "south": "36.304", "east": "-125.895", "west": "-129.281", "format": "netCDF-4", "sizeMB": 0.04}, "whymsie_aro_ER2_20241107194421_R0.nc": {"start": "2024-11-07T19:44:21Z", "end": "2024-11-07T19:44:21Z", "north": "33.849", "south": "26.259", "east": "-123.455", "west": "-124.282", "format": "netCDF-4", "sizeMB": 0.05}, "whymsie_aro_ER2_20241023193000_R0.nc": {"start": "2024-10-23T19:30:00Z", "end": "2024-10-23T19:30:00Z", "north": "27.242", "south": "24.089", "east": "-118.813", "west": "-120.431", "format": "netCDF-4", "sizeMB": 0.05}, "whymsie_aro_ER2_20241112195840_R0.nc": {"start": "2024-11-12T19:58:40Z", "end": "2024-11-12T19:58:40Z", "north": "32.107", "south": "28.182", "east": "-128.082", "west": "-129.109", "format": "netCDF-4", "sizeMB": 0.03}, "whymsie_aro_ER2_20241031195354_R0.nc": {"start": "2024-10-31T19:53:54Z", "end": "2024-10-31T19:53:54Z", "north": "36.358", "south": "32.998", "east": "-97.674", "west": "-99.491", "format": "netCDF-4", "sizeMB": 0.04}, "whymsie_aro_ER2_20241025222754_R0.nc": {"start": "2024-10-25T22:27:54Z", "end": "2024-10-25T22:27:54Z", "north": "37.633", "south": "35.064", "east": "-102.989", "west": "-105.82", "format": "netCDF-4", "sizeMB": 0.04}, "whymsie_aro_ER2_20241023212322_R0.nc": {"start": "2024-10-23T21:23:22Z", "end": "2024-10-23T21:23:22Z", "north": "29.045", "south": "27.062", "east": "-115.671", "west": "-118.99", "format": "netCDF-4", "sizeMB": 0.05}, "whymsie_aro_ER2_20241113212337_R0.nc": {"start": "2024-11-13T21:23:37Z", "end": "2024-11-13T21:23:37Z", "north": "nan", "south": "nan", "east": "nan", "west": "nan", "format": "netCDF-4", "sizeMB": 0.05}, "whymsie_aro_ER2_20241113212214_R0.nc": {"start": "2024-11-13T21:22:14Z", "end": "2024-11-13T21:22:14Z", "north": "38.903", "south": "34.358", "east": "-127.678", "west": "-130.212", "format": "netCDF-4", "sizeMB": 0.04}, "whymsie_aro_ER2_20241025192254_R0.nc": {"start": "2024-10-25T19:22:54Z", "end": "2024-10-25T19:22:54Z", "north": "nan", "south": "nan", "east": "nan", "west": "nan", "format": "netCDF-4", "sizeMB": 0.04}, "whymsie_aro_ER2_20241112190935_R0.nc": {"start": "2024-11-12T19:09:35Z", "end": "2024-11-12T19:09:35Z", "north": "nan", "south": "nan", "east": "nan", "west": "nan", "format": "netCDF-4", "sizeMB": 0.04}, "whymsie_aro_ER2_20241031210904_R0.nc": {"start": "2024-10-31T21:09:04Z", "end": "2024-10-31T21:09:04Z", "north": "39.216", "south": "35.869", "east": "-106.984", "west": "-107.571", "format": "netCDF-4", "sizeMB": 0.04}, "whymsie_aro_ER2_20241107214700_R0.nc": {"start": "2024-11-07T21:47:00Z", "end": "2024-11-07T21:47:00Z", "north": "30.809", "south": "27.667", "east": "-124.658", "west": "-125.479", "format": "netCDF-4", "sizeMB": 0.05}, "whymsie_aro_ER2_20241112184712_R0.nc": {"start": "2024-11-12T18:47:12Z", "end": "2024-11-12T18:47:12Z", "north": "32.402", "south": "27.365", "east": "-119.608", "west": "-123.799", "format": "netCDF-4", "sizeMB": 0.03}, "whymsie_aro_ER2_20241030203404_R0.nc": {"start": "2024-10-30T20:34:04Z", "end": "2024-10-30T20:34:04Z", "north": "29.692", "south": "26.962", "east": "-121.584", "west": "-123.15", "format": "netCDF-4", "sizeMB": 0.04}, "whymsie_aro_ER2_20241025224322_R0.nc": {"start": "2024-10-25T22:43:22Z", "end": "2024-10-25T22:43:22Z", "north": "38.851", "south": "35.244", "east": "-109.822", "west": "-110.111", "format": "netCDF-4", "sizeMB": 0.05}, "whymsie_aro_ER2_20241104183002_R0.nc": {"start": "2024-11-04T18:30:02Z", "end": "2024-11-04T18:30:02Z", "north": "32.126", "south": "31.397", "east": "-118.304", "west": "-121.787", "format": "netCDF-4", "sizeMB": 0.05}, "whymsie_aro_ER2_20241104213426_R0.nc": {"start": "2024-11-04T21:34:26Z", "end": "2024-11-04T21:34:26Z", "north": "39.146", "south": "38.007", "east": "-116.035", "west": "-117.745", "format": "netCDF-4", "sizeMB": 0.03}, "whymsie_aro_ER2_20241030194929_R0.nc": {"start": "2024-10-30T19:49:29Z", "end": "2024-10-30T19:49:29Z", "north": "33.74", "south": "27.62", "east": "-117.901", "west": "-120.18", "format": "netCDF-4", "sizeMB": 0.03}, "whymsie_aro_ER2_20241112192353_R0.nc": {"start": "2024-11-12T19:23:53Z", "end": "2024-11-12T19:23:53Z", "north": "31.591", "south": "31.087", "east": "-120.197", "west": "-123.024", "format": "netCDF-4", "sizeMB": 0.05}, "whymsie_aro_ER2_20241107213945_R0.nc": {"start": "2024-11-07T21:39:45Z", "end": "2024-11-07T21:39:45Z", "north": "33.173", "south": "31.804", "east": "-122.49", "west": "-124.828", "format": "netCDF-4", "sizeMB": 0.04}, "whymsie_aro_ER2_20241031202653_R0.nc": {"start": "2024-10-31T20:26:53Z", "end": "2024-10-31T20:26:53Z", "north": "37.353", "south": "35.233", "east": "-101.478", "west": "-103.992", "format": "netCDF-4", "sizeMB": 0.05}, "whymsie_aro_ER2_20241030210903_R0.nc": {"start": "2024-10-30T21:09:03Z", "end": "2024-10-30T21:09:03Z", "north": "25.794", "south": "23.194", "east": "-122.017", "west": "-124.095", "format": "netCDF-4", "sizeMB": 0.05}, "whymsie_aro_ER2_20241104175908_R0.nc": {"start": "2024-11-04T17:59:08Z", "end": "2024-11-04T17:59:08Z", "north": "35.434", "south": "33.173", "east": "-117.563", "west": "-118.688", "format": "netCDF-4", "sizeMB": 0.04}, "whymsie_aro_ER2_20241025190513_R0.nc": {"start": "2024-10-25T19:05:13Z", "end": "2024-10-25T19:05:13Z", "north": "35.471", "south": "32.62", "east": "-94.978", "west": "-98.596", "format": "netCDF-4", "sizeMB": 0.03}, "whymsie_aro_ER2_20241104213603_R0.nc": {"start": "2024-11-04T21:36:03Z", "end": "2024-11-04T21:36:03Z", "north": "38.511", "south": "37.887", "east": "-116.775", "west": "-117.755", "format": "netCDF-4", "sizeMB": 0.03}, "whymsie_aro_ER2_20241025214150_R0.nc": {"start": "2024-10-25T21:41:50Z", "end": "2024-10-25T21:41:50Z", "north": "39.046", "south": "35.233", "east": "-101.991", "west": "-102.22", "format": "netCDF-4", "sizeMB": 0.05}, "whymsie_aro_ER2_20241113192912_R0.nc": {"start": "2024-11-13T19:29:12Z", "end": "2024-11-13T19:29:12Z", "north": "36.802", "south": "34.497", "east": "-118.454", "west": "-121.512", "format": "netCDF-4", "sizeMB": 0.05}, "whymsie_aro_ER2_20241023181634_R0.nc": {"start": "2024-10-23T18:16:34Z", "end": "2024-10-23T18:16:34Z", "north": "34.957", "south": "34.405", "east": "-118.48", "west": "-122.665", "format": "netCDF-4", "sizeMB": 0.04}, "whymsie_aro_ER2_20241023185128_R0.nc": {"start": "2024-10-23T18:51:28Z", "end": "2024-10-23T18:51:28Z", "north": "32.18", "south": "31.256", "east": "-118.017", "west": "-118.689", "format": "netCDF-4", "sizeMB": 0.03}, "whymsie_aro_ER2_20241107221040_R0.nc": {"start": "2024-11-07T22:10:40Z", "end": "2024-11-07T22:10:40Z", "north": "31.219", "south": "27.689", "east": "-119.084", "west": "-121.466", "format": "netCDF-4", "sizeMB": 0.04}, "whymsie_aro_ER2_20241104205356_R0.nc": {"start": "2024-11-04T20:53:56Z", "end": "2024-11-04T20:53:56Z", "north": "38.275", "south": "35.016", "east": "-116.571", "west": "-121.659", "format": "netCDF-4", "sizeMB": 0.03}, "whymsie_aro_ER2_20241107202846_R0.nc": {"start": "2024-11-07T20:28:46Z", "end": "2024-11-07T20:28:46Z", "north": "35.02", "south": "30.993", "east": "-119.8", "west": "-123.933", "format": "netCDF-4", "sizeMB": 0.05}, "whymsie_aro_ER2_20241022214432_R0.nc": {"start": "2024-10-22T21:44:32Z", "end": "2024-10-22T21:44:32Z", "north": "nan", "south": "nan", "east": "nan", "west": "nan", "format": "netCDF-4", "sizeMB": 0.05}, "whymsie_aro_ER2_20241022211650_R0.nc": {"start": "2024-10-22T21:16:50Z", "end": "2024-10-22T21:16:50Z", "north": "35.004", "south": "34.182", "east": "-106.439", "west": "-109.51", "format": "netCDF-4", "sizeMB": 0.05}, "whymsie_aro_ER2_20241031172527_R0.nc": {"start": "2024-10-31T17:25:27Z", "end": "2024-10-31T17:25:27Z", "north": "34.459", "south": "30.949", "east": "-113.083", "west": "-113.456", "format": "netCDF-4", "sizeMB": 0.04}}