{"whymsie_apex_AVAPS_G3_20241118150331_R1.ict": {"start": "2024-11-18T15:03:35Z", "end": "2024-11-18T15:16:54Z", "north": "36.831", "south": "36.689", "east": "-72.719", "west": "-72.977", "format": "ASCII", "sizeMB": 0.46}, "whymsie_apex_AVAPS_netCDF_G3_20241114162406_R0.nc": {"start": "2024-11-14T16:24:05Z", "end": "2024-11-14T16:34:41Z", "north": "38.741", "south": "38.707", "east": "-125.206", "west": "-125.308", "format": "netCDF-4", "sizeMB": 0.26}, "whymsie_apex_AVAPS_G3_20241104195258_R1.ict": {"start": "2024-11-04T19:52:58Z", "end": "2024-11-04T20:05:59Z", "north": "37.6", "south": "37.495", "east": "-124.921", "west": "-125.028", "format": "ASCII", "sizeMB": 0.43}, "whymsie_apex_AVAPS_netCDF_G3_20241114161644_R0.nc": {"start": "2024-11-14T16:16:43Z", "end": "2024-11-14T16:26:20Z", "north": "38.189", "south": "38.149", "east": "-124.513", "west": "-124.608", "format": "netCDF-4", "sizeMB": 0.24}, "whymsie_apex_AVAPS_G3_20241104194318_R1.ict": {"start": "2024-11-04T19:43:19Z", "end": "2024-11-04T19:56:14Z", "north": "36.581", "south": "36.477", "east": "-125.219", "west": "-125.321", "format": "ASCII", "sizeMB": 0.44}, "whymsie_apex_AVAPS_netCDF_G3_20241104192909_R0.nc": {"start": "2024-11-04T19:29:08Z", "end": "2024-11-04T19:41:47Z", "north": "35.099", "south": "35.004", "east": "-125.652", "west": "-125.733", "format": "netCDF-4", "sizeMB": 0.3}, "whymsie_apex_AVAPS_netCDF_G3_20241030200634_R0.nc": {"start": "2024-10-30T20:06:33Z", "end": "2024-10-30T20:15:22Z", "north": "32.913", "south": "32.905", "east": "-118.99", "west": "-119.033", "format": "netCDF-4", "sizeMB": 0.22}, "whymsie_apex_AVAPS_netCDF_G3_20241104200638_R0.nc": {"start": "2024-11-04T20:06:39Z", "end": "2024-11-04T20:19:22Z", "north": "37.636", "south": "37.532", "east": "-123.126", "west": "-123.226", "format": "netCDF-4", "sizeMB": 0.3}, "whymsie_apex_AVAPS_netCDF_G3_20241107224358_R0.nc": {"start": "2024-11-07T22:43:58Z", "end": "2024-11-07T22:56:59Z", "north": "33.151", "south": "33.072", "east": "-118.692", "west": "-118.722", "format": "netCDF-4", "sizeMB": 0.31}, "whymsie_apex_AVAPS_netCDF_G3_20241107191639_R0.nc": {"start": "2024-11-07T19:16:39Z", "end": "2024-11-07T19:29:29Z", "north": "36.843", "south": "36.811", "east": "-123.729", "west": "-123.75", "format": "netCDF-4", "sizeMB": 0.3}, "whymsie_apex_AVAPS_G3_20241107200422_R1.ict": {"start": "2024-11-07T20:04:22Z", "end": "2024-11-07T20:16:58Z", "north": "32.109", "south": "32.084", "east": "-123.579", "west": "-123.605", "format": "ASCII", "sizeMB": 0.43}, "whymsie_apex_AVAPS_G3_20241030222210_R1.ict": {"start": "2024-10-30T22:22:10Z", "end": "2024-10-30T22:34:44Z", "north": "27.43", "south": "27.405", "east": "-121.487", "west": "-121.564", "format": "ASCII", "sizeMB": 0.43}, "whymsie_apex_AVAPS_netCDF_G3_20241030231404_R0.nc": {"start": "2024-10-30T23:14:06Z", "end": "2024-10-30T23:26:52Z", "north": "32.592", "south": "32.573", "east": "-119.312", "west": "-119.44", "format": "netCDF-4", "sizeMB": 0.3}, "whymsie_apex_AVAPS_netCDF_G3_20241118181411_R0.nc": {"start": "2024-11-18T18:14:10Z", "end": "2024-11-18T18:27:37Z", "north": "36.909", "south": "36.769", "east": "-73.421", "west": "-73.669", "format": "netCDF-4", "sizeMB": 0.32}, "whymsie_apex_AVAPS_G3_20241107212525_R1.ict": {"start": "2024-11-07T21:25:26Z", "end": "2024-11-07T21:38:04Z", "north": "33.333", "south": "33.321", "east": "-125.253", "west": "-125.27", "format": "ASCII", "sizeMB": 0.43}, "whymsie_apex_AVAPS_netCDF_G3_20241030222210_R0.nc": {"start": "2024-10-30T22:22:10Z", "end": "2024-10-30T22:34:44Z", "north": "27.43", "south": "27.405", "east": "-121.487", "west": "-121.564", "format": "netCDF-4", "sizeMB": 0.3}, "whymsie_apex_AVAPS_G3_20241118181411_R1.ict": {"start": "2024-11-18T18:14:11Z", "end": "2024-11-18T18:27:37Z", "north": "36.909", "south": "36.769", "east": "-73.421", "west": "-73.669", "format": "ASCII", "sizeMB": 0.46}, "whymsie_apex_AVAPS_G3_20241030205047_R1.ict": {"start": "2024-10-30T20:50:48Z", "end": "2024-10-30T21:03:05Z", "north": "28.97", "south": "28.938", "east": "-121.38", "west": "-121.475", "format": "ASCII", "sizeMB": 0.42}, "whymsie_apex_AVAPS_netCDF_G3_20241104184332_R0.nc": {"start": "2024-11-04T18:43:31Z", "end": "2024-11-04T18:56:46Z", "north": "31.85", "south": "31.743", "east": "-123.472", "west": "-123.519", "format": "netCDF-4", "sizeMB": 0.31}, "whymsie_apex_AVAPS_G3_20241114162406_R1.ict": {"start": "2024-11-14T16:24:06Z", "end": "2024-11-14T16:34:41Z", "north": "38.741", "south": "38.709", "east": "-125.206", "west": "-125.308", "format": "ASCII", "sizeMB": 0.36}, "whymsie_apex_AVAPS_netCDF_G3_20241107203813_R0.nc": {"start": "2024-11-07T20:38:13Z", "end": "2024-11-07T20:50:57Z", "north": "32.09", "south": "32.072", "east": "-124.241", "west": "-124.267", "format": "netCDF-4", "sizeMB": 0.3}, "whymsie_apex_AVAPS_netCDF_G3_20241030214609_R0.nc": {"start": "2024-10-30T21:46:09Z", "end": "2024-10-30T21:58:44Z", "north": "23.513", "south": "23.502", "east": "-122.363", "west": "-122.392", "format": "netCDF-4", "sizeMB": 0.3}, "whymsie_apex_AVAPS_G3_20241030201135_R1.ict": {"start": "2024-10-30T20:11:36Z", "end": "2024-10-30T20:22:15Z", "north": "32.546", "south": "32.536", "east": "-119.419", "west": "-119.501", "format": "ASCII", "sizeMB": 0.36}, "whymsie_apex_AVAPS_G3_20241118164157_R1.ict": {"start": "2024-11-18T16:41:57Z", "end": "2024-11-18T16:55:43Z", "north": "36.831", "south": "36.679", "east": "-72.734", "west": "-73.005", "format": "ASCII", "sizeMB": 0.47}, "whymsie_apex_AVAPS_netCDF_G3_20241107212525_R0.nc": {"start": "2024-11-07T21:25:25Z", "end": "2024-11-07T21:38:04Z", "north": "33.333", "south": "33.321", "east": "-125.253", "west": "-125.27", "format": "netCDF-4", "sizeMB": 0.3}, "whymsie_apex_AVAPS_G3_20241107193036_R1.ict": {"start": "2024-11-07T19:30:37Z", "end": "2024-11-07T19:43:53Z", "north": "35.774", "south": "35.749", "east": "-124.718", "west": "-124.73", "format": "ASCII", "sizeMB": 0.45}, "whymsie_apex_AVAPS_netCDF_G3_20241030201135_R0.nc": {"start": "2024-10-30T20:11:35Z", "end": "2024-10-30T20:22:15Z", "north": "32.547", "south": "32.536", "east": "-119.419", "west": "-119.501", "format": "netCDF-4", "sizeMB": 0.26}, "whymsie_apex_AVAPS_netCDF_G3_20241104191643_R0.nc": {"start": "2024-11-04T19:16:42Z", "end": "2024-11-04T19:29:51Z", "north": "33.718", "south": "33.626", "east": "-126.038", "west": "-126.102", "format": "netCDF-4", "sizeMB": 0.31}, "whymsie_apex_AVAPS_netCDF_G3_20241118164157_R0.nc": {"start": "2024-11-18T16:41:56Z", "end": "2024-11-18T16:55:43Z", "north": "36.831", "south": "36.679", "east": "-72.734", "west": "-73.008", "format": "netCDF-4", "sizeMB": 0.32}, "whymsie_apex_AVAPS_G3_20241030211952_R1.ict": {"start": "2024-10-30T21:19:52Z", "end": "2024-10-30T21:32:37Z", "north": "25.808", "south": "25.79", "east": "-121.865", "west": "-121.918", "format": "ASCII", "sizeMB": 0.43}, "whymsie_apex_AVAPS_G3_20241107210120_R1.ict": {"start": "2024-11-07T21:01:21Z", "end": "2024-11-07T21:13:53Z", "north": "34.628", "south": "34.612", "east": "-125.015", "west": "-125.03", "format": "ASCII", "sizeMB": 0.42}, "whymsie_apex_AVAPS_netCDF_G3_20241118150331_R0.nc": {"start": "2024-11-18T15:03:31Z", "end": "2024-11-18T15:16:54Z", "north": "36.833", "south": "36.689", "east": "-72.719", "west": "-72.978", "format": "netCDF-4", "sizeMB": 0.32}, "whymsie_apex_AVAPS_G3_20241105190401_R1.ict": {"start": "2024-11-05T19:04:02Z", "end": "2024-11-05T19:18:03Z", "north": "34.27", "south": "34.14", "east": "-122.173", "west": "-122.203", "format": "ASCII", "sizeMB": 0.46}, "whymsie_apex_AVAPS_G3_20241104183248_R1.ict": {"start": "2024-11-04T18:32:48Z", "end": "2024-11-04T18:45:59Z", "north": "31.52", "south": "31.402", "east": "-122.157", "west": "-122.201", "format": "ASCII", "sizeMB": 0.45}, "whymsie_apex_AVAPS_G3_20241107211332_R1.ict": {"start": "2024-11-07T21:13:33Z", "end": "2024-11-07T21:27:01Z", "north": "34.641", "south": "34.626", "east": "-125.643", "west": "-125.658", "format": "ASCII", "sizeMB": 0.45}, "whymsie_apex_AVAPS_netCDF_G3_20241107210120_R0.nc": {"start": "2024-11-07T21:01:20Z", "end": "2024-11-07T21:13:53Z", "north": "34.628", "south": "34.612", "east": "-125.015", "west": "-125.03", "format": "netCDF-4", "sizeMB": 0.3}, "whymsie_apex_AVAPS_G3_20241030225224_R1.ict": {"start": "2024-10-30T22:52:24Z", "end": "2024-10-30T23:05:38Z", "north": "30.712", "south": "30.676", "east": "-121.302", "west": "-121.418", "format": "ASCII", "sizeMB": 0.45}, "whymsie_apex_AVAPS_G3_20241113202923_R1.ict": {"start": "2024-11-13T20:29:24Z", "end": "2024-11-13T20:43:06Z", "north": "38.666", "south": "38.601", "east": "-126.864", "west": "-127.193", "format": "ASCII", "sizeMB": 0.47}, "whymsie_apex_AVAPS_G3_20241113195927_R1.ict": {"start": "2024-11-13T19:59:27Z", "end": "2024-11-13T20:12:07Z", "north": "36.312", "south": "36.236", "east": "-124.433", "west": "-124.69", "format": "ASCII", "sizeMB": 0.43}, "whymsie_apex_AVAPS_netCDF_G3_20241030203110_R0.nc": {"start": "2024-10-30T20:39:48Z", "end": "2024-10-30T20:43:41Z", "north": "31.064", "south": "31.055", "east": "-121.103", "west": "-121.109", "format": "netCDF-4", "sizeMB": 0.3}, "whymsie_apex_AVAPS_G3_20241030231404_R1.ict": {"start": "2024-10-30T23:14:06Z", "end": "2024-10-30T23:26:52Z", "north": "32.592", "south": "32.573", "east": "-119.312", "west": "-119.44", "format": "ASCII", "sizeMB": 0.43}, "whymsie_apex_AVAPS_netCDF_G3_20241113195115_R0.nc": {"start": "2024-11-13T19:51:15Z", "end": "2024-11-13T20:05:12Z", "north": "36.846", "south": "36.743", "east": "-123.612", "west": "-123.907", "format": "netCDF-4", "sizeMB": 0.33}, "whymsie_apex_AVAPS_G3_20241113214708_R1.ict": {"start": "2024-11-13T21:47:08Z", "end": "2024-11-13T21:59:48Z", "north": "36.926", "south": "36.852", "east": "-125.35", "west": "-125.616", "format": "ASCII", "sizeMB": 0.43}, "whymsie_apex_AVAPS_G3_20241113201136_R1.ict": {"start": "2024-11-13T20:11:37Z", "end": "2024-11-13T20:25:27Z", "north": "37.07", "south": "36.985", "east": "-125.411", "west": "-125.724", "format": "ASCII", "sizeMB": 0.47}, "whymsie_apex_AVAPS_netCDF_G3_20241107194048_R0.nc": {"start": "2024-11-07T19:40:48Z", "end": "2024-11-07T19:53:32Z", "north": "34.663", "south": "34.64", "east": "-124.361", "west": "-124.377", "format": "netCDF-4", "sizeMB": 0.3}, "whymsie_apex_AVAPS_G3_20241104181709_R1.ict": {"start": "2024-11-04T18:17:09Z", "end": "2024-11-04T18:30:01Z", "north": "31.793", "south": "31.671", "east": "-120.404", "west": "-120.455", "format": "ASCII", "sizeMB": 0.44}, "whymsie_apex_AVAPS_G3_20241107213638_R1.ict": {"start": "2024-11-07T21:36:38Z", "end": "2024-11-07T21:49:03Z", "north": "32.104", "south": "32.09", "east": "-124.902", "west": "-124.926", "format": "ASCII", "sizeMB": 0.42}, "whymsie_apex_AVAPS_netCDF_G3_20241113210442_R0.nc": {"start": "2024-11-13T21:04:41Z", "end": "2024-11-13T21:17:17Z", "north": "41.1", "south": "41.08", "east": "-129.368", "west": "-129.605", "format": "netCDF-4", "sizeMB": 0.3}, "whymsie_apex_AVAPS_netCDF_G3_20241107222709_R0.nc": {"start": "2024-11-07T22:27:08Z", "end": "2024-11-07T22:40:19Z", "north": "31.762", "south": "31.719", "east": "-120.734", "west": "-120.759", "format": "netCDF-4", "sizeMB": 0.31}, "whymsie_apex_AVAPS_G3_20241030214609_R1.ict": {"start": "2024-10-30T21:46:09Z", "end": "2024-10-30T21:58:44Z", "north": "23.513", "south": "23.502", "east": "-122.363", "west": "-122.392", "format": "ASCII", "sizeMB": 0.42}, "whymsie_apex_AVAPS_G3_20241107220915_R1.ict": {"start": "2024-11-07T22:09:15Z", "end": "2024-11-07T22:22:08Z", "north": "31.45", "south": "31.416", "east": "-121.564", "west": "-121.588", "format": "ASCII", "sizeMB": 0.43}, "whymsie_apex_AVAPS_netCDF_G3_20241107211332_R0.nc": {"start": "2024-11-07T21:13:32Z", "end": "2024-11-07T21:27:01Z", "north": "34.641", "south": "34.626", "east": "-125.643", "west": "-125.658", "format": "netCDF-4", "sizeMB": 0.32}, "whymsie_apex_AVAPS_netCDF_G3_20241107195245_R0.nc": {"start": "2024-11-07T19:52:45Z", "end": "2024-11-07T20:05:38Z", "north": "33.367", "south": "33.342", "east": "-123.955", "west": "-123.973", "format": "netCDF-4", "sizeMB": 0.31}, "whymsie_apex_AVAPS_G3_20241107222709_R1.ict": {"start": "2024-11-07T22:27:09Z", "end": "2024-11-07T22:40:19Z", "north": "31.762", "south": "31.719", "east": "-120.734", "west": "-120.756", "format": "ASCII", "sizeMB": 0.45}, "whymsie_apex_AVAPS_G3_20241107194048_R1.ict": {"start": "2024-11-07T19:40:49Z", "end": "2024-11-07T19:53:32Z", "north": "34.663", "south": "34.64", "east": "-124.361", "west": "-124.377", "format": "ASCII", "sizeMB": 0.43}, "whymsie_apex_AVAPS_netCDF_G3_20241104181709_R0.nc": {"start": "2024-11-04T18:17:08Z", "end": "2024-11-04T18:30:01Z", "north": "31.794", "south": "31.671", "east": "-120.404", "west": "-120.455", "format": "netCDF-4", "sizeMB": 0.31}, "whymsie_apex_AVAPS_G3_20241114161644_R1.ict": {"start": "2024-11-14T16:16:44Z", "end": "2024-11-14T16:26:20Z", "north": "38.189", "south": "38.15", "east": "-124.513", "west": "-124.608", "format": "ASCII", "sizeMB": 0.33}, "whymsie_apex_AVAPS_netCDF_G3_20241113212924_R0.nc": {"start": "2024-11-13T21:29:29Z", "end": "2024-11-13T21:41:52Z", "north": "38.636", "south": "38.576", "east": "-126.888", "west": "-127.175", "format": "netCDF-4", "sizeMB": 0.3}, "whymsie_apex_AVAPS_G3_20241104191643_R1.ict": {"start": "2024-11-04T19:16:43Z", "end": "2024-11-04T19:29:51Z", "north": "33.718", "south": "33.626", "east": "-126.038", "west": "-126.102", "format": "ASCII", "sizeMB": 0.45}, "whymsie_apex_AVAPS_G3_20241107191639_R1.ict": {"start": "2024-11-07T19:16:40Z", "end": "2024-11-07T19:29:29Z", "north": "36.843", "south": "36.811", "east": "-123.729", "west": "-123.75", "format": "ASCII", "sizeMB": 0.43}, "whymsie_apex_AVAPS_netCDF_G3_20241104185811_R0.nc": {"start": "2024-11-04T18:58:11Z", "end": "2024-11-04T19:11:42Z", "north": "32.287", "south": "32.199", "east": "-125.319", "west": "-125.366", "format": "netCDF-4", "sizeMB": 0.32}, "whymsie_apex_AVAPS_netCDF_G3_20241107205025_R0.nc": {"start": "2024-11-07T20:50:25Z", "end": "2024-11-07T21:03:16Z", "north": "33.421", "south": "33.402", "east": "-124.639", "west": "-124.657", "format": "netCDF-4", "sizeMB": 0.3}, "whymsie_apex_AVAPS_netCDF_G3_20241104194318_R0.nc": {"start": "2024-11-04T19:43:19Z", "end": "2024-11-04T19:56:14Z", "north": "36.581", "south": "36.477", "east": "-125.219", "west": "-125.321", "format": "netCDF-4", "sizeMB": 0.31}, "whymsie_apex_AVAPS_netCDF_G3_20241104183248_R0.nc": {"start": "2024-11-04T18:32:47Z", "end": "2024-11-04T18:45:59Z", "north": "31.52", "south": "31.402", "east": "-122.157", "west": "-122.201", "format": "netCDF-4", "sizeMB": 0.31}, "whymsie_apex_AVAPS_netCDF_G3_20241113214708_R0.nc": {"start": "2024-11-13T21:47:07Z", "end": "2024-11-13T21:59:48Z", "north": "36.926", "south": "36.852", "east": "-125.35", "west": "-125.617", "format": "netCDF-4", "sizeMB": 0.3}, "whymsie_apex_AVAPS_netCDF_G3_20241107193036_R0.nc": {"start": "2024-11-07T19:30:36Z", "end": "2024-11-07T19:43:53Z", "north": "35.774", "south": "35.749", "east": "-124.718", "west": "-124.73", "format": "netCDF-4", "sizeMB": 0.31}, "whymsie_apex_AVAPS_G3_20241107203813_R1.ict": {"start": "2024-11-07T20:38:14Z", "end": "2024-11-07T20:50:57Z", "north": "32.09", "south": "32.072", "east": "-124.241", "west": "-124.267", "format": "ASCII", "sizeMB": 0.43}, "whymsie_apex_AVAPS_G3_20241113210442_R1.ict": {"start": "2024-11-13T21:04:42Z", "end": "2024-11-13T21:17:17Z", "north": "41.1", "south": "41.08", "east": "-129.368", "west": "-129.604", "format": "ASCII", "sizeMB": 0.43}, "whymsie_apex_AVAPS_G3_20241107205025_R1.ict": {"start": "2024-11-07T20:50:26Z", "end": "2024-11-07T21:03:16Z", "north": "33.421", "south": "33.402", "east": "-124.639", "west": "-124.657", "format": "ASCII", "sizeMB": 0.43}, "whymsie_apex_AVAPS_G3_20241104175924_R1.ict": {"start": "2024-11-04T17:59:24Z", "end": "2024-11-04T18:12:09Z", "north": "33.104", "south": "32.975", "east": "-118.717", "west": "-118.778", "format": "ASCII", "sizeMB": 0.44}, "whymsie_apex_AVAPS_netCDF_G3_20241113201136_R0.nc": {"start": "2024-11-13T20:11:36Z", "end": "2024-11-13T20:25:27Z", "north": "37.07", "south": "36.984", "east": "-125.411", "west": "-125.724", "format": "netCDF-4", "sizeMB": 0.32}, "whymsie_apex_AVAPS_netCDF_G3_20241107213638_R0.nc": {"start": "2024-11-07T21:36:37Z", "end": "2024-11-07T21:49:03Z", "north": "32.104", "south": "32.09", "east": "-124.902", "west": "-124.926", "format": "netCDF-4", "sizeMB": 0.3}, "whymsie_apex_AVAPS_netCDF_G3_20241030211952_R0.nc": {"start": "2024-10-30T21:19:51Z", "end": "2024-10-30T21:32:37Z", "north": "25.808", "south": "25.79", "east": "-121.865", "west": "-121.918", "format": "netCDF-4", "sizeMB": 0.3}, "whymsie_apex_AVAPS_G3_20241104185811_R1.ict": {"start": "2024-11-04T18:58:12Z", "end": "2024-11-04T19:11:42Z", "north": "32.287", "south": "32.199", "east": "-125.319", "west": "-125.366", "format": "ASCII", "sizeMB": 0.46}, "whymsie_apex_AVAPS_netCDF_G3_20241030205047_R0.nc": {"start": "2024-10-30T20:50:47Z", "end": "2024-10-30T21:03:05Z", "north": "28.97", "south": "28.938", "east": "-121.38", "west": "-121.475", "format": "netCDF-4", "sizeMB": 0.29}, "whymsie_apex_AVAPS_netCDF_G3_20241113195927_R0.nc": {"start": "2024-11-13T19:59:26Z", "end": "2024-11-13T20:12:07Z", "north": "36.312", "south": "36.236", "east": "-124.433", "west": "-124.69", "format": "netCDF-4", "sizeMB": 0.3}, "whymsie_apex_AVAPS_netCDF_G3_20241104175924_R0.nc": {"start": "2024-11-04T17:59:23Z", "end": "2024-11-04T18:12:09Z", "north": "33.105", "south": "32.975", "east": "-118.717", "west": "-118.778", "format": "netCDF-4", "sizeMB": 0.3}, "whymsie_apex_AVAPS_G3_20241113195115_R1.ict": {"start": "2024-11-13T19:51:16Z", "end": "2024-11-13T20:05:12Z", "north": "36.846", "south": "36.743", "east": "-123.612", "west": "-123.907", "format": "ASCII", "sizeMB": 0.47}, "whymsie_apex_AVAPS_G3_20241104192909_R1.ict": {"start": "2024-11-04T19:29:09Z", "end": "2024-11-04T19:41:47Z", "north": "35.099", "south": "35.004", "east": "-125.652", "west": "-125.732", "format": "ASCII", "sizeMB": 0.43}, "whymsie_apex_AVAPS_netCDF_G3_20241105190401_R0.nc": {"start": "2024-11-05T19:04:01Z", "end": "2024-11-05T19:18:03Z", "north": "34.27", "south": "34.14", "east": "-122.173", "west": "-122.203", "format": "netCDF-4", "sizeMB": 0.33}, "whymsie_apex_AVAPS_G3_20241104200638_R1.ict": {"start": "2024-11-04T20:06:39Z", "end": "2024-11-04T20:19:22Z", "north": "37.636", "south": "37.532", "east": "-123.126", "west": "-123.226", "format": "ASCII", "sizeMB": 0.43}, "whymsie_apex_AVAPS_G3_20241107195245_R1.ict": {"start": "2024-11-07T19:52:46Z", "end": "2024-11-07T20:05:38Z", "north": "33.367", "south": "33.342", "east": "-123.955", "west": "-123.973", "format": "ASCII", "sizeMB": 0.43}, "whymsie_apex_AVAPS_netCDF_G3_20241113202923_R0.nc": {"start": "2024-11-13T20:29:23Z", "end": "2024-11-13T20:43:06Z", "north": "38.666", "south": "38.6", "east": "-126.864", "west": "-127.193", "format": "netCDF-4", "sizeMB": 0.32}, "whymsie_apex_AVAPS_G3_20241113212924_R1.ict": {"start": "2024-11-13T21:29:29Z", "end": "2024-11-13T21:41:52Z", "north": "38.636", "south": "38.576", "east": "-126.888", "west": "-127.175", "format": "ASCII", "sizeMB": 0.43}, "whymsie_apex_AVAPS_G3_20241030203110_R1.ict": {"start": "2024-10-30T20:39:48Z", "end": "2024-10-30T20:43:41Z", "north": "31.064", "south": "31.055", "east": "-121.103", "west": "-121.109", "format": "ASCII", "sizeMB": 0.41}, "whymsie_apex_AVAPS_G3_20241107224358_R1.ict": {"start": "2024-11-07T22:43:59Z", "end": "2024-11-07T22:56:59Z", "north": "33.151", "south": "33.072", "east": "-118.692", "west": "-118.72", "format": "ASCII", "sizeMB": 0.44}, "whymsie_apex_AVAPS_netCDF_G3_20241104195258_R0.nc": {"start": "2024-11-04T19:52:57Z", "end": "2024-11-04T20:05:59Z", "north": "37.6", "south": "37.495", "east": "-124.921", "west": "-125.029", "format": "netCDF-4", "sizeMB": 0.31}, "whymsie_apex_AVAPS_G3_20241030210132_R1.ict": {"start": "2024-10-30T21:01:33Z", "end": "2024-10-30T21:13:54Z", "north": "27.788", "south": "27.761", "east": "-121.405", "west": "-121.485", "format": "ASCII", "sizeMB": 0.42}, "whymsie_apex_AVAPS_netCDF_G3_20241107220915_R0.nc": {"start": "2024-11-07T22:09:15Z", "end": "2024-11-07T22:22:08Z", "north": "31.45", "south": "31.416", "east": "-121.564", "west": "-121.588", "format": "netCDF-4", "sizeMB": 0.31}, "whymsie_apex_AVAPS_netCDF_G3_20241030225224_R0.nc": {"start": "2024-10-30T22:52:23Z", "end": "2024-10-30T23:05:38Z", "north": "30.712", "south": "30.676", "east": "-121.302", "west": "-121.419", "format": "netCDF-4", "sizeMB": 0.31}, "whymsie_apex_AVAPS_G3_20241104184332_R1.ict": {"start": "2024-11-04T18:43:32Z", "end": "2024-11-04T18:56:46Z", "north": "31.85", "south": "31.743", "east": "-123.472", "west": "-123.519", "format": "ASCII", "sizeMB": 0.45}, "whymsie_apex_AVAPS_netCDF_G3_20241107200422_R0.nc": {"start": "2024-11-07T20:04:21Z", "end": "2024-11-07T20:16:58Z", "north": "32.109", "south": "32.084", "east": "-123.579", "west": "-123.605", "format": "netCDF-4", "sizeMB": 0.3}, "whymsie_apex_AVAPS_netCDF_G3_20241030210132_R0.nc": {"start": "2024-10-30T21:01:32Z", "end": "2024-10-30T21:13:54Z", "north": "27.788", "south": "27.761", "east": "-121.405", "west": "-121.485", "format": "netCDF-4", "sizeMB": 0.29}, "whymsie_apex_AVAPS_G3_20241030200634_R1.ict": {"start": "2024-10-30T20:06:34Z", "end": "2024-10-30T20:15:22Z", "north": "32.913", "south": "32.905", "east": "-118.99", "west": "-119.033", "format": "ASCII", "sizeMB": 0.3}}