{"GPM_HailClimatology_BC2019_2deg.nc": {"start": "2014-04-01T00:00:00Z", "end": "2023-03-31T23:59:59Z", "north": "89.0", "south": "-89.0", "east": "179.0", "west": "-179.0", "format": "netCDF-3", "sizeMB": 0.07}, "TRMM_HailClimatology_BC2019_2deg.nc": {"start": "1998-01-01T00:00:00Z", "end": "2014-09-30T23:59:59Z", "north": "89.0", "south": "-89.0", "east": "179.0", "west": "-179.0", "format": "netCDF-3", "sizeMB": 0.07}, "COMBO_HailClimatology_BC2019_2deg.nc": {"start": "1998-01-01T00:00:00Z", "end": "2023-03-31T23:59:59Z", "north": "89.0", "south": "-89.0", "east": "179.0", "west": "-179.0", "format": "netCDF-3", "sizeMB": 0.07}}