{"ALOFT_BGO_binned_0703.txt": {"start": "2023-07-03T22:00:00Z", "end": "2023-07-04T02:00:00Z", "north": "26.274", "south": "18.952", "east": "-85.645", "west": "-91.351", "format": "ASCII", "sizeMB": 0.36}, "ALOFT_BGO_binned_0706.txt": {"start": "2023-07-06T02:40:00Z", "end": "2023-07-06T07:40:00Z", "north": "26.786", "south": "18.767", "east": "-86.322", "west": "-95.351", "format": "ASCII", "sizeMB": 0.45}, "ALOFT_BGO_binned_0708.txt": {"start": "2023-07-08T02:40:00Z", "end": "2023-07-08T07:40:00Z", "north": "26.946", "south": "12.676", "east": "-83.896", "west": "-89.961", "format": "ASCII", "sizeMB": 0.45}, "ALOFT_BGO_binned_0712.txt": {"start": "2023-07-12T23:00:00Z", "end": "2023-07-13T01:30:00Z", "north": "29.92", "south": "26.081", "east": "-80.452", "west": "-83.272", "format": "ASCII", "sizeMB": 0.22}, "ALOFT_BGO_binned_0716.txt": {"start": "2023-07-16T11:00:00Z", "end": "2023-07-16T17:05:00Z", "north": "27.619", "south": "10.888", "east": "-81.43", "west": "-86.158", "format": "ASCII", "sizeMB": 0.55}, "ALOFT_BGO_binned_0720.txt": {"start": "2023-07-20T21:20:00Z", "end": "2023-07-21T00:00:00Z", "north": "27.401", "south": "25.927", "east": "-81.139", "west": "-83.281", "format": "ASCII", "sizeMB": 0.24}, "ALOFT_BGO_binned_0724.txt": {"start": "2023-07-24T04:00:00Z", "end": "2023-07-24T08:30:00Z", "north": "24.487", "south": "18.675", "east": "-86.889", "west": "-95.35", "format": "ASCII", "sizeMB": 0.4}, "ALOFT_BGO_binned_0725.txt": {"start": "2023-07-25T23:20:00Z", "end": "2023-07-26T05:40:00Z", "north": "26.832", "south": "17.122", "east": "-84.698", "west": "-95.041", "format": "ASCII", "sizeMB": 0.57}, "ALOFT_BGO_binned_0728.txt": {"start": "2023-07-28T13:30:00Z", "end": "2023-07-28T20:00:00Z", "north": "26.144", "south": "12.722", "east": "-81.559", "west": "-86.16", "format": "ASCII", "sizeMB": 0.59}, "ALOFT_BGO_binned_0729.txt": {"start": "2023-07-29T19:00:00Z", "end": "2023-07-29T22:00:00Z", "north": "29.024", "south": "26.537", "east": "-80.404", "west": "-83.298", "format": "ASCII", "sizeMB": 0.27}}