{"UConn_WxUAS_TempRH_DAY1F16_20240309.csv": {"start": "2024-03-10T01:58:03Z", "end": "2024-03-10T01:59:35Z", "north": "42.308", "south": "41.308", "east": "-71.624", "west": "-72.965", "format": "CSV", "sizeMB": 0.02}, "UConn_WxUAS_TempRH_DAY2F13_20240311.csv": {"start": "2024-03-11T06:33:22Z", "end": "2024-03-11T06:34:39Z", "north": "42.308", "south": "41.308", "east": "-71.624", "west": "-72.965", "format": "CSV", "sizeMB": 0.01}, "UConn_WxUAS_Radar_TemporalDay2_20240311.txt": {"start": "2024-03-11T05:24:46Z", "end": "2024-03-11T06:32:56Z", "north": "42.308", "south": "41.308", "east": "-71.624", "west": "-72.965", "format": "ASCII", "sizeMB": 0.0}, "UConn_WxUAS_TempRH_DAY1F5_20240309.csv": {"start": "2024-03-09T22:36:50Z", "end": "2024-03-09T22:38:22Z", "north": "42.308", "south": "41.308", "east": "-71.624", "west": "-72.965", "format": "CSV", "sizeMB": 0.02}, "UConn_WxUAS_TempRH_DAY1F13_20240309.csv": {"start": "2024-03-10T01:08:02Z", "end": "2024-03-10T01:09:33Z", "north": "42.308", "south": "41.308", "east": "-71.624", "west": "-72.965", "format": "CSV", "sizeMB": 0.02}, "UConn_WxUAS_ParticleCount_20240310_00_48_57.csv": {"start": "2024-03-10T00:48:57Z", "end": "2024-03-10T00:48:57Z", "north": "42.308", "south": "41.308", "east": "-71.624", "west": "-72.965", "format": "CSV", "sizeMB": 0.0}, "UConn_WxUAS_TempRH_DAY1F1_20240309.csv": {"start": "2024-03-09T21:21:55Z", "end": "2024-03-09T21:22:53Z", "north": "42.308", "south": "41.308", "east": "-71.624", "west": "-72.965", "format": "CSV", "sizeMB": 0.01}, "UConn_WxUAS_TempRH_DAY2F8_20240311.csv": {"start": "2024-03-11T05:08:41Z", "end": "2024-03-11T05:09:54Z", "north": "42.308", "south": "41.308", "east": "-71.624", "west": "-72.965", "format": "CSV", "sizeMB": 0.01}, "UConn_WxUAS_TempRH_DAY1F4_20240309.csv": {"start": "2024-03-09T22:16:06Z", "end": "2024-03-09T22:17:04Z", "north": "42.308", "south": "41.308", "east": "-71.624", "west": "-72.965", "format": "CSV", "sizeMB": 0.01}, "UConn_WxUAS_TempRH_DAY1F14_20240309.csv": {"start": "2024-03-10T01:27:56Z", "end": "2024-03-10T01:29:28Z", "north": "42.308", "south": "41.308", "east": "-71.624", "west": "-72.965", "format": "CSV", "sizeMB": 0.02}, "UConn_WxUAS_TempRH_DAY1F2_20240309.csv": {"start": "2024-03-09T21:35:32Z", "end": "2024-03-09T21:36:28Z", "north": "42.308", "south": "41.308", "east": "-71.624", "west": "-72.965", "format": "CSV", "sizeMB": 0.01}, "UConn_WxUAS_TempRH_DAY2F11_20240311.csv": {"start": "2024-03-11T05:55:32Z", "end": "2024-03-11T05:56:44Z", "north": "42.308", "south": "41.308", "east": "-71.624", "west": "-72.965", "format": "CSV", "sizeMB": 0.01}, "UConn_WxUAS_TempRH_DAY1F7_20240309.csv": {"start": "2024-03-09T23:13:21Z", "end": "2024-03-09T23:14:52Z", "north": "42.308", "south": "41.308", "east": "-71.624", "west": "-72.965", "format": "CSV", "sizeMB": 0.02}, "UConn_WxUAS_TempRH_DAY1F11_20240309.csv": {"start": "2024-03-10T00:30:58Z", "end": "2024-03-10T00:32:31Z", "north": "42.308", "south": "41.308", "east": "-71.624", "west": "-72.965", "format": "CSV", "sizeMB": 0.02}, "UConn_WxUAS_ParticleCount_20240310_02_07_29.csv": {"start": "2024-03-10T02:07:29Z", "end": "2024-03-10T02:07:29Z", "north": "42.308", "south": "41.308", "east": "-71.624", "west": "-72.965", "format": "CSV", "sizeMB": 0.0}, "UConn_WxUAS_TempRH_DAY1F3_20240309.csv": {"start": "2024-03-09T21:56:49Z", "end": "2024-03-09T21:57:47Z", "north": "42.308", "south": "41.308", "east": "-71.624", "west": "-72.965", "format": "CSV", "sizeMB": 0.01}, "UConn_WxUAS_TempRH_DAY2F10_20240311.csv": {"start": "2024-03-11T05:35:55Z", "end": "2024-03-11T05:37:12Z", "north": "42.308", "south": "41.308", "east": "-71.624", "west": "-72.965", "format": "CSV", "sizeMB": 0.01}, "UConn_WxUAS_TempRH_DAY1F6_20240309.csv": {"start": "2024-03-09T22:55:08Z", "end": "2024-03-09T22:56:37Z", "north": "42.308", "south": "41.308", "east": "-71.624", "west": "-72.965", "format": "CSV", "sizeMB": 0.02}, "UConn_WxUAS_TempRH_DAY1F10_20240309.csv": {"start": "2024-03-09T23:56:13Z", "end": "2024-03-09T23:57:45Z", "north": "42.308", "south": "41.308", "east": "-71.624", "west": "-72.965", "format": "CSV", "sizeMB": 0.02}, "UConn_WxUAS_TempRH_DAY3F9_20240323.csv": {"start": "2024-03-23T08:06:17Z", "end": "2024-03-23T08:07:29Z", "north": "42.308", "south": "41.308", "east": "-71.624", "west": "-72.965", "format": "CSV", "sizeMB": 0.01}, "UConn_WxUAS_Radar_TemporalDay1_20240309.txt": {"start": "2024-03-09T21:35:59Z", "end": "2024-03-10T02:08:13Z", "north": "42.308", "south": "41.308", "east": "-71.624", "west": "-72.965", "format": "ASCII", "sizeMB": 0.0}, "UConn_WxUAS_TempRH_DAY2F6_20240311.csv": {"start": "2024-03-11T02:57:35Z", "end": "2024-03-11T02:59:08Z", "north": "42.308", "south": "41.308", "east": "-71.624", "west": "-72.965", "format": "CSV", "sizeMB": 0.02}, "UConn_WxUAS_TempRH_DAY4F2_20240324.csv": {"start": "2024-03-23T23:55:04Z", "end": "2024-03-23T23:56:19Z", "north": "42.308", "south": "41.308", "east": "-71.624", "west": "-72.965", "format": "CSV", "sizeMB": 0.01}, "UConn_WxUAS_TempRH_DAY3F5_20240323.csv": {"start": "2024-03-23T05:24:56Z", "end": "2024-03-23T05:26:12Z", "north": "42.308", "south": "41.308", "east": "-71.624", "west": "-72.965", "format": "CSV", "sizeMB": 0.01}, "UConn_WxUAS_TempRH_DAY2F3_20240311.csv": {"start": "2024-03-11T02:03:35Z", "end": "2024-03-11T02:05:07Z", "north": "42.308", "south": "41.308", "east": "-71.624", "west": "-72.965", "format": "CSV", "sizeMB": 0.02}, "UConn_WxUAS_ParticleCount_20240311_05_26_03.csv": {"start": "2024-03-11T05:26:03Z", "end": "2024-03-11T05:26:03Z", "north": "42.308", "south": "41.308", "east": "-71.624", "west": "-72.965", "format": "CSV", "sizeMB": 0.0}, "UConn_WxUAS_TempRH_DAY4F6_20240324.csv": {"start": "2024-03-24T01:09:49Z", "end": "2024-03-24T01:11:03Z", "north": "42.308", "south": "41.308", "east": "-71.624", "west": "-72.965", "format": "CSV", "sizeMB": 0.01}, "UConn_WxUAS_TempRH_DAY3F1_20240323.csv": {"start": "2024-03-23T03:49:00Z", "end": "2024-03-23T03:50:00Z", "north": "42.308", "south": "41.308", "east": "-71.624", "west": "-72.965", "format": "CSV", "sizeMB": 0.01}, "UConn_WxUAS_TempRH_DAY2F7_20240311.csv": {"start": "2024-03-11T04:50:55Z", "end": "2024-03-11T04:52:10Z", "north": "42.308", "south": "41.308", "east": "-71.624", "west": "-72.965", "format": "CSV", "sizeMB": 0.01}, "UConn_WxUAS_TempRH_DAY4F3_20240324.csv": {"start": "2024-03-24T00:13:50Z", "end": "2024-03-24T00:15:07Z", "north": "42.308", "south": "41.308", "east": "-71.624", "west": "-72.965", "format": "CSV", "sizeMB": 0.01}, "UConn_WxUAS_TempRH_DAY3F4_20240323.csv": {"start": "2024-03-23T04:55:04Z", "end": "2024-03-23T04:56:16Z", "north": "42.308", "south": "41.308", "east": "-71.624", "west": "-72.965", "format": "CSV", "sizeMB": 0.01}, "UConn_WxUAS_TempRH_DAY2F2_20240311.csv": {"start": "2024-03-11T01:41:36Z", "end": "2024-03-11T01:43:09Z", "north": "42.308", "south": "41.308", "east": "-71.624", "west": "-72.965", "format": "CSV", "sizeMB": 0.02}, "UConn_WxUAS_TempRH_DAY3F2_20240323.csv": {"start": "2024-03-23T04:11:47Z", "end": "2024-03-23T04:12:58Z", "north": "42.308", "south": "41.308", "east": "-71.624", "west": "-72.965", "format": "CSV", "sizeMB": 0.01}, "UConn_WxUAS_TempRH_DAY4F5_20240324.csv": {"start": "2024-03-24T00:50:53Z", "end": "2024-03-24T00:52:09Z", "north": "42.308", "south": "41.308", "east": "-71.624", "west": "-72.965", "format": "CSV", "sizeMB": 0.01}, "UConn_WxUAS_TempRH_DAY2F4_20240311.csv": {"start": "2024-03-11T02:19:10Z", "end": "2024-03-11T02:20:41Z", "north": "42.308", "south": "41.308", "east": "-71.624", "west": "-72.965", "format": "CSV", "sizeMB": 0.02}, "UConn_WxUAS_TempRH_DAY1F8_20240309.csv": {"start": "2024-03-09T23:32:26Z", "end": "2024-03-09T23:33:58Z", "north": "42.308", "south": "41.308", "east": "-71.624", "west": "-72.965", "format": "CSV", "sizeMB": 0.02}, "UConn_WxUAS_TempRH_DAY3F7_20240323.csv": {"start": "2024-03-23T06:31:52Z", "end": "2024-03-23T06:32:16Z", "north": "42.308", "south": "41.308", "east": "-71.624", "west": "-72.965", "format": "CSV", "sizeMB": 0.0}, "UConn_WxUAS_ParticleCount_20240311_06_04_40.csv": {"start": "2024-03-11T06:04:40Z", "end": "2024-03-11T06:04:40Z", "north": "42.308", "south": "41.308", "east": "-71.624", "west": "-72.965", "format": "CSV", "sizeMB": 0.0}, "UConn_WxUAS_TempRH_DAY2F1_20240311.csv": {"start": "2024-03-11T01:32:03Z", "end": "2024-03-11T01:33:36Z", "north": "42.308", "south": "41.308", "east": "-71.624", "west": "-72.965", "format": "CSV", "sizeMB": 0.02}, "UConn_WxUAS_ParticleCount_20240309_23_43_54.csv": {"start": "2024-03-09T23:43:54Z", "end": "2024-03-09T23:43:54Z", "north": "42.308", "south": "41.308", "east": "-71.624", "west": "-72.965", "format": "CSV", "sizeMB": 0.0}, "UConn_WxUAS_TempRH_DAY3F3_20240323.csv": {"start": "2024-03-23T04:32:32Z", "end": "2024-03-23T04:33:46Z", "north": "42.308", "south": "41.308", "east": "-71.624", "west": "-72.965", "format": "CSV", "sizeMB": 0.01}, "UConn_WxUAS_TempRH_DAY4F4_20240324.csv": {"start": "2024-03-24T00:30:48Z", "end": "2024-03-24T00:32:06Z", "north": "42.308", "south": "41.308", "east": "-71.624", "west": "-72.965", "format": "CSV", "sizeMB": 0.02}, "UConn_WxUAS_TempRH_DAY2F5_20240311.csv": {"start": "2024-03-11T02:39:00Z", "end": "2024-03-11T02:40:32Z", "north": "42.308", "south": "41.308", "east": "-71.624", "west": "-72.965", "format": "CSV", "sizeMB": 0.02}, "UConn_WxUAS_TempRH_DAY3F6_20240323.csv": {"start": "2024-03-23T05:54:45Z", "end": "2024-03-23T05:55:58Z", "north": "42.308", "south": "41.308", "east": "-71.624", "west": "-72.965", "format": "CSV", "sizeMB": 0.01}, "UConn_WxUAS_TempRH_DAY4F1_20240324.csv": {"start": "2024-03-23T23:36:40Z", "end": "2024-03-23T23:37:51Z", "north": "42.308", "south": "41.308", "east": "-71.624", "west": "-72.965", "format": "CSV", "sizeMB": 0.01}, "UConn_WxUAS_ParticleCount_20240310_01_35_46.csv": {"start": "2024-03-10T01:35:46Z", "end": "2024-03-10T01:35:46Z", "north": "42.308", "south": "41.308", "east": "-71.624", "west": "-72.965", "format": "CSV", "sizeMB": 0.0}}