{"UConn_TipBucket_PIERS_0027_A_2022_gag_V03.txt": {"start": "2022-12-21T00:00:00Z", "end": "2022-12-31T23:58:00Z", "north": "41.818", "south": "41.818", "east": "-72.258", "west": "-72.258", "format": "ASCII", "sizeMB": 2.0}, "UConn_TipBucket_PIERS_0027_B_2022_gag_V03.txt": {"start": "2022-12-21T00:00:00Z", "end": "2022-12-31T23:47:00Z", "north": "41.818", "south": "41.818", "east": "-72.258", "west": "-72.258", "format": "ASCII", "sizeMB": 2.0}, "UConn_TipBucket_PIERS_0028_A_2022_gag_V03.txt": {"start": "2022-12-21T00:00:00Z", "end": "2022-12-31T23:57:00Z", "north": "41.808", "south": "41.808", "east": "-72.294", "west": "-72.294", "format": "ASCII", "sizeMB": 2.0}, "UConn_TipBucket_PIERS_0028_B_2022_gag_V03.txt": {"start": "2022-12-21T00:00:00Z", "end": "2022-12-31T23:59:00Z", "north": "41.808", "south": "41.808", "east": "-72.294", "west": "-72.294", "format": "ASCII", "sizeMB": 2.0}, "UConn_TipBucket_PIERS_0027_B_2024_gag_V03.txt": {"start": "2024-01-01T00:00:00Z", "end": "2024-05-21T13:45:00Z", "north": "37.935", "south": "37.935", "east": "-75.471", "west": "-75.471", "format": "ASCII", "sizeMB": 2.09}, "UConn_TipBucket_PIERS_0027_A_2024_gag_V03.txt": {"start": "2024-01-01T00:00:00Z", "end": "2024-05-21T13:45:00Z", "north": "37.935", "south": "37.935", "east": "-75.471", "west": "-75.471", "format": "ASCII", "sizeMB": 2.09}, "UConn_TipBucket_PIERS_0028_A_2023_gag_V03.txt": {"start": "2023-01-01T00:00:00Z", "end": "2023-12-31T23:45:00Z", "north": "41.808", "south": "37.935", "east": "-72.294", "west": "-75.471", "format": "ASCII", "sizeMB": 2.12}, "UConn_TipBucket_PIERS_0028_B_2023_gag_V03.txt": {"start": "2023-01-01T00:00:00Z", "end": "2023-12-31T23:45:00Z", "north": "41.808", "south": "37.935", "east": "-72.294", "west": "-75.471", "format": "ASCII", "sizeMB": 2.12}, "UConn_TipBucket_PIERS_0027_B_2023_gag_V03.txt": {"start": "2023-01-01T00:00:00Z", "end": "2023-12-31T23:45:00Z", "north": "41.818", "south": "37.935", "east": "-72.258", "west": "-75.471", "format": "ASCII", "sizeMB": 2.11}, "UConn_TipBucket_PIERS_0027_A_2023_gag_V03.txt": {"start": "2023-01-01T00:00:00Z", "end": "2023-12-31T23:45:00Z", "north": "41.818", "south": "37.935", "east": "-72.258", "west": "-75.471", "format": "ASCII", "sizeMB": 2.11}, "UConn_TipBucket_PIERS_0028_A_2024_gag_V03.txt": {"start": "2024-01-01T00:00:00Z", "end": "2024-09-30T23:45:00Z", "north": "37.935", "south": "37.935", "east": "-75.471", "west": "-75.471", "format": "ASCII", "sizeMB": 2.13}, "UConn_TipBucket_PIERS_0028_B_2024_gag_V03.txt": {"start": "2024-01-01T00:00:00Z", "end": "2024-09-30T23:45:00Z", "north": "37.935", "south": "37.935", "east": "-75.471", "west": "-75.471", "format": "ASCII", "sizeMB": 2.14}, "UConn_TipBucket_PIERS_0027_B_2022_gmin_V03.txt": {"start": "2022-12-20T23:46:00Z", "end": "2022-12-31T23:59:00Z", "north": "41.818", "south": "41.818", "east": "-72.258", "west": "-72.258", "format": "ASCII", "sizeMB": 28.91}, "UConn_TipBucket_PIERS_0027_A_2022_gmin_V03.txt": {"start": "2022-12-20T23:46:00Z", "end": "2022-12-31T23:59:00Z", "north": "41.818", "south": "41.818", "east": "-72.258", "west": "-72.258", "format": "ASCII", "sizeMB": 28.91}, "UConn_TipBucket_PIERS_0028_A_2022_gmin_V03.txt": {"start": "2022-12-20T23:46:00Z", "end": "2022-12-31T23:59:00Z", "north": "41.808", "south": "41.808", "east": "-72.294", "west": "-72.294", "format": "ASCII", "sizeMB": 28.91}, "UConn_TipBucket_PIERS_0028_B_2022_gmin_V03.txt": {"start": "2022-12-20T23:46:00Z", "end": "2022-12-31T23:59:00Z", "north": "41.808", "south": "41.808", "east": "-72.294", "west": "-72.294", "format": "ASCII", "sizeMB": 28.91}, "UConn_TipBucket_PIERS_0027_A_2024_gmin_V03.txt": {"start": "2024-01-01T00:00:00Z", "end": "2024-05-21T13:45:00Z", "north": "37.935", "south": "37.935", "east": "-75.471", "west": "-75.471", "format": "ASCII", "sizeMB": 28.99}, "UConn_TipBucket_PIERS_0027_B_2024_gmin_V03.txt": {"start": "2024-01-01T00:00:00Z", "end": "2024-05-21T13:45:00Z", "north": "37.935", "south": "37.935", "east": "-75.471", "west": "-75.471", "format": "ASCII", "sizeMB": 28.99}, "UConn_TipBucket_PIERS_0028_B_2023_gmin_V03.txt": {"start": "2023-01-01T00:00:00Z", "end": "2023-12-31T23:59:00Z", "north": "41.808", "south": "37.935", "east": "-72.294", "west": "-75.471", "format": "ASCII", "sizeMB": 28.91}, "UConn_TipBucket_PIERS_0028_A_2023_gmin_V03.txt": {"start": "2023-01-01T00:00:00Z", "end": "2023-12-31T23:59:00Z", "north": "41.808", "south": "37.935", "east": "-72.294", "west": "-75.471", "format": "ASCII", "sizeMB": 28.91}, "UConn_TipBucket_PIERS_0027_B_2023_gmin_V03.txt": {"start": "2023-01-01T00:00:00Z", "end": "2023-12-31T23:59:00Z", "north": "41.818", "south": "37.935", "east": "-72.258", "west": "-75.471", "format": "ASCII", "sizeMB": 28.91}, "UConn_TipBucket_PIERS_0027_A_2023_gmin_V03.txt": {"start": "2023-01-01T00:00:00Z", "end": "2023-12-31T23:59:00Z", "north": "41.818", "south": "37.935", "east": "-72.258", "west": "-75.471", "format": "ASCII", "sizeMB": 28.91}, "UConn_TipBucket_PIERS_0028_A_2024_gmin_V03.txt": {"start": "2024-01-01T00:00:00Z", "end": "2024-10-28T23:45:00Z", "north": "37.935", "south": "37.935", "east": "-75.471", "west": "-75.471", "format": "ASCII", "sizeMB": 28.99}, "UConn_TipBucket_PIERS_0028_B_2024_gmin_V03.txt": {"start": "2024-01-01T00:00:00Z", "end": "2024-10-28T23:45:00Z", "north": "37.935", "south": "37.935", "east": "-75.471", "west": "-75.471", "format": "ASCII", "sizeMB": 28.99}}