{"HOPEX_EDOP_Nadir_L1B_RevA_199501061925_199501061930.nc": {"start": "1995-01-06T19:25:56Z", "end": "1995-01-06T19:30:05Z", "north": "28.387", "south": "28.169", "east": "-92.382", "west": "-92.861", "format": "netCDF-4", "sizeMB": 0.78}, "HOPEX_EDOP_Forward_L1B_RevA_199501051847_199501051847.nc": {"start": "1995-01-05T18:47:15Z", "end": "1995-01-05T18:47:42Z", "north": "38.66", "south": "38.627", "east": "-98.423", "west": "-98.48", "format": "netCDF-4", "sizeMB": 0.31}, "HOPEX_EDOP_Nadir_L1B_RevA_199501131858_199501131909.nc": {"start": "1995-01-13T18:58:04Z", "end": "1995-01-13T19:09:44Z", "north": "30.836", "south": "29.84", "east": "-86.354", "west": "-87.033", "format": "netCDF-4", "sizeMB": 4.93}, "HOPEX_EDOP_Nadir_L1B_RevA_199501051731_199501051747.nc": {"start": "1995-01-05T17:31:54Z", "end": "1995-01-05T17:47:44Z", "north": "38.467", "south": "38.444", "east": "-107.493", "west": "-109.844", "format": "netCDF-4", "sizeMB": 2.21}, "HOPEX_EDOP_Forward_L1B_RevA_199501111824_199501111828.nc": {"start": "1995-01-11T18:24:22Z", "end": "1995-01-11T18:28:31Z", "north": "25.817", "south": "25.66", "east": "-93.943", "west": "-94.444", "format": "netCDF-4", "sizeMB": 1.16}, "HOPEX_EDOP_Nadir_L1B_RevA_199501061942_199501061946.nc": {"start": "1995-01-06T19:42:11Z", "end": "1995-01-06T19:46:20Z", "north": "28.775", "south": "28.538", "east": "-90.507", "west": "-90.984", "format": "netCDF-4", "sizeMB": 0.64}, "HOPEX_EDOP_Forward_L1B_RevA_199501131730_199501131800.nc": {"start": "1995-01-13T17:30:26Z", "end": "1995-01-13T18:00:03Z", "north": "29.294", "south": "29.218", "east": "-88.098", "west": "-91.96", "format": "netCDF-4", "sizeMB": 12.47}, "HOPEX_EDOP_Forward_L1B_RevA_199501131943_199501132008.nc": {"start": "1995-01-13T19:43:56Z", "end": "1995-01-13T20:08:55Z", "north": "29.205", "south": "29.177", "east": "-87.151", "west": "-90.356", "format": "netCDF-4", "sizeMB": 9.58}, "HOPEX_EDOP_Forward_L1B_RevA_199501111813_199501111817.nc": {"start": "1995-01-11T18:13:37Z", "end": "1995-01-11T18:17:47Z", "north": "26.64", "south": "26.194", "east": "-94.747", "west": "-94.843", "format": "netCDF-4", "sizeMB": 1.17}, "HOPEX_EDOP_Nadir_L1B_RevA_199501131733_199501131742.nc": {"start": "1995-01-13T17:33:37Z", "end": "1995-01-13T17:42:22Z", "north": "29.291", "south": "29.277", "east": "-90.417", "west": "-91.548", "format": "netCDF-4", "sizeMB": 3.33}, "HOPEX_EDOP_Forward_L1B_RevA_199501062041_199501062047.nc": {"start": "1995-01-06T20:41:20Z", "end": "1995-01-06T20:47:35Z", "north": "30.964", "south": "30.294", "east": "-89.675", "west": "-89.808", "format": "netCDF-4", "sizeMB": 4.11}, "HOPEX_EDOP_Nadir_L1B_RevA_199501131821_199501131825.nc": {"start": "1995-01-13T18:21:50Z", "end": "1995-01-13T18:25:59Z", "north": "29.908", "south": "29.676", "east": "-86.043", "west": "-86.489", "format": "netCDF-4", "sizeMB": 0.94}, "HOPEX_EDOP_Forward_L1B_RevA_199501062108_199501062115.nc": {"start": "1995-01-06T21:08:00Z", "end": "1995-01-06T21:15:05Z", "north": "28.568", "south": "28.048", "east": "-91.286", "west": "-91.922", "format": "netCDF-4", "sizeMB": 3.32}, "HOPEX_EDOP_Nadir_L1B_RevA_199501131922_199501131929.nc": {"start": "1995-01-13T19:22:02Z", "end": "1995-01-13T19:29:56Z", "north": "30.08", "south": "29.431", "east": "-86.533", "west": "-87.176", "format": "netCDF-4", "sizeMB": 3.96}, "HOPEX_EDOP_Nadir_L1B_RevA_199501131939_199501132008.nc": {"start": "1995-01-13T19:39:33Z", "end": "1995-01-13T20:08:55Z", "north": "29.316", "south": "29.176", "east": "-86.645", "west": "-90.356", "format": "netCDF-4", "sizeMB": 11.78}, "HOPEX_EDOP_Forward_L1B_RevA_199501131801_199501131807.nc": {"start": "1995-01-13T18:01:26Z", "end": "1995-01-13T18:07:52Z", "north": "29.211", "south": "29.179", "east": "-87.069", "west": "-87.917", "format": "netCDF-4", "sizeMB": 3.41}, "HOPEX_EDOP_Nadir_L1B_RevA_199501111757_199501111801.nc": {"start": "1995-01-11T17:57:23Z", "end": "1995-01-11T18:01:32Z", "north": "27.239", "south": "26.775", "east": "-94.843", "west": "-94.921", "format": "netCDF-4", "sizeMB": 0.83}, "HOPEX_EDOP_Nadir_L1B_RevA_199501062050_199501062101.nc": {"start": "1995-01-06T20:50:55Z", "end": "1995-01-06T21:01:45Z", "north": "29.972", "south": "29.049", "east": "-89.986", "west": "-90.762", "format": "netCDF-4", "sizeMB": 4.54}, "HOPEX_EDOP_Forward_L1B_RevA_199501131931_199501131936.nc": {"start": "1995-01-13T19:31:09Z", "end": "1995-01-13T19:36:45Z", "north": "30.174", "south": "29.615", "east": "-86.776", "west": "-87.101", "format": "netCDF-4", "sizeMB": 3.14}, "HOPEX_EDOP_Forward_L1B_RevA_199501062223_199501062234.nc": {"start": "1995-01-06T22:23:25Z", "end": "1995-01-06T22:34:14Z", "north": "29.49", "south": "28.682", "east": "-89.497", "west": "-90.44", "format": "netCDF-4", "sizeMB": 5.48}, "HOPEX_EDOP_Forward_L1B_RevA_199501132019_199501132023.nc": {"start": "1995-01-13T20:19:46Z", "end": "1995-01-13T20:23:55Z", "north": "29.191", "south": "29.183", "east": "-91.733", "west": "-92.265", "format": "netCDF-4", "sizeMB": 0.83}, "HOPEX_EDOP_Forward_L1B_RevA_199501062212_199501062223.nc": {"start": "1995-01-06T22:12:22Z", "end": "1995-01-06T22:23:12Z", "north": "30.623", "south": "29.51", "east": "-88.978", "west": "-89.483", "format": "netCDF-4", "sizeMB": 7.06}, "HOPEX_EDOP_Nadir_L1B_RevA_199501061959_199501062006.nc": {"start": "1995-01-06T19:59:16Z", "end": "1995-01-06T20:06:45Z", "north": "29.554", "south": "29.156", "east": "-90.314", "west": "-91.106", "format": "netCDF-4", "sizeMB": 2.73}, "HOPEX_EDOP_Forward_L1B_RevA_199501062145_199501062146.nc": {"start": "1995-01-06T21:45:00Z", "end": "1995-01-06T21:46:40Z", "north": "30.204", "south": "30.058", "east": "-89.164", "west": "-89.31", "format": "netCDF-4", "sizeMB": 0.7}, "HOPEX_EDOP_Forward_L1B_RevA_199501062203_199501062208.nc": {"start": "1995-01-06T22:03:32Z", "end": "1995-01-06T22:08:44Z", "north": "31.36", "south": "30.98", "east": "-88.269", "west": "-88.759", "format": "netCDF-4", "sizeMB": 3.42}, "HOPEX_EDOP_Nadir_L1B_RevA_199501062256_199501062302.nc": {"start": "1995-01-06T22:56:47Z", "end": "1995-01-06T23:02:11Z", "north": "28.656", "south": "28.314", "east": "-92.815", "west": "-93.359", "format": "netCDF-4", "sizeMB": 1.22}, "HOPEX_EDOP_Forward_L1B_RevA_199501061947_199501061951.nc": {"start": "1995-01-06T19:47:11Z", "end": "1995-01-06T19:51:45Z", "north": "29.077", "south": "28.823", "east": "-89.883", "west": "-90.411", "format": "netCDF-4", "sizeMB": 1.69}, "HOPEX_EDOP_Nadir_L1B_RevA_199501132023_199501132031.nc": {"start": "1995-01-13T20:23:31Z", "end": "1995-01-13T20:31:26Z", "north": "29.184", "south": "29.163", "east": "-92.214", "west": "-93.22", "format": "netCDF-4", "sizeMB": 2.1}, "HOPEX_EDOP_Forward_L1B_RevA_199501062218_199501062223.nc": {"start": "1995-01-06T22:18:25Z", "end": "1995-01-06T22:23:24Z", "north": "30.008", "south": "29.491", "east": "-89.273", "west": "-89.497", "format": "netCDF-4", "sizeMB": 3.41}, "HOPEX_EDOP_Forward_L1B_RevA_199501131726_199501131730.nc": {"start": "1995-01-13T17:26:16Z", "end": "1995-01-13T17:30:25Z", "north": "29.296", "south": "29.294", "east": "-91.961", "west": "-92.514", "format": "netCDF-4", "sizeMB": 0.84}, "HOPEX_EDOP_Forward_L1B_RevA_199501062127_199501062131.nc": {"start": "1995-01-06T21:27:35Z", "end": "1995-01-06T21:31:45Z", "north": "28.913", "south": "28.606", "east": "-90.461", "west": "-90.868", "format": "netCDF-4", "sizeMB": 1.27}, "HOPEX_EDOP_Nadir_L1B_RevA_199501062214_199501062223.nc": {"start": "1995-01-06T22:14:45Z", "end": "1995-01-06T22:23:04Z", "north": "30.389", "south": "29.523", "east": "-89.111", "west": "-89.477", "format": "netCDF-4", "sizeMB": 3.85}, "HOPEX_EDOP_Nadir_L1B_RevA_199501131744_199501131753.nc": {"start": "1995-01-13T17:44:44Z", "end": "1995-01-13T17:53:28Z", "north": "29.271", "south": "29.245", "east": "-88.96", "west": "-90.104", "format": "netCDF-4", "sizeMB": 4.16}, "HOPEX_EDOP_Forward_L1B_RevA_199501131822_199501131836.nc": {"start": "1995-01-13T18:22:40Z", "end": "1995-01-13T18:36:49Z", "north": "30.838", "south": "29.726", "east": "-86.13", "west": "-87.03", "format": "netCDF-4", "sizeMB": 4.76}, "HOPEX_EDOP_Forward_L1B_RevA_199501131938_199501131939.nc": {"start": "1995-01-13T19:38:06Z", "end": "1995-01-13T19:39:46Z", "north": "29.472", "south": "29.294", "east": "-86.644", "west": "-86.707", "format": "netCDF-4", "sizeMB": 0.82}, "HOPEX_EDOP_Nadir_L1B_RevA_199501062200_199501062208.nc": {"start": "1995-01-06T22:00:55Z", "end": "1995-01-06T22:08:37Z", "north": "31.491", "south": "30.99", "east": "-88.007", "west": "-88.749", "format": "netCDF-4", "sizeMB": 3.36}, "HOPEX_EDOP_Forward_L1B_RevA_199501051823_199501051826.nc": {"start": "1995-01-05T18:23:40Z", "end": "1995-01-05T18:26:09Z", "north": "38.796", "south": "38.781", "east": "-101.679", "west": "-102.056", "format": "netCDF-4", "sizeMB": 1.29}, "HOPEX_EDOP_Nadir_L1B_RevA_199501062135_199501062146.nc": {"start": "1995-01-06T21:35:55Z", "end": "1995-01-06T21:46:45Z", "north": "30.212", "south": "29.268", "east": "-89.157", "west": "-90.098", "format": "netCDF-4", "sizeMB": 4.05}, "HOPEX_EDOP_Forward_L1B_RevA_199501062256_199501062302.nc": {"start": "1995-01-06T22:56:47Z", "end": "1995-01-06T23:02:11Z", "north": "28.656", "south": "28.314", "east": "-92.815", "west": "-93.359", "format": "netCDF-4", "sizeMB": 2.08}, "HOPEX_EDOP_Nadir_L1B_RevA_199501062218_199501062223.nc": {"start": "1995-01-06T22:18:25Z", "end": "1995-01-06T22:23:24Z", "north": "30.008", "south": "29.491", "east": "-89.273", "west": "-89.497", "format": "netCDF-4", "sizeMB": 2.42}, "HOPEX_EDOP_Nadir_L1B_RevA_199501131726_199501131730.nc": {"start": "1995-01-13T17:26:16Z", "end": "1995-01-13T17:30:25Z", "north": "29.296", "south": "29.294", "east": "-91.961", "west": "-92.514", "format": "netCDF-4", "sizeMB": 0.84}, "HOPEX_EDOP_Nadir_L1B_RevA_199501061947_199501061951.nc": {"start": "1995-01-06T19:47:11Z", "end": "1995-01-06T19:51:45Z", "north": "29.077", "south": "28.823", "east": "-89.883", "west": "-90.411", "format": "netCDF-4", "sizeMB": 1.18}, "HOPEX_EDOP_Forward_L1B_RevA_199501132023_199501132031.nc": {"start": "1995-01-13T20:23:31Z", "end": "1995-01-13T20:31:26Z", "north": "29.184", "south": "29.163", "east": "-92.214", "west": "-93.22", "format": "netCDF-4", "sizeMB": 2.16}, "HOPEX_EDOP_Nadir_L1B_RevA_199501062203_199501062208.nc": {"start": "1995-01-06T22:03:32Z", "end": "1995-01-06T22:08:44Z", "north": "31.36", "south": "30.98", "east": "-88.269", "west": "-88.759", "format": "netCDF-4", "sizeMB": 2.19}, "HOPEX_EDOP_Nadir_L1B_RevA_199501062145_199501062146.nc": {"start": "1995-01-06T21:45:00Z", "end": "1995-01-06T21:46:40Z", "north": "30.204", "south": "30.058", "east": "-89.164", "west": "-89.31", "format": "netCDF-4", "sizeMB": 0.45}, "HOPEX_EDOP_Forward_L1B_RevA_199501061959_199501062006.nc": {"start": "1995-01-06T19:59:16Z", "end": "1995-01-06T20:06:45Z", "north": "29.554", "south": "29.156", "east": "-90.314", "west": "-91.106", "format": "netCDF-4", "sizeMB": 4.34}, "HOPEX_EDOP_Nadir_L1B_RevA_199501132019_199501132023.nc": {"start": "1995-01-13T20:19:46Z", "end": "1995-01-13T20:23:55Z", "north": "29.191", "south": "29.183", "east": "-91.733", "west": "-92.265", "format": "netCDF-4", "sizeMB": 0.79}, "HOPEX_EDOP_Nadir_L1B_RevA_199501062212_199501062223.nc": {"start": "1995-01-06T22:12:22Z", "end": "1995-01-06T22:23:12Z", "north": "30.623", "south": "29.51", "east": "-88.978", "west": "-89.483", "format": "netCDF-4", "sizeMB": 4.69}, "HOPEX_EDOP_Forward_L1B_RevA_199501062135_199501062146.nc": {"start": "1995-01-06T21:35:55Z", "end": "1995-01-06T21:46:45Z", "north": "30.212", "south": "29.268", "east": "-89.157", "west": "-90.098", "format": "netCDF-4", "sizeMB": 6.21}, "HOPEX_EDOP_Nadir_L1B_RevA_199501051823_199501051826.nc": {"start": "1995-01-05T18:23:40Z", "end": "1995-01-05T18:26:09Z", "north": "38.796", "south": "38.781", "east": "-101.679", "west": "-102.056", "format": "netCDF-4", "sizeMB": 0.58}, "HOPEX_EDOP_Forward_L1B_RevA_199501062200_199501062208.nc": {"start": "1995-01-06T22:00:55Z", "end": "1995-01-06T22:08:37Z", "north": "31.491", "south": "30.99", "east": "-88.007", "west": "-88.749", "format": "netCDF-4", "sizeMB": 5.15}, "HOPEX_EDOP_Nadir_L1B_RevA_199501131822_199501131836.nc": {"start": "1995-01-13T18:22:40Z", "end": "1995-01-13T18:36:49Z", "north": "30.838", "south": "29.726", "east": "-86.13", "west": "-87.03", "format": "netCDF-4", "sizeMB": 5.17}, "HOPEX_EDOP_Nadir_L1B_RevA_199501131938_199501131939.nc": {"start": "1995-01-13T19:38:06Z", "end": "1995-01-13T19:39:46Z", "north": "29.472", "south": "29.294", "east": "-86.644", "west": "-86.707", "format": "netCDF-4", "sizeMB": 0.88}, "HOPEX_EDOP_Forward_L1B_RevA_199501062214_199501062223.nc": {"start": "1995-01-06T22:14:45Z", "end": "1995-01-06T22:23:04Z", "north": "30.389", "south": "29.523", "east": "-89.111", "west": "-89.477", "format": "netCDF-4", "sizeMB": 5.57}, "HOPEX_EDOP_Nadir_L1B_RevA_199501062127_199501062131.nc": {"start": "1995-01-06T21:27:35Z", "end": "1995-01-06T21:31:45Z", "north": "28.913", "south": "28.606", "east": "-90.461", "west": "-90.868", "format": "netCDF-4", "sizeMB": 0.73}, "HOPEX_EDOP_Forward_L1B_RevA_199501131744_199501131753.nc": {"start": "1995-01-13T17:44:44Z", "end": "1995-01-13T17:53:28Z", "north": "29.271", "south": "29.245", "east": "-88.96", "west": "-90.104", "format": "netCDF-4", "sizeMB": 4.3}, "HOPEX_EDOP_Nadir_L1B_RevA_199501131943_199501132008.nc": {"start": "1995-01-13T19:43:56Z", "end": "1995-01-13T20:08:55Z", "north": "29.205", "south": "29.177", "east": "-87.151", "west": "-90.356", "format": "netCDF-4", "sizeMB": 9.66}, "HOPEX_EDOP_Nadir_L1B_RevA_199501111813_199501111817.nc": {"start": "1995-01-11T18:13:37Z", "end": "1995-01-11T18:17:47Z", "north": "26.64", "south": "26.194", "east": "-94.747", "west": "-94.843", "format": "netCDF-4", "sizeMB": 0.81}, "HOPEX_EDOP_Nadir_L1B_RevA_199501062041_199501062047.nc": {"start": "1995-01-06T20:41:20Z", "end": "1995-01-06T20:47:35Z", "north": "30.964", "south": "30.294", "east": "-89.675", "west": "-89.808", "format": "netCDF-4", "sizeMB": 2.57}, "HOPEX_EDOP_Forward_L1B_RevA_199501131821_199501131825.nc": {"start": "1995-01-13T18:21:50Z", "end": "1995-01-13T18:25:59Z", "north": "29.908", "south": "29.676", "east": "-86.043", "west": "-86.489", "format": "netCDF-4", "sizeMB": 0.94}, "HOPEX_EDOP_Forward_L1B_RevA_199501131733_199501131742.nc": {"start": "1995-01-13T17:33:37Z", "end": "1995-01-13T17:42:22Z", "north": "29.291", "south": "29.277", "east": "-90.417", "west": "-91.548", "format": "netCDF-4", "sizeMB": 3.07}, "HOPEX_EDOP_Forward_L1B_RevA_199501061942_199501061946.nc": {"start": "1995-01-06T19:42:11Z", "end": "1995-01-06T19:46:20Z", "north": "28.775", "south": "28.538", "east": "-90.507", "west": "-90.984", "format": "netCDF-4", "sizeMB": 1.15}, "HOPEX_EDOP_Nadir_L1B_RevA_199501131730_199501131800.nc": {"start": "1995-01-13T17:30:26Z", "end": "1995-01-13T18:00:03Z", "north": "29.294", "south": "29.218", "east": "-88.098", "west": "-91.96", "format": "netCDF-4", "sizeMB": 12.45}, "HOPEX_EDOP_Nadir_L1B_RevA_199501111824_199501111828.nc": {"start": "1995-01-11T18:24:22Z", "end": "1995-01-11T18:28:31Z", "north": "25.817", "south": "25.66", "east": "-93.943", "west": "-94.444", "format": "netCDF-4", "sizeMB": 0.79}, "HOPEX_EDOP_Forward_L1B_RevA_199501061925_199501061930.nc": {"start": "1995-01-06T19:25:56Z", "end": "1995-01-06T19:30:05Z", "north": "28.387", "south": "28.169", "east": "-92.382", "west": "-92.861", "format": "netCDF-4", "sizeMB": 1.28}, "HOPEX_EDOP_Forward_L1B_RevA_199501051731_199501051747.nc": {"start": "1995-01-05T17:31:54Z", "end": "1995-01-05T17:47:44Z", "north": "38.467", "south": "38.444", "east": "-107.493", "west": "-109.844", "format": "netCDF-4", "sizeMB": 1.04}, "HOPEX_EDOP_Forward_L1B_RevA_199501131858_199501131909.nc": {"start": "1995-01-13T18:58:04Z", "end": "1995-01-13T19:09:44Z", "north": "30.836", "south": "29.84", "east": "-86.354", "west": "-87.033", "format": "netCDF-4", "sizeMB": 4.63}, "HOPEX_EDOP_Nadir_L1B_RevA_199501051847_199501051847.nc": {"start": "1995-01-05T18:47:15Z", "end": "1995-01-05T18:47:42Z", "north": "38.66", "south": "38.627", "east": "-98.423", "west": "-98.48", "format": "netCDF-4", "sizeMB": 0.18}, "HOPEX_EDOP_Nadir_L1B_RevA_199501131801_199501131807.nc": {"start": "1995-01-13T18:01:26Z", "end": "1995-01-13T18:07:52Z", "north": "29.211", "south": "29.179", "east": "-87.069", "west": "-87.917", "format": "netCDF-4", "sizeMB": 3.29}, "HOPEX_EDOP_Forward_L1B_RevA_199501131939_199501132008.nc": {"start": "1995-01-13T19:39:33Z", "end": "1995-01-13T20:08:55Z", "north": "29.316", "south": "29.176", "east": "-86.645", "west": "-90.356", "format": "netCDF-4", "sizeMB": 11.66}, "HOPEX_EDOP_Nadir_L1B_RevA_199501062223_199501062234.nc": {"start": "1995-01-06T22:23:25Z", "end": "1995-01-06T22:34:14Z", "north": "29.49", "south": "28.682", "east": "-89.497", "west": "-90.44", "format": "netCDF-4", "sizeMB": 3.67}, "HOPEX_EDOP_Nadir_L1B_RevA_199501131931_199501131936.nc": {"start": "1995-01-13T19:31:09Z", "end": "1995-01-13T19:36:45Z", "north": "30.174", "south": "29.615", "east": "-86.776", "west": "-87.101", "format": "netCDF-4", "sizeMB": 2.98}, "HOPEX_EDOP_Forward_L1B_RevA_199501062050_199501062101.nc": {"start": "1995-01-06T20:50:55Z", "end": "1995-01-06T21:01:45Z", "north": "29.972", "south": "29.049", "east": "-89.986", "west": "-90.762", "format": "netCDF-4", "sizeMB": 6.77}, "HOPEX_EDOP_Forward_L1B_RevA_199501111757_199501111801.nc": {"start": "1995-01-11T17:57:23Z", "end": "1995-01-11T18:01:32Z", "north": "27.239", "south": "26.775", "east": "-94.843", "west": "-94.921", "format": "netCDF-4", "sizeMB": 1.18}, "HOPEX_EDOP_Forward_L1B_RevA_199501131922_199501131929.nc": {"start": "1995-01-13T19:22:02Z", "end": "1995-01-13T19:29:56Z", "north": "30.08", "south": "29.431", "east": "-86.533", "west": "-87.176", "format": "netCDF-4", "sizeMB": 4.28}, "HOPEX_EDOP_Nadir_L1B_RevA_199501062108_199501062115.nc": {"start": "1995-01-06T21:08:00Z", "end": "1995-01-06T21:15:05Z", "north": "28.568", "south": "28.048", "east": "-91.286", "west": "-91.922", "format": "netCDF-4", "sizeMB": 2.09}}