{"IMPACTS_SBU_airmarweather_20200109_RT.nc": {"start": "2020-01-09T00:00:00Z", "end": "2020-01-09T23:59:59Z", "north": "40.907", "south": "40.887", "east": "-73.117", "west": "-73.137", "format": "netCDF-4", "sizeMB": 1.76}, "IMPACTS_SBU_airmarweather_20200102_RT.nc": {"start": "2020-01-02T17:37:12Z", "end": "2020-01-02T23:59:59Z", "north": "40.907", "south": "40.887", "east": "-73.117", "west": "-73.137", "format": "netCDF-4", "sizeMB": 2.04}, "IMPACTS_SBU_airmarweather_20200104_RT.nc": {"start": "2020-01-04T00:00:00Z", "end": "2020-01-04T23:59:59Z", "north": "40.907", "south": "40.887", "east": "-73.117", "west": "-73.137", "format": "netCDF-4", "sizeMB": 7.64}, "IMPACTS_SBU_airmarweather_20200103_RT.nc": {"start": "2020-01-03T00:00:00Z", "end": "2020-01-03T23:59:59Z", "north": "40.907", "south": "40.887", "east": "-73.117", "west": "-73.137", "format": "netCDF-4", "sizeMB": 7.64}, "IMPACTS_SBU_airmarweather_20200108_RT.nc": {"start": "2020-01-08T00:00:00Z", "end": "2020-01-08T23:59:59Z", "north": "40.907", "south": "40.887", "east": "-73.117", "west": "-73.137", "format": "netCDF-4", "sizeMB": 7.64}, "IMPACTS_SBU_airmarweather_20200111_RT.nc": {"start": "2020-01-11T00:00:00Z", "end": "2020-01-11T23:59:59Z", "north": "40.907", "south": "40.887", "east": "-73.117", "west": "-73.137", "format": "netCDF-4", "sizeMB": 7.64}, "IMPACTS_SBU_airmarweather_20200110_RT.nc": {"start": "2020-01-10T00:00:00Z", "end": "2020-01-10T23:59:59Z", "north": "40.907", "south": "40.887", "east": "-73.117", "west": "-73.137", "format": "netCDF-4", "sizeMB": 7.64}, "IMPACTS_SBU_airmarweather_20200105_RT.nc": {"start": "2020-01-05T00:00:00Z", "end": "2020-01-05T23:59:59Z", "north": "40.907", "south": "40.887", "east": "-73.117", "west": "-73.137", "format": "netCDF-4", "sizeMB": 7.64}, "IMPACTS_SBU_airmarweather_20200106_RT.nc": {"start": "2020-01-06T00:00:00Z", "end": "2020-01-06T23:59:59Z", "north": "40.907", "south": "40.887", "east": "-73.117", "west": "-73.137", "format": "netCDF-4", "sizeMB": 7.64}, "IMPACTS_SBU_airmarweather_20200107_RT.nc": {"start": "2020-01-07T00:00:00Z", "end": "2020-01-07T23:59:59Z", "north": "40.907", "south": "40.887", "east": "-73.117", "west": "-73.137", "format": "netCDF-4", "sizeMB": 7.64}, "IMPACTS_SBU_airmarweather_20200112_RT.nc": {"start": "2020-01-12T00:00:00Z", "end": "2020-01-12T10:30:43Z", "north": "40.907", "south": "40.887", "east": "-73.117", "west": "-73.137", "format": "netCDF-4", "sizeMB": 3.36}, "IMPACTS_SBU_airmarweather_20200119_RT.nc": {"start": "2020-01-19T00:00:00Z", "end": "2020-01-19T02:03:04Z", "north": "40.975", "south": "40.955", "east": "-73.02", "west": "-73.04", "format": "netCDF-4", "sizeMB": 0.67}, "IMPACTS_SBU_airmarweather_20200114_RT.nc": {"start": "2020-01-14T00:00:00Z", "end": "2020-01-14T23:59:59Z", "north": "40.907", "south": "40.887", "east": "-73.117", "west": "-73.137", "format": "netCDF-4", "sizeMB": 7.64}, "IMPACTS_SBU_airmarweather_20200118_RT.nc": {"start": "2020-01-18T16:08:26Z", "end": "2020-01-18T23:59:59Z", "north": "40.975", "south": "40.955", "east": "-73.02", "west": "-73.04", "format": "netCDF-4", "sizeMB": 2.51}, "IMPACTS_SBU_airmarweather_20200117_RT.nc": {"start": "2020-01-17T00:00:00Z", "end": "2020-01-17T19:53:06Z", "north": "40.907", "south": "40.887", "east": "-73.117", "west": "-73.137", "format": "netCDF-4", "sizeMB": 6.28}, "IMPACTS_SBU_airmarweather_20200113_RT.nc": {"start": "2020-01-13T14:32:30Z", "end": "2020-01-13T23:59:59Z", "north": "40.907", "south": "40.887", "east": "-73.117", "west": "-73.137", "format": "netCDF-4", "sizeMB": 2.99}, "IMPACTS_SBU_airmarweather_20200121_RT.nc": {"start": "2020-01-21T14:31:19Z", "end": "2020-01-21T23:59:59Z", "north": "40.907", "south": "40.887", "east": "-73.117", "west": "-73.137", "format": "netCDF-4", "sizeMB": 3.03}, "IMPACTS_SBU_airmarweather_20200115_RT.nc": {"start": "2020-01-15T00:00:00Z", "end": "2020-01-15T23:59:59Z", "north": "40.907", "south": "40.887", "east": "-73.117", "west": "-73.137", "format": "netCDF-4", "sizeMB": 7.64}, "IMPACTS_SBU_airmarweather_20200122_RT.nc": {"start": "2020-01-22T00:00:00Z", "end": "2020-01-22T23:59:59Z", "north": "40.907", "south": "40.887", "east": "-73.117", "west": "-73.137", "format": "netCDF-4", "sizeMB": 7.64}, "IMPACTS_SBU_airmarweather_20200116_RT.nc": {"start": "2020-01-16T00:00:00Z", "end": "2020-01-16T23:59:59Z", "north": "40.907", "south": "40.887", "east": "-73.117", "west": "-73.137", "format": "netCDF-4", "sizeMB": 7.14}, "IMPACTS_SBU_airmarweather_20200129_RT.nc": {"start": "2020-01-29T18:57:24Z", "end": "2020-01-29T23:59:59Z", "north": "40.907", "south": "40.887", "east": "-73.117", "west": "-73.137", "format": "netCDF-4", "sizeMB": 1.62}, "IMPACTS_SBU_airmarweather_20200123_RT.nc": {"start": "2020-01-23T00:00:00Z", "end": "2020-01-23T23:59:59Z", "north": "40.907", "south": "40.887", "east": "-73.117", "west": "-73.137", "format": "netCDF-4", "sizeMB": 7.64}, "IMPACTS_SBU_airmarweather_20200201_RT.nc": {"start": "2020-02-01T00:00:00Z", "end": "2020-02-01T23:59:59Z", "north": "40.907", "south": "40.887", "east": "-73.117", "west": "-73.137", "format": "netCDF-4", "sizeMB": 5.69}, "IMPACTS_SBU_airmarweather_20200125_RT.nc": {"start": "2020-01-25T00:00:00Z", "end": "2020-01-25T17:33:53Z", "north": "40.907", "south": "40.887", "east": "-73.117", "west": "-73.137", "format": "netCDF-4", "sizeMB": 5.59}, "IMPACTS_SBU_airmarweather_20200131_RT.nc": {"start": "2020-01-31T00:00:00Z", "end": "2020-01-31T23:59:59Z", "north": "40.907", "south": "40.887", "east": "-73.117", "west": "-73.137", "format": "netCDF-4", "sizeMB": 7.64}, "IMPACTS_SBU_airmarweather_20200130_RT.nc": {"start": "2020-01-30T00:00:00Z", "end": "2020-01-30T23:59:59Z", "north": "40.907", "south": "40.887", "east": "-73.117", "west": "-73.137", "format": "netCDF-4", "sizeMB": 7.64}, "IMPACTS_SBU_airmarweather_20200203_RT.nc": {"start": "2020-02-03T00:00:00Z", "end": "2020-02-03T23:59:59Z", "north": "40.907", "south": "40.887", "east": "-73.117", "west": "-73.137", "format": "netCDF-4", "sizeMB": 7.64}, "IMPACTS_SBU_airmarweather_20200124_RT.nc": {"start": "2020-01-24T00:00:00Z", "end": "2020-01-24T23:59:59Z", "north": "40.907", "south": "40.887", "east": "-73.117", "west": "-73.137", "format": "netCDF-4", "sizeMB": 7.64}, "IMPACTS_SBU_airmarweather_20200202_RT.nc": {"start": "2020-02-02T00:00:00Z", "end": "2020-02-02T23:59:59Z", "north": "40.907", "south": "40.887", "east": "-73.117", "west": "-73.137", "format": "netCDF-4", "sizeMB": 7.64}, "IMPACTS_SBU_airmarweather_20200205_RT.nc": {"start": "2020-02-05T00:00:00Z", "end": "2020-02-05T23:59:59Z", "north": "40.907", "south": "40.887", "east": "-73.117", "west": "-73.137", "format": "netCDF-4", "sizeMB": 7.64}, "IMPACTS_SBU_airmarweather_20200204_RT.nc": {"start": "2020-02-04T00:00:00Z", "end": "2020-02-04T23:59:59Z", "north": "40.907", "south": "40.887", "east": "-73.117", "west": "-73.137", "format": "netCDF-4", "sizeMB": 7.64}, "IMPACTS_SBU_airmarweather_20200207_RT.nc": {"start": "2020-02-07T00:00:00Z", "end": "2020-02-07T23:59:59Z", "north": "40.907", "south": "40.887", "east": "-73.117", "west": "-73.137", "format": "netCDF-4", "sizeMB": 7.58}, "IMPACTS_SBU_airmarweather_20200210_RT.nc": {"start": "2020-02-10T00:00:00Z", "end": "2020-02-10T23:59:59Z", "north": "40.907", "south": "40.887", "east": "-73.117", "west": "-73.137", "format": "netCDF-4", "sizeMB": 7.64}, "IMPACTS_SBU_airmarweather_20200206_RT.nc": {"start": "2020-02-06T00:00:00Z", "end": "2020-02-06T23:59:59Z", "north": "40.907", "south": "40.887", "east": "-73.117", "west": "-73.137", "format": "netCDF-4", "sizeMB": 7.64}, "IMPACTS_SBU_airmarweather_20200211_RT.nc": {"start": "2020-02-11T00:00:00Z", "end": "2020-02-11T23:59:59Z", "north": "40.907", "south": "40.887", "east": "-73.117", "west": "-73.137", "format": "netCDF-4", "sizeMB": 7.64}, "IMPACTS_SBU_airmarweather_20200213_RT.nc": {"start": "2020-02-13T01:48:19Z", "end": "2020-02-13T23:59:59Z", "north": "40.975", "south": "40.955", "east": "-73.02", "west": "-73.04", "format": "netCDF-4", "sizeMB": 6.29}, "IMPACTS_SBU_airmarweather_20200212_RT.nc": {"start": "2020-02-12T00:00:00Z", "end": "2020-02-12T14:23:03Z", "north": "40.907", "south": "40.887", "east": "-73.117", "west": "-73.137", "format": "netCDF-4", "sizeMB": 4.15}, "IMPACTS_SBU_airmarweather_20200208_RT.nc": {"start": "2020-02-08T00:00:00Z", "end": "2020-02-08T23:59:59Z", "north": "40.907", "south": "40.887", "east": "-73.117", "west": "-73.137", "format": "netCDF-4", "sizeMB": 7.64}, "IMPACTS_SBU_airmarweather_20200209_RT.nc": {"start": "2020-02-09T00:00:00Z", "end": "2020-02-09T23:59:59Z", "north": "40.907", "south": "40.887", "east": "-73.117", "west": "-73.137", "format": "netCDF-4", "sizeMB": 7.64}, "IMPACTS_SBU_airmarweather_20200215_RT.nc": {"start": "2020-02-15T00:00:00Z", "end": "2020-02-15T23:59:59Z", "north": "40.907", "south": "40.887", "east": "-73.117", "west": "-73.137", "format": "netCDF-4", "sizeMB": 7.65}, "IMPACTS_SBU_airmarweather_20200218_RT.nc": {"start": "2020-02-18T00:00:00Z", "end": "2020-02-18T23:59:59Z", "north": "40.907", "south": "40.887", "east": "-73.117", "west": "-73.137", "format": "netCDF-4", "sizeMB": 7.64}, "IMPACTS_SBU_airmarweather_20200214_RT.nc": {"start": "2020-02-14T00:00:00Z", "end": "2020-02-14T23:59:59Z", "north": "40.907", "south": "40.887", "east": "-73.117", "west": "-73.137", "format": "netCDF-4", "sizeMB": 7.64}, "IMPACTS_SBU_airmarweather_20200216_RT.nc": {"start": "2020-02-16T00:00:00Z", "end": "2020-02-16T23:59:59Z", "north": "40.907", "south": "40.887", "east": "-73.117", "west": "-73.137", "format": "netCDF-4", "sizeMB": 7.64}, "IMPACTS_SBU_airmarweather_20200222_RT.nc": {"start": "2020-02-22T00:00:00Z", "end": "2020-02-22T23:59:59Z", "north": "40.907", "south": "40.887", "east": "-73.117", "west": "-73.137", "format": "netCDF-4", "sizeMB": 7.64}, "IMPACTS_SBU_airmarweather_20200217_RT.nc": {"start": "2020-02-17T00:00:00Z", "end": "2020-02-17T23:59:59Z", "north": "40.907", "south": "40.887", "east": "-73.117", "west": "-73.137", "format": "netCDF-4", "sizeMB": 7.64}, "IMPACTS_SBU_airmarweather_20200219_RT.nc": {"start": "2020-02-19T00:00:00Z", "end": "2020-02-19T23:59:59Z", "north": "40.907", "south": "40.887", "east": "-73.117", "west": "-73.137", "format": "netCDF-4", "sizeMB": 7.64}, "IMPACTS_SBU_airmarweather_20200220_RT.nc": {"start": "2020-02-20T00:00:00Z", "end": "2020-02-20T23:59:59Z", "north": "40.907", "south": "40.887", "east": "-73.117", "west": "-73.137", "format": "netCDF-4", "sizeMB": 7.64}, "IMPACTS_SBU_airmarweather_20200221_RT.nc": {"start": "2020-02-21T00:00:00Z", "end": "2020-02-21T23:59:59Z", "north": "40.907", "south": "40.887", "east": "-73.117", "west": "-73.137", "format": "netCDF-4", "sizeMB": 7.64}, "IMPACTS_SBU_airmarweather_20200223_RT.nc": {"start": "2020-02-23T00:00:00Z", "end": "2020-02-23T23:59:59Z", "north": "40.907", "south": "40.887", "east": "-73.117", "west": "-73.137", "format": "netCDF-4", "sizeMB": 7.64}, "IMPACTS_SBU_airmarweather_20220105_RT.nc": {"start": "2022-01-05T16:27:17Z", "end": "2022-01-05T16:27:24Z", "north": "40.907", "south": "40.887", "east": "-73.117", "west": "-73.137", "format": "netCDF-4", "sizeMB": 0.02}, "IMPACTS_SBU_airmarweather_20200224_RT.nc": {"start": "2020-02-24T00:00:00Z", "end": "2020-02-24T23:59:59Z", "north": "40.907", "south": "40.887", "east": "-73.117", "west": "-73.137", "format": "netCDF-4", "sizeMB": 7.64}, "IMPACTS_SBU_airmarweather_20220103_RT.nc": {"start": "2022-01-03T20:25:43Z", "end": "2022-01-03T20:45:52Z", "north": "40.907", "south": "40.887", "east": "-73.117", "west": "-73.137", "format": "netCDF-4", "sizeMB": 0.02}, "IMPACTS_SBU_airmarweather_20220104_RT.nc": {"start": "2022-01-04T18:41:19Z", "end": "2022-01-04T19:28:02Z", "north": "40.907", "south": "40.887", "east": "-73.117", "west": "-73.137", "format": "netCDF-4", "sizeMB": 0.24}, "IMPACTS_SBU_airmarweather_20200226_RT.nc": {"start": "2020-02-26T00:00:00Z", "end": "2020-02-26T23:59:59Z", "north": "40.907", "south": "40.887", "east": "-73.117", "west": "-73.137", "format": "netCDF-4", "sizeMB": 7.64}, "IMPACTS_SBU_airmarweather_20220107_RT.nc": {"start": "2022-01-07T10:04:40Z", "end": "2022-01-07T16:05:50Z", "north": "40.907", "south": "40.887", "east": "-73.117", "west": "-73.137", "format": "netCDF-4", "sizeMB": 1.93}, "IMPACTS_SBU_airmarweather_20200225_RT.nc": {"start": "2020-02-25T00:00:00Z", "end": "2020-02-25T23:59:59Z", "north": "40.907", "south": "40.887", "east": "-73.117", "west": "-73.137", "format": "netCDF-4", "sizeMB": 7.64}, "IMPACTS_SBU_airmarweather_20220106_RT.nc": {"start": "2022-01-06T01:56:22Z", "end": "2022-01-06T19:53:36Z", "north": "40.907", "south": "40.887", "east": "-73.117", "west": "-73.137", "format": "netCDF-4", "sizeMB": 4.31}, "IMPACTS_SBU_airmarweather_20200227_RT.nc": {"start": "2020-02-27T00:00:00Z", "end": "2020-02-27T23:59:59Z", "north": "40.907", "south": "40.887", "east": "-73.117", "west": "-73.137", "format": "netCDF-4", "sizeMB": 7.64}, "IMPACTS_SBU_airmarweather_20220111_RT.nc": {"start": "2022-01-11T19:45:10Z", "end": "2022-01-11T19:54:33Z", "north": "40.907", "south": "40.887", "east": "-73.117", "west": "-73.137", "format": "netCDF-4", "sizeMB": 0.07}, "IMPACTS_SBU_airmarweather_20220112_RT.nc": {"start": "2022-01-12T22:36:13Z", "end": "2022-01-12T23:59:59Z", "north": "40.907", "south": "40.887", "east": "-73.117", "west": "-73.137", "format": "netCDF-4", "sizeMB": 0.46}, "IMPACTS_SBU_airmarweather_20220118_RT.nc": {"start": "2022-01-18T19:22:46Z", "end": "2022-01-18T23:59:59Z", "north": "40.907", "south": "40.887", "east": "-73.117", "west": "-73.137", "format": "netCDF-4", "sizeMB": 1.48}, "IMPACTS_SBU_airmarweather_20220124_RT.nc": {"start": "2022-01-24T18:39:23Z", "end": "2022-01-24T23:59:59Z", "north": "40.907", "south": "40.887", "east": "-73.117", "west": "-73.137", "format": "netCDF-4", "sizeMB": 1.71}, "IMPACTS_SBU_airmarweather_20220115_RT.nc": {"start": "2022-01-15T17:53:30Z", "end": "2022-01-15T23:59:59Z", "north": "40.907", "south": "40.887", "east": "-73.117", "west": "-73.137", "format": "netCDF-4", "sizeMB": 1.96}, "IMPACTS_SBU_airmarweather_20220113_RT.nc": {"start": "2022-01-13T00:00:00Z", "end": "2022-01-13T21:16:51Z", "north": "40.907", "south": "40.887", "east": "-73.117", "west": "-73.137", "format": "netCDF-4", "sizeMB": 2.7}, "IMPACTS_SBU_airmarweather_20220116_RT.nc": {"start": "2022-01-16T00:00:00Z", "end": "2022-01-16T13:17:23Z", "north": "40.907", "south": "40.887", "east": "-73.117", "west": "-73.137", "format": "netCDF-4", "sizeMB": 4.24}, "IMPACTS_SBU_airmarweather_20220128_RT.nc": {"start": "2022-01-28T17:55:39Z", "end": "2022-01-28T18:11:22Z", "north": "40.907", "south": "40.887", "east": "-73.117", "west": "-73.137", "format": "netCDF-4", "sizeMB": 0.1}, "IMPACTS_SBU_airmarweather_20220114_RT.nc": {"start": "2022-01-14T04:11:08Z", "end": "2022-01-14T23:18:44Z", "north": "40.907", "south": "40.887", "east": "-73.117", "west": "-73.137", "format": "netCDF-4", "sizeMB": 5.52}, "IMPACTS_SBU_airmarweather_20220117_RT.nc": {"start": "2022-01-17T00:22:09Z", "end": "2022-01-17T15:28:16Z", "north": "42.184", "south": "42.164", "east": "-76.862", "west": "-76.882", "format": "netCDF-4", "sizeMB": 4.37}, "IMPACTS_SBU_airmarweather_20220120_RT.nc": {"start": "2022-01-20T00:00:00Z", "end": "2022-01-20T16:09:38Z", "north": "40.907", "south": "40.887", "east": "-73.117", "west": "-73.137", "format": "netCDF-4", "sizeMB": 5.15}, "IMPACTS_SBU_airmarweather_20220125_RT.nc": {"start": "2022-01-25T00:00:00Z", "end": "2022-01-25T15:34:04Z", "north": "40.907", "south": "40.887", "east": "-73.117", "west": "-73.137", "format": "netCDF-4", "sizeMB": 4.96}, "IMPACTS_SBU_airmarweather_20220119_RT.nc": {"start": "2022-01-19T00:00:00Z", "end": "2022-01-19T23:59:59Z", "north": "40.907", "south": "40.887", "east": "-73.117", "west": "-73.137", "format": "netCDF-4", "sizeMB": 7.64}, "IMPACTS_SBU_airmarweather_20220202_RT.nc": {"start": "2022-02-02T21:29:13Z", "end": "2022-02-02T22:38:31Z", "north": "40.907", "south": "40.887", "east": "-73.117", "west": "-73.137", "format": "netCDF-4", "sizeMB": 0.36}, "IMPACTS_SBU_airmarweather_20230106_RT.nc": {"start": "2023-01-06T18:48:45Z", "end": "2023-01-06T23:14:39Z", "north": "40.907", "south": "40.887", "east": "-73.117", "west": "-73.137", "format": "netCDF-4", "sizeMB": 0.02}, "IMPACTS_SBU_airmarweather_20220213_RT.nc": {"start": "2022-02-13T11:15:37Z", "end": "2022-02-13T12:48:08Z", "north": "40.907", "south": "40.887", "east": "-73.117", "west": "-73.137", "format": "netCDF-4", "sizeMB": 0.33}, "IMPACTS_SBU_airmarweather_20230112_RT.nc": {"start": "2023-01-12T21:20:18Z", "end": "2023-01-12T23:59:59Z", "north": "40.907", "south": "40.887", "east": "-73.117", "west": "-73.137", "format": "netCDF-4", "sizeMB": 0.62}, "IMPACTS_SBU_airmarweather_20220225_RT.nc": {"start": "2022-02-25T04:22:28Z", "end": "2022-02-25T18:09:28Z", "north": "43.256", "south": "43.236", "east": "-73.549", "west": "-73.569", "format": "netCDF-4", "sizeMB": 4.39}, "IMPACTS_SBU_airmarweather_20220203_RT.nc": {"start": "2022-02-03T02:52:05Z", "end": "2022-02-03T23:09:03Z", "north": "40.907", "south": "40.887", "east": "-73.117", "west": "-73.137", "format": "netCDF-4", "sizeMB": 6.46}, "IMPACTS_SBU_airmarweather_20230113_RT.nc": {"start": "2023-01-13T00:00:00Z", "end": "2023-01-13T23:59:59Z", "north": "40.907", "south": "40.887", "east": "-73.117", "west": "-73.137", "format": "netCDF-4", "sizeMB": 7.64}, "IMPACTS_SBU_airmarweather_20230115_RT.nc": {"start": "2023-01-15T14:35:10Z", "end": "2023-01-15T23:59:59Z", "north": "40.907", "south": "40.887", "east": "-73.117", "west": "-73.137", "format": "netCDF-4", "sizeMB": 3.01}, "IMPACTS_SBU_airmarweather_20230116_RT.nc": {"start": "2023-01-16T00:00:00Z", "end": "2023-01-16T23:59:59Z", "north": "40.907", "south": "40.887", "east": "-73.117", "west": "-73.137", "format": "netCDF-4", "sizeMB": 7.64}, "IMPACTS_SBU_airmarweather_20230114_RT.nc": {"start": "2023-01-14T00:00:00Z", "end": "2023-01-14T19:50:25Z", "north": "40.907", "south": "40.887", "east": "-73.117", "west": "-73.137", "format": "netCDF-4", "sizeMB": 6.32}, "IMPACTS_SBU_airmarweather_20230124_RT.nc": {"start": "2023-01-24T00:00:00Z", "end": "2023-01-24T17:04:39Z", "north": "40.907", "south": "40.887", "east": "-73.117", "west": "-73.137", "format": "netCDF-4", "sizeMB": 5.44}, "IMPACTS_SBU_airmarweather_20230117_RT.nc": {"start": "2023-01-17T00:00:00Z", "end": "2023-01-17T23:59:59Z", "north": "40.907", "south": "40.887", "east": "-73.117", "west": "-73.137", "format": "netCDF-4", "sizeMB": 7.64}, "IMPACTS_SBU_airmarweather_20230123_RT.nc": {"start": "2023-01-23T14:03:30Z", "end": "2023-01-23T23:59:59Z", "north": "40.907", "south": "40.887", "east": "-73.117", "west": "-73.137", "format": "netCDF-4", "sizeMB": 3.17}, "IMPACTS_SBU_airmarweather_20230118_RT.nc": {"start": "2023-01-18T00:00:00Z", "end": "2023-01-18T15:42:09Z", "north": "40.907", "south": "40.887", "east": "-73.117", "west": "-73.137", "format": "netCDF-4", "sizeMB": 4.98}, "IMPACTS_SBU_airmarweather_20230125_RT.nc": {"start": "2023-01-25T14:32:21Z", "end": "2023-01-25T15:46:44Z", "north": "43.255", "south": "43.235", "east": "-73.549", "west": "-73.569", "format": "netCDF-4", "sizeMB": 0.41}, "IMPACTS_SBU_weatherdhs_20200102_MAN.csv": {"start": "2020-01-02T00:00:50Z", "end": "2020-01-02T23:59:51Z", "north": "40.738", "south": "40.718", "east": "-73.997", "west": "-74.017", "format": "CSV", "sizeMB": 0.61}, "IMPACTS_SBU_weatherdhs_20200103_MAN.csv": {"start": "2020-01-03T00:00:51Z", "end": "2020-01-03T23:59:51Z", "north": "40.738", "south": "40.718", "east": "-73.997", "west": "-74.017", "format": "CSV", "sizeMB": 0.61}, "IMPACTS_SBU_weatherdhs_20200104_MAN.csv": {"start": "2020-01-04T00:00:51Z", "end": "2020-01-04T23:59:53Z", "north": "40.738", "south": "40.718", "east": "-73.997", "west": "-74.017", "format": "CSV", "sizeMB": 0.6}, "IMPACTS_SBU_weatherdhs_20200101_MAN.csv": {"start": "2020-01-01T00:00:50Z", "end": "2020-01-01T23:59:50Z", "north": "40.738", "south": "40.718", "east": "-73.997", "west": "-74.017", "format": "CSV", "sizeMB": 0.6}, "IMPACTS_SBU_weatherdhs_20200106_MAN.csv": {"start": "2020-01-06T00:00:53Z", "end": "2020-01-06T23:59:53Z", "north": "40.738", "south": "40.718", "east": "-73.997", "west": "-74.017", "format": "CSV", "sizeMB": 0.61}, "IMPACTS_SBU_weatherdhs_20200105_MAN.csv": {"start": "2020-01-05T00:00:53Z", "end": "2020-01-05T23:59:53Z", "north": "40.738", "south": "40.718", "east": "-73.997", "west": "-74.017", "format": "CSV", "sizeMB": 0.6}, "IMPACTS_SBU_weatherdhs_20200108_MAN.csv": {"start": "2020-01-08T00:00:54Z", "end": "2020-01-08T23:59:54Z", "north": "40.738", "south": "40.718", "east": "-73.997", "west": "-74.017", "format": "CSV", "sizeMB": 0.61}, "IMPACTS_SBU_weatherdhs_20200109_MAN.csv": {"start": "2020-01-09T00:00:54Z", "end": "2020-01-09T23:59:55Z", "north": "40.738", "south": "40.718", "east": "-73.997", "west": "-74.017", "format": "CSV", "sizeMB": 0.62}, "IMPACTS_SBU_weatherdhs_20200110_MAN.csv": {"start": "2020-01-10T00:00:55Z", "end": "2020-01-10T23:59:55Z", "north": "40.738", "south": "40.718", "east": "-73.997", "west": "-74.017", "format": "CSV", "sizeMB": 0.61}, "IMPACTS_SBU_weatherdhs_20200107_MAN.csv": {"start": "2020-01-07T00:00:53Z", "end": "2020-01-07T23:59:54Z", "north": "40.738", "south": "40.718", "east": "-73.997", "west": "-74.017", "format": "CSV", "sizeMB": 0.61}, "IMPACTS_SBU_weatherdhs_20200111_MAN.csv": {"start": "2020-01-11T00:00:55Z", "end": "2020-01-11T23:59:56Z", "north": "40.738", "south": "40.718", "east": "-73.997", "west": "-74.017", "format": "CSV", "sizeMB": 0.62}, "IMPACTS_SBU_weatherdhs_20200114_MAN.csv": {"start": "2020-01-14T00:00:58Z", "end": "2020-01-14T23:59:58Z", "north": "40.738", "south": "40.718", "east": "-73.997", "west": "-74.017", "format": "CSV", "sizeMB": 0.6}, "IMPACTS_SBU_weatherdhs_20200112_MAN.csv": {"start": "2020-01-12T00:00:56Z", "end": "2020-01-12T23:59:56Z", "north": "40.738", "south": "40.718", "east": "-73.997", "west": "-74.017", "format": "CSV", "sizeMB": 0.62}, "IMPACTS_SBU_weatherdhs_20200113_MAN.csv": {"start": "2020-01-13T00:00:56Z", "end": "2020-01-13T23:59:58Z", "north": "40.738", "south": "40.718", "east": "-73.997", "west": "-74.017", "format": "CSV", "sizeMB": 0.61}, "IMPACTS_SBU_weatherdhs_20200115_MAN.csv": {"start": "2020-01-15T00:00:58Z", "end": "2020-01-15T23:58:59Z", "north": "40.738", "south": "40.718", "east": "-73.997", "west": "-74.017", "format": "CSV", "sizeMB": 0.61}, "IMPACTS_SBU_weatherdhs_20200116_MAN.csv": {"start": "2020-01-15T23:59:59Z", "end": "2020-01-16T23:58:59Z", "north": "40.738", "south": "40.718", "east": "-73.997", "west": "-74.017", "format": "CSV", "sizeMB": 0.61}, "IMPACTS_SBU_weatherdhs_20200117_MAN.csv": {"start": "2020-01-16T23:59:59Z", "end": "2020-01-17T23:59:00Z", "north": "40.738", "south": "40.718", "east": "-73.997", "west": "-74.017", "format": "CSV", "sizeMB": 0.62}, "IMPACTS_SBU_weatherdhs_20200118_MAN.csv": {"start": "2020-01-18T00:00:00Z", "end": "2020-01-18T23:59:00Z", "north": "40.738", "south": "40.718", "east": "-73.997", "west": "-74.017", "format": "CSV", "sizeMB": 0.62}, "IMPACTS_SBU_weatherdhs_20200120_MAN.csv": {"start": "2020-01-20T00:00:01Z", "end": "2020-01-20T23:59:01Z", "north": "40.738", "south": "40.718", "east": "-73.997", "west": "-74.017", "format": "CSV", "sizeMB": 0.62}, "IMPACTS_SBU_weatherdhs_20200119_MAN.csv": {"start": "2020-01-19T00:00:00Z", "end": "2020-01-19T23:59:01Z", "north": "40.738", "south": "40.718", "east": "-73.997", "west": "-74.017", "format": "CSV", "sizeMB": 0.6}, "IMPACTS_SBU_weatherdhs_20200121_MAN.csv": {"start": "2020-01-21T00:00:01Z", "end": "2020-01-21T23:59:01Z", "north": "40.738", "south": "40.718", "east": "-73.997", "west": "-74.017", "format": "CSV", "sizeMB": 0.62}, "IMPACTS_SBU_weatherdhs_20200123_MAN.csv": {"start": "2020-01-23T00:00:03Z", "end": "2020-01-23T23:59:03Z", "north": "40.738", "south": "40.718", "east": "-73.997", "west": "-74.017", "format": "CSV", "sizeMB": 0.61}, "IMPACTS_SBU_weatherdhs_20200122_MAN.csv": {"start": "2020-01-22T00:00:01Z", "end": "2020-01-22T23:59:03Z", "north": "40.738", "south": "40.718", "east": "-73.997", "west": "-74.017", "format": "CSV", "sizeMB": 0.62}, "IMPACTS_SBU_weatherdhs_20200124_MAN.csv": {"start": "2020-01-24T00:00:03Z", "end": "2020-01-24T23:59:04Z", "north": "40.738", "south": "40.718", "east": "-73.997", "west": "-74.017", "format": "CSV", "sizeMB": 0.61}, "IMPACTS_SBU_weatherdhs_20200125_MAN.csv": {"start": "2020-01-25T00:00:04Z", "end": "2020-01-25T23:59:04Z", "north": "40.738", "south": "40.718", "east": "-73.997", "west": "-74.017", "format": "CSV", "sizeMB": 0.61}, "IMPACTS_SBU_weatherdhs_20200126_MAN.csv": {"start": "2020-01-26T00:00:04Z", "end": "2020-01-26T23:59:05Z", "north": "40.738", "south": "40.718", "east": "-73.997", "west": "-74.017", "format": "CSV", "sizeMB": 0.61}, "IMPACTS_SBU_weatherdhs_20200130_MAN.csv": {"start": "2020-01-30T00:00:06Z", "end": "2020-01-30T23:59:08Z", "north": "40.738", "south": "40.718", "east": "-73.997", "west": "-74.017", "format": "CSV", "sizeMB": 0.61}, "IMPACTS_SBU_weatherdhs_20200128_MAN.csv": {"start": "2020-01-28T00:00:05Z", "end": "2020-01-28T23:59:06Z", "north": "40.738", "south": "40.718", "east": "-73.997", "west": "-74.017", "format": "CSV", "sizeMB": 0.61}, "IMPACTS_SBU_weatherdhs_20200127_MAN.csv": {"start": "2020-01-27T00:00:05Z", "end": "2020-01-27T23:59:05Z", "north": "40.738", "south": "40.718", "east": "-73.997", "west": "-74.017", "format": "CSV", "sizeMB": 0.61}, "IMPACTS_SBU_weatherdhs_20200129_MAN.csv": {"start": "2020-01-29T00:00:06Z", "end": "2020-01-29T23:59:06Z", "north": "40.738", "south": "40.718", "east": "-73.997", "west": "-74.017", "format": "CSV", "sizeMB": 0.61}, "IMPACTS_SBU_weatherdhs_20200201_MAN.csv": {"start": "2020-02-01T00:00:08Z", "end": "2020-02-01T23:59:09Z", "north": "40.738", "south": "40.718", "east": "-73.997", "west": "-74.017", "format": "CSV", "sizeMB": 0.61}, "IMPACTS_SBU_weatherdhs_20200202_MAN.csv": {"start": "2020-02-02T00:00:09Z", "end": "2020-02-02T23:59:09Z", "north": "40.738", "south": "40.718", "east": "-73.997", "west": "-74.017", "format": "CSV", "sizeMB": 0.6}, "IMPACTS_SBU_weatherdhs_20200131_MAN.csv": {"start": "2020-01-31T00:00:08Z", "end": "2020-01-31T23:59:08Z", "north": "40.738", "south": "40.718", "east": "-73.997", "west": "-74.017", "format": "CSV", "sizeMB": 0.61}, "IMPACTS_SBU_weatherdhs_20200203_MAN.csv": {"start": "2020-02-03T00:00:09Z", "end": "2020-02-03T23:59:10Z", "north": "40.738", "south": "40.718", "east": "-73.997", "west": "-74.017", "format": "CSV", "sizeMB": 0.6}, "IMPACTS_SBU_weatherdhs_20200204_MAN.csv": {"start": "2020-02-04T00:00:10Z", "end": "2020-02-04T23:59:10Z", "north": "40.738", "south": "40.718", "east": "-73.997", "west": "-74.017", "format": "CSV", "sizeMB": 0.61}, "IMPACTS_SBU_weatherdhs_20200205_MAN.csv": {"start": "2020-02-05T00:00:10Z", "end": "2020-02-05T23:59:10Z", "north": "40.738", "south": "40.718", "east": "-73.997", "west": "-74.017", "format": "CSV", "sizeMB": 0.61}, "IMPACTS_SBU_weatherdhs_20200207_MAN.csv": {"start": "2020-02-07T00:00:12Z", "end": "2020-02-07T23:59:12Z", "north": "40.738", "south": "40.718", "east": "-73.997", "west": "-74.017", "format": "CSV", "sizeMB": 0.6}, "IMPACTS_SBU_weatherdhs_20200208_MAN.csv": {"start": "2020-02-08T00:00:12Z", "end": "2020-02-08T23:59:13Z", "north": "40.738", "south": "40.718", "east": "-73.997", "west": "-74.017", "format": "CSV", "sizeMB": 0.61}, "IMPACTS_SBU_weatherdhs_20200206_MAN.csv": {"start": "2020-02-06T00:00:10Z", "end": "2020-02-06T23:59:12Z", "north": "40.738", "south": "40.718", "east": "-73.997", "west": "-74.017", "format": "CSV", "sizeMB": 0.6}, "IMPACTS_SBU_weatherdhs_20200209_MAN.csv": {"start": "2020-02-09T00:00:13Z", "end": "2020-02-09T23:59:13Z", "north": "40.738", "south": "40.718", "east": "-73.997", "west": "-74.017", "format": "CSV", "sizeMB": 0.61}, "IMPACTS_SBU_weatherdhs_20200210_MAN.csv": {"start": "2020-02-10T00:00:13Z", "end": "2020-02-10T23:59:31Z", "north": "40.738", "south": "40.718", "east": "-73.997", "west": "-74.017", "format": "CSV", "sizeMB": 0.47}, "IMPACTS_SBU_weatherdhs_20200213_MAN.csv": {"start": "2020-02-13T00:00:32Z", "end": "2020-02-13T23:59:32Z", "north": "40.738", "south": "40.718", "east": "-73.997", "west": "-74.017", "format": "CSV", "sizeMB": 0.6}, "IMPACTS_SBU_weatherdhs_20200212_MAN.csv": {"start": "2020-02-12T00:00:31Z", "end": "2020-02-12T23:59:32Z", "north": "40.738", "south": "40.718", "east": "-73.997", "west": "-74.017", "format": "CSV", "sizeMB": 0.61}, "IMPACTS_SBU_weatherdhs_20200211_MAN.csv": {"start": "2020-02-11T00:00:31Z", "end": "2020-02-11T23:59:31Z", "north": "40.738", "south": "40.718", "east": "-73.997", "west": "-74.017", "format": "CSV", "sizeMB": 0.6}, "IMPACTS_SBU_weatherdhs_20200214_MAN.csv": {"start": "2020-02-14T00:00:32Z", "end": "2020-02-14T23:59:32Z", "north": "40.738", "south": "40.718", "east": "-73.997", "west": "-74.017", "format": "CSV", "sizeMB": 0.61}, "IMPACTS_SBU_weatherdhs_20200215_MAN.csv": {"start": "2020-02-15T00:00:32Z", "end": "2020-02-15T23:59:34Z", "north": "40.738", "south": "40.718", "east": "-73.997", "west": "-74.017", "format": "CSV", "sizeMB": 0.62}, "IMPACTS_SBU_weatherdhs_20200216_MAN.csv": {"start": "2020-02-16T00:00:34Z", "end": "2020-02-16T23:59:34Z", "north": "40.738", "south": "40.718", "east": "-73.997", "west": "-74.017", "format": "CSV", "sizeMB": 0.62}, "IMPACTS_SBU_weatherdhs_20200219_MAN.csv": {"start": "2020-02-19T00:00:35Z", "end": "2020-02-19T23:59:35Z", "north": "40.738", "south": "40.718", "east": "-73.997", "west": "-74.017", "format": "CSV", "sizeMB": 0.61}, "IMPACTS_SBU_weatherdhs_20200217_MAN.csv": {"start": "2020-02-17T00:00:34Z", "end": "2020-02-17T23:59:35Z", "north": "40.738", "south": "40.718", "east": "-73.997", "west": "-74.017", "format": "CSV", "sizeMB": 0.61}, "IMPACTS_SBU_weatherdhs_20200218_MAN.csv": {"start": "2020-02-18T00:00:35Z", "end": "2020-02-18T23:59:35Z", "north": "40.738", "south": "40.718", "east": "-73.997", "west": "-74.017", "format": "CSV", "sizeMB": 0.61}, "IMPACTS_SBU_weatherdhs_20200221_MAN.csv": {"start": "2020-02-21T00:00:37Z", "end": "2020-02-21T23:59:37Z", "north": "40.738", "south": "40.718", "east": "-73.997", "west": "-74.017", "format": "CSV", "sizeMB": 0.62}, "IMPACTS_SBU_weatherdhs_20200220_MAN.csv": {"start": "2020-02-20T00:00:35Z", "end": "2020-02-20T23:59:37Z", "north": "40.738", "south": "40.718", "east": "-73.997", "west": "-74.017", "format": "CSV", "sizeMB": 0.61}, "IMPACTS_SBU_weatherdhs_20200222_MAN.csv": {"start": "2020-02-22T00:00:37Z", "end": "2020-02-22T23:59:38Z", "north": "40.738", "south": "40.718", "east": "-73.997", "west": "-74.017", "format": "CSV", "sizeMB": 0.62}, "IMPACTS_SBU_weatherdhs_20200223_MAN.csv": {"start": "2020-02-23T00:00:38Z", "end": "2020-02-23T23:59:38Z", "north": "40.738", "south": "40.718", "east": "-73.997", "west": "-74.017", "format": "CSV", "sizeMB": 0.62}, "IMPACTS_SBU_weatherdhs_20200224_MAN.csv": {"start": "2020-02-24T00:00:38Z", "end": "2020-02-24T23:59:39Z", "north": "40.738", "south": "40.718", "east": "-73.997", "west": "-74.017", "format": "CSV", "sizeMB": 0.62}, "IMPACTS_SBU_weatherdhs_20200225_MAN.csv": {"start": "2020-02-25T00:00:39Z", "end": "2020-02-25T23:59:39Z", "north": "40.738", "south": "40.718", "east": "-73.997", "west": "-74.017", "format": "CSV", "sizeMB": 0.61}, "IMPACTS_SBU_weatherdhs_20200226_MAN.csv": {"start": "2020-02-26T00:00:39Z", "end": "2020-02-26T23:59:39Z", "north": "40.738", "south": "40.718", "east": "-73.997", "west": "-74.017", "format": "CSV", "sizeMB": 0.61}, "IMPACTS_SBU_weatherdhs_20200227_MAN.csv": {"start": "2020-02-27T00:00:39Z", "end": "2020-02-27T23:59:41Z", "north": "40.738", "south": "40.718", "east": "-73.997", "west": "-74.017", "format": "CSV", "sizeMB": 0.6}}