{"ALOFT_CRS_L1B_RevA_20230729.h5": {"start": "2023-07-29T18:23:04Z", "end": "2023-07-29T22:30:32Z", "north": "29.023", "south": "26.462", "east": "-80.404", "west": "-83.647", "format": "HDF-5", "sizeMB": 1646.4}, "ALOFT_CRS_L1B_RevA_20230720.h5": {"start": "2023-07-20T20:34:55Z", "end": "2023-07-21T00:21:36Z", "north": "27.863", "south": "25.927", "east": "-81.139", "west": "-83.882", "format": "HDF-5", "sizeMB": 1508.16}, "ALOFT_CRS_L1B_RevA_20230615.h5": {"start": "2023-06-15T17:34:24Z", "end": "2023-06-15T20:00:48Z", "north": "35.767", "south": "32.552", "east": "-115.554", "west": "-118.559", "format": "HDF-5", "sizeMB": 974.07}, "ALOFT_CRS_L1B_RevA_20230731.h5": {"start": "2023-07-31T12:13:04Z", "end": "2023-07-31T17:22:43Z", "north": "35.959", "south": "27.563", "east": "-82.494", "west": "-118.332", "format": "HDF-5", "sizeMB": 2060.1}, "ALOFT_CRS_L1B_RevA_20230629.h5": {"start": "2023-06-29T14:54:23Z", "end": "2023-06-29T20:13:23Z", "north": "35.881", "south": "27.975", "east": "-83.315", "west": "-118.208", "format": "HDF-5", "sizeMB": 2122.28}, "ALOFT_CRS_L1B_RevA_20230712.h5": {"start": "2023-07-12T22:39:59Z", "end": "2023-07-13T01:35:15Z", "north": "29.92", "south": "26.08", "east": "-80.452", "west": "-83.27", "format": "HDF-5", "sizeMB": 1166.11}}