{"ALOFT_CRS_L1B_RevA_20230615.h5": {"start": "2023-06-15T17:34:24Z", "end": "2023-06-15T20:00:48Z", "north": "35.767", "south": "32.552", "east": "-115.554", "west": "-118.559", "format": "HDF-5", "sizeMB": 974.07}, "ALOFT_CRS_L1B_RevA_20230629.h5": {"start": "2023-06-29T14:54:23Z", "end": "2023-06-29T20:13:23Z", "north": "35.881", "south": "27.975", "east": "-83.315", "west": "-118.208", "format": "HDF-5", "sizeMB": 2122.28}, "ALOFT_CRS_L1B_RevA_20230703.h5": {"start": "2023-07-03T21:10:13Z", "end": "2023-07-04T02:46:46Z", "north": "27.886", "south": "18.952", "east": "-82.494", "west": "-91.351", "format": "HDF-5", "sizeMB": 2239.03}, "ALOFT_CRS_L1B_RevA_20230705.h5": {"start": "2023-07-06T01:46:53Z", "end": "2023-07-06T09:40:30Z", "north": "27.893", "south": "18.767", "east": "-82.494", "west": "-95.351", "format": "HDF-5", "sizeMB": 3150.93}, "ALOFT_CRS_L1B_RevA_20230707.h5": {"start": "2023-07-08T02:06:18Z", "end": "2023-07-08T09:21:42Z", "north": "27.861", "south": "12.676", "east": "-82.508", "west": "-89.961", "format": "HDF-5", "sizeMB": 2896.66}, "ALOFT_CRS_L1B_RevA_20230712.h5": {"start": "2023-07-12T22:39:59Z", "end": "2023-07-13T01:35:15Z", "north": "29.92", "south": "26.08", "east": "-80.452", "west": "-83.27", "format": "HDF-5", "sizeMB": 1166.11}, "ALOFT_CRS_L1B_RevA_20230720.h5": {"start": "2023-07-20T20:34:55Z", "end": "2023-07-21T00:21:36Z", "north": "27.863", "south": "25.927", "east": "-81.139", "west": "-83.882", "format": "HDF-5", "sizeMB": 1508.16}, "ALOFT_CRS_L1B_RevA_20230716.h5": {"start": "2023-07-16T10:31:59Z", "end": "2023-07-16T18:42:27Z", "north": "27.861", "south": "10.888", "east": "-81.431", "west": "-86.159", "format": "HDF-5", "sizeMB": 3262.94}, "ALOFT_CRS_L1B_RevA_20230723.h5": {"start": "2023-07-24T02:53:53Z", "end": "2023-07-24T10:17:18Z", "north": "27.861", "south": "18.674", "east": "-82.494", "west": "-95.35", "format": "HDF-5", "sizeMB": 2949.94}, "ALOFT_CRS_L1B_RevA_20230725.h5": {"start": "2023-07-25T22:35:10Z", "end": "2023-07-26T06:04:06Z", "north": "27.872", "south": "17.121", "east": "-82.489", "west": "-95.041", "format": "HDF-5", "sizeMB": 2986.69}, "ALOFT_CRS_L1B_RevA_20230728.h5": {"start": "2023-07-28T12:46:16Z", "end": "2023-07-28T20:22:20Z", "north": "27.861", "south": "12.722", "east": "-81.559", "west": "-86.16", "format": "HDF-5", "sizeMB": 3034.17}, "ALOFT_CRS_L1B_RevA_20230729.h5": {"start": "2023-07-29T18:23:04Z", "end": "2023-07-29T22:30:32Z", "north": "29.023", "south": "26.462", "east": "-80.404", "west": "-83.647", "format": "HDF-5", "sizeMB": 1646.4}, "ALOFT_CRS_L1B_RevA_20230731.h5": {"start": "2023-07-31T12:13:04Z", "end": "2023-07-31T17:22:43Z", "north": "35.959", "south": "27.563", "east": "-82.494", "west": "-118.332", "format": "HDF-5", "sizeMB": 2060.1}}