{"whymsie_AMPR_ER2_20241107_R0.nc": {"start": "2024-11-07T17:48:49Z", "end": "2024-11-08T00:02:54Z", "north": "37.858", "south": "30.101", "east": "-116.973", "west": "-126.402", "format": "netCDF-4", "sizeMB": 73.56}, "whymsie_AMPR_ER2_20241030_R0.nc": {"start": "2024-10-30T18:38:58Z", "end": "2024-10-31T00:13:55Z", "north": "89.996", "south": "22.771", "east": "-117.22", "west": "-179.996", "format": "netCDF-4", "sizeMB": 65.6}, "whymsie_AMPR_ER2_20241113_R0.nc": {"start": "2024-11-13T18:16:18Z", "end": "2024-11-13T23:44:24Z", "north": "41.452", "south": "32.88", "east": "-117.189", "west": "-130.344", "format": "netCDF-4", "sizeMB": 64.51}, "whymsie_AMPR_ER2_20241023_R0.nc": {"start": "2024-10-23T17:30:28Z", "end": "2024-10-23T22:55:57Z", "north": "36.277", "south": "22.027", "east": "-116.943", "west": "-119.959", "format": "netCDF-4", "sizeMB": 63.99}, "whymsie_AMPR_ER2_20241031_R0.nc": {"start": "2024-10-31T16:32:44Z", "end": "2024-10-31T23:21:58Z", "north": "37.62", "south": "34.389", "east": "-95.964", "west": "-118.171", "format": "netCDF-4", "sizeMB": 80.44}, "whymsie_AMPR_ER2_20241112_R0.nc": {"start": "2024-11-12T17:35:06Z", "end": "2024-11-12T22:29:29Z", "north": "36.46", "south": "30.866", "east": "-117.351", "west": "-129.177", "format": "netCDF-4", "sizeMB": 57.89}, "whymsie_AMPR_ER2_20241025_R0.nc": {"start": "2024-10-25T16:22:26Z", "end": "2024-10-26T00:28:38Z", "north": "39.23", "south": "34.723", "east": "-88.927", "west": "-117.975", "format": "netCDF-4", "sizeMB": 95.1}, "whymsie_AMPR_ER2_20241022_R0.nc": {"start": "2024-10-22T16:45:30Z", "end": "2024-10-22T23:21:52Z", "north": "37.71", "south": "34.338", "east": "-96.33", "west": "-118.167", "format": "netCDF-4", "sizeMB": 77.93}, "whymsie_AMPR_ER2_20241018_R0.nc": {"start": "2024-10-18T16:44:04Z", "end": "2024-10-18T20:53:29Z", "north": "39.463", "south": "32.678", "east": "-114.885", "west": "-125.484", "format": "netCDF-4", "sizeMB": 49.07}, "whymsie_AMPR_ER2_20241104_R0.nc": {"start": "2024-11-04T16:50:47Z", "end": "2024-11-04T22:26:03Z", "north": "39.454", "south": "30.895", "east": "-114.223", "west": "-126.815", "format": "netCDF-4", "sizeMB": 65.9}}