{"IMPACTS_CM_CDP_20_01_25_13_36_03.conc.cdp.1Hz": {"start": "2020-01-25T18:36:04Z", "end": "2020-01-26T00:29:02Z", "north": "44.433", "south": "37.892", "east": "-71.595", "west": "-75.515", "format": "ASCII", "sizeMB": 14.01}, "IMPACTS_CM_CDP_20_02_01_06_08_49.conc.cdp.1Hz": {"start": "2020-02-01T11:11:11Z", "end": "2020-02-01T15:40:39Z", "north": "38.126", "south": "34.987", "east": "-72.475", "west": "-76.187", "format": "ASCII", "sizeMB": 10.7}, "IMPACTS_CM_CDP_20_02_05_18_14_00.conc.cdp.1Hz": {"start": "2020-02-05T18:14:00Z", "end": "2020-02-06T01:40:30Z", "north": "41.759", "south": "37.355", "east": "-75.452", "west": "-90.429", "format": "ASCII", "sizeMB": 17.72}, "IMPACTS_CM_CDP_20_02_07_13_49_55.conc.cdp.1Hz": {"start": "2020-02-07T13:49:55Z", "end": "2020-02-07T20:01:39Z", "north": "43.153", "south": "37.893", "east": "-73.1", "west": "-76.38", "format": "ASCII", "sizeMB": 14.75}, "IMPACTS_CM_CDP_22_01_06_16_12_11.conc.cdp.1Hz": {"start": "2022-01-06T16:12:12Z", "end": "2022-01-06T18:07:45Z", "north": "38.623", "south": "37.393", "east": "-74.374", "west": "-75.542", "format": "ASCII", "sizeMB": 4.41}, "IMPACTS_CM_CDP_22_01_14_19_02_31.conc.cdp.1Hz": {"start": "2022-01-14T19:02:32Z", "end": "2022-01-14T19:18:53Z", "north": "37.943", "south": "37.921", "east": "-75.458", "west": "-75.563", "format": "ASCII", "sizeMB": 0.66}, "IMPACTS_CM_CDP_22_01_28_16_05_47.conc.cdp.1Hz": {"start": "2022-01-28T16:05:48Z", "end": "2022-01-28T18:11:41Z", "north": "39.828", "south": "37.45", "east": "-75.444", "west": "-84.265", "format": "ASCII", "sizeMB": 5.0}, "IMPACTS_CM_CDP_22_01_29_18_40_39.conc.cdp.1Hz": {"start": "2022-01-29T18:40:39Z", "end": "2022-01-30T03:51:14Z", "north": "43.714", "south": "39.707", "east": "-68.678", "west": "-84.143", "format": "ASCII", "sizeMB": 21.84}, "IMPACTS_CM_CDP_22_02_03_13_05_50.conc.cdp.1Hz": {"start": "2022-02-03T13:05:51Z", "end": "2022-02-03T20:46:51Z", "north": "41.714", "south": "37.45", "east": "-75.452", "west": "-84.888", "format": "ASCII", "sizeMB": 18.29}, "IMPACTS_CM_CDP_22_02_04_12_55_51.conc.cdp.1Hz": {"start": "2022-02-04T12:55:52Z", "end": "2022-02-04T15:16:47Z", "north": "44.381", "south": "37.913", "east": "-70.396", "west": "-75.576", "format": "ASCII", "sizeMB": 5.6}, "IMPACTS_CM_CDP_22_02_08_12_06_01.conc.cdp.1Hz": {"start": "2022-02-08T12:06:02Z", "end": "2022-02-08T18:59:15Z", "north": "47.272", "south": "37.932", "east": "-64.987", "west": "-75.523", "format": "ASCII", "sizeMB": 16.11}, "IMPACTS_CM_CDP_22_02_13_11_31_57.conc.cdp.1Hz": {"start": "2022-02-13T11:31:57Z", "end": "2022-02-13T15:13:13Z", "north": "42.473", "south": "37.885", "east": "-70.253", "west": "-75.575", "format": "ASCII", "sizeMB": 8.78}, "IMPACTS_CM_CDP_22_02_17_16_21_58.conc.cdp.1Hz": {"start": "2022-02-17T16:21:59Z", "end": "2022-02-18T00:43:21Z", "north": "42.819", "south": "37.45", "east": "-75.328", "west": "-87.374", "format": "ASCII", "sizeMB": 19.89}, "IMPACTS_CM_CDP_22_02_19_11_52_30.conc.cdp.1Hz": {"start": "2022-02-19T11:52:30Z", "end": "2022-02-19T19:18:50Z", "north": "46.99", "south": "37.927", "east": "-70.697", "west": "-75.51", "format": "ASCII", "sizeMB": 17.71}, "IMPACTS_CM_CDP_22_02_25_15_02_45.conc.cdp.1Hz": {"start": "2022-02-25T15:02:46Z", "end": "2022-02-25T19:30:14Z", "north": "43.355", "south": "37.919", "east": "-70.44", "west": "-75.533", "format": "ASCII", "sizeMB": 10.53}, "IMPACTS_CM_CDP_22_12_05_17_19_43.Combined.conc.cdp.1Hz": {"start": "2022-12-05T17:19:44Z", "end": "2022-12-05T19:43:02Z", "north": "39.305", "south": "37.928", "east": "-72.601", "west": "-75.524", "format": "ASCII", "sizeMB": 5.48}, "IMPACTS_CM_CDP_22_12_08_15_42_52.conc.cdp.1Hz": {"start": "2022-12-08T15:57:05Z", "end": "2022-12-08T21:04:46Z", "north": "37.967", "south": "35.021", "east": "-70.061", "west": "-75.863", "format": "ASCII", "sizeMB": 12.21}, "IMPACTS_CM_CDP_22_12_12_12_29_23.conc.cdp.1Hz": {"start": "2022-12-12T13:53:04Z", "end": "2022-12-12T14:16:07Z", "north": "37.969", "south": "37.928", "east": "-75.451", "west": "-75.533", "format": "ASCII", "sizeMB": 0.92}, "IMPACTS_CM_CDP_22_12_16_11_47_41.conc.cdp.1Hz": {"start": "2022-12-16T11:47:42Z", "end": "2022-12-16T17:01:44Z", "north": "43.188", "south": "37.904", "east": "-69.887", "west": "-75.584", "format": "ASCII", "sizeMB": 12.46}, "IMPACTS_CM_CDP_23_01_10_11_55_06.conc.cdp.1Hz": {"start": "2023-01-10T11:55:07Z", "end": "2023-01-10T16:58:13Z", "north": "39.075", "south": "37.629", "east": "-71.064", "west": "-75.659", "format": "ASCII", "sizeMB": 12.03}, "IMPACTS_CM_CDP_23_01_13_04_16_54.conc.cdp.1Hz": {"start": "2023-01-13T04:17:06Z", "end": "2023-01-13T11:03:34Z", "north": "46.78", "south": "37.902", "east": "-74.977", "west": "-75.527", "format": "ASCII", "sizeMB": 16.13}, "IMPACTS_CM_CDP_23_01_15_14_13_39.Combined.conc.cdp.1Hz": {"start": "2023-01-15T14:13:40Z", "end": "2023-01-15T20:28:17Z", "north": "39.964", "south": "36.336", "east": "-67.878", "west": "-75.561", "format": "ASCII", "sizeMB": 14.76}, "IMPACTS_CM_CDP_23_01_19_20_24_59.conc.cdp.1Hz": {"start": "2023-01-19T20:25:00Z", "end": "2023-01-20T04:14:27Z", "north": "46.422", "south": "38.08", "east": "-73.442", "west": "-78.196", "format": "ASCII", "sizeMB": 18.63}, "IMPACTS_CM_CDP_23_01_23_11_49_03.conc.cdp.1Hz": {"start": "2023-01-23T11:49:04Z", "end": "2023-01-23T19:35:55Z", "north": "45.017", "south": "38.053", "east": "-68.768", "west": "-75.514", "format": "ASCII", "sizeMB": 18.52}, "IMPACTS_CM_CDP_23_01_25_18_49_16.conc.cdp.1Hz": {"start": "2023-01-25T18:49:17Z", "end": "2023-01-26T00:21:23Z", "north": "44.096", "south": "38.343", "east": "-73.777", "west": "-76.48", "format": "ASCII", "sizeMB": 13.18}, "IMPACTS_CM_CDP_23_01_29_13_34_05.conc.cdp.1Hz": {"start": "2023-01-29T13:34:06Z", "end": "2023-01-29T17:54:20Z", "north": "45.642", "south": "38.038", "east": "-75.434", "west": "-77.367", "format": "ASCII", "sizeMB": 10.33}, "IMPACTS_CM_CDP_23_02_05_13_33_04.conc.cdp.1Hz": {"start": "2023-02-05T13:33:05Z", "end": "2023-02-05T19:50:37Z", "north": "48.237", "south": "38.126", "east": "-73.97", "west": "-76.204", "format": "ASCII", "sizeMB": 14.98}, "IMPACTS_CM_CDP_23_02_09_17_29_35.conc.cdp.1Hz": {"start": "2023-02-09T17:29:36Z", "end": "2023-02-10T00:25:00Z", "north": "46.352", "south": "37.61", "east": "-75.829", "west": "-86.635", "format": "ASCII", "sizeMB": 16.48}, "IMPACTS_CM_CDP_23_02_12_13_28_10.conc.cdp.1Hz": {"start": "2023-02-12T13:28:10Z", "end": "2023-02-12T19:54:02Z", "north": "39.338", "south": "35.753", "east": "-74.818", "west": "-76.452", "format": "ASCII", "sizeMB": 15.31}, "IMPACTS_CM_CDP_23_02_14_21_17_03.conc.cdp.1Hz": {"start": "2023-02-14T21:17:04Z", "end": "2023-02-15T05:37:14Z", "north": "48.032", "south": "37.712", "east": "-75.793", "west": "-95.243", "format": "ASCII", "sizeMB": 19.84}, "IMPACTS_CM_CDP_23_02_16_15_00_59.conc.cdp.1Hz": {"start": "2023-02-16T15:01:00Z", "end": "2023-02-16T22:49:24Z", "north": "43.734", "south": "37.537", "east": "-75.636", "west": "-90.533", "format": "ASCII", "sizeMB": 18.58}, "IMPACTS_CM_CDP_23_02_23_11_47_48.conc.cdp.1Hz": {"start": "2023-02-23T11:47:49Z", "end": "2023-02-23T19:00:54Z", "north": "47.035", "south": "37.557", "east": "-75.999", "west": "-87.832", "format": "ASCII", "sizeMB": 17.18}, "IMPACTS_CM_CDP_23_02_28_09_09_08.conc.cdp.1Hz": {"start": "2023-02-28T09:09:09Z", "end": "2023-02-28T15:20:17Z", "north": "42.806", "south": "38.166", "east": "-69.642", "west": "-75.51", "format": "ASCII", "sizeMB": 14.73}, "IMPACTS_CM_Summary_20_01_25_13_36_03.impacts_archive": {"start": "2020-01-25T18:36:03Z", "end": "2020-01-26T00:29:03Z", "north": "44.433", "south": "37.892", "east": "-71.595", "west": "-75.515", "format": "ASCII", "sizeMB": 1.82}, "IMPACTS_CM_Summary_20_02_01_06_08_49.impacts_archive": {"start": "2020-02-01T11:08:49Z", "end": "2020-02-01T15:40:39Z", "north": "38.126", "south": "34.987", "east": "-72.475", "west": "-76.187", "format": "ASCII", "sizeMB": 1.4}, "IMPACTS_CM_Summary_20_02_05_18_14_00.impacts_archive": {"start": "2020-02-05T18:13:59Z", "end": "2020-02-06T01:40:30Z", "north": "41.759", "south": "37.355", "east": "-75.452", "west": "-90.429", "format": "ASCII", "sizeMB": 2.31}, "IMPACTS_CM_Summary_20_02_07_13_49_55.impacts_archive": {"start": "2020-02-07T13:49:54Z", "end": "2020-02-07T20:01:46Z", "north": "43.153", "south": "37.893", "east": "-73.1", "west": "-76.38", "format": "ASCII", "sizeMB": 1.92}, "IMPACTS_CM_Summary_20_02_13_05_48_12.impacts_archive": {"start": "2020-02-13T05:48:13Z", "end": "2020-02-13T12:41:16Z", "north": "44.358", "south": "37.912", "east": "-72.577", "west": "-75.53", "format": "ASCII", "sizeMB": 0.64}, "IMPACTS_CM_Summary_20_02_18_17_03_35.impacts_archive": {"start": "2020-02-18T17:03:36Z", "end": "2020-02-18T22:14:48Z", "north": "45.25", "south": "37.91", "east": "-70.193", "west": "-75.581", "format": "ASCII", "sizeMB": 0.49}, "IMPACTS_CM_Summary_20_02_20_19_21_19.impacts_archive": {"start": "2020-02-20T19:21:19Z", "end": "2020-02-21T01:11:49Z", "north": "37.976", "south": "33.261", "east": "-75.451", "west": "-79.877", "format": "ASCII", "sizeMB": 0.55}, "IMPACTS_CM_Summary_20_02_24_17_34_07.impacts_archive": {"start": "2020-02-24T17:34:08Z", "end": "2020-02-24T19:29:42Z", "north": "39.962", "south": "37.526", "east": "-75.456", "west": "-84.039", "format": "ASCII", "sizeMB": 0.18}, "IMPACTS_CM_Summary_20_02_25_20_35_42.impacts_archive": {"start": "2020-02-25T20:35:43Z", "end": "2020-02-26T04:12:00Z", "north": "41.424", "south": "37.932", "east": "-75.332", "west": "-88.266", "format": "ASCII", "sizeMB": 0.7}, "IMPACTS_CM_Summary_22_01_06_16_12_11.impacts_archive": {"start": "2022-01-06T16:12:12Z", "end": "2022-01-06T18:07:46Z", "north": "38.623", "south": "37.393", "east": "-74.374", "west": "-75.542", "format": "ASCII", "sizeMB": 2.4}, "IMPACTS_CM_Summary_22_01_11_14_31_11.impacts_archive": {"start": "2022-01-11T14:31:11Z", "end": "2022-01-11T23:22:59Z", "north": "37.975", "south": "35.881", "east": "-72.659", "west": "-75.995", "format": "ASCII", "sizeMB": 11.52}, "IMPACTS_CM_Summary_22_01_14_19_02_31.impacts_archive": {"start": "2022-01-14T19:02:31Z", "end": "2022-01-15T01:30:18Z", "north": "43.795", "south": "37.912", "east": "-68.987", "west": "-75.644", "format": "ASCII", "sizeMB": 8.4}, "IMPACTS_CM_Summary_22_01_17_08_01_40.impacts_archive": {"start": "2022-01-17T08:01:40Z", "end": "2022-01-17T16:00:10Z", "north": "44.199", "south": "37.915", "east": "-75.326", "west": "-81.009", "format": "ASCII", "sizeMB": 10.37}, "IMPACTS_CM_Summary_22_01_19_10_51_03.impacts_archive": {"start": "2022-01-19T10:51:03Z", "end": "2022-01-19T17:35:37Z", "north": "47.275", "south": "37.913", "east": "-72.499", "west": "-75.587", "format": "ASCII", "sizeMB": 8.77}, "IMPACTS_CM_Summary_22_01_28_16_05_47.impacts_archive": {"start": "2022-01-28T16:05:48Z", "end": "2022-01-28T18:12:41Z", "north": "39.828", "south": "37.45", "east": "-75.444", "west": "-84.265", "format": "ASCII", "sizeMB": 2.75}, "IMPACTS_CM_Summary_22_01_29_18_40_39.impacts_archive": {"start": "2022-01-29T18:40:39Z", "end": "2022-01-30T03:51:15Z", "north": "43.714", "south": "39.707", "east": "-68.678", "west": "-84.143", "format": "ASCII", "sizeMB": 11.93}, "IMPACTS_CM_Summary_22_02_03_13_05_50.impacts_archive": {"start": "2022-02-03T13:05:50Z", "end": "2022-02-03T20:46:51Z", "north": "41.714", "south": "37.45", "east": "-75.452", "west": "-84.888", "format": "ASCII", "sizeMB": 9.99}, "IMPACTS_CM_Summary_22_02_04_12_55_51.impacts_archive": {"start": "2022-02-04T12:55:51Z", "end": "2022-02-04T15:16:47Z", "north": "44.381", "south": "37.913", "east": "-70.396", "west": "-75.576", "format": "ASCII", "sizeMB": 3.06}, "IMPACTS_CM_Summary_22_02_08_12_06_01.impacts_archive": {"start": "2022-02-08T12:06:01Z", "end": "2022-02-08T18:59:23Z", "north": "47.272", "south": "37.932", "east": "-64.987", "west": "-75.523", "format": "ASCII", "sizeMB": 8.8}, "IMPACTS_CM_Summary_22_02_13_11_31_57.impacts_archive": {"start": "2022-02-13T11:31:57Z", "end": "2022-02-13T15:13:13Z", "north": "42.473", "south": "37.885", "east": "-70.253", "west": "-75.575", "format": "ASCII", "sizeMB": 4.57}, "IMPACTS_CM_Summary_22_02_17_16_21_58.impacts_archive": {"start": "2022-02-17T16:21:58Z", "end": "2022-02-18T00:43:21Z", "north": "42.819", "south": "37.45", "east": "-75.328", "west": "-87.374", "format": "ASCII", "sizeMB": 10.86}, "IMPACTS_CM_Summary_22_02_19_11_52_30.impacts_archive": {"start": "2022-02-19T11:52:30Z", "end": "2022-02-19T19:18:51Z", "north": "46.99", "south": "37.927", "east": "-70.697", "west": "-75.51", "format": "ASCII", "sizeMB": 9.67}, "IMPACTS_CM_Summary_22_02_25_15_02_45.impacts_archive": {"start": "2022-02-25T15:02:46Z", "end": "2022-02-25T19:30:15Z", "north": "43.355", "south": "37.919", "east": "-70.44", "west": "-75.533", "format": "ASCII", "sizeMB": 5.75}, "IMPACTS_CM_Summary_22_12_05_17_19_43.Combined.impacts": {"start": "2022-12-05T17:19:43Z", "end": "2022-12-05T19:43:02Z", "north": "39.305", "south": "37.928", "east": "-72.601", "west": "-75.524", "format": "ASCII", "sizeMB": 3.09}, "IMPACTS_CM_Summary_22_12_08_15_42_52.impacts": {"start": "2022-12-08T15:42:43Z", "end": "2022-12-08T21:04:47Z", "north": "37.967", "south": "35.021", "east": "-70.061", "west": "-75.863", "format": "ASCII", "sizeMB": 7.21}, "IMPACTS_CM_Summary_22_12_12_12_29_23.impacts": {"start": "2022-12-12T12:29:23Z", "end": "2022-12-12T14:16:08Z", "north": "37.969", "south": "37.928", "east": "-75.451", "west": "-75.534", "format": "ASCII", "sizeMB": 2.39}, "IMPACTS_CM_Summary_22_12_16_11_47_41.impacts": {"start": "2022-12-16T11:47:41Z", "end": "2022-12-16T17:03:38Z", "north": "43.188", "south": "37.904", "east": "-69.887", "west": "-75.584", "format": "ASCII", "sizeMB": 7.07}, "IMPACTS_CM_Summary_23_01_10_11_55_06.impacts": {"start": "2023-01-10T11:55:06Z", "end": "2023-01-10T16:58:13Z", "north": "39.075", "south": "37.629", "east": "-71.064", "west": "-75.659", "format": "ASCII", "sizeMB": 6.79}, "IMPACTS_CM_Summary_23_01_13_04_16_54.impacts": {"start": "2023-01-13T04:16:54Z", "end": "2023-01-13T11:03:34Z", "north": "46.78", "south": "37.902", "east": "-74.977", "west": "-75.527", "format": "ASCII", "sizeMB": 9.11}, "IMPACTS_CM_Summary_23_01_15_14_13_39.Combined.impacts": {"start": "2023-01-15T14:13:40Z", "end": "2023-01-15T20:28:18Z", "north": "39.964", "south": "36.336", "east": "-67.878", "west": "-75.561", "format": "ASCII", "sizeMB": 8.33}, "IMPACTS_CM_Summary_23_01_19_20_24_59.impacts": {"start": "2023-01-19T20:24:59Z", "end": "2023-01-20T04:14:28Z", "north": "46.422", "south": "38.078", "east": "-73.442", "west": "-78.196", "format": "ASCII", "sizeMB": 10.51}, "IMPACTS_CM_Summary_23_01_23_11_49_03.impacts": {"start": "2023-01-23T11:49:04Z", "end": "2023-01-23T11:50:56Z", "north": "38.333", "south": "38.201", "east": "-75.509", "west": "-75.514", "format": "ASCII", "sizeMB": 0.05}, "IMPACTS_CM_Summary_23_01_25_18_49_16.impacts": {"start": "2023-01-25T18:49:16Z", "end": "2023-01-26T00:21:23Z", "north": "44.096", "south": "38.342", "east": "-73.777", "west": "-76.48", "format": "ASCII", "sizeMB": 7.39}, "IMPACTS_CM_Summary_23_01_29_13_34_05.impacts": {"start": "2023-01-29T13:34:05Z", "end": "2023-01-29T17:54:20Z", "north": "45.642", "south": "38.037", "east": "-75.434", "west": "-77.367", "format": "ASCII", "sizeMB": 5.83}, "IMPACTS_CM_Summary_23_02_05_13_33_04.impacts": {"start": "2023-02-05T13:33:04Z", "end": "2023-02-05T19:50:37Z", "north": "48.237", "south": "38.125", "east": "-73.97", "west": "-76.204", "format": "ASCII", "sizeMB": 8.45}, "IMPACTS_CM_Summary_23_02_09_17_29_35.impacts": {"start": "2023-02-09T17:29:35Z", "end": "2023-02-10T00:25:00Z", "north": "46.352", "south": "37.61", "east": "-75.828", "west": "-86.635", "format": "ASCII", "sizeMB": 9.3}, "IMPACTS_CM_Summary_23_02_12_13_28_10.impacts": {"start": "2023-02-12T13:28:10Z", "end": "2023-02-12T19:54:03Z", "north": "39.338", "south": "35.753", "east": "-74.818", "west": "-76.452", "format": "ASCII", "sizeMB": 8.64}, "IMPACTS_CM_Summary_23_02_14_21_17_03.impacts": {"start": "2023-02-14T21:17:03Z", "end": "2023-02-15T05:37:14Z", "north": "48.032", "south": "37.712", "east": "-75.793", "west": "-95.243", "format": "ASCII", "sizeMB": 11.2}, "IMPACTS_CM_Summary_23_02_16_15_00_59.impacts": {"start": "2023-02-16T15:00:59Z", "end": "2023-02-16T22:49:24Z", "north": "43.734", "south": "37.537", "east": "-75.635", "west": "-90.533", "format": "ASCII", "sizeMB": 10.49}, "IMPACTS_CM_Summary_23_02_23_11_47_48.impacts": {"start": "2023-02-23T11:47:49Z", "end": "2023-02-23T19:00:55Z", "north": "47.035", "south": "37.557", "east": "-75.998", "west": "-87.832", "format": "ASCII", "sizeMB": 9.7}, "IMPACTS_CM_Summary_23_02_28_09_09_08.impacts": {"start": "2023-02-28T09:09:08Z", "end": "2023-02-28T15:20:17Z", "north": "42.806", "south": "38.166", "east": "-69.642", "west": "-75.51", "format": "ASCII", "sizeMB": 8.31}}