{"UConn_apu18_pluvio200_202204_precip_impacts2022.txt": {"start": "2022-04-01T00:23:00Z", "end": "2022-04-27T13:02:00Z", "north": "41.818", "south": "41.798", "east": "-72.284", "west": "-72.304", "format": "ASCII", "sizeMB": 0.08}, "UConn_apu28_pluvio400_202301_preciptable_impacts2023.txt": {"start": "2022-12-31T23:55:00Z", "end": "2023-01-28T16:53:00Z", "north": "41.818", "south": "41.798", "east": "-72.284", "west": "-72.304", "format": "ASCII", "sizeMB": 0.0}, "UConn_apu28_pluvio400_202301_precip_impacts2023.txt": {"start": "2023-01-01T00:00:00Z", "end": "2023-12-31T23:59:00Z", "north": "41.818", "south": "41.798", "east": "-72.284", "west": "-72.304", "format": "ASCII", "sizeMB": 0.16}, "UConn_apu27_pluvio200_202212_preciptable_impacts2023.txt": {"start": "2022-12-25T00:40:00Z", "end": "2022-12-25T04:15:00Z", "north": "41.828", "south": "41.808", "east": "-72.248", "west": "-72.268", "format": "ASCII", "sizeMB": 0.0}, "UConn_apu27_pluvio200_202212_precip_impacts2023.txt": {"start": "2022-12-25T00:40:00Z", "end": "2022-12-25T04:15:00Z", "north": "41.828", "south": "41.808", "east": "-72.248", "west": "-72.268", "format": "ASCII", "sizeMB": 0.0}, "UConn_apu28_pluvio200_202402_preciptable_uconn2024.txt": {"start": "2024-02-11T00:37:00Z", "end": "2024-02-29T04:41:00Z", "north": "41.818", "south": "41.798", "east": "-72.284", "west": "-72.304", "format": "ASCII", "sizeMB": 0.0}, "UConn_apu18_pluvio200_202202_data_impacts2022.txt": {"start": "2022-01-31T23:55:00Z", "end": "2022-02-28T22:54:00Z", "north": "41.818", "south": "41.798", "east": "-72.284", "west": "-72.304", "format": "ASCII", "sizeMB": 0.84}, "UConn_apu18_pluvio200_202201_precip_impacts2022.txt": {"start": "2022-01-01T05:26:00Z", "end": "2022-01-30T08:22:00Z", "north": "41.818", "south": "41.798", "east": "-72.284", "west": "-72.304", "format": "ASCII", "sizeMB": 0.13}, "UConn_apu27_pluvio400_202312_precip_uconn2024.txt": {"start": "2023-12-15T15:48:00Z", "end": "2023-12-30T13:00:00Z", "north": "41.818", "south": "41.798", "east": "-72.284", "west": "-72.304", "format": "ASCII", "sizeMB": 0.06}, "UConn_apu28_pluvio400_202302_data_impacts2023.txt": {"start": "2023-02-08T16:15:00Z", "end": "2023-02-28T22:54:00Z", "north": "41.818", "south": "41.798", "east": "-72.284", "west": "-72.304", "format": "ASCII", "sizeMB": 0.49}, "UConn_apu28_pluvio200_202404_preciptable_uconn2024.txt": {"start": "2024-04-02T20:02:00Z", "end": "2024-04-29T03:12:00Z", "north": "41.818", "south": "41.798", "east": "-72.284", "west": "-72.304", "format": "ASCII", "sizeMB": 0.0}, "UConn_apu27_pluvio400_202303_preciprate_impacts2023.txt": {"start": "2023-03-13T17:13:00Z", "end": "2023-03-30T06:31:00Z", "north": "41.828", "south": "41.808", "east": "-72.248", "west": "-72.268", "format": "ASCII", "sizeMB": 0.07}, "UConn_apu28_pluvio400_202304_precip_impacts2023.txt": {"start": "2023-03-31T23:55:00Z", "end": "2023-04-08T16:03:00Z", "north": "41.818", "south": "41.798", "east": "-72.284", "west": "-72.304", "format": "ASCII", "sizeMB": 0.01}, "UConn_apu28_pluvio200_202403_data_uconn2024.txt": {"start": "2024-02-29T23:55:00Z", "end": "2024-03-31T22:54:00Z", "north": "41.818", "south": "41.798", "east": "-72.284", "west": "-72.304", "format": "ASCII", "sizeMB": 0.84}, "UConn_apu27_pluvio400_202401_preciprate_uconn2024.txt": {"start": "2024-01-05T20:35:00Z", "end": "2024-01-30T00:43:00Z", "north": "41.818", "south": "41.798", "east": "-72.284", "west": "-72.304", "format": "ASCII", "sizeMB": 0.14}, "UConn_apu27_pluvio400_202402_data_uconn2024.txt": {"start": "2024-01-31T23:55:00Z", "end": "2024-02-27T00:32:00Z", "north": "41.818", "south": "41.798", "east": "-72.284", "west": "-72.304", "format": "ASCII", "sizeMB": 0.42}, "UConn_apu27_pluvio400_202312_preciptable_uconn2024.txt": {"start": "2023-12-15T15:48:00Z", "end": "2023-12-30T13:00:00Z", "north": "41.818", "south": "41.798", "east": "-72.284", "west": "-72.304", "format": "ASCII", "sizeMB": 0.0}, "UConn_apu28_pluvio400_202212_data_impacts2023.txt": {"start": "2022-12-06T15:52:00Z", "end": "2022-12-31T22:54:00Z", "north": "41.818", "south": "41.798", "east": "-72.284", "west": "-72.304", "format": "ASCII", "sizeMB": 0.33}, "UConn_apu27_pluvio400_202312_preciprate_uconn2024.txt": {"start": "2023-12-15T15:48:00Z", "end": "2023-12-29T22:35:00Z", "north": "41.818", "south": "41.798", "east": "-72.284", "west": "-72.304", "format": "ASCII", "sizeMB": 0.04}, "UConn_apu27_pluvio400_202403_precip_uconn2024.txt": {"start": "2024-03-04T20:23:00Z", "end": "2024-03-23T21:33:00Z", "north": "41.818", "south": "41.798", "east": "-72.284", "west": "-72.304", "format": "ASCII", "sizeMB": 0.07}, "UConn_apu27_pluvio400_202302_preciptable_impacts2023.txt": {"start": "2023-02-27T17:06:00Z", "end": "2023-02-28T16:25:00Z", "north": "41.828", "south": "41.808", "east": "-72.248", "west": "-72.268", "format": "ASCII", "sizeMB": 0.0}, "UConn_apu18_pluvio200_202202_preciprate_impacts2022.txt": {"start": "2022-02-03T12:25:00Z", "end": "2022-02-25T22:12:00Z", "north": "41.818", "south": "41.798", "east": "-72.284", "west": "-72.304", "format": "ASCII", "sizeMB": 0.11}, "UConn_apu27_pluvio200_202301_data_impacts2023.txt": {"start": "2022-12-31T23:55:00Z", "end": "2023-01-17T16:54:00Z", "north": "41.828", "south": "41.808", "east": "-72.248", "west": "-72.268", "format": "ASCII", "sizeMB": 0.51}, "UConn_apu18_pluvio200_202202_preciptable_impacts2022.txt": {"start": "2022-02-03T12:21:00Z", "end": "2022-02-28T03:58:00Z", "north": "41.818", "south": "41.798", "east": "-72.284", "west": "-72.304", "format": "ASCII", "sizeMB": 0.0}, "UConn_apu27_pluvio400_202303_data_impacts2023.txt": {"start": "2023-03-07T14:15:00Z", "end": "2023-03-31T22:54:00Z", "north": "41.828", "south": "41.808", "east": "-72.248", "west": "-72.268", "format": "ASCII", "sizeMB": 0.62}, "UConn_apu28_pluvio400_202303_preciprate_impacts2023.txt": {"start": "2023-03-01T23:01:00Z", "end": "2023-03-31T22:52:00Z", "north": "41.818", "south": "41.798", "east": "-72.284", "west": "-72.304", "format": "ASCII", "sizeMB": 0.14}, "UConn_apu28_pluvio200_202404_data_uconn2024.txt": {"start": "2024-03-31T23:55:00Z", "end": "2024-04-30T22:54:00Z", "north": "41.818", "south": "41.798", "east": "-72.284", "west": "-72.304", "format": "ASCII", "sizeMB": 0.87}, "UConn_apu28_pluvio400_202212_precip_impacts2023.txt": {"start": "2022-12-06T17:50:00Z", "end": "2022-12-31T22:54:00Z", "north": "41.818", "south": "41.798", "east": "-72.284", "west": "-72.304", "format": "ASCII", "sizeMB": 0.05}, "UConn_apu18_pluvio200_202204_preciprate_impacts2022.txt": {"start": "2022-04-01T00:30:00Z", "end": "2022-04-27T04:59:00Z", "north": "41.818", "south": "41.798", "east": "-72.284", "west": "-72.304", "format": "ASCII", "sizeMB": 0.07}, "UConn_apu27_pluvio200_202301_precip_impacts2023.txt": {"start": "2023-01-02T06:23:00Z", "end": "2023-01-16T23:50:00Z", "north": "41.828", "south": "41.808", "east": "-72.248", "west": "-72.268", "format": "ASCII", "sizeMB": 0.05}, "UConn_apu28_pluvio200_202405_preciptable_uconn2024.txt": {"start": "2024-05-01T03:04:00Z", "end": "2024-05-16T14:58:00Z", "north": "41.818", "south": "41.798", "east": "-72.284", "west": "-72.304", "format": "ASCII", "sizeMB": 0.0}, "UConn_apu27_pluvio400_202401_preciptable_uconn2024.txt": {"start": "2024-01-05T20:35:00Z", "end": "2024-01-30T00:43:00Z", "north": "41.818", "south": "41.798", "east": "-72.284", "west": "-72.304", "format": "ASCII", "sizeMB": 0.0}, "UConn_apu28_pluvio200_202402_precip_uconn2024.txt": {"start": "2024-02-11T00:37:00Z", "end": "2024-02-29T04:41:00Z", "north": "41.818", "south": "41.798", "east": "-72.284", "west": "-72.304", "format": "ASCII", "sizeMB": 0.07}, "UConn_apu27_pluvio400_202401_data_uconn2024.txt": {"start": "2023-12-31T23:55:00Z", "end": "2024-01-31T22:54:00Z", "north": "41.818", "south": "41.798", "east": "-72.284", "west": "-72.304", "format": "ASCII", "sizeMB": 0.8}, "UConn_apu18_pluvio200_202201_preciptable_impacts2022.txt": {"start": "2022-01-01T05:26:00Z", "end": "2022-01-30T08:22:00Z", "north": "41.818", "south": "41.798", "east": "-72.284", "west": "-72.304", "format": "ASCII", "sizeMB": 0.0}, "UConn_apu28_pluvio200_202403_preciptable_uconn2024.txt": {"start": "2024-03-02T16:02:00Z", "end": "2024-03-29T07:12:00Z", "north": "41.818", "south": "41.798", "east": "-72.284", "west": "-72.304", "format": "ASCII", "sizeMB": 0.0}, "UConn_apu18_pluvio200_202201_preciprate_impacts2022.txt": {"start": "2022-01-01T05:28:00Z", "end": "2022-01-30T01:51:00Z", "north": "41.818", "south": "41.798", "east": "-72.284", "west": "-72.304", "format": "ASCII", "sizeMB": 0.11}, "UConn_apu28_pluvio400_202302_preciptable_impacts2023.txt": {"start": "2023-02-08T16:15:00Z", "end": "2023-02-28T22:25:00Z", "north": "41.818", "south": "41.798", "east": "-72.284", "west": "-72.304", "format": "ASCII", "sizeMB": 0.0}, "UConn_apu28_pluvio400_202212_preciptable_impacts2023.txt": {"start": "2022-12-06T17:50:00Z", "end": "2022-12-31T22:54:00Z", "north": "41.818", "south": "41.798", "east": "-72.284", "west": "-72.304", "format": "ASCII", "sizeMB": 0.0}, "UConn_apu28_pluvio200_202405_precip_uconn2024.txt": {"start": "2024-05-01T03:04:00Z", "end": "2024-05-16T14:58:00Z", "north": "41.818", "south": "41.798", "east": "-72.284", "west": "-72.304", "format": "ASCII", "sizeMB": 0.07}, "UConn_apu27_pluvio200_202301_preciprate_impacts2023.txt": {"start": "2023-01-02T06:23:00Z", "end": "2023-01-16T23:50:00Z", "north": "41.828", "south": "41.808", "east": "-72.248", "west": "-72.268", "format": "ASCII", "sizeMB": 0.04}, "UConn_apu28_pluvio400_202212_preciprate_impacts2023.txt": {"start": "2022-12-06T17:50:00Z", "end": "2022-12-31T22:54:00Z", "north": "41.818", "south": "41.798", "east": "-72.284", "west": "-72.304", "format": "ASCII", "sizeMB": 0.05}, "UConn_apu27_pluvio200_202301_preciptable_impacts2023.txt": {"start": "2023-01-02T06:23:00Z", "end": "2023-01-16T23:50:00Z", "north": "41.828", "south": "41.808", "east": "-72.248", "west": "-72.268", "format": "ASCII", "sizeMB": 0.0}, "UConn_apu27_pluvio400_202401_precip_uconn2024.txt": {"start": "2024-01-05T20:35:00Z", "end": "2024-01-30T00:43:00Z", "north": "41.818", "south": "41.798", "east": "-72.284", "west": "-72.304", "format": "ASCII", "sizeMB": 0.19}, "UConn_apu27_pluvio400_202304_precip_impacts2023.txt": {"start": "2023-03-31T23:55:00Z", "end": "2023-04-02T02:21:00Z", "north": "41.828", "south": "41.808", "east": "-72.248", "west": "-72.268", "format": "ASCII", "sizeMB": 0.01}, "UConn_apu28_pluvio200_202401_preciprate_uconn2024.txt": {"start": "2024-01-04T11:10:00Z", "end": "2024-01-30T01:29:00Z", "north": "41.818", "south": "41.798", "east": "-72.284", "west": "-72.304", "format": "ASCII", "sizeMB": 0.12}, "UConn_apu27_pluvio400_202312_data_uconn2024.txt": {"start": "2023-12-15T13:16:00Z", "end": "2023-12-31T22:54:00Z", "north": "41.818", "south": "41.798", "east": "-72.284", "west": "-72.304", "format": "ASCII", "sizeMB": 0.29}, "UConn_apu28_pluvio200_202312_preciprate_uconn2024.txt": {"start": "2023-12-14T23:32:00Z", "end": "2023-12-30T02:39:00Z", "north": "41.818", "south": "41.798", "east": "-72.284", "west": "-72.304", "format": "ASCII", "sizeMB": 0.08}, "UConn_apu27_pluvio400_202304_data_impacts2023.txt": {"start": "2023-03-31T23:55:00Z", "end": "2023-04-04T23:54:00Z", "north": "41.828", "south": "41.808", "east": "-72.248", "west": "-72.268", "format": "ASCII", "sizeMB": 0.12}, "UConn_apu18_pluvio200_202112_data_impacts2022.txt": {"start": "2021-11-30T23:55:00Z", "end": "2021-12-31T22:54:00Z", "north": "41.818", "south": "41.798", "east": "-72.284", "west": "-72.304", "format": "ASCII", "sizeMB": 0.78}, "UConn_apu28_pluvio200_202312_precip_uconn2024.txt": {"start": "2023-12-14T23:32:00Z", "end": "2023-12-30T02:39:00Z", "north": "41.818", "south": "41.798", "east": "-72.284", "west": "-72.304", "format": "ASCII", "sizeMB": 0.12}, "UConn_apu27_pluvio400_202402_preciptable_uconn2024.txt": {"start": "2024-02-14T17:14:00Z", "end": "2024-02-26T20:06:00Z", "north": "41.818", "south": "41.798", "east": "-72.284", "west": "-72.304", "format": "ASCII", "sizeMB": 0.0}, "UConn_apu27_pluvio400_202303_preciptable_impacts2023.txt": {"start": "2023-03-13T17:13:00Z", "end": "2023-03-30T06:31:00Z", "north": "41.828", "south": "41.808", "east": "-72.248", "west": "-72.268", "format": "ASCII", "sizeMB": 0.0}, "UConn_apu18_pluvio200_202203_preciptable_impacts2022.txt": {"start": "2022-03-02T00:59:00Z", "end": "2022-03-31T20:33:00Z", "north": "41.818", "south": "41.798", "east": "-72.284", "west": "-72.304", "format": "ASCII", "sizeMB": 0.0}, "UConn_apu28_pluvio200_202404_precip_uconn2024.txt": {"start": "2024-04-02T20:02:00Z", "end": "2024-04-29T03:12:00Z", "north": "41.818", "south": "41.798", "east": "-72.284", "west": "-72.304", "format": "ASCII", "sizeMB": 0.08}, "UConn_apu27_pluvio400_202403_preciprate_uconn2024.txt": {"start": "2024-03-04T20:23:00Z", "end": "2024-03-23T21:33:00Z", "north": "41.818", "south": "41.798", "east": "-72.284", "west": "-72.304", "format": "ASCII", "sizeMB": 0.05}, "UConn_apu27_pluvio400_202302_precip_impacts2023.txt": {"start": "2023-02-27T17:06:00Z", "end": "2023-02-28T16:25:00Z", "north": "41.828", "south": "41.808", "east": "-72.248", "west": "-72.268", "format": "ASCII", "sizeMB": 0.02}, "UConn_apu27_pluvio400_202403_data_uconn2024.txt": {"start": "2024-03-04T20:23:00Z", "end": "2024-03-23T21:33:00Z", "north": "41.818", "south": "41.798", "east": "-72.284", "west": "-72.304", "format": "ASCII", "sizeMB": 0.34}, "UConn_apu28_pluvio400_202302_preciprate_impacts2023.txt": {"start": "2023-02-08T16:15:00Z", "end": "2023-02-28T22:25:00Z", "north": "41.818", "south": "41.798", "east": "-72.284", "west": "-72.304", "format": "ASCII", "sizeMB": 0.06}, "UConn_apu28_pluvio200_202402_preciprate_uconn2024.txt": {"start": "2024-02-11T00:37:00Z", "end": "2024-02-29T04:41:00Z", "north": "41.818", "south": "41.798", "east": "-72.284", "west": "-72.304", "format": "ASCII", "sizeMB": 0.05}, "UConn_apu28_pluvio400_202301_data_impacts2023.txt": {"start": "2022-12-31T23:55:00Z", "end": "2023-01-29T00:45:00Z", "north": "41.818", "south": "41.798", "east": "-72.284", "west": "-72.304", "format": "ASCII", "sizeMB": 0.65}, "UConn_apu28_pluvio200_202402_data_uconn2024.txt": {"start": "2024-01-31T23:55:00Z", "end": "2024-02-29T22:54:00Z", "north": "41.818", "south": "41.798", "east": "-72.284", "west": "-72.304", "format": "ASCII", "sizeMB": 0.77}, "UConn_apu28_pluvio400_202303_precip_impacts2023.txt": {"start": "2023-03-01T23:01:00Z", "end": "2023-03-31T22:52:00Z", "north": "41.818", "south": "41.798", "east": "-72.284", "west": "-72.304", "format": "ASCII", "sizeMB": 0.17}, "UConn_apu28_pluvio400_202304_preciptable_impacts2023.txt": {"start": "2023-03-31T23:55:00Z", "end": "2023-04-08T16:03:00Z", "north": "41.818", "south": "41.798", "east": "-72.284", "west": "-72.304", "format": "ASCII", "sizeMB": 0.0}, "UConn_apu27_pluvio400_preciprate_uconn2024.txt": {"start": "2023-12-15T15:48:00Z", "end": "2024-02-23T17:14:00Z", "north": "41.818", "south": "41.798", "east": "-72.284", "west": "-72.304", "format": "ASCII", "sizeMB": 0.18}, "UConn_apu18_pluvio200_202201_data_impacts2022.txt": {"start": "2021-12-31T23:55:00Z", "end": "2022-01-31T22:54:00Z", "north": "41.818", "south": "41.798", "east": "-72.284", "west": "-72.304", "format": "ASCII", "sizeMB": 0.93}, "UConn_apu28_pluvio200_202403_precip_uconn2024.txt": {"start": "2024-03-02T16:02:00Z", "end": "2024-03-29T07:12:00Z", "north": "41.818", "south": "41.798", "east": "-72.284", "west": "-72.304", "format": "ASCII", "sizeMB": 0.18}, "UConn_apu27_pluvio200_202212_data_impacts2023.txt": {"start": "2022-12-07T20:59:00Z", "end": "2022-12-31T22:54:00Z", "north": "41.828", "south": "41.808", "east": "-72.248", "west": "-72.268", "format": "ASCII", "sizeMB": 0.44}, "UConn_apu18_pluvio200_202203_precip_impacts2022.txt": {"start": "2022-03-02T00:59:00Z", "end": "2022-03-31T20:33:00Z", "north": "41.818", "south": "41.798", "east": "-72.284", "west": "-72.304", "format": "ASCII", "sizeMB": 0.08}, "UConn_apu27_pluvio400_202304_preciprate_impacts2023.txt": {"start": "2023-03-31T23:55:00Z", "end": "2023-04-02T02:21:00Z", "north": "41.828", "south": "41.808", "east": "-72.248", "west": "-72.268", "format": "ASCII", "sizeMB": 0.01}, "UConn_apu28_pluvio200_202312_preciptable_uconn2024.txt": {"start": "2023-12-14T23:32:00Z", "end": "2023-12-30T02:39:00Z", "north": "41.818", "south": "41.798", "east": "-72.284", "west": "-72.304", "format": "ASCII", "sizeMB": 0.0}, "UConn_apu27_pluvio400_202302_data_impacts2023.txt": {"start": "2023-01-31T23:55:00Z", "end": "2023-02-28T16:30:00Z", "north": "41.828", "south": "41.808", "east": "-72.248", "west": "-72.268", "format": "ASCII", "sizeMB": 0.37}, "UConn_apu28_pluvio200_202405_preciprate_uconn2024.txt": {"start": "2024-05-01T03:09:00Z", "end": "2024-05-16T14:58:00Z", "north": "41.818", "south": "41.798", "east": "-72.284", "west": "-72.304", "format": "ASCII", "sizeMB": 0.05}, "UConn_apu18_pluvio200_202112_preciptable_impacts2022.txt": {"start": "2021-12-07T16:42:00Z", "end": "2021-12-31T22:51:00Z", "north": "41.818", "south": "41.798", "east": "-72.284", "west": "-72.304", "format": "ASCII", "sizeMB": 0.0}, "UConn_apu27_pluvio400_202303_precip_impacts2023.txt": {"start": "2023-03-13T17:13:00Z", "end": "2023-03-30T06:31:00Z", "north": "41.828", "south": "41.808", "east": "-72.248", "west": "-72.268", "format": "ASCII", "sizeMB": 0.08}, "UConn_apu28_pluvio200_preciprate_uconn2024.txt": {"start": "2023-12-14T23:32:00Z", "end": "2024-05-16T14:58:00Z", "north": "41.818", "south": "41.798", "east": "-72.284", "west": "-72.304", "format": "ASCII", "sizeMB": 0.49}, "UConn_apu27_pluvio400_202403_preciptable_uconn2024.txt": {"start": "2024-03-04T20:23:00Z", "end": "2024-03-23T21:33:00Z", "north": "41.818", "south": "41.798", "east": "-72.284", "west": "-72.304", "format": "ASCII", "sizeMB": 0.0}, "UConn_apu27_pluvio400_202302_preciprate_impacts2023.txt": {"start": "2023-02-27T17:10:00Z", "end": "2023-02-28T16:25:00Z", "north": "41.828", "south": "41.808", "east": "-72.248", "west": "-72.268", "format": "ASCII", "sizeMB": 0.02}, "UConn_apu28_pluvio200_202403_preciprate_uconn2024.txt": {"start": "2024-03-02T16:02:00Z", "end": "2024-03-29T07:12:00Z", "north": "41.818", "south": "41.798", "east": "-72.284", "west": "-72.304", "format": "ASCII", "sizeMB": 0.13}, "UConn_apu27_pluvio400_202402_precip_uconn2024.txt": {"start": "2024-02-14T17:14:00Z", "end": "2024-02-26T20:06:00Z", "north": "41.818", "south": "41.798", "east": "-72.284", "west": "-72.304", "format": "ASCII", "sizeMB": 0.0}, "UConn_apu27_pluvio400_202402_preciprate_uconn2024.txt": {"start": "2024-02-14T17:14:00Z", "end": "2024-02-26T20:06:00Z", "north": "41.818", "south": "41.798", "east": "-72.284", "west": "-72.304", "format": "ASCII", "sizeMB": 0.0}, "UConn_apu28_pluvio200_202401_preciptable_uconn2024.txt": {"start": "2024-01-04T11:10:00Z", "end": "2024-01-30T01:29:00Z", "north": "41.818", "south": "41.798", "east": "-72.284", "west": "-72.304", "format": "ASCII", "sizeMB": 0.0}, "UConn_apu28_pluvio400_202303_preciptable_impacts2023.txt": {"start": "2023-03-01T23:01:00Z", "end": "2023-03-31T22:52:00Z", "north": "41.818", "south": "41.798", "east": "-72.284", "west": "-72.304", "format": "ASCII", "sizeMB": 0.0}, "UConn_apu28_pluvio200_202401_data_uconn2024.txt": {"start": "2024-01-01T18:14:00Z", "end": "2024-01-31T22:54:00Z", "north": "41.818", "south": "41.798", "east": "-72.284", "west": "-72.304", "format": "ASCII", "sizeMB": 0.8}, "UConn_apu18_pluvio200_202204_data_impacts2022.txt": {"start": "2022-03-31T23:55:00Z", "end": "2022-04-28T10:54:00Z", "north": "41.818", "south": "41.798", "east": "-72.284", "west": "-72.304", "format": "ASCII", "sizeMB": 0.83}, "UConn_apu28_pluvio400_202304_data_impacts2023.txt": {"start": "2023-03-31T23:55:00Z", "end": "2023-04-11T08:12:00Z", "north": "41.818", "south": "41.798", "east": "-72.284", "west": "-72.304", "format": "ASCII", "sizeMB": 0.31}, "UConn_apu28_pluvio400_202303_data_impacts2023.txt": {"start": "2023-02-28T23:55:00Z", "end": "2023-03-31T22:54:00Z", "north": "41.818", "south": "41.798", "east": "-72.284", "west": "-72.304", "format": "ASCII", "sizeMB": 1.06}, "UConn_apu18_pluvio200_202203_preciprate_impacts2022.txt": {"start": "2022-03-02T01:01:00Z", "end": "2022-03-31T19:57:00Z", "north": "41.818", "south": "41.798", "east": "-72.284", "west": "-72.304", "format": "ASCII", "sizeMB": 0.06}, "UConn_apu18_pluvio200_202202_precip_impacts2022.txt": {"start": "2022-02-03T12:21:00Z", "end": "2022-02-28T03:58:00Z", "north": "41.818", "south": "41.798", "east": "-72.284", "west": "-72.304", "format": "ASCII", "sizeMB": 0.13}, "UConn_apu28_pluvio200_202404_preciprate_uconn2024.txt": {"start": "2024-04-02T20:02:00Z", "end": "2024-04-29T03:12:00Z", "north": "41.818", "south": "41.798", "east": "-72.284", "west": "-72.304", "format": "ASCII", "sizeMB": 0.06}, "UConn_apu18_pluvio200_202203_data_impacts2022.txt": {"start": "2022-02-28T23:55:00Z", "end": "2022-03-31T22:54:00Z", "north": "41.818", "south": "41.798", "east": "-72.284", "west": "-72.304", "format": "ASCII", "sizeMB": 0.93}, "UConn_apu28_pluvio200_202401_precip_uconn2024.txt": {"start": "2024-01-04T11:10:00Z", "end": "2024-01-30T01:29:00Z", "north": "41.818", "south": "41.798", "east": "-72.284", "west": "-72.304", "format": "ASCII", "sizeMB": 0.17}, "UConn_apu18_pluvio200_202112_precip_impacts2022.txt": {"start": "2021-12-07T16:42:00Z", "end": "2021-12-31T22:51:00Z", "north": "41.818", "south": "41.798", "east": "-72.284", "west": "-72.304", "format": "ASCII", "sizeMB": 0.1}, "UConn_apu28_pluvio400_202304_preciprate_impacts2023.txt": {"start": "2023-03-31T23:55:00Z", "end": "2023-04-06T06:29:00Z", "north": "41.818", "south": "41.798", "east": "-72.284", "west": "-72.304", "format": "ASCII", "sizeMB": 0.01}, "UConn_apu28_pluvio200_202312_data_uconn2024.txt": {"start": "2023-12-14T23:32:00Z", "end": "2023-12-30T21:56:00Z", "north": "41.818", "south": "41.798", "east": "-72.284", "west": "-72.304", "format": "ASCII", "sizeMB": 0.42}, "UConn_apu27_pluvio400_202304_preciptable_impacts2023.txt": {"start": "2023-03-31T23:55:00Z", "end": "2023-04-02T02:21:00Z", "north": "41.828", "south": "41.808", "east": "-72.248", "west": "-72.268", "format": "ASCII", "sizeMB": 0.0}, "UConn_apu18_pluvio200_202112_preciprate_impacts2022.txt": {"start": "2021-12-07T16:43:00Z", "end": "2021-12-31T22:51:00Z", "north": "41.818", "south": "41.798", "east": "-72.284", "west": "-72.304", "format": "ASCII", "sizeMB": 0.08}, "UConn_apu18_pluvio200_202204_preciptable_impacts2022.txt": {"start": "2022-04-01T00:23:00Z", "end": "2022-04-27T13:02:00Z", "north": "41.818", "south": "41.798", "east": "-72.284", "west": "-72.304", "format": "ASCII", "sizeMB": 0.0}, "UConn_apu28_pluvio200_202405_data_uconn2024.txt": {"start": "2024-04-30T23:55:00Z", "end": "2024-05-16T22:09:00Z", "north": "41.818", "south": "41.798", "east": "-72.284", "west": "-72.304", "format": "ASCII", "sizeMB": 0.39}, "UConn_apu28_pluvio400_202302_precip_impacts2023.txt": {"start": "2023-02-08T16:15:00Z", "end": "2023-02-28T22:25:00Z", "north": "41.818", "south": "41.798", "east": "-72.284", "west": "-72.304", "format": "ASCII", "sizeMB": 0.07}, "UConn_apu28_pluvio400_202301_preciprate_impacts2023.txt": {"start": "2023-01-01T00:00:00Z", "end": "2023-12-31T23:59:00Z", "north": "41.818", "south": "41.798", "east": "-72.284", "west": "-72.304", "format": "ASCII", "sizeMB": 0.13}, "UConn_apu27_pluvio200_202212_preciprate_impacts2023.txt": {"start": "2022-12-25T00:43:00Z", "end": "2022-12-25T04:15:00Z", "north": "41.828", "south": "41.808", "east": "-72.248", "west": "-72.268", "format": "ASCII", "sizeMB": 0.0}}