{"ALOFT_Nav_IWG1_13Jul2023-0216": {"start": "2023-07-12T22:11:41Z", "end": "2023-07-13T02:13:46Z", "north": "29.92", "south": "26.081", "east": "-80.452", "west": "-83.272", "format": "ASCII", "sizeMB": 2.86}, "ALOFT_Nav_IWG1_15Jun2023-2102": {"start": "2023-06-15T16:47:05Z", "end": "2023-06-15T20:58:43Z", "north": "35.766", "south": "32.552", "east": "-115.554", "west": "-118.559", "format": "ASCII", "sizeMB": 2.94}, "ALOFT_Nav_IWG1_21Jul2023-0052": {"start": "2023-07-20T20:02:52Z", "end": "2023-07-21T00:50:28Z", "north": "27.863", "south": "25.927", "east": "-81.139", "west": "-83.882", "format": "ASCII", "sizeMB": 3.37}, "ALOFT_Nav_IWG1_04Jul2023-0326": {"start": "2023-07-03T19:52:30Z", "end": "2023-07-04T03:24:05Z", "north": "27.886", "south": "18.952", "east": "-82.494", "west": "-91.351", "format": "ASCII", "sizeMB": 5.21}, "ALOFT_Nav_IWG1_26Jul2023-0638": {"start": "2023-07-25T22:15:12Z", "end": "2023-07-26T06:35:10Z", "north": "27.872", "south": "17.122", "east": "-82.489", "west": "-95.041", "format": "ASCII", "sizeMB": 5.9}, "ALOFT_Nav_IWG1_06Jul2023-1016": {"start": "2023-07-06T01:09:30Z", "end": "2023-07-06T10:12:31Z", "north": "27.893", "south": "18.767", "east": "-82.494", "west": "-95.351", "format": "ASCII", "sizeMB": 6.38}, "ALOFT_Nav_IWG1_24Jul2023-1104": {"start": "2023-07-24T02:42:31Z", "end": "2023-07-24T11:00:06Z", "north": "27.866", "south": "18.675", "east": "-82.494", "west": "-95.35", "format": "ASCII", "sizeMB": 6.4}, "ALOFT_Nav_IWG1_08Jul2023-0955": {"start": "2023-07-08T01:13:09Z", "end": "2023-07-08T09:54:57Z", "north": "27.861", "south": "12.676", "east": "-82.494", "west": "-89.961", "format": "ASCII", "sizeMB": 6.07}, "ALOFT_Nav_IWG1_28Jul2023-2100": {"start": "2023-07-28T11:57:23Z", "end": "2023-07-28T20:57:48Z", "north": "27.861", "south": "12.722", "east": "-81.559", "west": "-86.16", "format": "ASCII", "sizeMB": 6.28}, "ALOFT_Nav_IWG1_16Jul2023-1911": {"start": "2023-07-16T09:46:01Z", "end": "2023-07-16T19:09:57Z", "north": "27.861", "south": "10.888", "east": "-81.43", "west": "-86.158", "format": "ASCII", "sizeMB": 6.53}, "ALOFT_Nav_IWG1_29Jul2023-2248": {"start": "2023-07-29T17:56:15Z", "end": "2023-07-29T22:46:20Z", "north": "29.024", "south": "26.462", "east": "-80.404", "west": "-83.647", "format": "ASCII", "sizeMB": 3.43}, "ALOFT_Nav_IWG1_31Jul2023-1753": {"start": "2023-07-31T11:35:10Z", "end": "2023-07-31T17:50:42Z", "north": "35.959", "south": "27.563", "east": "-82.494", "west": "-118.332", "format": "ASCII", "sizeMB": 4.43}, "ALOFT_Nav_IWG1_29Jun2023-2050": {"start": "2023-06-29T14:16:04Z", "end": "2023-06-29T20:47:48Z", "north": "35.881", "south": "27.675", "east": "-82.491", "west": "-118.208", "format": "ASCII", "sizeMB": 4.47}}