{"IMPACTS_AMPR_L2_20200223_v3.nc": {"start": "2020-02-23T13:18:08Z", "end": "2020-02-23T19:15:17Z", "north": "34.942", "south": "31.961", "east": "-75.68", "west": "-81.216", "format": "netCDF-4", "sizeMB": 49.08}, "IMPACTS_AMPR_L2_20191216_v3.nc": {"start": "2019-12-16T21:17:28Z", "end": "2019-12-17T00:54:10Z", "north": "38.829", "south": "33.861", "east": "-117.553", "west": "-123.817", "format": "netCDF-4", "sizeMB": 48.54}, "IMPACTS_AMPR_L2_20200118_v3.nc": {"start": "2020-01-18T13:39:13Z", "end": "2020-01-18T20:04:30Z", "north": "41.581", "south": "31.947", "east": "-73.507", "west": "-81.162", "format": "netCDF-4", "sizeMB": 53.17}, "IMPACTS_AMPR_L2_20200125_v3.nc": {"start": "2020-01-25T14:11:59Z", "end": "2020-01-25T21:30:38Z", "north": "43.788", "south": "31.869", "east": "-71.876", "west": "-81.242", "format": "netCDF-4", "sizeMB": 56.01}, "IMPACTS_AMPR_L2_20200115_v3.nc": {"start": "2020-01-15T17:12:48Z", "end": "2020-01-15T22:51:19Z", "north": "35.581", "south": "31.988", "east": "-80.872", "west": "-118.421", "format": "netCDF-4", "sizeMB": 75.81}, "IMPACTS_AMPR_L2_20200201_v3.nc": {"start": "2020-02-01T08:42:17Z", "end": "2020-02-01T17:21:58Z", "north": "38.345", "south": "31.928", "east": "-70.896", "west": "-81.316", "format": "netCDF-4", "sizeMB": 87.97}, "IMPACTS_AMPR_L2_20211206_v3.nc": {"start": "2021-12-06T14:39:39Z", "end": "2021-12-06T22:10:59Z", "north": "38.923", "south": "34.396", "east": "-117.65", "west": "-124.259", "format": "netCDF-4", "sizeMB": 40.61}, "IMPACTS_AMPR_L2_20200302_v3.nc": {"start": "2020-03-02T15:05:04Z", "end": "2020-03-02T21:01:26Z", "north": "36.311", "south": "31.845", "east": "-80.765", "west": "-119.869", "format": "netCDF-4", "sizeMB": 57.51}, "IMPACTS_AMPR_L2_20200207_v3.nc": {"start": "2020-02-07T11:49:04Z", "end": "2020-02-07T19:08:32Z", "north": "43.511", "south": "31.734", "east": "-72.701", "west": "-81.664", "format": "netCDF-4", "sizeMB": 98.44}, "IMPACTS_AMPR_L2_20200205_v3.nc": {"start": "2020-02-05T15:51:19Z", "end": "2020-02-06T01:52:03Z", "north": "42.573", "south": "31.981", "east": "-79.528", "west": "-91.227", "format": "netCDF-4", "sizeMB": 109.34}, "IMPACTS_AMPR_L2_20200225_v3.nc": {"start": "2020-02-25T17:01:00Z", "end": "2020-02-26T04:12:05Z", "north": "42.206", "south": "31.935", "east": "-79.451", "west": "-89.119", "format": "netCDF-4", "sizeMB": 126.54}, "IMPACTS_AMPR_L2_20220108_v3.nc": {"start": "2022-01-08T15:40:22Z", "end": "2022-01-08T22:11:31Z", "north": "41.069", "south": "34.579", "east": "-78.871", "west": "-118.344", "format": "netCDF-4", "sizeMB": 55.79}, "IMPACTS_AMPR_L2_20200227_v3.nc": {"start": "2020-02-27T07:02:55Z", "end": "2020-02-27T15:29:53Z", "north": "44.548", "south": "31.99", "east": "-72.467", "west": "-81.213", "format": "netCDF-4", "sizeMB": 113.59}, "IMPACTS_AMPR_L2_20220203_v3.nc": {"start": "2022-02-03T11:04:17Z", "end": "2022-02-03T17:15:25Z", "north": "42.676", "south": "35.118", "east": "-78.579", "west": "-85.387", "format": "netCDF-4", "sizeMB": 38.31}, "IMPACTS_AMPR_L2_20220129_v3.nc": {"start": "2022-01-29T19:16:04Z", "end": "2022-01-30T04:39:51Z", "north": "44.892", "south": "35.163", "east": "-65.51", "west": "-79.025", "format": "netCDF-4", "sizeMB": 60.67}, "IMPACTS_AMPR_L2_20220119_v3.nc": {"start": "2022-01-19T07:40:02Z", "end": "2022-01-19T18:56:56Z", "north": "48.258", "south": "35.163", "east": "-71.567", "west": "-79.128", "format": "netCDF-4", "sizeMB": 81.49}, "IMPACTS_AMPR_L2_20220222_v3.nc": {"start": "2022-02-22T10:49:39Z", "end": "2022-02-23T00:30:34Z", "north": "35.333", "south": "30.692", "east": "-77.263", "west": "-81.48", "format": "netCDF-4", "sizeMB": 44.33}, "IMPACTS_AMPR_L2_20220204_v3.nc": {"start": "2022-02-04T09:50:30Z", "end": "2022-02-04T20:40:49Z", "north": "46.718", "south": "35.153", "east": "-67.693", "west": "-79.149", "format": "netCDF-4", "sizeMB": 85.98}, "IMPACTS_AMPR_L2_20220213_v3.nc": {"start": "2022-02-13T08:37:13Z", "end": "2022-02-13T16:35:26Z", "north": "43.134", "south": "35.151", "east": "-68.967", "west": "-79.084", "format": "netCDF-4", "sizeMB": 56.74}, "IMPACTS_AMPR_L2_20221213_v3.nc": {"start": "2022-12-13T14:15:17Z", "end": "2022-12-13T19:01:45Z", "north": "37.456", "south": "34.563", "east": "-117.514", "west": "-118.754", "format": "netCDF-4", "sizeMB": 31.23}, "IMPACTS_AMPR_L2_20220219_v3.nc": {"start": "2022-02-19T09:08:47Z", "end": "2022-02-19T17:40:58Z", "north": "47.072", "south": "35.137", "east": "-70.873", "west": "-79.152", "format": "netCDF-4", "sizeMB": 61.01}, "IMPACTS_AMPR_L2_20220208_v3.nc": {"start": "2022-02-08T09:09:13Z", "end": "2022-02-08T19:28:58Z", "north": "48.131", "south": "35.163", "east": "-64.366", "west": "-79.025", "format": "netCDF-4", "sizeMB": 80.85}, "IMPACTS_AMPR_L2_20220228_v3.nc": {"start": "2022-02-28T13:38:26Z", "end": "2022-02-28T20:09:54Z", "north": "37.218", "south": "34.589", "east": "-78.989", "west": "-118.51", "format": "netCDF-4", "sizeMB": 76.96}, "IMPACTS_AMPR_L2_20220217_v3.nc": {"start": "2022-02-17T13:07:18Z", "end": "2022-02-18T00:36:45Z", "north": "43.506", "south": "35.135", "east": "-78.676", "west": "-88.426", "format": "netCDF-4", "sizeMB": 88.26}, "IMPACTS_AMPR_L2_20220225_v3.nc": {"start": "2022-02-25T05:26:23Z", "end": "2022-02-25T15:42:29Z", "north": "44.206", "south": "34.932", "east": "-72.67", "west": "-79.639", "format": "netCDF-4", "sizeMB": 96.78}, "IMPACTS_AMPR_L2_20221215_v3.nc": {"start": "2022-12-15T19:29:57Z", "end": "2022-12-16T01:56:32Z", "north": "38.876", "south": "33.865", "east": "-117.68", "west": "-124.153", "format": "netCDF-4", "sizeMB": 74.99}, "IMPACTS_AMPR_L2_20230105_v3.nc": {"start": "2023-01-05T15:42:26Z", "end": "2023-01-05T20:30:19Z", "north": "36.306", "south": "34.581", "east": "-113.966", "west": "-118.31", "format": "netCDF-4", "sizeMB": 56.3}, "IMPACTS_AMPR_L2_20230115_v3.nc": {"start": "2023-01-15T09:18:51Z", "end": "2023-01-15T20:38:22Z", "north": "40.464", "south": "33.86", "east": "-66.709", "west": "-84.576", "format": "netCDF-4", "sizeMB": 97.33}, "IMPACTS_AMPR_L2_20230123_v3.nc": {"start": "2023-01-23T08:12:26Z", "end": "2023-01-23T19:53:04Z", "north": "45.751", "south": "33.849", "east": "-67.793", "west": "-84.662", "format": "netCDF-4", "sizeMB": 94.54}, "IMPACTS_AMPR_L2_20230119_v3.nc": {"start": "2023-01-19T16:15:37Z", "end": "2023-01-20T03:59:17Z", "north": "47.221", "south": "33.856", "east": "-74.099", "west": "-84.58", "format": "netCDF-4", "sizeMB": 102.86}, "IMPACTS_AMPR_L2_20230129_v3.nc": {"start": "2023-01-29T09:05:15Z", "end": "2023-01-29T19:16:40Z", "north": "46.699", "south": "33.903", "east": "-74.528", "west": "-84.76", "format": "netCDF-4", "sizeMB": 80.38}, "IMPACTS_AMPR_L2_20230113_v3.nc": {"start": "2023-01-12T23:12:18Z", "end": "2023-01-13T11:34:37Z", "north": "47.904", "south": "33.838", "east": "-74.038", "west": "-84.601", "format": "netCDF-4", "sizeMB": 99.98}, "IMPACTS_AMPR_L2_20230125_v3.nc": {"start": "2023-01-25T14:06:12Z", "end": "2023-01-26T02:10:41Z", "north": "45.088", "south": "33.827", "east": "-72.73", "west": "-84.558", "format": "netCDF-4", "sizeMB": 104.1}, "IMPACTS_AMPR_L2_20230212_v3.nc": {"start": "2023-02-12T09:04:57Z", "end": "2023-02-12T20:25:52Z", "north": "40.349", "south": "33.855", "east": "-74.078", "west": "-84.639", "format": "netCDF-4", "sizeMB": 98.28}, "IMPACTS_AMPR_L2_20230205_v3.nc": {"start": "2023-02-05T09:00:43Z", "end": "2023-02-05T20:52:00Z", "north": "49.31", "south": "33.854", "east": "-73.612", "west": "-84.559", "format": "netCDF-4", "sizeMB": 104.83}, "IMPACTS_AMPR_L2_20230217_v3.nc": {"start": "2023-02-17T08:09:12Z", "end": "2023-02-17T20:12:05Z", "north": "36.162", "south": "35.85", "east": "-83.52", "west": "-83.777", "format": "netCDF-4", "sizeMB": 102.53}, "IMPACTS_AMPR_L2_20230226_v3.nc": {"start": "2023-02-26T11:16:36Z", "end": "2023-02-26T19:31:04Z", "north": "34.568", "south": "26.507", "east": "-82.095", "west": "-86.799", "format": "netCDF-4", "sizeMB": 61.14}, "IMPACTS_AMPR_L2_20230302_v3.nc": {"start": "2023-03-02T11:40:10Z", "end": "2023-03-02T17:06:51Z", "north": "36.534", "south": "33.901", "east": "-84.128", "west": "-118.121", "format": "netCDF-4", "sizeMB": 64.21}, "IMPACTS_AMPR_L2_20230214_v3.nc": {"start": "2023-02-14T17:44:37Z", "end": "2023-02-15T05:47:09Z", "north": "48.67", "south": "33.902", "east": "-83.556", "west": "-96.283", "format": "netCDF-4", "sizeMB": 104.3}, "IMPACTS_AMPR_L2_20230228_v3.nc": {"start": "2023-02-28T05:01:22Z", "end": "2023-02-28T16:47:29Z", "north": "44.109", "south": "33.88", "east": "-68.472", "west": "-84.56", "format": "netCDF-4", "sizeMB": 102.77}}