{"IMPACTS_MetNav_ER2_20200223_R0.ict": {"start": "2020-02-23T16:31:39Z", "end": "2020-02-23T19:05:32Z", "north": "34.574", "south": "31.986", "east": "-76.137", "west": "-81.197", "format": "ASCII", "sizeMB": 1.5}, "IMPACTS_MetNav_ER2_20200118_R0.ict": {"start": "2020-01-18T17:14:58Z", "end": "2020-01-18T21:07:18Z", "north": "41.196", "south": "31.999", "east": "-74.009", "west": "-81.16", "format": "ASCII", "sizeMB": 2.28}, "IMPACTS_MetNav_ER2_20200115_R0.ict": {"start": "2020-01-15T17:29:01Z", "end": "2020-01-15T22:37:00Z", "north": "35.319", "south": "32.002", "east": "-80.896", "west": "-118.284", "format": "ASCII", "sizeMB": 3.02}, "IMPACTS_MetNav_ER2_20200125_R0.ict": {"start": "2020-01-25T17:49:01Z", "end": "2020-01-26T01:25:55Z", "north": "44.76", "south": "31.93", "east": "-71.691", "west": "-81.17", "format": "ASCII", "sizeMB": 4.23}, "IMPACTS_MetNav_ER2_20200201_R0.ict": {"start": "2020-02-01T11:09:00Z", "end": "2020-02-01T17:09:20Z", "north": "37.687", "south": "32.0", "east": "-71.749", "west": "-81.199", "format": "ASCII", "sizeMB": 3.52}, "IMPACTS_MetNav_ER2_20200302_R0.ict": {"start": "2020-03-02T15:24:04Z", "end": "2020-03-02T20:48:31Z", "north": "36.121", "south": "31.958", "east": "-80.953", "west": "-118.256", "format": "ASCII", "sizeMB": 3.22}, "IMPACTS_MetNav_ER2_20200205_R0.ict": {"start": "2020-02-05T18:59:12Z", "end": "2020-02-06T01:35:42Z", "north": "42.212", "south": "32.001", "east": "-79.874", "west": "-90.774", "format": "ASCII", "sizeMB": 3.72}, "IMPACTS_MetNav_ER2_20200225_R0.ict": {"start": "2020-02-25T20:06:39Z", "end": "2020-02-26T03:57:48Z", "north": "41.847", "south": "31.99", "east": "-79.915", "west": "-88.651", "format": "ASCII", "sizeMB": 4.42}, "IMPACTS_MetNav_ER2_20200207_R0.ict": {"start": "2020-02-07T12:04:21Z", "end": "2020-02-07T18:52:35Z", "north": "43.154", "south": "31.901", "east": "-73.182", "west": "-81.175", "format": "ASCII", "sizeMB": 3.99}, "IMPACTS_MetNav_ER2_20200227_R0.ict": {"start": "2020-02-27T07:21:29Z", "end": "2020-02-27T15:17:57Z", "north": "44.177", "south": "32.0", "east": "-72.932", "west": "-81.166", "format": "ASCII", "sizeMB": 4.67}, "IMPACTS_MetNav_ER2_20220203_R0.ict": {"start": "2022-02-03T13:53:14Z", "end": "2022-02-03T17:06:22Z", "north": "42.307", "south": "35.164", "east": "-78.863", "west": "-84.938", "format": "ASCII", "sizeMB": 1.92}, "IMPACTS_MetNav_ER2_20220108_R0.ict": {"start": "2022-01-08T15:53:39Z", "end": "2022-01-08T21:15:38Z", "north": "40.709", "south": "34.616", "east": "-78.883", "west": "-118.182", "format": "ASCII", "sizeMB": 3.16}, "IMPACTS_MetNav_ER2_20220129_R0.ict": {"start": "2022-01-29T22:17:22Z", "end": "2022-01-30T03:48:34Z", "north": "43.867", "south": "35.164", "east": "-68.261", "west": "-79.022", "format": "ASCII", "sizeMB": 3.31}, "IMPACTS_MetNav_ER2_20220213_R0.ict": {"start": "2022-02-13T11:29:17Z", "end": "2022-02-13T16:25:27Z", "north": "42.728", "south": "35.154", "east": "-69.576", "west": "-79.049", "format": "ASCII", "sizeMB": 2.92}, "IMPACTS_MetNav_ER2_20220208_R0.ict": {"start": "2022-02-08T11:59:03Z", "end": "2022-02-08T19:18:41Z", "north": "47.696", "south": "35.164", "east": "-64.894", "west": "-79.022", "format": "ASCII", "sizeMB": 4.34}, "IMPACTS_MetNav_ER2_20220219_R0.ict": {"start": "2022-02-19T12:07:23Z", "end": "2022-02-19T17:31:48Z", "north": "46.716", "south": "35.167", "east": "-71.432", "west": "-79.048", "format": "ASCII", "sizeMB": 3.21}, "IMPACTS_MetNav_ER2_20230105_R0.ict": {"start": "2023-01-05T15:56:50Z", "end": "2023-01-05T20:22:06Z", "north": "36.268", "south": "33.895", "east": "-84.442", "west": "-118.192", "format": "ASCII", "sizeMB": 2.61}, "IMPACTS_MetNav_ER2_20220228_R0.ict": {"start": "2022-02-28T14:05:12Z", "end": "2022-02-28T19:57:22Z", "north": "37.045", "south": "34.601", "east": "-79.007", "west": "-118.218", "format": "ASCII", "sizeMB": 3.51}, "IMPACTS_MetNav_ER2_20220225_R0.ict": {"start": "2022-02-25T07:58:05Z", "end": "2022-02-25T15:35:26Z", "north": "43.856", "south": "35.164", "east": "-73.122", "west": "-79.219", "format": "ASCII", "sizeMB": 4.52}, "IMPACTS_MetNav_ER2_20220204_R0.ict": {"start": "2022-02-04T12:29:24Z", "end": "2022-02-04T20:31:39Z", "north": "46.266", "south": "35.168", "east": "-68.182", "west": "-79.055", "format": "ASCII", "sizeMB": 4.78}, "IMPACTS_MetNav_ER2_20220217_R0.ict": {"start": "2022-02-17T16:07:18Z", "end": "2022-02-18T00:28:20Z", "north": "43.065", "south": "35.166", "east": "-78.751", "west": "-87.893", "format": "ASCII", "sizeMB": 4.99}, "IMPACTS_MetNav_ER2_20230115_R0.ict": {"start": "2023-01-15T13:09:53Z", "end": "2023-01-15T20:29:07Z", "north": "40.197", "south": "33.874", "east": "-67.286", "west": "-84.53", "format": "ASCII", "sizeMB": 4.29}, "IMPACTS_MetNav_ER2_20230113_R0.ict": {"start": "2023-01-13T03:55:10Z", "end": "2023-01-13T11:24:01Z", "north": "47.534", "south": "33.855", "east": "-74.583", "west": "-84.532", "format": "ASCII", "sizeMB": 4.38}, "IMPACTS_MetNav_ER2_20230123_R0.ict": {"start": "2023-01-23T12:21:00Z", "end": "2023-01-23T19:44:04Z", "north": "45.274", "south": "33.866", "east": "-68.394", "west": "-84.53", "format": "ASCII", "sizeMB": 4.4}, "IMPACTS_MetNav_ER2_20230129_R0.ict": {"start": "2023-01-29T12:57:14Z", "end": "2023-01-29T19:13:42Z", "north": "46.218", "south": "33.912", "east": "-75.318", "west": "-84.73", "format": "ASCII", "sizeMB": 3.73}, "IMPACTS_MetNav_ER2_20230119_R0.ict": {"start": "2023-01-19T19:57:46Z", "end": "2023-01-20T03:49:18Z", "north": "46.883", "south": "33.871", "east": "-74.597", "west": "-84.528", "format": "ASCII", "sizeMB": 4.73}, "IMPACTS_MetNav_ER2_20230125_R0.ict": {"start": "2023-01-25T17:52:15Z", "end": "2023-01-26T02:00:13Z", "north": "44.554", "south": "33.865", "east": "-73.233", "west": "-84.527", "format": "ASCII", "sizeMB": 4.87}, "IMPACTS_MetNav_ER2_20230214_R0.ict": {"start": "2023-02-14T21:56:58Z", "end": "2023-02-15T05:28:25Z", "north": "48.131", "south": "33.915", "east": "-83.902", "west": "-95.46", "format": "ASCII", "sizeMB": 4.53}, "IMPACTS_MetNav_ER2_20230205_R0.ict": {"start": "2023-02-05T12:59:56Z", "end": "2023-02-05T20:42:41Z", "north": "48.658", "south": "33.869", "east": "-74.577", "west": "-84.528", "format": "ASCII", "sizeMB": 4.6}, "IMPACTS_MetNav_ER2_20230226_R0.ict": {"start": "2023-02-26T14:50:16Z", "end": "2023-02-26T19:23:46Z", "north": "34.376", "south": "26.907", "east": "-82.549", "west": "-86.349", "format": "ASCII", "sizeMB": 2.72}, "IMPACTS_MetNav_ER2_20230212_R0.ict": {"start": "2023-02-12T13:06:51Z", "end": "2023-02-12T20:18:40Z", "north": "39.85", "south": "33.863", "east": "-74.506", "west": "-84.563", "format": "ASCII", "sizeMB": 4.28}, "IMPACTS_MetNav_ER2_20230228_R0.ict": {"start": "2023-02-28T08:59:46Z", "end": "2023-02-28T16:38:49Z", "north": "43.389", "south": "33.889", "east": "-69.412", "west": "-84.528", "format": "ASCII", "sizeMB": 4.57}, "IMPACTS_MetNav_ER2_20230217_R0.ict": {"start": "2023-02-17T12:12:54Z", "end": "2023-02-17T20:03:43Z", "north": "48.058", "south": "33.874", "east": "-69.094", "west": "-84.554", "format": "ASCII", "sizeMB": 4.66}, "IMPACTS_MetNav_ER2_20230302_R0.ict": {"start": "2023-03-02T12:00:03Z", "end": "2023-03-02T16:57:44Z", "north": "36.356", "south": "33.912", "east": "-84.353", "west": "-118.078", "format": "ASCII", "sizeMB": 2.97}}