{"CPEX_SST_MUR_999_201705230000_201705240000.nc": {"start": "2017-05-23T09:00:00Z", "end": "2017-05-23T09:00:00Z", "north": "39.996", "south": "5.004", "east": "179.5", "west": "178.896", "format": "netCDF-3", "sizeMB": 0.05}, "CPEX_SST_MUR_999_201705250000_201705260000.nc": {"start": "2017-05-25T09:00:00Z", "end": "2017-05-25T09:00:00Z", "north": "39.996", "south": "5.004", "east": "179.5", "west": "178.896", "format": "netCDF-3", "sizeMB": 0.05}, "CPEX_SST_MUR_999_201705280000_201705290000.nc": {"start": "2017-05-28T09:00:00Z", "end": "2017-05-28T09:00:00Z", "north": "39.996", "south": "5.004", "east": "179.5", "west": "178.896", "format": "netCDF-3", "sizeMB": 0.05}, "CPEX_SST_MUR_999_201705260000_201705270000.nc": {"start": "2017-05-26T09:00:00Z", "end": "2017-05-26T09:00:00Z", "north": "39.996", "south": "5.004", "east": "179.5", "west": "178.896", "format": "netCDF-3", "sizeMB": 0.05}, "CPEX_SST_MUR_999_201705270000_201705280000.nc": {"start": "2017-05-27T09:00:00Z", "end": "2017-05-27T09:00:00Z", "north": "39.996", "south": "5.004", "east": "179.5", "west": "178.896", "format": "netCDF-3", "sizeMB": 0.05}, "CPEX_SST_MUR_999_201705300000_201705310000.nc": {"start": "2017-05-30T09:00:00Z", "end": "2017-05-30T09:00:00Z", "north": "39.996", "south": "5.004", "east": "179.5", "west": "178.896", "format": "netCDF-3", "sizeMB": 0.05}, "CPEX_SST_MUR_999_201705240000_201705250000.nc": {"start": "2017-05-24T09:00:00Z", "end": "2017-05-24T09:00:00Z", "north": "39.996", "south": "5.004", "east": "179.5", "west": "178.896", "format": "netCDF-3", "sizeMB": 0.05}, "CPEX_SST_MUR_999_201706010000_201706020000.nc": {"start": "2017-06-01T09:00:00Z", "end": "2017-06-01T09:00:00Z", "north": "39.996", "south": "5.004", "east": "179.5", "west": "178.896", "format": "netCDF-3", "sizeMB": 0.05}, "CPEX_SST_MUR_999_201705290000_201705300000.nc": {"start": "2017-05-29T09:00:00Z", "end": "2017-05-29T09:00:00Z", "north": "39.996", "south": "5.004", "east": "179.5", "west": "178.896", "format": "netCDF-3", "sizeMB": 0.05}, "CPEX_SST_MUR_999_201705310000_201706010000.nc": {"start": "2017-05-31T09:00:00Z", "end": "2017-05-31T09:00:00Z", "north": "39.996", "south": "5.004", "east": "179.5", "west": "178.896", "format": "netCDF-3", "sizeMB": 0.05}, "CPEX_SST_MUR_999_201706020000_201706030000.nc": {"start": "2017-06-02T09:00:00Z", "end": "2017-06-02T09:00:00Z", "north": "39.996", "south": "5.004", "east": "179.5", "west": "178.896", "format": "netCDF-3", "sizeMB": 0.05}, "CPEX_SST_MUR_999_201706030000_201706040000.nc": {"start": "2017-06-03T09:00:00Z", "end": "2017-06-03T09:00:00Z", "north": "39.996", "south": "5.004", "east": "179.5", "west": "178.896", "format": "netCDF-3", "sizeMB": 0.05}, "CPEX_SST_MUR_999_201706040000_201706050000.nc": {"start": "2017-06-04T09:00:00Z", "end": "2017-06-04T09:00:00Z", "north": "39.996", "south": "5.004", "east": "179.5", "west": "178.896", "format": "netCDF-3", "sizeMB": 0.05}, "CPEX_SST_MUR_999_201706050000_201706060000.nc": {"start": "2017-06-05T09:00:00Z", "end": "2017-06-05T09:00:00Z", "north": "39.996", "south": "5.004", "east": "179.5", "west": "178.896", "format": "netCDF-3", "sizeMB": 0.05}, "CPEX_SST_MUR_999_201706100000_201706110000.nc": {"start": "2017-06-10T09:00:00Z", "end": "2017-06-10T09:00:00Z", "north": "39.996", "south": "5.004", "east": "179.5", "west": "178.896", "format": "netCDF-3", "sizeMB": 0.05}, "CPEX_SST_MUR_999_201706060000_201706070000.nc": {"start": "2017-06-06T09:00:00Z", "end": "2017-06-06T09:00:00Z", "north": "39.996", "south": "5.004", "east": "179.5", "west": "178.896", "format": "netCDF-3", "sizeMB": 0.05}, "CPEX_SST_MUR_999_201706080000_201706090000.nc": {"start": "2017-06-08T09:00:00Z", "end": "2017-06-08T09:00:00Z", "north": "39.996", "south": "5.004", "east": "179.5", "west": "178.896", "format": "netCDF-3", "sizeMB": 0.05}, "CPEX_SST_MUR_999_201706120000_201706130000.nc": {"start": "2017-06-12T09:00:00Z", "end": "2017-06-12T09:00:00Z", "north": "39.996", "south": "5.004", "east": "179.5", "west": "178.896", "format": "netCDF-3", "sizeMB": 0.05}, "CPEX_SST_MUR_999_201706090000_201706100000.nc": {"start": "2017-06-09T09:00:00Z", "end": "2017-06-09T09:00:00Z", "north": "39.996", "south": "5.004", "east": "179.5", "west": "178.896", "format": "netCDF-3", "sizeMB": 0.05}, "CPEX_SST_MUR_999_201706070000_201706080000.nc": {"start": "2017-06-07T09:00:00Z", "end": "2017-06-07T09:00:00Z", "north": "39.996", "south": "5.004", "east": "179.5", "west": "178.896", "format": "netCDF-3", "sizeMB": 0.05}, "CPEX_SST_MUR_999_201706130000_201706140000.nc": {"start": "2017-06-13T09:00:00Z", "end": "2017-06-13T09:00:00Z", "north": "39.996", "south": "5.004", "east": "179.5", "west": "178.896", "format": "netCDF-3", "sizeMB": 0.05}, "CPEX_SST_MUR_999_201706110000_201706120000.nc": {"start": "2017-06-11T09:00:00Z", "end": "2017-06-11T09:00:00Z", "north": "39.996", "south": "5.004", "east": "179.5", "west": "178.896", "format": "netCDF-3", "sizeMB": 0.05}, "CPEX_SST_MUR_999_201706140000_201706150000.nc": {"start": "2017-06-14T09:00:00Z", "end": "2017-06-14T09:00:00Z", "north": "39.996", "south": "5.004", "east": "179.5", "west": "178.896", "format": "netCDF-3", "sizeMB": 0.05}, "CPEX_SST_MUR_999_201706190000_201706200000.nc": {"start": "2017-06-19T09:00:00Z", "end": "2017-06-19T09:00:00Z", "north": "39.996", "south": "5.004", "east": "179.5", "west": "178.896", "format": "netCDF-3", "sizeMB": 0.05}, "CPEX_SST_MUR_999_201706180000_201706190000.nc": {"start": "2017-06-18T09:00:00Z", "end": "2017-06-18T09:00:00Z", "north": "39.996", "south": "5.004", "east": "179.5", "west": "178.896", "format": "netCDF-3", "sizeMB": 0.05}, "CPEX_SST_MUR_999_201706160000_201706170000.nc": {"start": "2017-06-16T09:00:00Z", "end": "2017-06-16T09:00:00Z", "north": "39.996", "south": "5.004", "east": "179.5", "west": "178.896", "format": "netCDF-3", "sizeMB": 0.05}, "CPEX_SST_MUR_999_201706150000_201706160000.nc": {"start": "2017-06-15T09:00:00Z", "end": "2017-06-15T09:00:00Z", "north": "39.996", "south": "5.004", "east": "179.5", "west": "178.896", "format": "netCDF-3", "sizeMB": 0.05}, "CPEX_SST_MUR_999_201706170000_201706180000.nc": {"start": "2017-06-17T09:00:00Z", "end": "2017-06-17T09:00:00Z", "north": "39.996", "south": "5.004", "east": "179.5", "west": "178.896", "format": "netCDF-3", "sizeMB": 0.05}, "CPEX_SST_MUR_999_201706210000_201706220000.nc": {"start": "2017-06-21T09:00:00Z", "end": "2017-06-21T09:00:00Z", "north": "39.996", "south": "5.004", "east": "179.5", "west": "178.896", "format": "netCDF-3", "sizeMB": 0.05}, "CPEX_SST_MUR_999_201706220000_201706230000.nc": {"start": "2017-06-22T09:00:00Z", "end": "2017-06-22T09:00:00Z", "north": "39.996", "south": "5.004", "east": "179.5", "west": "178.896", "format": "netCDF-3", "sizeMB": 0.05}, "CPEX_SST_MUR_999_201706230000_201706240000.nc": {"start": "2017-06-23T09:00:00Z", "end": "2017-06-23T09:00:00Z", "north": "39.996", "south": "5.004", "east": "179.5", "west": "178.896", "format": "netCDF-3", "sizeMB": 0.05}, "CPEX_SST_MUR_999_201706200000_201706210000.nc": {"start": "2017-06-20T09:00:00Z", "end": "2017-06-20T09:00:00Z", "north": "39.996", "south": "5.004", "east": "179.5", "west": "178.896", "format": "netCDF-3", "sizeMB": 0.05}, "CPEX_SST_MUR_999_201706240000_201706250000.nc": {"start": "2017-06-24T09:00:00Z", "end": "2017-06-24T09:00:00Z", "north": "39.996", "south": "5.004", "east": "179.5", "west": "178.896", "format": "netCDF-3", "sizeMB": 0.05}, "CPEX_SST_MUR_999_201706260000_201706270000.nc": {"start": "2017-06-26T09:00:00Z", "end": "2017-06-26T09:00:00Z", "north": "39.996", "south": "5.004", "east": "179.5", "west": "178.896", "format": "netCDF-3", "sizeMB": 0.05}, "CPEX_SST_MUR_999_201706270000_201706280000.nc": {"start": "2017-06-27T09:00:00Z", "end": "2017-06-27T09:00:00Z", "north": "39.996", "south": "5.004", "east": "179.5", "west": "178.896", "format": "netCDF-3", "sizeMB": 0.05}, "CPEX_SST_MUR_999_201706250000_201706260000.nc": {"start": "2017-06-25T09:00:00Z", "end": "2017-06-25T09:00:00Z", "north": "39.996", "south": "5.004", "east": "179.5", "west": "178.896", "format": "netCDF-3", "sizeMB": 0.05}, "CPEX_SST_MUR_999_201706280000_201706290000.nc": {"start": "2017-06-28T09:00:00Z", "end": "2017-06-28T09:00:00Z", "north": "39.996", "south": "5.004", "east": "179.5", "west": "178.896", "format": "netCDF-3", "sizeMB": 0.05}, "CPEX_SST_MUR_999_201706290000_201706300000.nc": {"start": "2017-06-29T09:00:00Z", "end": "2017-06-29T09:00:00Z", "north": "39.996", "south": "5.004", "east": "179.5", "west": "178.896", "format": "netCDF-3", "sizeMB": 0.05}, "CPEX_SST_MUR_999_201707020000_201707030000.nc": {"start": "2017-07-02T09:00:00Z", "end": "2017-07-02T09:00:00Z", "north": "39.996", "south": "5.004", "east": "179.5", "west": "178.896", "format": "netCDF-3", "sizeMB": 0.05}, "CPEX_SST_MUR_999_201707030000_201707040000.nc": {"start": "2017-07-03T09:00:00Z", "end": "2017-07-03T09:00:00Z", "north": "39.996", "south": "5.004", "east": "179.5", "west": "178.896", "format": "netCDF-3", "sizeMB": 0.05}, "CPEX_SST_MUR_999_201707010000_201707020000.nc": {"start": "2017-07-01T09:00:00Z", "end": "2017-07-01T09:00:00Z", "north": "39.996", "south": "5.004", "east": "179.5", "west": "178.896", "format": "netCDF-3", "sizeMB": 0.05}, "CPEX_SST_MUR_999_201706300000_201707010000.nc": {"start": "2017-06-30T09:00:00Z", "end": "2017-06-30T09:00:00Z", "north": "39.996", "south": "5.004", "east": "179.5", "west": "178.896", "format": "netCDF-3", "sizeMB": 0.05}, "CPEX_SST_MUR_999_201707040000_201707050000.nc": {"start": "2017-07-04T09:00:00Z", "end": "2017-07-04T09:00:00Z", "north": "39.996", "south": "5.004", "east": "179.5", "west": "178.896", "format": "netCDF-3", "sizeMB": 0.05}, "CPEX_SST_MUR_999_201707060000_201707070000.nc": {"start": "2017-07-06T09:00:00Z", "end": "2017-07-06T09:00:00Z", "north": "39.996", "south": "5.004", "east": "179.5", "west": "178.896", "format": "netCDF-3", "sizeMB": 0.05}, "CPEX_SST_MUR_999_201707050000_201707060000.nc": {"start": "2017-07-05T09:00:00Z", "end": "2017-07-05T09:00:00Z", "north": "39.996", "south": "5.004", "east": "179.5", "west": "178.896", "format": "netCDF-3", "sizeMB": 0.05}, "CPEX_SST_MUR_999_201707070000_201707080000.nc": {"start": "2017-07-07T09:00:00Z", "end": "2017-07-07T09:00:00Z", "north": "39.996", "south": "5.004", "east": "179.5", "west": "178.896", "format": "netCDF-3", "sizeMB": 0.05}, "CPEX_SST_MUR_999_201707090000_201707100000.nc": {"start": "2017-07-09T09:00:00Z", "end": "2017-07-09T09:00:00Z", "north": "39.996", "south": "5.004", "east": "179.5", "west": "178.896", "format": "netCDF-3", "sizeMB": 0.05}, "CPEX_SST_MUR_999_201707080000_201707090000.nc": {"start": "2017-07-08T09:00:00Z", "end": "2017-07-08T09:00:00Z", "north": "39.996", "south": "5.004", "east": "179.5", "west": "178.896", "format": "netCDF-3", "sizeMB": 0.05}, "CPEX_SST_MUR_999_201707140000_201707150000.nc": {"start": "2017-07-14T09:00:00Z", "end": "2017-07-14T09:00:00Z", "north": "39.996", "south": "5.004", "east": "179.5", "west": "178.896", "format": "netCDF-3", "sizeMB": 0.05}, "CPEX_SST_MUR_999_201707130000_201707140000.nc": {"start": "2017-07-13T09:00:00Z", "end": "2017-07-13T09:00:00Z", "north": "39.996", "south": "5.004", "east": "179.5", "west": "178.896", "format": "netCDF-3", "sizeMB": 0.05}, "CPEX_SST_MUR_999_201707100000_201707110000.nc": {"start": "2017-07-10T09:00:00Z", "end": "2017-07-10T09:00:00Z", "north": "39.996", "south": "5.004", "east": "179.5", "west": "178.896", "format": "netCDF-3", "sizeMB": 0.05}, "CPEX_SST_MUR_999_201707120000_201707130000.nc": {"start": "2017-07-12T09:00:00Z", "end": "2017-07-12T09:00:00Z", "north": "39.996", "south": "5.004", "east": "179.5", "west": "178.896", "format": "netCDF-3", "sizeMB": 0.05}, "CPEX_SST_MUR_999_201707150000_201707160000.nc": {"start": "2017-07-15T09:00:00Z", "end": "2017-07-15T09:00:00Z", "north": "39.996", "south": "5.004", "east": "179.5", "west": "178.896", "format": "netCDF-3", "sizeMB": 0.05}, "CPEX_SST_MUR_999_201707110000_201707120000.nc": {"start": "2017-07-11T09:00:00Z", "end": "2017-07-11T09:00:00Z", "north": "39.996", "south": "5.004", "east": "179.5", "west": "178.896", "format": "netCDF-3", "sizeMB": 0.05}}