{"ALOFT_AMPR_L2_20230712_v1.nc": {"start": "2023-07-12T20:17:13Z", "end": "2023-07-13T02:13:50Z", "north": "30.401", "south": "25.663", "east": "-79.898", "west": "-83.607", "format": "netCDF-4", "sizeMB": 46.8}, "ALOFT_AMPR_L2_20230725_v1.nc": {"start": "2023-07-25T20:27:42Z", "end": "2023-07-26T06:36:38Z", "north": "27.925", "south": "16.706", "east": "-82.443", "west": "-95.487", "format": "netCDF-4", "sizeMB": 99.86}, "ALOFT_AMPR_L2_20230728_v1.nc": {"start": "2023-07-28T10:22:01Z", "end": "2023-07-28T20:57:03Z", "north": "27.998", "south": "12.309", "east": "-81.117", "west": "-86.76", "format": "netCDF-4", "sizeMB": 102.43}, "ALOFT_AMPR_L2_20230703_v1.nc": {"start": "2023-07-03T17:24:02Z", "end": "2023-07-04T03:22:50Z", "north": "28.103", "south": "18.484", "east": "-82.37", "west": "-91.83", "format": "netCDF-4", "sizeMB": 79.08}, "ALOFT_AMPR_L2_20230706_v1.nc": {"start": "2023-07-05T23:22:32Z", "end": "2023-07-06T10:14:25Z", "north": "27.951", "south": "18.293", "east": "-82.483", "west": "-95.904", "format": "netCDF-4", "sizeMB": 102.27}, "ALOFT_AMPR_L2_20230731_v1.nc": {"start": "2023-07-31T09:47:33Z", "end": "2023-07-31T17:51:46Z", "north": "36.334", "south": "27.258", "east": "-82.439", "west": "-118.861", "format": "netCDF-4", "sizeMB": 70.55}, "ALOFT_AMPR_L2_20230720_v1.nc": {"start": "2023-07-20T18:15:35Z", "end": "2023-07-21T00:51:08Z", "north": "28.017", "south": "25.533", "east": "-80.613", "west": "-84.118", "format": "netCDF-4", "sizeMB": 57.48}, "ALOFT_AMPR_L2_20230615_v1.nc": {"start": "2023-06-15T17:33:21Z", "end": "2023-06-15T21:00:22Z", "north": "36.166", "south": "32.129", "east": "-115.107", "west": "-119.209", "format": "netCDF-4", "sizeMB": 40.73}, "ALOFT_AMPR_L2_20230716_v1.nc": {"start": "2023-07-16T08:17:39Z", "end": "2023-07-16T19:09:17Z", "north": "27.951", "south": "10.416", "east": "-80.855", "west": "-86.553", "format": "netCDF-4", "sizeMB": 107.6}, "ALOFT_AMPR_L2_20230629_v1.nc": {"start": "2023-06-29T14:53:20Z", "end": "2023-06-29T20:48:50Z", "north": "36.301", "south": "27.665", "east": "-82.491", "west": "-118.316", "format": "netCDF-4", "sizeMB": 69.92}, "ALOFT_AMPR_L2_20230724_v1.nc": {"start": "2023-07-24T00:24:38Z", "end": "2023-07-24T10:59:19Z", "north": "27.922", "south": "18.298", "east": "-82.494", "west": "-95.829", "format": "netCDF-4", "sizeMB": 101.13}, "ALOFT_AMPR_L2_20230729_v1.nc": {"start": "2023-07-29T14:55:05Z", "end": "2023-07-29T22:47:22Z", "north": "29.508", "south": "26.171", "east": "-79.882", "west": "-83.84", "format": "netCDF-4", "sizeMB": 58.89}, "ALOFT_AMPR_L2_20230708_v1.nc": {"start": "2023-07-07T23:34:33Z", "end": "2023-07-08T09:52:12Z", "north": "27.861", "south": "12.16", "east": "-82.494", "west": "-90.496", "format": "netCDF-4", "sizeMB": 97.08}}