{
  "ascii": {
            "gpmodmlpvex": "ExtractGpmodmlpvexMetadata",
            "gpmjwlpvex": "ExtractGpmjwlpvexMetadata",
            "gpmparawifld": "ExtractGpmparawifldMetadata",
            "gpmpipicepop": "ExtractGpmpipicepopASCIIMetadata",
            "namdrop_raw": "ExtractNamdrop_rawMetadata",
            "gripstorm": "ExtractGripstormASCIIMetadata",
            "relampagolma": "ExtractLmarelampagoMetadata",
            "goesrpltavirisng": "ExtractGoesrpltavirisngMetadata",
            "gpmvanlpvex": "ExtractGpmvanlpvexMetadata",
            "gpmikalpvex": "ExtractGpmikalpvexMetadata",
            "gpmkorlpvex": "ExtractGpmkorlpvexMetadata",
            "gpmkerlpvex": "ExtractGpmkerlpvexMetadata",
            "gpmkumlpvex": "ExtractGpmkumlpvexMetadata",
            "gpm2dc3vp": "ExtractGpm2dc3vpMetadata",
            "gpmlipiphx": "ExtractGpmlipiphxASCIIMetadata",
            "misrepimpacts": "ExtractMisrepimpactsMetadata",
            "2dimpacts": "Extract2dimpactsMetadata",
            "apuimpacts": "ExtractApuimpactsMetadata",
            "sbumetimpacts": "ExtractSbumetimpactsASCIIMetadata",
            "sbuplimpacts": "ExtractSbuplimpactsMetadata",
            "er2navimpacts": "ExtractEr2navimpactsMetadata",
            "nalma": "ExtractNalmaMetadata",
            "nalmanrt": "ExtractNalmanrtMetadata",
            "nalmaraw": "ExtractNalmarawMetadata",
            "p3metnavimpacts": "ExtractP3metnavimpactsMetadata",
            "tammsimpacts": "ExtractTammsimpactsMetadata",
            "lipimpacts": "ExtractLipimpactsMetadata",
            "gpmsurmetc3vp": "ExtractGpmsurmetc3vpMetadata",
            "gpmarsifld": "ExtractGpmarsifldMetadata",
            "gpmvisecc3vp": "ExtractGpmvisecc3vpMetadata",
            "cmimpacts": "ExtractCmimpactsMetadata",
            "gpmxetc3vp": "ExtractGpmxetc3vpMetadata",
            "avapsimpacts": "ExtractAvapsimpactsMetadata",
            "wisperimpacts": "ExtractWisperimpactsMetadata",
            "fltrepepoch": "ExtractFltrepepochMetadata",
            "navghepoch": "ExtractNavghepochMetadata"
  },
  "avi": {
            "gpmpipicepop": "ExtractGpmpipicepopAVIMetadata"
  },
  "binary": {
            "aces1cont": "ExtractAces1ContMetadata",
            "aces1efm": "ExtractAces1EfmMetadata",
            "aces1log": "ExtractAces1LogMetadata",
            "aces1time": "ExtractAces1TimeMetadata",
            "globalir": "ExtractGlobalirMetadata"
  },
  "browse": {
            "er2edop": "ExtractEr2edopMetadata",
            "dc8lase": "ExtractDc8laseMetadata",
            "gpmsatpaifld": "ExtractGpmsatpaifldPNGMetadata",
            "gpmpipicepop": "ExtractGpmpipicepopPNGMetadata",
            "aces1am": "ExtractAces1amMetadata",
            "tcspecmwf": "ExtractTcspecmwfMetadata",
            "er2mir": "ExtractEr2mirMetadata",
            "dc8ammr": "ExtractDc8ammrMetadata",
            "goesrpltmisrep": "ExtractGoesrpltmisrepMetadata",
            "gpmlipiphx": "ExtractGpmlipiphxPNGMetadata",
            "phipsimpacts": "ExtractPhipsimpactsMetadata",
            "nymesoimpacts": "ExtractNymesoimpactsMetadata"
  },
  "browse_formats": {
            "er2edop": "GIF",
            "dc8lase": "GIF",
            "gpmsatpaifld": "PNG",
            "gpmpipicepop": "PNG",
            "aces1am": "MATLAB",
            "tcspecmwf": "GRIB",
            "er2mir": "GIF",
            "dc8ammr": "GIF",
            "goesrpltmisrep": "PNG",
            "gpmlipiphx": "PNG",
            "phipsimpacts": "PNG",
            "nymesoimpacts": "PNG"
        },
  "csv": {},
  "kml": {
            "gpmsatpaifld": "ExtractGpmsatpaifldMetadata",
            "gripstorm": "ExtractGripstormKMLMetadata"
  },
  "netcdf": {
            "goesrpltcrs": "ExtractGeosrpltcrsMetadata",
            "gpmwrflpvex": "ExtractLpvexwrfMetadata",
            "gpmseafluxicepop": "ExtractGpmseafluxicepopMetadata",
            "uiucsndimpacts": "ExtractUiucsndimpactsMetadata",
            "gpmvn": "ExtractGpmvnMetadata",
            "noaasndimpacts": "ExtractNoaasndimpactsMetadata",
            "kakqimpacts": "ExtractKakqimpactsMetadata",
            "kccximpacts": "ExtractKccximpactsMetadata",
            "kbgmimpacts": "ExtractKbgmimpactsMetadata",
            "kboximpacts": "ExtractKboximpactsMetadata",
            "kbufimpacts": "ExtractKbufimpactsMetadata",
            "sbusndimpacts": "ExtractSbusndimpactsMetadata",
            "nexeastimpacts": "ExtractNexeastimpactsMetadata",
            "nexmidwstimpacts": "ExtractNexmidwstimpactsMetadata",
            "ncsusndimpacts": "ExtractNcsusndimpactsMetadata",
            "goesimpacts": "ExtractGoesimpactsMetadata",
            "amsua15sp": "ExtractAMSUAMetadata",
            "npolimpacts": "ExtractNpolimpactsMetadata",
            "sbuceilimpacts": "ExtractSbuceilimpactsMetadata",
            "sbulidarimpacts": "ExtractSbulidarimpactsMetadata",
            "sbukasprimpacts": "ExtractSbukasprimpactsMetadata",
            "sbumrr2impacts": "ExtractSbumrr2impactsMetadata",
            "sbumetimpacts": "ExtractSbumetimpactsNetCDFMetadata",
            "rss1tpwnv7r01": "ExtractRssClimatologyMetadata",
            "rss1windnv7r01": "ExtractRssClimatologyMetadata",
            "sbuparsimpacts": "ExtractSbuparsimpactsMetadata",
            "cosmirimpacts": "ExtractCosmirimpactsMetadata",
            "cplimpacts": "ExtractCplimpactsMetadata",
            "parprbimpacts": "ExtractParprbimpactsMetadata",
            "isslis_v1_nrt": "ExtractIsslisv1Metadata",
            "isslis_v1_nqc": "ExtractIsslisv1Metadata",
            "isslisg_v1_nrt": "ExtractIsslisgv1Metadata",
            "isslisg_v1_nqc": "ExtractIsslisgv1Metadata",
            "seaflux": "ExtractSeafluxMetadata",
            "asosimpacts": "ExtractAsosimpactsMetadata",
            "wrfimpacts": "ExtractWrfimpactsMetadata",
            "hs3shis": "ExtractHs3shisMetadata",
            "hiwrapimpacts": "ExtractHiwrapimpactsMetadata",
            "gpmwacrc3vp": "ExtractGpmwacrc3vpMetadata",
            "crsimpacts": "ExtractCrsimpactsMetadata",
            "exradimpacts": "ExtractExradimpactsMetadata",
            "amprimpacts": "ExtractAmprimpactsMetadata",
            "kjklimpacts": "ExtractKjklimpactsMetadata",
            "klotimpacts": "ExtractKlotimpactsMetadata",
            "klwximpacts": "ExtractKlwximpactsMetadata",
            "kmhximpacts": "ExtractKmhximpactsMetadata",
            "kmkximpacts": "ExtractKmkximpactsMetadata",
            "isslisg_v1_fin": "ExtractIsslisgv1Metadata",
            "isslis_v1_fin": "ExtractIsslisv1Metadata",
            "kokximpacts": "ExtractNexradimpactsMetadata",
            "kpbzimpacts": "ExtractNexradimpactsMetadata",
            "kraximpacts": "ExtractNexradimpactsMetadata",
            "krlximpacts": "ExtractNexradimpactsMetadata",
            "ktyximpacts": "ExtractNexradimpactsMetadata",
            "kvwximpacts": "ExtractNexradimpactsMetadata",
            "kcleimpacts": "ExtractNexradimpactsMetadata",
            "kcxximpacts": "ExtractNexradimpactsMetadata",
            "kdiximpacts": "ExtractNexradimpactsMetadata",
            "kdoximpacts": "ExtractNexradimpactsMetadata",
            "kdtximpacts": "ExtractNexradimpactsMetadata",
            "kgyximpacts": "ExtractNexradimpactsMetadata",
            "kilnimpacts": "ExtractNexradimpactsMetadata",
            "kilximpacts": "ExtractNexradimpactsMetadata",
            "kindimpacts": "ExtractNexradimpactsMetadata",
            "kiwximpacts": "ExtractNexradimpactsMetadata",
            "kdvnimpacts": "ExtractNexradimpactsMetadata",
            "kenximpacts": "ExtractNexradimpactsMetadata",
            "kfcximpacts": "ExtractNexradimpactsMetadata",
            "kgrbimpacts": "ExtractNexradimpactsMetadata",
            "kgrrimpacts": "ExtractNexradimpactsMetadata",
            "lislip": "ExtractLislipMetadata",
            "lislipG": "ExtractLislipGMetadata",
            "msutls": "ExtractMsuMetadata",
            "msutlt": "ExtractMsuMetadata",
            "msutmt": "ExtractMsuMetadata",
            "msuttp": "ExtractMsuMetadata",
            "isslis_v2_nrt": "ExtractIsslisv1Metadata",
            "isslis_v2_nqc": "ExtractIsslisv1Metadata",
            "isslis_v2_fin": "ExtractIsslisv1Metadata",
            "isslisg_v2_nrt": "ExtractIsslisgv1Metadata",
            "isslisg_v2_nqc": "ExtractIsslisgv1Metadata",
            "isslisg_v2_fin": "ExtractIsslisgv1Metadata",
            "ualbparsimpacts": "ExtractUalbparsimpactsMetadata",
            "ualbmrr2impacts": "ExtractUalbmrr2impactsMetadata",
            "goesrglmgrid": "ExtractGoesrglmgridMetadata",
            "exradepoch": "ExtractExradepochMetadata",
            "gpmkarx2ifld": "ExtractGpmkarx2ifldMetadata",
            "gpmkdmx2ifld": "ExtractGpmkdmx2ifldMetadata",
            "gpmkdvn2ifld": "ExtractGpmkdvn2ifldMetadata",
            "gpmkmpx2ifld": "ExtractGpmkmpx2ifldMetadata",
            "pmhailclim": "ExtractPmhailclimMetadata",
            "hamsrepoch": "ExtractHamsrepochMetadata"
  }
}
