{"CAMEX2_EDOP_Forward_L1B_RevA_199508251418_199508251419.nc": {"start": "1995-08-25T14:18:24Z", "end": "1995-08-25T14:19:42Z", "north": "42.905", "south": "42.823", "east": "-71.566", "west": "-71.732", "format": "netCDF-4", "sizeMB": 0.46}, "CAMEX2_EDOP_Forward_L1B_RevA_199508262150_199508262152.nc": {"start": "1995-08-26T21:50:08Z", "end": "1995-08-26T21:52:37Z", "north": "33.897", "south": "33.777", "east": "-81.318", "west": "-81.634", "format": "netCDF-4", "sizeMB": 0.81}, "CAMEX2_EDOP_Forward_L1B_RevA_199508232029_199508232033.nc": {"start": "1995-08-23T20:29:12Z", "end": "1995-08-23T20:33:21Z", "north": "36.602", "south": "36.467", "east": "-74.868", "west": "-75.418", "format": "netCDF-4", "sizeMB": 1.02}, "CAMEX2_EDOP_Forward_L1B_RevA_199508251415_199508251417.nc": {"start": "1995-08-25T14:15:52Z", "end": "1995-08-25T14:17:52Z", "north": "42.907", "south": "42.765", "east": "-71.274", "west": "-71.481", "format": "netCDF-4", "sizeMB": 0.67}, "CAMEX2_EDOP_Forward_L1B_RevA_199508262145_199508262149.nc": {"start": "1995-08-26T21:45:58Z", "end": "1995-08-26T21:49:17Z", "north": "33.736", "south": "33.576", "east": "-80.792", "west": "-81.212", "format": "netCDF-4", "sizeMB": 1.21}, "CAMEX2_EDOP_Forward_L1B_RevA_199507171710_199507171713.nc": {"start": "1995-07-17T17:10:34Z", "end": "1995-07-17T17:13:57Z", "north": "40.008", "south": "39.928", "east": "-80.374", "west": "-80.858", "format": "netCDF-4", "sizeMB": 1.75}, "CAMEX2_EDOP_Forward_L1B_RevA_199508262122_199508262126.nc": {"start": "1995-08-26T21:22:38Z", "end": "1995-08-26T21:26:47Z", "north": "33.842", "south": "33.625", "east": "-77.91", "west": "-78.4", "format": "netCDF-4", "sizeMB": 1.04}, "CAMEX2_EDOP_Forward_L1B_RevA_199508251516_199508251519.nc": {"start": "1995-08-25T15:16:55Z", "end": "1995-08-25T15:19:24Z", "north": "38.836", "south": "38.555", "east": "-74.927", "west": "-75.03", "format": "netCDF-4", "sizeMB": 0.78}, "CAMEX2_EDOP_Forward_L1B_RevA_199508251425_199508251429.nc": {"start": "1995-08-25T14:25:38Z", "end": "1995-08-25T14:29:48Z", "north": "42.129", "south": "41.647", "east": "-71.776", "west": "-71.777", "format": "netCDF-4", "sizeMB": 1.25}, "CAMEX2_EDOP_Forward_L1B_RevA_199508262131_199508262135.nc": {"start": "1995-08-26T21:31:35Z", "end": "1995-08-26T21:35:57Z", "north": "33.365", "south": "33.149", "east": "-78.999", "west": "-79.535", "format": "netCDF-4", "sizeMB": 1.9}, "CAMEX2_EDOP_Forward_L1B_RevA_199508262219_199508262220.nc": {"start": "1995-08-26T22:19:53Z", "end": "1995-08-26T22:20:46Z", "north": "33.189", "south": "33.094", "east": "-84.519", "west": "-84.542", "format": "netCDF-4", "sizeMB": 0.39}, "CAMEX2_EDOP_Forward_L1B_RevA_199508262203_199508262203.nc": {"start": "1995-08-26T22:03:00Z", "end": "1995-08-26T22:03:54Z", "north": "34.5", "south": "34.482", "east": "-82.889", "west": "-83.008", "format": "netCDF-4", "sizeMB": 0.48}, "CAMEX2_EDOP_Forward_L1B_RevA_199508282301_199508282304.nc": {"start": "1995-08-28T23:01:16Z", "end": "1995-08-28T23:04:23Z", "north": "31.087", "south": "30.773", "east": "-78.057", "west": "-78.271", "format": "netCDF-4", "sizeMB": 1.15}, "CAMEX2_EDOP_Forward_L1B_RevA_199508282306_199508282309.nc": {"start": "1995-08-28T23:06:55Z", "end": "1995-08-28T23:09:55Z", "north": "31.007", "south": "30.675", "east": "-78.049", "west": "-78.121", "format": "netCDF-4", "sizeMB": 1.69}, "CAMEX2_EDOP_Forward_L1B_RevA_199508282200_199508282204.nc": {"start": "1995-08-28T22:00:27Z", "end": "1995-08-28T22:04:36Z", "north": "35.45", "south": "35.066", "east": "-73.904", "west": "-74.226", "format": "netCDF-4", "sizeMB": 1.16}, "CAMEX2_EDOP_Forward_L1B_RevA_199508262208_199508262219.nc": {"start": "1995-08-26T22:08:53Z", "end": "1995-08-26T22:19:17Z", "north": "34.11", "south": "33.239", "east": "-83.517", "west": "-84.466", "format": "netCDF-4", "sizeMB": 4.73}, "CAMEX2_EDOP_Forward_L1B_RevA_199508262155_199508262202.nc": {"start": "1995-08-26T21:55:58Z", "end": "1995-08-26T22:02:52Z", "north": "34.482", "south": "34.081", "east": "-82.039", "west": "-82.874", "format": "netCDF-4", "sizeMB": 3.35}, "CAMEX2_EDOP_Forward_L1B_RevA_199508262227_199508262237.nc": {"start": "1995-08-26T22:27:10Z", "end": "1995-08-26T22:37:59Z", "north": "34.275", "south": "33.28", "east": "-83.723", "west": "-84.506", "format": "netCDF-4", "sizeMB": 6.47}, "CAMEX2_EDOP_Forward_L1B_RevA_199508262247_199508262256.nc": {"start": "1995-08-26T22:47:09Z", "end": "1995-08-26T22:56:44Z", "north": "34.809", "south": "34.539", "east": "-81.656", "west": "-82.89", "format": "netCDF-4", "sizeMB": 4.11}, "CAMEX2_EDOP_Forward_L1B_RevA_199508282203_199508282213.nc": {"start": "1995-08-28T22:03:22Z", "end": "1995-08-28T22:13:08Z", "north": "35.181", "south": "34.263", "east": "-73.23", "west": "-74.0", "format": "netCDF-4", "sizeMB": 4.88}, "CAMEX2_EDOP_Forward_L1B_RevA_199508282321_199508282325.nc": {"start": "1995-08-28T23:21:44Z", "end": "1995-08-28T23:25:13Z", "north": "32.054", "south": "31.697", "east": "-76.662", "west": "-76.832", "format": "netCDF-4", "sizeMB": 1.51}, "CAMEX2_EDOP_Nadir_L1B_RevA_199507171710_199507171713.nc": {"start": "1995-07-17T17:10:34Z", "end": "1995-07-17T17:13:57Z", "north": "40.008", "south": "39.928", "east": "-80.374", "west": "-80.858", "format": "netCDF-4", "sizeMB": 1.84}, "CAMEX2_EDOP_Nadir_L1B_RevA_199508251418_199508251419.nc": {"start": "1995-08-25T14:18:24Z", "end": "1995-08-25T14:19:42Z", "north": "42.905", "south": "42.823", "east": "-71.566", "west": "-71.732", "format": "netCDF-4", "sizeMB": 0.51}, "CAMEX2_EDOP_Nadir_L1B_RevA_199508232029_199508232033.nc": {"start": "1995-08-23T20:29:12Z", "end": "1995-08-23T20:33:21Z", "north": "36.602", "south": "36.467", "east": "-74.868", "west": "-75.418", "format": "netCDF-4", "sizeMB": 1.12}, "CAMEX2_EDOP_Nadir_L1B_RevA_199508251516_199508251519.nc": {"start": "1995-08-25T15:16:55Z", "end": "1995-08-25T15:19:24Z", "north": "38.836", "south": "38.555", "east": "-74.927", "west": "-75.03", "format": "netCDF-4", "sizeMB": 0.87}, "CAMEX2_EDOP_Nadir_L1B_RevA_199508251415_199508251417.nc": {"start": "1995-08-25T14:15:52Z", "end": "1995-08-25T14:17:52Z", "north": "42.907", "south": "42.765", "east": "-71.274", "west": "-71.481", "format": "netCDF-4", "sizeMB": 0.74}, "CAMEX2_EDOP_Nadir_L1B_RevA_199508262122_199508262126.nc": {"start": "1995-08-26T21:22:38Z", "end": "1995-08-26T21:26:47Z", "north": "33.842", "south": "33.625", "east": "-77.91", "west": "-78.4", "format": "netCDF-4", "sizeMB": 1.14}, "CAMEX2_EDOP_Nadir_L1B_RevA_199508262131_199508262135.nc": {"start": "1995-08-26T21:31:35Z", "end": "1995-08-26T21:35:57Z", "north": "33.365", "south": "33.149", "east": "-78.999", "west": "-79.535", "format": "netCDF-4", "sizeMB": 1.94}, "CAMEX2_EDOP_Forward_L1B_RevA_199508282331_199508282335.nc": {"start": "1995-08-28T23:31:05Z", "end": "1995-08-28T23:35:27Z", "north": "32.109", "south": "31.612", "east": "-76.615", "west": "-76.743", "format": "netCDF-4", "sizeMB": 2.71}, "CAMEX2_EDOP_Forward_L1B_RevA_199508282340_199508282347.nc": {"start": "1995-08-28T23:40:52Z", "end": "1995-08-28T23:47:59Z", "north": "32.07", "south": "31.352", "east": "-76.47", "west": "-76.823", "format": "netCDF-4", "sizeMB": 3.65}, "CAMEX2_EDOP_Nadir_L1B_RevA_199508251425_199508251429.nc": {"start": "1995-08-25T14:25:38Z", "end": "1995-08-25T14:29:48Z", "north": "42.129", "south": "41.647", "east": "-71.776", "west": "-71.777", "format": "netCDF-4", "sizeMB": 1.43}, "CAMEX2_EDOP_Nadir_L1B_RevA_199508262145_199508262149.nc": {"start": "1995-08-26T21:45:58Z", "end": "1995-08-26T21:49:17Z", "north": "33.736", "south": "33.576", "east": "-80.792", "west": "-81.212", "format": "netCDF-4", "sizeMB": 1.32}, "CAMEX2_EDOP_Nadir_L1B_RevA_199508262150_199508262152.nc": {"start": "1995-08-26T21:50:08Z", "end": "1995-08-26T21:52:37Z", "north": "33.897", "south": "33.777", "east": "-81.318", "west": "-81.634", "format": "netCDF-4", "sizeMB": 0.9}, "CAMEX2_EDOP_Nadir_L1B_RevA_199508262219_199508262220.nc": {"start": "1995-08-26T22:19:53Z", "end": "1995-08-26T22:20:46Z", "north": "33.189", "south": "33.094", "east": "-84.519", "west": "-84.542", "format": "netCDF-4", "sizeMB": 0.44}, "CAMEX2_EDOP_Nadir_L1B_RevA_199508282200_199508282204.nc": {"start": "1995-08-28T22:00:27Z", "end": "1995-08-28T22:04:36Z", "north": "35.45", "south": "35.066", "east": "-73.904", "west": "-74.226", "format": "netCDF-4", "sizeMB": 1.18}, "CAMEX2_EDOP_Nadir_L1B_RevA_199508262203_199508262203.nc": {"start": "1995-08-26T22:03:00Z", "end": "1995-08-26T22:03:54Z", "north": "34.5", "south": "34.482", "east": "-82.889", "west": "-83.008", "format": "netCDF-4", "sizeMB": 0.52}, "CAMEX2_EDOP_Nadir_L1B_RevA_199508282301_199508282304.nc": {"start": "1995-08-28T23:01:16Z", "end": "1995-08-28T23:04:23Z", "north": "31.087", "south": "30.773", "east": "-78.057", "west": "-78.271", "format": "netCDF-4", "sizeMB": 1.15}, "CAMEX2_EDOP_Nadir_L1B_RevA_199508262155_199508262202.nc": {"start": "1995-08-26T21:55:58Z", "end": "1995-08-26T22:02:52Z", "north": "34.482", "south": "34.081", "east": "-82.039", "west": "-82.874", "format": "netCDF-4", "sizeMB": 3.45}, "CAMEX2_EDOP_Nadir_L1B_RevA_199508282203_199508282213.nc": {"start": "1995-08-28T22:03:22Z", "end": "1995-08-28T22:13:08Z", "north": "35.181", "south": "34.263", "east": "-73.23", "west": "-74.0", "format": "netCDF-4", "sizeMB": 5.03}, "CAMEX2_EDOP_Nadir_L1B_RevA_199508262247_199508262256.nc": {"start": "1995-08-26T22:47:09Z", "end": "1995-08-26T22:56:44Z", "north": "34.809", "south": "34.539", "east": "-81.656", "west": "-82.89", "format": "netCDF-4", "sizeMB": 4.42}, "CAMEX2_EDOP_Nadir_L1B_RevA_199508262227_199508262237.nc": {"start": "1995-08-26T22:27:10Z", "end": "1995-08-26T22:37:59Z", "north": "34.275", "south": "33.28", "east": "-83.723", "west": "-84.506", "format": "netCDF-4", "sizeMB": 6.61}, "CAMEX2_EDOP_Nadir_L1B_RevA_199508262208_199508262219.nc": {"start": "1995-08-26T22:08:53Z", "end": "1995-08-26T22:19:17Z", "north": "34.11", "south": "33.239", "east": "-83.517", "west": "-84.466", "format": "netCDF-4", "sizeMB": 4.93}, "CAMEX2_EDOP_Nadir_L1B_RevA_199508282306_199508282309.nc": {"start": "1995-08-28T23:06:55Z", "end": "1995-08-28T23:09:55Z", "north": "31.007", "south": "30.675", "east": "-78.049", "west": "-78.121", "format": "netCDF-4", "sizeMB": 1.9}, "CAMEX2_EDOP_Nadir_L1B_RevA_199508282321_199508282325.nc": {"start": "1995-08-28T23:21:44Z", "end": "1995-08-28T23:25:13Z", "north": "32.054", "south": "31.697", "east": "-76.662", "west": "-76.832", "format": "netCDF-4", "sizeMB": 1.77}, "CAMEX2_EDOP_Nadir_L1B_RevA_199508282331_199508282335.nc": {"start": "1995-08-28T23:31:05Z", "end": "1995-08-28T23:35:27Z", "north": "32.109", "south": "31.612", "east": "-76.615", "west": "-76.743", "format": "netCDF-4", "sizeMB": 2.49}, "CAMEX2_EDOP_Nadir_L1B_RevA_199508282340_199508282347.nc": {"start": "1995-08-28T23:40:52Z", "end": "1995-08-28T23:47:59Z", "north": "32.07", "south": "31.352", "east": "-76.47", "west": "-76.823", "format": "netCDF-4", "sizeMB": 3.9}}