{"GPM_UConn_AIO_Final_2223_D3R.csv": {"start": "2022-12-23T20:48:00Z", "end": "2023-02-27T17:40:00Z", "north": "41.828", "south": "41.808", "east": "-72.247", "west": "-72.267", "format": "CSV", "sizeMB": 7.45}, "GPM_UConn_AIO_Final_2223_GAIL.csv": {"start": "2022-12-23T21:51:00Z", "end": "2023-04-11T17:43:00Z", "north": "41.818", "south": "41.798", "east": "-72.284", "west": "-72.304", "format": "CSV", "sizeMB": 12.82}, "GPM_UConn_AIO_Final_2122.csv": {"start": "2021-12-07T15:20:00Z", "end": "2022-04-26T18:30:00Z", "north": "41.818", "south": "41.798", "east": "-72.284", "west": "-72.304", "format": "CSV", "sizeMB": 16.26}, "GPM_UConn_AIO_Final_2324_GROUND.csv": {"start": "2023-12-16T14:28:00Z", "end": "2024-05-17T12:20:00Z", "north": "41.818", "south": "41.798", "east": "-72.284", "west": "-72.304", "format": "CSV", "sizeMB": 17.58}, "GPM_UConn_AIO_Final_2324_ROOF.csv": {"start": "2023-12-16T14:33:00Z", "end": "2024-05-21T13:40:00Z", "north": "41.818", "south": "41.798", "east": "-72.284", "west": "-72.304", "format": "CSV", "sizeMB": 18.06}}