{"IMPACTS_DLH_H2O_20Hz_P3B_20230113_R0.ict": {"start": "2023-01-13T04:32:23Z", "end": "2023-01-13T11:02:41Z", "north": "46.78", "south": "37.902", "east": "-74.977", "west": "-75.527", "format": "ASCII", "sizeMB": 13.33}, "IMPACTS_DLH_H2O_20Hz_P3B_20230115_R0.ict": {"start": "2023-01-15T14:07:58Z", "end": "2023-01-15T20:39:37Z", "north": "39.964", "south": "36.336", "east": "-67.878", "west": "-75.654", "format": "ASCII", "sizeMB": 12.94}, "IMPACTS_DLH_H2O_20Hz_P3B_20230119_R0.ict": {"start": "2023-01-19T20:20:37Z", "end": "2023-01-20T04:28:16Z", "north": "46.422", "south": "37.91", "east": "-73.442", "west": "-78.196", "format": "ASCII", "sizeMB": 16.22}, "IMPACTS_DLH_H2O_20Hz_P3B_20230123_R0.ict": {"start": "2023-01-23T11:44:32Z", "end": "2023-01-23T19:47:04Z", "north": "45.017", "south": "37.914", "east": "-68.768", "west": "-75.519", "format": "ASCII", "sizeMB": 16.02}, "IMPACTS_DLH_H2O_20Hz_P3B_20230125_R0.ict": {"start": "2023-01-25T18:42:06Z", "end": "2023-01-26T00:33:56Z", "north": "44.096", "south": "37.942", "east": "-73.777", "west": "-76.48", "format": "ASCII", "sizeMB": 12.05}, "IMPACTS_DLH_H2O_20Hz_P3B_20230129_R0.ict": {"start": "2023-01-29T13:29:32Z", "end": "2023-01-29T18:04:06Z", "north": "45.642", "south": "37.927", "east": "-75.333", "west": "-77.367", "format": "ASCII", "sizeMB": 9.24}, "IMPACTS_DLH_H2O_20Hz_P3B_20230205_R0.ict": {"start": "2023-02-05T13:28:38Z", "end": "2023-02-05T20:10:05Z", "north": "48.237", "south": "37.907", "east": "-73.97", "west": "-76.204", "format": "ASCII", "sizeMB": 13.56}, "IMPACTS_DLH_H2O_20Hz_P3B_20230209_R0.ict": {"start": "2023-02-09T17:23:28Z", "end": "2023-02-10T00:38:55Z", "north": "46.352", "south": "37.61", "east": "-75.316", "west": "-86.635", "format": "ASCII", "sizeMB": 14.53}, "IMPACTS_DLH_H2O_20Hz_P3B_20230212_R0.ict": {"start": "2023-02-12T13:23:21Z", "end": "2023-02-12T20:12:33Z", "north": "39.338", "south": "35.753", "east": "-74.818", "west": "-76.452", "format": "ASCII", "sizeMB": 13.74}, "IMPACTS_DLH_H2O_20Hz_P3B_20230214_R0.ict": {"start": "2023-02-14T21:00:43Z", "end": "2023-02-15T05:52:41Z", "north": "48.032", "south": "37.604", "east": "-75.257", "west": "-95.243", "format": "ASCII", "sizeMB": 17.89}, "IMPACTS_DLH_H2O_20Hz_P3B_20230216_R0.ict": {"start": "2023-02-16T14:57:28Z", "end": "2023-02-16T23:08:10Z", "north": "43.734", "south": "37.537", "east": "-75.284", "west": "-90.533", "format": "ASCII", "sizeMB": 16.54}, "IMPACTS_DLH_H2O_20Hz_P3B_20230223_R0.ict": {"start": "2023-02-23T11:33:26Z", "end": "2023-02-23T19:19:55Z", "north": "47.035", "south": "37.535", "east": "-75.081", "west": "-87.832", "format": "ASCII", "sizeMB": 15.33}, "IMPACTS_DLH_H2O_20Hz_P3B_20230228_R1.ict": {"start": "2023-02-28T09:02:44Z", "end": "2023-02-28T15:35:38Z", "north": "42.806", "south": "37.909", "east": "-69.642", "west": "-75.52", "format": "ASCII", "sizeMB": 13.18}, "IMPACTS_DLH_H2O_P3B_20230113_R0.ict": {"start": "2023-01-13T04:32:23Z", "end": "2023-01-13T11:02:40Z", "north": "46.78", "south": "37.902", "east": "-74.977", "west": "-75.527", "format": "ASCII", "sizeMB": 0.6}, "IMPACTS_DLH_H2O_P3B_20230115_R0.ict": {"start": "2023-01-15T14:07:58Z", "end": "2023-01-15T20:39:37Z", "north": "39.964", "south": "36.336", "east": "-67.878", "west": "-75.654", "format": "ASCII", "sizeMB": 0.58}, "IMPACTS_DLH_H2O_P3B_20230119_R0.ict": {"start": "2023-01-19T20:20:37Z", "end": "2023-01-20T04:28:16Z", "north": "46.422", "south": "37.91", "east": "-73.442", "west": "-78.196", "format": "ASCII", "sizeMB": 0.72}, "IMPACTS_DLH_H2O_P3B_20230123_R0.ict": {"start": "2023-01-23T11:44:32Z", "end": "2023-01-23T19:47:04Z", "north": "45.017", "south": "37.914", "east": "-68.768", "west": "-75.519", "format": "ASCII", "sizeMB": 0.71}, "IMPACTS_DLH_H2O_P3B_20230125_R0.ict": {"start": "2023-01-25T18:42:06Z", "end": "2023-01-26T00:33:56Z", "north": "44.096", "south": "37.942", "east": "-73.777", "west": "-76.48", "format": "ASCII", "sizeMB": 0.54}, "IMPACTS_DLH_H2O_P3B_20230129_R0.ict": {"start": "2023-01-29T13:29:32Z", "end": "2023-01-29T18:04:06Z", "north": "45.642", "south": "37.927", "east": "-75.333", "west": "-77.367", "format": "ASCII", "sizeMB": 0.41}, "IMPACTS_DLH_H2O_P3B_20230205_R0.ict": {"start": "2023-02-05T13:28:38Z", "end": "2023-02-05T20:10:05Z", "north": "48.237", "south": "37.907", "east": "-73.97", "west": "-76.204", "format": "ASCII", "sizeMB": 0.61}, "IMPACTS_DLH_H2O_P3B_20230209_R0.ict": {"start": "2023-02-09T17:23:28Z", "end": "2023-02-10T00:38:55Z", "north": "46.352", "south": "37.61", "east": "-75.316", "west": "-86.635", "format": "ASCII", "sizeMB": 0.65}, "IMPACTS_DLH_H2O_P3B_20230212_R0.ict": {"start": "2023-02-12T13:23:21Z", "end": "2023-02-12T20:12:33Z", "north": "39.338", "south": "35.753", "east": "-74.818", "west": "-76.452", "format": "ASCII", "sizeMB": 0.61}, "IMPACTS_DLH_H2O_P3B_20230214_R0.ict": {"start": "2023-02-14T21:00:43Z", "end": "2023-02-15T05:52:41Z", "north": "48.032", "south": "37.604", "east": "-75.257", "west": "-95.243", "format": "ASCII", "sizeMB": 0.8}, "IMPACTS_DLH_H2O_P3B_20230216_R0.ict": {"start": "2023-02-16T14:57:28Z", "end": "2023-02-16T23:08:10Z", "north": "43.734", "south": "37.537", "east": "-75.284", "west": "-90.533", "format": "ASCII", "sizeMB": 0.74}, "IMPACTS_DLH_H2O_P3B_20230223_R0.ict": {"start": "2023-02-23T11:33:26Z", "end": "2023-02-23T19:19:55Z", "north": "47.035", "south": "37.535", "east": "-75.081", "west": "-87.832", "format": "ASCII", "sizeMB": 0.68}, "IMPACTS_DLH_H2O_P3B_20230228_R1.ict": {"start": "2023-02-28T09:02:44Z", "end": "2023-02-28T15:35:38Z", "north": "42.806", "south": "37.909", "east": "-69.642", "west": "-75.52", "format": "ASCII", "sizeMB": 0.59}}