{"whymsie_apex_AWP_G3_20241112_R0_F1.nc": {"start": "2024-11-12T19:06:10Z", "end": "2024-11-13T00:32:47Z", "north": "38.2", "south": "35.864", "east": "-120.658", "west": "-131.046", "format": "netCDF-4", "sizeMB": 29.4}, "whymsie_apex_AWP_G3_20241115_R0_F1.nc": {"start": "2024-11-15T16:34:54Z", "end": "2024-11-15T20:38:45Z", "north": "41.167", "south": "37.305", "east": "-77.017", "west": "-121.951", "format": "netCDF-4", "sizeMB": 7.96}, "whymsie_noaa_3dwinddemo_AWP_G3_20241003_R0_F1.nc": {"start": "2024-10-03T13:32:24Z", "end": "2024-10-03T17:18:51Z", "north": "52.654", "south": "37.267", "east": "-67.036", "west": "-76.807", "format": "netCDF-4", "sizeMB": 18.4}, "whymsie_apex_AWP_G3_20241031_R0_F1.nc": {"start": "2024-10-31T16:38:53Z", "end": "2024-10-31T19:01:23Z", "north": "36.293", "south": "32.984", "east": "-109.203", "west": "-120.48", "format": "netCDF-4", "sizeMB": 11.82}, "whymsie_apex_AWP_G3_20241108_R0_F1.nc": {"start": "2024-11-08T18:36:43Z", "end": "2024-11-08T23:43:59Z", "north": "37.695", "south": "34.48", "east": "-120.573", "west": "-123.937", "format": "netCDF-4", "sizeMB": 32.08}, "whymsie_noaa_3dwinddemo_AWP_G3_20240920_R0_F1.nc": {"start": "2024-09-20T13:11:39Z", "end": "2024-09-20T18:06:29Z", "north": "37.223", "south": "30.423", "east": "-72.512", "west": "-92.132", "format": "netCDF-4", "sizeMB": 22.04}, "whymsie_apex_AWP_G3_20241031_R0_F2.nc": {"start": "2024-10-31T00:00:02Z", "end": "2024-10-31T23:59:57Z", "north": "36.299", "south": "32.873", "east": "-109.401", "west": "-119.759", "format": "netCDF-4", "sizeMB": 20.16}, "whymsie_noaa_3dwinddemo_AWP_G3_20240924_R0_F1.nc": {"start": "2024-09-24T15:24:09Z", "end": "2024-09-24T20:21:06Z", "north": "42.426", "south": "37.072", "east": "-77.228", "west": "-98.541", "format": "netCDF-4", "sizeMB": 20.85}, "whymsie_noaa_3dwinddemo_AWP_G3_20240926_R0_F1.nc": {"start": "2024-09-26T12:00:08Z", "end": "2024-09-26T16:32:03Z", "north": "37.964", "south": "24.369", "east": "-76.732", "west": "-89.948", "format": "netCDF-4", "sizeMB": 18.69}, "whymsie_apex_AWP_G3_20241109_R0_F1.nc": {"start": "2024-11-09T15:53:39Z", "end": "2024-11-09T21:27:27Z", "north": "38.569", "south": "36.114", "east": "-118.646", "west": "-126.973", "format": "netCDF-4", "sizeMB": 51.41}, "whymsie_noaa_3dwinddemo_AWP_G3_20241008_R0_F1.nc": {"start": "2024-10-08T15:24:59Z", "end": "2024-10-08T20:27:11Z", "north": "42.393", "south": "36.152", "east": "-69.133", "west": "-78.117", "format": "netCDF-4", "sizeMB": 28.74}, "whymsie_noaa_3dwinddemo_AWP_G3_20241015_R0_F1.nc": {"start": "2024-10-15T16:30:09Z", "end": "2024-10-15T21:33:43Z", "north": "43.151", "south": "36.141", "east": "-66.987", "west": "-88.28", "format": "netCDF-4", "sizeMB": 22.94}, "whymsie_apex_AWP_G3_20241107_R0_F1.nc": {"start": "2024-11-07T18:26:51Z", "end": "2024-11-07T23:39:34Z", "north": "37.451", "south": "30.424", "east": "-117.878", "west": "-125.721", "format": "netCDF-4", "sizeMB": 30.93}, "whymsie_apex_AWP_G3_20241114_R0_F1.nc": {"start": "2024-11-14T15:36:29Z", "end": "2024-11-14T21:00:15Z", "north": "40.03", "south": "35.55", "east": "-121.035", "west": "-127.12", "format": "netCDF-4", "sizeMB": 37.23}, "whymsie_apex_AWP_G3_20241030_R0_F1.nc": {"start": "2024-10-30T19:18:27Z", "end": "2024-10-30T23:45:55Z", "north": "34.938", "south": "23.318", "east": "-117.802", "west": "-122.609", "format": "netCDF-4", "sizeMB": 17.97}, "whymsie_apex_AWP_G3_20241027_R0_F1.nc": {"start": "2024-10-27T15:11:12Z", "end": "2024-10-27T20:31:40Z", "north": "37.96", "south": "34.37", "east": "-76.407", "west": "-119.546", "format": "netCDF-4", "sizeMB": 24.28}, "whymsie_noaa_3dwinddemo_AWP_G3_20240926_R0_F2.nc": {"start": "2024-09-26T18:18:10Z", "end": "2024-09-26T21:24:32Z", "north": "36.203", "south": "24.605", "east": "-76.945", "west": "-89.247", "format": "netCDF-4", "sizeMB": 13.19}, "whymsie_noaa_3dwinddemo_AWP_G3_20241001_R0_F1.nc": {"start": "2024-10-01T13:32:53Z", "end": "2024-10-01T17:43:18Z", "north": "37.136", "south": "25.006", "east": "-69.13", "west": "-76.41", "format": "netCDF-4", "sizeMB": 20.44}, "whymsie_noaa_3dwinddemo_AWP_G3_20241016_R0_F1.nc": {"start": "2024-10-16T13:37:17Z", "end": "2024-10-16T18:35:09Z", "north": "42.519", "south": "30.385", "east": "-76.764", "west": "-93.159", "format": "netCDF-4", "sizeMB": 22.58}, "whymsie_apex_AWP_G3_20241113_R0_F1.nc": {"start": "2024-11-13T18:57:11Z", "end": "2024-11-14T00:17:44Z", "north": "41.279", "south": "30.882", "east": "-119.324", "west": "-129.995", "format": "netCDF-4", "sizeMB": 20.27}, "whymsie_apex_AWP_G3_20241104_R0_F1.nc": {"start": "2024-11-04T17:20:48Z", "end": "2024-11-04T21:57:43Z", "north": "39.107", "south": "31.268", "east": "-114.897", "west": "-126.373", "format": "netCDF-4", "sizeMB": 20.81}}