{"aloft_cossir_20230615_along_track_v2.nc": {"start": "2023-06-15T18:14:59Z", "end": "2023-06-15T19:38:34Z", "north": "34.967", "south": "32.394", "east": "-115.361", "west": "-118.82", "format": "netCDF-4", "sizeMB": 7.31}, "aloft_cossir_20230712_along_track_v2.nc": {"start": "2023-07-12T23:29:15Z", "end": "2023-07-13T01:12:16Z", "north": "30.146", "south": "26.208", "east": "-80.243", "west": "-82.487", "format": "netCDF-4", "sizeMB": 8.97}, "aloft_cossir_20230615_forward_conical_v2.nc": {"start": "2023-06-15T18:15:03Z", "end": "2023-06-15T19:38:39Z", "north": "35.101", "south": "31.992", "east": "-115.012", "west": "-119.334", "format": "netCDF-4", "sizeMB": 17.97}, "aloft_cossir_20230629_along_track_v2.nc": {"start": "2023-06-29T15:37:24Z", "end": "2023-06-29T19:45:17Z", "north": "35.799", "south": "28.848", "east": "-85.464", "west": "-116.023", "format": "netCDF-4", "sizeMB": 21.39}, "aloft_cossir_20230712_forward_conical_v2.nc": {"start": "2023-07-12T23:29:09Z", "end": "2023-07-13T01:12:12Z", "north": "30.495", "south": "25.693", "east": "-79.829", "west": "-82.916", "format": "netCDF-4", "sizeMB": 22.11}, "aloft_cossir_20230703_along_track_v2.nc": {"start": "2023-07-03T22:00:15Z", "end": "2023-07-04T02:20:37Z", "north": "27.139", "south": "18.75", "east": "-85.068", "west": "-91.545", "format": "netCDF-4", "sizeMB": 22.46}, "aloft_cossir_20230720_along_track_v2.nc": {"start": "2023-07-20T21:37:44Z", "end": "2023-07-20T23:52:31Z", "north": "27.613", "south": "25.776", "east": "-80.874", "west": "-82.562", "format": "netCDF-4", "sizeMB": 11.7}, "aloft_cossir_20230706_along_track_v2.nc": {"start": "2023-07-06T02:42:18Z", "end": "2023-07-06T09:09:06Z", "north": "26.957", "south": "18.545", "east": "-85.618", "west": "-95.57", "format": "netCDF-4", "sizeMB": 33.31}, "aloft_cossir_20230716_along_track_v2.nc": {"start": "2023-07-16T11:24:10Z", "end": "2023-07-16T18:22:45Z", "north": "27.087", "south": "10.678", "east": "-81.198", "west": "-86.272", "format": "netCDF-4", "sizeMB": 36.03}, "aloft_cossir_20230720_forward_conical_v2.nc": {"start": "2023-07-20T21:37:39Z", "end": "2023-07-20T23:52:28Z", "north": "28.056", "south": "25.446", "east": "-80.519", "west": "-83.04", "format": "netCDF-4", "sizeMB": 28.88}, "aloft_cossir_20230629_forward_conical_v2.nc": {"start": "2023-06-29T15:37:27Z", "end": "2023-06-29T19:45:13Z", "north": "35.925", "south": "28.711", "east": "-85.442", "west": "-115.701", "format": "netCDF-4", "sizeMB": 52.94}, "aloft_cossir_20230724_along_track_v2.nc": {"start": "2023-07-24T03:57:44Z", "end": "2023-07-24T09:57:32Z", "north": "26.559", "south": "18.511", "east": "-85.005", "west": "-95.569", "format": "netCDF-4", "sizeMB": 30.99}, "aloft_cossir_20230703_forward_conical_v2.nc": {"start": "2023-07-03T22:00:10Z", "end": "2023-07-04T02:20:33Z", "north": "27.186", "south": "18.414", "east": "-84.978", "west": "-91.923", "format": "netCDF-4", "sizeMB": 55.63}, "aloft_cossir_20230725_along_track_v2.nc": {"start": "2023-07-25T23:35:29Z", "end": "2023-07-26T05:42:51Z", "north": "27.088", "south": "16.93", "east": "-84.587", "west": "-95.185", "format": "netCDF-4", "sizeMB": 31.64}, "aloft_cossir_20230729_along_track_v2.nc": {"start": "2023-07-29T19:09:55Z", "end": "2023-07-29T21:46:58Z", "north": "29.23", "south": "26.894", "east": "-80.18", "west": "-82.207", "format": "netCDF-4", "sizeMB": 13.61}, "aloft_cossir_20230728_along_track_v2.nc": {"start": "2023-07-28T13:39:29Z", "end": "2023-07-28T19:57:32Z", "north": "26.089", "south": "12.544", "east": "-81.359", "west": "-86.333", "format": "netCDF-4", "sizeMB": 32.55}, "aloft_cossir_20230706_forward_conical_v2.nc": {"start": "2023-07-06T02:42:12Z", "end": "2023-07-06T09:09:03Z", "north": "27.099", "south": "18.209", "east": "-85.589", "west": "-95.966", "format": "netCDF-4", "sizeMB": 82.58}, "aloft_cossir_20230729_forward_conical_v2.nc": {"start": "2023-07-29T19:09:59Z", "end": "2023-07-29T21:47:03Z", "north": "29.6", "south": "26.851", "east": "-79.761", "west": "-82.23", "format": "netCDF-4", "sizeMB": 33.62}, "aloft_cossir_20230716_forward_conical_v2.nc": {"start": "2023-07-16T11:24:14Z", "end": "2023-07-16T18:22:50Z", "north": "27.204", "south": "10.321", "east": "-80.719", "west": "-86.608", "format": "netCDF-4", "sizeMB": 89.35}, "aloft_cossir_20230724_forward_conical_v2.nc": {"start": "2023-07-24T03:57:39Z", "end": "2023-07-24T09:57:37Z", "north": "26.65", "south": "18.216", "east": "-84.934", "west": "-95.924", "format": "netCDF-4", "sizeMB": 76.85}, "aloft_cossir_20230725_forward_conical_v2.nc": {"start": "2023-07-25T23:35:33Z", "end": "2023-07-26T05:42:48Z", "north": "27.4", "south": "16.634", "east": "-84.239", "west": "-95.58", "format": "netCDF-4", "sizeMB": 78.4}, "aloft_cossir_20230728_forward_conical_v2.nc": {"start": "2023-07-28T13:39:32Z", "end": "2023-07-28T19:57:37Z", "north": "26.149", "south": "12.228", "east": "-81.03", "west": "-86.642", "format": "netCDF-4", "sizeMB": 80.71}}