{"IMPACTS_sounding_20200118_1813_SBU_Mobile.nc": {"start": "2020-01-18T18:13:23Z", "end": "2020-01-18T18:53:49Z", "north": "41.002", "south": "40.885", "east": "-72.047", "west": "-73.03", "format": "netCDF-3", "sizeMB": 0.2}, "IMPACTS_sounding_20200118_2359_SBU_Mobile.nc": {"start": "2020-01-18T00:00:00Z", "end": "2020-01-18T23:59:59Z", "north": "41.086", "south": "40.965", "east": "-72.836", "west": "-73.03", "format": "netCDF-3", "sizeMB": 0.07}, "IMPACTS_sounding_20200207_1743_SBU_Mobile.nc": {"start": "2020-02-07T17:43:13Z", "end": "2020-02-07T18:12:13Z", "north": "41.684", "south": "40.897", "east": "-72.265", "west": "-73.127", "format": "netCDF-3", "sizeMB": 0.14}, "IMPACTS_sounding_20200119_0041_SBU_Mobile.nc": {"start": "2020-01-19T00:41:58Z", "end": "2020-01-19T01:56:47Z", "north": "41.529", "south": "40.965", "east": "-70.869", "west": "-73.03", "format": "netCDF-3", "sizeMB": 0.36}, "IMPACTS_sounding_20200118_2146_SBU_Mobile.nc": {"start": "2020-01-18T21:46:20Z", "end": "2020-01-18T22:28:57Z", "north": "41.074", "south": "40.965", "east": "-71.933", "west": "-73.031", "format": "netCDF-3", "sizeMB": 0.21}, "IMPACTS_sounding_20200213_0558_SBU_Mobile.nc": {"start": "2020-02-13T05:58:28Z", "end": "2020-02-13T06:27:06Z", "north": "41.134", "south": "40.931", "east": "-72.241", "west": "-73.03", "format": "netCDF-3", "sizeMB": 0.14}, "IMPACTS_sounding_20200213_0216_SBU_Mobile.nc": {"start": "2020-02-13T02:16:56Z", "end": "2020-02-13T02:51:57Z", "north": "41.05", "south": "40.965", "east": "-71.895", "west": "-73.03", "format": "netCDF-3", "sizeMB": 0.17}, "IMPACTS_sounding_20200213_0503_SBU_Mobile.nc": {"start": "2020-02-13T05:03:06Z", "end": "2020-02-13T05:23:07Z", "north": "41.131", "south": "40.965", "east": "-72.779", "west": "-73.03", "format": "netCDF-3", "sizeMB": 0.1}, "IMPACTS_sounding_20200207_1407_SBU_Mobile.nc": {"start": "2020-02-07T14:07:37Z", "end": "2020-02-07T14:29:03Z", "north": "41.325", "south": "40.897", "east": "-72.687", "west": "-73.13", "format": "netCDF-3", "sizeMB": 0.11}, "IMPACTS_sounding_20200213_0811_SBU_Mobile.nc": {"start": "2020-02-13T08:11:20Z", "end": "2020-02-13T08:39:48Z", "north": "41.189", "south": "40.96", "east": "-72.193", "west": "-73.034", "format": "netCDF-3", "sizeMB": 0.14}, "IMPACTS_sounding_20200118_1953_SBU_Mobile.nc": {"start": "2020-01-18T19:53:23Z", "end": "2020-01-18T20:34:23Z", "north": "41.034", "south": "40.965", "east": "-72.004", "west": "-73.032", "format": "netCDF-3", "sizeMB": 0.2}, "IMPACTS_sounding_20200125_1752_SBU_Mobile.nc": {"start": "2020-01-25T17:52:59Z", "end": "2020-01-25T18:41:40Z", "north": "41.487", "south": "40.897", "east": "-72.838", "west": "-73.203", "format": "netCDF-3", "sizeMB": 0.24}, "IMPACTS_sounding_20200224_2248_SBU_Mobile.nc": {"start": "2020-02-24T00:00:00Z", "end": "2020-02-24T23:59:59Z", "north": "41.008", "south": "40.897", "east": "-71.737", "west": "-73.127", "format": "netCDF-3", "sizeMB": 0.45}, "IMPACTS_sounding_20220107_131258_SBU_Mobile.nc": {"start": "2022-01-07T13:12:58Z", "end": "2022-01-07T13:24:08Z", "north": "40.898", "south": "40.861", "east": "-73.064", "west": "-73.126", "format": "netCDF-3", "sizeMB": 0.06}, "IMPACTS_sounding_20200227_0816_SBU_Mobile.nc": {"start": "2020-02-27T08:16:37Z", "end": "2020-02-27T08:44:57Z", "north": "41.375", "south": "40.727", "east": "-72.824", "west": "-73.146", "format": "netCDF-3", "sizeMB": 0.14}, "IMPACTS_sounding_20200227_0504_SBU_Mobile.nc": {"start": "2020-02-27T05:04:42Z", "end": "2020-02-27T05:31:46Z", "north": "41.327", "south": "40.484", "east": "-72.389", "west": "-73.16", "format": "netCDF-3", "sizeMB": 0.13}, "IMPACTS_sounding_20200225_0146_SBU_Mobile.nc": {"start": "2020-02-25T01:46:03Z", "end": "2020-02-25T02:20:46Z", "north": "40.977", "south": "40.897", "east": "-72.618", "west": "-73.127", "format": "netCDF-3", "sizeMB": 0.17}, "IMPACTS_sounding_20220107_094323_SBU_Mobile.nc": {"start": "2022-01-07T09:43:23Z", "end": "2022-01-07T10:13:57Z", "north": "41.3", "south": "40.862", "east": "-72.711", "west": "-73.145", "format": "netCDF-3", "sizeMB": 0.15}, "IMPACTS_sounding_20220117_033750_SBU_Mobile.nc": {"start": "2022-01-17T03:37:50Z", "end": "2022-01-17T04:04:47Z", "north": "42.593", "south": "42.179", "east": "-76.817", "west": "-76.937", "format": "netCDF-3", "sizeMB": 0.13}, "IMPACTS_sounding_20200225_1544_SBU_Mobile.nc": {"start": "2020-02-25T15:44:13Z", "end": "2020-02-25T16:20:36Z", "north": "41.097", "south": "40.897", "east": "-72.43", "west": "-73.127", "format": "netCDF-3", "sizeMB": 0.18}, "IMPACTS_sounding_20220117_054634_SBU_Mobile.nc": {"start": "2022-01-17T05:46:34Z", "end": "2022-01-17T06:15:47Z", "north": "42.635", "south": "42.17", "east": "-76.879", "west": "-76.981", "format": "netCDF-3", "sizeMB": 0.14}, "IMPACTS_sounding_20220107_151019_SBU_Mobile.nc": {"start": "2022-01-07T15:10:19Z", "end": "2022-01-07T15:49:09Z", "north": "41.126", "south": "40.864", "east": "-72.387", "west": "-73.125", "format": "netCDF-3", "sizeMB": 0.19}, "IMPACTS_sounding_20220129_023055_SBU_Mobile.nc": {"start": "2022-01-29T02:30:55Z", "end": "2022-01-29T02:58:07Z", "north": "41.113", "south": "40.726", "east": "-72.498", "west": "-72.872", "format": "netCDF-3", "sizeMB": 0.13}, "IMPACTS_sounding_20220129_035625_SBU_Mobile.nc": {"start": "2022-01-29T03:56:25Z", "end": "2022-01-29T04:27:30Z", "north": "41.204", "south": "40.721", "east": "-72.449", "west": "-72.879", "format": "netCDF-3", "sizeMB": 0.15}, "IMPACTS_sounding_20221216_123758_SBU_Mobile.nc": {"start": "2022-12-16T12:37:57Z", "end": "2022-12-16T13:25:17Z", "north": "42.171", "south": "40.894", "east": "-72.867", "west": "-76.88", "format": "netCDF-3", "sizeMB": 0.23}, "IMPACTS_sounding_20221212_021712_SBU_Mobile.nc": {"start": "2022-12-12T02:17:12Z", "end": "2022-12-12T02:18:24Z", "north": "42.171", "south": "40.896", "east": "-73.128", "west": "-76.88", "format": "netCDF-3", "sizeMB": 0.01}, "IMPACTS_sounding_20220225_083107_SBU_Mobile.nc": {"start": "2022-02-25T08:31:07Z", "end": "2022-02-25T09:08:30Z", "north": "43.424", "south": "42.171", "east": "-72.373", "west": "-76.88", "format": "netCDF-3", "sizeMB": 0.18}, "IMPACTS_sounding_20220225_150316_SBU_Mobile.nc": {"start": "2022-02-25T15:03:16Z", "end": "2022-02-25T15:38:16Z", "north": "43.681", "south": "42.171", "east": "-72.455", "west": "-76.88", "format": "netCDF-3", "sizeMB": 0.17}, "IMPACTS_sounding_20230123_142130_SBU_Mobile.nc": {"start": "2023-01-23T14:21:30Z", "end": "2023-01-23T15:02:46Z", "north": "41.427", "south": "40.889", "east": "-72.187", "west": "-73.132", "format": "netCDF-3", "sizeMB": 0.2}, "IMPACTS_sounding_20220225_061730_SBU_Mobile.nc": {"start": "2022-02-25T06:17:30Z", "end": "2022-02-25T06:48:37Z", "north": "43.35", "south": "43.1", "east": "-72.657", "west": "-73.565", "format": "netCDF-3", "sizeMB": 0.15}, "IMPACTS_sounding_20230115_150027_SBU_Mobile.nc": {"start": "2023-01-15T15:00:26Z", "end": "2023-01-15T15:37:46Z", "north": "42.171", "south": "40.725", "east": "-73.126", "west": "-76.88", "format": "netCDF-3", "sizeMB": 0.18}, "IMPACTS_sounding_20230112_222825_SBU_Mobile.nc": {"start": "2023-01-12T22:28:25Z", "end": "2023-01-12T22:59:39Z", "north": "41.072", "south": "40.897", "east": "-72.595", "west": "-73.134", "format": "netCDF-3", "sizeMB": 0.15}, "IMPACTS_sounding_20230115_174244_SBU_Mobile.nc": {"start": "2023-01-15T17:42:44Z", "end": "2023-01-15T18:15:59Z", "north": "40.897", "south": "40.71", "east": "-73.124", "west": "-73.209", "format": "netCDF-3", "sizeMB": 0.16}, "IMPACTS_sounding_20230119_171411_SBU_Mobile.nc": {"start": "2023-01-19T17:14:11Z", "end": "2023-01-19T17:54:30Z", "north": "40.974", "south": "40.897", "east": "-72.353", "west": "-73.128", "format": "netCDF-3", "sizeMB": 0.2}, "IMPACTS_sounding_20230125_145719_SBU_Mobile.nc": {"start": "2023-01-25T14:57:19Z", "end": "2023-01-25T15:36:37Z", "north": "43.378", "south": "43.244", "east": "-72.603", "west": "-73.566", "format": "netCDF-3", "sizeMB": 0.19}, "IMPACTS_sounding_20230123_170502_SBU_Mobile.nc": {"start": "2023-01-23T17:05:02Z", "end": "2023-01-23T17:52:07Z", "north": "41.35", "south": "40.882", "east": "-72.136", "west": "-73.128", "format": "netCDF-3", "sizeMB": 0.23}, "IMPACTS_sounding_20230125_170920_SBU_Mobile.nc": {"start": "2023-01-25T17:09:20Z", "end": "2023-01-25T18:04:36Z", "north": "43.469", "south": "43.245", "east": "-72.328", "west": "-73.562", "format": "netCDF-3", "sizeMB": 0.27}, "IMPACTS_sounding_20230125_232527_SBU_Mobile.nc": {"start": "2023-01-25T00:00:00Z", "end": "2023-01-25T23:59:59Z", "north": "43.785", "south": "43.244", "east": "-72.53", "west": "-73.575", "format": "netCDF-3", "sizeMB": 0.18}, "IMPACTS_sounding_20230125_201107_SBU_Mobile.nc": {"start": "2023-01-25T20:11:07Z", "end": "2023-01-25T20:56:15Z", "north": "43.584", "south": "42.171", "east": "-72.471", "west": "-76.88", "format": "netCDF-3", "sizeMB": 0.22}, "IMPACTS_sounding_20230125_213059_SBU_Mobile.nc": {"start": "2023-01-25T21:30:59Z", "end": "2023-01-25T22:20:04Z", "north": "43.659", "south": "42.171", "east": "-72.464", "west": "-76.88", "format": "netCDF-3", "sizeMB": 0.24}, "IMPACTS_sounding_20230228_081314_SBU_Mobile.nc": {"start": "2023-02-28T08:13:14Z", "end": "2023-02-28T08:50:20Z", "north": "41.192", "south": "41.06", "east": "-71.512", "west": "-71.934", "format": "netCDF-3", "sizeMB": 0.18}, "IMPACTS_sounding_20230228_111712_SBU_Mobile.nc": {"start": "2023-02-28T11:17:12Z", "end": "2023-02-28T12:28:26Z", "north": "41.111", "south": "40.801", "east": "-70.972", "west": "-71.945", "format": "netCDF-3", "sizeMB": 0.34}, "IMPACTS_sounding_20230228_051144_SBU_Mobile.nc": {"start": "2023-02-28T05:11:44Z", "end": "2023-02-28T05:44:34Z", "north": "41.154", "south": "41.065", "east": "-71.367", "west": "-71.903", "format": "netCDF-3", "sizeMB": 0.16}, "IMPACTS_sounding_20230228_024051_SBU_Mobile.nc": {"start": "2023-02-28T02:40:51Z", "end": "2023-02-28T03:22:07Z", "north": "41.185", "south": "41.065", "east": "-71.165", "west": "-71.883", "format": "netCDF-3", "sizeMB": 0.2}, "IMPACTS_sounding_20220129_071954_SBU.nc": {"start": "2022-01-29T07:19:54Z", "end": "2022-01-29T07:52:28Z", "north": "41.307", "south": "40.859", "east": "-72.962", "west": "-73.215", "format": "netCDF-3", "sizeMB": 0.16}, "IMPACTS_sounding_20220120_124422_SBU.nc": {"start": "2022-01-20T12:44:22Z", "end": "2022-01-20T13:27:29Z", "north": "41.187", "south": "40.886", "east": "-72.168", "west": "-73.127", "format": "netCDF-3", "sizeMB": 0.21}, "IMPACTS_sounding_20220129_133618_SBU.nc": {"start": "2022-01-29T13:36:18Z", "end": "2022-01-29T14:27:27Z", "north": "41.255", "south": "40.801", "east": "-73.022", "west": "-73.308", "format": "netCDF-3", "sizeMB": 0.25}, "IMPACTS_sounding_20220129_152741_SBU.nc": {"start": "2022-01-29T15:27:41Z", "end": "2022-01-29T16:14:59Z", "north": "41.109", "south": "40.773", "east": "-73.122", "west": "-73.309", "format": "netCDF-3", "sizeMB": 0.23}, "IMPACTS_sounding_20220129_191951_SBU.nc": {"start": "2022-01-29T19:19:51Z", "end": "2022-01-29T20:31:48Z", "north": "40.981", "south": "40.709", "east": "-72.731", "west": "-73.174", "format": "netCDF-3", "sizeMB": 0.35}, "IMPACTS_sounding_20220129_090813_SBU.nc": {"start": "2022-01-29T09:08:13Z", "end": "2022-01-29T09:38:56Z", "north": "41.246", "south": "40.848", "east": "-73.103", "west": "-73.237", "format": "netCDF-3", "sizeMB": 0.15}, "IMPACTS_sounding_20220129_212657_SBU.nc": {"start": "2022-01-29T21:26:57Z", "end": "2022-01-29T22:31:01Z", "north": "40.922", "south": "40.712", "east": "-72.642", "west": "-73.127", "format": "netCDF-3", "sizeMB": 0.31}, "IMPACTS_sounding_20220213_144210_SBU.nc": {"start": "2022-02-13T14:42:10Z", "end": "2022-02-13T15:19:59Z", "north": "41.459", "south": "40.888", "east": "-72.08", "west": "-73.136", "format": "netCDF-3", "sizeMB": 0.18}, "IMPACTS_sounding_20220225_052500_SBU.nc": {"start": "2022-02-25T05:25:00Z", "end": "2022-02-25T06:25:19Z", "north": "41.01", "south": "40.897", "east": "-71.498", "west": "-73.144", "format": "netCDF-3", "sizeMB": 0.29}, "IMPACTS_sounding_20220204_195915_SBU.nc": {"start": "2022-02-04T19:59:15Z", "end": "2022-02-04T20:33:27Z", "north": "41.292", "south": "40.89", "east": "-72.322", "west": "-73.128", "format": "netCDF-3", "sizeMB": 0.17}, "IMPACTS_sounding_20220225_094459_SBU.nc": {"start": "2022-02-25T09:44:59Z", "end": "2022-02-25T10:41:13Z", "north": "41.107", "south": "40.895", "east": "-71.569", "west": "-73.165", "format": "netCDF-3", "sizeMB": 0.27}, "IMPACTS_sounding_20220225_140436_SBU.nc": {"start": "2022-02-25T14:04:36Z", "end": "2022-02-25T15:09:50Z", "north": "41.16", "south": "40.894", "east": "-71.223", "west": "-73.16", "format": "netCDF-3", "sizeMB": 0.32}}