{"UConn_MRR_20211202.ave.nc": {"start": "2021-12-02T00:00:01Z", "end": "2021-12-02T13:00:02Z", "north": "41.818", "south": "41.798", "east": "-72.284", "west": "-72.304", "format": "netCDF-3", "sizeMB": 19.57}, "UConn_MRR_20211207.ave.nc": {"start": "2021-12-07T14:43:03Z", "end": "2021-12-07T23:59:01Z", "north": "41.818", "south": "41.798", "east": "-72.284", "west": "-72.304", "format": "netCDF-3", "sizeMB": 13.96}, "UConn_MRR_20211214.ave.nc": {"start": "2021-12-14T00:00:02Z", "end": "2021-12-14T23:59:01Z", "north": "41.818", "south": "41.798", "east": "-72.284", "west": "-72.304", "format": "netCDF-3", "sizeMB": 36.08}, "UConn_MRR_20211210.ave.nc": {"start": "2021-12-10T00:00:01Z", "end": "2021-12-10T23:59:02Z", "north": "41.818", "south": "41.798", "east": "-72.284", "west": "-72.304", "format": "netCDF-3", "sizeMB": 36.08}, "UConn_MRR_20211211.ave.nc": {"start": "2021-12-11T00:00:02Z", "end": "2021-12-11T23:59:02Z", "north": "41.818", "south": "41.798", "east": "-72.284", "west": "-72.304", "format": "netCDF-3", "sizeMB": 36.08}, "UConn_MRR_20211212.ave.nc": {"start": "2021-12-12T00:00:02Z", "end": "2021-12-12T23:59:01Z", "north": "41.818", "south": "41.798", "east": "-72.284", "west": "-72.304", "format": "netCDF-3", "sizeMB": 36.08}, "UConn_MRR_20211209.ave.nc": {"start": "2021-12-09T00:00:02Z", "end": "2021-12-09T23:59:02Z", "north": "41.818", "south": "41.798", "east": "-72.284", "west": "-72.304", "format": "netCDF-3", "sizeMB": 36.03}, "UConn_MRR_20211201.ave.nc": {"start": "2021-12-01T00:00:02Z", "end": "2021-12-01T23:59:02Z", "north": "41.818", "south": "41.798", "east": "-72.284", "west": "-72.304", "format": "netCDF-3", "sizeMB": 36.08}, "UConn_MRR_20211213.ave.nc": {"start": "2021-12-13T00:00:02Z", "end": "2021-12-13T23:59:02Z", "north": "41.818", "south": "41.798", "east": "-72.284", "west": "-72.304", "format": "netCDF-3", "sizeMB": 36.08}, "UConn_MRR_20211208.ave.nc": {"start": "2021-12-08T00:00:02Z", "end": "2021-12-08T23:59:01Z", "north": "41.818", "south": "41.798", "east": "-72.284", "west": "-72.304", "format": "netCDF-3", "sizeMB": 36.08}, "UConn_MRR_20211216.ave.nc": {"start": "2021-12-16T00:00:02Z", "end": "2021-12-16T23:59:02Z", "north": "41.818", "south": "41.798", "east": "-72.284", "west": "-72.304", "format": "netCDF-3", "sizeMB": 36.08}, "UConn_MRR_20211218.ave.nc": {"start": "2021-12-18T00:00:02Z", "end": "2021-12-18T23:59:02Z", "north": "41.818", "south": "41.798", "east": "-72.284", "west": "-72.304", "format": "netCDF-3", "sizeMB": 36.08}, "UConn_MRR_20211219.ave.nc": {"start": "2021-12-19T00:00:02Z", "end": "2021-12-19T23:59:01Z", "north": "41.818", "south": "41.798", "east": "-72.284", "west": "-72.304", "format": "netCDF-3", "sizeMB": 36.08}, "UConn_MRR_20211215.ave.nc": {"start": "2021-12-15T00:00:02Z", "end": "2021-12-15T23:59:02Z", "north": "41.818", "south": "41.798", "east": "-72.284", "west": "-72.304", "format": "netCDF-3", "sizeMB": 36.08}, "UConn_MRR_20211222.ave.nc": {"start": "2021-12-22T00:00:02Z", "end": "2021-12-22T23:59:01Z", "north": "41.818", "south": "41.798", "east": "-72.284", "west": "-72.304", "format": "netCDF-3", "sizeMB": 36.08}, "UConn_MRR_20211217.ave.nc": {"start": "2021-12-17T00:00:02Z", "end": "2021-12-17T23:59:02Z", "north": "41.818", "south": "41.798", "east": "-72.284", "west": "-72.304", "format": "netCDF-3", "sizeMB": 36.08}, "UConn_MRR_20211221.ave.nc": {"start": "2021-12-21T00:00:02Z", "end": "2021-12-21T23:59:01Z", "north": "41.818", "south": "41.798", "east": "-72.284", "west": "-72.304", "format": "netCDF-3", "sizeMB": 36.08}, "UConn_MRR_20211224.ave.nc": {"start": "2021-12-24T00:00:02Z", "end": "2021-12-24T23:59:01Z", "north": "41.818", "south": "41.798", "east": "-72.284", "west": "-72.304", "format": "netCDF-3", "sizeMB": 36.08}, "UConn_MRR_20211220.ave.nc": {"start": "2021-12-20T00:00:02Z", "end": "2021-12-20T23:59:01Z", "north": "41.818", "south": "41.798", "east": "-72.284", "west": "-72.304", "format": "netCDF-3", "sizeMB": 36.08}, "UConn_MRR_20211223.ave.nc": {"start": "2021-12-23T00:00:02Z", "end": "2021-12-23T23:59:01Z", "north": "41.818", "south": "41.798", "east": "-72.284", "west": "-72.304", "format": "netCDF-3", "sizeMB": 36.08}, "UConn_MRR_20211225.ave.nc": {"start": "2021-12-25T00:00:02Z", "end": "2021-12-25T23:59:01Z", "north": "41.818", "south": "41.798", "east": "-72.284", "west": "-72.304", "format": "netCDF-3", "sizeMB": 36.08}, "UConn_MRR_20211226.ave.nc": {"start": "2021-12-26T00:00:02Z", "end": "2021-12-26T23:59:01Z", "north": "41.818", "south": "41.798", "east": "-72.284", "west": "-72.304", "format": "netCDF-3", "sizeMB": 36.08}, "UConn_MRR_20211227.ave.nc": {"start": "2021-12-27T00:00:02Z", "end": "2021-12-27T23:59:01Z", "north": "41.818", "south": "41.798", "east": "-72.284", "west": "-72.304", "format": "netCDF-3", "sizeMB": 36.08}, "UConn_MRR_20211229.ave.nc": {"start": "2021-12-29T00:00:02Z", "end": "2021-12-29T23:59:01Z", "north": "41.818", "south": "41.798", "east": "-72.284", "west": "-72.304", "format": "netCDF-3", "sizeMB": 36.08}, "UConn_MRR_20211230.ave.nc": {"start": "2021-12-30T00:00:02Z", "end": "2021-12-30T23:59:01Z", "north": "41.818", "south": "41.798", "east": "-72.284", "west": "-72.304", "format": "netCDF-3", "sizeMB": 36.08}, "UConn_MRR_20211228.ave.nc": {"start": "2021-12-28T00:00:02Z", "end": "2021-12-28T23:59:01Z", "north": "41.818", "south": "41.798", "east": "-72.284", "west": "-72.304", "format": "netCDF-3", "sizeMB": 36.08}, "UConn_MRR_20220103.ave.nc": {"start": "2022-01-03T00:00:02Z", "end": "2022-01-03T23:59:01Z", "north": "41.818", "south": "41.798", "east": "-72.284", "west": "-72.304", "format": "netCDF-3", "sizeMB": 36.08}, "UConn_MRR_20220101.ave.nc": {"start": "2022-01-01T00:00:02Z", "end": "2022-01-01T23:59:01Z", "north": "41.818", "south": "41.798", "east": "-72.284", "west": "-72.304", "format": "netCDF-3", "sizeMB": 36.08}, "UConn_MRR_20220102.ave.nc": {"start": "2022-01-02T00:00:02Z", "end": "2022-01-02T23:59:01Z", "north": "41.818", "south": "41.798", "east": "-72.284", "west": "-72.304", "format": "netCDF-3", "sizeMB": 36.08}, "UConn_MRR_20211231.ave.nc": {"start": "2021-12-31T00:00:02Z", "end": "2021-12-31T23:59:01Z", "north": "41.818", "south": "41.798", "east": "-72.284", "west": "-72.304", "format": "netCDF-3", "sizeMB": 36.08}, "UConn_MRR_20220105.ave.nc": {"start": "2022-01-05T00:00:02Z", "end": "2022-01-05T23:59:01Z", "north": "41.818", "south": "41.798", "east": "-72.284", "west": "-72.304", "format": "netCDF-3", "sizeMB": 36.08}, "UConn_MRR_20220104.ave.nc": {"start": "2022-01-04T00:00:02Z", "end": "2022-01-04T23:59:01Z", "north": "41.818", "south": "41.798", "east": "-72.284", "west": "-72.304", "format": "netCDF-3", "sizeMB": 36.08}, "UConn_MRR_20220107.ave.nc": {"start": "2022-01-07T00:00:01Z", "end": "2022-01-07T23:59:02Z", "north": "41.818", "south": "41.798", "east": "-72.284", "west": "-72.304", "format": "netCDF-3", "sizeMB": 36.08}, "UConn_MRR_20220108.ave.nc": {"start": "2022-01-08T00:00:01Z", "end": "2022-01-08T23:59:02Z", "north": "41.818", "south": "41.798", "east": "-72.284", "west": "-72.304", "format": "netCDF-3", "sizeMB": 36.08}, "UConn_MRR_20220109.ave.nc": {"start": "2022-01-09T00:00:01Z", "end": "2022-01-09T23:59:02Z", "north": "41.818", "south": "41.798", "east": "-72.284", "west": "-72.304", "format": "netCDF-3", "sizeMB": 36.08}, "UConn_MRR_20220106.ave.nc": {"start": "2022-01-06T00:00:02Z", "end": "2022-01-06T23:59:02Z", "north": "41.818", "south": "41.798", "east": "-72.284", "west": "-72.304", "format": "netCDF-3", "sizeMB": 36.08}, "UConn_MRR_20220111.ave.nc": {"start": "2022-01-11T00:00:01Z", "end": "2022-01-11T23:59:02Z", "north": "41.818", "south": "41.798", "east": "-72.284", "west": "-72.304", "format": "netCDF-3", "sizeMB": 36.08}, "UConn_MRR_20220112.ave.nc": {"start": "2022-01-12T00:00:01Z", "end": "2022-01-12T23:59:02Z", "north": "41.818", "south": "41.798", "east": "-72.284", "west": "-72.304", "format": "netCDF-3", "sizeMB": 36.08}, "UConn_MRR_20220110.ave.nc": {"start": "2022-01-10T00:00:01Z", "end": "2022-01-10T23:59:02Z", "north": "41.818", "south": "41.798", "east": "-72.284", "west": "-72.304", "format": "netCDF-3", "sizeMB": 36.08}, "UConn_MRR_20220113.ave.nc": {"start": "2022-01-13T00:00:01Z", "end": "2022-01-13T23:59:02Z", "north": "41.818", "south": "41.798", "east": "-72.284", "west": "-72.304", "format": "netCDF-3", "sizeMB": 36.08}, "UConn_MRR_20220114.ave.nc": {"start": "2022-01-14T00:00:01Z", "end": "2022-01-14T23:59:02Z", "north": "41.818", "south": "41.798", "east": "-72.284", "west": "-72.304", "format": "netCDF-3", "sizeMB": 36.08}, "UConn_MRR_20220115.ave.nc": {"start": "2022-01-15T00:00:01Z", "end": "2022-01-15T23:59:02Z", "north": "41.818", "south": "41.798", "east": "-72.284", "west": "-72.304", "format": "netCDF-3", "sizeMB": 36.08}, "UConn_MRR_20220118.ave.nc": {"start": "2022-01-18T00:00:01Z", "end": "2022-01-18T23:59:02Z", "north": "41.818", "south": "41.798", "east": "-72.284", "west": "-72.304", "format": "netCDF-3", "sizeMB": 36.08}, "UConn_MRR_20220116.ave.nc": {"start": "2022-01-16T00:00:01Z", "end": "2022-01-16T23:59:02Z", "north": "41.818", "south": "41.798", "east": "-72.284", "west": "-72.304", "format": "netCDF-3", "sizeMB": 36.08}, "UConn_MRR_20220119.ave.nc": {"start": "2022-01-19T00:00:01Z", "end": "2022-01-19T23:59:02Z", "north": "41.818", "south": "41.798", "east": "-72.284", "west": "-72.304", "format": "netCDF-3", "sizeMB": 36.08}, "UConn_MRR_20220117.ave.nc": {"start": "2022-01-17T00:00:01Z", "end": "2022-01-17T23:59:02Z", "north": "41.818", "south": "41.798", "east": "-72.284", "west": "-72.304", "format": "netCDF-3", "sizeMB": 36.08}, "UConn_MRR_20220122.ave.nc": {"start": "2022-01-22T00:00:01Z", "end": "2022-01-22T23:59:02Z", "north": "41.818", "south": "41.798", "east": "-72.284", "west": "-72.304", "format": "netCDF-3", "sizeMB": 36.08}, "UConn_MRR_20220123.ave.nc": {"start": "2022-01-23T00:00:01Z", "end": "2022-01-23T23:59:02Z", "north": "41.818", "south": "41.798", "east": "-72.284", "west": "-72.304", "format": "netCDF-3", "sizeMB": 36.08}, "UConn_MRR_20220120.ave.nc": {"start": "2022-01-20T00:00:01Z", "end": "2022-01-20T23:59:02Z", "north": "41.818", "south": "41.798", "east": "-72.284", "west": "-72.304", "format": "netCDF-3", "sizeMB": 36.08}, "UConn_MRR_20220121.ave.nc": {"start": "2022-01-21T00:00:01Z", "end": "2022-01-21T23:59:02Z", "north": "41.818", "south": "41.798", "east": "-72.284", "west": "-72.304", "format": "netCDF-3", "sizeMB": 36.08}, "UConn_MRR_20220124.ave.nc": {"start": "2022-01-24T00:00:01Z", "end": "2022-01-24T23:59:02Z", "north": "41.818", "south": "41.798", "east": "-72.284", "west": "-72.304", "format": "netCDF-3", "sizeMB": 36.08}, "UConn_MRR_20220128.ave.nc": {"start": "2022-01-28T00:00:01Z", "end": "2022-01-28T23:59:02Z", "north": "41.818", "south": "41.798", "east": "-72.284", "west": "-72.304", "format": "netCDF-3", "sizeMB": 36.08}, "UConn_MRR_20220125.ave.nc": {"start": "2022-01-25T00:00:01Z", "end": "2022-01-25T23:59:02Z", "north": "41.818", "south": "41.798", "east": "-72.284", "west": "-72.304", "format": "netCDF-3", "sizeMB": 36.08}, "UConn_MRR_20220129.ave.nc": {"start": "2022-01-29T00:00:02Z", "end": "2022-01-29T23:59:02Z", "north": "41.818", "south": "41.798", "east": "-72.284", "west": "-72.304", "format": "netCDF-3", "sizeMB": 36.08}, "UConn_MRR_20220127.ave.nc": {"start": "2022-01-27T00:00:01Z", "end": "2022-01-27T23:59:02Z", "north": "41.818", "south": "41.798", "east": "-72.284", "west": "-72.304", "format": "netCDF-3", "sizeMB": 36.08}, "UConn_MRR_20220126.ave.nc": {"start": "2022-01-26T00:00:01Z", "end": "2022-01-26T23:59:02Z", "north": "41.818", "south": "41.798", "east": "-72.284", "west": "-72.304", "format": "netCDF-3", "sizeMB": 36.08}, "UConn_MRR_20220130.ave.nc": {"start": "2022-01-30T00:00:02Z", "end": "2022-01-30T23:59:02Z", "north": "41.818", "south": "41.798", "east": "-72.284", "west": "-72.304", "format": "netCDF-3", "sizeMB": 36.08}, "UConn_MRR_20220202.ave.nc": {"start": "2022-02-02T00:00:01Z", "end": "2022-02-02T23:59:02Z", "north": "41.818", "south": "41.798", "east": "-72.284", "west": "-72.304", "format": "netCDF-3", "sizeMB": 36.08}, "UConn_MRR_20220201.ave.nc": {"start": "2022-02-01T00:00:01Z", "end": "2022-02-01T23:59:02Z", "north": "41.818", "south": "41.798", "east": "-72.284", "west": "-72.304", "format": "netCDF-3", "sizeMB": 36.08}, "UConn_MRR_20220131.ave.nc": {"start": "2022-01-31T00:00:01Z", "end": "2022-01-31T23:59:02Z", "north": "41.818", "south": "41.798", "east": "-72.284", "west": "-72.304", "format": "netCDF-3", "sizeMB": 36.08}, "UConn_MRR_20220203.ave.nc": {"start": "2022-02-03T00:00:01Z", "end": "2022-02-03T23:59:02Z", "north": "41.818", "south": "41.798", "east": "-72.284", "west": "-72.304", "format": "netCDF-3", "sizeMB": 36.08}, "UConn_MRR_20220205.ave.nc": {"start": "2022-02-05T00:00:01Z", "end": "2022-02-05T23:59:02Z", "north": "41.818", "south": "41.798", "east": "-72.284", "west": "-72.304", "format": "netCDF-3", "sizeMB": 36.08}, "UConn_MRR_20220204.ave.nc": {"start": "2022-02-04T00:00:01Z", "end": "2022-02-04T23:59:02Z", "north": "41.818", "south": "41.798", "east": "-72.284", "west": "-72.304", "format": "netCDF-3", "sizeMB": 36.08}, "UConn_MRR_20220207.ave.nc": {"start": "2022-02-07T00:00:01Z", "end": "2022-02-07T23:59:02Z", "north": "41.818", "south": "41.798", "east": "-72.284", "west": "-72.304", "format": "netCDF-3", "sizeMB": 36.08}, "UConn_MRR_20220209.ave.nc": {"start": "2022-02-09T00:00:01Z", "end": "2022-02-09T23:59:02Z", "north": "41.818", "south": "41.798", "east": "-72.284", "west": "-72.304", "format": "netCDF-3", "sizeMB": 36.08}, "UConn_MRR_20220208.ave.nc": {"start": "2022-02-08T00:00:01Z", "end": "2022-02-08T23:59:02Z", "north": "41.818", "south": "41.798", "east": "-72.284", "west": "-72.304", "format": "netCDF-3", "sizeMB": 36.08}, "UConn_MRR_20220210.ave.nc": {"start": "2022-02-10T00:00:01Z", "end": "2022-02-10T23:59:02Z", "north": "41.818", "south": "41.798", "east": "-72.284", "west": "-72.304", "format": "netCDF-3", "sizeMB": 36.08}, "UConn_MRR_20220206.ave.nc": {"start": "2022-02-06T00:00:01Z", "end": "2022-02-06T23:59:02Z", "north": "41.818", "south": "41.798", "east": "-72.284", "west": "-72.304", "format": "netCDF-3", "sizeMB": 36.08}, "UConn_MRR_20220211.ave.nc": {"start": "2022-02-11T00:00:01Z", "end": "2022-02-11T23:59:02Z", "north": "41.818", "south": "41.798", "east": "-72.284", "west": "-72.304", "format": "netCDF-3", "sizeMB": 36.08}, "UConn_MRR_20220212.ave.nc": {"start": "2022-02-12T00:00:02Z", "end": "2022-02-12T23:59:02Z", "north": "41.818", "south": "41.798", "east": "-72.284", "west": "-72.304", "format": "netCDF-3", "sizeMB": 36.08}, "UConn_MRR_20220213.ave.nc": {"start": "2022-02-13T00:00:02Z", "end": "2022-02-13T23:59:02Z", "north": "41.818", "south": "41.798", "east": "-72.284", "west": "-72.304", "format": "netCDF-3", "sizeMB": 36.08}, "UConn_MRR_20220214.ave.nc": {"start": "2022-02-14T00:00:02Z", "end": "2022-02-14T23:59:02Z", "north": "41.818", "south": "41.798", "east": "-72.284", "west": "-72.304", "format": "netCDF-3", "sizeMB": 36.08}, "UConn_MRR_20220215.ave.nc": {"start": "2022-02-15T00:00:02Z", "end": "2022-02-15T23:59:02Z", "north": "41.818", "south": "41.798", "east": "-72.284", "west": "-72.304", "format": "netCDF-3", "sizeMB": 36.08}, "UConn_MRR_20220217.ave.nc": {"start": "2022-02-17T00:00:02Z", "end": "2022-02-17T23:59:02Z", "north": "41.818", "south": "41.798", "east": "-72.284", "west": "-72.304", "format": "netCDF-3", "sizeMB": 36.08}, "UConn_MRR_20220216.ave.nc": {"start": "2022-02-16T00:00:02Z", "end": "2022-02-16T23:59:02Z", "north": "41.818", "south": "41.798", "east": "-72.284", "west": "-72.304", "format": "netCDF-3", "sizeMB": 36.08}, "UConn_MRR_20220218.ave.nc": {"start": "2022-02-18T00:00:02Z", "end": "2022-02-18T23:59:02Z", "north": "41.818", "south": "41.798", "east": "-72.284", "west": "-72.304", "format": "netCDF-3", "sizeMB": 36.08}, "UConn_MRR_20220219.ave.nc": {"start": "2022-02-19T00:00:02Z", "end": "2022-02-19T23:59:02Z", "north": "41.818", "south": "41.798", "east": "-72.284", "west": "-72.304", "format": "netCDF-3", "sizeMB": 36.08}, "UConn_MRR_20220221.ave.nc": {"start": "2022-02-21T00:00:02Z", "end": "2022-02-21T23:59:02Z", "north": "41.818", "south": "41.798", "east": "-72.284", "west": "-72.304", "format": "netCDF-3", "sizeMB": 36.08}, "UConn_MRR_20220220.ave.nc": {"start": "2022-02-20T00:00:02Z", "end": "2022-02-20T23:59:02Z", "north": "41.818", "south": "41.798", "east": "-72.284", "west": "-72.304", "format": "netCDF-3", "sizeMB": 36.08}, "UConn_MRR_20220223.ave.nc": {"start": "2022-02-23T00:00:02Z", "end": "2022-02-23T23:59:02Z", "north": "41.818", "south": "41.798", "east": "-72.284", "west": "-72.304", "format": "netCDF-3", "sizeMB": 36.08}, "UConn_MRR_20220222.ave.nc": {"start": "2022-02-22T00:00:02Z", "end": "2022-02-22T23:59:02Z", "north": "41.818", "south": "41.798", "east": "-72.284", "west": "-72.304", "format": "netCDF-3", "sizeMB": 36.08}, "UConn_MRR_20220225.ave.nc": {"start": "2022-02-25T00:00:02Z", "end": "2022-02-25T23:59:02Z", "north": "41.818", "south": "41.798", "east": "-72.284", "west": "-72.304", "format": "netCDF-3", "sizeMB": 36.08}, "UConn_MRR_20220226.ave.nc": {"start": "2022-02-26T00:00:02Z", "end": "2022-02-26T23:59:02Z", "north": "41.818", "south": "41.798", "east": "-72.284", "west": "-72.304", "format": "netCDF-3", "sizeMB": 36.08}, "UConn_MRR_20220224.ave.nc": {"start": "2022-02-24T00:00:02Z", "end": "2022-02-24T23:59:02Z", "north": "41.818", "south": "41.798", "east": "-72.284", "west": "-72.304", "format": "netCDF-3", "sizeMB": 36.08}, "UConn_MRR_20220227.ave.nc": {"start": "2022-02-27T00:00:02Z", "end": "2022-02-27T23:59:02Z", "north": "41.818", "south": "41.798", "east": "-72.284", "west": "-72.304", "format": "netCDF-3", "sizeMB": 36.08}, "UConn_MRR_20220301.ave.nc": {"start": "2022-03-01T00:00:02Z", "end": "2022-03-01T23:59:02Z", "north": "41.818", "south": "41.798", "east": "-72.284", "west": "-72.304", "format": "netCDF-3", "sizeMB": 36.08}, "UConn_MRR_20220228.ave.nc": {"start": "2022-02-28T00:00:02Z", "end": "2022-02-28T23:59:02Z", "north": "41.818", "south": "41.798", "east": "-72.284", "west": "-72.304", "format": "netCDF-3", "sizeMB": 36.08}, "UConn_MRR_20220304.ave.nc": {"start": "2022-03-04T00:00:02Z", "end": "2022-03-04T23:59:02Z", "north": "41.818", "south": "41.798", "east": "-72.284", "west": "-72.304", "format": "netCDF-3", "sizeMB": 36.08}, "UConn_MRR_20220302.ave.nc": {"start": "2022-03-02T00:00:02Z", "end": "2022-03-02T23:59:02Z", "north": "41.818", "south": "41.798", "east": "-72.284", "west": "-72.304", "format": "netCDF-3", "sizeMB": 36.08}, "UConn_MRR_20220303.ave.nc": {"start": "2022-03-03T00:00:02Z", "end": "2022-03-03T23:59:02Z", "north": "41.818", "south": "41.798", "east": "-72.284", "west": "-72.304", "format": "netCDF-3", "sizeMB": 36.08}, "UConn_MRR_20220305.ave.nc": {"start": "2022-03-05T00:00:02Z", "end": "2022-03-05T23:59:02Z", "north": "41.818", "south": "41.798", "east": "-72.284", "west": "-72.304", "format": "netCDF-3", "sizeMB": 36.08}, "UConn_MRR_20220306.ave.nc": {"start": "2022-03-06T00:00:02Z", "end": "2022-03-06T23:59:02Z", "north": "41.818", "south": "41.798", "east": "-72.284", "west": "-72.304", "format": "netCDF-3", "sizeMB": 36.08}, "UConn_MRR_20220308.ave.nc": {"start": "2022-03-08T00:00:02Z", "end": "2022-03-08T23:59:02Z", "north": "41.818", "south": "41.798", "east": "-72.284", "west": "-72.304", "format": "netCDF-3", "sizeMB": 36.08}, "UConn_MRR_20220309.ave.nc": {"start": "2022-03-09T00:00:01Z", "end": "2022-03-09T23:59:02Z", "north": "41.818", "south": "41.798", "east": "-72.284", "west": "-72.304", "format": "netCDF-3", "sizeMB": 36.08}, "UConn_MRR_20220307.ave.nc": {"start": "2022-03-07T00:00:02Z", "end": "2022-03-07T23:59:02Z", "north": "41.818", "south": "41.798", "east": "-72.284", "west": "-72.304", "format": "netCDF-3", "sizeMB": 36.08}, "UConn_MRR_20220310.ave.nc": {"start": "2022-03-10T00:00:01Z", "end": "2022-03-10T23:59:02Z", "north": "41.818", "south": "41.798", "east": "-72.284", "west": "-72.304", "format": "netCDF-3", "sizeMB": 36.08}, "UConn_MRR_20220311.ave.nc": {"start": "2022-03-11T00:00:01Z", "end": "2022-03-11T23:59:02Z", "north": "41.818", "south": "41.798", "east": "-72.284", "west": "-72.304", "format": "netCDF-3", "sizeMB": 36.08}, "UConn_MRR_20220313.ave.nc": {"start": "2022-03-13T00:00:02Z", "end": "2022-03-13T23:59:02Z", "north": "41.818", "south": "41.798", "east": "-72.284", "west": "-72.304", "format": "netCDF-3", "sizeMB": 36.08}, "UConn_MRR_20220312.ave.nc": {"start": "2022-03-12T00:00:01Z", "end": "2022-03-12T23:59:02Z", "north": "41.818", "south": "41.798", "east": "-72.284", "west": "-72.304", "format": "netCDF-3", "sizeMB": 36.08}, "UConn_MRR_20220314.ave.nc": {"start": "2022-03-14T00:00:02Z", "end": "2022-03-14T23:59:02Z", "north": "41.818", "south": "41.798", "east": "-72.284", "west": "-72.304", "format": "netCDF-3", "sizeMB": 36.08}, "UConn_MRR_20220315.ave.nc": {"start": "2022-03-15T00:00:02Z", "end": "2022-03-15T23:59:02Z", "north": "41.818", "south": "41.798", "east": "-72.284", "west": "-72.304", "format": "netCDF-3", "sizeMB": 36.08}, "UConn_MRR_20220316.ave.nc": {"start": "2022-03-16T00:00:02Z", "end": "2022-03-16T23:59:02Z", "north": "41.818", "south": "41.798", "east": "-72.284", "west": "-72.304", "format": "netCDF-3", "sizeMB": 36.08}, "UConn_MRR_20220319.ave.nc": {"start": "2022-03-19T00:00:02Z", "end": "2022-03-19T23:59:02Z", "north": "41.818", "south": "41.798", "east": "-72.284", "west": "-72.304", "format": "netCDF-3", "sizeMB": 36.08}, "UConn_MRR_20220317.ave.nc": {"start": "2022-03-17T00:00:02Z", "end": "2022-03-17T23:59:02Z", "north": "41.818", "south": "41.798", "east": "-72.284", "west": "-72.304", "format": "netCDF-3", "sizeMB": 36.08}, "UConn_MRR_20220318.ave.nc": {"start": "2022-03-18T00:00:02Z", "end": "2022-03-18T23:59:02Z", "north": "41.818", "south": "41.798", "east": "-72.284", "west": "-72.304", "format": "netCDF-3", "sizeMB": 36.08}, "UConn_MRR_20220321.ave.nc": {"start": "2022-03-21T00:00:02Z", "end": "2022-03-21T23:59:01Z", "north": "41.818", "south": "41.798", "east": "-72.284", "west": "-72.304", "format": "netCDF-3", "sizeMB": 36.08}, "UConn_MRR_20220320.ave.nc": {"start": "2022-03-20T00:00:02Z", "end": "2022-03-20T23:59:01Z", "north": "41.818", "south": "41.798", "east": "-72.284", "west": "-72.304", "format": "netCDF-3", "sizeMB": 36.08}, "UConn_MRR_20220322.ave.nc": {"start": "2022-03-22T00:00:02Z", "end": "2022-03-22T23:59:01Z", "north": "41.818", "south": "41.798", "east": "-72.284", "west": "-72.304", "format": "netCDF-3", "sizeMB": 36.08}, "UConn_MRR_20220324.ave.nc": {"start": "2022-03-24T00:00:02Z", "end": "2022-03-24T23:59:01Z", "north": "41.818", "south": "41.798", "east": "-72.284", "west": "-72.304", "format": "netCDF-3", "sizeMB": 36.08}, "UConn_MRR_20220323.ave.nc": {"start": "2022-03-23T00:00:02Z", "end": "2022-03-23T23:59:01Z", "north": "41.818", "south": "41.798", "east": "-72.284", "west": "-72.304", "format": "netCDF-3", "sizeMB": 36.08}, "UConn_MRR_20220325.ave.nc": {"start": "2022-03-25T00:00:02Z", "end": "2022-03-25T23:59:01Z", "north": "41.818", "south": "41.798", "east": "-72.284", "west": "-72.304", "format": "netCDF-3", "sizeMB": 36.08}, "UConn_MRR_20220327.ave.nc": {"start": "2022-03-27T00:00:02Z", "end": "2022-03-27T23:59:02Z", "north": "41.818", "south": "41.798", "east": "-72.284", "west": "-72.304", "format": "netCDF-3", "sizeMB": 36.08}, "UConn_MRR_20220326.ave.nc": {"start": "2022-03-26T00:00:02Z", "end": "2022-03-26T23:59:01Z", "north": "41.818", "south": "41.798", "east": "-72.284", "west": "-72.304", "format": "netCDF-3", "sizeMB": 36.08}, "UConn_MRR_20220328.ave.nc": {"start": "2022-03-28T00:00:01Z", "end": "2022-03-28T23:59:02Z", "north": "41.818", "south": "41.798", "east": "-72.284", "west": "-72.304", "format": "netCDF-3", "sizeMB": 36.08}, "UConn_MRR_20220330.ave.nc": {"start": "2022-03-30T00:00:01Z", "end": "2022-03-30T23:59:02Z", "north": "41.818", "south": "41.798", "east": "-72.284", "west": "-72.304", "format": "netCDF-3", "sizeMB": 36.08}, "UConn_MRR_20220329.ave.nc": {"start": "2022-03-29T00:00:01Z", "end": "2022-03-29T23:59:02Z", "north": "41.818", "south": "41.798", "east": "-72.284", "west": "-72.304", "format": "netCDF-3", "sizeMB": 36.08}, "UConn_MRR_20220331.ave.nc": {"start": "2022-03-31T00:00:01Z", "end": "2022-03-31T23:59:02Z", "north": "41.818", "south": "41.798", "east": "-72.284", "west": "-72.304", "format": "netCDF-3", "sizeMB": 36.08}, "UConn_MRR_20220402.ave.nc": {"start": "2022-04-02T00:00:01Z", "end": "2022-04-02T23:59:02Z", "north": "41.818", "south": "41.798", "east": "-72.284", "west": "-72.304", "format": "netCDF-3", "sizeMB": 36.08}, "UConn_MRR_20220401.ave.nc": {"start": "2022-04-01T00:00:01Z", "end": "2022-04-01T23:59:02Z", "north": "41.818", "south": "41.798", "east": "-72.284", "west": "-72.304", "format": "netCDF-3", "sizeMB": 36.08}, "UConn_MRR_20220403.ave.nc": {"start": "2022-04-03T00:00:01Z", "end": "2022-04-03T23:59:02Z", "north": "41.818", "south": "41.798", "east": "-72.284", "west": "-72.304", "format": "netCDF-3", "sizeMB": 36.08}, "UConn_MRR_20220404.ave.nc": {"start": "2022-04-04T00:00:01Z", "end": "2022-04-04T23:59:02Z", "north": "41.818", "south": "41.798", "east": "-72.284", "west": "-72.304", "format": "netCDF-3", "sizeMB": 36.08}, "UConn_MRR_20220406.ave.nc": {"start": "2022-04-06T00:00:02Z", "end": "2022-04-06T23:59:02Z", "north": "41.818", "south": "41.798", "east": "-72.284", "west": "-72.304", "format": "netCDF-3", "sizeMB": 36.08}, "UConn_MRR_20220407.ave.nc": {"start": "2022-04-07T00:00:02Z", "end": "2022-04-07T23:59:02Z", "north": "41.818", "south": "41.798", "east": "-72.284", "west": "-72.304", "format": "netCDF-3", "sizeMB": 36.08}, "UConn_MRR_20220405.ave.nc": {"start": "2022-04-05T00:00:02Z", "end": "2022-04-05T23:59:02Z", "north": "41.818", "south": "41.798", "east": "-72.284", "west": "-72.304", "format": "netCDF-3", "sizeMB": 36.08}, "UConn_MRR_20220408.ave.nc": {"start": "2022-04-08T00:00:02Z", "end": "2022-04-08T23:59:02Z", "north": "41.818", "south": "41.798", "east": "-72.284", "west": "-72.304", "format": "netCDF-3", "sizeMB": 36.08}, "UConn_MRR_20220409.ave.nc": {"start": "2022-04-09T00:00:02Z", "end": "2022-04-09T23:59:02Z", "north": "41.818", "south": "41.798", "east": "-72.284", "west": "-72.304", "format": "netCDF-3", "sizeMB": 36.08}, "UConn_MRR_20220410.ave.nc": {"start": "2022-04-10T00:00:02Z", "end": "2022-04-10T23:59:02Z", "north": "41.818", "south": "41.798", "east": "-72.284", "west": "-72.304", "format": "netCDF-3", "sizeMB": 36.08}, "UConn_MRR_20220412.ave.nc": {"start": "2022-04-12T00:00:02Z", "end": "2022-04-12T23:59:02Z", "north": "41.818", "south": "41.798", "east": "-72.284", "west": "-72.304", "format": "netCDF-3", "sizeMB": 36.08}, "UConn_MRR_20220413.ave.nc": {"start": "2022-04-13T00:00:01Z", "end": "2022-04-13T23:59:02Z", "north": "41.818", "south": "41.798", "east": "-72.284", "west": "-72.304", "format": "netCDF-3", "sizeMB": 36.08}, "UConn_MRR_20220411.ave.nc": {"start": "2022-04-11T00:00:02Z", "end": "2022-04-11T23:59:02Z", "north": "41.818", "south": "41.798", "east": "-72.284", "west": "-72.304", "format": "netCDF-3", "sizeMB": 36.08}, "UConn_MRR_20220414.ave.nc": {"start": "2022-04-14T00:00:01Z", "end": "2022-04-14T23:59:02Z", "north": "41.818", "south": "41.798", "east": "-72.284", "west": "-72.304", "format": "netCDF-3", "sizeMB": 36.08}, "UConn_MRR_20220417.ave.nc": {"start": "2022-04-17T00:00:01Z", "end": "2022-04-17T23:59:02Z", "north": "41.818", "south": "41.798", "east": "-72.284", "west": "-72.304", "format": "netCDF-3", "sizeMB": 36.08}, "UConn_MRR_20220415.ave.nc": {"start": "2022-04-15T00:00:01Z", "end": "2022-04-15T23:59:02Z", "north": "41.818", "south": "41.798", "east": "-72.284", "west": "-72.304", "format": "netCDF-3", "sizeMB": 36.08}, "UConn_MRR_20220419.ave.nc": {"start": "2022-04-19T00:00:02Z", "end": "2022-04-19T23:59:01Z", "north": "41.818", "south": "41.798", "east": "-72.284", "west": "-72.304", "format": "netCDF-3", "sizeMB": 36.08}, "UConn_MRR_20220418.ave.nc": {"start": "2022-04-18T00:00:02Z", "end": "2022-04-18T23:59:02Z", "north": "41.818", "south": "41.798", "east": "-72.284", "west": "-72.304", "format": "netCDF-3", "sizeMB": 36.08}, "UConn_MRR_20220416.ave.nc": {"start": "2022-04-16T00:00:01Z", "end": "2022-04-16T23:59:02Z", "north": "41.818", "south": "41.798", "east": "-72.284", "west": "-72.304", "format": "netCDF-3", "sizeMB": 36.08}, "UConn_D3R_mrrpro_d02_disdrom_offset_mom_2023_02.zip": {"start": "2023-02-23T00:00:00Z", "end": "2023-02-28T23:59:00Z", "north": "41.828", "south": "41.808", "east": "-72.247", "west": "-72.267", "format": "netCDF-3", "sizeMB": 5.71}, "UConn_MRR_20220420.ave.nc": {"start": "2022-04-20T00:00:02Z", "end": "2022-04-20T23:59:01Z", "north": "41.818", "south": "41.798", "east": "-72.284", "west": "-72.304", "format": "netCDF-3", "sizeMB": 36.08}, "UConn_MRR_20220421.ave.nc": {"start": "2022-04-21T00:00:02Z", "end": "2022-04-21T23:59:01Z", "north": "41.818", "south": "41.798", "east": "-72.284", "west": "-72.304", "format": "netCDF-3", "sizeMB": 36.08}, "UConn_MRR_20220426.ave.nc": {"start": "2022-04-26T00:00:02Z", "end": "2022-04-26T18:00:02Z", "north": "41.818", "south": "41.798", "east": "-72.284", "west": "-72.304", "format": "netCDF-3", "sizeMB": 27.08}, "UConn_D3R_mrrpro_d02_disdrom_offset_mom_2023_04.zip": {"start": "2023-04-01T00:00:00Z", "end": "2023-04-19T11:59:00Z", "north": "41.828", "south": "41.808", "east": "-72.247", "west": "-72.267", "format": "netCDF-3", "sizeMB": 5.41}, "UConn_MRR_20220425.ave.nc": {"start": "2022-04-25T00:00:02Z", "end": "2022-04-25T23:59:01Z", "north": "41.818", "south": "41.798", "east": "-72.284", "west": "-72.304", "format": "netCDF-3", "sizeMB": 36.08}, "UConn_MRR_20220422.ave.nc": {"start": "2022-04-22T00:00:02Z", "end": "2022-04-22T23:59:01Z", "north": "41.818", "south": "41.798", "east": "-72.284", "west": "-72.304", "format": "netCDF-3", "sizeMB": 36.08}, "UConn_MRR_20220424.ave.nc": {"start": "2022-04-24T00:00:02Z", "end": "2022-04-24T23:59:01Z", "north": "41.818", "south": "41.798", "east": "-72.284", "west": "-72.304", "format": "netCDF-3", "sizeMB": 36.08}, "UConn_D3R_mrrpro_d02_disdrom_offset_spc_2023_02.zip": {"start": "2023-02-23T00:00:00Z", "end": "2023-02-28T23:59:00Z", "north": "41.828", "south": "41.808", "east": "-72.247", "west": "-72.267", "format": "netCDF-3", "sizeMB": 14.71}, "UConn_GAIL_mrrpro_d02_disdrom_offset_mom_2023_02.zip": {"start": "2023-02-23T00:00:00Z", "end": "2023-02-28T23:59:00Z", "north": "41.828", "south": "41.808", "east": "-72.247", "west": "-72.267", "format": "netCDF-3", "sizeMB": 5.81}, "UConn_D3R_mrrpro_d02_disdrom_offset_mom_2023_03.zip": {"start": "2023-03-01T00:00:00Z", "end": "2023-03-31T23:59:00Z", "north": "41.828", "south": "41.808", "east": "-72.247", "west": "-72.267", "format": "netCDF-3", "sizeMB": 20.59}, "UConn_MRR_20220423.ave.nc": {"start": "2022-04-23T00:00:02Z", "end": "2022-04-23T23:59:01Z", "north": "41.818", "south": "41.798", "east": "-72.284", "west": "-72.304", "format": "netCDF-3", "sizeMB": 36.08}, "UConn_D3R_mrrpro_d02_disdrom_offset_spc_2023_04.zip": {"start": "2023-04-01T00:00:00Z", "end": "2023-04-19T11:59:00Z", "north": "41.828", "south": "41.808", "east": "-72.247", "west": "-72.267", "format": "netCDF-3", "sizeMB": 12.63}, "UConn_GAIL_mrrpro_d02_disdrom_offset_mom_2023_04.zip": {"start": "2023-04-01T00:00:00Z", "end": "2023-04-18T12:59:00Z", "north": "41.828", "south": "41.808", "east": "-72.247", "west": "-72.267", "format": "netCDF-3", "sizeMB": 5.72}, "UConn_unit06_mrrpro_d02_disdrom_cal_mom_2023_12.zip": {"start": "2023-12-17T00:00:00Z", "end": "2023-12-31T23:59:00Z", "north": "41.828", "south": "41.808", "east": "-72.247", "west": "-72.267", "format": "netCDF-3", "sizeMB": 8.46}, "UConn_GAIL_mrrpro_d02_disdrom_offset_mom_2023_03.zip": {"start": "2023-03-01T00:00:00Z", "end": "2023-03-31T23:59:00Z", "north": "41.828", "south": "41.808", "east": "-72.247", "west": "-72.267", "format": "netCDF-3", "sizeMB": 19.39}, "UConn_unit06_mrrpro_d02_disdrom_cal_mom_2024_02.zip": {"start": "2024-02-01T00:00:00Z", "end": "2024-02-29T23:59:00Z", "north": "41.828", "south": "41.808", "east": "-72.247", "west": "-72.267", "format": "netCDF-3", "sizeMB": 15.56}, "UConn_unit06_mrrpro_d02_disdrom_cal_mom_2024_05.zip": {"start": "2024-05-01T00:00:00Z", "end": "2024-05-21T12:59:00Z", "north": "41.828", "south": "41.808", "east": "-72.247", "west": "-72.267", "format": "netCDF-3", "sizeMB": 12.92}, "UConn_D3R_mrrpro_d02_disdrom_offset_spc_2023_03.zip": {"start": "2023-03-01T00:00:00Z", "end": "2023-03-31T23:59:00Z", "north": "41.828", "south": "41.808", "east": "-72.247", "west": "-72.267", "format": "netCDF-3", "sizeMB": 52.7}, "UConn_unit07_mrrpro_d02_disdrom_cal_mom_2023_12.zip": {"start": "2023-12-17T00:00:00Z", "end": "2023-12-31T23:59:00Z", "north": "41.828", "south": "41.808", "east": "-72.247", "west": "-72.267", "format": "netCDF-3", "sizeMB": 8.96}, "UConn_unit06_mrrpro_d02_disdrom_cal_mom_2024_04.zip": {"start": "2024-04-01T00:00:00Z", "end": "2024-04-30T23:59:00Z", "north": "41.828", "south": "41.808", "east": "-72.247", "west": "-72.267", "format": "netCDF-3", "sizeMB": 19.76}, "UConn_unit06_mrrpro_d02_disdrom_cal_mom_2024_01.zip": {"start": "2024-01-01T00:00:00Z", "end": "2024-01-31T23:59:00Z", "north": "41.828", "south": "41.808", "east": "-72.247", "west": "-72.267", "format": "netCDF-3", "sizeMB": 27.75}, "UConn_unit07_mrrpro_d02_disdrom_cal_mom_2024_02.zip": {"start": "2024-02-01T00:00:00Z", "end": "2024-02-29T23:59:00Z", "north": "41.828", "south": "41.808", "east": "-72.247", "west": "-72.267", "format": "netCDF-3", "sizeMB": 15.35}, "UConn_unit06_mrrpro_d02_disdrom_cal_mom_2024_03.zip": {"start": "2024-03-01T00:00:00Z", "end": "2024-03-31T23:59:00Z", "north": "41.828", "south": "41.808", "east": "-72.247", "west": "-72.267", "format": "netCDF-3", "sizeMB": 25.56}, "UConn_unit07_mrrpro_d02_disdrom_cal_mom_2024_01.zip": {"start": "2024-01-01T00:00:00Z", "end": "2024-01-31T23:59:00Z", "north": "41.828", "south": "41.808", "east": "-72.247", "west": "-72.267", "format": "netCDF-3", "sizeMB": 27.7}, "UConn_D3R_mrrpro_c01_mom_2023_02.zip": {"start": "2023-02-23T00:00:00Z", "end": "2023-02-28T23:59:00Z", "north": "41.828", "south": "41.808", "east": "-72.247", "west": "-72.267", "format": "netCDF-3", "sizeMB": 5.67}, "UConn_unit07_mrrpro_d02_disdrom_cal_mom_2024_03.zip": {"start": "2024-03-01T00:00:00Z", "end": "2024-03-31T23:59:00Z", "north": "41.828", "south": "41.808", "east": "-72.247", "west": "-72.267", "format": "netCDF-3", "sizeMB": 25.08}, "UConn_unit07_mrrpro_d02_disdrom_cal_mom_2024_04.zip": {"start": "2024-04-01T00:00:00Z", "end": "2024-04-30T23:59:00Z", "north": "41.828", "south": "41.808", "east": "-72.247", "west": "-72.267", "format": "netCDF-3", "sizeMB": 19.23}, "UConn_unit07_mrrpro_d02_disdrom_cal_mom_2024_05.zip": {"start": "2024-05-01T00:00:00Z", "end": "2024-05-21T12:59:00Z", "north": "41.828", "south": "41.808", "east": "-72.247", "west": "-72.267", "format": "netCDF-3", "sizeMB": 13.23}, "UConn_D3R_mrrpro_c01_mom_2023_04.zip": {"start": "2023-04-01T00:00:00Z", "end": "2023-04-19T11:59:00Z", "north": "41.828", "south": "41.808", "east": "-72.247", "west": "-72.267", "format": "netCDF-3", "sizeMB": 4.82}, "UConn_D3R_mrrpro_c01_mom_2023_03.zip": {"start": "2023-03-01T00:00:00Z", "end": "2023-03-31T23:59:00Z", "north": "41.828", "south": "41.808", "east": "-72.247", "west": "-72.267", "format": "netCDF-3", "sizeMB": 20.33}, "UConn_GAIL_mrrpro_c01_mom_2023_02.zip": {"start": "2023-02-23T00:00:00Z", "end": "2023-02-28T23:59:00Z", "north": "41.828", "south": "41.808", "east": "-72.247", "west": "-72.267", "format": "netCDF-3", "sizeMB": 5.8}, "UConn_D3R_mrrpro_c01_spc_2023_04.zip": {"start": "2023-04-01T00:00:00Z", "end": "2023-04-19T11:59:00Z", "north": "41.828", "south": "41.808", "east": "-72.247", "west": "-72.267", "format": "netCDF-3", "sizeMB": 15.29}, "UConn_D3R_mrrpro_c01_spc_2023_02.zip": {"start": "2023-02-23T00:00:00Z", "end": "2023-02-28T23:59:00Z", "north": "41.828", "south": "41.808", "east": "-72.247", "west": "-72.267", "format": "netCDF-3", "sizeMB": 14.79}, "UConn_GAIL_mrrpro_c01_mom_2023_04.zip": {"start": "2023-04-01T00:00:00Z", "end": "2023-04-18T12:59:00Z", "north": "41.828", "south": "41.808", "east": "-72.247", "west": "-72.267", "format": "netCDF-3", "sizeMB": 5.63}, "UConn_GAIL_mrrpro_c01_spc_2023_02.zip": {"start": "2023-02-23T00:00:00Z", "end": "2023-02-28T23:59:00Z", "north": "41.828", "south": "41.808", "east": "-72.247", "west": "-72.267", "format": "netCDF-3", "sizeMB": 15.31}, "UConn_GAIL_mrrpro_c01_mom_2023_03.zip": {"start": "2023-03-01T00:00:00Z", "end": "2023-03-31T23:59:00Z", "north": "41.828", "south": "41.808", "east": "-72.247", "west": "-72.267", "format": "netCDF-3", "sizeMB": 19.34}, "UConn_GAIL_mrrpro_c01_spc_2023_04.zip": {"start": "2023-04-01T00:00:00Z", "end": "2023-04-18T12:59:00Z", "north": "41.828", "south": "41.808", "east": "-72.247", "west": "-72.267", "format": "netCDF-3", "sizeMB": 13.78}, "UConn_unit06_mrrpro_c01_mom_2023_12.zip": {"start": "2023-12-17T00:00:00Z", "end": "2023-12-31T23:59:00Z", "north": "41.828", "south": "41.808", "east": "-72.247", "west": "-72.267", "format": "netCDF-3", "sizeMB": 8.35}, "UConn_unit06_mrrpro_c01_mom_2024_02.zip": {"start": "2024-02-01T00:00:00Z", "end": "2024-02-29T23:59:00Z", "north": "41.828", "south": "41.808", "east": "-72.247", "west": "-72.267", "format": "netCDF-3", "sizeMB": 15.38}, "UConn_D3R_mrrpro_c01_spc_2023_03.zip": {"start": "2023-03-01T00:00:00Z", "end": "2023-03-31T23:59:00Z", "north": "41.828", "south": "41.808", "east": "-72.247", "west": "-72.267", "format": "netCDF-3", "sizeMB": 54.52}, "UConn_GAIL_mrrpro_c01_spc_2023_03.zip": {"start": "2023-03-01T00:00:00Z", "end": "2023-03-31T23:59:00Z", "north": "41.828", "south": "41.808", "east": "-72.247", "west": "-72.267", "format": "netCDF-3", "sizeMB": 50.79}, "UConn_bad_mode_D3R_mrrpro_c01_mom_2022_2023.zip": {"start": "2022-12-23T00:00:00Z", "end": "2023-02-22T16:59:00Z", "north": "41.828", "south": "41.808", "east": "-72.247", "west": "-72.267", "format": "netCDF-3", "sizeMB": 34.94}, "UConn_unit06_mrrpro_c01_mom_2024_01.zip": {"start": "2024-01-01T00:00:00Z", "end": "2024-01-31T23:59:00Z", "north": "41.828", "south": "41.808", "east": "-72.247", "west": "-72.267", "format": "netCDF-3", "sizeMB": 27.44}, "UConn_unit06_mrrpro_c01_mom_2024_04.zip": {"start": "2024-04-01T00:00:00Z", "end": "2024-04-30T23:59:00Z", "north": "41.828", "south": "41.808", "east": "-72.247", "west": "-72.267", "format": "netCDF-3", "sizeMB": 19.53}, "UConn_unit06_mrrpro_c01_mom_2024_03.zip": {"start": "2024-03-01T00:00:00Z", "end": "2024-03-31T23:59:00Z", "north": "41.828", "south": "41.808", "east": "-72.247", "west": "-72.267", "format": "netCDF-3", "sizeMB": 25.26}, "UConn_bad_mode_GAIL_mrrpro_c01_mom_2022_2023.zip": {"start": "2022-12-17T00:00:00Z", "end": "2023-02-22T16:59:00Z", "north": "41.828", "south": "41.808", "east": "-72.247", "west": "-72.267", "format": "netCDF-3", "sizeMB": 38.21}, "UConn_unit06_mrrpro_c01_mom_2024_05.zip": {"start": "2024-05-01T00:00:00Z", "end": "2024-05-21T12:59:00Z", "north": "41.828", "south": "41.808", "east": "-72.247", "west": "-72.267", "format": "netCDF-3", "sizeMB": 12.79}, "UConn_unit07_mrrpro_c01_mom_2023_12.zip": {"start": "2023-12-17T00:00:00Z", "end": "2023-12-31T23:59:00Z", "north": "41.828", "south": "41.808", "east": "-72.247", "west": "-72.267", "format": "netCDF-3", "sizeMB": 8.61}, "UConn_unit06_mrrpro_c01_spc_2023_12.zip": {"start": "2023-12-17T00:00:00Z", "end": "2023-12-31T23:59:00Z", "north": "41.828", "south": "41.808", "east": "-72.247", "west": "-72.267", "format": "netCDF-3", "sizeMB": 27.72}, "UConn_unit07_mrrpro_c01_mom_2024_01.zip": {"start": "2024-01-01T00:00:00Z", "end": "2024-01-31T23:59:00Z", "north": "41.828", "south": "41.808", "east": "-72.247", "west": "-72.267", "format": "netCDF-3", "sizeMB": 26.34}, "UConn_unit07_mrrpro_c01_mom_2024_02.zip": {"start": "2024-02-01T00:00:00Z", "end": "2024-02-29T23:59:00Z", "north": "41.828", "south": "41.808", "east": "-72.247", "west": "-72.267", "format": "netCDF-3", "sizeMB": 14.12}, "UConn_unit06_mrrpro_c01_spc_2024_02.zip": {"start": "2024-02-01T00:00:00Z", "end": "2024-02-29T23:59:00Z", "north": "41.828", "south": "41.808", "east": "-72.247", "west": "-72.267", "format": "netCDF-3", "sizeMB": 47.17}, "UConn_unit06_mrrpro_c01_spc_2024_05.zip": {"start": "2024-05-01T00:00:00Z", "end": "2024-05-21T12:59:00Z", "north": "41.828", "south": "41.808", "east": "-72.247", "west": "-72.267", "format": "netCDF-3", "sizeMB": 43.44}, "UConn_bad_mode_D3R_mrrpro_c01_spc_2022_2023.zip": {"start": "2022-12-23T00:00:00Z", "end": "2023-02-22T16:59:00Z", "north": "41.828", "south": "41.808", "east": "-72.247", "west": "-72.267", "format": "netCDF-3", "sizeMB": 117.99}, "UConn_unit06_mrrpro_c01_spc_2024_04.zip": {"start": "2024-04-01T00:00:00Z", "end": "2024-04-30T23:59:00Z", "north": "41.828", "south": "41.808", "east": "-72.247", "west": "-72.267", "format": "netCDF-3", "sizeMB": 63.42}, "UConn_unit07_mrrpro_c01_mom_2024_03.zip": {"start": "2024-03-01T00:00:00Z", "end": "2024-03-31T23:59:00Z", "north": "41.828", "south": "41.808", "east": "-72.247", "west": "-72.267", "format": "netCDF-3", "sizeMB": 23.62}, "UConn_bad_mode_GAIL_mrrpro_c01_spc_2022_2023.zip": {"start": "2022-12-17T00:00:00Z", "end": "2023-02-22T16:59:00Z", "north": "41.828", "south": "41.808", "east": "-72.247", "west": "-72.267", "format": "netCDF-3", "sizeMB": 125.32}, "UConn_unit07_mrrpro_c01_mom_2024_05.zip": {"start": "2024-05-01T00:00:00Z", "end": "2024-05-21T12:59:00Z", "north": "41.828", "south": "41.808", "east": "-72.247", "west": "-72.267", "format": "netCDF-3", "sizeMB": 12.07}, "UConn_unit07_mrrpro_c01_mom_2024_04.zip": {"start": "2024-04-01T00:00:00Z", "end": "2024-04-30T23:59:00Z", "north": "41.828", "south": "41.808", "east": "-72.247", "west": "-72.267", "format": "netCDF-3", "sizeMB": 17.98}, "UConn_unit06_mrrpro_c01_spc_2024_03.zip": {"start": "2024-03-01T00:00:00Z", "end": "2024-03-31T23:59:00Z", "north": "41.828", "south": "41.808", "east": "-72.247", "west": "-72.267", "format": "netCDF-3", "sizeMB": 78.07}, "UConn_unit06_mrrpro_c01_spc_2024_01.zip": {"start": "2024-01-01T00:00:00Z", "end": "2024-01-31T23:59:00Z", "north": "41.828", "south": "41.808", "east": "-72.247", "west": "-72.267", "format": "netCDF-3", "sizeMB": 79.16}, "UConn_unit07_mrrpro_c01_spc_2023_12.zip": {"start": "2023-12-17T00:00:00Z", "end": "2023-12-31T23:59:00Z", "north": "41.828", "south": "41.808", "east": "-72.247", "west": "-72.267", "format": "netCDF-3", "sizeMB": 25.38}, "UConn_unit07_mrrpro_c01_spc_2024_02.zip": {"start": "2024-02-01T00:00:00Z", "end": "2024-02-29T23:59:00Z", "north": "41.828", "south": "41.808", "east": "-72.247", "west": "-72.267", "format": "netCDF-3", "sizeMB": 40.59}, "UConn_unit07_mrrpro_c01_spc_2024_05.zip": {"start": "2024-05-01T00:00:00Z", "end": "2024-05-21T12:59:00Z", "north": "41.828", "south": "41.808", "east": "-72.247", "west": "-72.267", "format": "netCDF-3", "sizeMB": 38.32}, "UConn_unit07_mrrpro_c01_spc_2024_04.zip": {"start": "2024-04-01T00:00:00Z", "end": "2024-04-30T23:59:00Z", "north": "41.828", "south": "41.808", "east": "-72.247", "west": "-72.267", "format": "netCDF-3", "sizeMB": 55.05}, "UConn_unit07_mrrpro_c01_spc_2024_01.zip": {"start": "2024-01-01T00:00:00Z", "end": "2024-01-31T23:59:00Z", "north": "41.828", "south": "41.808", "east": "-72.247", "west": "-72.267", "format": "netCDF-3", "sizeMB": 72.45}, "UConn_unit07_mrrpro_c01_spc_2024_03.zip": {"start": "2024-03-01T00:00:00Z", "end": "2024-03-31T23:59:00Z", "north": "41.828", "south": "41.808", "east": "-72.247", "west": "-72.267", "format": "netCDF-3", "sizeMB": 69.39}}