{"TCSP_EDOP_Nadir_L1B_RevA_200507200751_200507200828.nc": {"start": "2005-07-20T07:51:11Z", "end": "2005-07-20T08:28:14Z", "north": "11.402", "south": "7.93", "east": "-89.647", "west": "-90.978", "format": "netCDF-4", "sizeMB": 42.76}, "TCSP_EDOP_Nadir_L1B_RevA_200507240507_200507240556.nc": {"start": "2005-07-24T05:07:28Z", "end": "2005-07-24T05:56:00Z", "north": "21.486", "south": "20.452", "east": "-94.465", "west": "-96.567", "format": "netCDF-4", "sizeMB": 73.49}, "TCSP_EDOP_Nadir_L1B_RevA_200507052217_200507052318.nc": {"start": "2005-07-05T22:17:37Z", "end": "2005-07-05T23:18:51Z", "north": "13.213", "south": "12.152", "east": "-68.08", "west": "-74.806", "format": "netCDF-4", "sizeMB": 66.55}, "TCSP_EDOP_Nadir_L1B_RevA_200507052332_200507060031.nc": {"start": "2005-07-05T23:32:03Z", "end": "2005-07-06T00:31:32Z", "north": "11.755", "south": "10.388", "east": "-76.378", "west": "-83.249", "format": "netCDF-4", "sizeMB": 58.37}, "TCSP_EDOP_Forward_L1B_RevA_200507091129_200507091229.nc": {"start": "2005-07-09T11:29:53Z", "end": "2005-07-09T12:29:28Z", "north": "18.941", "south": "12.283", "east": "-84.227", "west": "-85.159", "format": "netCDF-4", "sizeMB": 100.11}, "TCSP_EDOP_Forward_L1B_RevA_200507250650_200507250750.nc": {"start": "2005-07-25T06:50:27Z", "end": "2005-07-25T07:50:12Z", "north": "21.514", "south": "19.32", "east": "-92.319", "west": "-98.346", "format": "netCDF-4", "sizeMB": 99.9}, "TCSP_EDOP_Nadir_L1B_RevA_200507091432_200507091533.nc": {"start": "2005-07-09T14:32:03Z", "end": "2005-07-09T15:33:19Z", "north": "24.785", "south": "23.965", "east": "-82.13", "west": "-86.206", "format": "netCDF-4", "sizeMB": 98.1}, "TCSP_EDOP_Forward_L1B_RevA_200507151003_200507151104.nc": {"start": "2005-07-15T10:03:18Z", "end": "2005-07-15T11:04:33Z", "north": "14.007", "south": "12.318", "east": "-90.305", "west": "-96.104", "format": "netCDF-4", "sizeMB": 106.92}, "TCSP_EDOP_Forward_L1B_RevA_200507150902_200507151003.nc": {"start": "2005-07-15T09:02:02Z", "end": "2005-07-15T10:03:17Z", "north": "13.893", "south": "12.011", "east": "-94.611", "west": "-97.41", "format": "netCDF-4", "sizeMB": 103.4}, "TCSP_EDOP_Forward_L1B_RevA_200507070137_200507070153.nc": {"start": "2005-07-07T01:37:05Z", "end": "2005-07-07T01:53:21Z", "north": "16.16", "south": "15.217", "east": "-73.426", "west": "-75.097", "format": "netCDF-4", "sizeMB": 25.09}, "TCSP_EDOP_Nadir_L1B_RevA_200507240557_200507240656.nc": {"start": "2005-07-24T05:57:07Z", "end": "2005-07-24T06:56:50Z", "north": "21.72", "south": "19.294", "east": "-94.086", "west": "-95.732", "format": "netCDF-4", "sizeMB": 100.84}, "TCSP_EDOP_Forward_L1B_RevA_200507200626_200507200650.nc": {"start": "2005-07-20T06:26:55Z", "end": "2005-07-20T06:50:19Z", "north": "11.436", "south": "9.526", "east": "-85.32", "west": "-87.325", "format": "netCDF-4", "sizeMB": 46.67}, "TCSP_EDOP_Forward_L1B_RevA_200507170710_200507170810.nc": {"start": "2005-07-17T07:10:47Z", "end": "2005-07-17T08:10:16Z", "north": "18.894", "south": "15.43", "east": "-79.723", "west": "-83.639", "format": "netCDF-4", "sizeMB": 110.77}, "TCSP_EDOP_Forward_L1B_RevA_200507230242_200507230305.nc": {"start": "2005-07-23T02:42:31Z", "end": "2005-07-23T03:05:57Z", "north": "15.14", "south": "12.568", "east": "-84.321", "west": "-85.051", "format": "netCDF-4", "sizeMB": 42.57}, "TCSP_EDOP_Nadir_L1B_RevA_200507201118_200507201141.nc": {"start": "2005-07-20T11:18:40Z", "end": "2005-07-20T11:41:58Z", "north": "10.026", "south": "8.951", "east": "-85.517", "west": "-87.236", "format": "netCDF-4", "sizeMB": 28.32}, "TCSP_EDOP_Nadir_L1B_RevA_200507151104_200507151152.nc": {"start": "2005-07-15T11:04:35Z", "end": "2005-07-15T11:52:31Z", "north": "12.316", "south": "9.75", "east": "-85.977", "west": "-90.303", "format": "netCDF-4", "sizeMB": 47.09}, "TCSP_EDOP_Nadir_L1B_RevA_200507250337_200507250437.nc": {"start": "2005-07-25T03:37:54Z", "end": "2005-07-25T04:37:39Z", "north": "20.272", "south": "16.213", "east": "-91.942", "west": "-97.977", "format": "netCDF-4", "sizeMB": 85.04}, "TCSP_EDOP_Forward_L1B_RevA_200507270627_200507270640.nc": {"start": "2005-07-27T06:27:25Z", "end": "2005-07-27T06:40:04Z", "north": "10.701", "south": "10.187", "east": "-84.911", "west": "-86.322", "format": "netCDF-4", "sizeMB": 9.95}, "TCSP_EDOP_Forward_L1B_RevA_200507230307_200507230406.nc": {"start": "2005-07-23T03:07:05Z", "end": "2005-07-23T04:06:49Z", "north": "21.842", "south": "15.266", "east": "-85.087", "west": "-86.366", "format": "netCDF-4", "sizeMB": 120.39}, "TCSP_EDOP_Nadir_L1B_RevA_200507160946_200507161045.nc": {"start": "2005-07-16T09:46:23Z", "end": "2005-07-16T10:45:52Z", "north": "9.251", "south": "4.882", "east": "-90.272", "west": "-91.194", "format": "netCDF-4", "sizeMB": 86.05}, "TCSP_EDOP_Forward_L1B_RevA_200507201018_200507201118.nc": {"start": "2005-07-20T10:18:55Z", "end": "2005-07-20T11:18:38Z", "north": "11.378", "south": "8.951", "east": "-86.391", "west": "-87.928", "format": "netCDF-4", "sizeMB": 117.12}, "TCSP_EDOP_Nadir_L1B_RevA_200507250910_200507250920.nc": {"start": "2005-07-25T09:10:43Z", "end": "2005-07-25T09:20:15Z", "north": "12.662", "south": "11.772", "east": "-86.324", "west": "-86.916", "format": "netCDF-4", "sizeMB": 10.37}, "TCSP_EDOP_Nadir_L1B_RevA_200507271014_200507271108.nc": {"start": "2005-07-27T10:14:07Z", "end": "2005-07-27T11:08:20Z", "north": "10.519", "south": "8.987", "east": "-80.537", "west": "-84.659", "format": "netCDF-4", "sizeMB": 73.06}, "TCSP_EDOP_Forward_L1B_RevA_200507161046_200507161147.nc": {"start": "2005-07-16T10:46:17Z", "end": "2005-07-16T11:47:23Z", "north": "11.214", "south": "6.789", "east": "-87.966", "west": "-90.25", "format": "netCDF-4", "sizeMB": 108.05}, "TCSP_EDOP_Forward_L1B_RevA_200507062338_200507062344.nc": {"start": "2005-07-06T23:38:28Z", "end": "2005-07-06T23:44:06Z", "north": "16.797", "south": "16.175", "east": "-72.79", "west": "-73.066", "format": "netCDF-4", "sizeMB": 12.52}, "TCSP_EDOP_Forward_L1B_RevA_200507270850_200507270927.nc": {"start": "2005-07-27T08:50:18Z", "end": "2005-07-27T09:27:22Z", "north": "9.916", "south": "9.407", "east": "-82.452", "west": "-86.351", "format": "netCDF-4", "sizeMB": 63.49}, "TCSP_EDOP_Forward_L1B_RevA_200507052050_200507052116.nc": {"start": "2005-07-05T20:50:14Z", "end": "2005-07-05T21:16:46Z", "north": "14.162", "south": "13.702", "east": "-65.974", "west": "-68.533", "format": "netCDF-4", "sizeMB": 50.84}, "TCSP_EDOP_Forward_L1B_RevA_200507230406_200507230507.nc": {"start": "2005-07-23T04:06:51Z", "end": "2005-07-23T05:07:50Z", "north": "22.805", "south": "21.844", "east": "-86.02", "west": "-92.207", "format": "netCDF-4", "sizeMB": 103.45}, "TCSP_EDOP_Nadir_L1B_RevA_200507160832_200507160853.nc": {"start": "2005-07-16T08:32:31Z", "end": "2005-07-16T08:53:34Z", "north": "6.371", "south": "4.683", "east": "-88.66", "west": "-89.428", "format": "netCDF-4", "sizeMB": 25.58}, "TCSP_EDOP_Forward_L1B_RevA_200507170810_200507170911.nc": {"start": "2005-07-17T08:10:36Z", "end": "2005-07-17T09:11:33Z", "north": "19.097", "south": "16.898", "east": "-80.539", "west": "-83.632", "format": "netCDF-4", "sizeMB": 119.01}, "TCSP_EDOP_Forward_L1B_RevA_200507070012_200507070020.nc": {"start": "2005-07-07T00:12:35Z", "end": "2005-07-07T00:20:56Z", "north": "17.039", "south": "16.253", "east": "-72.4", "west": "-72.822", "format": "netCDF-4", "sizeMB": 18.37}, "TCSP_EDOP_Nadir_L1B_RevA_200507230736_200507230806.nc": {"start": "2005-07-23T07:36:04Z", "end": "2005-07-23T08:06:06Z", "north": "18.324", "south": "15.563", "east": "-85.657", "west": "-87.186", "format": "netCDF-4", "sizeMB": 42.05}, "TCSP_EDOP_Forward_L1B_RevA_200507021543_200507021619.nc": {"start": "2005-07-02T15:43:38Z", "end": "2005-07-02T16:19:44Z", "north": "14.906", "south": "10.907", "east": "-83.182", "west": "-84.024", "format": "netCDF-4", "sizeMB": 61.38}, "TCSP_EDOP_Nadir_L1B_RevA_200507230508_200507230510.nc": {"start": "2005-07-23T05:08:09Z", "end": "2005-07-23T05:10:12Z", "north": "22.083", "south": "21.865", "east": "-92.013", "west": "-92.062", "format": "netCDF-4", "sizeMB": 1.97}, "TCSP_EDOP_Forward_L1B_RevA_200507171221_200507171320.nc": {"start": "2005-07-17T12:21:45Z", "end": "2005-07-17T13:20:04Z", "north": "16.03", "south": "10.155", "east": "-82.377", "west": "-83.719", "format": "netCDF-4", "sizeMB": 88.78}, "TCSP_EDOP_Nadir_L1B_RevA_200507060031_200507060036.nc": {"start": "2005-07-06T00:31:48Z", "end": "2005-07-06T00:36:25Z", "north": "10.375", "south": "10.139", "east": "-83.267", "west": "-83.568", "format": "netCDF-4", "sizeMB": 5.62}, "TCSP_EDOP_Forward_L1B_RevA_200507150715_200507150801.nc": {"start": "2005-07-15T07:15:38Z", "end": "2005-07-15T08:01:10Z", "north": "11.044", "south": "8.734", "east": "-91.172", "west": "-95.099", "format": "netCDF-4", "sizeMB": 82.31}, "TCSP_EDOP_Nadir_L1B_RevA_200507240656_200507240746.nc": {"start": "2005-07-24T06:56:52Z", "end": "2005-07-24T07:46:13Z", "north": "20.929", "south": "18.213", "east": "-90.636", "west": "-94.844", "format": "netCDF-4", "sizeMB": 60.4}, "TCSP_EDOP_Forward_L1B_RevA_200507230535_200507230634.nc": {"start": "2005-07-23T05:35:00Z", "end": "2005-07-23T06:34:45Z", "north": "20.045", "south": "17.774", "east": "-88.933", "west": "-92.493", "format": "netCDF-4", "sizeMB": 101.04}, "TCSP_EDOP_Forward_L1B_RevA_200507200651_200507200751.nc": {"start": "2005-07-20T06:51:26Z", "end": "2005-07-20T07:51:10Z", "north": "13.299", "south": "11.404", "east": "-87.423", "west": "-89.646", "format": "netCDF-4", "sizeMB": 97.24}, "TCSP_EDOP_Nadir_L1B_RevA_200507062348_200507062356.nc": {"start": "2005-07-06T23:48:07Z", "end": "2005-07-06T23:56:09Z", "north": "16.798", "south": "15.928", "east": "-72.894", "west": "-73.07", "format": "netCDF-4", "sizeMB": 14.61}, "TCSP_EDOP_Forward_L1B_RevA_200507052029_200507052049.nc": {"start": "2005-07-05T20:29:04Z", "end": "2005-07-05T20:49:06Z", "north": "13.849", "south": "13.833", "east": "-68.634", "west": "-70.719", "format": "netCDF-4", "sizeMB": 41.19}, "TCSP_EDOP_Forward_L1B_RevA_200507070126_200507070134.nc": {"start": "2005-07-07T01:26:35Z", "end": "2005-07-07T01:34:35Z", "north": "17.23", "south": "16.352", "east": "-73.247", "west": "-73.254", "format": "netCDF-4", "sizeMB": 17.34}, "TCSP_EDOP_Forward_L1B_RevA_200507200853_200507200952.nc": {"start": "2005-07-20T08:53:00Z", "end": "2005-07-20T09:52:28Z", "north": "10.898", "south": "7.951", "east": "-85.612", "west": "-88.531", "format": "netCDF-4", "sizeMB": 111.51}, "TCSP_EDOP_Nadir_L1B_RevA_200507171122_200507171221.nc": {"start": "2005-07-17T11:22:00Z", "end": "2005-07-17T12:21:45Z", "north": "18.998", "south": "16.032", "east": "-81.814", "west": "-82.688", "format": "netCDF-4", "sizeMB": 68.77}, "TCSP_EDOP_Forward_L1B_RevA_200507021342_200507021442.nc": {"start": "2005-07-02T13:42:36Z", "end": "2005-07-02T14:42:20Z", "north": "14.077", "south": "13.309", "east": "-81.415", "west": "-82.912", "format": "netCDF-4", "sizeMB": 118.23}, "TCSP_EDOP_Forward_L1B_RevA_200507091634_200507091735.nc": {"start": "2005-07-09T16:34:37Z", "end": "2005-07-09T17:35:37Z", "north": "17.322", "south": "10.713", "east": "-84.509", "west": "-84.978", "format": "netCDF-4", "sizeMB": 100.21}, "TCSP_EDOP_Nadir_L1B_RevA_200507240758_200507240859.nc": {"start": "2005-07-24T07:58:08Z", "end": "2005-07-24T08:59:22Z", "north": "17.698", "south": "12.162", "east": "-85.955", "west": "-89.465", "format": "netCDF-4", "sizeMB": 66.53}, "TCSP_EDOP_Forward_L1B_RevA_200507062306_200507062314.nc": {"start": "2005-07-06T23:06:01Z", "end": "2005-07-06T23:14:12Z", "north": "16.711", "south": "16.203", "east": "-72.558", "west": "-73.176", "format": "netCDF-4", "sizeMB": 18.65}, "TCSP_EDOP_Nadir_L1B_RevA_200507062317_200507062322.nc": {"start": "2005-07-06T23:17:51Z", "end": "2005-07-06T23:22:59Z", "north": "16.533", "south": "16.532", "east": "-72.588", "west": "-73.234", "format": "netCDF-4", "sizeMB": 9.72}, "TCSP_EDOP_Nadir_L1B_RevA_200507062031_200507062130.nc": {"start": "2005-07-06T20:31:01Z", "end": "2005-07-06T21:30:38Z", "north": "14.067", "south": "11.227", "east": "-75.916", "west": "-81.73", "format": "netCDF-4", "sizeMB": 66.07}, "TCSP_EDOP_Forward_L1B_RevA_200507170911_200507170956.nc": {"start": "2005-07-17T09:11:50Z", "end": "2005-07-17T09:56:54Z", "north": "18.884", "south": "17.487", "east": "-80.869", "west": "-82.472", "format": "netCDF-4", "sizeMB": 95.86}, "TCSP_EDOP_Nadir_L1B_RevA_200507160854_200507160945.nc": {"start": "2005-07-16T08:54:42Z", "end": "2005-07-16T09:45:16Z", "north": "10.203", "south": "6.489", "east": "-89.487", "west": "-91.289", "format": "netCDF-4", "sizeMB": 69.2}, "TCSP_EDOP_Forward_L1B_RevA_200507230807_200507230907.nc": {"start": "2005-07-23T08:07:15Z", "end": "2005-07-23T09:07:00Z", "north": "15.663", "south": "12.268", "east": "-83.551", "west": "-85.798", "format": "netCDF-4", "sizeMB": 102.97}, "TCSP_EDOP_Nadir_L1B_RevA_200507051828_200507051927.nc": {"start": "2005-07-05T18:28:11Z", "end": "2005-07-05T19:27:47Z", "north": "11.998", "south": "10.811", "east": "-75.869", "west": "-82.009", "format": "netCDF-4", "sizeMB": 52.38}, "TCSP_EDOP_Nadir_L1B_RevA_200507070001_200507070009.nc": {"start": "2005-07-07T00:01:01Z", "end": "2005-07-07T00:09:16Z", "north": "16.963", "south": "16.005", "east": "-72.846", "west": "-73.03", "format": "netCDF-4", "sizeMB": 15.05}, "TCSP_EDOP_Nadir_L1B_RevA_200507070054_200507070107.nc": {"start": "2005-07-07T00:54:32Z", "end": "2005-07-07T01:07:29Z", "north": "17.49", "south": "15.987", "east": "-73.199", "west": "-73.204", "format": "netCDF-4", "sizeMB": 22.17}, "TCSP_EDOP_Nadir_L1B_RevA_200507171057_200507171120.nc": {"start": "2005-07-17T10:57:48Z", "end": "2005-07-17T11:20:52Z", "north": "18.691", "south": "17.465", "east": "-82.427", "west": "-83.358", "format": "netCDF-4", "sizeMB": 36.21}, "TCSP_EDOP_Forward_L1B_RevA_200507250234_200507250318.nc": {"start": "2005-07-25T02:34:06Z", "end": "2005-07-25T03:18:53Z", "north": "14.909", "south": "11.817", "east": "-85.826", "west": "-90.082", "format": "netCDF-4", "sizeMB": 79.61}, "TCSP_EDOP_Forward_L1B_RevA_200507062130_200507062155.nc": {"start": "2005-07-06T21:30:39Z", "end": "2005-07-06T21:55:47Z", "north": "15.135", "south": "14.068", "east": "-73.401", "west": "-75.915", "format": "netCDF-4", "sizeMB": 47.43}, "TCSP_EDOP_Nadir_L1B_RevA_200507070049_200507070051.nc": {"start": "2005-07-07T00:49:10Z", "end": "2005-07-07T00:51:14Z", "north": "15.596", "south": "15.357", "east": "-73.212", "west": "-73.252", "format": "netCDF-4", "sizeMB": 1.27}, "TCSP_EDOP_Nadir_L1B_RevA_200507062327_200507062334.nc": {"start": "2005-07-06T23:27:27Z", "end": "2005-07-06T23:34:22Z", "north": "16.689", "south": "16.245", "east": "-72.58", "west": "-73.157", "format": "netCDF-4", "sizeMB": 12.34}, "TCSP_EDOP_Forward_L1B_RevA_200507052318_200507052330.nc": {"start": "2005-07-05T23:18:53Z", "end": "2005-07-05T23:30:56Z", "north": "12.151", "south": "11.789", "east": "-74.808", "west": "-76.245", "format": "netCDF-4", "sizeMB": 19.0}, "TCSP_EDOP_Nadir_L1B_RevA_200507070030_200507070033.nc": {"start": "2005-07-07T00:30:49Z", "end": "2005-07-07T00:33:35Z", "north": "15.25", "south": "15.124", "east": "-72.52", "west": "-72.823", "format": "netCDF-4", "sizeMB": 5.0}, "TCSP_EDOP_Nadir_L1B_RevA_200507270928_200507271005.nc": {"start": "2005-07-27T09:28:28Z", "end": "2005-07-27T10:05:47Z", "north": "10.198", "south": "9.419", "east": "-81.178", "west": "-82.537", "format": "netCDF-4", "sizeMB": 53.56}, "TCSP_EDOP_Nadir_L1B_RevA_200507240357_200507240404.nc": {"start": "2005-07-24T03:57:02Z", "end": "2005-07-24T04:04:41Z", "north": "18.927", "south": "18.283", "east": "-90.043", "west": "-90.708", "format": "netCDF-4", "sizeMB": 9.55}, "TCSP_EDOP_Nadir_L1B_RevA_200507270750_200507270850.nc": {"start": "2005-07-27T07:50:35Z", "end": "2005-07-27T08:50:16Z", "north": "11.697", "south": "9.917", "east": "-86.353", "west": "-91.203", "format": "netCDF-4", "sizeMB": 71.65}, "TCSP_EDOP_Nadir_L1B_RevA_200507161147_200507161225.nc": {"start": "2005-07-16T11:47:24Z", "end": "2005-07-16T12:25:56Z", "north": "11.237", "south": "10.238", "east": "-85.406", "west": "-88.332", "format": "netCDF-4", "sizeMB": 44.67}, "TCSP_EDOP_Forward_L1B_RevA_200507051927_200507052029.nc": {"start": "2005-07-05T19:27:48Z", "end": "2005-07-05T20:29:02Z", "north": "14.011", "south": "11.998", "east": "-70.721", "west": "-75.868", "format": "netCDF-4", "sizeMB": 106.67}, "TCSP_EDOP_Forward_L1B_RevA_200507270651_200507270749.nc": {"start": "2005-07-27T06:51:56Z", "end": "2005-07-27T07:49:28Z", "north": "13.112", "south": "11.18", "east": "-87.659", "west": "-91.61", "format": "netCDF-4", "sizeMB": 87.44}, "TCSP_EDOP_Forward_L1B_RevA_200507250437_200507250538.nc": {"start": "2005-07-25T04:37:41Z", "end": "2005-07-25T05:38:57Z", "north": "23.235", "south": "20.273", "east": "-97.242", "west": "-99.641", "format": "netCDF-4", "sizeMB": 119.06}, "TCSP_EDOP_Forward_L1B_RevA_200507021442_200507021543.nc": {"start": "2005-07-02T14:42:21Z", "end": "2005-07-02T15:43:35Z", "north": "15.224", "south": "13.717", "east": "-80.643", "west": "-83.181", "format": "netCDF-4", "sizeMB": 115.56}, "TCSP_EDOP_Forward_L1B_RevA_200507062227_200507062240.nc": {"start": "2005-07-06T22:27:31Z", "end": "2005-07-06T22:40:21Z", "north": "16.921", "south": "15.846", "east": "-71.514", "west": "-72.586", "format": "netCDF-4", "sizeMB": 27.31}, "TCSP_EDOP_Nadir_L1B_RevA_200507250538_200507250639.nc": {"start": "2005-07-25T05:38:58Z", "end": "2005-07-25T06:39:59Z", "north": "23.234", "south": "22.271", "east": "-97.898", "west": "-99.737", "format": "netCDF-4", "sizeMB": 90.79}, "TCSP_EDOP_Forward_L1B_RevA_200507091229_200507091330.nc": {"start": "2005-07-09T12:29:30Z", "end": "2005-07-09T13:30:30Z", "north": "24.448", "south": "18.944", "east": "-84.853", "west": "-86.25", "format": "netCDF-4", "sizeMB": 102.94}, "TCSP_EDOP_Forward_L1B_RevA_200507062302_200507062304.nc": {"start": "2005-07-06T23:02:43Z", "end": "2005-07-06T23:04:55Z", "north": "16.14", "south": "15.977", "east": "-72.723", "west": "-72.946", "format": "netCDF-4", "sizeMB": 5.03}, "TCSP_EDOP_Nadir_L1B_RevA_200507250640_200507250649.nc": {"start": "2005-07-25T06:40:16Z", "end": "2005-07-25T06:49:19Z", "north": "22.251", "south": "21.573", "east": "-98.453", "west": "-99.172", "format": "netCDF-4", "sizeMB": 10.65}, "TCSP_EDOP_Nadir_L1B_RevA_200507160631_200507160731.nc": {"start": "2005-07-16T06:31:36Z", "end": "2005-07-16T07:31:13Z", "north": "9.876", "south": "5.855", "east": "-84.999", "west": "-86.948", "format": "netCDF-4", "sizeMB": 76.38}, "TCSP_EDOP_Nadir_L1B_RevA_200507240230_200507240256.nc": {"start": "2005-07-24T02:30:46Z", "end": "2005-07-24T02:56:10Z", "north": "13.075", "south": "10.789", "east": "-82.976", "west": "-84.842", "format": "netCDF-4", "sizeMB": 24.79}, "TCSP_EDOP_Forward_L1B_RevA_200507250851_200507250909.nc": {"start": "2005-07-25T08:51:31Z", "end": "2005-07-25T09:09:33Z", "north": "14.429", "south": "12.77", "east": "-86.988", "west": "-88.105", "format": "netCDF-4", "sizeMB": 31.26}, "TCSP_EDOP_Forward_L1B_RevA_200507052117_200507052217.nc": {"start": "2005-07-05T21:17:52Z", "end": "2005-07-05T22:17:35Z", "north": "16.259", "south": "13.215", "east": "-65.917", "west": "-68.16", "format": "netCDF-4", "sizeMB": 114.34}, "TCSP_EDOP_Forward_L1B_RevA_200507240257_200507240357.nc": {"start": "2005-07-24T02:57:17Z", "end": "2005-07-24T03:57:01Z", "north": "18.282", "south": "13.174", "east": "-84.937", "west": "-90.043", "format": "netCDF-4", "sizeMB": 96.99}, "TCSP_EDOP_Forward_L1B_RevA_200507091330_200507091432.nc": {"start": "2005-07-09T13:30:46Z", "end": "2005-07-09T14:32:02Z", "north": "24.586", "south": "24.397", "east": "-82.103", "west": "-84.916", "format": "netCDF-4", "sizeMB": 124.46}, "TCSP_EDOP_Nadir_L1B_RevA_200507250750_200507250851.nc": {"start": "2005-07-25T07:50:13Z", "end": "2005-07-25T08:51:29Z", "north": "19.32", "south": "14.431", "east": "-88.107", "west": "-92.318", "format": "netCDF-4", "sizeMB": 78.29}, "TCSP_EDOP_Forward_L1B_RevA_200507230634_200507230736.nc": {"start": "2005-07-23T06:34:47Z", "end": "2005-07-23T07:36:03Z", "north": "21.806", "south": "18.325", "east": "-87.091", "west": "-88.931", "format": "netCDF-4", "sizeMB": 115.59}, "TCSP_EDOP_Nadir_L1B_RevA_200507062244_200507062251.nc": {"start": "2005-07-06T22:44:39Z", "end": "2005-07-06T22:51:46Z", "north": "16.064", "south": "16.022", "east": "-71.851", "west": "-72.63", "format": "netCDF-4", "sizeMB": 13.18}, "TCSP_EDOP_Forward_L1B_RevA_200507160731_200507160832.nc": {"start": "2005-07-16T07:31:15Z", "end": "2005-07-16T08:32:29Z", "north": "10.391", "south": "4.775", "east": "-86.916", "west": "-89.516", "format": "netCDF-4", "sizeMB": 119.78}, "TCSP_EDOP_Nadir_L1B_RevA_200507240458_200507240506.nc": {"start": "2005-07-24T04:58:18Z", "end": "2005-07-24T05:06:20Z", "north": "21.908", "south": "21.357", "east": "-94.466", "west": "-95.194", "format": "netCDF-4", "sizeMB": 5.86}, "TCSP_EDOP_Forward_L1B_RevA_200507200953_200507201017.nc": {"start": "2005-07-20T09:53:16Z", "end": "2005-07-20T10:17:46Z", "north": "11.567", "south": "9.223", "east": "-86.266", "west": "-87.868", "format": "netCDF-4", "sizeMB": 28.59}, "TCSP_EDOP_Forward_L1B_RevA_200507070021_200507070029.nc": {"start": "2005-07-07T00:21:36Z", "end": "2005-07-07T00:29:16Z", "north": "16.183", "south": "15.373", "east": "-72.381", "west": "-72.417", "format": "netCDF-4", "sizeMB": 14.76}, "TCSP_EDOP_Forward_L1B_RevA_200507230907_200507230940.nc": {"start": "2005-07-23T09:07:01Z", "end": "2005-07-23T09:40:08Z", "north": "12.267", "south": "9.88", "east": "-82.139", "west": "-83.55", "format": "netCDF-4", "sizeMB": 53.01}, "TCSP_EDOP_Nadir_L1B_RevA_200507240859_200507240914.nc": {"start": "2005-07-24T08:59:24Z", "end": "2005-07-24T09:14:18Z", "north": "12.16", "south": "10.547", "east": "-85.781", "west": "-85.955", "format": "netCDF-4", "sizeMB": 16.32}, "TCSP_EDOP_Nadir_L1B_RevA_200507170958_200507171057.nc": {"start": "2005-07-17T09:58:02Z", "end": "2005-07-17T10:57:47Z", "north": "18.874", "south": "17.456", "east": "-81.82", "west": "-83.24", "format": "netCDF-4", "sizeMB": 101.2}, "TCSP_EDOP_Forward_L1B_RevA_200507021322_200507021341.nc": {"start": "2005-07-02T13:22:06Z", "end": "2005-07-02T13:41:29Z", "north": "13.185", "south": "11.061", "east": "-82.608", "west": "-82.84", "format": "netCDF-4", "sizeMB": 30.6}, "TCSP_EDOP_Nadir_L1B_RevA_200507200829_200507200851.nc": {"start": "2005-07-20T08:29:21Z", "end": "2005-07-20T08:51:53Z", "north": "9.618", "south": "8.01", "east": "-88.605", "west": "-90.242", "format": "netCDF-4", "sizeMB": 23.33}, "TCSP_EDOP_Nadir_L1B_RevA_200507091735_200507091743.nc": {"start": "2005-07-09T17:35:53Z", "end": "2005-07-09T17:43:35Z", "north": "10.695", "south": "10.275", "east": "-84.524", "west": "-84.779", "format": "netCDF-4", "sizeMB": 9.19}, "TCSP_EDOP_Forward_L1B_RevA_200507062256_200507062301.nc": {"start": "2005-07-06T22:56:55Z", "end": "2005-07-06T23:01:01Z", "north": "16.205", "south": "15.958", "east": "-72.103", "west": "-72.53", "format": "netCDF-4", "sizeMB": 9.07}, "TCSP_EDOP_Forward_L1B_RevA_200507062157_200507062219.nc": {"start": "2005-07-06T21:57:06Z", "end": "2005-07-06T22:19:26Z", "north": "16.913", "south": "15.223", "east": "-71.518", "west": "-73.285", "format": "netCDF-4", "sizeMB": 47.62}, "TCSP_EDOP_Nadir_L1B_RevA_200507091533_200507091634.nc": {"start": "2005-07-09T15:33:19Z", "end": "2005-07-09T16:34:35Z", "north": "23.964", "south": "17.323", "east": "-84.978", "west": "-86.25", "format": "netCDF-4", "sizeMB": 75.34}, "TCSP_EDOP_Nadir_L1B_RevA_200507230406_200507230507.nc": {"start": "2005-07-23T04:06:51Z", "end": "2005-07-23T05:07:50Z", "north": "22.805", "south": "21.844", "east": "-86.02", "west": "-92.207", "format": "netCDF-4", "sizeMB": 75.9}, "TCSP_EDOP_Nadir_L1B_RevA_200507170810_200507170911.nc": {"start": "2005-07-17T08:10:36Z", "end": "2005-07-17T09:11:33Z", "north": "19.097", "south": "16.898", "east": "-80.539", "west": "-83.632", "format": "netCDF-4", "sizeMB": 92.47}, "TCSP_EDOP_Nadir_L1B_RevA_200507070012_200507070020.nc": {"start": "2005-07-07T00:12:35Z", "end": "2005-07-07T00:20:56Z", "north": "17.039", "south": "16.253", "east": "-72.4", "west": "-72.822", "format": "netCDF-4", "sizeMB": 15.13}, "TCSP_EDOP_Forward_L1B_RevA_200507160832_200507160853.nc": {"start": "2005-07-16T08:32:31Z", "end": "2005-07-16T08:53:34Z", "north": "6.371", "south": "4.683", "east": "-88.66", "west": "-89.428", "format": "netCDF-4", "sizeMB": 35.1}, "TCSP_EDOP_Forward_L1B_RevA_200507230508_200507230510.nc": {"start": "2005-07-23T05:08:09Z", "end": "2005-07-23T05:10:12Z", "north": "22.083", "south": "21.865", "east": "-92.013", "west": "-92.062", "format": "netCDF-4", "sizeMB": 2.68}, "TCSP_EDOP_Nadir_L1B_RevA_200507021543_200507021619.nc": {"start": "2005-07-02T15:43:38Z", "end": "2005-07-02T16:19:44Z", "north": "14.906", "south": "10.907", "east": "-83.182", "west": "-84.024", "format": "netCDF-4", "sizeMB": 46.52}, "TCSP_EDOP_Forward_L1B_RevA_200507230736_200507230806.nc": {"start": "2005-07-23T07:36:04Z", "end": "2005-07-23T08:06:06Z", "north": "18.324", "south": "15.563", "east": "-85.657", "west": "-87.186", "format": "netCDF-4", "sizeMB": 54.88}, "TCSP_EDOP_Forward_L1B_RevA_200507060031_200507060036.nc": {"start": "2005-07-06T00:31:48Z", "end": "2005-07-06T00:36:25Z", "north": "10.375", "south": "10.139", "east": "-83.267", "west": "-83.568", "format": "netCDF-4", "sizeMB": 7.15}, "TCSP_EDOP_Nadir_L1B_RevA_200507150715_200507150801.nc": {"start": "2005-07-15T07:15:38Z", "end": "2005-07-15T08:01:10Z", "north": "11.044", "south": "8.734", "east": "-91.172", "west": "-95.099", "format": "netCDF-4", "sizeMB": 51.61}, "TCSP_EDOP_Forward_L1B_RevA_200507240656_200507240746.nc": {"start": "2005-07-24T06:56:52Z", "end": "2005-07-24T07:46:13Z", "north": "20.929", "south": "18.213", "east": "-90.636", "west": "-94.844", "format": "netCDF-4", "sizeMB": 91.35}, "TCSP_EDOP_Nadir_L1B_RevA_200507171221_200507171320.nc": {"start": "2005-07-17T12:21:45Z", "end": "2005-07-17T13:20:04Z", "north": "16.03", "south": "10.155", "east": "-82.377", "west": "-83.719", "format": "netCDF-4", "sizeMB": 67.1}, "TCSP_EDOP_Forward_L1B_RevA_200507062348_200507062356.nc": {"start": "2005-07-06T23:48:07Z", "end": "2005-07-06T23:56:09Z", "north": "16.798", "south": "15.928", "east": "-72.894", "west": "-73.07", "format": "netCDF-4", "sizeMB": 17.87}, "TCSP_EDOP_Nadir_L1B_RevA_200507052029_200507052049.nc": {"start": "2005-07-05T20:29:04Z", "end": "2005-07-05T20:49:06Z", "north": "13.849", "south": "13.833", "east": "-68.634", "west": "-70.719", "format": "netCDF-4", "sizeMB": 9.43}, "TCSP_EDOP_Nadir_L1B_RevA_200507230535_200507230634.nc": {"start": "2005-07-23T05:35:00Z", "end": "2005-07-23T06:34:45Z", "north": "20.045", "south": "17.774", "east": "-88.933", "west": "-92.493", "format": "netCDF-4", "sizeMB": 76.15}, "TCSP_EDOP_Nadir_L1B_RevA_200507200651_200507200751.nc": {"start": "2005-07-20T06:51:26Z", "end": "2005-07-20T07:51:10Z", "north": "13.299", "south": "11.404", "east": "-87.423", "west": "-89.646", "format": "netCDF-4", "sizeMB": 70.55}, "TCSP_EDOP_Forward_L1B_RevA_200507171122_200507171221.nc": {"start": "2005-07-17T11:22:00Z", "end": "2005-07-17T12:21:45Z", "north": "18.998", "south": "16.032", "east": "-81.814", "west": "-82.688", "format": "netCDF-4", "sizeMB": 90.53}, "TCSP_EDOP_Nadir_L1B_RevA_200507200853_200507200952.nc": {"start": "2005-07-20T08:53:00Z", "end": "2005-07-20T09:52:28Z", "north": "10.898", "south": "7.951", "east": "-85.612", "west": "-88.531", "format": "netCDF-4", "sizeMB": 85.62}, "TCSP_EDOP_Nadir_L1B_RevA_200507070126_200507070134.nc": {"start": "2005-07-07T01:26:35Z", "end": "2005-07-07T01:34:35Z", "north": "17.23", "south": "16.352", "east": "-73.247", "west": "-73.254", "format": "netCDF-4", "sizeMB": 14.25}, "TCSP_EDOP_Forward_L1B_RevA_200507240758_200507240859.nc": {"start": "2005-07-24T07:58:08Z", "end": "2005-07-24T08:59:22Z", "north": "17.698", "south": "12.162", "east": "-85.955", "west": "-89.465", "format": "netCDF-4", "sizeMB": 100.75}, "TCSP_EDOP_Nadir_L1B_RevA_200507091634_200507091735.nc": {"start": "2005-07-09T16:34:37Z", "end": "2005-07-09T17:35:37Z", "north": "17.322", "south": "10.713", "east": "-84.509", "west": "-84.978", "format": "netCDF-4", "sizeMB": 75.57}, "TCSP_EDOP_Nadir_L1B_RevA_200507021342_200507021442.nc": {"start": "2005-07-02T13:42:36Z", "end": "2005-07-02T14:42:20Z", "north": "14.077", "south": "13.309", "east": "-81.415", "west": "-82.912", "format": "netCDF-4", "sizeMB": 100.34}, "TCSP_EDOP_Nadir_L1B_RevA_200507062306_200507062314.nc": {"start": "2005-07-06T23:06:01Z", "end": "2005-07-06T23:14:12Z", "north": "16.711", "south": "16.203", "east": "-72.558", "west": "-73.176", "format": "netCDF-4", "sizeMB": 15.11}, "TCSP_EDOP_Forward_L1B_RevA_200507052332_200507060031.nc": {"start": "2005-07-05T23:32:03Z", "end": "2005-07-06T00:31:32Z", "north": "11.755", "south": "10.388", "east": "-76.378", "west": "-83.249", "format": "netCDF-4", "sizeMB": 95.26}, "TCSP_EDOP_Forward_L1B_RevA_200507200751_200507200828.nc": {"start": "2005-07-20T07:51:11Z", "end": "2005-07-20T08:28:14Z", "north": "11.402", "south": "7.93", "east": "-89.647", "west": "-90.978", "format": "netCDF-4", "sizeMB": 58.83}, "TCSP_EDOP_Forward_L1B_RevA_200507052217_200507052318.nc": {"start": "2005-07-05T22:17:37Z", "end": "2005-07-05T23:18:51Z", "north": "13.213", "south": "12.152", "east": "-68.08", "west": "-74.806", "format": "netCDF-4", "sizeMB": 112.7}, "TCSP_EDOP_Forward_L1B_RevA_200507240507_200507240556.nc": {"start": "2005-07-24T05:07:28Z", "end": "2005-07-24T05:56:00Z", "north": "21.486", "south": "20.452", "east": "-94.465", "west": "-96.567", "format": "netCDF-4", "sizeMB": 91.18}, "TCSP_EDOP_Nadir_L1B_RevA_200507091129_200507091229.nc": {"start": "2005-07-09T11:29:53Z", "end": "2005-07-09T12:29:28Z", "north": "18.941", "south": "12.283", "east": "-84.227", "west": "-85.159", "format": "netCDF-4", "sizeMB": 71.49}, "TCSP_EDOP_Nadir_L1B_RevA_200507250650_200507250750.nc": {"start": "2005-07-25T06:50:27Z", "end": "2005-07-25T07:50:12Z", "north": "21.514", "south": "19.32", "east": "-92.319", "west": "-98.346", "format": "netCDF-4", "sizeMB": 77.82}, "TCSP_EDOP_Forward_L1B_RevA_200507091432_200507091533.nc": {"start": "2005-07-09T14:32:03Z", "end": "2005-07-09T15:33:19Z", "north": "24.785", "south": "23.965", "east": "-82.13", "west": "-86.206", "format": "netCDF-4", "sizeMB": 120.16}, "TCSP_EDOP_Forward_L1B_RevA_200507240557_200507240656.nc": {"start": "2005-07-24T05:57:07Z", "end": "2005-07-24T06:56:50Z", "north": "21.72", "south": "19.294", "east": "-94.086", "west": "-95.732", "format": "netCDF-4", "sizeMB": 118.93}, "TCSP_EDOP_Nadir_L1B_RevA_200507151003_200507151104.nc": {"start": "2005-07-15T10:03:18Z", "end": "2005-07-15T11:04:33Z", "north": "14.007", "south": "12.318", "east": "-90.305", "west": "-96.104", "format": "netCDF-4", "sizeMB": 69.54}, "TCSP_EDOP_Nadir_L1B_RevA_200507150902_200507151003.nc": {"start": "2005-07-15T09:02:02Z", "end": "2005-07-15T10:03:17Z", "north": "13.893", "south": "12.011", "east": "-94.611", "west": "-97.41", "format": "netCDF-4", "sizeMB": 64.8}, "TCSP_EDOP_Nadir_L1B_RevA_200507070137_200507070153.nc": {"start": "2005-07-07T01:37:05Z", "end": "2005-07-07T01:53:21Z", "north": "16.16", "south": "15.217", "east": "-73.426", "west": "-75.097", "format": "netCDF-4", "sizeMB": 18.3}, "TCSP_EDOP_Nadir_L1B_RevA_200507230242_200507230305.nc": {"start": "2005-07-23T02:42:31Z", "end": "2005-07-23T03:05:57Z", "north": "15.14", "south": "12.568", "east": "-84.321", "west": "-85.051", "format": "netCDF-4", "sizeMB": 26.88}, "TCSP_EDOP_Forward_L1B_RevA_200507201118_200507201141.nc": {"start": "2005-07-20T11:18:40Z", "end": "2005-07-20T11:41:58Z", "north": "10.026", "south": "8.951", "east": "-85.517", "west": "-87.236", "format": "netCDF-4", "sizeMB": 42.44}, "TCSP_EDOP_Forward_L1B_RevA_200507151104_200507151152.nc": {"start": "2005-07-15T11:04:35Z", "end": "2005-07-15T11:52:31Z", "north": "12.316", "south": "9.75", "east": "-85.977", "west": "-90.303", "format": "netCDF-4", "sizeMB": 76.38}, "TCSP_EDOP_Nadir_L1B_RevA_200507170710_200507170810.nc": {"start": "2005-07-17T07:10:47Z", "end": "2005-07-17T08:10:16Z", "north": "18.894", "south": "15.43", "east": "-79.723", "west": "-83.639", "format": "netCDF-4", "sizeMB": 84.96}, "TCSP_EDOP_Nadir_L1B_RevA_200507200626_200507200650.nc": {"start": "2005-07-20T06:26:55Z", "end": "2005-07-20T06:50:19Z", "north": "11.436", "south": "9.526", "east": "-85.32", "west": "-87.325", "format": "netCDF-4", "sizeMB": 30.64}, "TCSP_EDOP_Nadir_L1B_RevA_200507230307_200507230406.nc": {"start": "2005-07-23T03:07:05Z", "end": "2005-07-23T04:06:49Z", "north": "21.842", "south": "15.266", "east": "-85.087", "west": "-86.366", "format": "netCDF-4", "sizeMB": 96.12}, "TCSP_EDOP_Forward_L1B_RevA_200507250337_200507250437.nc": {"start": "2005-07-25T03:37:54Z", "end": "2005-07-25T04:37:39Z", "north": "20.272", "south": "16.213", "east": "-91.942", "west": "-97.977", "format": "netCDF-4", "sizeMB": 106.52}, "TCSP_EDOP_Nadir_L1B_RevA_200507270627_200507270640.nc": {"start": "2005-07-27T06:27:25Z", "end": "2005-07-27T06:40:04Z", "north": "10.701", "south": "10.187", "east": "-84.911", "west": "-86.322", "format": "netCDF-4", "sizeMB": 3.07}, "TCSP_EDOP_Forward_L1B_RevA_200507160946_200507161045.nc": {"start": "2005-07-16T09:46:23Z", "end": "2005-07-16T10:45:52Z", "north": "9.251", "south": "4.882", "east": "-90.272", "west": "-91.194", "format": "netCDF-4", "sizeMB": 111.63}, "TCSP_EDOP_Nadir_L1B_RevA_200507201018_200507201118.nc": {"start": "2005-07-20T10:18:55Z", "end": "2005-07-20T11:18:38Z", "north": "11.378", "south": "8.951", "east": "-86.391", "west": "-87.928", "format": "netCDF-4", "sizeMB": 80.08}, "TCSP_EDOP_Forward_L1B_RevA_200507250910_200507250920.nc": {"start": "2005-07-25T09:10:43Z", "end": "2005-07-25T09:20:15Z", "north": "12.662", "south": "11.772", "east": "-86.324", "west": "-86.916", "format": "netCDF-4", "sizeMB": 15.78}, "TCSP_EDOP_Nadir_L1B_RevA_200507161046_200507161147.nc": {"start": "2005-07-16T10:46:17Z", "end": "2005-07-16T11:47:23Z", "north": "11.214", "south": "6.789", "east": "-87.966", "west": "-90.25", "format": "netCDF-4", "sizeMB": 84.36}, "TCSP_EDOP_Forward_L1B_RevA_200507271014_200507271108.nc": {"start": "2005-07-27T10:14:07Z", "end": "2005-07-27T11:08:20Z", "north": "10.519", "south": "8.987", "east": "-80.537", "west": "-84.659", "format": "netCDF-4", "sizeMB": 89.8}, "TCSP_EDOP_Nadir_L1B_RevA_200507062338_200507062344.nc": {"start": "2005-07-06T23:38:28Z", "end": "2005-07-06T23:44:06Z", "north": "16.797", "south": "16.175", "east": "-72.79", "west": "-73.066", "format": "netCDF-4", "sizeMB": 9.75}, "TCSP_EDOP_Nadir_L1B_RevA_200507052050_200507052116.nc": {"start": "2005-07-05T20:50:14Z", "end": "2005-07-05T21:16:46Z", "north": "14.162", "south": "13.702", "east": "-65.974", "west": "-68.533", "format": "netCDF-4", "sizeMB": 13.83}, "TCSP_EDOP_Nadir_L1B_RevA_200507270850_200507270927.nc": {"start": "2005-07-27T08:50:18Z", "end": "2005-07-27T09:27:22Z", "north": "9.916", "south": "9.407", "east": "-82.452", "west": "-86.351", "format": "netCDF-4", "sizeMB": 42.75}, "TCSP_EDOP_Nadir_L1B_RevA_200507091229_200507091330.nc": {"start": "2005-07-09T12:29:30Z", "end": "2005-07-09T13:30:30Z", "north": "24.448", "south": "18.944", "east": "-84.853", "west": "-86.25", "format": "netCDF-4", "sizeMB": 75.74}, "TCSP_EDOP_Nadir_L1B_RevA_200507062302_200507062304.nc": {"start": "2005-07-06T23:02:43Z", "end": "2005-07-06T23:04:55Z", "north": "16.14", "south": "15.977", "east": "-72.723", "west": "-72.946", "format": "netCDF-4", "sizeMB": 4.16}, "TCSP_EDOP_Forward_L1B_RevA_200507250640_200507250649.nc": {"start": "2005-07-25T06:40:16Z", "end": "2005-07-25T06:49:19Z", "north": "22.251", "south": "21.573", "east": "-98.453", "west": "-99.172", "format": "netCDF-4", "sizeMB": 16.27}, "TCSP_EDOP_Forward_L1B_RevA_200507160631_200507160731.nc": {"start": "2005-07-16T06:31:36Z", "end": "2005-07-16T07:31:13Z", "north": "9.876", "south": "5.855", "east": "-84.999", "west": "-86.948", "format": "netCDF-4", "sizeMB": 111.08}, "TCSP_EDOP_Nadir_L1B_RevA_200507062227_200507062240.nc": {"start": "2005-07-06T22:27:31Z", "end": "2005-07-06T22:40:21Z", "north": "16.921", "south": "15.846", "east": "-71.514", "west": "-72.586", "format": "netCDF-4", "sizeMB": 22.34}, "TCSP_EDOP_Forward_L1B_RevA_200507250538_200507250639.nc": {"start": "2005-07-25T05:38:58Z", "end": "2005-07-25T06:39:59Z", "north": "23.234", "south": "22.271", "east": "-97.898", "west": "-99.737", "format": "netCDF-4", "sizeMB": 116.73}, "TCSP_EDOP_Forward_L1B_RevA_200507240230_200507240256.nc": {"start": "2005-07-24T02:30:46Z", "end": "2005-07-24T02:56:10Z", "north": "13.075", "south": "10.789", "east": "-82.976", "west": "-84.842", "format": "netCDF-4", "sizeMB": 40.96}, "TCSP_EDOP_Nadir_L1B_RevA_200507052117_200507052217.nc": {"start": "2005-07-05T21:17:52Z", "end": "2005-07-05T22:17:35Z", "north": "16.259", "south": "13.215", "east": "-65.917", "west": "-68.16", "format": "netCDF-4", "sizeMB": 79.97}, "TCSP_EDOP_Nadir_L1B_RevA_200507250851_200507250909.nc": {"start": "2005-07-25T08:51:31Z", "end": "2005-07-25T09:09:33Z", "north": "14.429", "south": "12.77", "east": "-86.988", "west": "-88.105", "format": "netCDF-4", "sizeMB": 18.64}, "TCSP_EDOP_Nadir_L1B_RevA_200507091330_200507091432.nc": {"start": "2005-07-09T13:30:46Z", "end": "2005-07-09T14:32:02Z", "north": "24.586", "south": "24.397", "east": "-82.103", "west": "-84.916", "format": "netCDF-4", "sizeMB": 101.78}, "TCSP_EDOP_Nadir_L1B_RevA_200507240257_200507240357.nc": {"start": "2005-07-24T02:57:17Z", "end": "2005-07-24T03:57:01Z", "north": "18.282", "south": "13.174", "east": "-84.937", "west": "-90.043", "format": "netCDF-4", "sizeMB": 74.7}, "TCSP_EDOP_Forward_L1B_RevA_200507062244_200507062251.nc": {"start": "2005-07-06T22:44:39Z", "end": "2005-07-06T22:51:46Z", "north": "16.064", "south": "16.022", "east": "-71.851", "west": "-72.63", "format": "netCDF-4", "sizeMB": 15.68}, "TCSP_EDOP_Nadir_L1B_RevA_200507160731_200507160832.nc": {"start": "2005-07-16T07:31:15Z", "end": "2005-07-16T08:32:29Z", "north": "10.391", "south": "4.775", "east": "-86.916", "west": "-89.516", "format": "netCDF-4", "sizeMB": 95.86}, "TCSP_EDOP_Nadir_L1B_RevA_200507230634_200507230736.nc": {"start": "2005-07-23T06:34:47Z", "end": "2005-07-23T07:36:03Z", "north": "21.806", "south": "18.325", "east": "-87.091", "west": "-88.931", "format": "netCDF-4", "sizeMB": 89.64}, "TCSP_EDOP_Forward_L1B_RevA_200507250750_200507250851.nc": {"start": "2005-07-25T07:50:13Z", "end": "2005-07-25T08:51:29Z", "north": "19.32", "south": "14.431", "east": "-88.107", "west": "-92.318", "format": "netCDF-4", "sizeMB": 106.05}, "TCSP_EDOP_Nadir_L1B_RevA_200507070021_200507070029.nc": {"start": "2005-07-07T00:21:36Z", "end": "2005-07-07T00:29:16Z", "north": "16.183", "south": "15.373", "east": "-72.381", "west": "-72.417", "format": "netCDF-4", "sizeMB": 12.79}, "TCSP_EDOP_Forward_L1B_RevA_200507240458_200507240506.nc": {"start": "2005-07-24T04:58:18Z", "end": "2005-07-24T05:06:20Z", "north": "21.908", "south": "21.357", "east": "-94.466", "west": "-95.194", "format": "netCDF-4", "sizeMB": 16.56}, "TCSP_EDOP_Nadir_L1B_RevA_200507200953_200507201017.nc": {"start": "2005-07-20T09:53:16Z", "end": "2005-07-20T10:17:46Z", "north": "11.567", "south": "9.223", "east": "-86.266", "west": "-87.868", "format": "netCDF-4", "sizeMB": 30.99}, "TCSP_EDOP_Nadir_L1B_RevA_200507021322_200507021341.nc": {"start": "2005-07-02T13:22:06Z", "end": "2005-07-02T13:41:29Z", "north": "13.185", "south": "11.061", "east": "-82.608", "west": "-82.84", "format": "netCDF-4", "sizeMB": 15.03}, "TCSP_EDOP_Nadir_L1B_RevA_200507230907_200507230940.nc": {"start": "2005-07-23T09:07:01Z", "end": "2005-07-23T09:40:08Z", "north": "12.267", "south": "9.88", "east": "-82.139", "west": "-83.55", "format": "netCDF-4", "sizeMB": 41.81}, "TCSP_EDOP_Forward_L1B_RevA_200507240859_200507240914.nc": {"start": "2005-07-24T08:59:24Z", "end": "2005-07-24T09:14:18Z", "north": "12.16", "south": "10.547", "east": "-85.781", "west": "-85.955", "format": "netCDF-4", "sizeMB": 24.84}, "TCSP_EDOP_Forward_L1B_RevA_200507170958_200507171057.nc": {"start": "2005-07-17T09:58:02Z", "end": "2005-07-17T10:57:47Z", "north": "18.874", "south": "17.456", "east": "-81.82", "west": "-83.24", "format": "netCDF-4", "sizeMB": 122.0}, "TCSP_EDOP_Nadir_L1B_RevA_200507062157_200507062219.nc": {"start": "2005-07-06T21:57:06Z", "end": "2005-07-06T22:19:26Z", "north": "16.913", "south": "15.223", "east": "-71.518", "west": "-73.285", "format": "netCDF-4", "sizeMB": 37.37}, "TCSP_EDOP_Forward_L1B_RevA_200507091533_200507091634.nc": {"start": "2005-07-09T15:33:19Z", "end": "2005-07-09T16:34:35Z", "north": "23.964", "south": "17.323", "east": "-84.978", "west": "-86.25", "format": "netCDF-4", "sizeMB": 99.43}, "TCSP_EDOP_Forward_L1B_RevA_200507091735_200507091743.nc": {"start": "2005-07-09T17:35:53Z", "end": "2005-07-09T17:43:35Z", "north": "10.695", "south": "10.275", "east": "-84.524", "west": "-84.779", "format": "netCDF-4", "sizeMB": 11.93}, "TCSP_EDOP_Forward_L1B_RevA_200507200829_200507200851.nc": {"start": "2005-07-20T08:29:21Z", "end": "2005-07-20T08:51:53Z", "north": "9.618", "south": "8.01", "east": "-88.605", "west": "-90.242", "format": "netCDF-4", "sizeMB": 38.26}, "TCSP_EDOP_Nadir_L1B_RevA_200507062256_200507062301.nc": {"start": "2005-07-06T22:56:55Z", "end": "2005-07-06T23:01:01Z", "north": "16.205", "south": "15.958", "east": "-72.103", "west": "-72.53", "format": "netCDF-4", "sizeMB": 7.51}, "TCSP_EDOP_Nadir_L1B_RevA_200507170911_200507170956.nc": {"start": "2005-07-17T09:11:50Z", "end": "2005-07-17T09:56:54Z", "north": "18.884", "south": "17.487", "east": "-80.869", "west": "-82.472", "format": "netCDF-4", "sizeMB": 77.3}, "TCSP_EDOP_Forward_L1B_RevA_200507062317_200507062322.nc": {"start": "2005-07-06T23:17:51Z", "end": "2005-07-06T23:22:59Z", "north": "16.533", "south": "16.532", "east": "-72.588", "west": "-73.234", "format": "netCDF-4", "sizeMB": 11.5}, "TCSP_EDOP_Forward_L1B_RevA_200507062031_200507062130.nc": {"start": "2005-07-06T20:31:01Z", "end": "2005-07-06T21:30:38Z", "north": "14.067", "south": "11.227", "east": "-75.916", "west": "-81.73", "format": "netCDF-4", "sizeMB": 93.13}, "TCSP_EDOP_Forward_L1B_RevA_200507160854_200507160945.nc": {"start": "2005-07-16T08:54:42Z", "end": "2005-07-16T09:45:16Z", "north": "10.203", "south": "6.489", "east": "-89.487", "west": "-91.289", "format": "netCDF-4", "sizeMB": 90.0}, "TCSP_EDOP_Nadir_L1B_RevA_200507230807_200507230907.nc": {"start": "2005-07-23T08:07:15Z", "end": "2005-07-23T09:07:00Z", "north": "15.663", "south": "12.268", "east": "-83.551", "west": "-85.798", "format": "netCDF-4", "sizeMB": 83.84}, "TCSP_EDOP_Forward_L1B_RevA_200507051828_200507051927.nc": {"start": "2005-07-05T18:28:11Z", "end": "2005-07-05T19:27:47Z", "north": "11.998", "south": "10.811", "east": "-75.869", "west": "-82.009", "format": "netCDF-4", "sizeMB": 100.39}, "TCSP_EDOP_Forward_L1B_RevA_200507070054_200507070107.nc": {"start": "2005-07-07T00:54:32Z", "end": "2005-07-07T01:07:29Z", "north": "17.49", "south": "15.987", "east": "-73.199", "west": "-73.204", "format": "netCDF-4", "sizeMB": 27.1}, "TCSP_EDOP_Forward_L1B_RevA_200507070001_200507070009.nc": {"start": "2005-07-07T00:01:01Z", "end": "2005-07-07T00:09:16Z", "north": "16.963", "south": "16.005", "east": "-72.846", "west": "-73.03", "format": "netCDF-4", "sizeMB": 18.06}, "TCSP_EDOP_Nadir_L1B_RevA_200507250234_200507250318.nc": {"start": "2005-07-25T02:34:06Z", "end": "2005-07-25T03:18:53Z", "north": "14.909", "south": "11.817", "east": "-85.826", "west": "-90.082", "format": "netCDF-4", "sizeMB": 60.57}, "TCSP_EDOP_Nadir_L1B_RevA_200507062130_200507062155.nc": {"start": "2005-07-06T21:30:39Z", "end": "2005-07-06T21:55:47Z", "north": "15.135", "south": "14.068", "east": "-73.401", "west": "-75.915", "format": "netCDF-4", "sizeMB": 35.35}, "TCSP_EDOP_Forward_L1B_RevA_200507070049_200507070051.nc": {"start": "2005-07-07T00:49:10Z", "end": "2005-07-07T00:51:14Z", "north": "15.596", "south": "15.357", "east": "-73.212", "west": "-73.252", "format": "netCDF-4", "sizeMB": 4.52}, "TCSP_EDOP_Forward_L1B_RevA_200507062327_200507062334.nc": {"start": "2005-07-06T23:27:27Z", "end": "2005-07-06T23:34:22Z", "north": "16.689", "south": "16.245", "east": "-72.58", "west": "-73.157", "format": "netCDF-4", "sizeMB": 13.48}, "TCSP_EDOP_Forward_L1B_RevA_200507171057_200507171120.nc": {"start": "2005-07-17T10:57:48Z", "end": "2005-07-17T11:20:52Z", "north": "18.691", "south": "17.465", "east": "-82.427", "west": "-83.358", "format": "netCDF-4", "sizeMB": 36.51}, "TCSP_EDOP_Forward_L1B_RevA_200507270928_200507271005.nc": {"start": "2005-07-27T09:28:28Z", "end": "2005-07-27T10:05:47Z", "north": "10.198", "south": "9.419", "east": "-81.178", "west": "-82.537", "format": "netCDF-4", "sizeMB": 67.33}, "TCSP_EDOP_Nadir_L1B_RevA_200507052318_200507052330.nc": {"start": "2005-07-05T23:18:53Z", "end": "2005-07-05T23:30:56Z", "north": "12.151", "south": "11.789", "east": "-74.808", "west": "-76.245", "format": "netCDF-4", "sizeMB": 4.88}, "TCSP_EDOP_Forward_L1B_RevA_200507070030_200507070033.nc": {"start": "2005-07-07T00:30:49Z", "end": "2005-07-07T00:33:35Z", "north": "15.25", "south": "15.124", "east": "-72.52", "west": "-72.823", "format": "netCDF-4", "sizeMB": 5.9}, "TCSP_EDOP_Forward_L1B_RevA_200507240357_200507240404.nc": {"start": "2005-07-24T03:57:02Z", "end": "2005-07-24T04:04:41Z", "north": "18.927", "south": "18.283", "east": "-90.043", "west": "-90.708", "format": "netCDF-4", "sizeMB": 12.74}, "TCSP_EDOP_Nadir_L1B_RevA_200507051927_200507052029.nc": {"start": "2005-07-05T19:27:48Z", "end": "2005-07-05T20:29:02Z", "north": "14.011", "south": "11.998", "east": "-70.721", "west": "-75.868", "format": "netCDF-4", "sizeMB": 65.67}, "TCSP_EDOP_Forward_L1B_RevA_200507161147_200507161225.nc": {"start": "2005-07-16T11:47:24Z", "end": "2005-07-16T12:25:56Z", "north": "11.237", "south": "10.238", "east": "-85.406", "west": "-88.332", "format": "netCDF-4", "sizeMB": 58.79}, "TCSP_EDOP_Forward_L1B_RevA_200507270750_200507270850.nc": {"start": "2005-07-27T07:50:35Z", "end": "2005-07-27T08:50:16Z", "north": "11.697", "south": "9.917", "east": "-86.353", "west": "-91.203", "format": "netCDF-4", "sizeMB": 95.15}, "TCSP_EDOP_Nadir_L1B_RevA_200507021442_200507021543.nc": {"start": "2005-07-02T14:42:21Z", "end": "2005-07-02T15:43:35Z", "north": "15.224", "south": "13.717", "east": "-80.643", "west": "-83.181", "format": "netCDF-4", "sizeMB": 96.87}, "TCSP_EDOP_Nadir_L1B_RevA_200507250437_200507250538.nc": {"start": "2005-07-25T04:37:41Z", "end": "2005-07-25T05:38:57Z", "north": "23.235", "south": "20.273", "east": "-97.242", "west": "-99.641", "format": "netCDF-4", "sizeMB": 90.21}, "TCSP_EDOP_Nadir_L1B_RevA_200507270651_200507270749.nc": {"start": "2005-07-27T06:51:56Z", "end": "2005-07-27T07:49:28Z", "north": "13.112", "south": "11.18", "east": "-87.659", "west": "-91.61", "format": "netCDF-4", "sizeMB": 64.07}}