{"WHyMSIE_MetNav_G3_20241104_R0.ict": {"start": "2024-11-04T17:17:20Z", "end": "2024-11-04T22:10:09Z", "north": "39.107", "south": "31.268", "east": "-114.897", "west": "-126.373", "format": "ASCII", "sizeMB": 3.02}, "WHyMSIE_MetNav_G3_20241108_R0.ict": {"start": "2024-11-08T18:32:27Z", "end": "2024-11-08T23:57:43Z", "north": "37.695", "south": "34.48", "east": "-120.57", "west": "-123.937", "format": "ASCII", "sizeMB": 3.31}, "WHyMSIE_MetNav_G3_20241031_R0_L2.ict": {"start": "2024-10-31T20:43:36Z", "end": "2024-11-01T00:50:38Z", "north": "36.299", "south": "32.873", "east": "-109.401", "west": "-120.459", "format": "ASCII", "sizeMB": 2.49}, "WHyMSIE_MetNav_G3_20241114_R0.ict": {"start": "2024-11-14T15:32:39Z", "end": "2024-11-14T21:16:34Z", "north": "40.03", "south": "35.544", "east": "-121.035", "west": "-127.129", "format": "ASCII", "sizeMB": 3.54}, "WHyMSIE_MetNav_G3_20241027_R0.ict": {"start": "2024-10-27T15:06:38Z", "end": "2024-10-27T20:47:26Z", "north": "37.96", "south": "34.37", "east": "-76.262", "west": "-120.46", "format": "ASCII", "sizeMB": 3.52}, "WHyMSIE_MetNav_G3_20241107_R0.ict": {"start": "2024-11-07T18:16:10Z", "end": "2024-11-08T00:06:55Z", "north": "37.476", "south": "30.424", "east": "-117.878", "west": "-125.721", "format": "ASCII", "sizeMB": 3.57}, "WHyMSIE_MetNav_G3_20241112_R0.ict": {"start": "2024-11-12T19:01:21Z", "end": "2024-11-13T00:44:58Z", "north": "38.2", "south": "35.864", "east": "-120.658", "west": "-131.046", "format": "ASCII", "sizeMB": 3.53}, "WHyMSIE_MetNav_G3_20241115_R0.ict": {"start": "2024-11-15T16:31:07Z", "end": "2024-11-15T20:53:46Z", "north": "41.167", "south": "36.994", "east": "-76.356", "west": "-122.058", "format": "ASCII", "sizeMB": 2.68}, "WHyMSIE_MetNav_G3_20241109_R0.ict": {"start": "2024-11-09T15:49:33Z", "end": "2024-11-09T21:42:54Z", "north": "38.569", "south": "36.114", "east": "-118.646", "west": "-126.974", "format": "ASCII", "sizeMB": 3.58}, "WHyMSIE_MetNav_G3_20241031_R0_L1.ict": {"start": "2024-10-31T16:34:03Z", "end": "2024-10-31T19:23:48Z", "north": "36.293", "south": "32.984", "east": "-109.203", "west": "-120.55", "format": "ASCII", "sizeMB": 1.7}, "WHyMSIE_MetNav_G3_20241105_R0.ict": {"start": "2024-11-05T18:10:46Z", "end": "2024-11-05T20:04:12Z", "north": "37.426", "south": "33.63", "east": "-120.367", "west": "-123.405", "format": "ASCII", "sizeMB": 1.16}, "WHyMSIE_MetNav_G3_20241030_R0.ict": {"start": "2024-10-30T19:13:47Z", "end": "2024-10-30T23:59:30Z", "north": "34.989", "south": "23.318", "east": "-117.802", "west": "-122.609", "format": "ASCII", "sizeMB": 2.93}, "WHyMSIE_MetNav_G3_20241113_R0.ict": {"start": "2024-11-13T18:41:15Z", "end": "2024-11-14T00:36:41Z", "north": "41.279", "south": "30.881", "east": "-119.324", "west": "-129.996", "format": "ASCII", "sizeMB": 3.66}}