{"CPEX_SPEED_SMAP_999_201705250436_201705250614.nc": {"start": "2017-05-25T04:36:00Z", "end": "2017-05-25T06:14:00Z", "north": "41.524", "south": "38.55", "east": "179.956", "west": "-179.964", "format": "netCDF-3", "sizeMB": 0.01}, "CPEX_SPEED_SMAP_999_201705251743_201705251922.nc": {"start": "2017-05-25T17:43:00Z", "end": "2017-05-25T19:22:00Z", "north": "41.517", "south": "36.182", "east": "179.964", "west": "-179.985", "format": "netCDF-3", "sizeMB": 0.03}, "CPEX_SPEED_SMAP_999_201705240537_201705240716.nc": {"start": "2017-05-24T05:37:00Z", "end": "2017-05-24T07:16:00Z", "north": "20.808", "south": "3.886", "east": "179.997", "west": "-179.995", "format": "netCDF-3", "sizeMB": 0.1}, "CPEX_SPEED_SMAP_999_201705241211_201705241350.nc": {"start": "2017-05-24T12:11:00Z", "end": "2017-05-24T13:50:00Z", "north": "41.506", "south": "26.855", "east": "-95.507", "west": "-109.94", "format": "netCDF-3", "sizeMB": 0.09}, "CPEX_SPEED_SMAP_999_201705250753_201705250931.nc": {"start": "2017-05-25T07:53:00Z", "end": "2017-05-25T09:31:00Z", "north": "29.845", "south": "3.881", "east": "-34.877", "west": "-49.961", "format": "netCDF-3", "sizeMB": 0.16}, "CPEX_SPEED_SMAP_999_201705260017_201705260156.nc": {"start": "2017-05-26T00:17:00Z", "end": "2017-05-26T01:56:00Z", "north": "20.818", "south": "3.876", "east": "-96.837", "west": "-109.412", "format": "netCDF-3", "sizeMB": 0.1}, "CPEX_SPEED_SMAP_999_201705250931_201705251110.nc": {"start": "2017-05-25T09:31:00Z", "end": "2017-05-25T11:10:00Z", "north": "41.499", "south": "3.885", "east": "-55.487", "west": "-74.595", "format": "netCDF-3", "sizeMB": 0.23}, "CPEX_SPEED_SMAP_999_201705241033_201705241211.nc": {"start": "2017-05-24T10:33:00Z", "end": "2017-05-24T12:11:00Z", "north": "41.511", "south": "3.877", "east": "-70.891", "west": "-89.966", "format": "netCDF-3", "sizeMB": 0.23}, "CPEX_SPEED_SMAP_999_201705252100_201705252239.nc": {"start": "2017-05-25T21:00:00Z", "end": "2017-05-25T22:39:00Z", "north": "41.513", "south": "3.881", "east": "-47.601", "west": "-66.704", "format": "netCDF-3", "sizeMB": 0.23}, "CPEX_SPEED_SMAP_999_201705251110_201705251248.nc": {"start": "2017-05-25T11:10:00Z", "end": "2017-05-25T12:48:00Z", "north": "41.503", "south": "3.884", "east": "-80.126", "west": "-99.189", "format": "netCDF-3", "sizeMB": 0.23}, "CPEX_SPEED_SMAP_999_201705240854_201705241033.nc": {"start": "2017-05-24T08:54:00Z", "end": "2017-05-24T10:33:00Z", "north": "41.488", "south": "3.88", "east": "-46.275", "west": "-65.355", "format": "netCDF-3", "sizeMB": 0.23}, "CPEX_SPEED_SMAP_999_201705252239_201705260017.nc": {"start": "2017-05-25T22:39:00Z", "end": "2017-05-26T00:17:00Z", "north": "41.495", "south": "3.878", "east": "-72.213", "west": "-91.315", "format": "netCDF-3", "sizeMB": 0.23}, "CPEX_SPEED_SMAP_999_201705260513_201705260651.nc": {"start": "2017-05-26T05:13:00Z", "end": "2017-05-26T06:51:00Z", "north": "41.501", "south": "5.858", "east": "180.0", "west": "-180.0", "format": "netCDF-3", "sizeMB": 0.22}, "CPEX_SPEED_SMAP_999_201705261642_201705261820.nc": {"start": "2017-05-26T16:42:00Z", "end": "2017-05-26T18:20:00Z", "north": "16.375", "south": "3.876", "east": "179.995", "west": "-179.998", "format": "netCDF-3", "sizeMB": 0.08}, "CPEX_SPEED_SMAP_999_201705260830_201705261008.nc": {"start": "2017-05-26T08:30:00Z", "end": "2017-05-26T10:08:00Z", "north": "41.501", "south": "3.883", "east": "-40.092", "west": "-59.199", "format": "netCDF-3", "sizeMB": 0.23}, "CPEX_SPEED_SMAP_999_201705271223_201705271402.nc": {"start": "2017-05-27T12:23:00Z", "end": "2017-05-27T14:02:00Z", "north": "41.502", "south": "36.184", "east": "-98.571", "west": "-111.025", "format": "netCDF-3", "sizeMB": 0.03}, "CPEX_SPEED_SMAP_999_201705261959_201705262137.nc": {"start": "2017-05-26T19:59:00Z", "end": "2017-05-26T21:37:00Z", "north": "41.496", "south": "20.333", "east": "-35.528", "west": "-51.31", "format": "netCDF-3", "sizeMB": 0.13}, "CPEX_SPEED_SMAP_999_201705261008_201705261147.nc": {"start": "2017-05-26T10:08:00Z", "end": "2017-05-26T11:47:00Z", "north": "41.513", "south": "3.873", "east": "-64.73", "west": "-83.811", "format": "netCDF-3", "sizeMB": 0.23}, "CPEX_SPEED_SMAP_999_201705261147_201705261325.nc": {"start": "2017-05-26T11:47:00Z", "end": "2017-05-26T13:25:00Z", "north": "41.494", "south": "3.885", "east": "-89.343", "west": "-108.432", "format": "netCDF-3", "sizeMB": 0.23}, "CPEX_SPEED_SMAP_999_201705270906_201705271045.nc": {"start": "2017-05-27T09:06:00Z", "end": "2017-05-27T10:45:00Z", "north": "41.506", "south": "3.886", "east": "-49.344", "west": "-68.415", "format": "netCDF-3", "sizeMB": 0.23}, "CPEX_SPEED_SMAP_999_201705262137_201705262316.nc": {"start": "2017-05-26T21:37:00Z", "end": "2017-05-26T23:16:00Z", "north": "41.5", "south": "3.884", "east": "-56.828", "west": "-75.937", "format": "netCDF-3", "sizeMB": 0.23}, "CPEX_SPEED_SMAP_999_201705262316_201705270054.nc": {"start": "2017-05-26T23:16:00Z", "end": "2017-05-27T00:54:00Z", "north": "41.502", "south": "3.877", "east": "-81.446", "west": "-100.537", "format": "netCDF-3", "sizeMB": 0.23}, "CPEX_SPEED_SMAP_999_201705280448_201705280626.nc": {"start": "2017-05-28T04:48:00Z", "end": "2017-05-28T06:26:00Z", "north": "41.511", "south": "29.693", "east": "179.995", "west": "-180.0", "format": "netCDF-3", "sizeMB": 0.07}, "CPEX_SPEED_SMAP_999_201705271045_201705271223.nc": {"start": "2017-05-27T10:45:00Z", "end": "2017-05-27T12:23:00Z", "north": "41.486", "south": "3.885", "east": "-73.94", "west": "-93.043", "format": "netCDF-3", "sizeMB": 0.23}, "CPEX_SPEED_SMAP_999_201705281934_201705282113.nc": {"start": "2017-05-28T19:34:00Z", "end": "2017-05-28T21:13:00Z", "north": "41.505", "south": "39.614", "east": "-33.462", "west": "-45.164", "format": "netCDF-3", "sizeMB": 0.01}, "CPEX_SPEED_SMAP_999_201705271719_201705271857.nc": {"start": "2017-05-27T17:19:00Z", "end": "2017-05-27T18:57:00Z", "north": "41.506", "south": "15.303", "east": "179.994", "west": "-179.998", "format": "netCDF-3", "sizeMB": 0.16}, "CPEX_SPEED_SMAP_999_201705290030_201705290208.nc": {"start": "2017-05-29T00:30:00Z", "end": "2017-05-29T02:08:00Z", "north": "5.608", "south": "3.88", "east": "-99.89", "west": "-108.897", "format": "netCDF-3", "sizeMB": 0.01}, "CPEX_SPEED_SMAP_999_201705272036_201705272214.nc": {"start": "2017-05-27T20:36:00Z", "end": "2017-05-27T22:14:00Z", "north": "41.509", "south": "3.883", "east": "-41.427", "west": "-60.547", "format": "netCDF-3", "sizeMB": 0.23}, "CPEX_SPEED_SMAP_999_201705272214_201705272353.nc": {"start": "2017-05-27T22:14:00Z", "end": "2017-05-27T23:53:00Z", "north": "41.501", "south": "3.878", "east": "-66.059", "west": "-85.149", "format": "netCDF-3", "sizeMB": 0.23}, "CPEX_SPEED_SMAP_999_201705272353_201705280131.nc": {"start": "2017-05-27T23:53:00Z", "end": "2017-05-28T01:31:00Z", "north": "41.51", "south": "3.88", "east": "-90.663", "west": "-109.778", "format": "netCDF-3", "sizeMB": 0.23}, "CPEX_SPEED_SMAP_999_201705280805_201705280943.nc": {"start": "2017-05-28T08:05:00Z", "end": "2017-05-28T09:43:00Z", "north": "41.502", "south": "3.866", "east": "-33.944", "west": "-53.03", "format": "netCDF-3", "sizeMB": 0.23}, "CPEX_SPEED_SMAP_999_201705282113_201705282251.nc": {"start": "2017-05-28T21:13:00Z", "end": "2017-05-28T22:51:00Z", "north": "41.496", "south": "3.877", "east": "-50.668", "west": "-69.766", "format": "netCDF-3", "sizeMB": 0.23}, "CPEX_SPEED_SMAP_999_201705281122_201705281300.nc": {"start": "2017-05-28T11:22:00Z", "end": "2017-05-28T13:00:00Z", "north": "41.492", "south": "3.881", "east": "-83.178", "west": "-102.263", "format": "netCDF-3", "sizeMB": 0.23}, "CPEX_SPEED_SMAP_999_201705290525_201705290703.nc": {"start": "2017-05-29T05:25:00Z", "end": "2017-05-29T07:03:00Z", "north": "36.016", "south": "3.879", "east": "179.999", "west": "-180.0", "format": "netCDF-3", "sizeMB": 0.2}, "CPEX_SPEED_SMAP_999_201705282251_201705290030.nc": {"start": "2017-05-28T22:51:00Z", "end": "2017-05-29T00:30:00Z", "north": "41.496", "south": "3.875", "east": "-75.27", "west": "-94.388", "format": "netCDF-3", "sizeMB": 0.23}, "CPEX_SPEED_SMAP_999_201705291159_201705291337.nc": {"start": "2017-05-29T11:59:00Z", "end": "2017-05-29T13:37:00Z", "north": "41.492", "south": "15.301", "east": "-92.387", "west": "-109.175", "format": "netCDF-3", "sizeMB": 0.16}, "CPEX_SPEED_SMAP_999_201705290842_201705291020.nc": {"start": "2017-05-29T08:42:00Z", "end": "2017-05-29T10:20:00Z", "north": "41.493", "south": "3.88", "east": "-43.166", "west": "-62.257", "format": "netCDF-3", "sizeMB": 0.23}, "CPEX_SPEED_SMAP_999_201705291654_201705291833.nc": {"start": "2017-05-29T16:54:00Z", "end": "2017-05-29T18:33:00Z", "north": "31.602", "south": "3.881", "east": "179.999", "west": "-179.998", "format": "netCDF-3", "sizeMB": 0.17}, "CPEX_SPEED_SMAP_999_201705300740_201705300919.nc": {"start": "2017-05-30T07:40:00Z", "end": "2017-05-30T09:19:00Z", "north": "14.206", "south": "3.877", "east": "-35.926", "west": "-46.869", "format": "netCDF-3", "sizeMB": 0.06}, "CPEX_SPEED_SMAP_999_201705291020_201705291159.nc": {"start": "2017-05-29T10:20:00Z", "end": "2017-05-29T11:59:00Z", "north": "41.496", "south": "3.884", "east": "-67.779", "west": "-86.87", "format": "netCDF-3", "sizeMB": 0.23}, "CPEX_SPEED_SMAP_999_201705292011_201705292149.nc": {"start": "2017-05-29T20:11:00Z", "end": "2017-05-29T21:49:00Z", "north": "41.493", "south": "7.609", "east": "-36.035", "west": "-54.377", "format": "netCDF-3", "sizeMB": 0.21}, "CPEX_SPEED_SMAP_999_201705301731_201705301909.nc": {"start": "2017-05-30T17:31:00Z", "end": "2017-05-30T19:09:00Z", "north": "41.506", "south": "26.644", "east": "179.995", "west": "-180.0", "format": "netCDF-3", "sizeMB": 0.09}, "CPEX_SPEED_SMAP_999_201705292150_201705292328.nc": {"start": "2017-05-29T21:50:00Z", "end": "2017-05-29T23:28:00Z", "north": "41.492", "south": "3.882", "east": "-59.887", "west": "-78.991", "format": "netCDF-3", "sizeMB": 0.23}, "CPEX_SPEED_SMAP_999_201705292328_201705300106.nc": {"start": "2017-05-29T23:28:00Z", "end": "2017-05-30T01:06:00Z", "north": "41.503", "south": "3.872", "east": "-84.503", "west": "-103.593", "format": "netCDF-3", "sizeMB": 0.23}, "CPEX_SPEED_SMAP_999_201705310500_201705310639.nc": {"start": "2017-05-31T05:00:00Z", "end": "2017-05-31T06:39:00Z", "north": "41.504", "south": "21.996", "east": "179.997", "west": "-179.995", "format": "netCDF-3", "sizeMB": 0.12}, "CPEX_SPEED_SMAP_999_201705300919_201705301057.nc": {"start": "2017-05-30T09:19:00Z", "end": "2017-05-30T10:57:00Z", "north": "41.519", "south": "3.88", "east": "-52.394", "west": "-71.486", "format": "netCDF-3", "sizeMB": 0.23}, "CPEX_SPEED_SMAP_999_201705311946_201705312125.nc": {"start": "2017-05-31T19:46:00Z", "end": "2017-05-31T21:25:00Z", "north": "41.513", "south": "30.997", "east": "-34.615", "west": "-48.211", "format": "netCDF-3", "sizeMB": 0.06}, "CPEX_SPEED_SMAP_999_201705302048_201705302226.nc": {"start": "2017-05-30T20:48:00Z", "end": "2017-05-30T22:26:00Z", "north": "41.505", "south": "3.884", "east": "-44.494", "west": "-63.595", "format": "netCDF-3", "sizeMB": 0.23}, "CPEX_SPEED_SMAP_999_201705302226_201705310005.nc": {"start": "2017-05-30T22:26:00Z", "end": "2017-05-31T00:05:00Z", "north": "41.503", "south": "3.877", "east": "-69.12", "west": "-88.203", "format": "netCDF-3", "sizeMB": 0.23}, "CPEX_SPEED_SMAP_999_201705310005_201705310143.nc": {"start": "2017-05-31T00:05:00Z", "end": "2017-05-31T01:43:00Z", "north": "36.011", "south": "3.88", "east": "-93.727", "west": "-110.806", "format": "netCDF-3", "sizeMB": 0.2}, "CPEX_SPEED_SMAP_999_201705310817_201705310956.nc": {"start": "2017-05-31T08:17:00Z", "end": "2017-05-31T09:56:00Z", "north": "41.515", "south": "3.874", "east": "-36.998", "west": "-56.089", "format": "netCDF-3", "sizeMB": 0.23}, "CPEX_SPEED_SMAP_999_201705310956_201705311134.nc": {"start": "2017-05-31T09:56:00Z", "end": "2017-05-31T11:34:00Z", "north": "41.505", "south": "3.883", "east": "-61.617", "west": "-80.712", "format": "netCDF-3", "sizeMB": 0.23}, "CPEX_SPEED_SMAP_999_201706021743_201706021922.nc": {"start": "2017-06-02T17:43:00Z", "end": "2017-06-02T19:22:00Z", "north": "41.491", "south": "36.175", "east": "179.996", "west": "-179.998", "format": "netCDF-3", "sizeMB": 0.03}, "CPEX_SPEED_SMAP_999_201705312125_201705312303.nc": {"start": "2017-05-31T21:25:00Z", "end": "2017-05-31T23:03:00Z", "north": "41.505", "south": "3.876", "east": "-53.722", "west": "-72.813", "format": "netCDF-3", "sizeMB": 0.23}, "CPEX_SPEED_SMAP_999_201706011706_201706011845.nc": {"start": "2017-06-01T17:06:00Z", "end": "2017-06-01T18:45:00Z", "north": "41.493", "south": "3.875", "east": "179.999", "west": "-179.997", "format": "netCDF-3", "sizeMB": 0.23}, "CPEX_SPEED_SMAP_999_201706012023_201706012202.nc": {"start": "2017-06-01T20:23:00Z", "end": "2017-06-01T22:02:00Z", "north": "41.485", "south": "3.872", "east": "-38.333", "west": "-57.434", "format": "netCDF-3", "sizeMB": 0.23}, "CPEX_SPEED_SMAP_999_201706012340_201706020119.nc": {"start": "2017-06-01T23:40:00Z", "end": "2017-06-02T01:19:00Z", "north": "41.489", "south": "3.878", "east": "-87.567", "west": "-106.666", "format": "netCDF-3", "sizeMB": 0.23}, "CPEX_SPEED_SMAP_999_201706012202_201706012340.nc": {"start": "2017-06-01T22:02:00Z", "end": "2017-06-01T23:40:00Z", "north": "41.496", "south": "3.884", "east": "-62.954", "west": "-82.05", "format": "netCDF-3", "sizeMB": 0.23}, "CPEX_SPEED_SMAP_999_201706040549_201706040728.nc": {"start": "2017-06-04T05:49:00Z", "end": "2017-06-04T07:28:00Z", "north": "5.82", "south": "3.872", "east": "179.971", "west": "-179.996", "format": "netCDF-3", "sizeMB": 0.01}, "CPEX_SPEED_SMAP_999_201706022100_201706022239.nc": {"start": "2017-06-02T21:00:00Z", "end": "2017-06-02T22:39:00Z", "north": "41.501", "south": "3.883", "east": "-47.558", "west": "-66.664", "format": "netCDF-3", "sizeMB": 0.23}, "CPEX_SPEED_SMAP_999_201706022239_201706030017.nc": {"start": "2017-06-02T22:39:00Z", "end": "2017-06-03T00:17:00Z", "north": "41.497", "south": "3.884", "east": "-72.173", "west": "-91.277", "format": "netCDF-3", "sizeMB": 0.23}, "CPEX_SPEED_SMAP_999_201706041223_201706041402.nc": {"start": "2017-06-04T12:23:00Z", "end": "2017-06-04T14:02:00Z", "north": "41.493", "south": "35.957", "east": "-98.517", "west": "-111.021", "format": "netCDF-3", "sizeMB": 0.03}, "CPEX_SPEED_SMAP_999_201706030512_201706030651.nc": {"start": "2017-06-03T05:12:00Z", "end": "2017-06-03T06:51:00Z", "north": "41.512", "south": "6.084", "east": "179.998", "west": "-179.997", "format": "netCDF-3", "sizeMB": 0.22}, "CPEX_SPEED_SMAP_999_201706032137_201706032316.nc": {"start": "2017-06-03T21:37:00Z", "end": "2017-06-03T23:16:00Z", "north": "41.505", "south": "3.882", "east": "-56.775", "west": "-75.887", "format": "netCDF-3", "sizeMB": 0.23}, "CPEX_SPEED_SMAP_999_201706031146_201706031325.nc": {"start": "2017-06-03T11:46:00Z", "end": "2017-06-03T13:25:00Z", "north": "41.499", "south": "3.885", "east": "-89.299", "west": "-108.381", "format": "netCDF-3", "sizeMB": 0.23}, "CPEX_SPEED_SMAP_999_201706051934_201706052112.nc": {"start": "2017-06-05T19:34:00Z", "end": "2017-06-05T21:12:00Z", "north": "41.508", "south": "39.617", "east": "-33.414", "west": "-45.111", "format": "netCDF-3", "sizeMB": 0.01}, "CPEX_SPEED_SMAP_999_201706050448_201706050626.nc": {"start": "2017-06-05T04:48:00Z", "end": "2017-06-05T06:26:00Z", "north": "41.498", "south": "29.904", "east": "179.993", "west": "-179.997", "format": "netCDF-3", "sizeMB": 0.07}, "CPEX_SPEED_SMAP_999_201706060029_201706060208.nc": {"start": "2017-06-06T00:29:00Z", "end": "2017-06-06T02:08:00Z", "north": "5.798", "south": "3.869", "east": "-99.842", "west": "-108.898", "format": "netCDF-3", "sizeMB": 0.01}, "CPEX_SPEED_SMAP_999_201706032316_201706040054.nc": {"start": "2017-06-03T23:16:00Z", "end": "2017-06-04T00:54:00Z", "north": "41.52", "south": "3.879", "east": "-81.396", "west": "-100.506", "format": "netCDF-3", "sizeMB": 0.23}, "CPEX_SPEED_SMAP_999_201706041719_201706041857.nc": {"start": "2017-06-04T17:19:00Z", "end": "2017-06-04T18:57:00Z", "north": "41.515", "south": "15.082", "east": "180.0", "west": "-179.997", "format": "netCDF-3", "sizeMB": 0.16}, "CPEX_SPEED_SMAP_999_201706042036_201706042214.nc": {"start": "2017-06-04T20:36:00Z", "end": "2017-06-04T22:14:00Z", "north": "41.493", "south": "3.881", "east": "-41.384", "west": "-60.506", "format": "netCDF-3", "sizeMB": 0.23}, "CPEX_SPEED_SMAP_999_201706042214_201706042352.nc": {"start": "2017-06-04T22:14:00Z", "end": "2017-06-04T23:52:00Z", "north": "41.508", "south": "3.877", "east": "-66.009", "west": "-85.105", "format": "netCDF-3", "sizeMB": 0.23}, "CPEX_SPEED_SMAP_999_201706052112_201706052251.nc": {"start": "2017-06-05T21:12:00Z", "end": "2017-06-05T22:51:00Z", "north": "41.506", "south": "3.881", "east": "-50.618", "west": "-69.714", "format": "netCDF-3", "sizeMB": 0.23}, "CPEX_SPEED_SMAP_999_201706061159_201706061337.nc": {"start": "2017-06-06T11:59:00Z", "end": "2017-06-06T13:37:00Z", "north": "41.519", "south": "15.08", "east": "-92.343", "west": "-109.18", "format": "netCDF-3", "sizeMB": 0.16}, "CPEX_SPEED_SMAP_999_201706052251_201706060029.nc": {"start": "2017-06-05T22:51:00Z", "end": "2017-06-06T00:29:00Z", "north": "41.5", "south": "3.884", "east": "-75.233", "west": "-94.333", "format": "netCDF-3", "sizeMB": 0.23}, "CPEX_SPEED_SMAP_999_201706061654_201706061832.nc": {"start": "2017-06-06T16:54:00Z", "end": "2017-06-06T18:32:00Z", "north": "31.383", "south": "3.882", "east": "179.997", "west": "-179.998", "format": "netCDF-3", "sizeMB": 0.17}, "CPEX_SPEED_SMAP_999_201706061020_201706061159.nc": {"start": "2017-06-06T10:20:00Z", "end": "2017-06-06T11:59:00Z", "north": "41.498", "south": "3.878", "east": "-67.738", "west": "-86.821", "format": "netCDF-3", "sizeMB": 0.23}, "CPEX_SPEED_SMAP_999_201706062149_201706062328.nc": {"start": "2017-06-06T21:49:00Z", "end": "2017-06-06T23:28:00Z", "north": "41.49", "south": "3.872", "east": "-59.837", "west": "-78.958", "format": "netCDF-3", "sizeMB": 0.23}, "CPEX_SPEED_SMAP_999_201706071731_201706071909.nc": {"start": "2017-06-07T17:31:00Z", "end": "2017-06-07T19:09:00Z", "north": "41.505", "south": "26.653", "east": "179.997", "west": "-179.998", "format": "netCDF-3", "sizeMB": 0.09}, "CPEX_SPEED_SMAP_999_201706062328_201706070106.nc": {"start": "2017-06-06T23:28:00Z", "end": "2017-06-07T01:06:00Z", "north": "41.512", "south": "3.874", "east": "-84.461", "west": "-103.548", "format": "netCDF-3", "sizeMB": 0.23}, "CPEX_SPEED_SMAP_999_201706071057_201706071235.nc": {"start": "2017-06-07T10:57:00Z", "end": "2017-06-07T12:35:00Z", "north": "41.488", "south": "3.876", "east": "-76.952", "west": "-96.049", "format": "netCDF-3", "sizeMB": 0.23}, "CPEX_SPEED_SMAP_999_201706080500_201706080638.nc": {"start": "2017-06-08T05:00:00Z", "end": "2017-06-08T06:38:00Z", "north": "41.491", "south": "21.971", "east": "179.997", "west": "-179.999", "format": "netCDF-3", "sizeMB": 0.12}, "CPEX_SPEED_SMAP_999_201706081946_201706082125.nc": {"start": "2017-06-08T19:46:00Z", "end": "2017-06-08T21:25:00Z", "north": "41.498", "south": "31.218", "east": "-34.608", "west": "-48.161", "format": "netCDF-3", "sizeMB": 0.06}, "CPEX_SPEED_SMAP_999_201706072048_201706072226.nc": {"start": "2017-06-07T20:48:00Z", "end": "2017-06-07T22:26:00Z", "north": "41.493", "south": "3.884", "east": "-44.453", "west": "-63.55", "format": "netCDF-3", "sizeMB": 0.23}, "CPEX_SPEED_SMAP_999_201706080005_201706080143.nc": {"start": "2017-06-08T00:05:00Z", "end": "2017-06-08T01:43:00Z", "north": "36.231", "south": "3.882", "east": "-93.681", "west": "-110.844", "format": "netCDF-3", "sizeMB": 0.2}, "CPEX_SPEED_SMAP_999_201706072226_201706080005.nc": {"start": "2017-06-07T22:26:00Z", "end": "2017-06-08T00:05:00Z", "north": "41.506", "south": "3.874", "east": "-69.06", "west": "-88.166", "format": "netCDF-3", "sizeMB": 0.23}, "CPEX_SPEED_SMAP_999_201706080955_201706081134.nc": {"start": "2017-06-08T09:55:00Z", "end": "2017-06-08T11:34:00Z", "north": "41.512", "south": "3.874", "east": "-61.561", "west": "-80.656", "format": "netCDF-3", "sizeMB": 0.23}, "CPEX_SPEED_SMAP_999_201706080817_201706080955.nc": {"start": "2017-06-08T08:17:00Z", "end": "2017-06-08T09:55:00Z", "north": "41.495", "south": "3.877", "east": "-36.953", "west": "-56.044", "format": "netCDF-3", "sizeMB": 0.23}, "CPEX_SPEED_SMAP_999_201706100435_201706100614.nc": {"start": "2017-06-10T04:35:00Z", "end": "2017-06-10T06:14:00Z", "north": "41.511", "south": "38.742", "east": "179.981", "west": "-179.967", "format": "netCDF-3", "sizeMB": 0.01}, "CPEX_SPEED_SMAP_999_201706090537_201706090715.nc": {"start": "2017-06-09T05:37:00Z", "end": "2017-06-09T07:15:00Z", "north": "21.264", "south": "3.879", "east": "179.997", "west": "-179.996", "format": "netCDF-3", "sizeMB": 0.11}, "CPEX_SPEED_SMAP_999_201706082303_201706090042.nc": {"start": "2017-06-08T23:03:00Z", "end": "2017-06-09T00:42:00Z", "north": "41.515", "south": "3.878", "east": "-78.284", "west": "-97.395", "format": "netCDF-3", "sizeMB": 0.23}, "CPEX_SPEED_SMAP_999_201706082125_201706082303.nc": {"start": "2017-06-08T21:25:00Z", "end": "2017-06-08T23:03:00Z", "north": "41.493", "south": "3.878", "east": "-53.673", "west": "-72.783", "format": "netCDF-3", "sizeMB": 0.23}, "CPEX_SPEED_SMAP_999_201706092023_201706092202.nc": {"start": "2017-06-09T20:23:00Z", "end": "2017-06-09T22:02:00Z", "north": "41.489", "south": "3.876", "east": "-38.286", "west": "-57.401", "format": "netCDF-3", "sizeMB": 0.23}, "CPEX_SPEED_SMAP_999_201706110017_201706110155.nc": {"start": "2017-06-11T00:17:00Z", "end": "2017-06-11T01:55:00Z", "north": "21.237", "south": "3.87", "east": "-96.754", "west": "-109.45", "format": "netCDF-3", "sizeMB": 0.11}, "CPEX_SPEED_SMAP_999_201706111642_201706111820.nc": {"start": "2017-06-11T16:42:00Z", "end": "2017-06-11T18:20:00Z", "north": "15.954", "south": "3.877", "east": "179.995", "west": "-179.999", "format": "netCDF-3", "sizeMB": 0.07}, "CPEX_SPEED_SMAP_999_201706092202_201706092340.nc": {"start": "2017-06-09T22:02:00Z", "end": "2017-06-09T23:40:00Z", "north": "41.514", "south": "3.874", "east": "-62.911", "west": "-82.004", "format": "netCDF-3", "sizeMB": 0.23}, "CPEX_SPEED_SMAP_999_201706111958_201706112137.nc": {"start": "2017-06-11T19:58:00Z", "end": "2017-06-11T21:37:00Z", "north": "41.497", "south": "20.553", "east": "-35.514", "west": "-51.258", "format": "netCDF-3", "sizeMB": 0.13}, "CPEX_SPEED_SMAP_999_201706092340_201706100118.nc": {"start": "2017-06-09T23:40:00Z", "end": "2017-06-10T01:18:00Z", "north": "41.509", "south": "3.875", "east": "-87.513", "west": "-106.616", "format": "netCDF-3", "sizeMB": 0.23}, "CPEX_SPEED_SMAP_999_201706121223_201706121401.nc": {"start": "2017-06-12T12:23:00Z", "end": "2017-06-12T14:01:00Z", "north": "41.49", "south": "38.498", "east": "-98.529", "west": "-109.863", "format": "netCDF-3", "sizeMB": 0.02}, "CPEX_SPEED_SMAP_999_201706100931_201706101109.nc": {"start": "2017-06-10T09:31:00Z", "end": "2017-06-10T11:09:00Z", "north": "41.52", "south": "3.879", "east": "-55.415", "west": "-74.5", "format": "netCDF-3", "sizeMB": 0.23}, "CPEX_SPEED_SMAP_999_201706111008_201706111146.nc": {"start": "2017-06-11T10:08:00Z", "end": "2017-06-11T11:46:00Z", "north": "41.502", "south": "3.877", "east": "-64.657", "west": "-83.739", "format": "netCDF-3", "sizeMB": 0.23}, "CPEX_SPEED_SMAP_999_201706112137_201706112315.nc": {"start": "2017-06-11T21:37:00Z", "end": "2017-06-11T23:15:00Z", "north": "41.492", "south": "3.883", "east": "-56.766", "west": "-75.872", "format": "netCDF-3", "sizeMB": 0.23}, "CPEX_SPEED_SMAP_999_201706130448_201706130626.nc": {"start": "2017-06-13T04:48:00Z", "end": "2017-06-13T06:26:00Z", "north": "41.502", "south": "29.912", "east": "179.991", "west": "-179.997", "format": "netCDF-3", "sizeMB": 0.07}, "CPEX_SPEED_SMAP_999_201706120906_201706121045.nc": {"start": "2017-06-12T09:06:00Z", "end": "2017-06-12T10:45:00Z", "north": "41.496", "south": "3.878", "east": "-49.257", "west": "-68.361", "format": "netCDF-3", "sizeMB": 0.23}, "CPEX_SPEED_SMAP_999_201706131934_201706132112.nc": {"start": "2017-06-13T19:34:00Z", "end": "2017-06-13T21:12:00Z", "north": "41.509", "south": "39.619", "east": "-33.412", "west": "-45.108", "format": "netCDF-3", "sizeMB": 0.01}, "CPEX_SPEED_SMAP_999_201706121718_201706121857.nc": {"start": "2017-06-12T17:18:00Z", "end": "2017-06-12T18:57:00Z", "north": "41.49", "south": "15.08", "east": "179.997", "west": "-179.99", "format": "netCDF-3", "sizeMB": 0.16}, "CPEX_SPEED_SMAP_999_201706140029_201706140208.nc": {"start": "2017-06-14T00:29:00Z", "end": "2017-06-14T02:08:00Z", "north": "5.812", "south": "3.885", "east": "-99.847", "west": "-108.894", "format": "netCDF-3", "sizeMB": 0.01}, "CPEX_SPEED_SMAP_999_201706122214_201706122352.nc": {"start": "2017-06-12T22:14:00Z", "end": "2017-06-12T23:52:00Z", "north": "41.495", "south": "3.886", "east": "-65.995", "west": "-85.106", "format": "netCDF-3", "sizeMB": 0.23}, "CPEX_SPEED_SMAP_999_201706122035_201706122214.nc": {"start": "2017-06-12T20:35:00Z", "end": "2017-06-12T22:14:00Z", "north": "41.503", "south": "3.884", "east": "-41.381", "west": "-60.48", "format": "netCDF-3", "sizeMB": 0.23}, "CPEX_SPEED_SMAP_999_201706130805_201706130943.nc": {"start": "2017-06-13T08:05:00Z", "end": "2017-06-13T09:43:00Z", "north": "41.52", "south": "3.877", "east": "-33.883", "west": "-52.978", "format": "netCDF-3", "sizeMB": 0.23}, "CPEX_SPEED_SMAP_999_201706122352_201706130131.nc": {"start": "2017-06-12T23:52:00Z", "end": "2017-06-13T01:31:00Z", "north": "41.498", "south": "3.868", "east": "-90.614", "west": "-109.717", "format": "netCDF-3", "sizeMB": 0.23}, "CPEX_SPEED_SMAP_999_201706150740_201706150919.nc": {"start": "2017-06-15T07:40:00Z", "end": "2017-06-15T09:19:00Z", "north": "14.206", "south": "3.879", "east": "-35.894", "west": "-46.833", "format": "netCDF-3", "sizeMB": 0.06}, "CPEX_SPEED_SMAP_999_201706130943_201706131121.nc": {"start": "2017-06-13T09:43:00Z", "end": "2017-06-13T11:21:00Z", "north": "41.496", "south": "3.875", "east": "-58.505", "west": "-77.594", "format": "netCDF-3", "sizeMB": 0.23}, "CPEX_SPEED_SMAP_999_201706132112_201706132251.nc": {"start": "2017-06-13T21:12:00Z", "end": "2017-06-13T22:51:00Z", "north": "41.501", "south": "3.889", "east": "-50.619", "west": "-69.722", "format": "netCDF-3", "sizeMB": 0.23}, "CPEX_SPEED_SMAP_999_201706141158_201706141337.nc": {"start": "2017-06-14T11:58:00Z", "end": "2017-06-14T13:37:00Z", "north": "41.498", "south": "15.083", "east": "-92.366", "west": "-109.182", "format": "netCDF-3", "sizeMB": 0.16}, "CPEX_SPEED_SMAP_999_201706132251_201706140029.nc": {"start": "2017-06-13T22:51:00Z", "end": "2017-06-14T00:29:00Z", "north": "41.5", "south": "3.89", "east": "-75.238", "west": "-94.342", "format": "netCDF-3", "sizeMB": 0.23}, "CPEX_SPEED_SMAP_999_201706201223_201706201402.nc": {"start": "2017-06-20T12:23:00Z", "end": "2017-06-20T14:02:00Z", "north": "41.505", "south": "36.183", "east": "-98.537", "west": "-110.994", "format": "netCDF-3", "sizeMB": 0.03}, "CPEX_SPEED_SMAP_999_201706151731_201706151909.nc": {"start": "2017-06-15T17:31:00Z", "end": "2017-06-15T19:09:00Z", "north": "41.489", "south": "26.645", "east": "179.999", "west": "-179.997", "format": "netCDF-3", "sizeMB": 0.09}, "CPEX_SPEED_SMAP_999_201706142328_201706150106.nc": {"start": "2017-06-14T23:28:00Z", "end": "2017-06-15T01:06:00Z", "north": "41.513", "south": "3.885", "east": "-84.469", "west": "-103.573", "format": "netCDF-3", "sizeMB": 0.23}, "CPEX_SPEED_SMAP_999_201706210448_201706210626.nc": {"start": "2017-06-21T04:48:00Z", "end": "2017-06-21T06:26:00Z", "north": "41.495", "south": "29.903", "east": "179.99", "west": "-179.999", "format": "netCDF-3", "sizeMB": 0.07}, "CPEX_SPEED_SMAP_999_201706151057_201706151236.nc": {"start": "2017-06-15T10:57:00Z", "end": "2017-06-15T12:36:00Z", "north": "41.502", "south": "3.882", "east": "-76.968", "west": "-96.062", "format": "netCDF-3", "sizeMB": 0.23}, "CPEX_SPEED_SMAP_999_201706152226_201706160005.nc": {"start": "2017-06-15T22:26:00Z", "end": "2017-06-16T00:05:00Z", "north": "41.505", "south": "3.875", "east": "-69.084", "west": "-88.189", "format": "netCDF-3", "sizeMB": 0.23}, "CPEX_SPEED_SMAP_999_201706152048_201706152226.nc": {"start": "2017-06-15T20:48:00Z", "end": "2017-06-15T22:26:00Z", "north": "41.487", "south": "3.884", "east": "-44.468", "west": "-63.583", "format": "netCDF-3", "sizeMB": 0.23}, "CPEX_SPEED_SMAP_999_201706201719_201706201857.nc": {"start": "2017-06-20T17:19:00Z", "end": "2017-06-20T18:57:00Z", "north": "41.514", "south": "15.083", "east": "179.998", "west": "-179.997", "format": "netCDF-3", "sizeMB": 0.16}, "CPEX_SPEED_SMAP_999_201706220029_201706220208.nc": {"start": "2017-06-22T00:29:00Z", "end": "2017-06-22T02:08:00Z", "north": "5.807", "south": "3.882", "east": "-99.879", "west": "-108.931", "format": "netCDF-3", "sizeMB": 0.01}, "CPEX_SPEED_SMAP_999_201706202353_201706210131.nc": {"start": "2017-06-20T23:53:00Z", "end": "2017-06-21T01:31:00Z", "north": "41.504", "south": "3.884", "east": "-90.637", "west": "-109.753", "format": "netCDF-3", "sizeMB": 0.23}, "CPEX_SPEED_SMAP_999_201706202036_201706202214.nc": {"start": "2017-06-20T20:36:00Z", "end": "2017-06-20T22:14:00Z", "north": "41.508", "south": "3.883", "east": "-41.405", "west": "-60.528", "format": "netCDF-3", "sizeMB": 0.23}, "CPEX_SPEED_SMAP_999_201706210943_201706211122.nc": {"start": "2017-06-21T09:43:00Z", "end": "2017-06-21T11:22:00Z", "north": "41.493", "south": "3.888", "east": "-58.513", "west": "-77.613", "format": "netCDF-3", "sizeMB": 0.23}, "CPEX_SPEED_SMAP_999_201706210805_201706210943.nc": {"start": "2017-06-21T08:05:00Z", "end": "2017-06-21T09:43:00Z", "north": "41.512", "south": "3.882", "east": "-33.877", "west": "-53.008", "format": "netCDF-3", "sizeMB": 0.23}, "CPEX_SPEED_SMAP_999_201706211122_201706211300.nc": {"start": "2017-06-21T11:22:00Z", "end": "2017-06-21T13:00:00Z", "north": "41.509", "south": "3.881", "east": "-83.137", "west": "-102.243", "format": "netCDF-3", "sizeMB": 0.23}, "CPEX_SPEED_SMAP_999_201706221159_201706221337.nc": {"start": "2017-06-22T11:59:00Z", "end": "2017-06-22T13:37:00Z", "north": "41.508", "south": "15.078", "east": "-92.374", "west": "-109.204", "format": "netCDF-3", "sizeMB": 0.16}, "CPEX_SPEED_SMAP_999_201706212113_201706212251.nc": {"start": "2017-06-21T21:13:00Z", "end": "2017-06-21T22:51:00Z", "north": "41.515", "south": "3.886", "east": "-50.645", "west": "-69.757", "format": "netCDF-3", "sizeMB": 0.23}, "CPEX_SPEED_SMAP_999_201706220842_201706221020.nc": {"start": "2017-06-22T08:42:00Z", "end": "2017-06-22T10:20:00Z", "north": "41.499", "south": "3.881", "east": "-43.146", "west": "-62.236", "format": "netCDF-3", "sizeMB": 0.23}, "CPEX_SPEED_SMAP_999_201706221020_201706221159.nc": {"start": "2017-06-22T10:20:00Z", "end": "2017-06-22T11:59:00Z", "north": "41.487", "south": "3.888", "east": "-67.774", "west": "-86.852", "format": "netCDF-3", "sizeMB": 0.23}, "CPEX_SPEED_SMAP_999_201706222011_201706222149.nc": {"start": "2017-06-22T20:11:00Z", "end": "2017-06-22T21:49:00Z", "north": "41.524", "south": "7.839", "east": "-36.075", "west": "-54.354", "format": "netCDF-3", "sizeMB": 0.21}, "CPEX_SPEED_SMAP_999_201706222149_201706222328.nc": {"start": "2017-06-22T21:49:00Z", "end": "2017-06-22T23:28:00Z", "north": "41.498", "south": "3.874", "east": "-59.884", "west": "-78.981", "format": "netCDF-3", "sizeMB": 0.23}, "CPEX_SPEED_SMAP_999_201706222328_201706230106.nc": {"start": "2017-06-22T23:28:00Z", "end": "2017-06-23T01:06:00Z", "north": "41.517", "south": "3.881", "east": "-84.491", "west": "-103.591", "format": "netCDF-3", "sizeMB": 0.23}, "CPEX_SPEED_SMAP_999_201706241946_201706242125.nc": {"start": "2017-06-24T19:46:00Z", "end": "2017-06-24T21:25:00Z", "north": "41.513", "south": "30.994", "east": "-34.615", "west": "-48.227", "format": "netCDF-3", "sizeMB": 0.06}, "CPEX_SPEED_SMAP_999_201706232226_201706240005.nc": {"start": "2017-06-23T22:26:00Z", "end": "2017-06-24T00:05:00Z", "north": "41.5", "south": "3.884", "east": "-69.109", "west": "-88.228", "format": "netCDF-3", "sizeMB": 0.23}, "CPEX_SPEED_SMAP_999_201706230919_201706231057.nc": {"start": "2017-06-23T09:19:00Z", "end": "2017-06-23T10:57:00Z", "north": "41.49", "south": "3.886", "east": "-52.382", "west": "-71.48", "format": "netCDF-3", "sizeMB": 0.23}, "CPEX_SPEED_SMAP_999_201706232048_201706232226.nc": {"start": "2017-06-23T20:48:00Z", "end": "2017-06-23T22:26:00Z", "north": "41.502", "south": "3.887", "east": "-44.502", "west": "-63.6", "format": "netCDF-3", "sizeMB": 0.23}, "CPEX_SPEED_SMAP_999_201706251211_201706251349.nc": {"start": "2017-06-25T12:11:00Z", "end": "2017-06-25T13:49:00Z", "north": "41.519", "south": "26.663", "east": "-95.47", "west": "-109.959", "format": "netCDF-3", "sizeMB": 0.09}, "CPEX_SPEED_SMAP_999_201706240956_201706241134.nc": {"start": "2017-06-24T09:56:00Z", "end": "2017-06-24T11:34:00Z", "north": "41.497", "south": "3.878", "east": "-61.618", "west": "-80.714", "format": "netCDF-3", "sizeMB": 0.23}, "CPEX_SPEED_SMAP_999_201706250537_201706250716.nc": {"start": "2017-06-25T05:37:00Z", "end": "2017-06-25T07:16:00Z", "north": "21.042", "south": "3.874", "east": "179.997", "west": "-180.0", "format": "netCDF-3", "sizeMB": 0.1}, "CPEX_SPEED_SMAP_999_201706241134_201706241313.nc": {"start": "2017-06-24T11:34:00Z", "end": "2017-06-24T13:13:00Z", "north": "41.497", "south": "3.882", "east": "-86.236", "west": "-105.321", "format": "netCDF-3", "sizeMB": 0.23}, "CPEX_SPEED_SMAP_999_201706260436_201706260614.nc": {"start": "2017-06-26T04:36:00Z", "end": "2017-06-26T06:14:00Z", "north": "41.498", "south": "38.543", "east": "179.982", "west": "-179.963", "format": "netCDF-3", "sizeMB": 0.01}, "CPEX_SPEED_SMAP_999_201706242125_201706242303.nc": {"start": "2017-06-24T21:25:00Z", "end": "2017-06-24T23:03:00Z", "north": "41.509", "south": "3.882", "east": "-53.733", "west": "-72.829", "format": "netCDF-3", "sizeMB": 0.23}, "CPEX_SPEED_SMAP_999_201706242303_201706250042.nc": {"start": "2017-06-24T23:03:00Z", "end": "2017-06-25T00:42:00Z", "north": "41.487", "south": "3.88", "east": "-78.348", "west": "-97.451", "format": "netCDF-3", "sizeMB": 0.23}, "CPEX_SPEED_SMAP_999_201706251706_201706251845.nc": {"start": "2017-06-25T17:06:00Z", "end": "2017-06-25T18:45:00Z", "north": "41.496", "south": "3.878", "east": "179.996", "west": "-179.998", "format": "netCDF-3", "sizeMB": 0.23}, "CPEX_SPEED_SMAP_999_201706260753_201706260931.nc": {"start": "2017-06-26T07:53:00Z", "end": "2017-06-26T09:31:00Z", "north": "29.631", "south": "3.885", "east": "-34.923", "west": "-49.941", "format": "netCDF-3", "sizeMB": 0.16}, "CPEX_SPEED_SMAP_999_201706252023_201706252202.nc": {"start": "2017-06-25T20:23:00Z", "end": "2017-06-25T22:02:00Z", "north": "41.509", "south": "3.878", "east": "-38.343", "west": "-57.449", "format": "netCDF-3", "sizeMB": 0.23}, "CPEX_SPEED_SMAP_999_201706252202_201706252340.nc": {"start": "2017-06-25T22:02:00Z", "end": "2017-06-25T23:40:00Z", "north": "41.5", "south": "3.882", "east": "-62.97", "west": "-82.062", "format": "netCDF-3", "sizeMB": 0.23}, "CPEX_SPEED_SMAP_999_201706261109_201706261248.nc": {"start": "2017-06-26T11:09:00Z", "end": "2017-06-26T12:48:00Z", "north": "41.506", "south": "3.879", "east": "-80.081", "west": "-99.173", "format": "netCDF-3", "sizeMB": 0.23}, "CPEX_SPEED_SMAP_999_201706270513_201706270651.nc": {"start": "2017-06-27T05:13:00Z", "end": "2017-06-27T06:51:00Z", "north": "41.502", "south": "5.864", "east": "179.998", "west": "-180.0", "format": "netCDF-3", "sizeMB": 0.22}, "CPEX_SPEED_SMAP_999_201706260931_201706261109.nc": {"start": "2017-06-26T09:31:00Z", "end": "2017-06-26T11:09:00Z", "north": "41.496", "south": "3.884", "east": "-55.473", "west": "-74.565", "format": "netCDF-3", "sizeMB": 0.23}, "CPEX_SPEED_SMAP_999_201706262239_201706270017.nc": {"start": "2017-06-26T22:39:00Z", "end": "2017-06-27T00:17:00Z", "north": "41.506", "south": "3.882", "east": "-72.202", "west": "-91.341", "format": "netCDF-3", "sizeMB": 0.23}, "CPEX_SPEED_SMAP_999_201706271642_201706271820.nc": {"start": "2017-06-27T16:42:00Z", "end": "2017-06-27T18:20:00Z", "north": "16.18", "south": "3.88", "east": "179.997", "west": "-179.996", "format": "netCDF-3", "sizeMB": 0.07}, "CPEX_SPEED_SMAP_999_201706270830_201706271008.nc": {"start": "2017-06-27T08:30:00Z", "end": "2017-06-27T10:08:00Z", "north": "41.498", "south": "3.877", "east": "-40.094", "west": "-59.177", "format": "netCDF-3", "sizeMB": 0.23}, "CPEX_SPEED_SMAP_999_201706281223_201706281402.nc": {"start": "2017-06-28T12:23:00Z", "end": "2017-06-28T14:02:00Z", "north": "41.492", "south": "36.177", "east": "-98.552", "west": "-111.011", "format": "netCDF-3", "sizeMB": 0.03}, "CPEX_SPEED_SMAP_999_201706271959_201706272137.nc": {"start": "2017-06-27T19:59:00Z", "end": "2017-06-27T21:37:00Z", "north": "41.518", "south": "20.323", "east": "-35.518", "west": "-51.294", "format": "netCDF-3", "sizeMB": 0.13}, "CPEX_SPEED_SMAP_999_201706271146_201706271325.nc": {"start": "2017-06-27T11:46:00Z", "end": "2017-06-27T13:25:00Z", "north": "41.503", "south": "3.878", "east": "-89.312", "west": "-108.408", "format": "netCDF-3", "sizeMB": 0.23}, "CPEX_SPEED_SMAP_999_201706291934_201706292113.nc": {"start": "2017-06-29T19:34:00Z", "end": "2017-06-29T21:13:00Z", "north": "41.505", "south": "39.624", "east": "-33.47", "west": "-45.156", "format": "netCDF-3", "sizeMB": 0.01}, "CPEX_SPEED_SMAP_999_201706272137_201706272316.nc": {"start": "2017-06-27T21:37:00Z", "end": "2017-06-27T23:16:00Z", "north": "41.499", "south": "3.877", "east": "-56.817", "west": "-75.924", "format": "netCDF-3", "sizeMB": 0.23}, "CPEX_SPEED_SMAP_999_201706281045_201706281223.nc": {"start": "2017-06-28T10:45:00Z", "end": "2017-06-28T12:23:00Z", "north": "41.504", "south": "3.871", "east": "-73.929", "west": "-93.027", "format": "netCDF-3", "sizeMB": 0.23}, "CPEX_SPEED_SMAP_999_201706272316_201706280054.nc": {"start": "2017-06-27T23:16:00Z", "end": "2017-06-28T00:54:00Z", "north": "41.52", "south": "3.877", "east": "-81.429", "west": "-100.523", "format": "netCDF-3", "sizeMB": 0.23}, "CPEX_SPEED_SMAP_999_201706282036_201706282214.nc": {"start": "2017-06-28T20:36:00Z", "end": "2017-06-28T22:14:00Z", "north": "41.498", "south": "3.882", "east": "-41.436", "west": "-60.531", "format": "netCDF-3", "sizeMB": 0.23}, "CPEX_SPEED_SMAP_999_201706300030_201706300208.nc": {"start": "2017-06-30T00:30:00Z", "end": "2017-06-30T02:08:00Z", "north": "5.592", "south": "3.883", "east": "-99.901", "west": "-108.901", "format": "netCDF-3", "sizeMB": 0.01}, "CPEX_SPEED_SMAP_999_201706282214_201706282353.nc": {"start": "2017-06-28T22:14:00Z", "end": "2017-06-28T23:53:00Z", "north": "41.514", "south": "3.879", "east": "-66.045", "west": "-85.163", "format": "netCDF-3", "sizeMB": 0.23}, "CPEX_SPEED_SMAP_999_201706282353_201706290131.nc": {"start": "2017-06-28T23:53:00Z", "end": "2017-06-29T01:31:00Z", "north": "41.494", "south": "3.876", "east": "-90.666", "west": "-109.758", "format": "netCDF-3", "sizeMB": 0.23}, "CPEX_SPEED_SMAP_999_201706291122_201706291300.nc": {"start": "2017-06-29T11:22:00Z", "end": "2017-06-29T13:00:00Z", "north": "41.501", "south": "3.882", "east": "-83.165", "west": "-102.257", "format": "netCDF-3", "sizeMB": 0.23}, "CPEX_SPEED_SMAP_999_201706290943_201706291122.nc": {"start": "2017-06-29T09:43:00Z", "end": "2017-06-29T11:22:00Z", "north": "41.499", "south": "3.876", "east": "-58.548", "west": "-77.647", "format": "netCDF-3", "sizeMB": 0.23}, "CPEX_SPEED_SMAP_999_201706292113_201706292251.nc": {"start": "2017-06-29T21:13:00Z", "end": "2017-06-29T22:51:00Z", "north": "41.5", "south": "3.885", "east": "-50.67", "west": "-69.768", "format": "netCDF-3", "sizeMB": 0.23}, "CPEX_SPEED_SMAP_999_201706301159_201706301337.nc": {"start": "2017-06-30T11:59:00Z", "end": "2017-06-30T13:37:00Z", "north": "41.502", "south": "15.295", "east": "-92.403", "west": "-109.186", "format": "netCDF-3", "sizeMB": 0.16}, "CPEX_SPEED_SMAP_999_201707011731_201707011910.nc": {"start": "2017-07-01T17:31:00Z", "end": "2017-07-01T19:10:00Z", "north": "41.485", "south": "26.867", "east": "179.999", "west": "-179.992", "format": "netCDF-3", "sizeMB": 0.09}, "CPEX_SPEED_SMAP_999_201706301654_201706301833.nc": {"start": "2017-06-30T16:54:00Z", "end": "2017-06-30T18:33:00Z", "north": "31.621", "south": "3.878", "east": "179.997", "west": "-179.999", "format": "netCDF-3", "sizeMB": 0.17}, "CPEX_SPEED_SMAP_999_201706300525_201706300703.nc": {"start": "2017-06-30T05:25:00Z", "end": "2017-06-30T07:03:00Z", "north": "35.784", "south": "3.882", "east": "179.997", "west": "-180.0", "format": "netCDF-3", "sizeMB": 0.2}, "CPEX_SPEED_SMAP_999_201706292251_201706300029.nc": {"start": "2017-06-29T22:51:00Z", "end": "2017-06-30T00:29:00Z", "north": "41.514", "south": "3.883", "east": "-75.278", "west": "-94.394", "format": "netCDF-3", "sizeMB": 0.23}, "CPEX_SPEED_SMAP_999_201706302328_201707010106.nc": {"start": "2017-06-30T23:28:00Z", "end": "2017-07-01T01:06:00Z", "north": "41.52", "south": "3.878", "east": "-84.514", "west": "-103.626", "format": "netCDF-3", "sizeMB": 0.23}, "CPEX_SPEED_SMAP_999_201707012048_201707012226.nc": {"start": "2017-07-01T20:48:00Z", "end": "2017-07-01T22:26:00Z", "north": "41.512", "south": "17.294", "east": "-47.939", "west": "-63.634", "format": "netCDF-3", "sizeMB": 0.15}, "CPEX_SPEED_SMAP_999_201707021946_201707022125.nc": {"start": "2017-07-02T19:46:00Z", "end": "2017-07-02T21:25:00Z", "north": "41.499", "south": "30.996", "east": "-34.654", "west": "-48.223", "format": "netCDF-3", "sizeMB": 0.06}, "CPEX_SPEED_SMAP_999_201707011057_201707011236.nc": {"start": "2017-07-01T10:57:00Z", "end": "2017-07-01T12:36:00Z", "north": "41.509", "south": "3.873", "east": "-77.019", "west": "-96.117", "format": "netCDF-3", "sizeMB": 0.23}, "CPEX_SPEED_SMAP_999_201707020500_201707020639.nc": {"start": "2017-07-02T05:00:00Z", "end": "2017-07-02T06:39:00Z", "north": "41.507", "south": "22.054", "east": "179.997", "west": "-179.993", "format": "netCDF-3", "sizeMB": 0.12}, "CPEX_SPEED_SMAP_999_201707020005_201707020143.nc": {"start": "2017-07-02T00:05:00Z", "end": "2017-07-02T01:43:00Z", "north": "35.789", "south": "3.884", "east": "-93.75", "west": "-110.761", "format": "netCDF-3", "sizeMB": 0.2}, "CPEX_SPEED_SMAP_999_201707012226_201707020005.nc": {"start": "2017-07-01T22:26:00Z", "end": "2017-07-02T00:05:00Z", "north": "41.495", "south": "3.876", "east": "-69.137", "west": "-88.221", "format": "netCDF-3", "sizeMB": 0.23}, "CPEX_SPEED_SMAP_999_201707031211_201707031350.nc": {"start": "2017-07-03T12:11:00Z", "end": "2017-07-03T13:50:00Z", "north": "41.494", "south": "26.874", "east": "-95.5", "west": "-109.935", "format": "netCDF-3", "sizeMB": 0.09}, "CPEX_SPEED_SMAP_999_201707021134_201707021313.nc": {"start": "2017-07-02T11:34:00Z", "end": "2017-07-02T13:13:00Z", "north": "41.493", "south": "3.883", "east": "-86.254", "west": "-105.35", "format": "netCDF-3", "sizeMB": 0.23}, "CPEX_SPEED_SMAP_999_201707020817_201707020956.nc": {"start": "2017-07-02T08:17:00Z", "end": "2017-07-02T09:56:00Z", "north": "41.504", "south": "3.877", "east": "-37.032", "west": "-56.116", "format": "netCDF-3", "sizeMB": 0.23}, "CPEX_SPEED_SMAP_999_201707022303_201707030042.nc": {"start": "2017-07-02T23:03:00Z", "end": "2017-07-03T00:42:00Z", "north": "41.501", "south": "3.874", "east": "-78.369", "west": "-97.466", "format": "netCDF-3", "sizeMB": 0.23}, "CPEX_SPEED_SMAP_999_201707032023_201707032202.nc": {"start": "2017-07-03T20:23:00Z", "end": "2017-07-03T22:02:00Z", "north": "41.514", "south": "3.874", "east": "-38.375", "west": "-57.465", "format": "netCDF-3", "sizeMB": 0.23}, "CPEX_SPEED_SMAP_999_201707042100_201707042239.nc": {"start": "2017-07-04T21:00:00Z", "end": "2017-07-04T22:39:00Z", "north": "41.493", "south": "3.871", "east": "-47.608", "west": "-66.699", "format": "netCDF-3", "sizeMB": 0.23}, "CPEX_SPEED_SMAP_999_201707032340_201707040119.nc": {"start": "2017-07-03T23:40:00Z", "end": "2017-07-04T01:19:00Z", "north": "41.509", "south": "3.884", "east": "-87.608", "west": "-106.697", "format": "netCDF-3", "sizeMB": 0.23}, "CPEX_SPEED_SMAP_999_201707051642_201707051820.nc": {"start": "2017-07-05T16:42:00Z", "end": "2017-07-05T18:20:00Z", "north": "16.386", "south": "3.876", "east": "179.997", "west": "-179.989", "format": "netCDF-3", "sizeMB": 0.08}, "CPEX_SPEED_SMAP_999_201707042239_201707050017.nc": {"start": "2017-07-04T22:39:00Z", "end": "2017-07-05T00:17:00Z", "north": "41.5", "south": "3.891", "east": "-72.217", "west": "-91.316", "format": "netCDF-3", "sizeMB": 0.23}, "CPEX_SPEED_SMAP_999_201707050513_201707050651.nc": {"start": "2017-07-05T05:13:00Z", "end": "2017-07-05T06:51:00Z", "north": "41.486", "south": "5.861", "east": "179.999", "west": "-180.0", "format": "netCDF-3", "sizeMB": 0.22}, "CPEX_SPEED_SMAP_999_201707050830_201707051008.nc": {"start": "2017-07-05T08:30:00Z", "end": "2017-07-05T10:08:00Z", "north": "41.497", "south": "3.885", "east": "-40.105", "west": "-59.204", "format": "netCDF-3", "sizeMB": 0.23}, "CPEX_SPEED_SMAP_999_201707051959_201707052137.nc": {"start": "2017-07-05T19:59:00Z", "end": "2017-07-05T21:37:00Z", "north": "41.501", "south": "20.333", "east": "-35.542", "west": "-51.313", "format": "netCDF-3", "sizeMB": 0.13}, "CPEX_SPEED_SMAP_999_201707060550_201707060728.nc": {"start": "2017-07-06T05:50:00Z", "end": "2017-07-06T07:28:00Z", "north": "5.368", "south": "3.876", "east": "179.962", "west": "-179.996", "format": "netCDF-3", "sizeMB": 0.01}, "CPEX_SPEED_SMAP_999_201707051146_201707051325.nc": {"start": "2017-07-05T11:46:00Z", "end": "2017-07-05T13:25:00Z", "north": "41.513", "south": "3.875", "east": "-89.343", "west": "-108.444", "format": "netCDF-3", "sizeMB": 0.23}, "CPEX_SPEED_SMAP_999_201707061223_201707061402.nc": {"start": "2017-07-06T12:23:00Z", "end": "2017-07-06T14:02:00Z", "north": "41.507", "south": "36.184", "east": "-98.559", "west": "-111.05", "format": "netCDF-3", "sizeMB": 0.03}, "CPEX_SPEED_SMAP_999_201707071934_201707072113.nc": {"start": "2017-07-07T19:34:00Z", "end": "2017-07-07T21:13:00Z", "north": "41.508", "south": "39.6", "east": "-33.489", "west": "-45.172", "format": "netCDF-3", "sizeMB": 0.01}, "CPEX_SPEED_SMAP_999_201707052137_201707052316.nc": {"start": "2017-07-05T21:37:00Z", "end": "2017-07-05T23:16:00Z", "north": "41.514", "south": "3.87", "east": "-56.836", "west": "-75.924", "format": "netCDF-3", "sizeMB": 0.23}, "CPEX_SPEED_SMAP_999_201707080030_201707080208.nc": {"start": "2017-07-08T00:30:00Z", "end": "2017-07-08T02:08:00Z", "north": "5.36", "south": "3.878", "east": "-99.921", "west": "-108.88", "format": "netCDF-3", "sizeMB": 0.01}, "CPEX_SPEED_SMAP_999_201707052316_201707060054.nc": {"start": "2017-07-05T23:16:00Z", "end": "2017-07-06T00:54:00Z", "north": "41.491", "south": "3.881", "east": "-81.453", "west": "-100.554", "format": "netCDF-3", "sizeMB": 0.23}, "CPEX_SPEED_SMAP_999_201707060906_201707061045.nc": {"start": "2017-07-06T09:06:00Z", "end": "2017-07-06T10:45:00Z", "north": "41.509", "south": "3.883", "east": "-49.335", "west": "-68.442", "format": "netCDF-3", "sizeMB": 0.23}, "CPEX_SPEED_SMAP_999_201707061045_201707061223.nc": {"start": "2017-07-06T10:45:00Z", "end": "2017-07-06T12:23:00Z", "north": "41.505", "south": "3.873", "east": "-73.962", "west": "-93.056", "format": "netCDF-3", "sizeMB": 0.23}, "CPEX_SPEED_SMAP_999_201707062036_201707062214.nc": {"start": "2017-07-06T20:36:00Z", "end": "2017-07-06T22:14:00Z", "north": "41.507", "south": "3.884", "east": "-41.457", "west": "-60.551", "format": "netCDF-3", "sizeMB": 0.23}, "CPEX_SPEED_SMAP_999_201707062214_201707062353.nc": {"start": "2017-07-06T22:14:00Z", "end": "2017-07-06T23:53:00Z", "north": "41.488", "south": "3.88", "east": "-66.077", "west": "-85.165", "format": "netCDF-3", "sizeMB": 0.23}, "CPEX_SPEED_SMAP_999_201707072113_201707072251.nc": {"start": "2017-07-07T21:13:00Z", "end": "2017-07-07T22:51:00Z", "north": "41.511", "south": "3.879", "east": "-50.69", "west": "-69.784", "format": "netCDF-3", "sizeMB": 0.23}, "CPEX_SPEED_SMAP_999_201707072251_201707080030.nc": {"start": "2017-07-07T22:51:00Z", "end": "2017-07-08T00:30:00Z", "north": "41.494", "south": "3.884", "east": "-75.313", "west": "-94.391", "format": "netCDF-3", "sizeMB": 0.23}, "CPEX_SPEED_SMAP_999_201707081654_201707081833.nc": {"start": "2017-07-08T16:54:00Z", "end": "2017-07-08T18:33:00Z", "north": "31.814", "south": "3.881", "east": "180.0", "west": "-179.999", "format": "netCDF-3", "sizeMB": 0.17}, "CPEX_SPEED_SMAP_999_201707080842_201707081020.nc": {"start": "2017-07-08T08:42:00Z", "end": "2017-07-08T10:20:00Z", "north": "41.503", "south": "3.878", "east": "-43.189", "west": "-62.279", "format": "netCDF-3", "sizeMB": 0.23}, "CPEX_SPEED_SMAP_999_201707091731_201707091910.nc": {"start": "2017-07-09T17:31:00Z", "end": "2017-07-09T19:10:00Z", "north": "41.518", "south": "26.86", "east": "179.992", "west": "-179.997", "format": "netCDF-3", "sizeMB": 0.09}, "CPEX_SPEED_SMAP_999_201707082150_201707082328.nc": {"start": "2017-07-08T21:50:00Z", "end": "2017-07-08T23:28:00Z", "north": "41.515", "south": "3.876", "east": "-59.921", "west": "-79.023", "format": "netCDF-3", "sizeMB": 0.23}, "CPEX_SPEED_SMAP_999_201707100500_201707100639.nc": {"start": "2017-07-10T05:00:00Z", "end": "2017-07-10T06:39:00Z", "north": "41.488", "south": "22.019", "east": "179.999", "west": "-179.996", "format": "netCDF-3", "sizeMB": 0.12}, "CPEX_SPEED_SMAP_999_201707100005_201707100143.nc": {"start": "2017-07-10T00:05:00Z", "end": "2017-07-10T01:43:00Z", "north": "35.79", "south": "3.874", "east": "-93.776", "west": "-110.784", "format": "netCDF-3", "sizeMB": 0.2}, "CPEX_SPEED_SMAP_999_201707111211_201707111350.nc": {"start": "2017-07-11T12:11:00Z", "end": "2017-07-11T13:50:00Z", "north": "41.502", "south": "26.876", "east": "-95.505", "west": "-109.955", "format": "netCDF-3", "sizeMB": 0.09}, "CPEX_SPEED_SMAP_999_201707110537_201707110716.nc": {"start": "2017-07-11T05:37:00Z", "end": "2017-07-11T07:16:00Z", "north": "20.802", "south": "3.884", "east": "179.996", "west": "-179.995", "format": "netCDF-3", "sizeMB": 0.1}, "CPEX_SPEED_SMAP_999_201707092227_201707100005.nc": {"start": "2017-07-09T22:27:00Z", "end": "2017-07-10T00:05:00Z", "north": "41.513", "south": "3.879", "east": "-69.159", "west": "-88.252", "format": "netCDF-3", "sizeMB": 0.23}, "CPEX_SPEED_SMAP_999_201707120436_201707120614.nc": {"start": "2017-07-12T04:36:00Z", "end": "2017-07-12T06:14:00Z", "north": "41.497", "south": "38.54", "east": "179.972", "west": "-179.982", "format": "netCDF-3", "sizeMB": 0.01}, "CPEX_SPEED_SMAP_999_201707102125_201707102303.nc": {"start": "2017-07-10T21:25:00Z", "end": "2017-07-10T23:03:00Z", "north": "41.499", "south": "3.885", "east": "-53.774", "west": "-72.876", "format": "netCDF-3", "sizeMB": 0.23}, "CPEX_SPEED_SMAP_999_201707100956_201707101134.nc": {"start": "2017-07-10T09:56:00Z", "end": "2017-07-10T11:34:00Z", "north": "41.509", "south": "3.882", "east": "-61.66", "west": "-80.756", "format": "netCDF-3", "sizeMB": 0.23}, "CPEX_SPEED_SMAP_999_201707140550_201707140728.nc": {"start": "2017-07-14T05:50:00Z", "end": "2017-07-14T07:28:00Z", "north": "5.369", "south": "3.876", "east": "179.974", "west": "-179.979", "format": "netCDF-3", "sizeMB": 0.01}, "CPEX_SPEED_SMAP_999_201707112202_201707112340.nc": {"start": "2017-07-11T22:02:00Z", "end": "2017-07-11T23:40:00Z", "north": "41.506", "south": "3.877", "east": "-63.009", "west": "-82.099", "format": "netCDF-3", "sizeMB": 0.23}, "CPEX_SPEED_SMAP_999_201707112023_201707112202.nc": {"start": "2017-07-11T20:23:00Z", "end": "2017-07-11T22:02:00Z", "north": "41.514", "south": "3.881", "east": "-38.399", "west": "-57.486", "format": "netCDF-3", "sizeMB": 0.23}, "CPEX_SPEED_SMAP_999_201707141223_201707141402.nc": {"start": "2017-07-14T12:23:00Z", "end": "2017-07-14T14:02:00Z", "north": "41.492", "south": "36.19", "east": "-98.592", "west": "-111.06", "format": "netCDF-3", "sizeMB": 0.03}, "CPEX_SPEED_SMAP_999_201707131959_201707132137.nc": {"start": "2017-07-13T19:59:00Z", "end": "2017-07-13T21:37:00Z", "north": "41.504", "south": "20.33", "east": "-35.566", "west": "-51.336", "format": "netCDF-3", "sizeMB": 0.13}, "CPEX_SPEED_SMAP_999_201707112340_201707120119.nc": {"start": "2017-07-11T23:40:00Z", "end": "2017-07-12T01:19:00Z", "north": "41.515", "south": "3.882", "east": "-87.629", "west": "-106.71", "format": "netCDF-3", "sizeMB": 0.23}, "CPEX_SPEED_SMAP_999_201707130830_201707131008.nc": {"start": "2017-07-13T08:30:00Z", "end": "2017-07-13T10:08:00Z", "north": "41.511", "south": "3.88", "east": "-40.116", "west": "-59.222", "format": "netCDF-3", "sizeMB": 0.23}, "CPEX_SPEED_SMAP_999_201707151934_201707152113.nc": {"start": "2017-07-15T19:34:00Z", "end": "2017-07-15T21:13:00Z", "north": "41.503", "south": "39.405", "east": "-33.462", "west": "-45.197", "format": "netCDF-3", "sizeMB": 0.01}, "CPEX_SPEED_SMAP_999_201707122239_201707130017.nc": {"start": "2017-07-12T22:39:00Z", "end": "2017-07-13T00:17:00Z", "north": "41.482", "south": "3.875", "east": "-72.239", "west": "-91.329", "format": "netCDF-3", "sizeMB": 0.23}, "CPEX_SPEED_SMAP_999_201707131147_201707131325.nc": {"start": "2017-07-13T11:47:00Z", "end": "2017-07-13T13:25:00Z", "north": "41.504", "south": "3.881", "east": "-89.357", "west": "-108.461", "format": "netCDF-3", "sizeMB": 0.23}, "CPEX_SPEED_SMAP_999_201707160030_201707160208.nc": {"start": "2017-07-16T00:30:00Z", "end": "2017-07-16T02:08:00Z", "north": "5.397", "south": "3.879", "east": "-99.936", "west": "-108.895", "format": "netCDF-3", "sizeMB": 0.01}, "CPEX_SPEED_SMAP_999_201707132137_201707132316.nc": {"start": "2017-07-13T21:37:00Z", "end": "2017-07-13T23:16:00Z", "north": "41.506", "south": "3.87", "east": "-56.868", "west": "-75.943", "format": "netCDF-3", "sizeMB": 0.23}, "CPEX_SPEED_SMAP_999_201707141719_201707141857.nc": {"start": "2017-07-14T17:19:00Z", "end": "2017-07-14T18:57:00Z", "north": "41.492", "south": "15.518", "east": "179.994", "west": "-179.999", "format": "netCDF-3", "sizeMB": 0.16}, "CPEX_SPEED_SMAP_999_201707142353_201707150131.nc": {"start": "2017-07-14T23:53:00Z", "end": "2017-07-15T01:31:00Z", "north": "41.498", "south": "3.886", "east": "-90.706", "west": "-109.2", "format": "netCDF-3", "sizeMB": 0.23}, "CPEX_SPEED_SMAP_999_201707142036_201707142214.nc": {"start": "2017-07-14T20:36:00Z", "end": "2017-07-14T22:14:00Z", "north": "41.499", "south": "3.874", "east": "-41.472", "west": "-60.581", "format": "netCDF-3", "sizeMB": 0.23}, "CPEX_SPEED_SMAP_999_201707142214_201707142353.nc": {"start": "2017-07-14T22:14:00Z", "end": "2017-07-14T23:53:00Z", "north": "41.498", "south": "3.874", "east": "-66.102", "west": "-85.166", "format": "netCDF-3", "sizeMB": 0.23}, "CPEX_SPEED_SMAP_999_201707152251_201707160030.nc": {"start": "2017-07-15T22:51:00Z", "end": "2017-07-16T00:30:00Z", "north": "41.498", "south": "3.872", "east": "-75.334", "west": "-94.407", "format": "netCDF-3", "sizeMB": 0.23}}