{"UConn_apu18_pluvio200_raintotal.impacts2022": {"start": "2022-01-02T01:57:00Z", "end": "2022-04-27T05:09:00Z", "north": "41.818", "south": "41.798", "east": "-72.284", "west": "-72.304", "format": "ASCII", "sizeMB": 0.0}, "UConn_apu18_raintotal02hours.impacts2022": {"start": "2021-12-11T10:33:00Z", "end": "2022-04-27T05:09:00Z", "north": "41.818", "south": "41.798", "east": "-72.284", "west": "-72.304", "format": "ASCII", "sizeMB": 0.0}, "UConn_apu18_preciptype.impacts2022": {"start": "2022-01-01T03:07:00Z", "end": "2022-01-31T18:53:00Z", "north": "41.818", "south": "41.798", "east": "-72.284", "west": "-72.304", "format": "ASCII", "sizeMB": 0.4}, "UConn_apu18_preciptype_rain.impacts2022": {"start": "2021-12-08T22:24:00Z", "end": "2022-04-27T07:59:00Z", "north": "41.818", "south": "41.798", "east": "-72.284", "west": "-72.304", "format": "ASCII", "sizeMB": 1.89}, "UConn_apu18_rainparameter_min_ter.impacts2022": {"start": "2021-12-08T22:24:00Z", "end": "2022-04-27T07:59:00Z", "north": "41.818", "south": "41.798", "east": "-72.284", "west": "-72.304", "format": "ASCII", "sizeMB": 2.13}, "UConn_apu18_rainparameter_min.impacts2022": {"start": "2021-12-08T22:24:00Z", "end": "2022-04-27T07:59:00Z", "north": "41.818", "south": "41.798", "east": "-72.284", "west": "-72.304", "format": "ASCII", "sizeMB": 2.13}, "UConn_apu18_dropcounts_min.impacts2022": {"start": "2021-12-08T22:24:00Z", "end": "2022-04-27T07:59:00Z", "north": "41.818", "south": "41.798", "east": "-72.284", "west": "-72.304", "format": "ASCII", "sizeMB": 3.49}, "UConn_apu18_preciptype_snow.impacts2022": {"start": "2021-12-08T21:44:00Z", "end": "2022-04-27T23:04:00Z", "north": "41.818", "south": "41.798", "east": "-72.284", "west": "-72.304", "format": "ASCII", "sizeMB": 2.13}, "UConn_apu18_flakecounts_min.impacts2022": {"start": "2021-12-08T21:44:00Z", "end": "2022-04-27T23:04:00Z", "north": "41.818", "south": "41.798", "east": "-72.284", "west": "-72.304", "format": "ASCII", "sizeMB": 4.75}, "UConn_apu18_raindsd_min_ter.impacts2022": {"start": "2021-12-08T22:24:00Z", "end": "2022-04-27T07:59:00Z", "north": "41.818", "south": "41.798", "east": "-72.284", "west": "-72.304", "format": "ASCII", "sizeMB": 7.98}, "UConn_apu18_raindsd_min.impacts2022": {"start": "2021-12-08T22:24:00Z", "end": "2022-04-27T07:59:00Z", "north": "41.818", "south": "41.798", "east": "-72.284", "west": "-72.304", "format": "ASCII", "sizeMB": 7.98}, "UConn_apu18_snowparameter_min.impacts2022": {"start": "2021-12-08T21:44:00Z", "end": "2022-04-27T23:04:00Z", "north": "41.818", "south": "41.798", "east": "-72.284", "west": "-72.304", "format": "ASCII", "sizeMB": 2.13}, "UConn_apu27_rainevent.impacts2023": {"start": "2022-12-16T02:28:00Z", "end": "2023-04-18T02:18:00Z", "north": "41.828", "south": "41.808", "east": "-72.248", "west": "-72.268", "format": "ASCII", "sizeMB": 0.0}, "UConn_apu18_snowdsd_min.impacts2022": {"start": "2021-12-08T21:44:00Z", "end": "2022-04-27T23:04:00Z", "north": "41.818", "south": "41.798", "east": "-72.284", "west": "-72.304", "format": "ASCII", "sizeMB": 8.96}, "UConn_apu27_dropcounts_min.impacts2023": {"start": "2022-12-16T02:28:00Z", "end": "2023-04-18T15:58:00Z", "north": "41.828", "south": "41.808", "east": "-72.248", "west": "-72.268", "format": "ASCII", "sizeMB": 2.53}, "UConn_apu27_preciptype_rain.impacts2023": {"start": "2022-12-16T02:28:00Z", "end": "2023-04-18T15:58:00Z", "north": "41.828", "south": "41.808", "east": "-72.248", "west": "-72.268", "format": "ASCII", "sizeMB": 1.37}, "UConn_apu27_preciptype_snow.impacts2023": {"start": "2022-12-16T02:28:00Z", "end": "2023-04-18T15:55:00Z", "north": "41.828", "south": "41.808", "east": "-72.248", "west": "-72.268", "format": "ASCII", "sizeMB": 1.45}, "UConn_apu27_flakecounts_min.impacts2023": {"start": "2022-12-16T02:28:00Z", "end": "2023-04-18T15:55:00Z", "north": "41.828", "south": "41.808", "east": "-72.248", "west": "-72.268", "format": "ASCII", "sizeMB": 3.24}, "UConn_apu27_snowevent.impacts2023": {"start": "2022-12-16T02:28:00Z", "end": "2023-04-18T02:18:00Z", "north": "41.828", "south": "41.808", "east": "-72.248", "west": "-72.268", "format": "ASCII", "sizeMB": 0.0}, "UConn_apu27_rainparameter_min.impacts2023": {"start": "2022-12-16T02:28:00Z", "end": "2023-04-18T15:58:00Z", "north": "41.828", "south": "41.808", "east": "-72.248", "west": "-72.268", "format": "ASCII", "sizeMB": 1.54}, "UConn_apu27_rainparameter_min_ter.impacts2023": {"start": "2022-12-16T02:28:00Z", "end": "2023-04-18T15:58:00Z", "north": "41.828", "south": "41.808", "east": "-72.248", "west": "-72.268", "format": "ASCII", "sizeMB": 1.54}, "UConn_apu27_raindsd_min.impacts2023": {"start": "2022-12-16T02:28:00Z", "end": "2023-04-18T15:58:00Z", "north": "41.828", "south": "41.808", "east": "-72.248", "west": "-72.268", "format": "ASCII", "sizeMB": 5.78}, "UConn_apu27_raindsd_min_ter.impacts2023": {"start": "2022-12-16T02:28:00Z", "end": "2023-04-18T15:58:00Z", "north": "41.828", "south": "41.808", "east": "-72.248", "west": "-72.268", "format": "ASCII", "sizeMB": 5.78}, "UConn_apu27_rainsnow.impacts2023": {"start": "2022-12-16T02:28:00Z", "end": "2023-04-18T15:58:00Z", "north": "41.828", "south": "41.808", "east": "-72.248", "west": "-72.268", "format": "ASCII", "sizeMB": 0.38}, "UConn_apu27_snowparameter_min.impacts2023": {"start": "2022-12-16T02:28:00Z", "end": "2023-04-18T15:55:00Z", "north": "41.828", "south": "41.808", "east": "-72.248", "west": "-72.268", "format": "ASCII", "sizeMB": 1.45}, "UConn_apu28_rainevent.impacts2023": {"start": "2022-12-22T21:51:00Z", "end": "2023-04-18T02:14:00Z", "north": "41.818", "south": "41.798", "east": "-72.284", "west": "-72.304", "format": "ASCII", "sizeMB": 0.0}, "UConn_apu28_dropcounts_min.impacts2023": {"start": "2022-12-22T20:41:00Z", "end": "2023-04-18T02:14:00Z", "north": "41.818", "south": "41.798", "east": "-72.284", "west": "-72.304", "format": "ASCII", "sizeMB": 2.45}, "UConn_apu27_snowdsd_min.impacts2023": {"start": "2022-12-16T02:28:00Z", "end": "2023-04-18T15:55:00Z", "north": "41.828", "south": "41.808", "east": "-72.248", "west": "-72.268", "format": "ASCII", "sizeMB": 6.11}, "UConn_apu28_flakecounts_min.impacts2023": {"start": "2022-12-22T20:14:00Z", "end": "2023-04-18T02:14:00Z", "north": "41.818", "south": "41.798", "east": "-72.284", "west": "-72.304", "format": "ASCII", "sizeMB": 3.12}, "UConn_apu28_preciptype_rain.impacts2023": {"start": "2022-12-22T20:41:00Z", "end": "2023-04-18T02:14:00Z", "north": "41.818", "south": "41.798", "east": "-72.284", "west": "-72.304", "format": "ASCII", "sizeMB": 1.33}, "UConn_apu28_preciptype_snow.impacts2023": {"start": "2022-12-22T20:14:00Z", "end": "2023-04-18T02:14:00Z", "north": "41.818", "south": "41.798", "east": "-72.284", "west": "-72.304", "format": "ASCII", "sizeMB": 1.4}, "UConn_apu28_snowevent.impacts2023": {"start": "2022-12-22T21:51:00Z", "end": "2023-04-18T02:14:00Z", "north": "41.818", "south": "41.798", "east": "-72.284", "west": "-72.304", "format": "ASCII", "sizeMB": 0.0}, "UConn_apu28_raindsd_min.impacts2023": {"start": "2022-12-22T20:41:00Z", "end": "2023-04-18T02:14:00Z", "north": "41.818", "south": "41.798", "east": "-72.284", "west": "-72.304", "format": "ASCII", "sizeMB": 5.61}, "UConn_apu28_raindsd_min_ter.impacts2023": {"start": "2022-12-22T20:41:00Z", "end": "2023-04-18T02:14:00Z", "north": "41.818", "south": "41.798", "east": "-72.284", "west": "-72.304", "format": "ASCII", "sizeMB": 5.61}, "UConn_apu28_rainparameter_min.impacts2023": {"start": "2022-12-22T20:41:00Z", "end": "2023-04-18T02:14:00Z", "north": "41.818", "south": "41.798", "east": "-72.284", "west": "-72.304", "format": "ASCII", "sizeMB": 1.5}, "UConn_apu28_rainparameter_min_ter.impacts2023": {"start": "2022-12-22T20:41:00Z", "end": "2023-04-18T02:14:00Z", "north": "41.818", "south": "41.798", "east": "-72.284", "west": "-72.304", "format": "ASCII", "sizeMB": 1.5}, "UConn_apu28_rainsnow.impacts2023": {"start": "2022-12-22T20:14:00Z", "end": "2023-04-18T02:14:00Z", "north": "41.818", "south": "41.798", "east": "-72.284", "west": "-72.304", "format": "ASCII", "sizeMB": 0.36}, "UConn_apu28_snowparameter_min.impacts2023": {"start": "2022-12-22T20:14:00Z", "end": "2023-04-18T02:14:00Z", "north": "41.818", "south": "41.798", "east": "-72.284", "west": "-72.304", "format": "ASCII", "sizeMB": 1.4}, "UConn_apu27_dropcounts_min.uconn2024": {"start": "2023-12-17T21:04:00Z", "end": "2024-03-23T15:32:00Z", "north": "41.818", "south": "41.798", "east": "-72.284", "west": "-72.304", "format": "ASCII", "sizeMB": 1.59}, "UConn_apu27_flakecounts_min.uconn2024": {"start": "2023-12-17T21:04:00Z", "end": "2024-03-23T15:32:00Z", "north": "41.818", "south": "41.798", "east": "-72.284", "west": "-72.304", "format": "ASCII", "sizeMB": 2.2}, "UConn_apu28_snowdsd_min.impacts2023": {"start": "2022-12-22T20:14:00Z", "end": "2023-04-18T02:14:00Z", "north": "41.818", "south": "41.798", "east": "-72.284", "west": "-72.304", "format": "ASCII", "sizeMB": 5.88}, "UConn_apu27_rainevent.uconn2024": {"start": "2023-12-17T21:04:00Z", "end": "2024-03-23T15:32:00Z", "north": "41.818", "south": "41.798", "east": "-72.284", "west": "-72.304", "format": "ASCII", "sizeMB": 0.0}, "UConn_apu27_preciptype_rain.uconn2024": {"start": "2023-12-17T21:04:00Z", "end": "2024-03-23T15:31:00Z", "north": "41.818", "south": "41.798", "east": "-72.284", "west": "-72.304", "format": "ASCII", "sizeMB": 0.86}, "UConn_apu27_preciptype_snow.uconn2024": {"start": "2023-12-17T21:04:00Z", "end": "2024-03-23T15:31:00Z", "north": "41.818", "south": "41.798", "east": "-72.284", "west": "-72.304", "format": "ASCII", "sizeMB": 0.99}, "UConn_apu27_snowevent.uconn2024": {"start": "2023-12-17T21:04:00Z", "end": "2024-03-23T15:32:00Z", "north": "41.818", "south": "41.798", "east": "-72.284", "west": "-72.304", "format": "ASCII", "sizeMB": 0.0}, "UConn_apu27_raindsd_min.uconn2024": {"start": "2023-12-17T21:04:00Z", "end": "2024-03-23T15:32:00Z", "north": "41.818", "south": "41.798", "east": "-72.284", "west": "-72.304", "format": "ASCII", "sizeMB": 3.63}, "UConn_apu27_raindsd_min_ter.uconn2024": {"start": "2023-12-17T21:04:00Z", "end": "2024-03-23T15:32:00Z", "north": "41.818", "south": "41.798", "east": "-72.284", "west": "-72.304", "format": "ASCII", "sizeMB": 3.63}, "UConn_apu27_rainparameter_min.uconn2024": {"start": "2023-12-17T21:04:00Z", "end": "2024-03-23T15:32:00Z", "north": "41.818", "south": "41.798", "east": "-72.284", "west": "-72.304", "format": "ASCII", "sizeMB": 0.97}, "UConn_apu27_rainparameter_min_ter.uconn2024": {"start": "2023-12-17T21:04:00Z", "end": "2024-03-23T15:32:00Z", "north": "41.818", "south": "41.798", "east": "-72.284", "west": "-72.304", "format": "ASCII", "sizeMB": 0.97}, "UConn_apu27_snowparameter_min.uconn2024": {"start": "2023-12-17T21:04:00Z", "end": "2024-03-23T15:32:00Z", "north": "41.818", "south": "41.798", "east": "-72.284", "west": "-72.304", "format": "ASCII", "sizeMB": 0.99}, "UConn_apu27_snowdsd_min.uconn2024": {"start": "2023-12-17T21:04:00Z", "end": "2024-03-23T15:32:00Z", "north": "41.818", "south": "41.798", "east": "-72.284", "west": "-72.304", "format": "ASCII", "sizeMB": 4.15}, "UConn_apu28_dropcounts_min.uconn2024": {"start": "2023-12-17T20:22:00Z", "end": "2024-05-19T10:05:00Z", "north": "41.818", "south": "41.798", "east": "-72.284", "west": "-72.304", "format": "ASCII", "sizeMB": 3.72}, "UConn_apu28_preciptype_snow.uconn2024": {"start": "2023-12-17T20:22:00Z", "end": "2024-04-18T21:03:00Z", "north": "41.818", "south": "41.798", "east": "-72.284", "west": "-72.304", "format": "ASCII", "sizeMB": 1.82}, "UConn_apu28_flakecounts_min.uconn2024": {"start": "2023-12-17T20:22:00Z", "end": "2024-04-18T21:03:00Z", "north": "41.818", "south": "41.798", "east": "-72.284", "west": "-72.304", "format": "ASCII", "sizeMB": 4.07}, "UConn_apu28_rainevent.uconn2024": {"start": "2023-12-17T20:22:00Z", "end": "2024-05-19T02:18:00Z", "north": "41.818", "south": "41.798", "east": "-72.284", "west": "-72.304", "format": "ASCII", "sizeMB": 0.0}, "UConn_apu28_preciptype_rain.uconn2024": {"start": "2023-12-17T20:22:00Z", "end": "2024-05-19T10:05:00Z", "north": "41.818", "south": "41.798", "east": "-72.284", "west": "-72.304", "format": "ASCII", "sizeMB": 2.02}, "UConn_apu28_snowevent.uconn2024": {"start": "2023-12-17T20:22:00Z", "end": "2024-04-04T18:17:00Z", "north": "41.818", "south": "41.798", "east": "-72.284", "west": "-72.304", "format": "ASCII", "sizeMB": 0.0}, "UConn_apu28_raindsd_min.uconn2024": {"start": "2023-12-17T20:22:00Z", "end": "2024-05-19T10:05:00Z", "north": "41.818", "south": "41.798", "east": "-72.284", "west": "-72.304", "format": "ASCII", "sizeMB": 8.51}, "UConn_apu28_raindsd_min_ter.uconn2024": {"start": "2023-12-17T20:22:00Z", "end": "2024-05-19T10:05:00Z", "north": "41.818", "south": "41.798", "east": "-72.284", "west": "-72.304", "format": "ASCII", "sizeMB": 8.51}, "UConn_apu28_rainparameter_min.uconn2024": {"start": "2023-12-17T20:22:00Z", "end": "2024-05-19T10:05:00Z", "north": "41.818", "south": "41.798", "east": "-72.284", "west": "-72.304", "format": "ASCII", "sizeMB": 2.27}, "UConn_apu28_rainparameter_min_ter.uconn2024": {"start": "2023-12-17T20:22:00Z", "end": "2024-05-19T10:05:00Z", "north": "41.818", "south": "41.798", "east": "-72.284", "west": "-72.304", "format": "ASCII", "sizeMB": 2.27}, "UConn_apu28_snowparameter_min.uconn2024": {"start": "2023-12-17T20:22:00Z", "end": "2024-04-18T21:03:00Z", "north": "41.818", "south": "41.798", "east": "-72.284", "west": "-72.304", "format": "ASCII", "sizeMB": 1.82}, "UConn_apu27_data.uconn2024": {"start": "2023-01-01T00:00:00Z", "end": "2023-12-31T22:58:00Z", "north": "41.818", "south": "41.798", "east": "-72.284", "west": "-72.304", "format": "ASCII", "sizeMB": 5.14}, "UConn_apu28_snowdsd_min.uconn2024": {"start": "2023-12-17T20:22:00Z", "end": "2024-04-18T21:03:00Z", "north": "41.818", "south": "41.798", "east": "-72.284", "west": "-72.304", "format": "ASCII", "sizeMB": 7.67}, "UConn_apu27_data.impacts2023": {"start": "2022-01-01T00:00:00Z", "end": "2022-12-31T22:58:00Z", "north": "41.828", "south": "41.808", "east": "-72.248", "west": "-72.268", "format": "ASCII", "sizeMB": 9.02}, "UConn_apu28_data.impacts2023": {"start": "2022-01-01T00:00:00Z", "end": "2022-12-31T22:58:00Z", "north": "41.818", "south": "41.798", "east": "-72.284", "west": "-72.304", "format": "ASCII", "sizeMB": 8.86}, "UConn_apu28_data.uconn2024": {"start": "2023-01-01T00:00:00Z", "end": "2023-12-31T22:58:00Z", "north": "41.818", "south": "41.798", "east": "-72.284", "west": "-72.304", "format": "ASCII", "sizeMB": 11.51}}