{"IMPACTS_2DSH-P3_20200218_images_v01.tar": {"start": "2020-02-18T17:22:00Z", "end": "2020-02-18T22:13:00Z", "north": "45.25", "south": "37.91", "east": "-70.193", "west": "-75.581", "format": "PNG", "sizeMB": 25.87}, "IMPACTS_2DSH-P3_20200201_images_v01.tar": {"start": "2020-02-01T11:31:00Z", "end": "2020-02-01T15:39:00Z", "north": "38.126", "south": "34.987", "east": "-72.475", "west": "-76.187", "format": "PNG", "sizeMB": 14.56}, "IMPACTS_2DSH-P3_20200224_images_v01.tar": {"start": "2020-02-24T17:51:00Z", "end": "2020-02-24T19:32:00Z", "north": "39.962", "south": "37.526", "east": "-75.457", "west": "-84.039", "format": "PNG", "sizeMB": 6.58}, "IMPACTS_2DSH-P3_20200213_images_v01.tar": {"start": "2020-02-13T06:13:00Z", "end": "2020-02-13T12:40:00Z", "north": "44.358", "south": "37.912", "east": "-72.577", "west": "-75.53", "format": "PNG", "sizeMB": 28.89}, "IMPACTS_2DSH-P3_20200207_images_v01.tar": {"start": "2020-02-07T14:06:00Z", "end": "2020-02-07T20:00:00Z", "north": "43.153", "south": "37.893", "east": "-73.1", "west": "-76.38", "format": "PNG", "sizeMB": 30.76}, "IMPACTS_2DSH-P3_20220208_images_v01.tar": {"start": "2022-02-08T12:17:00Z", "end": "2022-02-08T18:56:00Z", "north": "47.272", "south": "37.943", "east": "-64.987", "west": "-75.523", "format": "PNG", "sizeMB": 22.66}, "IMPACTS_2DSH-P3_20200118_images_v01.tar": {"start": "2020-01-18T18:00:00Z", "end": "2020-01-19T00:02:00Z", "north": "44.202", "south": "37.914", "east": "-73.132", "west": "-75.518", "format": "PNG", "sizeMB": 48.19}, "IMPACTS_2DSH-P3_20200205_images_v01.tar": {"start": "2020-02-05T18:30:00Z", "end": "2020-02-06T01:39:00Z", "north": "41.759", "south": "37.355", "east": "-75.452", "west": "-90.429", "format": "PNG", "sizeMB": 39.43}, "IMPACTS_2DSH-P3_20200125_images_v01.tar": {"start": "2020-01-25T18:52:00Z", "end": "2020-01-26T00:28:00Z", "north": "44.433", "south": "37.892", "east": "-71.595", "west": "-75.515", "format": "PNG", "sizeMB": 26.72}, "IMPACTS_2DSH-P3_20200220_images_v01.tar": {"start": "2020-02-20T19:40:00Z", "end": "2020-02-21T01:11:00Z", "north": "37.976", "south": "33.261", "east": "-75.451", "west": "-79.877", "format": "PNG", "sizeMB": 42.1}, "IMPACTS_2DSH-P3_20220225_images_v01.tar": {"start": "2022-02-25T15:12:00Z", "end": "2022-02-25T19:29:00Z", "north": "43.355", "south": "37.919", "east": "-70.44", "west": "-75.533", "format": "PNG", "sizeMB": 8.36}, "IMPACTS_2DSH-P3_20220213_images_v01.tar": {"start": "2022-02-13T11:50:00Z", "end": "2022-02-13T15:11:00Z", "north": "42.473", "south": "37.885", "east": "-70.253", "west": "-75.575", "format": "PNG", "sizeMB": 8.6}, "IMPACTS_2DSH-P3_20220219_images_v01.tar": {"start": "2022-02-19T12:12:00Z", "end": "2022-02-19T19:18:00Z", "north": "46.99", "south": "37.937", "east": "-70.697", "west": "-75.51", "format": "PNG", "sizeMB": 32.94}, "IMPACTS_2DSH-P3_20230123_images_v01.tar": {"start": "2023-01-23T11:44:10Z", "end": "2023-01-23T19:47:30Z", "north": "45.016", "south": "37.914", "east": "-68.768", "west": "-75.518", "format": "PNG", "sizeMB": 33.17}, "IMPACTS_2DSH-P3_20230129_images_v01.tar": {"start": "2023-01-29T13:29:00Z", "end": "2023-01-29T18:05:00Z", "north": "45.642", "south": "37.927", "east": "-75.333", "west": "-77.367", "format": "PNG", "sizeMB": 30.4}, "IMPACTS_2DSH-P3_20220217_images_v01.tar": {"start": "2022-02-17T16:34:00Z", "end": "2022-02-18T00:32:00Z", "north": "42.819", "south": "37.45", "east": "-75.464", "west": "-87.374", "format": "PNG", "sizeMB": 29.11}, "IMPACTS_2DSH-P3_20230115_images_v01.tar": {"start": "2023-01-15T14:08:30Z", "end": "2023-01-15T20:40:00Z", "north": "39.964", "south": "36.336", "east": "-67.878", "west": "-75.654", "format": "PNG", "sizeMB": 16.3}, "IMPACTS_2DSH-P3_20230119_images_v01.tar": {"start": "2023-01-19T20:20:30Z", "end": "2023-01-20T04:28:20Z", "north": "46.422", "south": "37.91", "east": "-73.442", "west": "-78.196", "format": "PNG", "sizeMB": 26.97}, "IMPACTS_2DSH-P3_20230205_images_v01.tar": {"start": "2023-02-05T13:28:40Z", "end": "2023-02-05T20:10:00Z", "north": "48.237", "south": "37.907", "east": "-73.97", "west": "-76.204", "format": "PNG", "sizeMB": 35.47}, "IMPACTS_2DSH-P3_20230113_images_v01.tar": {"start": "2023-01-13T04:32:10Z", "end": "2023-01-13T11:02:00Z", "north": "46.78", "south": "37.902", "east": "-74.976", "west": "-75.527", "format": "PNG", "sizeMB": 41.41}, "IMPACTS_2DSH-P3_20230125_images_v01.tar": {"start": "2023-01-25T18:42:00Z", "end": "2023-01-26T00:33:20Z", "north": "44.096", "south": "37.943", "east": "-73.777", "west": "-76.48", "format": "PNG", "sizeMB": 29.05}, "IMPACTS_2DSH-P3_20230209_images_v01.tar": {"start": "2023-02-09T17:23:20Z", "end": "2023-02-10T00:39:00Z", "north": "46.351", "south": "37.61", "east": "-75.316", "west": "-86.635", "format": "PNG", "sizeMB": 28.64}, "IMPACTS_2DSH-P3_20230212_images_v01.tar": {"start": "2023-02-12T13:23:20Z", "end": "2023-02-12T20:13:20Z", "north": "39.338", "south": "35.753", "east": "-74.818", "west": "-76.452", "format": "PNG", "sizeMB": 32.94}, "IMPACTS_2DSH-P3_20230214_images_v01.tar": {"start": "2023-02-14T21:00:50Z", "end": "2023-02-15T05:52:00Z", "north": "48.032", "south": "37.604", "east": "-75.257", "west": "-95.243", "format": "PNG", "sizeMB": 46.45}, "IMPACTS_2DSH-P3_20230216_images_v01.tar": {"start": "2023-02-16T14:57:30Z", "end": "2023-02-16T23:06:40Z", "north": "43.734", "south": "37.537", "east": "-75.284", "west": "-90.533", "format": "PNG", "sizeMB": 40.36}, "IMPACTS_2DSV-P3_20200125_images_v01.tar": {"start": "2020-01-25T18:52:00Z", "end": "2020-01-26T00:28:00Z", "north": "44.433", "south": "37.892", "east": "-71.595", "west": "-75.515", "format": "PNG", "sizeMB": 25.35}, "IMPACTS_2DSH-P3_20230223_images_v01.tar": {"start": "2023-02-23T11:35:00Z", "end": "2023-02-23T19:20:00Z", "north": "47.035", "south": "37.535", "east": "-75.081", "west": "-87.832", "format": "PNG", "sizeMB": 23.54}, "IMPACTS_2DSV-P3_20200201_images_v01.tar": {"start": "2020-02-01T11:31:00Z", "end": "2020-02-01T15:39:00Z", "north": "38.126", "south": "34.987", "east": "-72.475", "west": "-76.187", "format": "PNG", "sizeMB": 13.92}, "IMPACTS_2DSH-P3_20230228_images_v01.tar": {"start": "2023-02-28T09:03:00Z", "end": "2023-02-28T15:36:00Z", "north": "42.806", "south": "37.909", "east": "-69.642", "west": "-75.52", "format": "PNG", "sizeMB": 22.86}, "IMPACTS_2DSV-P3_20200118_images_v01.tar": {"start": "2020-01-18T18:00:00Z", "end": "2020-01-19T00:02:00Z", "north": "44.202", "south": "37.914", "east": "-73.132", "west": "-75.518", "format": "PNG", "sizeMB": 45.69}, "IMPACTS_2DSV-P3_20200207_images_v01.tar": {"start": "2020-02-07T14:06:00Z", "end": "2020-02-07T20:00:00Z", "north": "43.153", "south": "37.893", "east": "-73.1", "west": "-76.38", "format": "PNG", "sizeMB": 28.75}, "IMPACTS_2DSV-P3_20200205_images_v01.tar": {"start": "2020-02-05T18:30:00Z", "end": "2020-02-06T01:39:00Z", "north": "41.759", "south": "37.355", "east": "-75.452", "west": "-90.429", "format": "PNG", "sizeMB": 37.56}, "IMPACTS_2DSV-P3_20200213_images_v01.tar": {"start": "2020-02-13T06:13:00Z", "end": "2020-02-13T12:40:00Z", "north": "44.358", "south": "37.912", "east": "-72.577", "west": "-75.53", "format": "PNG", "sizeMB": 27.08}, "IMPACTS_2DSV-P3_20200218_images_v01.tar": {"start": "2020-02-18T17:22:00Z", "end": "2020-02-18T22:13:00Z", "north": "45.25", "south": "37.91", "east": "-70.193", "west": "-75.581", "format": "PNG", "sizeMB": 24.52}, "IMPACTS_2DSV-P3_20200224_images_v01.tar": {"start": "2020-02-24T17:51:00Z", "end": "2020-02-24T19:32:00Z", "north": "39.962", "south": "37.526", "east": "-75.457", "west": "-84.039", "format": "PNG", "sizeMB": 6.28}, "IMPACTS_2DSV-P3_20220208_images_v01.tar": {"start": "2022-02-08T12:17:00Z", "end": "2022-02-08T18:56:00Z", "north": "47.272", "south": "37.943", "east": "-64.987", "west": "-75.523", "format": "PNG", "sizeMB": 15.48}, "IMPACTS_2DSV-P3_20220213_images_v01.tar": {"start": "2022-02-13T11:50:00Z", "end": "2022-02-13T15:11:00Z", "north": "42.473", "south": "37.885", "east": "-70.253", "west": "-75.575", "format": "PNG", "sizeMB": 5.03}, "IMPACTS_2DSV-P3_20230115_images_v01.tar": {"start": "2023-01-15T14:08:30Z", "end": "2023-01-15T20:40:00Z", "north": "39.964", "south": "36.336", "east": "-67.878", "west": "-75.654", "format": "PNG", "sizeMB": 15.01}, "IMPACTS_2DSV-P3_20200220_images_v01.tar": {"start": "2020-02-20T19:40:00Z", "end": "2020-02-21T01:11:00Z", "north": "37.976", "south": "33.261", "east": "-75.451", "west": "-79.877", "format": "PNG", "sizeMB": 39.83}, "IMPACTS_2DSV-P3_20230119_images_v01.tar": {"start": "2023-01-19T20:20:30Z", "end": "2023-01-20T04:28:20Z", "north": "46.422", "south": "37.91", "east": "-73.442", "west": "-78.196", "format": "PNG", "sizeMB": 25.68}, "IMPACTS_2DSV-P3_20220217_images_v01.tar": {"start": "2022-02-17T16:34:00Z", "end": "2022-02-18T00:32:00Z", "north": "42.819", "south": "37.45", "east": "-75.464", "west": "-87.374", "format": "PNG", "sizeMB": 31.02}, "IMPACTS_2DSV-P3_20220225_images_v01.tar": {"start": "2022-02-25T15:12:00Z", "end": "2022-02-25T19:29:00Z", "north": "43.355", "south": "37.919", "east": "-70.44", "west": "-75.533", "format": "PNG", "sizeMB": 7.86}, "IMPACTS_2DSV-P3_20220219_images_v01.tar": {"start": "2022-02-19T12:12:00Z", "end": "2022-02-19T19:18:00Z", "north": "46.99", "south": "37.937", "east": "-70.697", "west": "-75.51", "format": "PNG", "sizeMB": 41.91}, "IMPACTS_2DSV-P3_20230123_images_v01.tar": {"start": "2023-01-23T11:44:10Z", "end": "2023-01-23T19:47:30Z", "north": "45.016", "south": "37.914", "east": "-68.768", "west": "-75.518", "format": "PNG", "sizeMB": 31.62}, "IMPACTS_2DSV-P3_20230125_images_v01.tar": {"start": "2023-01-25T18:42:00Z", "end": "2023-01-26T00:33:20Z", "north": "44.096", "south": "37.943", "east": "-73.777", "west": "-76.48", "format": "PNG", "sizeMB": 27.74}, "IMPACTS_2DSV-P3_20230113_images_v01.tar": {"start": "2023-01-13T04:32:10Z", "end": "2023-01-13T11:02:00Z", "north": "46.78", "south": "37.902", "east": "-74.976", "west": "-75.527", "format": "PNG", "sizeMB": 39.34}, "IMPACTS_2DSV-P3_20230129_images_v01.tar": {"start": "2023-01-29T13:29:00Z", "end": "2023-01-29T18:05:00Z", "north": "45.642", "south": "37.927", "east": "-75.333", "west": "-77.367", "format": "PNG", "sizeMB": 29.41}, "IMPACTS_2DSV-P3_20230209_images_v01.tar": {"start": "2023-02-09T17:23:20Z", "end": "2023-02-10T00:39:00Z", "north": "46.351", "south": "37.61", "east": "-75.316", "west": "-86.635", "format": "PNG", "sizeMB": 26.47}, "IMPACTS_2DSV-P3_20230223_images_v01.tar": {"start": "2023-02-23T11:35:00Z", "end": "2023-02-23T19:20:00Z", "north": "47.035", "south": "37.535", "east": "-75.081", "west": "-87.832", "format": "PNG", "sizeMB": 22.61}, "IMPACTS_2DSV-P3_20230228_images_v01.tar": {"start": "2023-02-28T09:03:00Z", "end": "2023-02-28T15:36:00Z", "north": "42.806", "south": "37.909", "east": "-69.642", "west": "-75.52", "format": "PNG", "sizeMB": 21.45}, "IMPACTS_2DSV-P3_20230214_images_v01.tar": {"start": "2023-02-14T21:00:50Z", "end": "2023-02-15T05:52:00Z", "north": "48.032", "south": "37.604", "east": "-75.257", "west": "-95.243", "format": "PNG", "sizeMB": 44.07}, "IMPACTS_2DSV-P3_20230212_images_v01.tar": {"start": "2023-02-12T13:23:20Z", "end": "2023-02-12T20:13:20Z", "north": "39.338", "south": "35.753", "east": "-74.818", "west": "-76.452", "format": "PNG", "sizeMB": 31.47}, "IMPACTS_CPI-P3_20200125_images_v01.tar": {"start": "2020-01-25T18:52:00Z", "end": "2020-01-26T00:28:00Z", "north": "44.433", "south": "37.892", "east": "-71.595", "west": "-75.515", "format": "PNG", "sizeMB": 980.41}, "IMPACTS_2DSV-P3_20230205_images_v01.tar": {"start": "2023-02-05T13:28:40Z", "end": "2023-02-05T20:10:00Z", "north": "48.237", "south": "37.907", "east": "-73.97", "west": "-76.204", "format": "PNG", "sizeMB": 34.6}, "IMPACTS_2DSV-P3_20230216_images_v01.tar": {"start": "2023-02-16T14:57:30Z", "end": "2023-02-16T23:06:40Z", "north": "43.734", "south": "37.537", "east": "-75.284", "west": "-90.533", "format": "PNG", "sizeMB": 38.91}, "IMPACTS_CPI-P3_20200118_images_v01.tar": {"start": "2020-01-18T18:00:00Z", "end": "2020-01-19T00:02:00Z", "north": "44.202", "south": "37.914", "east": "-73.132", "west": "-75.518", "format": "PNG", "sizeMB": 1678.21}, "IMPACTS_CPI-P3_20200205_images_v01.tar": {"start": "2020-02-05T18:30:00Z", "end": "2020-02-06T01:39:00Z", "north": "41.759", "south": "37.355", "east": "-75.452", "west": "-90.429", "format": "PNG", "sizeMB": 1357.08}, "IMPACTS_CPI-P3_20200213_images_v01.tar": {"start": "2020-02-13T06:13:00Z", "end": "2020-02-13T12:40:00Z", "north": "44.358", "south": "37.912", "east": "-72.577", "west": "-75.53", "format": "PNG", "sizeMB": 1135.12}, "IMPACTS_CPI-P3_20200201_images_v01.tar": {"start": "2020-02-01T11:31:00Z", "end": "2020-02-01T15:39:00Z", "north": "38.126", "south": "34.987", "east": "-72.475", "west": "-76.187", "format": "PNG", "sizeMB": 567.21}, "IMPACTS_CPI-P3_20200220_images_v01.tar": {"start": "2020-02-20T19:40:00Z", "end": "2020-02-21T01:11:00Z", "north": "37.976", "south": "33.261", "east": "-75.451", "west": "-79.877", "format": "PNG", "sizeMB": 1691.87}, "IMPACTS_CPI-P3_20200218_images_v01.tar": {"start": "2020-02-18T17:22:00Z", "end": "2020-02-18T22:13:00Z", "north": "45.25", "south": "37.91", "east": "-70.193", "west": "-75.581", "format": "PNG", "sizeMB": 909.8}, "IMPACTS_CPI-P3_20200207_images_v01.tar": {"start": "2020-02-07T14:06:00Z", "end": "2020-02-07T20:00:00Z", "north": "43.153", "south": "37.893", "east": "-73.1", "west": "-76.38", "format": "PNG", "sizeMB": 1225.24}, "IMPACTS_CPI-P3_20200225_images_v01.tar": {"start": "2020-02-25T20:58:00Z", "end": "2020-02-26T04:11:00Z", "north": "41.424", "south": "37.945", "east": "-75.332", "west": "-88.266", "format": "PNG", "sizeMB": 817.93}, "IMPACTS_CPI-P3_20220114_images_v01.tar": {"start": "2022-01-14T19:17:00Z", "end": "2022-01-15T01:28:00Z", "north": "43.795", "south": "37.912", "east": "-68.987", "west": "-75.644", "format": "PNG", "sizeMB": 1084.88}, "IMPACTS_CPI-P3_20220117_images_v01.tar": {"start": "2022-01-17T09:04:00Z", "end": "2022-01-17T15:58:00Z", "north": "44.199", "south": "37.915", "east": "-75.326", "west": "-81.009", "format": "PNG", "sizeMB": 1434.91}, "IMPACTS_CPI-P3_20220119_images_v01.tar": {"start": "2022-01-19T11:00:00Z", "end": "2022-01-19T17:33:00Z", "north": "47.275", "south": "37.913", "east": "-72.498", "west": "-75.587", "format": "PNG", "sizeMB": 918.86}, "IMPACTS_CPI-P3_20200224_images_v01.tar": {"start": "2020-02-24T17:51:00Z", "end": "2020-02-24T19:32:00Z", "north": "39.962", "south": "37.526", "east": "-75.457", "west": "-84.039", "format": "PNG", "sizeMB": 226.01}, "IMPACTS_CPI-P3_20220129_images_v01.tar": {"start": "2022-01-29T18:51:00Z", "end": "2022-01-30T03:50:00Z", "north": "43.714", "south": "39.707", "east": "-68.678", "west": "-84.143", "format": "PNG", "sizeMB": 967.01}, "IMPACTS_CPI-P3_20220208_images_v01.tar": {"start": "2022-02-08T12:17:00Z", "end": "2022-02-08T18:56:00Z", "north": "47.272", "south": "37.943", "east": "-64.987", "west": "-75.523", "format": "PNG", "sizeMB": 627.61}, "IMPACTS_CPI-P3_20220203_images_v01.tar": {"start": "2022-02-03T13:11:00Z", "end": "2022-02-03T20:45:00Z", "north": "41.714", "south": "37.45", "east": "-75.452", "west": "-84.888", "format": "PNG", "sizeMB": 1721.62}, "IMPACTS_CPI-P3_20220213_images_v01.tar": {"start": "2022-02-13T11:50:00Z", "end": "2022-02-13T15:11:00Z", "north": "42.473", "south": "37.885", "east": "-70.253", "west": "-75.575", "format": "PNG", "sizeMB": 186.04}, "IMPACTS_CPI-P3_20220204_images_v01.tar": {"start": "2022-02-04T13:04:00Z", "end": "2022-02-04T20:26:00Z", "north": "45.297", "south": "37.913", "east": "-68.476", "west": "-75.576", "format": "PNG", "sizeMB": 1632.15}, "IMPACTS_CPI-P3_20220219_images_v01.tar": {"start": "2022-02-19T12:12:00Z", "end": "2022-02-19T19:18:00Z", "north": "46.99", "south": "37.937", "east": "-70.697", "west": "-75.51", "format": "PNG", "sizeMB": 1255.99}, "IMPACTS_CPI-P3_20220217_images_v01.tar": {"start": "2022-02-17T16:34:00Z", "end": "2022-02-18T00:32:00Z", "north": "42.819", "south": "37.45", "east": "-75.464", "west": "-87.374", "format": "PNG", "sizeMB": 1834.78}, "IMPACTS_CPI-P3_20230115_images_v01.tar": {"start": "2023-01-15T14:08:30Z", "end": "2023-01-15T20:40:00Z", "north": "39.964", "south": "36.336", "east": "-67.878", "west": "-75.654", "format": "PNG", "sizeMB": 452.95}, "IMPACTS_CPI-P3_20230123_images_v01.tar": {"start": "2023-01-23T11:44:10Z", "end": "2023-01-23T19:47:30Z", "north": "45.016", "south": "37.914", "east": "-68.768", "west": "-75.518", "format": "PNG", "sizeMB": 1137.58}, "IMPACTS_CPI-P3_20220225_images_v01.tar": {"start": "2022-02-25T15:12:00Z", "end": "2022-02-25T19:29:00Z", "north": "43.355", "south": "37.919", "east": "-70.44", "west": "-75.533", "format": "PNG", "sizeMB": 334.84}, "IMPACTS_CPI-P3_20230119_images_v01.tar": {"start": "2023-01-19T20:20:30Z", "end": "2023-01-20T04:28:20Z", "north": "46.422", "south": "37.91", "east": "-73.442", "west": "-78.196", "format": "PNG", "sizeMB": 908.95}, "IMPACTS_CPI-P3_20230113_images_v01.tar": {"start": "2023-01-13T04:32:10Z", "end": "2023-01-13T11:02:00Z", "north": "46.78", "south": "37.902", "east": "-74.976", "west": "-75.527", "format": "PNG", "sizeMB": 1554.93}, "IMPACTS_CPI-P3_20230209_images_v01.tar": {"start": "2023-02-09T17:23:20Z", "end": "2023-02-10T00:39:00Z", "north": "46.351", "south": "37.61", "east": "-75.316", "west": "-86.635", "format": "PNG", "sizeMB": 1052.71}, "IMPACTS_CPI-P3_20230125_images_v01.tar": {"start": "2023-01-25T18:42:00Z", "end": "2023-01-26T00:33:20Z", "north": "44.096", "south": "37.943", "east": "-73.777", "west": "-76.48", "format": "PNG", "sizeMB": 968.79}, "IMPACTS_CPI-P3_20230129_images_v01.tar": {"start": "2023-01-29T13:29:00Z", "end": "2023-01-29T18:05:00Z", "north": "45.642", "south": "37.927", "east": "-75.333", "west": "-77.367", "format": "PNG", "sizeMB": 999.96}, "IMPACTS_CPI-P3_20230212_images_v01.tar": {"start": "2023-02-12T13:23:20Z", "end": "2023-02-12T20:13:20Z", "north": "39.338", "south": "35.753", "east": "-74.818", "west": "-76.452", "format": "PNG", "sizeMB": 1183.02}, "IMPACTS_CPI-P3_20230205_images_v01.tar": {"start": "2023-02-05T13:28:40Z", "end": "2023-02-05T20:10:00Z", "north": "48.237", "south": "37.907", "east": "-73.97", "west": "-76.204", "format": "PNG", "sizeMB": 812.9}, "IMPACTS_CPI-P3_20230214_images_v01.tar": {"start": "2023-02-14T21:00:50Z", "end": "2023-02-15T05:52:00Z", "north": "48.032", "south": "37.604", "east": "-75.257", "west": "-95.243", "format": "PNG", "sizeMB": 1599.21}, "IMPACTS_CPI-P3_20230216_images_v01.tar": {"start": "2023-02-16T14:57:30Z", "end": "2023-02-16T23:06:40Z", "north": "43.734", "south": "37.537", "east": "-75.284", "west": "-90.533", "format": "PNG", "sizeMB": 1338.7}, "IMPACTS_HVPS3A-P3_20200118_images_v01.tar": {"start": "2020-01-18T18:00:00Z", "end": "2020-01-19T00:02:00Z", "north": "44.202", "south": "37.914", "east": "-73.132", "west": "-75.518", "format": "PNG", "sizeMB": 36.38}, "IMPACTS_CPI-P3_20230223_images_v01.tar": {"start": "2023-02-23T11:35:00Z", "end": "2023-02-23T19:20:00Z", "north": "47.035", "south": "37.535", "east": "-75.081", "west": "-87.832", "format": "PNG", "sizeMB": 885.29}, "IMPACTS_HVPS3A-P3_20200125_images_v01.tar": {"start": "2020-01-25T18:52:00Z", "end": "2020-01-26T00:28:00Z", "north": "44.433", "south": "37.892", "east": "-71.595", "west": "-75.515", "format": "PNG", "sizeMB": 21.13}, "IMPACTS_CPI-P3_20230228_images_v01.tar": {"start": "2023-02-28T09:03:00Z", "end": "2023-02-28T15:36:00Z", "north": "42.806", "south": "37.909", "east": "-69.642", "west": "-75.52", "format": "PNG", "sizeMB": 47.62}, "IMPACTS_HVPS3A-P3_20200207_images_v01.tar": {"start": "2020-02-07T14:06:00Z", "end": "2020-02-07T20:00:00Z", "north": "43.153", "south": "37.893", "east": "-73.1", "west": "-76.38", "format": "PNG", "sizeMB": 26.37}, "IMPACTS_HVPS3A-P3_20200205_images_v01.tar": {"start": "2020-02-05T18:30:00Z", "end": "2020-02-06T01:39:00Z", "north": "41.759", "south": "37.355", "east": "-75.452", "west": "-90.429", "format": "PNG", "sizeMB": 31.75}, "IMPACTS_HVPS3A-P3_20200201_images_v01.tar": {"start": "2020-02-01T11:31:00Z", "end": "2020-02-01T15:39:00Z", "north": "38.126", "south": "34.987", "east": "-72.475", "west": "-76.187", "format": "PNG", "sizeMB": 13.38}, "IMPACTS_HVPS3A-P3_20200213_images_v01.tar": {"start": "2020-02-13T06:13:00Z", "end": "2020-02-13T12:40:00Z", "north": "44.358", "south": "37.912", "east": "-72.577", "west": "-75.53", "format": "PNG", "sizeMB": 25.52}, "IMPACTS_HVPS3A-P3_20200218_images_v01.tar": {"start": "2020-02-18T17:22:00Z", "end": "2020-02-18T22:13:00Z", "north": "45.25", "south": "37.91", "east": "-70.193", "west": "-75.581", "format": "PNG", "sizeMB": 21.4}, "IMPACTS_HVPS3A-P3_20200225_images_v01.tar": {"start": "2020-02-25T20:58:00Z", "end": "2020-02-26T04:11:00Z", "north": "41.424", "south": "37.945", "east": "-75.332", "west": "-88.266", "format": "PNG", "sizeMB": 24.24}, "IMPACTS_HVPS3A-P3_20220114_images_v01.tar": {"start": "2022-01-14T19:17:00Z", "end": "2022-01-15T01:28:00Z", "north": "43.795", "south": "37.912", "east": "-68.987", "west": "-75.644", "format": "PNG", "sizeMB": 28.36}, "IMPACTS_HVPS3A-P3_20200224_images_v01.tar": {"start": "2020-02-24T17:51:00Z", "end": "2020-02-24T19:32:00Z", "north": "39.962", "south": "37.526", "east": "-75.457", "west": "-84.039", "format": "PNG", "sizeMB": 5.14}, "IMPACTS_HVPS3A-P3_20220129_images_v01.tar": {"start": "2022-01-29T18:51:00Z", "end": "2022-01-30T03:50:00Z", "north": "43.714", "south": "39.707", "east": "-68.678", "west": "-84.143", "format": "PNG", "sizeMB": 28.43}, "IMPACTS_HVPS3A-P3_20200220_images_v01.tar": {"start": "2020-02-20T19:40:00Z", "end": "2020-02-21T01:11:00Z", "north": "37.976", "south": "33.261", "east": "-75.451", "west": "-79.877", "format": "PNG", "sizeMB": 36.66}, "IMPACTS_HVPS3A-P3_20220203_images_v01.tar": {"start": "2022-02-03T13:11:00Z", "end": "2022-02-03T20:45:00Z", "north": "41.714", "south": "37.45", "east": "-75.452", "west": "-84.888", "format": "PNG", "sizeMB": 41.41}, "IMPACTS_HVPS3A-P3_20220204_images_v01.tar": {"start": "2022-02-04T13:04:00Z", "end": "2022-02-04T20:26:00Z", "north": "45.297", "south": "37.913", "east": "-68.476", "west": "-75.576", "format": "PNG", "sizeMB": 41.8}, "IMPACTS_HVPS3A-P3_20220208_images_v01.tar": {"start": "2022-02-08T12:17:00Z", "end": "2022-02-08T18:56:00Z", "north": "47.272", "south": "37.943", "east": "-64.987", "west": "-75.523", "format": "PNG", "sizeMB": 18.31}, "IMPACTS_HVPS3A-P3_20220213_images_v01.tar": {"start": "2022-02-13T11:50:00Z", "end": "2022-02-13T15:11:00Z", "north": "42.473", "south": "37.885", "east": "-70.253", "west": "-75.575", "format": "PNG", "sizeMB": 4.65}, "IMPACTS_HVPS3A-P3_20220217_images_v01.tar": {"start": "2022-02-17T16:34:00Z", "end": "2022-02-18T00:32:00Z", "north": "42.819", "south": "37.45", "east": "-75.464", "west": "-87.374", "format": "PNG", "sizeMB": 40.96}, "IMPACTS_HVPS3A-P3_20220225_images_v01.tar": {"start": "2022-02-25T15:12:00Z", "end": "2022-02-25T19:29:00Z", "north": "43.355", "south": "37.919", "east": "-70.44", "west": "-75.533", "format": "PNG", "sizeMB": 6.27}, "IMPACTS_HVPS3A-P3_20230113_images_v01.tar": {"start": "2023-01-13T04:32:10Z", "end": "2023-01-13T11:02:00Z", "north": "46.78", "south": "37.902", "east": "-74.976", "west": "-75.527", "format": "PNG", "sizeMB": 36.9}, "IMPACTS_HVPS3A-P3_20220219_images_v01.tar": {"start": "2022-02-19T12:12:00Z", "end": "2022-02-19T19:18:00Z", "north": "46.99", "south": "37.937", "east": "-70.697", "west": "-75.51", "format": "PNG", "sizeMB": 31.07}, "IMPACTS_HVPS3A-P3_20230119_images_v01.tar": {"start": "2023-01-19T20:20:30Z", "end": "2023-01-20T04:28:20Z", "north": "46.422", "south": "37.91", "east": "-73.442", "west": "-78.196", "format": "PNG", "sizeMB": 23.7}, "IMPACTS_HVPS3A-P3_20230115_images_v01.tar": {"start": "2023-01-15T14:08:30Z", "end": "2023-01-15T20:40:00Z", "north": "39.964", "south": "36.336", "east": "-67.878", "west": "-75.654", "format": "PNG", "sizeMB": 11.6}, "IMPACTS_HVPS3A-P3_20230123_images_v01.tar": {"start": "2023-01-23T11:44:10Z", "end": "2023-01-23T19:47:30Z", "north": "45.016", "south": "37.914", "east": "-68.768", "west": "-75.518", "format": "PNG", "sizeMB": 28.06}, "IMPACTS_HVPS3A-P3_20230125_images_v01.tar": {"start": "2023-01-25T18:42:00Z", "end": "2023-01-26T00:33:20Z", "north": "44.096", "south": "37.943", "east": "-73.777", "west": "-76.48", "format": "PNG", "sizeMB": 23.92}, "IMPACTS_HVPS3A-P3_20230205_images_v01.tar": {"start": "2023-02-05T13:28:40Z", "end": "2023-02-05T20:10:00Z", "north": "48.237", "south": "37.907", "east": "-73.97", "west": "-76.204", "format": "PNG", "sizeMB": 25.57}, "IMPACTS_HVPS3A-P3_20230209_images_v01.tar": {"start": "2023-02-09T17:23:20Z", "end": "2023-02-10T00:39:00Z", "north": "46.351", "south": "37.61", "east": "-75.316", "west": "-86.635", "format": "PNG", "sizeMB": 22.9}, "IMPACTS_HVPS3A-P3_20230129_images_v01.tar": {"start": "2023-01-29T13:29:00Z", "end": "2023-01-29T18:05:00Z", "north": "45.642", "south": "37.927", "east": "-75.333", "west": "-77.367", "format": "PNG", "sizeMB": 23.22}, "IMPACTS_HVPS3A-P3_20230216_images_v01.tar": {"start": "2023-02-16T14:57:30Z", "end": "2023-02-16T23:06:40Z", "north": "43.734", "south": "37.537", "east": "-75.284", "west": "-90.533", "format": "PNG", "sizeMB": 32.09}, "IMPACTS_HVPS3A-P3_20230214_images_v01.tar": {"start": "2023-02-14T21:00:50Z", "end": "2023-02-15T05:52:00Z", "north": "48.032", "south": "37.604", "east": "-75.257", "west": "-95.243", "format": "PNG", "sizeMB": 33.11}, "IMPACTS_HVPS3A-P3_20230212_images_v01.tar": {"start": "2023-02-12T13:23:20Z", "end": "2023-02-12T20:13:20Z", "north": "39.338", "south": "35.753", "east": "-74.818", "west": "-76.452", "format": "PNG", "sizeMB": 27.15}, "IMPACTS_HVPS3A-P3_20230228_images_v01.tar": {"start": "2023-02-28T09:03:00Z", "end": "2023-02-28T15:36:00Z", "north": "42.806", "south": "37.909", "east": "-69.642", "west": "-75.52", "format": "PNG", "sizeMB": 18.57}, "IMPACTS_HVPS3A-P3_20230223_images_v01.tar": {"start": "2023-02-23T11:35:00Z", "end": "2023-02-23T19:20:00Z", "north": "47.035", "south": "37.535", "east": "-75.081", "west": "-87.832", "format": "PNG", "sizeMB": 20.87}, "IMPACTS_HVPS3B-P3_20200207_images_v01.tar": {"start": "2020-02-07T14:06:00Z", "end": "2020-02-07T20:00:00Z", "north": "43.153", "south": "37.893", "east": "-73.1", "west": "-76.38", "format": "PNG", "sizeMB": 25.4}, "IMPACTS_HVPS3B-P3_20200213_images_v01.tar": {"start": "2020-02-13T06:13:00Z", "end": "2020-02-13T12:40:00Z", "north": "44.358", "south": "37.912", "east": "-72.577", "west": "-75.53", "format": "PNG", "sizeMB": 24.77}, "IMPACTS_HVPS3B-P3_20200225_images_v01.tar": {"start": "2020-02-25T20:58:00Z", "end": "2020-02-26T04:11:00Z", "north": "41.424", "south": "37.945", "east": "-75.332", "west": "-88.266", "format": "PNG", "sizeMB": 22.99}, "IMPACTS_HVPS3B-P3_20200224_images_v01.tar": {"start": "2020-02-24T17:51:00Z", "end": "2020-02-24T19:32:00Z", "north": "39.962", "south": "37.526", "east": "-75.457", "west": "-84.039", "format": "PNG", "sizeMB": 4.03}, "IMPACTS_HVPS3B-P3_20200220_images_v01.tar": {"start": "2020-02-20T19:40:00Z", "end": "2020-02-21T01:11:00Z", "north": "37.976", "south": "33.261", "east": "-75.451", "west": "-79.877", "format": "PNG", "sizeMB": 36.69}, "IMPACTS_HVPS3B-P3_20200218_images_v01.tar": {"start": "2020-02-18T17:22:00Z", "end": "2020-02-18T22:13:00Z", "north": "45.25", "south": "37.91", "east": "-70.193", "west": "-75.581", "format": "PNG", "sizeMB": 20.9}, "IMPACTS_HVPS3B-P3_20220117_images_v01.tar": {"start": "2022-01-17T09:04:00Z", "end": "2022-01-17T15:58:00Z", "north": "44.199", "south": "37.915", "east": "-75.326", "west": "-81.009", "format": "PNG", "sizeMB": 31.57}, "IMPACTS_HVPS3B-P3_20220114_images_v01.tar": {"start": "2022-01-14T19:17:00Z", "end": "2022-01-15T01:28:00Z", "north": "43.795", "south": "37.912", "east": "-68.987", "west": "-75.644", "format": "PNG", "sizeMB": 26.38}, "IMPACTS_HVPS3B-P3_20220119_images_v01.tar": {"start": "2022-01-19T11:00:00Z", "end": "2022-01-19T17:33:00Z", "north": "47.275", "south": "37.913", "east": "-72.498", "west": "-75.587", "format": "PNG", "sizeMB": 26.84}, "IMPACTS_HVPS3B-P3_20220208_images_v01.tar": {"start": "2022-02-08T12:17:00Z", "end": "2022-02-08T18:56:00Z", "north": "47.272", "south": "37.943", "east": "-64.987", "west": "-75.523", "format": "PNG", "sizeMB": 15.06}, "IMPACTS_HVPS3B-P3_20220129_images_v01.tar": {"start": "2022-01-29T18:51:00Z", "end": "2022-01-30T03:50:00Z", "north": "43.714", "south": "39.707", "east": "-68.678", "west": "-84.143", "format": "PNG", "sizeMB": 26.8}, "IMPACTS_HVPS3B-P3_20220203_images_v01.tar": {"start": "2022-02-03T13:11:00Z", "end": "2022-02-03T20:45:00Z", "north": "41.714", "south": "37.45", "east": "-75.452", "west": "-84.888", "format": "PNG", "sizeMB": 41.61}, "IMPACTS_HVPS3B-P3_20220204_images_v01.tar": {"start": "2022-02-04T13:04:00Z", "end": "2022-02-04T20:26:00Z", "north": "45.297", "south": "37.913", "east": "-68.476", "west": "-75.576", "format": "PNG", "sizeMB": 43.44}, "IMPACTS_HVPS3B-P3_20220213_images_v01.tar": {"start": "2022-02-13T11:50:00Z", "end": "2022-02-13T15:11:00Z", "north": "42.473", "south": "37.885", "east": "-70.253", "west": "-75.575", "format": "PNG", "sizeMB": 4.52}, "IMPACTS_HVPS3B-P3_20220217_images_v01.tar": {"start": "2022-02-17T16:34:00Z", "end": "2022-02-18T00:32:00Z", "north": "42.819", "south": "37.45", "east": "-75.464", "west": "-87.374", "format": "PNG", "sizeMB": 40.88}, "IMPACTS_HVPS3B-P3_20230115_images_v01.tar": {"start": "2023-01-15T14:08:30Z", "end": "2023-01-15T20:40:00Z", "north": "39.964", "south": "36.336", "east": "-67.878", "west": "-75.654", "format": "PNG", "sizeMB": 11.99}, "IMPACTS_HVPS3B-P3_20230113_images_v01.tar": {"start": "2023-01-13T04:32:10Z", "end": "2023-01-13T11:02:00Z", "north": "46.78", "south": "37.902", "east": "-74.976", "west": "-75.527", "format": "PNG", "sizeMB": 36.8}, "IMPACTS_HVPS3B-P3_20220219_images_v01.tar": {"start": "2022-02-19T12:12:00Z", "end": "2022-02-19T19:18:00Z", "north": "46.99", "south": "37.937", "east": "-70.697", "west": "-75.51", "format": "PNG", "sizeMB": 30.84}, "IMPACTS_HVPS3B-P3_20230123_images_v01.tar": {"start": "2023-01-23T11:44:10Z", "end": "2023-01-23T19:47:30Z", "north": "45.016", "south": "37.914", "east": "-68.768", "west": "-75.518", "format": "PNG", "sizeMB": 28.14}, "IMPACTS_HVPS3B-P3_20230129_images_v01.tar": {"start": "2023-01-29T13:29:00Z", "end": "2023-01-29T18:05:00Z", "north": "45.642", "south": "37.927", "east": "-75.333", "west": "-77.367", "format": "PNG", "sizeMB": 23.16}, "IMPACTS_HVPS3B-P3_20230119_images_v01.tar": {"start": "2023-01-19T20:20:30Z", "end": "2023-01-20T04:28:20Z", "north": "46.422", "south": "37.91", "east": "-73.442", "west": "-78.196", "format": "PNG", "sizeMB": 23.2}, "IMPACTS_HVPS3B-P3_20230212_images_v01.tar": {"start": "2023-02-12T13:23:20Z", "end": "2023-02-12T20:13:20Z", "north": "39.338", "south": "35.753", "east": "-74.818", "west": "-76.452", "format": "PNG", "sizeMB": 27.07}, "IMPACTS_HVPS3B-P3_20230125_images_v01.tar": {"start": "2023-01-25T18:42:00Z", "end": "2023-01-26T00:33:20Z", "north": "44.096", "south": "37.943", "east": "-73.777", "west": "-76.48", "format": "PNG", "sizeMB": 23.82}, "IMPACTS_HVPS3B-P3_20230205_images_v01.tar": {"start": "2023-02-05T13:28:40Z", "end": "2023-02-05T20:10:00Z", "north": "48.237", "south": "37.907", "east": "-73.97", "west": "-76.204", "format": "PNG", "sizeMB": 26.12}, "IMPACTS_HVPS3B-P3_20230209_images_v01.tar": {"start": "2023-02-09T17:23:20Z", "end": "2023-02-10T00:39:00Z", "north": "46.351", "south": "37.61", "east": "-75.316", "west": "-86.635", "format": "PNG", "sizeMB": 24.64}, "IMPACTS_HVPS3B-P3_20230223_images_v01.tar": {"start": "2023-02-23T11:35:00Z", "end": "2023-02-23T19:20:00Z", "north": "47.035", "south": "37.535", "east": "-75.081", "west": "-87.832", "format": "PNG", "sizeMB": 23.09}, "IMPACTS_HVPS3B-P3_20230214_images_v01.tar": {"start": "2023-02-14T21:00:50Z", "end": "2023-02-15T05:52:00Z", "north": "48.032", "south": "37.604", "east": "-75.257", "west": "-95.243", "format": "PNG", "sizeMB": 33.13}, "IMPACTS_HVPS3B-P3_20230228_images_v01.tar": {"start": "2023-02-28T09:03:00Z", "end": "2023-02-28T15:36:00Z", "north": "42.806", "south": "37.909", "east": "-69.642", "west": "-75.52", "format": "PNG", "sizeMB": 18.51}, "IMPACTS_Hawkeye2DSH-P3_20220117_images_v01.tar": {"start": "2022-01-17T09:04:00Z", "end": "2022-01-17T15:58:00Z", "north": "44.199", "south": "37.915", "east": "-75.326", "west": "-81.009", "format": "PNG", "sizeMB": 30.86}, "IMPACTS_Hawkeye2DSH-P3_20220208_images_v01.tar": {"start": "2022-02-08T12:17:00Z", "end": "2022-02-08T18:56:00Z", "north": "47.272", "south": "37.943", "east": "-64.987", "west": "-75.523", "format": "PNG", "sizeMB": 12.33}, "IMPACTS_HVPS3B-P3_20230216_images_v01.tar": {"start": "2023-02-16T14:57:30Z", "end": "2023-02-16T23:06:40Z", "north": "43.734", "south": "37.537", "east": "-75.284", "west": "-90.533", "format": "PNG", "sizeMB": 32.68}, "IMPACTS_Hawkeye2DSH-P3_20220114_images_v01.tar": {"start": "2022-01-14T19:17:00Z", "end": "2022-01-15T01:28:00Z", "north": "43.795", "south": "37.912", "east": "-68.987", "west": "-75.644", "format": "PNG", "sizeMB": 27.03}, "IMPACTS_Hawkeye2DSH-P3_20220129_images_v01.tar": {"start": "2022-01-29T18:51:00Z", "end": "2022-01-30T03:50:00Z", "north": "43.714", "south": "39.707", "east": "-68.678", "west": "-84.143", "format": "PNG", "sizeMB": 26.01}, "IMPACTS_Hawkeye2DSH-P3_20220119_images_v01.tar": {"start": "2022-01-19T11:00:00Z", "end": "2022-01-19T17:33:00Z", "north": "47.275", "south": "37.913", "east": "-72.498", "west": "-75.587", "format": "PNG", "sizeMB": 25.4}, "IMPACTS_Hawkeye2DSH-P3_20220204_images_v01.tar": {"start": "2022-02-04T13:04:00Z", "end": "2022-02-04T20:26:00Z", "north": "45.297", "south": "37.913", "east": "-68.476", "west": "-75.576", "format": "PNG", "sizeMB": 37.05}, "IMPACTS_Hawkeye2DSH-P3_20220203_images_v01.tar": {"start": "2022-02-03T13:11:00Z", "end": "2022-02-03T20:45:00Z", "north": "41.714", "south": "37.45", "east": "-75.452", "west": "-84.888", "format": "PNG", "sizeMB": 38.41}, "IMPACTS_Hawkeye2DSH-P3_20220213_images_v01.tar": {"start": "2022-02-13T11:50:00Z", "end": "2022-02-13T15:11:00Z", "north": "42.473", "south": "37.885", "east": "-70.253", "west": "-75.575", "format": "PNG", "sizeMB": 4.51}, "IMPACTS_Hawkeye2DSH-P3_20220219_images_v01.tar": {"start": "2022-02-19T12:12:00Z", "end": "2022-02-19T19:18:00Z", "north": "46.99", "south": "37.937", "east": "-70.697", "west": "-75.51", "format": "PNG", "sizeMB": 29.8}, "IMPACTS_Hawkeye2DSH-P3_20220217_images_v01.tar": {"start": "2022-02-17T16:34:00Z", "end": "2022-02-18T00:32:00Z", "north": "42.819", "south": "37.45", "east": "-75.464", "west": "-87.374", "format": "PNG", "sizeMB": 39.82}, "IMPACTS_Hawkeye2DSV-P3_20220117_images_v01.tar": {"start": "2022-01-17T09:04:00Z", "end": "2022-01-17T15:58:00Z", "north": "44.199", "south": "37.915", "east": "-75.326", "west": "-81.009", "format": "PNG", "sizeMB": 36.4}, "IMPACTS_Hawkeye2DSV-P3_20220119_images_v01.tar": {"start": "2022-01-19T11:00:00Z", "end": "2022-01-19T17:33:00Z", "north": "47.275", "south": "37.913", "east": "-72.498", "west": "-75.587", "format": "PNG", "sizeMB": 29.79}, "IMPACTS_Hawkeye2DSV-P3_20220114_images_v01.tar": {"start": "2022-01-14T19:17:00Z", "end": "2022-01-15T01:28:00Z", "north": "43.795", "south": "37.912", "east": "-68.987", "west": "-75.644", "format": "PNG", "sizeMB": 32.19}, "IMPACTS_Hawkeye2DSV-P3_20220208_images_v01.tar": {"start": "2022-02-08T12:17:00Z", "end": "2022-02-08T18:56:00Z", "north": "47.272", "south": "37.943", "east": "-64.987", "west": "-75.523", "format": "PNG", "sizeMB": 15.08}, "IMPACTS_Hawkeye2DSV-P3_20220129_images_v01.tar": {"start": "2022-01-29T18:51:00Z", "end": "2022-01-30T03:50:00Z", "north": "43.714", "south": "39.707", "east": "-68.678", "west": "-84.143", "format": "PNG", "sizeMB": 30.74}, "IMPACTS_Hawkeye2DSH-P3_20220225_images_v01.tar": {"start": "2022-02-25T15:12:00Z", "end": "2022-02-25T19:29:00Z", "north": "43.355", "south": "37.919", "east": "-70.44", "west": "-75.533", "format": "PNG", "sizeMB": 6.05}, "IMPACTS_Hawkeye2DSV-P3_20220204_images_v01.tar": {"start": "2022-02-04T13:04:00Z", "end": "2022-02-04T20:26:00Z", "north": "45.297", "south": "37.913", "east": "-68.476", "west": "-75.576", "format": "PNG", "sizeMB": 45.67}, "IMPACTS_Hawkeye2DSV-P3_20220203_images_v01.tar": {"start": "2022-02-03T13:11:00Z", "end": "2022-02-03T20:45:00Z", "north": "41.714", "south": "37.45", "east": "-75.452", "west": "-84.888", "format": "PNG", "sizeMB": 45.69}, "IMPACTS_Hawkeye2DSV-P3_20220213_images_v01.tar": {"start": "2022-02-13T11:50:00Z", "end": "2022-02-13T15:11:00Z", "north": "42.473", "south": "37.885", "east": "-70.253", "west": "-75.575", "format": "PNG", "sizeMB": 5.67}, "IMPACTS_Hawkeye2DSV-P3_20220217_images_v01.tar": {"start": "2022-02-17T16:34:00Z", "end": "2022-02-18T00:32:00Z", "north": "42.819", "south": "37.45", "east": "-75.464", "west": "-87.374", "format": "PNG", "sizeMB": 45.84}, "IMPACTS_Hawkeye2DSV-P3_20220225_images_v01.tar": {"start": "2022-02-25T15:12:00Z", "end": "2022-02-25T19:29:00Z", "north": "43.355", "south": "37.919", "east": "-70.44", "west": "-75.533", "format": "PNG", "sizeMB": 8.15}, "IMPACTS_Hawkeye2DSV-P3_20220219_images_v01.tar": {"start": "2022-02-19T12:12:00Z", "end": "2022-02-19T19:18:00Z", "north": "46.99", "south": "37.937", "east": "-70.697", "west": "-75.51", "format": "PNG", "sizeMB": 34.7}}