{"IMPACTS2020_HIWRAP_L1B_RevD_20200201.h5": {"start": "2020-02-01T11:33:15Z", "end": "2020-02-01T15:54:58Z", "north": "37.687", "south": "33.515", "east": "-71.749", "west": "-79.084", "format": "HDF-5", "sizeMB": 3411.79}, "IMPACTS2020_HIWRAP_L1B_RevD_20200125.h5": {"start": "2020-01-25T18:19:52Z", "end": "2020-01-26T00:31:55Z", "north": "44.76", "south": "33.195", "east": "-71.691", "west": "-78.892", "format": "HDF-5", "sizeMB": 4850.16}, "IMPACTS2020_HIWRAP_L1B_RevD_20200205.h5": {"start": "2020-02-05T19:23:21Z", "end": "2020-02-06T00:49:05Z", "north": "42.212", "south": "33.374", "east": "-80.273", "west": "-90.774", "format": "HDF-5", "sizeMB": 4246.39}, "IMPACTS2020_HIWRAP_L1B_RevD_20200207.h5": {"start": "2020-02-07T12:22:21Z", "end": "2020-02-07T18:00:55Z", "north": "43.154", "south": "33.082", "east": "-73.182", "west": "-79.903", "format": "HDF-5", "sizeMB": 4413.84}, "IMPACTS2020_HIWRAP_L1B_RevD_20200225.h5": {"start": "2020-02-25T20:29:29Z", "end": "2020-02-26T03:01:16Z", "north": "41.847", "south": "33.388", "east": "-80.401", "west": "-88.651", "format": "HDF-5", "sizeMB": 5107.4}, "IMPACTS2020_HIWRAP_L1B_RevD_20200227.h5": {"start": "2020-02-27T07:43:38Z", "end": "2020-02-27T14:22:52Z", "north": "44.177", "south": "33.56", "east": "-72.932", "west": "-79.538", "format": "HDF-5", "sizeMB": 5204.4}, "IMPACTS2022_HIWRAP_KA_L1B_RevB_20220119.h5": {"start": "2022-01-19T11:08:11Z", "end": "2022-01-19T17:12:07Z", "north": "47.673", "south": "36.547", "east": "-72.203", "west": "-77.377", "format": "HDF-5", "sizeMB": 2534.59}, "IMPACTS2022_HIWRAP_KA_L1B_RevB_20220203.h5": {"start": "2022-02-03T14:15:00Z", "end": "2022-02-03T16:14:53Z", "north": "42.307", "south": "36.262", "east": "-80.328", "west": "-84.938", "format": "HDF-5", "sizeMB": 835.07}, "IMPACTS2022_HIWRAP_KA_L1B_RevB_20220129.h5": {"start": "2022-01-29T22:49:38Z", "end": "2022-01-30T03:03:27Z", "north": "43.867", "south": "36.978", "east": "-68.26", "west": "-77.083", "format": "HDF-5", "sizeMB": 1767.76}, "IMPACTS2022_HIWRAP_KA_L1B_RevB_20220208.h5": {"start": "2022-02-08T12:24:46Z", "end": "2022-02-08T18:35:46Z", "north": "47.696", "south": "36.818", "east": "-64.894", "west": "-76.693", "format": "HDF-5", "sizeMB": 2583.75}, "IMPACTS2022_HIWRAP_KA_L1B_RevB_20220204.h5": {"start": "2022-02-04T12:56:51Z", "end": "2022-02-04T19:48:14Z", "north": "46.266", "south": "36.709", "east": "-68.181", "west": "-77.016", "format": "HDF-5", "sizeMB": 2864.97}, "IMPACTS2022_HIWRAP_KA_L1B_RevB_20220213.h5": {"start": "2022-02-13T11:51:41Z", "end": "2022-02-13T15:45:41Z", "north": "42.728", "south": "36.659", "east": "-69.576", "west": "-77.197", "format": "HDF-5", "sizeMB": 1629.64}, "IMPACTS2022_HIWRAP_KA_L1B_RevB_20220217.h5": {"start": "2022-02-17T16:32:20Z", "end": "2022-02-17T23:28:30Z", "north": "43.065", "south": "36.294", "east": "-80.483", "west": "-87.893", "format": "HDF-5", "sizeMB": 2898.34}, "IMPACTS2022_HIWRAP_KA_L1B_RevB_20220219.h5": {"start": "2022-02-19T12:30:36Z", "end": "2022-02-19T16:42:53Z", "north": "46.717", "south": "36.966", "east": "-71.431", "west": "-77.993", "format": "HDF-5", "sizeMB": 1756.96}, "IMPACTS2022_HIWRAP_KA_L1B_RevB_20220222.h5": {"start": "2022-02-22T22:10:26Z", "end": "2022-02-22T23:37:45Z", "north": "35.272", "south": "31.073", "east": "-77.722", "west": "-81.058", "format": "HDF-5", "sizeMB": 608.16}, "IMPACTS2022_HIWRAP_KA_L1B_RevB_20220225.h5": {"start": "2022-02-25T08:23:57Z", "end": "2022-02-25T14:51:44Z", "north": "43.856", "south": "35.517", "east": "-73.123", "west": "-79.218", "format": "HDF-5", "sizeMB": 2700.62}, "IMPACTS2022_HIWRAP_KU_L1B_RevB_20220119.h5": {"start": "2022-01-19T11:08:11Z", "end": "2022-01-19T17:12:07Z", "north": "47.673", "south": "36.547", "east": "-72.203", "west": "-77.375", "format": "HDF-5", "sizeMB": 2534.48}, "IMPACTS2022_HIWRAP_KU_L1B_RevB_20220203.h5": {"start": "2022-02-03T15:28:40Z", "end": "2022-02-03T16:14:53Z", "north": "41.819", "south": "37.182", "east": "-81.861", "west": "-84.844", "format": "HDF-5", "sizeMB": 321.95}, "IMPACTS2022_HIWRAP_KU_L1B_RevB_20220129.h5": {"start": "2022-01-29T22:49:38Z", "end": "2022-01-30T03:03:27Z", "north": "43.867", "south": "36.979", "east": "-68.26", "west": "-77.082", "format": "HDF-5", "sizeMB": 1767.64}, "IMPACTS2022_HIWRAP_KU_L1B_RevB_20220204.h5": {"start": "2022-02-04T12:56:52Z", "end": "2022-02-04T19:48:14Z", "north": "46.266", "south": "36.71", "east": "-68.181", "west": "-77.015", "format": "HDF-5", "sizeMB": 2864.85}, "IMPACTS2022_HIWRAP_KU_L1B_RevB_20220208.h5": {"start": "2022-02-08T12:24:46Z", "end": "2022-02-08T18:35:45Z", "north": "47.696", "south": "36.818", "east": "-64.894", "west": "-76.692", "format": "HDF-5", "sizeMB": 2583.63}, "IMPACTS2022_HIWRAP_KU_L1B_RevB_20220213.h5": {"start": "2022-02-13T11:51:42Z", "end": "2022-02-13T15:45:40Z", "north": "42.728", "south": "36.659", "east": "-69.576", "west": "-77.197", "format": "HDF-5", "sizeMB": 1629.53}, "IMPACTS2022_HIWRAP_KU_L1B_RevB_20220219.h5": {"start": "2022-02-19T12:30:37Z", "end": "2022-02-19T16:42:52Z", "north": "46.717", "south": "36.967", "east": "-71.431", "west": "-77.992", "format": "HDF-5", "sizeMB": 1756.85}, "IMPACTS2022_HIWRAP_KU_L1B_RevB_20220217.h5": {"start": "2022-02-17T16:32:20Z", "end": "2022-02-17T23:28:30Z", "north": "43.065", "south": "36.295", "east": "-80.484", "west": "-87.893", "format": "HDF-5", "sizeMB": 2898.22}, "IMPACTS2022_HIWRAP_KU_L1B_RevB_20220222.h5": {"start": "2022-02-22T22:10:27Z", "end": "2022-02-22T23:37:44Z", "north": "35.271", "south": "31.073", "east": "-77.722", "west": "-81.058", "format": "HDF-5", "sizeMB": 608.05}, "IMPACTS2023_HIWRAP_KA_L1B_RevA_20230113.h5": {"start": "2023-01-13T04:30:01Z", "end": "2023-01-13T10:15:50Z", "north": "47.534", "south": "36.914", "east": "-74.583", "west": "-82.899", "format": "HDF-5", "sizeMB": 2408.38}, "IMPACTS2022_HIWRAP_KU_L1B_RevB_20220225.h5": {"start": "2022-02-25T08:23:57Z", "end": "2022-02-25T14:51:44Z", "north": "43.856", "south": "35.517", "east": "-73.123", "west": "-79.218", "format": "HDF-5", "sizeMB": 2700.57}, "IMPACTS2023_HIWRAP_KA_L1B_RevA_20230115.h5": {"start": "2023-01-15T13:43:10Z", "end": "2023-01-15T19:42:55Z", "north": "40.197", "south": "35.349", "east": "-67.286", "west": "-82.886", "format": "HDF-5", "sizeMB": 2505.41}, "IMPACTS2023_HIWRAP_KA_L1B_RevA_20230119.h5": {"start": "2023-01-19T20:29:57Z", "end": "2023-01-20T02:59:32Z", "north": "46.883", "south": "35.931", "east": "-74.597", "west": "-83.494", "format": "HDF-5", "sizeMB": 2713.22}, "IMPACTS2023_HIWRAP_KA_L1B_RevA_20230123.h5": {"start": "2023-01-23T12:53:02Z", "end": "2023-01-23T18:48:32Z", "north": "45.274", "south": "36.028", "east": "-68.394", "west": "-82.765", "format": "HDF-5", "sizeMB": 2475.81}, "IMPACTS2023_HIWRAP_KA_L1B_RevA_20230125.h5": {"start": "2023-01-25T18:45:22Z", "end": "2023-01-26T00:54:48Z", "north": "44.554", "south": "35.145", "east": "-73.233", "west": "-82.977", "format": "HDF-5", "sizeMB": 2572.9}, "IMPACTS2023_HIWRAP_KA_L1B_RevA_20230129.h5": {"start": "2023-01-29T13:34:11Z", "end": "2023-01-29T18:17:13Z", "north": "46.208", "south": "35.443", "east": "-75.318", "west": "-83.364", "format": "HDF-5", "sizeMB": 1971.22}, "IMPACTS2023_HIWRAP_KA_L1B_RevA_20230205.h5": {"start": "2023-02-05T13:36:54Z", "end": "2023-02-05T19:50:28Z", "north": "48.658", "south": "36.335", "east": "-74.577", "west": "-82.931", "format": "HDF-5", "sizeMB": 2601.62}, "IMPACTS2023_HIWRAP_KA_L1B_RevA_20230212.h5": {"start": "2023-02-12T13:54:16Z", "end": "2023-02-12T19:23:18Z", "north": "39.85", "south": "34.806", "east": "-74.506", "west": "-82.42", "format": "HDF-5", "sizeMB": 2291.5}, "IMPACTS2023_HIWRAP_KA_L1B_RevA_20230214.h5": {"start": "2023-02-14T22:34:29Z", "end": "2023-02-15T04:37:09Z", "north": "48.131", "south": "36.102", "east": "-84.783", "west": "-95.46", "format": "HDF-5", "sizeMB": 2525.72}, "IMPACTS2023_HIWRAP_KA_L1B_RevA_20230217.h5": {"start": "2023-02-17T12:51:25Z", "end": "2023-02-17T18:58:27Z", "north": "48.058", "south": "35.897", "east": "-69.094", "west": "-82.284", "format": "HDF-5", "sizeMB": 2556.13}, "IMPACTS2023_HIWRAP_KA_L1B_RevA_20230228.h5": {"start": "2023-02-28T09:29:39Z", "end": "2023-02-28T15:44:47Z", "north": "43.389", "south": "35.882", "east": "-69.412", "west": "-83.38", "format": "HDF-5", "sizeMB": 2612.47}, "IMPACTS2023_HIWRAP_KU_L1B_RevA_20230113.h5": {"start": "2023-01-13T04:30:01Z", "end": "2023-01-13T10:15:49Z", "north": "47.534", "south": "36.915", "east": "-74.583", "west": "-82.898", "format": "HDF-5", "sizeMB": 2408.26}, "IMPACTS2023_HIWRAP_KU_L1B_RevA_20230115.h5": {"start": "2023-01-15T13:43:10Z", "end": "2023-01-15T19:42:54Z", "north": "40.197", "south": "35.349", "east": "-67.286", "west": "-82.885", "format": "HDF-5", "sizeMB": 2505.29}, "IMPACTS2023_HIWRAP_KU_L1B_RevA_20230119.h5": {"start": "2023-01-19T20:29:57Z", "end": "2023-01-20T02:59:32Z", "north": "46.883", "south": "35.932", "east": "-74.597", "west": "-83.494", "format": "HDF-5", "sizeMB": 2713.1}, "IMPACTS2023_HIWRAP_KU_L1B_RevA_20230123.h5": {"start": "2023-01-23T12:53:02Z", "end": "2023-01-23T18:48:31Z", "north": "45.274", "south": "36.029", "east": "-68.394", "west": "-82.764", "format": "HDF-5", "sizeMB": 2475.69}, "IMPACTS2023_HIWRAP_KU_L1B_RevA_20230125.h5": {"start": "2023-01-25T18:45:22Z", "end": "2023-01-26T00:54:48Z", "north": "44.554", "south": "35.146", "east": "-73.233", "west": "-82.977", "format": "HDF-5", "sizeMB": 2572.78}, "IMPACTS2023_HIWRAP_KU_L1B_RevA_20230129.h5": {"start": "2023-01-29T13:34:11Z", "end": "2023-01-29T18:17:13Z", "north": "46.208", "south": "35.443", "east": "-75.318", "west": "-83.364", "format": "HDF-5", "sizeMB": 1971.11}, "IMPACTS2023_HIWRAP_KU_L1B_RevA_20230205.h5": {"start": "2023-02-05T13:36:55Z", "end": "2023-02-05T19:50:28Z", "north": "48.658", "south": "36.336", "east": "-74.577", "west": "-82.931", "format": "HDF-5", "sizeMB": 2601.51}, "IMPACTS2023_HIWRAP_KU_L1B_RevA_20230212.h5": {"start": "2023-02-12T13:54:17Z", "end": "2023-02-12T19:23:18Z", "north": "39.85", "south": "34.806", "east": "-74.506", "west": "-82.42", "format": "HDF-5", "sizeMB": 2291.39}, "IMPACTS2023_HIWRAP_KU_L1B_RevA_20230214.h5": {"start": "2023-02-14T22:34:29Z", "end": "2023-02-15T04:37:08Z", "north": "48.131", "south": "36.103", "east": "-84.784", "west": "-95.46", "format": "HDF-5", "sizeMB": 2525.6}, "IMPACTS2023_HIWRAP_KU_L1B_RevA_20230217.h5": {"start": "2023-02-17T12:51:26Z", "end": "2023-02-17T18:58:26Z", "north": "48.058", "south": "35.898", "east": "-69.094", "west": "-82.283", "format": "HDF-5", "sizeMB": 2555.95}, "IMPACTS2023_HIWRAP_KU_L1B_RevA_20230228.h5": {"start": "2023-02-28T09:29:40Z", "end": "2023-02-28T15:44:46Z", "north": "43.389", "south": "35.882", "east": "-69.412", "west": "-83.379", "format": "HDF-5", "sizeMB": 2612.36}}