{"whymsie_radiosondes_AlbuquerqueNWS_20241025_R0_L2.ict": {"start": "2024-10-25T21:00:00Z", "end": "2024-10-25T23:00:00Z", "north": "35.04", "south": "35.04", "east": "-106.62", "west": "-106.62", "format": "ASCII", "sizeMB": 0.01}, "whymsie_radiosondes_AlbuquerqueNWS_20241022_R0_L2.ict": {"start": "2024-10-22T21:00:00Z", "end": "2024-10-22T23:00:00Z", "north": "35.04", "south": "35.04", "east": "-106.62", "west": "-106.62", "format": "ASCII", "sizeMB": 0.02}, "whymsie_radiosondes_NormanNWS_20241022_R0_L1.ict": {"start": "2024-10-22T21:00:00Z", "end": "2024-10-22T23:00:00Z", "north": "35.18", "south": "35.18", "east": "-96.56", "west": "-96.56", "format": "ASCII", "sizeMB": 0.01}, "whymsie_radiosondes_NormanNWS_20241031_R0_L1.ict": {"start": "2024-10-31T18:00:00Z", "end": "2024-10-31T20:00:00Z", "north": "35.18", "south": "35.18", "east": "-96.56", "west": "-96.56", "format": "ASCII", "sizeMB": 0.0}, "whymsie_radiosondes_AmarilloNWS_20241031_R0_L1.ict": {"start": "2024-10-31T18:00:00Z", "end": "2024-10-31T20:00:00Z", "north": "35.23", "south": "35.23", "east": "-100.29", "west": "-100.29", "format": "ASCII", "sizeMB": 0.01}, "whymsie_radiosondes_OmahaNWS_20241115_R0_L1.ict": {"start": "2024-11-15T18:00:00Z", "end": "2024-11-15T20:00:00Z", "north": "41.31", "south": "41.31", "east": "-95.63", "west": "-95.63", "format": "ASCII", "sizeMB": 0.01}, "whymsie_radiosondes_FlagstaffNWS_20241022_R0_L2.ict": {"start": "2024-10-22T21:00:00Z", "end": "2024-10-22T23:00:00Z", "north": "35.23", "south": "35.23", "east": "-110.17", "west": "-110.17", "format": "ASCII", "sizeMB": 0.01}, "whymsie_radiosondes_AmarilloNWS_20241022_R0_L1.ict": {"start": "2024-10-22T18:00:00Z", "end": "2024-10-22T20:00:00Z", "north": "35.23", "south": "35.23", "east": "-100.29", "west": "-100.29", "format": "ASCII", "sizeMB": 0.01}, "whymsie_radiosondes_AmarilloNWS_20241025_R0_L1.ict": {"start": "2024-10-25T18:00:00Z", "end": "2024-10-25T20:00:00Z", "north": "35.23", "south": "35.23", "east": "-100.29", "west": "-100.29", "format": "ASCII", "sizeMB": 0.01}, "whymsie_radiosondes_FlagstaffNWS_20241026_R0_L1.ict": {"start": "2024-10-26T00:00:00Z", "end": "2024-10-26T02:00:00Z", "north": "35.23", "south": "35.23", "east": "-110.17", "west": "-110.17", "format": "ASCII", "sizeMB": 0.01}, "whymsie_radiosondes_AlbuquerqueNWS_20241022_R0_L1.ict": {"start": "2024-10-22T18:00:00Z", "end": "2024-10-22T20:00:00Z", "north": "35.04", "south": "35.04", "east": "-106.62", "west": "-106.62", "format": "ASCII", "sizeMB": 0.01}, "whymsie_radiosondes_AlbuquerqueNWS_20241025_R0_L1.ict": {"start": "2024-10-25T18:00:00Z", "end": "2024-10-25T20:00:00Z", "north": "35.04", "south": "35.04", "east": "-106.62", "west": "-106.62", "format": "ASCII", "sizeMB": 0.01}, "whymsie_radiosondes_FlagstaffNWS_20241025_R0_L1.ict": {"start": "2024-10-25T18:00:00Z", "end": "2024-10-25T20:00:00Z", "north": "35.23", "south": "35.23", "east": "-110.17", "west": "-110.17", "format": "ASCII", "sizeMB": 0.01}, "whymsie_radiosondes_AmarilloNWS_20241025_R0_L2.ict": {"start": "2024-10-25T21:00:00Z", "end": "2024-10-25T23:00:00Z", "north": "35.23", "south": "35.23", "east": "-100.29", "west": "-100.29", "format": "ASCII", "sizeMB": 0.01}, "whymsie_radiosondes_FlagstaffNWS_20241022_R0_L1.ict": {"start": "2024-10-22T18:00:00Z", "end": "2024-10-22T20:00:00Z", "north": "35.23", "south": "35.23", "east": "-110.17", "west": "-110.17", "format": "ASCII", "sizeMB": 0.02}, "whymsie_radiosondes_AmarilloNWS_20241022_R0_L2.ict": {"start": "2024-10-22T21:00:00Z", "end": "2024-10-22T23:00:00Z", "north": "35.23", "south": "35.23", "east": "-100.29", "west": "-100.29", "format": "ASCII", "sizeMB": 0.02}, "whymsie_radiosondes_FlagstaffNWS_20241031_R0_L1.ict": {"start": "2024-10-31T18:00:00Z", "end": "2024-10-31T20:00:00Z", "north": "35.23", "south": "35.23", "east": "-110.17", "west": "-110.17", "format": "ASCII", "sizeMB": 0.02}, "whymsie_radiosondes_AmarilloNWS_20241031_R0_L2.ict": {"start": "2024-10-31T21:00:00Z", "end": "2024-10-31T23:00:00Z", "north": "35.23", "south": "35.23", "east": "-100.29", "west": "-100.29", "format": "ASCII", "sizeMB": 0.01}}