{"goesrplt_avng_20170323t184858.tar.gz": {"temporal": ["2017-03-23T18:49:11Z", "2017-03-23T20:18:08Z"], "wnes_geometry": ["-114.432", "32.067", "-113.216", "31.213"], "SizeMBDataGranule": "12302.79", "checksum": "870c1331db8f2e8b73f78fadf03aca65", "format": "Various: Binary, ASCII"}, "goesrplt_avng_20170323t202244.tar.gz": {"temporal": ["2017-03-23T20:22:57Z", "2017-03-23T20:50:05Z"], "wnes_geometry": ["-115.429", "34.374", "-114.453", "31.501"], "SizeMBDataGranule": "3160.08", "checksum": "a7bcf5b7b7c968d00ed8fc4b7948fca8", "format": "Various: Binary, ASCII"}, "goesrplt_avng_20170323t205805.tar.gz": {"temporal": ["2017-03-23T20:58:18Z", "2017-03-23T21:01:56Z"], "wnes_geometry": ["-115.465", "35.702", "-115.334", "35.377"], "SizeMBDataGranule": "306.53", "checksum": "b364a699eeb6b1c2edab694124b6d24c", "format": "Various: Binary, ASCII"}, "goesrplt_avng_20170323t210604.tar.gz": {"temporal": ["2017-03-23T21:06:16Z", "2017-03-23T21:10:37Z"], "wnes_geometry": ["-115.473", "35.828", "-115.228", "35.423"], "SizeMBDataGranule": "564.13", "checksum": "3638f18d70d6014073b8a9221a9994ab", "format": "Various: Binary, ASCII"}, "goesrplt_avng_20170323t211542.tar.gz": {"temporal": ["2017-03-23T21:15:54Z", "2017-03-23T21:20:43Z"], "wnes_geometry": ["-115.51", "35.706", "-115.335", "35.235"], "SizeMBDataGranule": "521.83", "checksum": "ddfc18b78ce1edaff138ae4ca1765d05", "format": "Various: Binary, ASCII"}, "goesrplt_avng_20170323t212611.tar.gz": {"temporal": ["2017-03-23T21:26:23Z", "2017-03-23T21:30:19Z"], "wnes_geometry": ["-115.46", "35.819", "-115.325", "35.427"], "SizeMBDataGranule": "361.57", "checksum": "8d7b4f947aded337fa9a1c84f44148a8", "format": "Various: Binary, ASCII"}, "goesrplt_avng_20170323t213616.tar.gz": {"temporal": ["2017-03-23T21:36:28Z", "2017-03-23T21:40:15Z"], "wnes_geometry": ["-115.47", "35.694", "-115.336", "35.355"], "SizeMBDataGranule": "341.74", "checksum": "77ef3eadc0511680d1a2d083d5e1be86", "format": "Various: Binary, ASCII"}, "goesrplt_avng_20170323t214600.tar.gz": {"temporal": ["2017-03-23T21:46:12Z", "2017-03-23T21:50:14Z"], "wnes_geometry": ["-115.456", "35.771", "-115.327", "35.406"], "SizeMBDataGranule": "366.38", "checksum": "f238aed9e8fadfad83a450cd57518184", "format": "Various: Binary, ASCII"}, "goesrplt_avng_20170323t215557.tar.gz": {"temporal": ["2017-03-23T21:56:09Z", "2017-03-23T22:00:20Z"], "wnes_geometry": ["-115.457", "35.704", "-115.326", "35.324"], "SizeMBDataGranule": "358.52", "checksum": "5508f215ec85c541b9fb4b97bf3da7ad", "format": "Various: Binary, ASCII"}, "goesrplt_avng_20170323t220604.tar.gz": {"temporal": ["2017-03-23T22:06:16Z", "2017-03-23T22:11:22Z"], "wnes_geometry": ["-115.447", "35.836", "-115.312", "35.353"], "SizeMBDataGranule": "457.9", "checksum": "046195cffd54182b835135f2eac9d6cb", "format": "Various: Binary, ASCII"}, "goesrplt_avng_20170323t221555.tar.gz": {"temporal": ["2017-03-23T22:16:07Z", "2017-03-23T22:20:27Z"], "wnes_geometry": ["-115.457", "35.716", "-115.33", "35.323"], "SizeMBDataGranule": "372.44", "checksum": "7c13639c39a1d38cb4fd45a48536419b", "format": "Various: Binary, ASCII"}, "goesrplt_avng_20170328t171943.tar.gz": {"temporal": ["2017-03-28T17:19:54Z", "2017-03-28T17:23:40Z"], "wnes_geometry": ["-115.506", "35.771", "-115.33", "35.426"], "SizeMBDataGranule": "359.7", "checksum": "d4000800d3ac1adba2c4697a573393f0", "format": "Various: Binary, ASCII"}, "goesrplt_avng_20170328t173033.tar.gz": {"temporal": ["2017-03-28T17:30:43Z", "2017-03-28T17:34:56Z"], "wnes_geometry": ["-115.46", "35.712", "-115.334", "35.323"], "SizeMBDataGranule": "363.96", "checksum": "acc339800ec34178a6161ffdbe7fa3c6", "format": "Various: Binary, ASCII"}, "goesrplt_avng_20170328t174145.tar.gz": {"temporal": ["2017-03-28T17:41:55Z", "2017-03-28T17:46:03Z"], "wnes_geometry": ["-115.454", "35.804", "-115.323", "35.427"], "SizeMBDataGranule": "356.64", "checksum": "62899499f09fefda26251216e1487eab", "format": "Various: Binary, ASCII"}, "goesrplt_avng_20170328t175245.tar.gz": {"temporal": ["2017-03-28T17:52:55Z", "2017-03-28T17:58:12Z"], "wnes_geometry": ["-115.462", "35.712", "-115.331", "35.203"], "SizeMBDataGranule": "484.46", "checksum": "b05718d7a80d2f5a14e3ddeb9e7bba46", "format": "Various: Binary, ASCII"}, "goesrplt_avng_20170328t180525.tar.gz": {"temporal": ["2017-03-28T18:05:36Z", "2017-03-28T18:09:15Z"], "wnes_geometry": ["-115.455", "35.752", "-115.328", "35.428"], "SizeMBDataGranule": "302.84", "checksum": "3e4f616b28b36cac6625a5f4212181c8", "format": "Various: Binary, ASCII"}, "goesrplt_avng_20170328t185531.tar.gz": {"temporal": ["2017-03-28T18:55:41Z", "2017-03-28T19:29:40Z"], "wnes_geometry": ["-114.4", "32.038", "-113.389", "31.206"], "SizeMBDataGranule": "5179.12", "checksum": "6172e64a64b386cd1d9a342353d6bf5d", "format": "Various: Binary, ASCII"}, "goesrplt_avng_20170328t193714.tar.gz": {"temporal": ["2017-03-28T19:37:24Z", "2017-03-28T20:17:13Z"], "wnes_geometry": ["-121.489", "32.048", "-113.323", "0.0"], "SizeMBDataGranule": "63932.69", "checksum": "6a6d2ec445dec5e604ff52cee3364d29", "format": "Various: Binary, ASCII"}, "goesrplt_avng_20170328t202059.tar.gz": {"temporal": ["2017-03-28T20:21:08Z", "2017-03-28T20:49:07Z"], "wnes_geometry": ["-115.382", "34.346", "-114.44", "31.386"], "SizeMBDataGranule": "3188.8", "checksum": "e22b86604c0393ccfa78a2310b53af42", "format": "Various: Binary, ASCII"}, "goesrplt_avng_20170328t210208.tar.gz": {"temporal": ["2017-03-28T21:02:18Z", "2017-03-28T21:04:53Z"], "wnes_geometry": ["-114.207", "35.726", "-113.932", "35.535"], "SizeMBDataGranule": "191.8", "checksum": "50ded33676a41d569e14bc0ab5f0c798", "format": "Various: Binary, ASCII"}, "goesrplt_avng_20170328t211047.tar.gz": {"temporal": ["2017-03-28T21:10:56Z", "2017-03-28T21:13:59Z"], "wnes_geometry": ["-114.222", "35.806", "-113.937", "35.534"], "SizeMBDataGranule": "311.34", "checksum": "0f6e8e1ada0909d0a4e368436623b3f1", "format": "Various: Binary, ASCII"}, "goesrplt_avng_20170328t212316.tar.gz": {"temporal": ["2017-03-28T21:23:25Z", "2017-03-28T21:27:46Z"], "wnes_geometry": ["-115.468", "35.724", "-115.324", "35.322"], "SizeMBDataGranule": "425.19", "checksum": "9f5087d4a7c10ced14eed24215d08573", "format": "Various: Binary, ASCII"}, "goesrplt_avng_20170323t184858rfl.tar.gz": {"temporal": ["2017-03-23T18:49:11Z", "2017-03-23T20:18:08Z"], "wnes_geometry": ["-114.432", "32.067", "-113.216", "31.213"], "SizeMBDataGranule": "14630.27", "checksum": "cb0f4d4bbdb4923cf569e6f98cbde331", "format": "Various: Binary, ASCII"}, "goesrplt_avng_20170323t202244rfl.tar.gz": {"temporal": ["2017-03-23T20:22:57Z", "2017-03-23T20:50:05Z"], "wnes_geometry": ["-115.429", "34.374", "-114.453", "31.501"], "SizeMBDataGranule": "15396.87", "checksum": "919a9737132641a398acf05e20d980b4", "format": "Various: Binary, ASCII"}, "goesrplt_avng_20170323t205805rfl.tar.gz": {"temporal": ["2017-03-23T20:58:18Z", "2017-03-23T21:01:56Z"], "wnes_geometry": ["-115.465", "35.702", "-115.334", "35.377"], "SizeMBDataGranule": "1840.56", "checksum": "40e7440587dec39c71c15f101b83c869", "format": "Various: Binary, ASCII"}, "goesrplt_avng_20170323t210604rfl.tar.gz": {"temporal": ["2017-03-23T21:06:16Z", "2017-03-23T21:10:37Z"], "wnes_geometry": ["-115.473", "35.828", "-115.228", "35.423"], "SizeMBDataGranule": "2314.3", "checksum": "fae02e37934427332c97e75742f13d53", "format": "Various: Binary, ASCII"}, "goesrplt_avng_20170323t211542rfl.tar.gz": {"temporal": ["2017-03-23T21:15:54Z", "2017-03-23T21:20:43Z"], "wnes_geometry": ["-115.51", "35.706", "-115.335", "35.235"], "SizeMBDataGranule": "2617.14", "checksum": "c80705cccfb955ff726de6c051cb42bb", "format": "Various: Binary, ASCII"}, "goesrplt_avng_20170323t212611rfl.tar.gz": {"temporal": ["2017-03-23T21:26:23Z", "2017-03-23T21:30:19Z"], "wnes_geometry": ["-115.46", "35.819", "-115.325", "35.427"], "SizeMBDataGranule": "1994.0", "checksum": "402415968aa9243bff67b6bac995c455", "format": "Various: Binary, ASCII"}, "goesrplt_avng_20170323t213616rfl.tar.gz": {"temporal": ["2017-03-23T21:36:28Z", "2017-03-23T21:40:15Z"], "wnes_geometry": ["-115.47", "35.694", "-115.336", "35.355"], "SizeMBDataGranule": "1898.67", "checksum": "600f8a68b8b7e2d9ef48fe032dcf0cb8", "format": "Various: Binary, ASCII"}, "goesrplt_avng_20170323t214600rfl.tar.gz": {"temporal": ["2017-03-23T21:46:12Z", "2017-03-23T21:50:14Z"], "wnes_geometry": ["-115.456", "35.771", "-115.327", "35.406"], "SizeMBDataGranule": "2027.84", "checksum": "626d340e1b02f061a80ab75132e7f51e", "format": "Various: Binary, ASCII"}, "goesrplt_avng_20170323t215557rfl.tar.gz": {"temporal": ["2017-03-23T21:56:09Z", "2017-03-23T22:00:20Z"], "wnes_geometry": ["-115.457", "35.704", "-115.326", "35.324"], "SizeMBDataGranule": "2125.78", "checksum": "06a9167d20c53175f7ba8bbbe185f06a", "format": "Various: Binary, ASCII"}, "goesrplt_avng_20170323t220604rfl.tar.gz": {"temporal": ["2017-03-23T22:06:16Z", "2017-03-23T22:11:22Z"], "wnes_geometry": ["-115.447", "35.836", "-115.312", "35.353"], "SizeMBDataGranule": "2694.04", "checksum": "7700f3ee31ec06264f7d5dd36e48a879", "format": "Various: Binary, ASCII"}, "goesrplt_avng_20170323t221555rfl.tar.gz": {"temporal": ["2017-03-23T22:16:07Z", "2017-03-23T22:20:27Z"], "wnes_geometry": ["-115.457", "35.716", "-115.33", "35.323"], "SizeMBDataGranule": "2211.91", "checksum": "2a5a6758f79d840a82ee2adb9cef865d", "format": "Various: Binary, ASCII"}, "goesrplt_avng_20170328t174145rfl.tar.gz": {"temporal": ["2017-03-28T17:41:55Z", "2017-03-28T17:46:03Z"], "wnes_geometry": ["-115.454", "35.804", "-115.323", "35.427"], "SizeMBDataGranule": "2108.4", "checksum": "159fc2627f324db6bb5dc148d6fcb5a2", "format": "Various: Binary, ASCII"}, "goesrplt_avng_20170328t180525rfl.tar.gz": {"temporal": ["2017-03-28T18:05:36Z", "2017-03-28T18:09:15Z"], "wnes_geometry": ["-115.455", "35.752", "-115.328", "35.428"], "SizeMBDataGranule": "1783.11", "checksum": "eebb949b23c54f4a1ce0358b8e3e625f", "format": "Various: Binary, ASCII"}, "goesrplt_avng_20170328t185531rfl.tar.gz": {"temporal": ["2017-03-28T18:55:41Z", "2017-03-28T19:29:40Z"], "wnes_geometry": ["-114.4", "32.038", "-113.389", "31.206"], "SizeMBDataGranule": "11971.94", "checksum": "d52f348a7a56ec22dde86b7e6c7efa73", "format": "Various: Binary, ASCII"}, "goesrplt_avng_20170328t202059rfl.tar.gz": {"temporal": ["2017-03-28T20:21:08Z", "2017-03-28T20:49:07Z"], "wnes_geometry": ["-115.382", "34.346", "-114.44", "31.386"], "SizeMBDataGranule": "15738.33", "checksum": "bdff7afb84bd1d143dc6ad19b100f72b", "format": "Various: Binary, ASCII"}, "goesrplt_avng_20170328t210208rfl.tar.gz": {"temporal": ["2017-03-28T21:02:18Z", "2017-03-28T21:04:53Z"], "wnes_geometry": ["-114.207", "35.726", "-113.932", "35.535"], "SizeMBDataGranule": "1124.89", "checksum": "d798d30cc8078429dea85a270b3546a4", "format": "Various: Binary, ASCII"}, "goesrplt_avng_20170328t211047rfl.tar.gz": {"temporal": ["2017-03-28T21:10:56Z", "2017-03-28T21:13:59Z"], "wnes_geometry": ["-114.222", "35.806", "-113.937", "35.534"], "SizeMBDataGranule": "1442.88", "checksum": "4ddae9b992fbffa47cbd423cdb089102", "format": "Various: Binary, ASCII"}, "goesrplt_avng_20170328t212316rfl.tar.gz": {"temporal": ["2017-03-28T21:23:25Z", "2017-03-28T21:27:46Z"], "wnes_geometry": ["-115.468", "35.724", "-115.324", "35.322"], "SizeMBDataGranule": "2227.91", "checksum": "721b948705cbc68e2483185a02d2f2ab", "format": "Various: Binary, ASCII"}, "goesrplt_avng_20170323t184858_rdn_v2p5_clip": {"temporal": ["2017-03-23T18:49:11Z", "2017-03-23T20:18:08Z"], "wnes_geometry": ["-114.432", "32.067", "-113.216", "31.213"], "SizeMBDataGranule": "134444.34", "checksum": "109ae50000446cb74d36775569a931e8", "format": "Binary"}, "goesrplt_avng_20170323t184858_rdn_v2p5_clip.hdr": {"temporal": ["2017-03-23T18:49:11Z", "2017-03-23T20:18:08Z"], "wnes_geometry": ["-114.432", "32.067", "-113.216", "31.213"], "SizeMBDataGranule": "0.01", "checksum": "ee43645f267ca02cd930bbd91978ca84", "format": "ASCII"}, "goesrplt_avng_20170323t202244_rdn_v2p5_clip": {"temporal": ["2017-03-23T20:22:57Z", "2017-03-23T20:50:05Z"], "wnes_geometry": ["-115.429", "34.374", "-114.453", "31.501"], "SizeMBDataGranule": "17831.0", "checksum": "7f21922ca09bb5cd2be057ec7aa070bc", "format": "Binary"}, "goesrplt_avng_20170323t202244_rdn_v2p5_clip.hdr": {"temporal": ["2017-03-23T20:22:57Z", "2017-03-23T20:50:05Z"], "wnes_geometry": ["-115.429", "34.374", "-114.453", "31.501"], "SizeMBDataGranule": "0.01", "checksum": "450e0283e71d520d38694d901fbe066d", "format": "ASCII"}, "goesrplt_avng_20170323t205805_rdn_v2p5_clip": {"temporal": ["2017-03-23T20:58:18Z", "2017-03-23T21:01:56Z"], "wnes_geometry": ["-115.465", "35.702", "-115.334", "35.377"], "SizeMBDataGranule": "1956.94", "checksum": "3f1c0890e91c8d72e5e0c8d41ecd127b", "format": "Binary"}, "goesrplt_avng_20170323t205805_rdn_v2p5_clip.hdr": {"temporal": ["2017-03-23T20:58:18Z", "2017-03-23T21:01:56Z"], "wnes_geometry": ["-115.465", "35.702", "-115.334", "35.377"], "SizeMBDataGranule": "0.01", "checksum": "91d6274ce0e4b1c2d8f2476e4bef81c9", "format": "ASCII"}, "goesrplt_avng_20170323t210604_rdn_v2p5_clip": {"temporal": ["2017-03-23T21:06:16Z", "2017-03-23T21:10:37Z"], "wnes_geometry": ["-115.473", "35.828", "-115.228", "35.423"], "SizeMBDataGranule": "2710.23", "checksum": "25238585ae042b282fdf615c6c8f0817", "format": "Binary"}, "goesrplt_avng_20170323t210604_rdn_v2p5_clip.hdr": {"temporal": ["2017-03-23T21:06:16Z", "2017-03-23T21:10:37Z"], "wnes_geometry": ["-115.473", "35.828", "-115.228", "35.423"], "SizeMBDataGranule": "0.01", "checksum": "52905002bc878ff7e2b04ed3ebf115e2", "format": "ASCII"}, "goesrplt_avng_20170323t211542_rdn_v2p5_clip": {"temporal": ["2017-03-23T21:15:54Z", "2017-03-23T21:20:43Z"], "wnes_geometry": ["-115.51", "35.706", "-115.335", "35.235"], "SizeMBDataGranule": "3088.4", "checksum": "34d7fd9f7489814a151f351e411fe246", "format": "Binary"}, "goesrplt_avng_20170323t211542_rdn_v2p5_clip.hdr": {"temporal": ["2017-03-23T21:15:54Z", "2017-03-23T21:20:43Z"], "wnes_geometry": ["-115.51", "35.706", "-115.335", "35.235"], "SizeMBDataGranule": "0.01", "checksum": "abe524d9dc1627da25559ca2dce288dc", "format": "ASCII"}, "goesrplt_avng_20170323t212611_rdn_v2p5_clip": {"temporal": ["2017-03-23T21:26:23Z", "2017-03-23T21:30:19Z"], "wnes_geometry": ["-115.46", "35.819", "-115.325", "35.427"], "SizeMBDataGranule": "2124.67", "checksum": "f36940096eeca301b0272bb962773586", "format": "Binary"}, "goesrplt_avng_20170323t212611_rdn_v2p5_clip.hdr": {"temporal": ["2017-03-23T21:26:23Z", "2017-03-23T21:30:19Z"], "wnes_geometry": ["-115.46", "35.819", "-115.325", "35.427"], "SizeMBDataGranule": "0.01", "checksum": "d46d2ca2f525858177f9b513fb911c86", "format": "ASCII"}, "goesrplt_avng_20170323t213616_rdn_v2p5_clip": {"temporal": ["2017-03-23T21:36:28Z", "2017-03-23T21:40:15Z"], "wnes_geometry": ["-115.47", "35.694", "-115.336", "35.355"], "SizeMBDataGranule": "2269.03", "checksum": "943a6224fdc9e8bbfe538770918ea215", "format": "Binary"}, "goesrplt_avng_20170323t213616_rdn_v2p5_clip.hdr": {"temporal": ["2017-03-23T21:36:28Z", "2017-03-23T21:40:15Z"], "wnes_geometry": ["-115.47", "35.694", "-115.336", "35.355"], "SizeMBDataGranule": "0.01", "checksum": "21fcdb7eeb5170e342ce0065c4c02819", "format": "ASCII"}, "goesrplt_avng_20170323t214600_rdn_v2p5_clip": {"temporal": ["2017-03-23T21:46:12Z", "2017-03-23T21:50:14Z"], "wnes_geometry": ["-115.456", "35.771", "-115.327", "35.406"], "SizeMBDataGranule": "2458.12", "checksum": "305f0c87b24db9364d70afd6704ee1c3", "format": "Binary"}, "goesrplt_avng_20170323t214600_rdn_v2p5_clip.hdr": {"temporal": ["2017-03-23T21:46:12Z", "2017-03-23T21:50:14Z"], "wnes_geometry": ["-115.456", "35.771", "-115.327", "35.406"], "SizeMBDataGranule": "0.01", "checksum": "b5a1b0de21485966397e80f07f57b264", "format": "ASCII"}, "goesrplt_avng_20170323t215557_rdn_v2p5_clip": {"temporal": ["2017-03-23T21:56:09Z", "2017-03-23T22:00:20Z"], "wnes_geometry": ["-115.457", "35.704", "-115.326", "35.324"], "SizeMBDataGranule": "2292.41", "checksum": "e038461ce6d5b7c908e6d7b1dae99666", "format": "Binary"}, "goesrplt_avng_20170323t215557_rdn_v2p5_clip.hdr": {"temporal": ["2017-03-23T21:56:09Z", "2017-03-23T22:00:20Z"], "wnes_geometry": ["-115.457", "35.704", "-115.326", "35.324"], "SizeMBDataGranule": "0.01", "checksum": "512833e13d87346f632aaee41ac89798", "format": "ASCII"}, "goesrplt_avng_20170323t220604_rdn_v2p5_clip": {"temporal": ["2017-03-23T22:06:16Z", "2017-03-23T22:11:22Z"], "wnes_geometry": ["-115.447", "35.836", "-115.312", "35.353"], "SizeMBDataGranule": "2907.45", "checksum": "9bcef01b24e442b6cc974c7fa17e3d60", "format": "Binary"}, "goesrplt_avng_20170323t220604_rdn_v2p5_clip.hdr": {"temporal": ["2017-03-23T22:06:16Z", "2017-03-23T22:11:22Z"], "wnes_geometry": ["-115.447", "35.836", "-115.312", "35.353"], "SizeMBDataGranule": "0.01", "checksum": "1d266fb9842498926ff9afd2f02f0742", "format": "ASCII"}, "goesrplt_avng_20170323t221555_rdn_v2p5_clip": {"temporal": ["2017-03-23T22:16:07Z", "2017-03-23T22:20:27Z"], "wnes_geometry": ["-115.457", "35.716", "-115.33", "35.323"], "SizeMBDataGranule": "2404.24", "checksum": "6438cb5c60454cc77d6a437a74eb9658", "format": "Binary"}, "goesrplt_avng_20170323t221555_rdn_v2p5_clip.hdr": {"temporal": ["2017-03-23T22:16:07Z", "2017-03-23T22:20:27Z"], "wnes_geometry": ["-115.457", "35.716", "-115.33", "35.323"], "SizeMBDataGranule": "0.01", "checksum": "68ddff4e1a9d0bee6d2561b1b597c968", "format": "ASCII"}, "goesrplt_avng_20170328t171943_rdn_v2p5_clip": {"temporal": ["2017-03-28T17:19:54Z", "2017-03-28T17:23:40Z"], "wnes_geometry": ["-115.506", "35.771", "-115.33", "35.426"], "SizeMBDataGranule": "2012.85", "checksum": "f446932e4bf1849e91850611f7a281b8", "format": "Binary"}, "goesrplt_avng_20170328t171943_rdn_v2p5_clip.hdr": {"temporal": ["2017-03-28T17:19:54Z", "2017-03-28T17:23:40Z"], "wnes_geometry": ["-115.506", "35.771", "-115.33", "35.426"], "SizeMBDataGranule": "0.01", "checksum": "2c7db2cf52ef818f4f595165cb6a5cf1", "format": "ASCII"}, "goesrplt_avng_20170328t173033_rdn_v2p5_clip": {"temporal": ["2017-03-28T17:30:43Z", "2017-03-28T17:34:56Z"], "wnes_geometry": ["-115.46", "35.712", "-115.334", "35.323"], "SizeMBDataGranule": "2348.32", "checksum": "73037ecce10d49b1669dbea74384555d", "format": "Binary"}, "goesrplt_avng_20170328t173033_rdn_v2p5_clip.hdr": {"temporal": ["2017-03-28T17:30:43Z", "2017-03-28T17:34:56Z"], "wnes_geometry": ["-115.46", "35.712", "-115.334", "35.323"], "SizeMBDataGranule": "0.01", "checksum": "b9f963ec020bb3d0f0a85dcc55f9a6a6", "format": "ASCII"}, "goesrplt_avng_20170328t174145_rdn_v2p5_clip": {"temporal": ["2017-03-28T17:41:55Z", "2017-03-28T17:46:03Z"], "wnes_geometry": ["-115.454", "35.804", "-115.323", "35.427"], "SizeMBDataGranule": "2292.41", "checksum": "e23e67214f5397ad5f83691f9f4f18a0", "format": "Binary"}, "goesrplt_avng_20170328t174145_rdn_v2p5_clip.hdr": {"temporal": ["2017-03-28T17:41:55Z", "2017-03-28T17:46:03Z"], "wnes_geometry": ["-115.454", "35.804", "-115.323", "35.427"], "SizeMBDataGranule": "0.01", "checksum": "512833e13d87346f632aaee41ac89798", "format": "ASCII"}, "goesrplt_avng_20170328t175245_rdn_v2p5_clip": {"temporal": ["2017-03-28T17:52:55Z", "2017-03-28T17:58:12Z"], "wnes_geometry": ["-115.462", "35.712", "-115.331", "35.203"], "SizeMBDataGranule": "3019.27", "checksum": "76ea9b5fdc559ebd877da0a2a5f7d011", "format": "Binary"}, "goesrplt_avng_20170328t175245_rdn_v2p5_clip.hdr": {"temporal": ["2017-03-28T17:52:55Z", "2017-03-28T17:58:12Z"], "wnes_geometry": ["-115.462", "35.712", "-115.331", "35.203"], "SizeMBDataGranule": "0.01", "checksum": "538b29c17907a7afee8d673c005dec8c", "format": "ASCII"}, "goesrplt_avng_20170328t180525_rdn_v2p5_clip": {"temporal": ["2017-03-28T18:05:36Z", "2017-03-28T18:09:15Z"], "wnes_geometry": ["-115.455", "35.752", "-115.328", "35.428"], "SizeMBDataGranule": "1956.93", "checksum": "efd1562148a687933452fb4db16e6834", "format": "Binary"}, "goesrplt_avng_20170328t180525_rdn_v2p5_clip.hdr": {"temporal": ["2017-03-28T18:05:36Z", "2017-03-28T18:09:15Z"], "wnes_geometry": ["-115.455", "35.752", "-115.328", "35.428"], "SizeMBDataGranule": "0.01", "checksum": "91d6274ce0e4b1c2d8f2476e4bef81c9", "format": "ASCII"}, "goesrplt_avng_20170328t185531_rdn_v2p5_clip": {"temporal": ["2017-03-28T18:55:41Z", "2017-03-28T19:29:40Z"], "wnes_geometry": ["-114.4", "32.038", "-113.389", "31.206"], "SizeMBDataGranule": "50702.55", "checksum": "1c16b149d829a9d5ba14da7d96353111", "format": "Binary"}, "goesrplt_avng_20170328t185531_rdn_v2p5_clip.hdr": {"temporal": ["2017-03-28T18:55:41Z", "2017-03-28T19:29:40Z"], "wnes_geometry": ["-114.4", "32.038", "-113.389", "31.206"], "SizeMBDataGranule": "0.01", "checksum": "b5a3d790eefd041b45b25830019a35ad", "format": "ASCII"}, "goesrplt_avng_20170328t193714_rdn_v2p5_clip": {"temporal": ["2017-03-28T19:37:24Z", "2017-03-28T20:17:13Z"], "wnes_geometry": ["-121.489", "32.048", "-113.323", "0.0"], "SizeMBDataGranule": "59470.65", "checksum": "b33c5cee6b06a3a7de91a9483a5f86e3", "format": "Binary"}, "goesrplt_avng_20170328t193714_rdn_v2p5_clip.hdr": {"temporal": ["2017-03-28T19:37:24Z", "2017-03-28T20:17:13Z"], "wnes_geometry": ["-121.489", "32.048", "-113.323", "0.0"], "SizeMBDataGranule": "0.01", "checksum": "63498caa738d9e99809a86a13255f766", "format": "ASCII"}, "goesrplt_avng_20170328t202059_rdn_v2p5_clip": {"temporal": ["2017-03-28T20:21:08Z", "2017-03-28T20:49:07Z"], "wnes_geometry": ["-115.382", "34.346", "-114.44", "31.386"], "SizeMBDataGranule": "18405.37", "checksum": "dc9b0482cad803910110171babadbfc8", "format": "Binary"}, "goesrplt_avng_20170328t202059_rdn_v2p5_clip.hdr": {"temporal": ["2017-03-28T20:21:08Z", "2017-03-28T20:49:07Z"], "wnes_geometry": ["-115.382", "34.346", "-114.44", "31.386"], "SizeMBDataGranule": "0.01", "checksum": "6baef031c552b5cc712572fe26057148", "format": "ASCII"}, "goesrplt_avng_20170328t210208_rdn_v2p5_clip": {"temporal": ["2017-03-28T21:02:18Z", "2017-03-28T21:04:53Z"], "wnes_geometry": ["-114.207", "35.726", "-113.932", "35.535"], "SizeMBDataGranule": "1230.07", "checksum": "1049ccd6b84673650036fd3dc1402613", "format": "Binary"}, "goesrplt_avng_20170328t210208_rdn_v2p5_clip.hdr": {"temporal": ["2017-03-28T21:02:18Z", "2017-03-28T21:04:53Z"], "wnes_geometry": ["-114.207", "35.726", "-113.932", "35.535"], "SizeMBDataGranule": "0.01", "checksum": "7cd55b08bb72f9fbaec11a59f1305358", "format": "ASCII"}, "goesrplt_avng_20170328t211047_rdn_v2p5_clip": {"temporal": ["2017-03-28T21:10:56Z", "2017-03-28T21:13:59Z"], "wnes_geometry": ["-114.222", "35.806", "-113.937", "35.534"], "SizeMBDataGranule": "1565.55", "checksum": "e0e9fe60288b7dbbcbcf9702eec763cd", "format": "Binary"}, "goesrplt_avng_20170328t211047_rdn_v2p5_clip.hdr": {"temporal": ["2017-03-28T21:10:56Z", "2017-03-28T21:13:59Z"], "wnes_geometry": ["-114.222", "35.806", "-113.937", "35.534"], "SizeMBDataGranule": "0.01", "checksum": "b7f9b17c2aa0a986230352fb669fbe65", "format": "ASCII"}, "goesrplt_avng_20170328t212316_rdn_v2p5_clip": {"temporal": ["2017-03-28T21:23:25Z", "2017-03-28T21:27:46Z"], "wnes_geometry": ["-115.468", "35.724", "-115.324", "35.322"], "SizeMBDataGranule": "2710.23", "checksum": "f8f25e8e60297bbb30fcdeabf2404028", "format": "Binary"}, "goesrplt_avng_20170328t212316_rdn_v2p5_clip.hdr": {"temporal": ["2017-03-28T21:23:25Z", "2017-03-28T21:27:46Z"], "wnes_geometry": ["-115.468", "35.724", "-115.324", "35.322"], "SizeMBDataGranule": "0.01", "checksum": "52905002bc878ff7e2b04ed3ebf115e2", "format": "ASCII"}, "goesrplt_avng_20170323t184858_corr_v2p5_clip": {"temporal": ["2017-03-23T18:49:11Z", "2017-03-23T20:18:08Z"], "wnes_geometry": ["-114.432", "32.067", "-113.216", "31.213"], "SizeMBDataGranule": "134443.32", "checksum": "4a5400dd9d4ced028df0344bd747413f", "format": "Binary"}, "goesrplt_avng_20170323t184858_corr_v2p5_clip.hdr": {"temporal": ["2017-03-23T18:49:11Z", "2017-03-23T20:18:08Z"], "wnes_geometry": ["-114.432", "32.067", "-113.216", "31.213"], "SizeMBDataGranule": "0.02", "checksum": "b0d0febd3d6f43c6d87f183769939a76", "format": "ASCII"}, "goesrplt_avng_20170323t202244_corr_v2p5_clip": {"temporal": ["2017-03-23T20:22:57Z", "2017-03-23T20:50:05Z"], "wnes_geometry": ["-115.429", "34.374", "-114.453", "31.501"], "SizeMBDataGranule": "17831.02", "checksum": "f5f846d255a09aa909ce3aa5f5007396", "format": "Binary"}, "goesrplt_avng_20170323t202244_corr_v2p5_clip.hdr": {"temporal": ["2017-03-23T20:22:57Z", "2017-03-23T20:50:05Z"], "wnes_geometry": ["-115.429", "34.374", "-114.453", "31.501"], "SizeMBDataGranule": "0.02", "checksum": "b2627f8422d052da49117116807b6cc6", "format": "ASCII"}, "goesrplt_avng_20170323t205805_corr_v2p5_clip": {"temporal": ["2017-03-23T20:58:18Z", "2017-03-23T21:01:56Z"], "wnes_geometry": ["-115.465", "35.702", "-115.334", "35.377"], "SizeMBDataGranule": "1956.94", "checksum": "ff7283cde4f6336de607a54c605207cb", "format": "Binary"}, "goesrplt_avng_20170323t205805_corr_v2p5_clip.hdr": {"temporal": ["2017-03-23T20:58:18Z", "2017-03-23T21:01:56Z"], "wnes_geometry": ["-115.465", "35.702", "-115.334", "35.377"], "SizeMBDataGranule": "0.02", "checksum": "2ed94b4e7fb7e7f8c5a000e917a3c13a", "format": "ASCII"}, "goesrplt_avng_20170323t210604_corr_v2p5_clip": {"temporal": ["2017-03-23T21:06:16Z", "2017-03-23T21:10:37Z"], "wnes_geometry": ["-115.473", "35.828", "-115.228", "35.423"], "SizeMBDataGranule": "2710.23", "checksum": "92de454db0d44047df08582992c65c61", "format": "Binary"}, "goesrplt_avng_20170323t210604_corr_v2p5_clip.hdr": {"temporal": ["2017-03-23T21:06:16Z", "2017-03-23T21:10:37Z"], "wnes_geometry": ["-115.473", "35.828", "-115.228", "35.423"], "SizeMBDataGranule": "0.02", "checksum": "6a02aef3d397e570dfda5b4c1467f26a", "format": "ASCII"}, "goesrplt_avng_20170323t211542_corr_v2p5_clip": {"temporal": ["2017-03-23T21:15:54Z", "2017-03-23T21:20:43Z"], "wnes_geometry": ["-115.51", "35.706", "-115.335", "35.235"], "SizeMBDataGranule": "3088.4", "checksum": "c01ee444fca04edf3a40e0486ccaf8ae", "format": "Binary"}, "goesrplt_avng_20170323t211542_corr_v2p5_clip.hdr": {"temporal": ["2017-03-23T21:15:54Z", "2017-03-23T21:20:43Z"], "wnes_geometry": ["-115.51", "35.706", "-115.335", "35.235"], "SizeMBDataGranule": "0.02", "checksum": "f15ed1e6519d4e5d525471cc81ebfc7f", "format": "ASCII"}, "goesrplt_avng_20170323t212611_corr_v2p5_clip": {"temporal": ["2017-03-23T21:26:23Z", "2017-03-23T21:30:19Z"], "wnes_geometry": ["-115.46", "35.819", "-115.325", "35.427"], "SizeMBDataGranule": "2124.67", "checksum": "1635521d17ba635d5a86e4d3784b527b", "format": "Binary"}, "goesrplt_avng_20170323t212611_corr_v2p5_clip.hdr": {"temporal": ["2017-03-23T21:26:23Z", "2017-03-23T21:30:19Z"], "wnes_geometry": ["-115.46", "35.819", "-115.325", "35.427"], "SizeMBDataGranule": "0.02", "checksum": "d035895b19fb85995f3c7a301f450d46", "format": "ASCII"}, "goesrplt_avng_20170323t213616_corr_v2p5_clip": {"temporal": ["2017-03-23T21:36:28Z", "2017-03-23T21:40:15Z"], "wnes_geometry": ["-115.47", "35.694", "-115.336", "35.355"], "SizeMBDataGranule": "2269.03", "checksum": "4ed44b469589822da72cf88f4b5c5557", "format": "Binary"}, "goesrplt_avng_20170323t213616_corr_v2p5_clip.hdr": {"temporal": ["2017-03-23T21:36:28Z", "2017-03-23T21:40:15Z"], "wnes_geometry": ["-115.47", "35.694", "-115.336", "35.355"], "SizeMBDataGranule": "0.02", "checksum": "a8ae6da87fd064a7e62b01587c48c31b", "format": "ASCII"}, "goesrplt_avng_20170323t214600_corr_v2p5_clip.hdr": {"temporal": ["2017-03-23T21:46:12Z", "2017-03-23T21:50:14Z"], "wnes_geometry": ["-115.456", "35.771", "-115.327", "35.406"], "SizeMBDataGranule": "0.02", "checksum": "1079ef50aab87d17d471b7e57c41575c", "format": "ASCII"}, "goesrplt_avng_20170323t215557_corr_v2p5_clip": {"temporal": ["2017-03-23T21:56:09Z", "2017-03-23T22:00:20Z"], "wnes_geometry": ["-115.457", "35.704", "-115.326", "35.324"], "SizeMBDataGranule": "2292.41", "checksum": "21320c9edcae27e0b42a4cf87b43bc28", "format": "Binary"}, "goesrplt_avng_20170323t215557_corr_v2p5_clip.hdr": {"temporal": ["2017-03-23T21:56:09Z", "2017-03-23T22:00:20Z"], "wnes_geometry": ["-115.457", "35.704", "-115.326", "35.324"], "SizeMBDataGranule": "0.02", "checksum": "0e5ea9fc88e25df187ba94178b955175", "format": "ASCII"}, "goesrplt_avng_20170323t220604_corr_v2p5_clip": {"temporal": ["2017-03-23T22:06:16Z", "2017-03-23T22:11:22Z"], "wnes_geometry": ["-115.447", "35.836", "-115.312", "35.353"], "SizeMBDataGranule": "2907.45", "checksum": "4cf183b09f5efe53f8c65cdd1424d8e9", "format": "Binary"}, "goesrplt_avng_20170323t220604_corr_v2p5_clip.hdr": {"temporal": ["2017-03-23T22:06:16Z", "2017-03-23T22:11:22Z"], "wnes_geometry": ["-115.447", "35.836", "-115.312", "35.353"], "SizeMBDataGranule": "0.02", "checksum": "b2c7cf75812f22a01640d2d94ffe7b3f", "format": "ASCII"}, "goesrplt_avng_20170323t221555_corr_v2p5_clip": {"temporal": ["2017-03-23T22:16:07Z", "2017-03-23T22:20:27Z"], "wnes_geometry": ["-115.457", "35.716", "-115.33", "35.323"], "SizeMBDataGranule": "2404.24", "checksum": "cd75f2a46a25b82565af0098e1226346", "format": "Binary"}, "goesrplt_avng_20170323t221555_corr_v2p5_clip.hdr": {"temporal": ["2017-03-23T22:16:07Z", "2017-03-23T22:20:27Z"], "wnes_geometry": ["-115.457", "35.716", "-115.33", "35.323"], "SizeMBDataGranule": "0.02", "checksum": "e202e8acd50273020b35bd2a2c2f8456", "format": "ASCII"}, "goesrplt_avng_20170328t171943_corr_v2p5_clip": {"temporal": ["2017-03-28T17:19:54Z", "2017-03-28T17:23:40Z"], "wnes_geometry": ["-115.506", "35.771", "-115.33", "35.426"], "SizeMBDataGranule": "2012.85", "checksum": "e14ce476556292b1a3a9af198418b1cb", "format": "Binary"}, "goesrplt_avng_20170328t171943_corr_v2p5_clip.hdr": {"temporal": ["2017-03-28T17:19:54Z", "2017-03-28T17:23:40Z"], "wnes_geometry": ["-115.506", "35.771", "-115.33", "35.426"], "SizeMBDataGranule": "0.02", "checksum": "8a02ac6e444790f6f022a0fb90a0a18f", "format": "ASCII"}, "goesrplt_avng_20170328t173033_corr_v2p5_clip": {"temporal": ["2017-03-28T17:30:43Z", "2017-03-28T17:34:56Z"], "wnes_geometry": ["-115.46", "35.712", "-115.334", "35.323"], "SizeMBDataGranule": "2348.33", "checksum": "b398039e638d4c53724c20298477d9f1", "format": "Binary"}, "goesrplt_avng_20170328t173033_corr_v2p5_clip.hdr": {"temporal": ["2017-03-28T17:30:43Z", "2017-03-28T17:34:56Z"], "wnes_geometry": ["-115.46", "35.712", "-115.334", "35.323"], "SizeMBDataGranule": "0.02", "checksum": "3ad03b7cdf158f2acfbae0dde020e4c6", "format": "ASCII"}, "goesrplt_avng_20170328t174145_corr_v2p5_clip": {"temporal": ["2017-03-28T17:41:55Z", "2017-03-28T17:46:03Z"], "wnes_geometry": ["-115.454", "35.804", "-115.323", "35.427"], "SizeMBDataGranule": "2292.42", "checksum": "827679cca69844f592d22f67fe69f0fa", "format": "Binary"}, "goesrplt_avng_20170328t174145_corr_v2p5_clip.hdr": {"temporal": ["2017-03-28T17:41:55Z", "2017-03-28T17:46:03Z"], "wnes_geometry": ["-115.454", "35.804", "-115.323", "35.427"], "SizeMBDataGranule": "0.02", "checksum": "0e5ea9fc88e25df187ba94178b955175", "format": "ASCII"}, "goesrplt_avng_20170328t175245_corr_v2p5_clip": {"temporal": ["2017-03-28T17:52:55Z", "2017-03-28T17:58:12Z"], "wnes_geometry": ["-115.462", "35.712", "-115.331", "35.203"], "SizeMBDataGranule": "3019.28", "checksum": "139fa12f0abf7d04f3e925664971a1ed", "format": "Binary"}, "goesrplt_avng_20170328t175245_corr_v2p5_clip.hdr": {"temporal": ["2017-03-28T17:52:55Z", "2017-03-28T17:58:12Z"], "wnes_geometry": ["-115.462", "35.712", "-115.331", "35.203"], "SizeMBDataGranule": "0.02", "checksum": "8d74672e32afec1aa3b8d43a20560a7c", "format": "ASCII"}, "goesrplt_avng_20170328t180525_corr_v2p5_clip": {"temporal": ["2017-03-28T18:05:36Z", "2017-03-28T18:09:15Z"], "wnes_geometry": ["-115.455", "35.752", "-115.328", "35.428"], "SizeMBDataGranule": "1956.94", "checksum": "c3267dd46c7a4fb7d0b31f09cc6fdde1", "format": "Binary"}, "goesrplt_avng_20170328t180525_corr_v2p5_clip.hdr": {"temporal": ["2017-03-28T18:05:36Z", "2017-03-28T18:09:15Z"], "wnes_geometry": ["-115.455", "35.752", "-115.328", "35.428"], "SizeMBDataGranule": "0.02", "checksum": "2ed94b4e7fb7e7f8c5a000e917a3c13a", "format": "ASCII"}, "goesrplt_avng_20170328t185531_corr_v2p5_clip": {"temporal": ["2017-03-28T18:55:41Z", "2017-03-28T19:29:40Z"], "wnes_geometry": ["-114.4", "32.038", "-113.389", "31.206"], "SizeMBDataGranule": "50702.1", "checksum": "d9b3c5f732f35bbfd7b37c7d219926d3", "format": "Binary"}, "goesrplt_avng_20170328t185531_corr_v2p5_clip.hdr": {"temporal": ["2017-03-28T18:55:41Z", "2017-03-28T19:29:40Z"], "wnes_geometry": ["-114.4", "32.038", "-113.389", "31.206"], "SizeMBDataGranule": "0.02", "checksum": "6cfa90ce19527946c3789477b5c3e24d", "format": "ASCII"}, "goesrplt_avng_20170328t193714_corr_v2p5_clip": {"temporal": ["2017-03-28T19:37:24Z", "2017-03-28T20:17:13Z"], "wnes_geometry": ["-121.489", "32.048", "-113.323", "0.0"], "SizeMBDataGranule": "59470.13", "checksum": "dc64f218b00bda02cd6e5fea791820b6", "format": "Binary"}, "goesrplt_avng_20170328t193714_corr_v2p5_clip.hdr": {"temporal": ["2017-03-28T19:37:24Z", "2017-03-28T20:17:13Z"], "wnes_geometry": ["-121.489", "32.048", "-113.323", "0.0"], "SizeMBDataGranule": "0.02", "checksum": "cab553ebfe613bb0d58c6b88f41fb5da", "format": "ASCII"}, "goesrplt_avng_20170328t202059_corr_v2p5_clip": {"temporal": ["2017-03-28T20:21:08Z", "2017-03-28T20:49:07Z"], "wnes_geometry": ["-115.382", "34.346", "-114.44", "31.386"], "SizeMBDataGranule": "18405.41", "checksum": "08784993014daba5fbced6239184f451", "format": "Binary"}, "goesrplt_avng_20170328t202059_corr_v2p5_clip.hdr": {"temporal": ["2017-03-28T20:21:08Z", "2017-03-28T20:49:07Z"], "wnes_geometry": ["-115.382", "34.346", "-114.44", "31.386"], "SizeMBDataGranule": "0.02", "checksum": "7dc84cfdc1ac21eb92bc864b682a4093", "format": "ASCII"}, "goesrplt_avng_20170328t210208_corr_v2p5_clip": {"temporal": ["2017-03-28T21:02:18Z", "2017-03-28T21:04:53Z"], "wnes_geometry": ["-114.207", "35.726", "-113.932", "35.535"], "SizeMBDataGranule": "1230.08", "checksum": "34a05efa5d216eb71ba2929a255368a6", "format": "Binary"}, "goesrplt_avng_20170328t210208_corr_v2p5_clip.hdr": {"temporal": ["2017-03-28T21:02:18Z", "2017-03-28T21:04:53Z"], "wnes_geometry": ["-114.207", "35.726", "-113.932", "35.535"], "SizeMBDataGranule": "0.02", "checksum": "4dbf800fb2c389465b2c7685139b8f12", "format": "ASCII"}, "goesrplt_avng_20170328t211047_corr_v2p5_clip": {"temporal": ["2017-03-28T21:10:56Z", "2017-03-28T21:13:59Z"], "wnes_geometry": ["-114.222", "35.806", "-113.937", "35.534"], "SizeMBDataGranule": "1565.55", "checksum": "34df7d7c55dd71c60588eb325980213e", "format": "Binary"}, "goesrplt_avng_20170328t211047_corr_v2p5_clip.hdr": {"temporal": ["2017-03-28T21:10:56Z", "2017-03-28T21:13:59Z"], "wnes_geometry": ["-114.222", "35.806", "-113.937", "35.534"], "SizeMBDataGranule": "0.02", "checksum": "8a569ec22536c69d19b84a54342a0049", "format": "ASCII"}, "goesrplt_avng_20170328t212316_corr_v2p5_clip": {"temporal": ["2017-03-28T21:23:25Z", "2017-03-28T21:27:46Z"], "wnes_geometry": ["-115.468", "35.724", "-115.324", "35.322"], "SizeMBDataGranule": "2710.24", "checksum": "3e2edc983949c9f6cc507c4f7c46c31b", "format": "Binary"}, "goesrplt_avng_20170328t212316_corr_v2p5_clip.hdr": {"temporal": ["2017-03-28T21:23:25Z", "2017-03-28T21:27:46Z"], "wnes_geometry": ["-115.468", "35.724", "-115.324", "35.322"], "SizeMBDataGranule": "0.02", "checksum": "6a02aef3d397e570dfda5b4c1467f26a", "format": "ASCII"}}