{"lpvex_RADAR_IKAALINEN_UF_20101019.tar.gz": {"temporal": ["2010-10-19T07:00:00Z", "2010-10-19T11:06:14Z"], "wnes_geometry": ["18.33", "64.012", "27.83", "59.522"], "SizeMBDataGranule": "534.97", "checksum": "e59bd8003c30167af47b0d5712fffbe2", "format": "Universal Format (UF)"}, "lpvex_RADAR_IKAALINEN_RAW_20101019.tar.gz": {"temporal": ["2010-10-19T07:00:00Z", "2010-10-19T11:06:14Z"], "wnes_geometry": ["18.33", "64.012", "27.83", "59.522"], "SizeMBDataGranule": "592.24", "checksum": "607bc6335569142a87ead548399e37a9", "format": "Binary"}}