{"lpvex_RADAR_KORPO_UF_20101019.tar.gz": {"temporal": ["2010-10-19T07:00:00Z", "2010-10-19T11:05:59Z"], "wnes_geometry": ["17.136", "62.373", "26.157", "57.884"], "SizeMBDataGranule": "120.09", "checksum": "3d2d90807aebbc80d62101f5ce8cf74e", "format": "Universal Format (UF)"}, "lpvex_RADAR_KORPO_RAW_20101019.tar.gz": {"temporal": ["2010-10-19T07:00:00Z", "2010-10-19T11:05:59Z"], "wnes_geometry": ["17.136", "62.373", "26.157", "57.884"], "SizeMBDataGranule": "89.09", "checksum": "92a50b93f4e400b88654498cfd825b60", "format": "Binary"}}