{"lpvex_RADAR_KERAVA_UF_20101020.tar.gz": {"temporal": ["2010-10-20T00:02:55Z", "2010-10-20T23:59:48Z"], "wnes_geometry": ["20.565", "62.634", "29.663", "58.142"], "SizeMBDataGranule": "3293.97", "checksum": "eefe2701db7ba305383a1b8c9230d1be", "format": "Universal Format (UF)"}, "lpvex_RADAR_KERAVA_UF_20100921.tar.gz": {"temporal": ["2010-09-21T00:00:04Z", "2010-09-22T00:00:00Z"], "wnes_geometry": ["22.999", "61.055", "27.341", "59.264"], "SizeMBDataGranule": "3260.2", "checksum": "c850bca1f6104b55c752f4abe594881b", "format": "Universal Format (UF)"}, "lpvex_RADAR_KERAVA_RAW_20110101.tar.gz": {"temporal": ["2011-01-01T00:00:00Z", "2011-01-01T23:59:59Z"], "wnes_geometry": ["20.565", "62.634", "29.663", "58.142"], "SizeMBDataGranule": "977.13", "checksum": "8c99380d8dbd1e0c84ec396104a06dc1", "format": "Binary"}, "lpvex_RADAR_KERAVA_RAW_20110102.tar.gz": {"temporal": ["2011-01-02T00:00:00Z", "2011-01-02T23:59:59Z"], "wnes_geometry": ["20.565", "62.634", "29.663", "58.142"], "SizeMBDataGranule": "870.44", "checksum": "6e5849c65d0dda4a28c8f2ee80cc06d6", "format": "Binary"}, "lpvex_RADAR_KERAVA_RAW_20110103.tar.gz": {"temporal": ["2011-01-03T00:00:00Z", "2011-01-03T23:59:59Z"], "wnes_geometry": ["20.565", "62.634", "29.663", "58.142"], "SizeMBDataGranule": "791.23", "checksum": "03b8a871fcbe3143033ecb902ac782f2", "format": "Binary"}, "lpvex_RADAR_KERAVA_RAW_20110104.tar.gz": {"temporal": ["2011-01-04T00:00:00Z", "2011-01-04T23:59:59Z"], "wnes_geometry": ["20.565", "62.634", "29.663", "58.142"], "SizeMBDataGranule": "916.72", "checksum": "49511651da21e357f7eeb938033fd18d", "format": "Binary"}, "lpvex_RADAR_KERAVA_RAW_20110105.tar.gz": {"temporal": ["2011-01-05T00:00:00Z", "2011-01-05T23:59:59Z"], "wnes_geometry": ["20.565", "62.634", "29.663", "58.142"], "SizeMBDataGranule": "796.78", "checksum": "01ee0c0b22f4bad12628832cc4a99750", "format": "Binary"}, "lpvex_RADAR_KERAVA_RAW_20110106.tar.gz": {"temporal": ["2011-01-06T00:00:00Z", "2011-01-06T23:59:59Z"], "wnes_geometry": ["20.565", "62.634", "29.663", "58.142"], "SizeMBDataGranule": "1052.58", "checksum": "7a7ae2cfb2a57634b64e899f51ff5046", "format": "Binary"}, "lpvex_RADAR_KERAVA_RAW_20110107.tar.gz": {"temporal": ["2011-01-07T00:00:00Z", "2011-01-07T23:59:59Z"], "wnes_geometry": ["20.565", "62.634", "29.663", "58.142"], "SizeMBDataGranule": "1078.7", "checksum": "30c3d0c591b498c8a54416ae567a29d3", "format": "Binary"}, "lpvex_RADAR_KERAVA_RAW_20110108.tar.gz": {"temporal": ["2011-01-08T00:00:00Z", "2011-01-08T23:59:59Z"], "wnes_geometry": ["20.565", "62.634", "29.663", "58.142"], "SizeMBDataGranule": "873.83", "checksum": "2304b9c5d456f3d051408abcb11824e5", "format": "Binary"}, "lpvex_RADAR_KERAVA_RAW_20110109.tar.gz": {"temporal": ["2011-01-09T00:00:00Z", "2011-01-09T23:59:59Z"], "wnes_geometry": ["20.565", "62.634", "29.663", "58.142"], "SizeMBDataGranule": "1175.3", "checksum": "bfce5de3219ff2916bae4e9d0a1cf59f", "format": "Binary"}, "lpvex_RADAR_KERAVA_RAW_20110110.tar.gz": {"temporal": ["2011-01-10T00:00:00Z", "2011-01-10T23:59:59Z"], "wnes_geometry": ["20.565", "62.634", "29.663", "58.142"], "SizeMBDataGranule": "774.58", "checksum": "c4415ae114c5b981dfdbcae4917beac1", "format": "Binary"}, "lpvex_RADAR_KERAVA_RAW_20110111.tar.gz": {"temporal": ["2011-01-11T00:00:00Z", "2011-01-11T23:59:59Z"], "wnes_geometry": ["20.565", "62.634", "29.663", "58.142"], "SizeMBDataGranule": "726.06", "checksum": "6371c7da089b1eeb52fa10ec25b9c0c4", "format": "Binary"}, "lpvex_RADAR_KERAVA_RAW_20110112.tar.gz": {"temporal": ["2011-01-12T00:00:00Z", "2011-01-12T23:59:59Z"], "wnes_geometry": ["20.565", "62.634", "29.663", "58.142"], "SizeMBDataGranule": "1099.86", "checksum": "bd6cb310bfccbc5f1e2d82df95cc28da", "format": "Binary"}, "lpvex_RADAR_KERAVA_RAW_20110113.tar.gz": {"temporal": ["2011-01-13T00:00:00Z", "2011-01-13T23:59:59Z"], "wnes_geometry": ["20.565", "62.634", "29.663", "58.142"], "SizeMBDataGranule": "1210.24", "checksum": "d8d0e87b22de5956f3960cd9f2683c64", "format": "Binary"}, "lpvex_RADAR_KERAVA_RAW_20110114.tar.gz": {"temporal": ["2011-01-14T00:00:00Z", "2011-01-14T23:59:59Z"], "wnes_geometry": ["20.565", "62.634", "29.663", "58.142"], "SizeMBDataGranule": "825.62", "checksum": "0ebca73f49961f8b6d8da1377add61d8", "format": "Binary"}, "lpvex_RADAR_KERAVA_RAW_20110115.tar.gz": {"temporal": ["2011-01-15T00:00:00Z", "2011-01-15T23:59:59Z"], "wnes_geometry": ["20.565", "62.634", "29.663", "58.142"], "SizeMBDataGranule": "630.78", "checksum": "1360e544e662ad9dad2f8ff78f521ef2", "format": "Binary"}, "lpvex_RADAR_KERAVA_RAW_20110116.tar.gz": {"temporal": ["2011-01-16T00:00:00Z", "2011-01-16T23:59:59Z"], "wnes_geometry": ["20.565", "62.634", "29.663", "58.142"], "SizeMBDataGranule": "1046.12", "checksum": "c606cd52dea68e00f4c38438ff3cc078", "format": "Binary"}, "lpvex_RADAR_KERAVA_RAW_20110117.tar.gz": {"temporal": ["2011-01-17T00:00:00Z", "2011-01-17T23:59:59Z"], "wnes_geometry": ["20.565", "62.634", "29.663", "58.142"], "SizeMBDataGranule": "2880.35", "checksum": "3004138c9d3df1ce538604c1b3c4322d", "format": "Binary"}, "lpvex_RADAR_KERAVA_RAW_20110118.tar.gz": {"temporal": ["2011-01-18T00:00:00Z", "2011-01-18T23:59:59Z"], "wnes_geometry": ["20.565", "62.634", "29.663", "58.142"], "SizeMBDataGranule": "3496.99", "checksum": "41b4c0cc33ecd265acf2e234fccc9b5b", "format": "Binary"}, "lpvex_RADAR_KERAVA_RAW_20110119.tar.gz": {"temporal": ["2011-01-19T00:00:00Z", "2011-01-19T23:59:59Z"], "wnes_geometry": ["20.565", "62.634", "29.663", "58.142"], "SizeMBDataGranule": "1382.07", "checksum": "9371caa54164d506c7fb6d65ada18e14", "format": "Binary"}, "lpvex_RADAR_KERAVA_RAW_20110120.tar.gz": {"temporal": ["2011-01-20T00:00:00Z", "2011-01-20T23:59:59Z"], "wnes_geometry": ["20.565", "62.634", "29.663", "58.142"], "SizeMBDataGranule": "3106.9", "checksum": "20b3b88f8f8774a2a984bf2f224d5131", "format": "Binary"}, "lpvex_RADAR_KERAVA_RAW_20110121.tar.gz": {"temporal": ["2011-01-21T00:00:00Z", "2011-01-21T23:59:59Z"], "wnes_geometry": ["20.565", "62.634", "29.663", "58.142"], "SizeMBDataGranule": "3506.76", "checksum": "5efdf1c9b33091365346f5f0960e429e", "format": "Binary"}, "lpvex_RADAR_KERAVA_RAW_20110122.tar.gz": {"temporal": ["2011-01-22T00:00:00Z", "2011-01-22T23:59:59Z"], "wnes_geometry": ["20.565", "62.634", "29.663", "58.142"], "SizeMBDataGranule": "4824.99", "checksum": "8a22b78b98c00f6dd5dab7d0f5caf16d", "format": "Binary"}, "lpvex_RADAR_KERAVA_RAW_20110123.tar.gz": {"temporal": ["2011-01-23T00:00:00Z", "2011-01-23T23:59:59Z"], "wnes_geometry": ["20.565", "62.634", "29.663", "58.142"], "SizeMBDataGranule": "3905.72", "checksum": "840b1fb823dd090500c5136a18e89fba", "format": "Binary"}, "lpvex_RADAR_KERAVA_RAW_20110124.tar.gz": {"temporal": ["2011-01-24T00:00:00Z", "2011-01-24T23:59:59Z"], "wnes_geometry": ["20.565", "62.634", "29.663", "58.142"], "SizeMBDataGranule": "4618.67", "checksum": "be94f5fc096cd62e1e6a0c566d75eb69", "format": "Binary"}, "lpvex_RADAR_KERAVA_RAW_20110125.tar.gz": {"temporal": ["2011-01-25T00:00:00Z", "2011-01-25T23:59:59Z"], "wnes_geometry": ["20.565", "62.634", "29.663", "58.142"], "SizeMBDataGranule": "5288.93", "checksum": "052f10c795a6580ff668ba4a8d6ff3f4", "format": "Binary"}, "lpvex_RADAR_KERAVA_RAW_20110126.tar.gz": {"temporal": ["2011-01-26T00:00:00Z", "2011-01-26T23:59:59Z"], "wnes_geometry": ["20.565", "62.634", "29.663", "58.142"], "SizeMBDataGranule": "3352.99", "checksum": "38f9f1c8b931b268323cbea5261972ce", "format": "Binary"}, "lpvex_RADAR_KERAVA_RAW_20110127.tar.gz": {"temporal": ["2011-01-27T00:00:00Z", "2011-01-27T23:59:59Z"], "wnes_geometry": ["20.565", "62.634", "29.663", "58.142"], "SizeMBDataGranule": "3488.74", "checksum": "48a4374be33e1981a7849e815e676128", "format": "Binary"}, "lpvex_RADAR_KERAVA_RAW_20110128.tar.gz": {"temporal": ["2011-01-28T00:00:00Z", "2011-01-28T23:59:59Z"], "wnes_geometry": ["20.565", "62.634", "29.663", "58.142"], "SizeMBDataGranule": "3460.75", "checksum": "71bf03a715ed414a2afbd87aa9572164", "format": "Binary"}, "lpvex_RADAR_KERAVA_RAW_20110129.tar.gz": {"temporal": ["2011-01-29T00:00:00Z", "2011-01-29T23:59:59Z"], "wnes_geometry": ["20.565", "62.634", "29.663", "58.142"], "SizeMBDataGranule": "3972.49", "checksum": "b87b3488189ea27ecb5646eac5cbebf9", "format": "Binary"}, "lpvex_RADAR_KERAVA_RAW_20110130.tar.gz": {"temporal": ["2011-01-30T00:00:00Z", "2011-01-30T23:59:59Z"], "wnes_geometry": ["20.565", "62.634", "29.663", "58.142"], "SizeMBDataGranule": "3536.85", "checksum": "bcd69dae1cd123066ffa81cf88c18dc7", "format": "Binary"}, "lpvex_RADAR_KERAVA_RAW_20110131.tar.gz": {"temporal": ["2011-01-31T00:00:00Z", "2011-01-31T23:59:59Z"], "wnes_geometry": ["20.565", "62.634", "29.663", "58.142"], "SizeMBDataGranule": "3861.06", "checksum": "330bda2e512a7b9434e54918da56effb", "format": "Binary"}, "lpvex_RADAR_KERAVA_RAW_20101201.tar.gz": {"temporal": ["2010-12-01T00:00:00Z", "2010-12-01T23:59:59Z"], "wnes_geometry": ["20.565", "62.634", "29.663", "58.142"], "SizeMBDataGranule": "1363.84", "checksum": "a140393cb3e22087dba92fb7eceffded", "format": "Binary"}, "lpvex_RADAR_KERAVA_RAW_20101202.tar.gz": {"temporal": ["2010-12-02T00:00:00Z", "2010-12-02T23:59:59Z"], "wnes_geometry": ["20.565", "62.634", "29.663", "58.142"], "SizeMBDataGranule": "2451.79", "checksum": "1b92592ff9dbb7fd4bed96c9a354bb00", "format": "Binary"}, "lpvex_RADAR_KERAVA_RAW_20101203.tar.gz": {"temporal": ["2010-12-03T00:00:00Z", "2010-12-03T23:59:59Z"], "wnes_geometry": ["20.565", "62.634", "29.663", "58.142"], "SizeMBDataGranule": "917.66", "checksum": "8cbe1ca7f31691112e576f2c3330a386", "format": "Binary"}, "lpvex_RADAR_KERAVA_RAW_20101204.tar.gz": {"temporal": ["2010-12-04T00:00:00Z", "2010-12-04T23:59:59Z"], "wnes_geometry": ["20.565", "62.634", "29.663", "58.142"], "SizeMBDataGranule": "858.12", "checksum": "29d9095fd706cf3f2c1f76f9e5bfb8b3", "format": "Binary"}, "lpvex_RADAR_KERAVA_RAW_20101205.tar.gz": {"temporal": ["2010-12-05T00:00:00Z", "2010-12-05T23:59:59Z"], "wnes_geometry": ["20.565", "62.634", "29.663", "58.142"], "SizeMBDataGranule": "903.26", "checksum": "1ff0daccf435b61f241a7b08cc9965b0", "format": "Binary"}, "lpvex_RADAR_KERAVA_RAW_20101206.tar.gz": {"temporal": ["2010-12-06T00:00:00Z", "2010-12-06T23:59:59Z"], "wnes_geometry": ["20.565", "62.634", "29.663", "58.142"], "SizeMBDataGranule": "1287.85", "checksum": "362e7701515dd8f558ec3d224ef53cc1", "format": "Binary"}, "lpvex_RADAR_KERAVA_RAW_20101207.tar.gz": {"temporal": ["2010-12-07T00:00:00Z", "2010-12-07T23:59:59Z"], "wnes_geometry": ["20.565", "62.634", "29.663", "58.142"], "SizeMBDataGranule": "836.87", "checksum": "d2f280129ddf9a399df5d218ee1bc5e0", "format": "Binary"}, "lpvex_RADAR_KERAVA_RAW_20101208.tar.gz": {"temporal": ["2010-12-08T00:00:00Z", "2010-12-08T23:59:59Z"], "wnes_geometry": ["20.565", "62.634", "29.663", "58.142"], "SizeMBDataGranule": "664.49", "checksum": "a6da52bc54a164aa22d7be4fe77d03be", "format": "Binary"}, "lpvex_RADAR_KERAVA_RAW_20101209.tar.gz": {"temporal": ["2010-12-09T00:00:00Z", "2010-12-09T23:59:59Z"], "wnes_geometry": ["20.565", "62.634", "29.663", "58.142"], "SizeMBDataGranule": "1231.62", "checksum": "9bac501e6dd17c1f4b62ece8f6eee78d", "format": "Binary"}, "lpvex_RADAR_KERAVA_RAW_20101210.tar.gz": {"temporal": ["2010-12-10T00:00:00Z", "2010-12-10T23:59:59Z"], "wnes_geometry": ["20.565", "62.634", "29.663", "58.142"], "SizeMBDataGranule": "894.33", "checksum": "9edfb9b6c4e8f99f5f57090d26151b98", "format": "Binary"}, "lpvex_RADAR_KERAVA_RAW_20101211.tar.gz": {"temporal": ["2010-12-11T00:00:00Z", "2010-12-11T23:59:59Z"], "wnes_geometry": ["20.565", "62.634", "29.663", "58.142"], "SizeMBDataGranule": "1119.3", "checksum": "8578f42e10ba3d8f786ec0fbb7a040c3", "format": "Binary"}, "lpvex_RADAR_KERAVA_RAW_20101212.tar.gz": {"temporal": ["2010-12-12T00:00:00Z", "2010-12-12T23:59:59Z"], "wnes_geometry": ["20.565", "62.634", "29.663", "58.142"], "SizeMBDataGranule": "823.26", "checksum": "69ed810432456d30d1edced0138f0b17", "format": "Binary"}, "lpvex_RADAR_KERAVA_RAW_20101213.tar.gz": {"temporal": ["2010-12-13T00:00:00Z", "2010-12-13T23:59:59Z"], "wnes_geometry": ["20.565", "62.634", "29.663", "58.142"], "SizeMBDataGranule": "827.97", "checksum": "a01aa0d775fc6a44ffacd123c8045f98", "format": "Binary"}, "lpvex_RADAR_KERAVA_RAW_20101214.tar.gz": {"temporal": ["2010-12-14T00:00:00Z", "2010-12-14T23:59:59Z"], "wnes_geometry": ["20.565", "62.634", "29.663", "58.142"], "SizeMBDataGranule": "961.48", "checksum": "acade31ea01b562203484e0ca8ad14ac", "format": "Binary"}, "lpvex_RADAR_KERAVA_RAW_20101215.tar.gz": {"temporal": ["2010-12-15T00:00:00Z", "2010-12-15T23:59:59Z"], "wnes_geometry": ["20.565", "62.634", "29.663", "58.142"], "SizeMBDataGranule": "764.79", "checksum": "ae42e4aba4bad7d13a0e7a6a4544ade6", "format": "Binary"}, "lpvex_RADAR_KERAVA_RAW_20101216.tar.gz": {"temporal": ["2010-12-16T00:00:00Z", "2010-12-16T23:59:59Z"], "wnes_geometry": ["20.565", "62.634", "29.663", "58.142"], "SizeMBDataGranule": "854.68", "checksum": "8ea99c8d58fc2bde2493723845544ee7", "format": "Binary"}, "lpvex_RADAR_KERAVA_RAW_20101217.tar.gz": {"temporal": ["2010-12-17T00:00:00Z", "2010-12-17T23:59:59Z"], "wnes_geometry": ["20.565", "62.634", "29.663", "58.142"], "SizeMBDataGranule": "863.44", "checksum": "8e633d8e698d8803711dccf4e4d3b2f5", "format": "Binary"}, "lpvex_RADAR_KERAVA_RAW_20101218.tar.gz": {"temporal": ["2010-12-18T00:00:00Z", "2010-12-18T23:59:59Z"], "wnes_geometry": ["20.565", "62.634", "29.663", "58.142"], "SizeMBDataGranule": "898.12", "checksum": "f619caaf90edf033216cb1ab93887b4d", "format": "Binary"}, "lpvex_RADAR_KERAVA_RAW_20101219.tar.gz": {"temporal": ["2010-12-19T00:00:00Z", "2010-12-19T23:59:59Z"], "wnes_geometry": ["20.565", "62.634", "29.663", "58.142"], "SizeMBDataGranule": "1086.38", "checksum": "6a74847cce2155231b851895b9ca3079", "format": "Binary"}, "lpvex_RADAR_KERAVA_RAW_20101220.tar.gz": {"temporal": ["2010-12-20T00:00:00Z", "2010-12-20T23:59:59Z"], "wnes_geometry": ["20.565", "62.634", "29.663", "58.142"], "SizeMBDataGranule": "906.88", "checksum": "2c488ea6f7b912bc734f731421692e16", "format": "Binary"}, "lpvex_RADAR_KERAVA_RAW_20101221.tar.gz": {"temporal": ["2010-12-21T00:00:00Z", "2010-12-21T23:59:59Z"], "wnes_geometry": ["20.565", "62.634", "29.663", "58.142"], "SizeMBDataGranule": "959.9", "checksum": "785804256dd3ef9ad9b2ceb3372db8fc", "format": "Binary"}, "lpvex_RADAR_KERAVA_RAW_20101222.tar.gz": {"temporal": ["2010-12-22T00:00:00Z", "2010-12-22T23:59:59Z"], "wnes_geometry": ["20.565", "62.634", "29.663", "58.142"], "SizeMBDataGranule": "750.38", "checksum": "d2a118f4ebad0fcc253b8439ddc0579a", "format": "Binary"}, "lpvex_RADAR_KERAVA_RAW_20101223.tar.gz": {"temporal": ["2010-12-23T00:00:00Z", "2010-12-23T23:59:59Z"], "wnes_geometry": ["20.565", "62.634", "29.663", "58.142"], "SizeMBDataGranule": "626.24", "checksum": "59c9495a33c4d193853ee5328e5f0ab9", "format": "Binary"}, "lpvex_RADAR_KERAVA_RAW_20101224.tar.gz": {"temporal": ["2010-12-24T00:00:00Z", "2010-12-24T23:59:59Z"], "wnes_geometry": ["20.565", "62.634", "29.663", "58.142"], "SizeMBDataGranule": "863.54", "checksum": "b82f0a4d0510954fa1229cd2e8b24d6c", "format": "Binary"}, "lpvex_RADAR_KERAVA_RAW_20101225.tar.gz": {"temporal": ["2010-12-25T00:00:00Z", "2010-12-25T23:59:59Z"], "wnes_geometry": ["20.565", "62.634", "29.663", "58.142"], "SizeMBDataGranule": "1320.42", "checksum": "b0d2bfe1ee7d1a73cd4b0b37e173fb2f", "format": "Binary"}, "lpvex_RADAR_KERAVA_RAW_20101226.tar.gz": {"temporal": ["2010-12-26T00:00:00Z", "2010-12-26T23:59:59Z"], "wnes_geometry": ["20.565", "62.634", "29.663", "58.142"], "SizeMBDataGranule": "1437.83", "checksum": "95d5ab493d5b26dc3611ef422c7a9455", "format": "Binary"}, "lpvex_RADAR_KERAVA_RAW_20101227.tar.gz": {"temporal": ["2010-12-27T00:00:00Z", "2010-12-27T23:59:59Z"], "wnes_geometry": ["20.565", "62.634", "29.663", "58.142"], "SizeMBDataGranule": "1067.23", "checksum": "3f618cab1d429d7afeee19a8ad8ccde7", "format": "Binary"}, "lpvex_RADAR_KERAVA_RAW_20101228.tar.gz": {"temporal": ["2010-12-28T00:00:00Z", "2010-12-28T23:59:59Z"], "wnes_geometry": ["20.565", "62.634", "29.663", "58.142"], "SizeMBDataGranule": "968.95", "checksum": "5348f3a5971ffe152f2abee3b50c7c5d", "format": "Binary"}, "lpvex_RADAR_KERAVA_RAW_20101229.tar.gz": {"temporal": ["2010-12-29T00:00:00Z", "2010-12-29T23:59:59Z"], "wnes_geometry": ["20.565", "62.634", "29.663", "58.142"], "SizeMBDataGranule": "736.06", "checksum": "5b9206a19c9467aa767a96c48a4ff1e1", "format": "Binary"}, "lpvex_RADAR_KERAVA_RAW_20101230.tar.gz": {"temporal": ["2010-12-30T00:00:00Z", "2010-12-30T23:59:59Z"], "wnes_geometry": ["20.565", "62.634", "29.663", "58.142"], "SizeMBDataGranule": "1259.77", "checksum": "996efa0925b635df5a5f98bbb9cc5284", "format": "Binary"}, "lpvex_RADAR_KERAVA_RAW_20101231.tar.gz": {"temporal": ["2010-12-31T00:00:00Z", "2010-12-31T23:59:59Z"], "wnes_geometry": ["20.565", "62.634", "29.663", "58.142"], "SizeMBDataGranule": "887.91", "checksum": "c02ada1c33cc33ed4ab83c101ba4506c", "format": "Binary"}, "lpvex_RADAR_KERAVA_RAW_20101101.tar.gz": {"temporal": ["2010-11-01T00:00:00Z", "2010-11-01T23:59:59Z"], "wnes_geometry": ["20.565", "62.634", "29.663", "58.142"], "SizeMBDataGranule": "1841.62", "checksum": "deba2984d7ebb5ead8a28b1512b4fba0", "format": "Binary"}, "lpvex_RADAR_KERAVA_RAW_20101102.tar.gz": {"temporal": ["2010-11-02T00:00:00Z", "2010-11-02T23:59:59Z"], "wnes_geometry": ["20.565", "62.634", "29.663", "58.142"], "SizeMBDataGranule": "1704.43", "checksum": "7d23d84b2782bea917ddc5ea7f4172d4", "format": "Binary"}, "lpvex_RADAR_KERAVA_RAW_20101103.tar.gz": {"temporal": ["2010-11-03T00:00:00Z", "2010-11-03T23:59:59Z"], "wnes_geometry": ["20.565", "62.634", "29.663", "58.142"], "SizeMBDataGranule": "4145.71", "checksum": "9303478449902bb28d6b8820c7a842de", "format": "Binary"}, "lpvex_RADAR_KERAVA_RAW_20101104.tar.gz": {"temporal": ["2010-11-04T00:00:00Z", "2010-11-04T23:59:59Z"], "wnes_geometry": ["20.565", "62.634", "29.663", "58.142"], "SizeMBDataGranule": "2373.72", "checksum": "af47d8556d1cc9c398b8ef4a65f6b1b5", "format": "Binary"}, "lpvex_RADAR_KERAVA_RAW_20101105.tar.gz": {"temporal": ["2010-11-05T00:00:00Z", "2010-11-05T23:59:59Z"], "wnes_geometry": ["20.565", "62.634", "29.663", "58.142"], "SizeMBDataGranule": "1597.61", "checksum": "777da597d5df653fedc5b9d24a310997", "format": "Binary"}, "lpvex_RADAR_KERAVA_RAW_20101106.tar.gz": {"temporal": ["2010-11-06T00:00:00Z", "2010-11-06T23:59:59Z"], "wnes_geometry": ["20.565", "62.634", "29.663", "58.142"], "SizeMBDataGranule": "2346.39", "checksum": "f56430424f3a857f4e2885f809a374c9", "format": "Binary"}, "lpvex_RADAR_KERAVA_RAW_20101107.tar.gz": {"temporal": ["2010-11-07T00:00:00Z", "2010-11-07T23:59:59Z"], "wnes_geometry": ["20.565", "62.634", "29.663", "58.142"], "SizeMBDataGranule": "1582.4", "checksum": "fd59901c40f618cf22b51ae193d5c0c5", "format": "Binary"}, "lpvex_RADAR_KERAVA_RAW_20101108.tar.gz": {"temporal": ["2010-11-08T00:00:00Z", "2010-11-08T23:59:59Z"], "wnes_geometry": ["20.565", "62.634", "29.663", "58.142"], "SizeMBDataGranule": "1262.76", "checksum": "8f99724bb0e564620ab94f7f7e440dc1", "format": "Binary"}, "lpvex_RADAR_KERAVA_RAW_20101109.tar.gz": {"temporal": ["2010-11-09T00:00:00Z", "2010-11-09T23:59:59Z"], "wnes_geometry": ["20.565", "62.634", "29.663", "58.142"], "SizeMBDataGranule": "3521.46", "checksum": "36d41f8645f2aebbc044c3ab06885215", "format": "Binary"}, "lpvex_RADAR_KERAVA_RAW_20101110.tar.gz": {"temporal": ["2010-11-10T00:00:00Z", "2010-11-10T23:59:59Z"], "wnes_geometry": ["20.565", "62.634", "29.663", "58.142"], "SizeMBDataGranule": "1807.11", "checksum": "569bc7a5408eb896c0b6af311820d7d2", "format": "Binary"}, "lpvex_RADAR_KERAVA_RAW_20101111.tar.gz": {"temporal": ["2010-11-11T00:00:00Z", "2010-11-11T23:59:59Z"], "wnes_geometry": ["20.565", "62.634", "29.663", "58.142"], "SizeMBDataGranule": "2285.09", "checksum": "3f9b416e026db6fbc871eb3b79b54218", "format": "Binary"}, "lpvex_RADAR_KERAVA_RAW_20101112.tar.gz": {"temporal": ["2010-11-12T00:00:00Z", "2010-11-12T23:59:59Z"], "wnes_geometry": ["20.565", "62.634", "29.663", "58.142"], "SizeMBDataGranule": "588.15", "checksum": "c8183478d6bd895fb4274616c4bb3c02", "format": "Binary"}, "lpvex_RADAR_KERAVA_RAW_20101115.tar.gz": {"temporal": ["2010-11-15T00:00:00Z", "2010-11-15T23:59:59Z"], "wnes_geometry": ["20.565", "62.634", "29.663", "58.142"], "SizeMBDataGranule": "35.98", "checksum": "1e04c629c6a9607ee2e477f1fca50477", "format": "Binary"}, "lpvex_RADAR_KERAVA_RAW_20101117.tar.gz": {"temporal": ["2010-11-17T00:00:00Z", "2010-11-17T23:59:59Z"], "wnes_geometry": ["20.565", "62.634", "29.663", "58.142"], "SizeMBDataGranule": "1169.44", "checksum": "897b0cffab80ef8b033a189e5d15a265", "format": "Binary"}, "lpvex_RADAR_KERAVA_RAW_20101118.tar.gz": {"temporal": ["2010-11-18T00:00:00Z", "2010-11-18T23:59:59Z"], "wnes_geometry": ["20.565", "62.634", "29.663", "58.142"], "SizeMBDataGranule": "3936.5", "checksum": "264c15e75afc5b891b3691f8e51e7995", "format": "Binary"}, "lpvex_RADAR_KERAVA_RAW_20101119.tar.gz": {"temporal": ["2010-11-19T00:00:00Z", "2010-11-19T23:59:59Z"], "wnes_geometry": ["20.565", "62.634", "29.663", "58.142"], "SizeMBDataGranule": "1416.68", "checksum": "5c3efc3f3ae6f3a56bc4d582f0755b5d", "format": "Binary"}, "lpvex_RADAR_KERAVA_RAW_20101120.tar.gz": {"temporal": ["2010-11-20T00:00:00Z", "2010-11-20T23:59:59Z"], "wnes_geometry": ["20.565", "62.634", "29.663", "58.142"], "SizeMBDataGranule": "3176.19", "checksum": "5f2b1831e5f9d3fdfe79c59e219567b8", "format": "Binary"}, "lpvex_RADAR_KERAVA_RAW_20101121.tar.gz": {"temporal": ["2010-11-21T00:00:00Z", "2010-11-21T23:59:59Z"], "wnes_geometry": ["20.565", "62.634", "29.663", "58.142"], "SizeMBDataGranule": "2156.72", "checksum": "5939ff6bd6f253ae9f2ac1f6e74fbc0b", "format": "Binary"}, "lpvex_RADAR_KERAVA_RAW_20101122.tar.gz": {"temporal": ["2010-11-22T00:00:00Z", "2010-11-22T23:59:59Z"], "wnes_geometry": ["20.565", "62.634", "29.663", "58.142"], "SizeMBDataGranule": "1703.11", "checksum": "f58230e9088fd9c468123f83097d90f3", "format": "Binary"}, "lpvex_RADAR_KERAVA_RAW_20101123.tar.gz": {"temporal": ["2010-11-23T00:00:00Z", "2010-11-23T23:59:59Z"], "wnes_geometry": ["20.565", "62.634", "29.663", "58.142"], "SizeMBDataGranule": "2146.04", "checksum": "3cd0cde52dbc86ed8fbba42fef66c106", "format": "Binary"}, "lpvex_RADAR_KERAVA_RAW_20101124.tar.gz": {"temporal": ["2010-11-24T00:00:00Z", "2010-11-24T23:59:59Z"], "wnes_geometry": ["20.565", "62.634", "29.663", "58.142"], "SizeMBDataGranule": "2590.48", "checksum": "d3c9a5670a94b9ecee9d0ea3c65b5b38", "format": "Binary"}, "lpvex_RADAR_KERAVA_RAW_20101125.tar.gz": {"temporal": ["2010-11-25T00:00:00Z", "2010-11-25T23:59:59Z"], "wnes_geometry": ["20.565", "62.634", "29.663", "58.142"], "SizeMBDataGranule": "1598.94", "checksum": "b9b6ab6cadfd5adf6b5c7951a7836ee4", "format": "Binary"}, "lpvex_RADAR_KERAVA_RAW_20101126.tar.gz": {"temporal": ["2010-11-26T00:00:00Z", "2010-11-26T23:59:59Z"], "wnes_geometry": ["20.565", "62.634", "29.663", "58.142"], "SizeMBDataGranule": "1263.38", "checksum": "befa1d521560f82ddc690cb465893f43", "format": "Binary"}, "lpvex_RADAR_KERAVA_RAW_20101127.tar.gz": {"temporal": ["2010-11-27T00:00:00Z", "2010-11-27T23:59:59Z"], "wnes_geometry": ["20.565", "62.634", "29.663", "58.142"], "SizeMBDataGranule": "1802.6", "checksum": "6b23268df71036a0d330afed5826a1c5", "format": "Binary"}, "lpvex_RADAR_KERAVA_RAW_20101128.tar.gz": {"temporal": ["2010-11-28T00:00:00Z", "2010-11-28T23:59:59Z"], "wnes_geometry": ["20.565", "62.634", "29.663", "58.142"], "SizeMBDataGranule": "1189.21", "checksum": "8c7439602d9f92b4d9e406c1233ce127", "format": "Binary"}, "lpvex_RADAR_KERAVA_RAW_20101129.tar.gz": {"temporal": ["2010-11-29T00:00:00Z", "2010-11-29T23:59:59Z"], "wnes_geometry": ["20.565", "62.634", "29.663", "58.142"], "SizeMBDataGranule": "1200.07", "checksum": "bae7759e9c2d07bcf27e6b308ca8214b", "format": "Binary"}, "lpvex_RADAR_KERAVA_RAW_20101130.tar.gz": {"temporal": ["2010-11-30T00:00:00Z", "2010-11-30T23:59:59Z"], "wnes_geometry": ["20.565", "62.634", "29.663", "58.142"], "SizeMBDataGranule": "1175.71", "checksum": "8238018834f49d4049ad4d3ae3813aac", "format": "Binary"}, "lpvex_RADAR_KERAVA_RAW_20101001.tar.gz": {"temporal": ["2010-10-01T00:00:00Z", "2010-10-01T23:59:59Z"], "wnes_geometry": ["20.565", "62.634", "29.663", "58.142"], "SizeMBDataGranule": "2218.8", "checksum": "de33451a52d287a2ee1bba4e1226519a", "format": "Binary"}, "lpvex_RADAR_KERAVA_RAW_20101002.tar.gz": {"temporal": ["2010-10-02T00:00:00Z", "2010-10-02T23:59:59Z"], "wnes_geometry": ["20.565", "62.634", "29.663", "58.142"], "SizeMBDataGranule": "2045.52", "checksum": "fcc84e78034e5e009885f457b1c4038d", "format": "Binary"}, "lpvex_RADAR_KERAVA_RAW_20101003.tar.gz": {"temporal": ["2010-10-03T00:00:00Z", "2010-10-03T23:59:59Z"], "wnes_geometry": ["20.565", "62.634", "29.663", "58.142"], "SizeMBDataGranule": "1928.96", "checksum": "7c80d71fe50cd8b3bedc7f2801248b86", "format": "Binary"}, "lpvex_RADAR_KERAVA_RAW_20101004.tar.gz": {"temporal": ["2010-10-04T00:00:00Z", "2010-10-04T23:59:59Z"], "wnes_geometry": ["20.565", "62.634", "29.663", "58.142"], "SizeMBDataGranule": "1332.67", "checksum": "f826e124bc48fde8a07970bb99ca5516", "format": "Binary"}, "lpvex_RADAR_KERAVA_RAW_20101005.tar.gz": {"temporal": ["2010-10-05T00:00:00Z", "2010-10-05T23:59:59Z"], "wnes_geometry": ["20.565", "62.634", "29.663", "58.142"], "SizeMBDataGranule": "751.84", "checksum": "eb1d72c0ca7e52b9cbba75b84c77b22b", "format": "Binary"}, "lpvex_RADAR_KERAVA_RAW_20101006.tar.gz": {"temporal": ["2010-10-06T00:00:00Z", "2010-10-06T23:59:59Z"], "wnes_geometry": ["20.565", "62.634", "29.663", "58.142"], "SizeMBDataGranule": "680.96", "checksum": "06ad4aba9baadeb4c03974aac9fb3c16", "format": "Binary"}, "lpvex_RADAR_KERAVA_RAW_20101007.tar.gz": {"temporal": ["2010-10-07T00:00:00Z", "2010-10-07T23:59:59Z"], "wnes_geometry": ["20.565", "62.634", "29.663", "58.142"], "SizeMBDataGranule": "686.89", "checksum": "890a69e001d1c9487678269c5b0d4602", "format": "Binary"}, "lpvex_RADAR_KERAVA_RAW_20101008.tar.gz": {"temporal": ["2010-10-08T00:00:00Z", "2010-10-08T23:59:59Z"], "wnes_geometry": ["20.565", "62.634", "29.663", "58.142"], "SizeMBDataGranule": "790.51", "checksum": "93024565dd6bd893199b7149ae5b9500", "format": "Binary"}, "lpvex_RADAR_KERAVA_RAW_20101009.tar.gz": {"temporal": ["2010-10-09T00:00:00Z", "2010-10-09T23:59:59Z"], "wnes_geometry": ["20.565", "62.634", "29.663", "58.142"], "SizeMBDataGranule": "688.82", "checksum": "6995a376f7241eb16737188d0409f381", "format": "Binary"}, "lpvex_RADAR_KERAVA_RAW_20101010.tar.gz": {"temporal": ["2010-10-10T00:00:00Z", "2010-10-10T23:59:59Z"], "wnes_geometry": ["20.565", "62.634", "29.663", "58.142"], "SizeMBDataGranule": "2331.71", "checksum": "b51539c63f6efcac1948274dce4809ba", "format": "Binary"}, "lpvex_RADAR_KERAVA_RAW_20101011.tar.gz": {"temporal": ["2010-10-11T00:00:00Z", "2010-10-11T23:59:59Z"], "wnes_geometry": ["20.565", "62.634", "29.663", "58.142"], "SizeMBDataGranule": "2948.82", "checksum": "e23cc9021ede4787720b1a5e9fa8dd81", "format": "Binary"}, "lpvex_RADAR_KERAVA_RAW_20101012.tar.gz": {"temporal": ["2010-10-12T00:00:00Z", "2010-10-12T23:59:59Z"], "wnes_geometry": ["20.565", "62.634", "29.663", "58.142"], "SizeMBDataGranule": "2704.54", "checksum": "75a7da9420c8b2ae5d99424952fc60d5", "format": "Binary"}, "lpvex_RADAR_KERAVA_RAW_20101013.tar.gz": {"temporal": ["2010-10-13T00:00:00Z", "2010-10-13T23:59:59Z"], "wnes_geometry": ["20.565", "62.634", "29.663", "58.142"], "SizeMBDataGranule": "2199.12", "checksum": "ccfcad65b10f14f1a2af0e259e00ba27", "format": "Binary"}, "lpvex_RADAR_KERAVA_RAW_20101014.tar.gz": {"temporal": ["2010-10-14T00:00:00Z", "2010-10-14T23:59:59Z"], "wnes_geometry": ["20.565", "62.634", "29.663", "58.142"], "SizeMBDataGranule": "3106.3", "checksum": "11be34d726e103d2ca1373aafb6b52de", "format": "Binary"}, "lpvex_RADAR_KERAVA_RAW_20101015.tar.gz": {"temporal": ["2010-10-15T00:00:00Z", "2010-10-15T23:59:59Z"], "wnes_geometry": ["20.565", "62.634", "29.663", "58.142"], "SizeMBDataGranule": "928.46", "checksum": "045cca470c037bedaeb04d29fc92a3a5", "format": "Binary"}, "lpvex_RADAR_KERAVA_RAW_20101016.tar.gz": {"temporal": ["2010-10-16T00:00:00Z", "2010-10-16T23:59:59Z"], "wnes_geometry": ["20.565", "62.634", "29.663", "58.142"], "SizeMBDataGranule": "1260.78", "checksum": "fbbde80be2670129b594910a59231914", "format": "Binary"}, "lpvex_RADAR_KERAVA_RAW_20101017.tar.gz": {"temporal": ["2010-10-17T00:00:00Z", "2010-10-17T23:59:59Z"], "wnes_geometry": ["20.565", "62.634", "29.663", "58.142"], "SizeMBDataGranule": "842.2", "checksum": "5bd3bc93ca98bdbed6be12638b9e2620", "format": "Binary"}, "lpvex_RADAR_KERAVA_RAW_20101018.tar.gz": {"temporal": ["2010-10-18T00:00:00Z", "2010-10-18T23:59:59Z"], "wnes_geometry": ["20.565", "62.634", "29.663", "58.142"], "SizeMBDataGranule": "1493.43", "checksum": "25c21e15d9a2275263b475572ae609d3", "format": "Binary"}, "lpvex_RADAR_KERAVA_RAW_20101019.tar.gz": {"temporal": ["2010-10-19T00:00:00Z", "2010-10-19T23:59:59Z"], "wnes_geometry": ["20.565", "62.634", "29.663", "58.142"], "SizeMBDataGranule": "2927.41", "checksum": "51f5ebbc000e1a1b07f1ef31728aa276", "format": "Binary"}, "lpvex_RADAR_KERAVA_RAW_20101020.tar.gz": {"temporal": ["2010-10-20T00:02:55Z", "2010-10-20T23:59:48Z"], "wnes_geometry": ["20.565", "62.634", "29.663", "58.142"], "SizeMBDataGranule": "4132.27", "checksum": "c3f122ae18a2476a3e3b02319b480561", "format": "Binary"}, "lpvex_RADAR_KERAVA_RAW_20101021.tar.gz": {"temporal": ["2010-10-21T00:00:00Z", "2010-10-21T23:59:59Z"], "wnes_geometry": ["20.565", "62.634", "29.663", "58.142"], "SizeMBDataGranule": "2567.39", "checksum": "81604114253f6399bf01ae3421878a1d", "format": "Binary"}, "lpvex_RADAR_KERAVA_RAW_20101022.tar.gz": {"temporal": ["2010-10-22T00:00:00Z", "2010-10-22T23:59:59Z"], "wnes_geometry": ["20.565", "62.634", "29.663", "58.142"], "SizeMBDataGranule": "556.86", "checksum": "c355c772d364c7147859fcec75331a59", "format": "Binary"}, "lpvex_RADAR_KERAVA_RAW_20101025.tar.gz": {"temporal": ["2010-10-25T00:00:00Z", "2010-10-25T23:59:59Z"], "wnes_geometry": ["20.565", "62.634", "29.663", "58.142"], "SizeMBDataGranule": "542.13", "checksum": "d36db75ae7a6ca9337e8bc0868100506", "format": "Binary"}, "lpvex_RADAR_KERAVA_RAW_20101026.tar.gz": {"temporal": ["2010-10-26T00:00:00Z", "2010-10-26T23:59:59Z"], "wnes_geometry": ["20.565", "62.634", "29.663", "58.142"], "SizeMBDataGranule": "1289.2", "checksum": "4011969c3be59a5241158ced23d58304", "format": "Binary"}, "lpvex_RADAR_KERAVA_RAW_20101027.tar.gz": {"temporal": ["2010-10-27T00:00:00Z", "2010-10-27T23:59:59Z"], "wnes_geometry": ["20.565", "62.634", "29.663", "58.142"], "SizeMBDataGranule": "2060.78", "checksum": "c7236b6616c8be4bd1d3f31d8727e61b", "format": "Binary"}, "lpvex_RADAR_KERAVA_RAW_20101028.tar.gz": {"temporal": ["2010-10-28T00:00:00Z", "2010-10-28T23:59:59Z"], "wnes_geometry": ["20.565", "62.634", "29.663", "58.142"], "SizeMBDataGranule": "2647.1", "checksum": "8bfc0a6c71bf05fa974b41c20d3dc353", "format": "Binary"}, "lpvex_RADAR_KERAVA_RAW_20101029.tar.gz": {"temporal": ["2010-10-29T00:00:00Z", "2010-10-29T23:59:59Z"], "wnes_geometry": ["20.565", "62.634", "29.663", "58.142"], "SizeMBDataGranule": "1657.29", "checksum": "6fb41a9068ed9564165ff0f91ea75ac3", "format": "Binary"}, "lpvex_RADAR_KERAVA_RAW_20101030.tar.gz": {"temporal": ["2010-10-30T00:00:00Z", "2010-10-30T23:59:59Z"], "wnes_geometry": ["20.565", "62.634", "29.663", "58.142"], "SizeMBDataGranule": "2448.71", "checksum": "5250d720a7f8fe1cc3e02374ae1c28c7", "format": "Binary"}, "lpvex_RADAR_KERAVA_RAW_20101031.tar.gz": {"temporal": ["2010-10-31T00:00:00Z", "2010-10-31T23:59:59Z"], "wnes_geometry": ["20.565", "62.634", "29.663", "58.142"], "SizeMBDataGranule": "1917.51", "checksum": "7badc822c730e6cbc8389d369d5d4e28", "format": "Binary"}, "lpvex_RADAR_KERAVA_RAW_20100901.tar.gz": {"temporal": ["2010-09-01T00:00:00Z", "2010-09-01T23:59:59Z"], "wnes_geometry": ["20.565", "62.634", "29.663", "58.142"], "SizeMBDataGranule": "1832.62", "checksum": "7d4b3f294f6550716e0b262ae75ec78f", "format": "Binary"}, "lpvex_RADAR_KERAVA_RAW_20100902.tar.gz": {"temporal": ["2010-09-02T00:00:00Z", "2010-09-02T23:59:59Z"], "wnes_geometry": ["20.565", "62.634", "29.663", "58.142"], "SizeMBDataGranule": "2170.51", "checksum": "fff96de7a0b42e365db3b40b343874f0", "format": "Binary"}, "lpvex_RADAR_KERAVA_RAW_20100903.tar.gz": {"temporal": ["2010-09-03T00:00:00Z", "2010-09-03T23:59:59Z"], "wnes_geometry": ["20.565", "62.634", "29.663", "58.142"], "SizeMBDataGranule": "2605.67", "checksum": "820b5f145049384be1e8db918a9fea70", "format": "Binary"}, "lpvex_RADAR_KERAVA_RAW_20100904.tar.gz": {"temporal": ["2010-09-04T00:00:00Z", "2010-09-04T23:59:59Z"], "wnes_geometry": ["20.565", "62.634", "29.663", "58.142"], "SizeMBDataGranule": "1766.16", "checksum": "502d79ab3ec45f3ffa80237cf7cfb921", "format": "Binary"}, "lpvex_RADAR_KERAVA_RAW_20100905.tar.gz": {"temporal": ["2010-09-05T00:00:00Z", "2010-09-05T23:59:59Z"], "wnes_geometry": ["20.565", "62.634", "29.663", "58.142"], "SizeMBDataGranule": "2045.74", "checksum": "0a2d185e53dea102bf0928ea1ba7b106", "format": "Binary"}, "lpvex_RADAR_KERAVA_RAW_20100906.tar.gz": {"temporal": ["2010-09-06T00:00:00Z", "2010-09-06T23:59:59Z"], "wnes_geometry": ["20.565", "62.634", "29.663", "58.142"], "SizeMBDataGranule": "1718.8", "checksum": "a3b4ac49c0199a33ce71bd8652ba014c", "format": "Binary"}, "lpvex_RADAR_KERAVA_RAW_20100907.tar.gz": {"temporal": ["2010-09-07T00:00:00Z", "2010-09-07T23:59:59Z"], "wnes_geometry": ["20.565", "62.634", "29.663", "58.142"], "SizeMBDataGranule": "1669.65", "checksum": "bca9854f5b9bbd33d4129ea6a8306d5f", "format": "Binary"}, "lpvex_RADAR_KERAVA_RAW_20100908.tar.gz": {"temporal": ["2010-09-08T00:00:00Z", "2010-09-08T23:59:59Z"], "wnes_geometry": ["20.565", "62.634", "29.663", "58.142"], "SizeMBDataGranule": "1694.67", "checksum": "f7f08cac68aede9d3dc54a101d5b5e1b", "format": "Binary"}, "lpvex_RADAR_KERAVA_RAW_20100909.tar.gz": {"temporal": ["2010-09-09T00:00:00Z", "2010-09-09T23:59:59Z"], "wnes_geometry": ["20.565", "62.634", "29.663", "58.142"], "SizeMBDataGranule": "1735.35", "checksum": "1bf3cdf66729d2887ac48bce3b65ccb7", "format": "Binary"}, "lpvex_RADAR_KERAVA_RAW_20100910.tar.gz": {"temporal": ["2010-09-10T00:00:00Z", "2010-09-10T23:59:59Z"], "wnes_geometry": ["20.565", "62.634", "29.663", "58.142"], "SizeMBDataGranule": "1892.0", "checksum": "ad2d3cc426a0822a988a5989158d5efc", "format": "Binary"}, "lpvex_RADAR_KERAVA_RAW_20100911.tar.gz": {"temporal": ["2010-09-11T00:00:00Z", "2010-09-11T23:59:59Z"], "wnes_geometry": ["20.565", "62.634", "29.663", "58.142"], "SizeMBDataGranule": "1864.77", "checksum": "e0749bd7e0c852511109ac28f59a7c82", "format": "Binary"}, "lpvex_RADAR_KERAVA_RAW_20100912.tar.gz": {"temporal": ["2010-09-12T00:00:00Z", "2010-09-12T23:59:59Z"], "wnes_geometry": ["20.565", "62.634", "29.663", "58.142"], "SizeMBDataGranule": "1705.61", "checksum": "0074f8871adbce35a00fe4ef6b926282", "format": "Binary"}, "lpvex_RADAR_KERAVA_RAW_20100913.tar.gz": {"temporal": ["2010-09-13T00:00:00Z", "2010-09-13T23:59:59Z"], "wnes_geometry": ["20.565", "62.634", "29.663", "58.142"], "SizeMBDataGranule": "1859.59", "checksum": "7c80f742954be6bfec4efdb72e30b6d2", "format": "Binary"}, "lpvex_RADAR_KERAVA_RAW_20100914.tar.gz": {"temporal": ["2010-09-14T00:00:00Z", "2010-09-14T23:59:59Z"], "wnes_geometry": ["20.565", "62.634", "29.663", "58.142"], "SizeMBDataGranule": "1736.29", "checksum": "f9a5771a86f1c6a3da151289e62dc0c9", "format": "Binary"}, "lpvex_RADAR_KERAVA_RAW_20100915.tar.gz": {"temporal": ["2010-09-15T00:00:00Z", "2010-09-15T23:59:59Z"], "wnes_geometry": ["20.565", "62.634", "29.663", "58.142"], "SizeMBDataGranule": "2083.7", "checksum": "ff852151d3fe8fe7013e725f80bf7ac6", "format": "Binary"}, "lpvex_RADAR_KERAVA_RAW_20100916.tar.gz": {"temporal": ["2010-09-16T00:00:00Z", "2010-09-16T23:59:59Z"], "wnes_geometry": ["20.565", "62.634", "29.663", "58.142"], "SizeMBDataGranule": "1759.22", "checksum": "ea0afd2cb1fec773ba0dce16d0c8e156", "format": "Binary"}, "lpvex_RADAR_KERAVA_RAW_20100917.tar.gz": {"temporal": ["2010-09-17T00:00:00Z", "2010-09-17T23:59:59Z"], "wnes_geometry": ["20.565", "62.634", "29.663", "58.142"], "SizeMBDataGranule": "1969.9", "checksum": "93d25c3a9a9a4e42a9c08d7e5672f1a2", "format": "Binary"}, "lpvex_RADAR_KERAVA_RAW_20100918.tar.gz": {"temporal": ["2010-09-18T00:00:00Z", "2010-09-18T23:59:59Z"], "wnes_geometry": ["20.565", "62.634", "29.663", "58.142"], "SizeMBDataGranule": "2604.53", "checksum": "c7c773a78ee48ca0684421d6ad7b75ca", "format": "Binary"}, "lpvex_RADAR_KERAVA_RAW_20100919.tar.gz": {"temporal": ["2010-09-19T00:00:00Z", "2010-09-19T23:59:59Z"], "wnes_geometry": ["20.565", "62.634", "29.663", "58.142"], "SizeMBDataGranule": "2659.06", "checksum": "2e85ec2d133c09d1e821fa1ce100b3bd", "format": "Binary"}, "lpvex_RADAR_KERAVA_RAW_20100920.tar.gz": {"temporal": ["2010-09-20T00:00:00Z", "2010-09-20T23:59:59Z"], "wnes_geometry": ["20.565", "62.634", "29.663", "58.142"], "SizeMBDataGranule": "2024.63", "checksum": "d274a8362cb15c4c646844b3d666d066", "format": "Binary"}, "lpvex_RADAR_KERAVA_RAW_20100921.tar.gz": {"temporal": ["2010-09-21T00:00:04Z", "2010-09-22T00:00:00Z"], "wnes_geometry": ["22.999", "61.055", "27.341", "59.264"], "SizeMBDataGranule": "4021.45", "checksum": "6f3efcdf872ce429511be9db0150e51b", "format": "Binary"}, "lpvex_RADAR_KERAVA_RAW_20100922.tar.gz": {"temporal": ["2010-09-22T00:00:00Z", "2010-09-22T23:59:59Z"], "wnes_geometry": ["20.565", "62.634", "29.663", "58.142"], "SizeMBDataGranule": "2262.21", "checksum": "6a9f84184676ab6e6972b7cf294d973a", "format": "Binary"}, "lpvex_RADAR_KERAVA_RAW_20100923.tar.gz": {"temporal": ["2010-09-23T00:00:00Z", "2010-09-23T23:59:59Z"], "wnes_geometry": ["20.565", "62.634", "29.663", "58.142"], "SizeMBDataGranule": "2189.67", "checksum": "97758fa59c713b24e45312864e70a0cd", "format": "Binary"}, "lpvex_RADAR_KERAVA_RAW_20100924.tar.gz": {"temporal": ["2010-09-24T00:00:00Z", "2010-09-24T23:59:59Z"], "wnes_geometry": ["20.565", "62.634", "29.663", "58.142"], "SizeMBDataGranule": "1975.03", "checksum": "f286b397b9599b413aa987f2b968f5c9", "format": "Binary"}, "lpvex_RADAR_KERAVA_RAW_20100925.tar.gz": {"temporal": ["2010-09-25T00:00:00Z", "2010-09-25T23:59:59Z"], "wnes_geometry": ["20.565", "62.634", "29.663", "58.142"], "SizeMBDataGranule": "2346.04", "checksum": "d361046b7d5fe206c446010e7d736daf", "format": "Binary"}, "lpvex_RADAR_KERAVA_RAW_20100926.tar.gz": {"temporal": ["2010-09-26T00:00:00Z", "2010-09-26T23:59:59Z"], "wnes_geometry": ["20.565", "62.634", "29.663", "58.142"], "SizeMBDataGranule": "2672.93", "checksum": "236bc3553839ca13771e615c1ce7dad7", "format": "Binary"}, "lpvex_RADAR_KERAVA_RAW_20100927.tar.gz": {"temporal": ["2010-09-27T00:00:00Z", "2010-09-27T23:59:59Z"], "wnes_geometry": ["20.565", "62.634", "29.663", "58.142"], "SizeMBDataGranule": "2711.84", "checksum": "3c8ecd78b563c87bddf5fbc8fb9d5139", "format": "Binary"}, "lpvex_RADAR_KERAVA_RAW_20100928.tar.gz": {"temporal": ["2010-09-28T00:00:00Z", "2010-09-28T23:59:59Z"], "wnes_geometry": ["20.565", "62.634", "29.663", "58.142"], "SizeMBDataGranule": "2439.49", "checksum": "d51b8f6e5319127d149640daec3d9829", "format": "Binary"}, "lpvex_RADAR_KERAVA_RAW_20100929.tar.gz": {"temporal": ["2010-09-29T00:00:00Z", "2010-09-29T23:59:59Z"], "wnes_geometry": ["20.565", "62.634", "29.663", "58.142"], "SizeMBDataGranule": "2142.33", "checksum": "40d7334c1625661d9c875596a157fd5e", "format": "Binary"}, "lpvex_RADAR_KERAVA_RAW_20100930.tar.gz": {"temporal": ["2010-09-30T00:00:00Z", "2010-09-30T23:59:59Z"], "wnes_geometry": ["20.565", "62.634", "29.663", "58.142"], "SizeMBDataGranule": "2323.32", "checksum": "fa2640ba086662f69a5f6dc97a2f01f4", "format": "Binary"}}