{"lpvex_RADAR_VANTAA_RAW_20110101.tar.gz": {"temporal": ["2011-01-01T00:00:00Z", "2011-01-01T23:59:59Z"], "wnes_geometry": ["24.896", "60.342", "24.916", "60.322"], "SizeMBDataGranule": "2229.87", "checksum": "615789df116804675a905d9adfea006e", "format": "Binary"}, "lpvex_RADAR_VANTAA_RAW_20110102.tar.gz": {"temporal": ["2011-01-02T00:00:00Z", "2011-01-02T23:59:59Z"], "wnes_geometry": ["24.896", "60.342", "24.916", "60.322"], "SizeMBDataGranule": "1836.08", "checksum": "5c9b57b3dd35298c580f11a829ad517a", "format": "Binary"}, "lpvex_RADAR_VANTAA_RAW_20110103.tar.gz": {"temporal": ["2011-01-03T00:00:00Z", "2011-01-03T23:59:59Z"], "wnes_geometry": ["24.896", "60.342", "24.916", "60.322"], "SizeMBDataGranule": "1676.58", "checksum": "ff34ba6453fef0d46275f41628a16b27", "format": "Binary"}, "lpvex_RADAR_VANTAA_RAW_20110104.tar.gz": {"temporal": ["2011-01-04T00:00:00Z", "2011-01-04T23:59:59Z"], "wnes_geometry": ["24.896", "60.342", "24.916", "60.322"], "SizeMBDataGranule": "2042.47", "checksum": "9a9537c4af31598778222ab0ad2ebcb8", "format": "Binary"}, "lpvex_RADAR_VANTAA_RAW_20110105.tar.gz": {"temporal": ["2011-01-05T00:00:00Z", "2011-01-05T23:59:59Z"], "wnes_geometry": ["24.896", "60.342", "24.916", "60.322"], "SizeMBDataGranule": "1690.54", "checksum": "18f0f6d71cbecfb011881537d9ae9d39", "format": "Binary"}, "lpvex_RADAR_VANTAA_RAW_20110106.tar.gz": {"temporal": ["2011-01-06T00:00:00Z", "2011-01-06T23:59:59Z"], "wnes_geometry": ["24.896", "60.342", "24.916", "60.322"], "SizeMBDataGranule": "2313.25", "checksum": "14d993bb233db8792d5f493e37022ab5", "format": "Binary"}, "lpvex_RADAR_VANTAA_RAW_20110107.tar.gz": {"temporal": ["2011-01-07T00:00:00Z", "2011-01-07T23:59:59Z"], "wnes_geometry": ["24.896", "60.342", "24.916", "60.322"], "SizeMBDataGranule": "2508.9", "checksum": "c7c13d04ceff8c4f210e6bc593358928", "format": "Binary"}, "lpvex_RADAR_VANTAA_RAW_20110108.tar.gz": {"temporal": ["2011-01-08T00:00:00Z", "2011-01-08T23:59:59Z"], "wnes_geometry": ["24.896", "60.342", "24.916", "60.322"], "SizeMBDataGranule": "1874.98", "checksum": "3b8d1ec2c115f27c1ac9e6c14cee37c8", "format": "Binary"}, "lpvex_RADAR_VANTAA_RAW_20110109.tar.gz": {"temporal": ["2011-01-09T00:00:00Z", "2011-01-09T23:59:59Z"], "wnes_geometry": ["24.896", "60.342", "24.916", "60.322"], "SizeMBDataGranule": "2914.13", "checksum": "747f007bc49cc2b7f3c429fa052d0e0f", "format": "Binary"}, "lpvex_RADAR_VANTAA_RAW_20110110.tar.gz": {"temporal": ["2011-01-10T00:00:00Z", "2011-01-10T23:59:59Z"], "wnes_geometry": ["24.896", "60.342", "24.916", "60.322"], "SizeMBDataGranule": "1364.49", "checksum": "ac951cfe9634f8b5cad1a157c35da5e1", "format": "Binary"}, "lpvex_RADAR_VANTAA_RAW_20110111.tar.gz": {"temporal": ["2011-01-11T00:00:00Z", "2011-01-11T23:59:59Z"], "wnes_geometry": ["24.896", "60.342", "24.916", "60.322"], "SizeMBDataGranule": "1193.92", "checksum": "b0ecaf2bdd61fbdf79fd3a39bd48abe9", "format": "Binary"}, "lpvex_RADAR_VANTAA_RAW_20110112.tar.gz": {"temporal": ["2011-01-12T00:00:00Z", "2011-01-12T23:59:59Z"], "wnes_geometry": ["24.896", "60.342", "24.916", "60.322"], "SizeMBDataGranule": "1929.01", "checksum": "0d3d14a4ccd0b05d08e063e9da0c0965", "format": "Binary"}, "lpvex_RADAR_VANTAA_RAW_20110113.tar.gz": {"temporal": ["2011-01-13T00:00:00Z", "2011-01-13T23:59:59Z"], "wnes_geometry": ["24.896", "60.342", "24.916", "60.322"], "SizeMBDataGranule": "2588.37", "checksum": "b77fa0f3883083df23d9bc915c8e744c", "format": "Binary"}, "lpvex_RADAR_VANTAA_RAW_20110114.tar.gz": {"temporal": ["2011-01-14T00:00:00Z", "2011-01-14T23:59:59Z"], "wnes_geometry": ["24.896", "60.342", "24.916", "60.322"], "SizeMBDataGranule": "1321.76", "checksum": "135fb147ebc4742b1500bed569e7caf1", "format": "Binary"}, "lpvex_RADAR_VANTAA_RAW_20110115.tar.gz": {"temporal": ["2011-01-15T00:00:00Z", "2011-01-15T23:59:59Z"], "wnes_geometry": ["24.896", "60.342", "24.916", "60.322"], "SizeMBDataGranule": "997.43", "checksum": "4c71b428e1d0689ff55b29cdaa593cbf", "format": "Binary"}, "lpvex_RADAR_VANTAA_RAW_20110116.tar.gz": {"temporal": ["2011-01-16T00:00:00Z", "2011-01-16T23:59:59Z"], "wnes_geometry": ["24.896", "60.342", "24.916", "60.322"], "SizeMBDataGranule": "2553.65", "checksum": "a369d58d26f0936153d99e3bf8cfbbd3", "format": "Binary"}, "lpvex_RADAR_VANTAA_RAW_20110117.tar.gz": {"temporal": ["2011-01-17T00:00:00Z", "2011-01-17T23:59:59Z"], "wnes_geometry": ["24.896", "60.342", "24.916", "60.322"], "SizeMBDataGranule": "1915.46", "checksum": "c88ce74a4ad881ad8e9ef19f46871616", "format": "Binary"}, "lpvex_RADAR_VANTAA_RAW_20110118.tar.gz": {"temporal": ["2011-01-18T00:00:00Z", "2011-01-18T23:59:59Z"], "wnes_geometry": ["24.896", "60.342", "24.916", "60.322"], "SizeMBDataGranule": "2140.38", "checksum": "82c4aa883eb30a2e3af08105593f7e4c", "format": "Binary"}, "lpvex_RADAR_VANTAA_RAW_20110119.tar.gz": {"temporal": ["2011-01-19T00:00:00Z", "2011-01-19T23:59:59Z"], "wnes_geometry": ["24.896", "60.342", "24.916", "60.322"], "SizeMBDataGranule": "2782.81", "checksum": "13e51c884042f1d961f5b27a5e5c0b35", "format": "Binary"}, "lpvex_RADAR_VANTAA_RAW_20110120.tar.gz": {"temporal": ["2011-01-20T00:00:00Z", "2011-01-20T23:59:59Z"], "wnes_geometry": ["24.896", "60.342", "24.916", "60.322"], "SizeMBDataGranule": "2888.36", "checksum": "3037e38b179b9ef8ee722c84cbde0b13", "format": "Binary"}, "lpvex_RADAR_VANTAA_RAW_20110121.tar.gz": {"temporal": ["2011-01-21T00:00:00Z", "2011-01-21T23:59:59Z"], "wnes_geometry": ["24.896", "60.342", "24.916", "60.322"], "SizeMBDataGranule": "1304.98", "checksum": "f5098af954be1b75d3267f2f6ddd7304", "format": "Binary"}, "lpvex_RADAR_VANTAA_RAW_20110122.tar.gz": {"temporal": ["2011-01-22T00:00:00Z", "2011-01-22T23:59:59Z"], "wnes_geometry": ["24.896", "60.342", "24.916", "60.322"], "SizeMBDataGranule": "2288.76", "checksum": "4166381f4038dfff81b5bdad6d804e0d", "format": "Binary"}, "lpvex_RADAR_VANTAA_RAW_20110123.tar.gz": {"temporal": ["2011-01-23T00:00:00Z", "2011-01-23T23:59:59Z"], "wnes_geometry": ["24.896", "60.342", "24.916", "60.322"], "SizeMBDataGranule": "1637.33", "checksum": "18a729f9bf347c9b3d3ba8ed9d7fbdd4", "format": "Binary"}, "lpvex_RADAR_VANTAA_RAW_20110124.tar.gz": {"temporal": ["2011-01-24T00:00:00Z", "2011-01-24T23:59:59Z"], "wnes_geometry": ["24.896", "60.342", "24.916", "60.322"], "SizeMBDataGranule": "2125.72", "checksum": "f24a4e36641e586aff8c950c827c188e", "format": "Binary"}, "lpvex_RADAR_VANTAA_RAW_20110125.tar.gz": {"temporal": ["2011-01-25T00:00:00Z", "2011-01-25T23:59:59Z"], "wnes_geometry": ["24.896", "60.342", "24.916", "60.322"], "SizeMBDataGranule": "2794.94", "checksum": "4b20a4e86c27a67b7bb601528fedb229", "format": "Binary"}, "lpvex_RADAR_VANTAA_RAW_20110126.tar.gz": {"temporal": ["2011-01-26T00:00:00Z", "2011-01-26T23:59:59Z"], "wnes_geometry": ["24.896", "60.342", "24.916", "60.322"], "SizeMBDataGranule": "1149.26", "checksum": "2d7ed81009bf8baeb2932ea8d163b80b", "format": "Binary"}, "lpvex_RADAR_VANTAA_RAW_20110127.tar.gz": {"temporal": ["2011-01-27T00:00:00Z", "2011-01-27T23:59:59Z"], "wnes_geometry": ["24.896", "60.342", "24.916", "60.322"], "SizeMBDataGranule": "1225.61", "checksum": "d1e88696f88f333a575c312ebcb84d5e", "format": "Binary"}, "lpvex_RADAR_VANTAA_RAW_20110128.tar.gz": {"temporal": ["2011-01-28T00:00:00Z", "2011-01-28T23:59:59Z"], "wnes_geometry": ["24.896", "60.342", "24.916", "60.322"], "SizeMBDataGranule": "1181.05", "checksum": "a6b56132c0312ca005de368f4b2be88d", "format": "Binary"}, "lpvex_RADAR_VANTAA_RAW_20110129.tar.gz": {"temporal": ["2011-01-29T00:00:00Z", "2011-01-29T23:59:59Z"], "wnes_geometry": ["24.896", "60.342", "24.916", "60.322"], "SizeMBDataGranule": "1599.71", "checksum": "1f9e4addca4988a1571d3d30f8c0e6bf", "format": "Binary"}, "lpvex_RADAR_VANTAA_RAW_20110130.tar.gz": {"temporal": ["2011-01-30T00:00:00Z", "2011-01-30T23:59:59Z"], "wnes_geometry": ["24.896", "60.342", "24.916", "60.322"], "SizeMBDataGranule": "1223.24", "checksum": "2b2dbdad486736dd166117de985fdb36", "format": "Binary"}, "lpvex_RADAR_VANTAA_RAW_20110131.tar.gz": {"temporal": ["2011-01-31T00:00:00Z", "2011-01-31T23:59:59Z"], "wnes_geometry": ["24.896", "60.342", "24.916", "60.322"], "SizeMBDataGranule": "1462.93", "checksum": "6538bb592de9e7a032876d167ab7dd2e", "format": "Binary"}, "lpvex_RADAR_VANTAA_RAW_20101201.tar.gz": {"temporal": ["2010-12-01T00:00:00Z", "2010-12-01T23:59:59Z"], "wnes_geometry": ["24.896", "60.342", "24.916", "60.322"], "SizeMBDataGranule": "1716.22", "checksum": "fffa1645d91b5649220484f42f2f7823", "format": "Binary"}, "lpvex_RADAR_VANTAA_RAW_20101202.tar.gz": {"temporal": ["2010-12-02T00:00:00Z", "2010-12-02T23:59:59Z"], "wnes_geometry": ["24.896", "60.342", "24.916", "60.322"], "SizeMBDataGranule": "1402.27", "checksum": "98bebe9497fb5ae412b2088c003c33de", "format": "Binary"}, "lpvex_RADAR_VANTAA_RAW_20101203.tar.gz": {"temporal": ["2010-12-03T00:00:00Z", "2010-12-03T23:59:59Z"], "wnes_geometry": ["24.896", "60.342", "24.916", "60.322"], "SizeMBDataGranule": "2310.99", "checksum": "7b3aa1a0507ee79eec9eb9778ff17f72", "format": "Binary"}, "lpvex_RADAR_VANTAA_RAW_20101204.tar.gz": {"temporal": ["2010-12-04T00:00:00Z", "2010-12-04T23:59:59Z"], "wnes_geometry": ["24.896", "60.342", "24.916", "60.322"], "SizeMBDataGranule": "1947.65", "checksum": "abd7c499d77a1b9f2bc77c75208c1716", "format": "Binary"}, "lpvex_RADAR_VANTAA_RAW_20101205.tar.gz": {"temporal": ["2010-12-05T00:00:00Z", "2010-12-05T23:59:59Z"], "wnes_geometry": ["24.896", "60.342", "24.916", "60.322"], "SizeMBDataGranule": "2174.09", "checksum": "36517afcb580b433355336a2f3b88295", "format": "Binary"}, "lpvex_RADAR_VANTAA_RAW_20101206.tar.gz": {"temporal": ["2010-12-06T00:00:00Z", "2010-12-06T23:59:59Z"], "wnes_geometry": ["24.896", "60.342", "24.916", "60.322"], "SizeMBDataGranule": "3402.5", "checksum": "e6b26c4498b9e89185e317708d05e4d3", "format": "Binary"}, "lpvex_RADAR_VANTAA_RAW_20101207.tar.gz": {"temporal": ["2010-12-07T00:00:00Z", "2010-12-07T23:59:59Z"], "wnes_geometry": ["24.896", "60.342", "24.916", "60.322"], "SizeMBDataGranule": "1888.29", "checksum": "12b16461eab425b901c97dfa76f0ca82", "format": "Binary"}, "lpvex_RADAR_VANTAA_RAW_20101208.tar.gz": {"temporal": ["2010-12-08T00:00:00Z", "2010-12-08T23:59:59Z"], "wnes_geometry": ["24.896", "60.342", "24.916", "60.322"], "SizeMBDataGranule": "1173.21", "checksum": "b37b9142173426aaa41a2b019abc837b", "format": "Binary"}, "lpvex_RADAR_VANTAA_RAW_20101209.tar.gz": {"temporal": ["2010-12-09T00:00:00Z", "2010-12-09T23:59:59Z"], "wnes_geometry": ["24.896", "60.342", "24.916", "60.322"], "SizeMBDataGranule": "2998.92", "checksum": "11c6f802065fe3b1790589a73247d23b", "format": "Binary"}, "lpvex_RADAR_VANTAA_RAW_20101210.tar.gz": {"temporal": ["2010-12-10T00:00:00Z", "2010-12-10T23:59:59Z"], "wnes_geometry": ["24.896", "60.342", "24.916", "60.322"], "SizeMBDataGranule": "1855.84", "checksum": "ab8dd3f9348ec532ef194e984de78cb1", "format": "Binary"}, "lpvex_RADAR_VANTAA_RAW_20101211.tar.gz": {"temporal": ["2010-12-11T00:00:00Z", "2010-12-11T23:59:59Z"], "wnes_geometry": ["24.896", "60.342", "24.916", "60.322"], "SizeMBDataGranule": "2971.29", "checksum": "540b0613be8a47f361aa84e60e00a035", "format": "Binary"}, "lpvex_RADAR_VANTAA_RAW_20101212.tar.gz": {"temporal": ["2010-12-12T00:00:00Z", "2010-12-12T23:59:59Z"], "wnes_geometry": ["24.896", "60.342", "24.916", "60.322"], "SizeMBDataGranule": "1766.48", "checksum": "e5ca42f56e7611991ab87fad7b96187e", "format": "Binary"}, "lpvex_RADAR_VANTAA_RAW_20101213.tar.gz": {"temporal": ["2010-12-13T00:00:00Z", "2010-12-13T23:59:59Z"], "wnes_geometry": ["24.896", "60.342", "24.916", "60.322"], "SizeMBDataGranule": "1541.09", "checksum": "86b4c3ca4cb0716294f7838040a710ca", "format": "Binary"}, "lpvex_RADAR_VANTAA_RAW_20101214.tar.gz": {"temporal": ["2010-12-14T00:00:00Z", "2010-12-14T23:59:59Z"], "wnes_geometry": ["24.896", "60.342", "24.916", "60.322"], "SizeMBDataGranule": "1975.33", "checksum": "59b14c614290953e0de5f2122d6c036f", "format": "Binary"}, "lpvex_RADAR_VANTAA_RAW_20101215.tar.gz": {"temporal": ["2010-12-15T00:00:00Z", "2010-12-15T23:59:59Z"], "wnes_geometry": ["24.896", "60.342", "24.916", "60.322"], "SizeMBDataGranule": "1330.11", "checksum": "75dff088b3f728ce54a84dc6a6bf2444", "format": "Binary"}, "lpvex_RADAR_VANTAA_RAW_20101216.tar.gz": {"temporal": ["2010-12-16T00:00:00Z", "2010-12-16T23:59:59Z"], "wnes_geometry": ["24.896", "60.342", "24.916", "60.322"], "SizeMBDataGranule": "1880.63", "checksum": "932365313b7ad6cc30c8c99d869efcc3", "format": "Binary"}, "lpvex_RADAR_VANTAA_RAW_20101217.tar.gz": {"temporal": ["2010-12-17T00:00:00Z", "2010-12-17T23:59:59Z"], "wnes_geometry": ["24.896", "60.342", "24.916", "60.322"], "SizeMBDataGranule": "1776.42", "checksum": "bf00e194a3571e3b3ad93a2ab6618c5e", "format": "Binary"}, "lpvex_RADAR_VANTAA_RAW_20101218.tar.gz": {"temporal": ["2010-12-18T00:00:00Z", "2010-12-18T23:59:59Z"], "wnes_geometry": ["24.896", "60.342", "24.916", "60.322"], "SizeMBDataGranule": "2056.01", "checksum": "b0a654164ea4f6964bb2ddecb298cbd9", "format": "Binary"}, "lpvex_RADAR_VANTAA_RAW_20101219.tar.gz": {"temporal": ["2010-12-19T00:00:00Z", "2010-12-19T23:59:59Z"], "wnes_geometry": ["24.896", "60.342", "24.916", "60.322"], "SizeMBDataGranule": "2913.13", "checksum": "258502083d56ffb7b361ab5c38d7246c", "format": "Binary"}, "lpvex_RADAR_VANTAA_RAW_20101220.tar.gz": {"temporal": ["2010-12-20T00:00:00Z", "2010-12-20T23:59:59Z"], "wnes_geometry": ["24.896", "60.342", "24.916", "60.322"], "SizeMBDataGranule": "1978.99", "checksum": "74afcb1c93e658c6f23c4fb63e663c41", "format": "Binary"}, "lpvex_RADAR_VANTAA_RAW_20101221.tar.gz": {"temporal": ["2010-12-21T00:00:00Z", "2010-12-21T23:59:59Z"], "wnes_geometry": ["24.896", "60.342", "24.916", "60.322"], "SizeMBDataGranule": "1966.09", "checksum": "9e96316835ece23e34adb5c919c35e33", "format": "Binary"}, "lpvex_RADAR_VANTAA_RAW_20101222.tar.gz": {"temporal": ["2010-12-22T00:00:00Z", "2010-12-22T23:59:59Z"], "wnes_geometry": ["24.896", "60.342", "24.916", "60.322"], "SizeMBDataGranule": "1667.68", "checksum": "5371ed0b76f9b02e30c029dc81466fb0", "format": "Binary"}, "lpvex_RADAR_VANTAA_RAW_20101223.tar.gz": {"temporal": ["2010-12-23T00:00:00Z", "2010-12-23T23:59:59Z"], "wnes_geometry": ["24.896", "60.342", "24.916", "60.322"], "SizeMBDataGranule": "1153.01", "checksum": "9ca00ae6189e590a86c8d723b9e5986a", "format": "Binary"}, "lpvex_RADAR_VANTAA_RAW_20101224.tar.gz": {"temporal": ["2010-12-24T00:00:00Z", "2010-12-24T23:59:59Z"], "wnes_geometry": ["24.896", "60.342", "24.916", "60.322"], "SizeMBDataGranule": "1894.02", "checksum": "4cec9377097cce6700306852996b31f2", "format": "Binary"}, "lpvex_RADAR_VANTAA_RAW_20101225.tar.gz": {"temporal": ["2010-12-25T00:00:00Z", "2010-12-25T23:59:59Z"], "wnes_geometry": ["24.896", "60.342", "24.916", "60.322"], "SizeMBDataGranule": "3420.26", "checksum": "94fc177f04858b64e67ec8912309f99d", "format": "Binary"}, "lpvex_RADAR_VANTAA_RAW_20101226.tar.gz": {"temporal": ["2010-12-26T00:00:00Z", "2010-12-26T23:59:59Z"], "wnes_geometry": ["24.896", "60.342", "24.916", "60.322"], "SizeMBDataGranule": "3880.45", "checksum": "43719fc03eccd5e7e528729d901ec5bb", "format": "Binary"}, "lpvex_RADAR_VANTAA_RAW_20101227.tar.gz": {"temporal": ["2010-12-27T00:00:00Z", "2010-12-27T23:59:59Z"], "wnes_geometry": ["24.896", "60.342", "24.916", "60.322"], "SizeMBDataGranule": "2356.5", "checksum": "1334dbe3c3ac6964f1ffe66c647e246b", "format": "Binary"}, "lpvex_RADAR_VANTAA_RAW_20101228.tar.gz": {"temporal": ["2010-12-28T00:00:00Z", "2010-12-28T23:59:59Z"], "wnes_geometry": ["24.896", "60.342", "24.916", "60.322"], "SizeMBDataGranule": "2055.76", "checksum": "029ba6e3cb90cd65fa71f0f678b4d919", "format": "Binary"}, "lpvex_RADAR_VANTAA_RAW_20101229.tar.gz": {"temporal": ["2010-12-29T00:00:00Z", "2010-12-29T23:59:59Z"], "wnes_geometry": ["24.896", "60.342", "24.916", "60.322"], "SizeMBDataGranule": "1367.14", "checksum": "2de01b8b116986a1292b275a4207b598", "format": "Binary"}, "lpvex_RADAR_VANTAA_RAW_20101230.tar.gz": {"temporal": ["2010-12-30T00:00:00Z", "2010-12-30T23:59:59Z"], "wnes_geometry": ["24.896", "60.342", "24.916", "60.322"], "SizeMBDataGranule": "3025.83", "checksum": "5b3fa2cb6a87119f3b39e603b4eec115", "format": "Binary"}, "lpvex_RADAR_VANTAA_RAW_20101231.tar.gz": {"temporal": ["2010-12-31T00:00:00Z", "2010-12-31T23:59:59Z"], "wnes_geometry": ["24.896", "60.342", "24.916", "60.322"], "SizeMBDataGranule": "1801.79", "checksum": "0bb4ffa298b1e634f38dd26f457628b9", "format": "Binary"}, "lpvex_RADAR_VANTAA_RAW_20101101.tar.gz": {"temporal": ["2010-11-01T00:00:00Z", "2010-11-01T23:59:59Z"], "wnes_geometry": ["24.896", "60.342", "24.916", "60.322"], "SizeMBDataGranule": "1449.27", "checksum": "ef6482aacead4430b92c31da7d652b5f", "format": "Binary"}, "lpvex_RADAR_VANTAA_RAW_20101102.tar.gz": {"temporal": ["2010-11-02T00:00:00Z", "2010-11-02T23:59:59Z"], "wnes_geometry": ["24.896", "60.342", "24.916", "60.322"], "SizeMBDataGranule": "1217.87", "checksum": "32a5e314bb6191ada256cedc4fd1dd76", "format": "Binary"}, "lpvex_RADAR_VANTAA_RAW_20101103.tar.gz": {"temporal": ["2010-11-03T00:00:00Z", "2010-11-03T23:59:59Z"], "wnes_geometry": ["24.896", "60.342", "24.916", "60.322"], "SizeMBDataGranule": "2696.17", "checksum": "68ccee4f0475a168176c5acc2bb3b8c6", "format": "Binary"}, "lpvex_RADAR_VANTAA_RAW_20101104.tar.gz": {"temporal": ["2010-11-04T00:00:00Z", "2010-11-04T23:59:59Z"], "wnes_geometry": ["24.896", "60.342", "24.916", "60.322"], "SizeMBDataGranule": "1583.01", "checksum": "3a6a72d69ffd4b0732e819ef077c7251", "format": "Binary"}, "lpvex_RADAR_VANTAA_RAW_20101105.tar.gz": {"temporal": ["2010-11-05T00:00:00Z", "2010-11-05T23:59:59Z"], "wnes_geometry": ["24.896", "60.342", "24.916", "60.322"], "SizeMBDataGranule": "1209.35", "checksum": "ed17e2e45d758ab5d9ba0d3647b3dfd7", "format": "Binary"}, "lpvex_RADAR_VANTAA_RAW_20101106.tar.gz": {"temporal": ["2010-11-06T00:00:00Z", "2010-11-06T23:59:59Z"], "wnes_geometry": ["24.896", "60.342", "24.916", "60.322"], "SizeMBDataGranule": "1595.16", "checksum": "0935e22a004d86bc4e1cb6368a8d020c", "format": "Binary"}, "lpvex_RADAR_VANTAA_RAW_20101107.tar.gz": {"temporal": ["2010-11-07T00:00:00Z", "2010-11-07T23:59:59Z"], "wnes_geometry": ["24.896", "60.342", "24.916", "60.322"], "SizeMBDataGranule": "1161.03", "checksum": "479073aac61fabc98457518c89d5090f", "format": "Binary"}, "lpvex_RADAR_VANTAA_RAW_20101108.tar.gz": {"temporal": ["2010-11-08T00:00:00Z", "2010-11-08T23:59:59Z"], "wnes_geometry": ["24.896", "60.342", "24.916", "60.322"], "SizeMBDataGranule": "1023.39", "checksum": "aef450ee600a72f5bd29a0175509089d", "format": "Binary"}, "lpvex_RADAR_VANTAA_RAW_20101109.tar.gz": {"temporal": ["2010-11-09T00:00:00Z", "2010-11-09T23:59:59Z"], "wnes_geometry": ["24.896", "60.342", "24.916", "60.322"], "SizeMBDataGranule": "3090.88", "checksum": "18e47071bb11d97844e8b3e5c9e3fbc9", "format": "Binary"}, "lpvex_RADAR_VANTAA_RAW_20101110.tar.gz": {"temporal": ["2010-11-10T00:00:00Z", "2010-11-10T23:59:59Z"], "wnes_geometry": ["24.896", "60.342", "24.916", "60.322"], "SizeMBDataGranule": "1628.62", "checksum": "59d72081bfef56e0d892b929161815be", "format": "Binary"}, "lpvex_RADAR_VANTAA_RAW_20101111.tar.gz": {"temporal": ["2010-11-11T00:00:00Z", "2010-11-11T23:59:59Z"], "wnes_geometry": ["24.896", "60.342", "24.916", "60.322"], "SizeMBDataGranule": "1488.16", "checksum": "35581395845c6a7b2f9be79db20ac992", "format": "Binary"}, "lpvex_RADAR_VANTAA_RAW_20101112.tar.gz": {"temporal": ["2010-11-12T00:00:00Z", "2010-11-12T23:59:59Z"], "wnes_geometry": ["24.896", "60.342", "24.916", "60.322"], "SizeMBDataGranule": "494.94", "checksum": "031414c3ef202dbbcdfa8abbb96e9bd8", "format": "Binary"}, "lpvex_RADAR_VANTAA_RAW_20101116.tar.gz": {"temporal": ["2010-11-16T00:00:00Z", "2010-11-16T23:59:59Z"], "wnes_geometry": ["24.896", "60.342", "24.916", "60.322"], "SizeMBDataGranule": "384.46", "checksum": "fffef4570426bf328677241634146064", "format": "Binary"}, "lpvex_RADAR_VANTAA_RAW_20101117.tar.gz": {"temporal": ["2010-11-17T00:00:00Z", "2010-11-17T23:59:59Z"], "wnes_geometry": ["24.896", "60.342", "24.916", "60.322"], "SizeMBDataGranule": "1351.49", "checksum": "c6a3ea8d6fb79fa8519f2346a7c5a9fc", "format": "Binary"}, "lpvex_RADAR_VANTAA_RAW_20101118.tar.gz": {"temporal": ["2010-11-18T00:00:00Z", "2010-11-18T23:59:59Z"], "wnes_geometry": ["24.896", "60.342", "24.916", "60.322"], "SizeMBDataGranule": "2663.74", "checksum": "39b456c95b5d55dc4832aa82ab9b5e58", "format": "Binary"}, "lpvex_RADAR_VANTAA_RAW_20101119.tar.gz": {"temporal": ["2010-11-19T00:00:00Z", "2010-11-19T23:59:59Z"], "wnes_geometry": ["24.896", "60.342", "24.916", "60.322"], "SizeMBDataGranule": "1141.41", "checksum": "acc9c7fd6c9501a1b5221d35c9f69725", "format": "Binary"}, "lpvex_RADAR_VANTAA_RAW_20101120.tar.gz": {"temporal": ["2010-11-20T00:00:00Z", "2010-11-20T23:59:59Z"], "wnes_geometry": ["24.896", "60.342", "24.916", "60.322"], "SizeMBDataGranule": "2675.17", "checksum": "a27c480ea58a564f8aed434a5a14c914", "format": "Binary"}, "lpvex_RADAR_VANTAA_RAW_20101121.tar.gz": {"temporal": ["2010-11-21T00:00:00Z", "2010-11-21T23:59:59Z"], "wnes_geometry": ["24.896", "60.342", "24.916", "60.322"], "SizeMBDataGranule": "1688.13", "checksum": "5c831ecb4f160e484a4ea3ace31ef358", "format": "Binary"}, "lpvex_RADAR_VANTAA_RAW_20101122.tar.gz": {"temporal": ["2010-11-22T00:00:00Z", "2010-11-22T23:59:59Z"], "wnes_geometry": ["24.896", "60.342", "24.916", "60.322"], "SizeMBDataGranule": "1779.61", "checksum": "71a54ac01a0582a383803b09c2036e40", "format": "Binary"}, "lpvex_RADAR_VANTAA_RAW_20101123.tar.gz": {"temporal": ["2010-11-23T00:00:00Z", "2010-11-23T23:59:59Z"], "wnes_geometry": ["24.896", "60.342", "24.916", "60.322"], "SizeMBDataGranule": "2661.36", "checksum": "1e531a7f3f50cafe28c2601810cdc183", "format": "Binary"}, "lpvex_RADAR_VANTAA_RAW_20101124.tar.gz": {"temporal": ["2010-11-24T00:00:00Z", "2010-11-24T23:59:59Z"], "wnes_geometry": ["24.896", "60.342", "24.916", "60.322"], "SizeMBDataGranule": "3497.77", "checksum": "fb3094dcc21ac10ff04d803c2002e903", "format": "Binary"}, "lpvex_RADAR_VANTAA_RAW_20101125.tar.gz": {"temporal": ["2010-11-25T00:00:00Z", "2010-11-25T23:59:59Z"], "wnes_geometry": ["24.896", "60.342", "24.916", "60.322"], "SizeMBDataGranule": "1721.71", "checksum": "1a6b368c83444ae0d7cba8a029ae10cd", "format": "Binary"}, "lpvex_RADAR_VANTAA_RAW_20101126.tar.gz": {"temporal": ["2010-11-26T00:00:00Z", "2010-11-26T23:59:59Z"], "wnes_geometry": ["24.896", "60.342", "24.916", "60.322"], "SizeMBDataGranule": "1249.66", "checksum": "61d1ded3ed29120ea5368eaa7d039d24", "format": "Binary"}, "lpvex_RADAR_VANTAA_RAW_20101127.tar.gz": {"temporal": ["2010-11-27T00:00:00Z", "2010-11-27T23:59:59Z"], "wnes_geometry": ["24.896", "60.342", "24.916", "60.322"], "SizeMBDataGranule": "1924.68", "checksum": "5d34972670a48867df3630e723595b19", "format": "Binary"}, "lpvex_RADAR_VANTAA_RAW_20101128.tar.gz": {"temporal": ["2010-11-28T00:00:00Z", "2010-11-28T23:59:59Z"], "wnes_geometry": ["24.896", "60.342", "24.916", "60.322"], "SizeMBDataGranule": "1154.55", "checksum": "ed4035e3505a4baaca6f100dc13e9bd9", "format": "Binary"}, "lpvex_RADAR_VANTAA_RAW_20101129.tar.gz": {"temporal": ["2010-11-29T00:00:00Z", "2010-11-29T23:59:59Z"], "wnes_geometry": ["24.896", "60.342", "24.916", "60.322"], "SizeMBDataGranule": "1143.68", "checksum": "2364dba9537a91ab7336e1acae7644a1", "format": "Binary"}, "lpvex_RADAR_VANTAA_RAW_20101130.tar.gz": {"temporal": ["2010-11-30T00:00:00Z", "2010-11-30T23:59:59Z"], "wnes_geometry": ["24.896", "60.342", "24.916", "60.322"], "SizeMBDataGranule": "1121.05", "checksum": "79ef9ec99e7b501a998b51a1e1161edf", "format": "Binary"}, "lpvex_RADAR_VANTAA_RAW_20101001.tar.gz": {"temporal": ["2010-10-01T00:00:00Z", "2010-10-01T23:59:59Z"], "wnes_geometry": ["24.896", "60.342", "24.916", "60.322"], "SizeMBDataGranule": "1469.0", "checksum": "71bb0a0f3327acaf3ef9b65998839d87", "format": "Binary"}, "lpvex_RADAR_VANTAA_RAW_20101002.tar.gz": {"temporal": ["2010-10-02T00:00:00Z", "2010-10-02T23:59:59Z"], "wnes_geometry": ["24.896", "60.342", "24.916", "60.322"], "SizeMBDataGranule": "1299.69", "checksum": "792898ee5b91dae8117eecdcfe810e8a", "format": "Binary"}, "lpvex_RADAR_VANTAA_RAW_20101003.tar.gz": {"temporal": ["2010-10-03T00:00:00Z", "2010-10-03T23:59:59Z"], "wnes_geometry": ["24.896", "60.342", "24.916", "60.322"], "SizeMBDataGranule": "1131.43", "checksum": "2fbaa792776ae8111dcd82cf6fcfa96c", "format": "Binary"}, "lpvex_RADAR_VANTAA_RAW_20101004.tar.gz": {"temporal": ["2010-10-04T00:00:00Z", "2010-10-04T23:59:59Z"], "wnes_geometry": ["24.896", "60.342", "24.916", "60.322"], "SizeMBDataGranule": "1130.11", "checksum": "5d996a15445fad89f92321a34660d255", "format": "Binary"}, "lpvex_RADAR_VANTAA_RAW_20101005.tar.gz": {"temporal": ["2010-10-05T00:00:00Z", "2010-10-05T23:59:59Z"], "wnes_geometry": ["24.896", "60.342", "24.916", "60.322"], "SizeMBDataGranule": "1070.38", "checksum": "12ac94efa9920347acd480c69f858b7a", "format": "Binary"}, "lpvex_RADAR_VANTAA_RAW_20101006.tar.gz": {"temporal": ["2010-10-06T00:00:00Z", "2010-10-06T23:59:59Z"], "wnes_geometry": ["24.896", "60.342", "24.916", "60.322"], "SizeMBDataGranule": "1062.67", "checksum": "40ecf1add7cda1c3adddeca048710fdd", "format": "Binary"}, "lpvex_RADAR_VANTAA_RAW_20101007.tar.gz": {"temporal": ["2010-10-07T00:00:00Z", "2010-10-07T23:59:59Z"], "wnes_geometry": ["24.896", "60.342", "24.916", "60.322"], "SizeMBDataGranule": "1098.56", "checksum": "5b9315a46555ef639ad2af7d273f9b3d", "format": "Binary"}, "lpvex_RADAR_VANTAA_RAW_20101008.tar.gz": {"temporal": ["2010-10-08T00:00:00Z", "2010-10-08T23:59:59Z"], "wnes_geometry": ["24.896", "60.342", "24.916", "60.322"], "SizeMBDataGranule": "1482.88", "checksum": "fd9832d355f36e20172c8d9cd1bb4eea", "format": "Binary"}, "lpvex_RADAR_VANTAA_RAW_20101009.tar.gz": {"temporal": ["2010-10-09T00:00:00Z", "2010-10-09T23:59:59Z"], "wnes_geometry": ["24.896", "60.342", "24.916", "60.322"], "SizeMBDataGranule": "1176.78", "checksum": "c68e56d1d6b7d7ffef401473c7104011", "format": "Binary"}, "lpvex_RADAR_VANTAA_RAW_20101010.tar.gz": {"temporal": ["2010-10-10T00:00:00Z", "2010-10-10T23:59:59Z"], "wnes_geometry": ["24.896", "60.342", "24.916", "60.322"], "SizeMBDataGranule": "1537.28", "checksum": "3bbfb603eb706c963ea4e4fe28cbe636", "format": "Binary"}, "lpvex_RADAR_VANTAA_RAW_20101011.tar.gz": {"temporal": ["2010-10-11T00:00:00Z", "2010-10-11T23:59:59Z"], "wnes_geometry": ["24.896", "60.342", "24.916", "60.322"], "SizeMBDataGranule": "1474.92", "checksum": "6e2a5d7aea479729ae8975ba71f514b7", "format": "Binary"}, "lpvex_RADAR_VANTAA_RAW_20101012.tar.gz": {"temporal": ["2010-10-12T00:00:00Z", "2010-10-12T23:59:59Z"], "wnes_geometry": ["24.896", "60.342", "24.916", "60.322"], "SizeMBDataGranule": "1616.33", "checksum": "224f5494eb0a15e0e28aeecdf413b2b5", "format": "Binary"}, "lpvex_RADAR_VANTAA_RAW_20101013.tar.gz": {"temporal": ["2010-10-13T00:00:00Z", "2010-10-13T23:59:59Z"], "wnes_geometry": ["24.896", "60.342", "24.916", "60.322"], "SizeMBDataGranule": "1244.18", "checksum": "f45576e2f350cc27dc0422b4908a06c6", "format": "Binary"}, "lpvex_RADAR_VANTAA_RAW_20101014.tar.gz": {"temporal": ["2010-10-14T00:00:00Z", "2010-10-14T23:59:59Z"], "wnes_geometry": ["24.896", "60.342", "24.916", "60.322"], "SizeMBDataGranule": "2577.09", "checksum": "975557057e854821d5673a9fa87eac9f", "format": "Binary"}, "lpvex_RADAR_VANTAA_RAW_20101015.tar.gz": {"temporal": ["2010-10-15T00:00:00Z", "2010-10-15T23:59:59Z"], "wnes_geometry": ["24.896", "60.342", "24.916", "60.322"], "SizeMBDataGranule": "1532.03", "checksum": "c44f3f04fc7ecf6cf0105bb85454a73e", "format": "Binary"}, "lpvex_RADAR_VANTAA_RAW_20101016.tar.gz": {"temporal": ["2010-10-16T00:00:00Z", "2010-10-16T23:59:59Z"], "wnes_geometry": ["24.896", "60.342", "24.916", "60.322"], "SizeMBDataGranule": "1804.56", "checksum": "f543c3d444ad1b3fc3d9d79e21811ecf", "format": "Binary"}, "lpvex_RADAR_VANTAA_RAW_20101017.tar.gz": {"temporal": ["2010-10-17T00:00:00Z", "2010-10-17T23:59:59Z"], "wnes_geometry": ["24.896", "60.342", "24.916", "60.322"], "SizeMBDataGranule": "1210.24", "checksum": "5263ec453f9ae56db3487bf67ec48b2f", "format": "Binary"}, "lpvex_RADAR_VANTAA_RAW_20101018.tar.gz": {"temporal": ["2010-10-18T00:00:00Z", "2010-10-18T23:59:59Z"], "wnes_geometry": ["24.896", "60.342", "24.916", "60.322"], "SizeMBDataGranule": "1199.36", "checksum": "a5539814c2134899aa3a26e7e985a344", "format": "Binary"}, "lpvex_RADAR_VANTAA_RAW_20101019.tar.gz": {"temporal": ["2010-10-19T00:00:00Z", "2010-10-19T23:59:59Z"], "wnes_geometry": ["24.896", "60.342", "24.916", "60.322"], "SizeMBDataGranule": "1625.6", "checksum": "6284afc5b233625b970266739e348c5f", "format": "Binary"}, "lpvex_RADAR_VANTAA_RAW_20101020.tar.gz": {"temporal": ["2010-10-20T00:00:00Z", "2010-10-20T23:59:59Z"], "wnes_geometry": ["24.896", "60.342", "24.916", "60.322"], "SizeMBDataGranule": "3229.29", "checksum": "475b637a4cd83cf5ff3398414bbf0678", "format": "Binary"}, "lpvex_RADAR_VANTAA_RAW_20101021.tar.gz": {"temporal": ["2010-10-21T00:00:00Z", "2010-10-21T23:59:59Z"], "wnes_geometry": ["24.896", "60.342", "24.916", "60.322"], "SizeMBDataGranule": "2381.23", "checksum": "b58366c159382d4cec0fa7411fbf0295", "format": "Binary"}, "lpvex_RADAR_VANTAA_RAW_20101022.tar.gz": {"temporal": ["2010-10-22T00:00:00Z", "2010-10-22T23:59:59Z"], "wnes_geometry": ["24.896", "60.342", "24.916", "60.322"], "SizeMBDataGranule": "1851.78", "checksum": "f2dcfd6cad05b72220d711f902636f8b", "format": "Binary"}, "lpvex_RADAR_VANTAA_RAW_20101023.tar.gz": {"temporal": ["2010-10-23T00:00:00Z", "2010-10-23T23:59:59Z"], "wnes_geometry": ["24.896", "60.342", "24.916", "60.322"], "SizeMBDataGranule": "1369.45", "checksum": "04da457717ea2808550674a11ea5d1a5", "format": "Binary"}, "lpvex_RADAR_VANTAA_RAW_20101024.tar.gz": {"temporal": ["2010-10-24T00:00:00Z", "2010-10-24T23:59:59Z"], "wnes_geometry": ["24.896", "60.342", "24.916", "60.322"], "SizeMBDataGranule": "2908.59", "checksum": "2bc2e4f5e5ec46eced5ff331c19690d0", "format": "Binary"}, "lpvex_RADAR_VANTAA_RAW_20101025.tar.gz": {"temporal": ["2010-10-25T00:00:00Z", "2010-10-25T23:59:59Z"], "wnes_geometry": ["24.896", "60.342", "24.916", "60.322"], "SizeMBDataGranule": "1369.46", "checksum": "b48a9ae734397c62b8aecadb2a479a46", "format": "Binary"}, "lpvex_RADAR_VANTAA_RAW_20101026.tar.gz": {"temporal": ["2010-10-26T00:00:00Z", "2010-10-26T23:59:59Z"], "wnes_geometry": ["24.896", "60.342", "24.916", "60.322"], "SizeMBDataGranule": "1349.76", "checksum": "4153b000df5b1b9dc127b3b349e9994d", "format": "Binary"}, "lpvex_RADAR_VANTAA_RAW_20101027.tar.gz": {"temporal": ["2010-10-27T00:00:00Z", "2010-10-27T23:59:59Z"], "wnes_geometry": ["24.896", "60.342", "24.916", "60.322"], "SizeMBDataGranule": "1422.93", "checksum": "a4438b30aa5883dc41b3f116abe47f15", "format": "Binary"}, "lpvex_RADAR_VANTAA_RAW_20101028.tar.gz": {"temporal": ["2010-10-28T00:00:00Z", "2010-10-28T23:59:59Z"], "wnes_geometry": ["24.896", "60.342", "24.916", "60.322"], "SizeMBDataGranule": "1783.4", "checksum": "3d2f94f9719e63947210111869ff3f34", "format": "Binary"}, "lpvex_RADAR_VANTAA_RAW_20101029.tar.gz": {"temporal": ["2010-10-29T00:00:00Z", "2010-10-29T23:59:59Z"], "wnes_geometry": ["24.896", "60.342", "24.916", "60.322"], "SizeMBDataGranule": "1268.71", "checksum": "72534c6f8de1d73f7322668e26237374", "format": "Binary"}, "lpvex_RADAR_VANTAA_RAW_20101030.tar.gz": {"temporal": ["2010-10-30T00:00:00Z", "2010-10-30T23:59:59Z"], "wnes_geometry": ["24.896", "60.342", "24.916", "60.322"], "SizeMBDataGranule": "1713.82", "checksum": "cf1201f3ad1cb20acaf80777fcfe4fd9", "format": "Binary"}, "lpvex_RADAR_VANTAA_RAW_20101031.tar.gz": {"temporal": ["2010-10-31T00:00:00Z", "2010-10-31T23:59:59Z"], "wnes_geometry": ["24.896", "60.342", "24.916", "60.322"], "SizeMBDataGranule": "1427.23", "checksum": "fae82cf262431b5c3ee9353b156aba3a", "format": "Binary"}, "lpvex_RADAR_VANTAA_RAW_20100916.tar.gz": {"temporal": ["2010-09-16T00:00:00Z", "2010-09-16T23:59:59Z"], "wnes_geometry": ["24.896", "60.342", "24.916", "60.322"], "SizeMBDataGranule": "1272.95", "checksum": "a494e469d7923da270229515141b35f4", "format": "Binary"}, "lpvex_RADAR_VANTAA_RAW_20100917.tar.gz": {"temporal": ["2010-09-17T00:00:00Z", "2010-09-17T23:59:59Z"], "wnes_geometry": ["24.896", "60.342", "24.916", "60.322"], "SizeMBDataGranule": "1900.71", "checksum": "fa485a611d0a95b8c4977605920b3292", "format": "Binary"}, "lpvex_RADAR_VANTAA_RAW_20100918.tar.gz": {"temporal": ["2010-09-18T00:00:00Z", "2010-09-18T23:59:59Z"], "wnes_geometry": ["24.896", "60.342", "24.916", "60.322"], "SizeMBDataGranule": "2201.8", "checksum": "5425a45f903b4e53224e99cb8d5c8431", "format": "Binary"}, "lpvex_RADAR_VANTAA_RAW_20100919.tar.gz": {"temporal": ["2010-09-19T00:00:00Z", "2010-09-19T23:59:59Z"], "wnes_geometry": ["24.896", "60.342", "24.916", "60.322"], "SizeMBDataGranule": "2067.16", "checksum": "f2258be4fb9f258226dcb55c87c5c6ce", "format": "Binary"}, "lpvex_RADAR_VANTAA_RAW_20100920.tar.gz": {"temporal": ["2010-09-20T00:00:00Z", "2010-09-20T23:59:59Z"], "wnes_geometry": ["24.896", "60.342", "24.916", "60.322"], "SizeMBDataGranule": "1684.31", "checksum": "9f613b63cf43a61e3b5fc6d6892c31d8", "format": "Binary"}, "lpvex_RADAR_VANTAA_RAW_20100921.tar.gz": {"temporal": ["2010-09-21T00:00:00Z", "2010-09-21T23:59:59Z"], "wnes_geometry": ["24.896", "60.342", "24.916", "60.322"], "SizeMBDataGranule": "3383.46", "checksum": "2e37248374f8b80abafa4fdf58979b06", "format": "Binary"}, "lpvex_RADAR_VANTAA_RAW_20100922.tar.gz": {"temporal": ["2010-09-22T00:00:00Z", "2010-09-22T23:59:59Z"], "wnes_geometry": ["24.896", "60.342", "24.916", "60.322"], "SizeMBDataGranule": "1841.43", "checksum": "ff937248b7f8189d6ae71d9d42c82bfc", "format": "Binary"}, "lpvex_RADAR_VANTAA_RAW_20100923.tar.gz": {"temporal": ["2010-09-23T00:00:00Z", "2010-09-23T23:59:59Z"], "wnes_geometry": ["24.896", "60.342", "24.916", "60.322"], "SizeMBDataGranule": "1525.86", "checksum": "1656b682b49a447608cd1ce2b3a8356f", "format": "Binary"}, "lpvex_RADAR_VANTAA_RAW_20100924.tar.gz": {"temporal": ["2010-09-24T00:00:00Z", "2010-09-24T23:59:59Z"], "wnes_geometry": ["24.896", "60.342", "24.916", "60.322"], "SizeMBDataGranule": "1294.34", "checksum": "c049629b0b94295a065508528a71591f", "format": "Binary"}, "lpvex_RADAR_VANTAA_RAW_20100925.tar.gz": {"temporal": ["2010-09-25T00:00:00Z", "2010-09-25T23:59:59Z"], "wnes_geometry": ["24.896", "60.342", "24.916", "60.322"], "SizeMBDataGranule": "1477.8", "checksum": "d2516066a435b29370f8ec94df0aad26", "format": "Binary"}, "lpvex_RADAR_VANTAA_RAW_20100926.tar.gz": {"temporal": ["2010-09-26T00:00:00Z", "2010-09-26T23:59:59Z"], "wnes_geometry": ["24.896", "60.342", "24.916", "60.322"], "SizeMBDataGranule": "1766.71", "checksum": "5a36e6c76ec32c981eeaccfc1ebce7c4", "format": "Binary"}, "lpvex_RADAR_VANTAA_RAW_20100927.tar.gz": {"temporal": ["2010-09-27T00:00:00Z", "2010-09-27T23:59:59Z"], "wnes_geometry": ["24.896", "60.342", "24.916", "60.322"], "SizeMBDataGranule": "1907.66", "checksum": "cc28f2405ca8f9c5d49853d48788be99", "format": "Binary"}, "lpvex_RADAR_VANTAA_RAW_20100928.tar.gz": {"temporal": ["2010-09-28T00:00:00Z", "2010-09-28T23:59:59Z"], "wnes_geometry": ["24.896", "60.342", "24.916", "60.322"], "SizeMBDataGranule": "1535.62", "checksum": "1d2698f6813c9434658ae325de5bec0c", "format": "Binary"}, "lpvex_RADAR_VANTAA_RAW_20100929.tar.gz": {"temporal": ["2010-09-29T00:00:00Z", "2010-09-29T23:59:59Z"], "wnes_geometry": ["24.896", "60.342", "24.916", "60.322"], "SizeMBDataGranule": "1345.47", "checksum": "b4ca79709be18fa1993f98053816ed62", "format": "Binary"}, "lpvex_RADAR_VANTAA_RAW_20100930.tar.gz": {"temporal": ["2010-09-30T00:00:00Z", "2010-09-30T23:59:59Z"], "wnes_geometry": ["24.896", "60.342", "24.916", "60.322"], "SizeMBDataGranule": "1485.6", "checksum": "71e4c3d7262f25df2eb1894a44d39684", "format": "Binary"}, "lpvex_RADAR_VANTAA_IMAGES_20110101.tar.gz": {"temporal": ["2011-01-01T00:00:00Z", "2011-01-01T23:59:59Z"], "wnes_geometry": ["24.896", "60.342", "24.916", "60.322"], "SizeMBDataGranule": "39.78", "checksum": "f35f77dec9a9bd2f88f3f8be0964ef79", "format": "PNG"}, "lpvex_RADAR_VANTAA_IMAGES_20110102.tar.gz": {"temporal": ["2011-01-02T00:00:00Z", "2011-01-02T23:59:59Z"], "wnes_geometry": ["24.896", "60.342", "24.916", "60.322"], "SizeMBDataGranule": "25.8", "checksum": "08ca0a2e6176614e9f241dfc21ca656d", "format": "PNG"}, "lpvex_RADAR_VANTAA_IMAGES_20110103.tar.gz": {"temporal": ["2011-01-03T00:00:00Z", "2011-01-03T23:59:59Z"], "wnes_geometry": ["24.896", "60.342", "24.916", "60.322"], "SizeMBDataGranule": "35.54", "checksum": "002422da04c0fa2b1c0f49f30cabc1dc", "format": "PNG"}, "lpvex_RADAR_VANTAA_IMAGES_20110104.tar.gz": {"temporal": ["2011-01-04T00:00:00Z", "2011-01-04T23:59:59Z"], "wnes_geometry": ["24.896", "60.342", "24.916", "60.322"], "SizeMBDataGranule": "34.61", "checksum": "c5ee21d02b603872f753d48a8d033248", "format": "PNG"}, "lpvex_RADAR_VANTAA_IMAGES_20110105.tar.gz": {"temporal": ["2011-01-05T00:00:00Z", "2011-01-05T23:59:59Z"], "wnes_geometry": ["24.896", "60.342", "24.916", "60.322"], "SizeMBDataGranule": "30.74", "checksum": "87f1cc0e0fcc6b6add12a35da9c9f16b", "format": "PNG"}, "lpvex_RADAR_VANTAA_IMAGES_20110106.tar.gz": {"temporal": ["2011-01-06T00:00:00Z", "2011-01-06T23:59:59Z"], "wnes_geometry": ["24.896", "60.342", "24.916", "60.322"], "SizeMBDataGranule": "41.97", "checksum": "0408e436b13ebdb04311631e74d17069", "format": "PNG"}, "lpvex_RADAR_VANTAA_IMAGES_20110107.tar.gz": {"temporal": ["2011-01-07T00:00:00Z", "2011-01-07T23:59:59Z"], "wnes_geometry": ["24.896", "60.342", "24.916", "60.322"], "SizeMBDataGranule": "48.08", "checksum": "e91f67b2c5d4d5d2c2ccd1e2e2fb3ebe", "format": "PNG"}, "lpvex_RADAR_VANTAA_IMAGES_20110108.tar.gz": {"temporal": ["2011-01-08T00:00:00Z", "2011-01-08T23:59:59Z"], "wnes_geometry": ["24.896", "60.342", "24.916", "60.322"], "SizeMBDataGranule": "29.58", "checksum": "bdf4e48103a91191ef840ca3d02774bd", "format": "PNG"}, "lpvex_RADAR_VANTAA_IMAGES_20110109.tar.gz": {"temporal": ["2011-01-09T00:00:00Z", "2011-01-09T23:59:59Z"], "wnes_geometry": ["24.896", "60.342", "24.916", "60.322"], "SizeMBDataGranule": "54.88", "checksum": "0a5a1693ac034c3304ef7b30b7c14954", "format": "PNG"}, "lpvex_RADAR_VANTAA_IMAGES_20110110.tar.gz": {"temporal": ["2011-01-10T00:00:00Z", "2011-01-10T23:59:59Z"], "wnes_geometry": ["24.896", "60.342", "24.916", "60.322"], "SizeMBDataGranule": "18.47", "checksum": "b639af4afb2d68d698ea6a7c9e84ebd8", "format": "PNG"}, "lpvex_RADAR_VANTAA_IMAGES_20110111.tar.gz": {"temporal": ["2011-01-11T00:00:00Z", "2011-01-11T23:59:59Z"], "wnes_geometry": ["24.896", "60.342", "24.916", "60.322"], "SizeMBDataGranule": "21.86", "checksum": "58350e94c96d769156485ce7c990cac0", "format": "PNG"}, "lpvex_RADAR_VANTAA_IMAGES_20110112.tar.gz": {"temporal": ["2011-01-12T00:00:00Z", "2011-01-12T23:59:59Z"], "wnes_geometry": ["24.896", "60.342", "24.916", "60.322"], "SizeMBDataGranule": "42.11", "checksum": "eac6fdd007314264b4ef8161724bd100", "format": "PNG"}, "lpvex_RADAR_VANTAA_IMAGES_20110113.tar.gz": {"temporal": ["2011-01-13T00:00:00Z", "2011-01-13T23:59:59Z"], "wnes_geometry": ["24.896", "60.342", "24.916", "60.322"], "SizeMBDataGranule": "44.34", "checksum": "1eb0885644c58a3d5887ef3119e63b9a", "format": "PNG"}, "lpvex_RADAR_VANTAA_IMAGES_20110114.tar.gz": {"temporal": ["2011-01-14T00:00:00Z", "2011-01-14T23:59:59Z"], "wnes_geometry": ["24.896", "60.342", "24.916", "60.322"], "SizeMBDataGranule": "25.74", "checksum": "98beda60eb751c9bf4f5ac138f65ace9", "format": "PNG"}, "lpvex_RADAR_VANTAA_IMAGES_20110115.tar.gz": {"temporal": ["2011-01-15T00:00:00Z", "2011-01-15T23:59:59Z"], "wnes_geometry": ["24.896", "60.342", "24.916", "60.322"], "SizeMBDataGranule": "9.62", "checksum": "ecefaf661b90d06d9d22d739702fabfe", "format": "PNG"}, "lpvex_RADAR_VANTAA_IMAGES_20110116.tar.gz": {"temporal": ["2011-01-16T00:00:00Z", "2011-01-16T23:59:59Z"], "wnes_geometry": ["24.896", "60.342", "24.916", "60.322"], "SizeMBDataGranule": "57.91", "checksum": "db4090e9108972228a46b4f26c5504d8", "format": "PNG"}, "lpvex_RADAR_VANTAA_IMAGES_20110117.tar.gz": {"temporal": ["2011-01-17T00:00:00Z", "2011-01-17T23:59:59Z"], "wnes_geometry": ["24.896", "60.342", "24.916", "60.322"], "SizeMBDataGranule": "47.41", "checksum": "3db1bdbcda79017ca4576a4ec6e45769", "format": "PNG"}, "lpvex_RADAR_VANTAA_IMAGES_20110118.tar.gz": {"temporal": ["2011-01-18T00:00:00Z", "2011-01-18T23:59:59Z"], "wnes_geometry": ["24.896", "60.342", "24.916", "60.322"], "SizeMBDataGranule": "43.48", "checksum": "47e51c18966d03327118858a7c08f0fc", "format": "PNG"}, "lpvex_RADAR_VANTAA_IMAGES_20110119.tar.gz": {"temporal": ["2011-01-19T00:00:00Z", "2011-01-19T23:59:59Z"], "wnes_geometry": ["24.896", "60.342", "24.916", "60.322"], "SizeMBDataGranule": "52.21", "checksum": "80961afae2e57c132fb2ffa9443b76ec", "format": "PNG"}, "lpvex_RADAR_VANTAA_IMAGES_20110120.tar.gz": {"temporal": ["2011-01-20T00:00:00Z", "2011-01-20T23:59:59Z"], "wnes_geometry": ["24.896", "60.342", "24.916", "60.322"], "SizeMBDataGranule": "50.4", "checksum": "c5e41f7d9b014157f464454286ee1eec", "format": "PNG"}, "lpvex_RADAR_VANTAA_IMAGES_20110121.tar.gz": {"temporal": ["2011-01-21T00:00:00Z", "2011-01-21T23:59:59Z"], "wnes_geometry": ["24.896", "60.342", "24.916", "60.322"], "SizeMBDataGranule": "21.52", "checksum": "6148fdd08e4af9aa9dd3f8edfb26ff59", "format": "PNG"}, "lpvex_RADAR_VANTAA_IMAGES_20110122.tar.gz": {"temporal": ["2011-01-22T00:00:00Z", "2011-01-22T23:59:59Z"], "wnes_geometry": ["24.896", "60.342", "24.916", "60.322"], "SizeMBDataGranule": "37.26", "checksum": "bfb5c7255e38d06820667dfb6acf7ba1", "format": "PNG"}, "lpvex_RADAR_VANTAA_IMAGES_20110123.tar.gz": {"temporal": ["2011-01-23T00:00:00Z", "2011-01-23T23:59:59Z"], "wnes_geometry": ["24.896", "60.342", "24.916", "60.322"], "SizeMBDataGranule": "24.16", "checksum": "dc23949e405a5687f5d6b57d120840be", "format": "PNG"}, "lpvex_RADAR_VANTAA_IMAGES_20110124.tar.gz": {"temporal": ["2011-01-24T00:00:00Z", "2011-01-24T23:59:59Z"], "wnes_geometry": ["24.896", "60.342", "24.916", "60.322"], "SizeMBDataGranule": "42.42", "checksum": "fa2c355695ed7731e07262d50f917150", "format": "PNG"}, "lpvex_RADAR_VANTAA_IMAGES_20110125.tar.gz": {"temporal": ["2011-01-25T00:00:00Z", "2011-01-25T23:59:59Z"], "wnes_geometry": ["24.896", "60.342", "24.916", "60.322"], "SizeMBDataGranule": "57.28", "checksum": "2458853df3d7303975344b1bf4efbd04", "format": "PNG"}, "lpvex_RADAR_VANTAA_IMAGES_20110126.tar.gz": {"temporal": ["2011-01-26T00:00:00Z", "2011-01-26T23:59:59Z"], "wnes_geometry": ["24.896", "60.342", "24.916", "60.322"], "SizeMBDataGranule": "11.37", "checksum": "c2a35794035ca319ed64b45d92fea2dd", "format": "PNG"}, "lpvex_RADAR_VANTAA_IMAGES_20110127.tar.gz": {"temporal": ["2011-01-27T00:00:00Z", "2011-01-27T23:59:59Z"], "wnes_geometry": ["24.896", "60.342", "24.916", "60.322"], "SizeMBDataGranule": "15.89", "checksum": "8ee0d89e00afdc973d8baa4ae119de13", "format": "PNG"}, "lpvex_RADAR_VANTAA_IMAGES_20110128.tar.gz": {"temporal": ["2011-01-28T00:00:00Z", "2011-01-28T23:59:59Z"], "wnes_geometry": ["24.896", "60.342", "24.916", "60.322"], "SizeMBDataGranule": "11.18", "checksum": "9568086f9602c9e62aff6701f796fdc3", "format": "PNG"}, "lpvex_RADAR_VANTAA_IMAGES_20110129.tar.gz": {"temporal": ["2011-01-29T00:00:00Z", "2011-01-29T23:59:59Z"], "wnes_geometry": ["24.896", "60.342", "24.916", "60.322"], "SizeMBDataGranule": "30.72", "checksum": "9202f3fe2798471be5b41276bce37e11", "format": "PNG"}, "lpvex_RADAR_VANTAA_IMAGES_20110130.tar.gz": {"temporal": ["2011-01-30T00:00:00Z", "2011-01-30T23:59:59Z"], "wnes_geometry": ["24.896", "60.342", "24.916", "60.322"], "SizeMBDataGranule": "15.88", "checksum": "70b28c5aab0c3c76341ee3b08f4069aa", "format": "PNG"}, "lpvex_RADAR_VANTAA_IMAGES_20110131.tar.gz": {"temporal": ["2011-01-31T00:00:00Z", "2011-01-31T23:59:59Z"], "wnes_geometry": ["24.896", "60.342", "24.916", "60.322"], "SizeMBDataGranule": "22.36", "checksum": "5ab081b65c3b6fae75a8b906adad9d06", "format": "PNG"}, "lpvex_RADAR_VANTAA_IMAGES_20101201.tar.gz": {"temporal": ["2010-12-01T00:00:00Z", "2010-12-01T23:59:59Z"], "wnes_geometry": ["24.896", "60.342", "24.916", "60.322"], "SizeMBDataGranule": "16.16", "checksum": "3582f7297e37102170187a63bb50e047", "format": "PNG"}, "lpvex_RADAR_VANTAA_IMAGES_20101202.tar.gz": {"temporal": ["2010-12-02T00:00:00Z", "2010-12-02T23:59:59Z"], "wnes_geometry": ["24.896", "60.342", "24.916", "60.322"], "SizeMBDataGranule": "8.01", "checksum": "c1241f3d8a6f6b7dffe297469330d2b6", "format": "PNG"}, "lpvex_RADAR_VANTAA_IMAGES_20101203.tar.gz": {"temporal": ["2010-12-03T00:00:00Z", "2010-12-03T23:59:59Z"], "wnes_geometry": ["24.896", "60.342", "24.916", "60.322"], "SizeMBDataGranule": "26.26", "checksum": "94df2fa736060c113d3385a5c5cbfe9b", "format": "PNG"}, "lpvex_RADAR_VANTAA_IMAGES_20101204.tar.gz": {"temporal": ["2010-12-04T00:00:00Z", "2010-12-04T23:59:59Z"], "wnes_geometry": ["24.896", "60.342", "24.916", "60.322"], "SizeMBDataGranule": "27.12", "checksum": "6fc6295c3d127d86df3703cace169679", "format": "PNG"}, "lpvex_RADAR_VANTAA_IMAGES_20101205.tar.gz": {"temporal": ["2010-12-05T00:00:00Z", "2010-12-05T23:59:59Z"], "wnes_geometry": ["24.896", "60.342", "24.916", "60.322"], "SizeMBDataGranule": "28.32", "checksum": "d66aefc18fdb557ac265e06784acb6d8", "format": "PNG"}, "lpvex_RADAR_VANTAA_IMAGES_20101206.tar.gz": {"temporal": ["2010-12-06T00:00:00Z", "2010-12-06T23:59:59Z"], "wnes_geometry": ["24.896", "60.342", "24.916", "60.322"], "SizeMBDataGranule": "50.32", "checksum": "e56c7e57ac34060749c9b9cb20e1fed8", "format": "PNG"}, "lpvex_RADAR_VANTAA_IMAGES_20101207.tar.gz": {"temporal": ["2010-12-07T00:00:00Z", "2010-12-07T23:59:59Z"], "wnes_geometry": ["24.896", "60.342", "24.916", "60.322"], "SizeMBDataGranule": "22.92", "checksum": "379cbc2a5b01137aa6c2574626a71b11", "format": "PNG"}, "lpvex_RADAR_VANTAA_IMAGES_20101208.tar.gz": {"temporal": ["2010-12-08T00:00:00Z", "2010-12-08T23:59:59Z"], "wnes_geometry": ["24.896", "60.342", "24.916", "60.322"], "SizeMBDataGranule": "2.94", "checksum": "72f76a0d98e53980acb162eca46b8f39", "format": "PNG"}, "lpvex_RADAR_VANTAA_IMAGES_20101209.tar.gz": {"temporal": ["2010-12-09T00:00:00Z", "2010-12-09T23:59:59Z"], "wnes_geometry": ["24.896", "60.342", "24.916", "60.322"], "SizeMBDataGranule": "45.06", "checksum": "e89e2a5ec9f550e8572fbee486e4656a", "format": "PNG"}, "lpvex_RADAR_VANTAA_IMAGES_20101210.tar.gz": {"temporal": ["2010-12-10T00:00:00Z", "2010-12-10T23:59:59Z"], "wnes_geometry": ["24.896", "60.342", "24.916", "60.322"], "SizeMBDataGranule": "22.23", "checksum": "0e0a490d1f408daf67055586de00f301", "format": "PNG"}, "lpvex_RADAR_VANTAA_IMAGES_20101211.tar.gz": {"temporal": ["2010-12-11T00:00:00Z", "2010-12-11T23:59:59Z"], "wnes_geometry": ["24.896", "60.342", "24.916", "60.322"], "SizeMBDataGranule": "44.7", "checksum": "1c222f6fdd28b00243a35fec78fccdd1", "format": "PNG"}, "lpvex_RADAR_VANTAA_IMAGES_20101212.tar.gz": {"temporal": ["2010-12-12T00:00:00Z", "2010-12-12T23:59:59Z"], "wnes_geometry": ["24.896", "60.342", "24.916", "60.322"], "SizeMBDataGranule": "24.65", "checksum": "5459aa2c7b45b166e7ba0492bfff3096", "format": "PNG"}, "lpvex_RADAR_VANTAA_IMAGES_20101213.tar.gz": {"temporal": ["2010-12-13T00:00:00Z", "2010-12-13T23:59:59Z"], "wnes_geometry": ["24.896", "60.342", "24.916", "60.322"], "SizeMBDataGranule": "15.4", "checksum": "2574abb5bfe763c799a35d9645db4509", "format": "PNG"}, "lpvex_RADAR_VANTAA_IMAGES_20101214.tar.gz": {"temporal": ["2010-12-14T00:00:00Z", "2010-12-14T23:59:59Z"], "wnes_geometry": ["24.896", "60.342", "24.916", "60.322"], "SizeMBDataGranule": "28.98", "checksum": "a921088e84641452a2fcdb2fc9ef0c77", "format": "PNG"}, "lpvex_RADAR_VANTAA_IMAGES_20101215.tar.gz": {"temporal": ["2010-12-15T00:00:00Z", "2010-12-15T23:59:59Z"], "wnes_geometry": ["24.896", "60.342", "24.916", "60.322"], "SizeMBDataGranule": "8.63", "checksum": "45080965dce5a100dc6af6cc260bb1b3", "format": "PNG"}, "lpvex_RADAR_VANTAA_IMAGES_20101216.tar.gz": {"temporal": ["2010-12-16T00:00:00Z", "2010-12-16T23:59:59Z"], "wnes_geometry": ["24.896", "60.342", "24.916", "60.322"], "SizeMBDataGranule": "21.92", "checksum": "d56f6fea61f4644ff36f9135c2816c10", "format": "PNG"}, "lpvex_RADAR_VANTAA_IMAGES_20101217.tar.gz": {"temporal": ["2010-12-17T00:00:00Z", "2010-12-17T23:59:59Z"], "wnes_geometry": ["24.896", "60.342", "24.916", "60.322"], "SizeMBDataGranule": "23.48", "checksum": "c55c5ba5004c8846852e076b09255894", "format": "PNG"}, "lpvex_RADAR_VANTAA_IMAGES_20101218.tar.gz": {"temporal": ["2010-12-18T00:00:00Z", "2010-12-18T23:59:59Z"], "wnes_geometry": ["24.896", "60.342", "24.916", "60.322"], "SizeMBDataGranule": "29.84", "checksum": "5609392e4d37a5fdfe693236b84a0407", "format": "PNG"}, "lpvex_RADAR_VANTAA_IMAGES_20101219.tar.gz": {"temporal": ["2010-12-19T00:00:00Z", "2010-12-19T23:59:59Z"], "wnes_geometry": ["24.896", "60.342", "24.916", "60.322"], "SizeMBDataGranule": "47.09", "checksum": "06ff7d1292353ab31ccda59511054614", "format": "PNG"}, "lpvex_RADAR_VANTAA_IMAGES_20101220.tar.gz": {"temporal": ["2010-12-20T00:00:00Z", "2010-12-20T23:59:59Z"], "wnes_geometry": ["24.896", "60.342", "24.916", "60.322"], "SizeMBDataGranule": "30.22", "checksum": "0f326735b007c3d883e320f6591f35aa", "format": "PNG"}, "lpvex_RADAR_VANTAA_IMAGES_20101221.tar.gz": {"temporal": ["2010-12-21T00:00:00Z", "2010-12-21T23:59:59Z"], "wnes_geometry": ["24.896", "60.342", "24.916", "60.322"], "SizeMBDataGranule": "30.81", "checksum": "4ab05743d3e2711256a23c2d2e1eaff4", "format": "PNG"}, "lpvex_RADAR_VANTAA_IMAGES_20101222.tar.gz": {"temporal": ["2010-12-22T00:00:00Z", "2010-12-22T23:59:59Z"], "wnes_geometry": ["24.896", "60.342", "24.916", "60.322"], "SizeMBDataGranule": "25.43", "checksum": "5ac923bc96986a6878a2ea7f88cd99b0", "format": "PNG"}, "lpvex_RADAR_VANTAA_IMAGES_20101223.tar.gz": {"temporal": ["2010-12-23T00:00:00Z", "2010-12-23T23:59:59Z"], "wnes_geometry": ["24.896", "60.342", "24.916", "60.322"], "SizeMBDataGranule": "14.58", "checksum": "947f7826536f72b2d3a15b1b92551840", "format": "PNG"}, "lpvex_RADAR_VANTAA_IMAGES_20101224.tar.gz": {"temporal": ["2010-12-24T00:00:00Z", "2010-12-24T23:59:59Z"], "wnes_geometry": ["24.896", "60.342", "24.916", "60.322"], "SizeMBDataGranule": "37.22", "checksum": "de7bfdf1b10ac0f5921949cf9ab2aa42", "format": "PNG"}, "lpvex_RADAR_VANTAA_IMAGES_20101225.tar.gz": {"temporal": ["2010-12-25T00:00:00Z", "2010-12-25T23:59:59Z"], "wnes_geometry": ["24.896", "60.342", "24.916", "60.322"], "SizeMBDataGranule": "66.76", "checksum": "55bc6a67d1c3599d5e64842fcf329946", "format": "PNG"}, "lpvex_RADAR_VANTAA_IMAGES_20101226.tar.gz": {"temporal": ["2010-12-26T00:00:00Z", "2010-12-26T23:59:59Z"], "wnes_geometry": ["24.896", "60.342", "24.916", "60.322"], "SizeMBDataGranule": "81.31", "checksum": "ef4039af7aeb37501eb95a649e764dab", "format": "PNG"}, "lpvex_RADAR_VANTAA_IMAGES_20101227.tar.gz": {"temporal": ["2010-12-27T00:00:00Z", "2010-12-27T23:59:59Z"], "wnes_geometry": ["24.896", "60.342", "24.916", "60.322"], "SizeMBDataGranule": "51.71", "checksum": "5fa4935fe1503e70c476bb4ed61fdd93", "format": "PNG"}, "lpvex_RADAR_VANTAA_IMAGES_20101228.tar.gz": {"temporal": ["2010-12-28T00:00:00Z", "2010-12-28T23:59:59Z"], "wnes_geometry": ["24.896", "60.342", "24.916", "60.322"], "SizeMBDataGranule": "40.36", "checksum": "f8b81a0e009f703917007e7a44f198f1", "format": "PNG"}, "lpvex_RADAR_VANTAA_IMAGES_20101229.tar.gz": {"temporal": ["2010-12-29T00:00:00Z", "2010-12-29T23:59:59Z"], "wnes_geometry": ["24.896", "60.342", "24.916", "60.322"], "SizeMBDataGranule": "18.02", "checksum": "67ae8056b56ea3a7e474ac25d6cd4829", "format": "PNG"}, "lpvex_RADAR_VANTAA_IMAGES_20101230.tar.gz": {"temporal": ["2010-12-30T00:00:00Z", "2010-12-30T23:59:59Z"], "wnes_geometry": ["24.896", "60.342", "24.916", "60.322"], "SizeMBDataGranule": "55.26", "checksum": "52e4e1cf19ef7daa7c7211d2f6e030b5", "format": "PNG"}, "lpvex_RADAR_VANTAA_IMAGES_20101231.tar.gz": {"temporal": ["2010-12-31T00:00:00Z", "2010-12-31T23:59:59Z"], "wnes_geometry": ["24.896", "60.342", "24.916", "60.322"], "SizeMBDataGranule": "34.27", "checksum": "a5dfb1607c800f505f797a5f4739b760", "format": "PNG"}, "lpvex_RADAR_VANTAA_IMAGES_20101101.tar.gz": {"temporal": ["2010-11-01T00:00:00Z", "2010-11-01T23:59:59Z"], "wnes_geometry": ["24.896", "60.342", "24.916", "60.322"], "SizeMBDataGranule": "15.36", "checksum": "4eae5c830b74f939c024aecee8aba82a", "format": "PNG"}, "lpvex_RADAR_VANTAA_IMAGES_20101102.tar.gz": {"temporal": ["2010-11-02T00:00:00Z", "2010-11-02T23:59:59Z"], "wnes_geometry": ["24.896", "60.342", "24.916", "60.322"], "SizeMBDataGranule": "12.17", "checksum": "3b3344866e76573a7510903bd3dcc3fb", "format": "PNG"}, "lpvex_RADAR_VANTAA_IMAGES_20101103.tar.gz": {"temporal": ["2010-11-03T00:00:00Z", "2010-11-03T23:59:59Z"], "wnes_geometry": ["24.896", "60.342", "24.916", "60.322"], "SizeMBDataGranule": "43.43", "checksum": "cb71312513fdc1ada2cdf02c22741048", "format": "PNG"}, "lpvex_RADAR_VANTAA_IMAGES_20101104.tar.gz": {"temporal": ["2010-11-04T00:00:00Z", "2010-11-04T23:59:59Z"], "wnes_geometry": ["24.896", "60.342", "24.916", "60.322"], "SizeMBDataGranule": "20.81", "checksum": "42121f0d99b5825588d64a22253b3c97", "format": "PNG"}, "lpvex_RADAR_VANTAA_IMAGES_20101105.tar.gz": {"temporal": ["2010-11-05T00:00:00Z", "2010-11-05T23:59:59Z"], "wnes_geometry": ["24.896", "60.342", "24.916", "60.322"], "SizeMBDataGranule": "10.64", "checksum": "efb470671d9386df670ea0f4ba7dfe0a", "format": "PNG"}, "lpvex_RADAR_VANTAA_IMAGES_20101106.tar.gz": {"temporal": ["2010-11-06T00:00:00Z", "2010-11-06T23:59:59Z"], "wnes_geometry": ["24.896", "60.342", "24.916", "60.322"], "SizeMBDataGranule": "19.86", "checksum": "b0275192166e5bb043c3b3e3bf3c9136", "format": "PNG"}, "lpvex_RADAR_VANTAA_IMAGES_20101107.tar.gz": {"temporal": ["2010-11-07T00:00:00Z", "2010-11-07T23:59:59Z"], "wnes_geometry": ["24.896", "60.342", "24.916", "60.322"], "SizeMBDataGranule": "12.43", "checksum": "ff35cdeaf08de4e7584ba52cb7acf521", "format": "PNG"}, "lpvex_RADAR_VANTAA_IMAGES_20101108.tar.gz": {"temporal": ["2010-11-08T00:00:00Z", "2010-11-08T23:59:59Z"], "wnes_geometry": ["24.896", "60.342", "24.916", "60.322"], "SizeMBDataGranule": "6.75", "checksum": "6771fff00917a5bb4fe3ecca188fe32c", "format": "PNG"}, "lpvex_RADAR_VANTAA_IMAGES_20101109.tar.gz": {"temporal": ["2010-11-09T00:00:00Z", "2010-11-09T23:59:59Z"], "wnes_geometry": ["24.896", "60.342", "24.916", "60.322"], "SizeMBDataGranule": "50.62", "checksum": "33f716783b8bc5c173b92f13d1bb62c1", "format": "PNG"}, "lpvex_RADAR_VANTAA_IMAGES_20101110.tar.gz": {"temporal": ["2010-11-10T00:00:00Z", "2010-11-10T23:59:59Z"], "wnes_geometry": ["24.896", "60.342", "24.916", "60.322"], "SizeMBDataGranule": "18.1", "checksum": "1c351f04d43b02a129558cfac6276f90", "format": "PNG"}, "lpvex_RADAR_VANTAA_IMAGES_20101111.tar.gz": {"temporal": ["2010-11-11T00:00:00Z", "2010-11-11T23:59:59Z"], "wnes_geometry": ["24.896", "60.342", "24.916", "60.322"], "SizeMBDataGranule": "22.78", "checksum": "c7200b4d31da7f71e9abfda27e64ccf6", "format": "PNG"}, "lpvex_RADAR_VANTAA_IMAGES_20101112.tar.gz": {"temporal": ["2010-11-12T00:00:00Z", "2010-11-12T23:59:59Z"], "wnes_geometry": ["24.896", "60.342", "24.916", "60.322"], "SizeMBDataGranule": "14.08", "checksum": "589383f8fb4a318808497d8d6cec27aa", "format": "PNG"}, "lpvex_RADAR_VANTAA_IMAGES_20101113.tar.gz": {"temporal": ["2010-11-13T00:00:00Z", "2010-11-13T23:59:59Z"], "wnes_geometry": ["24.896", "60.342", "24.916", "60.322"], "SizeMBDataGranule": "0.0", "checksum": "8a208b1cbab12b0c0c8dde8a0cbe6b32", "format": "PNG"}, "lpvex_RADAR_VANTAA_IMAGES_20101114.tar.gz": {"temporal": ["2010-11-14T00:00:00Z", "2010-11-14T23:59:59Z"], "wnes_geometry": ["24.896", "60.342", "24.916", "60.322"], "SizeMBDataGranule": "0.0", "checksum": "469ab2dfb05e7773fa5b4abec3af1ffd", "format": "PNG"}, "lpvex_RADAR_VANTAA_IMAGES_20101115.tar.gz": {"temporal": ["2010-11-15T00:00:00Z", "2010-11-15T23:59:59Z"], "wnes_geometry": ["24.896", "60.342", "24.916", "60.322"], "SizeMBDataGranule": "0.0", "checksum": "2933098aee7fc39deba07f2fd97df092", "format": "PNG"}, "lpvex_RADAR_VANTAA_IMAGES_20101116.tar.gz": {"temporal": ["2010-11-16T00:00:00Z", "2010-11-16T23:59:59Z"], "wnes_geometry": ["24.896", "60.342", "24.916", "60.322"], "SizeMBDataGranule": "2.17", "checksum": "13e36c1e7383b72b61c4cb2821a89f0b", "format": "PNG"}, "lpvex_RADAR_VANTAA_IMAGES_20101117.tar.gz": {"temporal": ["2010-11-17T00:00:00Z", "2010-11-17T23:59:59Z"], "wnes_geometry": ["24.896", "60.342", "24.916", "60.322"], "SizeMBDataGranule": "12.49", "checksum": "4ad0ca7878d718f66b832f98f59b3aa9", "format": "PNG"}, "lpvex_RADAR_VANTAA_IMAGES_20101118.tar.gz": {"temporal": ["2010-11-18T00:00:00Z", "2010-11-18T23:59:59Z"], "wnes_geometry": ["24.896", "60.342", "24.916", "60.322"], "SizeMBDataGranule": "38.61", "checksum": "7a8e289c4436a038b0fa16383669e68a", "format": "PNG"}, "lpvex_RADAR_VANTAA_IMAGES_20101119.tar.gz": {"temporal": ["2010-11-19T00:00:00Z", "2010-11-19T23:59:59Z"], "wnes_geometry": ["24.896", "60.342", "24.916", "60.322"], "SizeMBDataGranule": "10.22", "checksum": "75bbd8b32d73cbbccf8fe1f0e30f2d93", "format": "PNG"}, "lpvex_RADAR_VANTAA_IMAGES_20101120.tar.gz": {"temporal": ["2010-11-20T00:00:00Z", "2010-11-20T23:59:59Z"], "wnes_geometry": ["24.896", "60.342", "24.916", "60.322"], "SizeMBDataGranule": "30.85", "checksum": "952bb6eaa773c93644feb78176106612", "format": "PNG"}, "lpvex_RADAR_VANTAA_IMAGES_20101121.tar.gz": {"temporal": ["2010-11-21T00:00:00Z", "2010-11-21T23:59:59Z"], "wnes_geometry": ["24.896", "60.342", "24.916", "60.322"], "SizeMBDataGranule": "20.14", "checksum": "e9c1896a4d1f3fa815f8f9df8b045bab", "format": "PNG"}, "lpvex_RADAR_VANTAA_IMAGES_20101122.tar.gz": {"temporal": ["2010-11-22T00:00:00Z", "2010-11-22T23:59:59Z"], "wnes_geometry": ["24.896", "60.342", "24.916", "60.322"], "SizeMBDataGranule": "20.13", "checksum": "2d128f6a1ce830a2787e1bed5bc6aae6", "format": "PNG"}, "lpvex_RADAR_VANTAA_IMAGES_20101123.tar.gz": {"temporal": ["2010-11-23T00:00:00Z", "2010-11-23T23:59:59Z"], "wnes_geometry": ["24.896", "60.342", "24.916", "60.322"], "SizeMBDataGranule": "33.11", "checksum": "14295919b8dcbb814bac33392fd0a389", "format": "PNG"}, "lpvex_RADAR_VANTAA_IMAGES_20101124.tar.gz": {"temporal": ["2010-11-24T00:00:00Z", "2010-11-24T23:59:59Z"], "wnes_geometry": ["24.896", "60.342", "24.916", "60.322"], "SizeMBDataGranule": "55.94", "checksum": "8b097daa20171a23b19c1879596572e4", "format": "PNG"}, "lpvex_RADAR_VANTAA_IMAGES_20101125.tar.gz": {"temporal": ["2010-11-25T00:00:00Z", "2010-11-25T23:59:59Z"], "wnes_geometry": ["24.896", "60.342", "24.916", "60.322"], "SizeMBDataGranule": "26.61", "checksum": "9f5cb3dca7b06e0405d1c603ed13decc", "format": "PNG"}, "lpvex_RADAR_VANTAA_IMAGES_20101126.tar.gz": {"temporal": ["2010-11-26T00:00:00Z", "2010-11-26T23:59:59Z"], "wnes_geometry": ["24.896", "60.342", "24.916", "60.322"], "SizeMBDataGranule": "16.09", "checksum": "288face6e47453411091bb734ca3d3bc", "format": "PNG"}, "lpvex_RADAR_VANTAA_IMAGES_20101127.tar.gz": {"temporal": ["2010-11-27T00:00:00Z", "2010-11-27T23:59:59Z"], "wnes_geometry": ["24.896", "60.342", "24.916", "60.322"], "SizeMBDataGranule": "22.69", "checksum": "15462af3284ada04e963e804322e315b", "format": "PNG"}, "lpvex_RADAR_VANTAA_IMAGES_20101128.tar.gz": {"temporal": ["2010-11-28T00:00:00Z", "2010-11-28T23:59:59Z"], "wnes_geometry": ["24.896", "60.342", "24.916", "60.322"], "SizeMBDataGranule": "11.77", "checksum": "18cdd9a5f7ffd584bb59158bca83f359", "format": "PNG"}, "lpvex_RADAR_VANTAA_IMAGES_20101129.tar.gz": {"temporal": ["2010-11-29T00:00:00Z", "2010-11-29T23:59:59Z"], "wnes_geometry": ["24.896", "60.342", "24.916", "60.322"], "SizeMBDataGranule": "11.46", "checksum": "e7e8f9325c8f6c4c68600e4e09729543", "format": "PNG"}, "lpvex_RADAR_VANTAA_IMAGES_20101130.tar.gz": {"temporal": ["2010-11-30T00:00:00Z", "2010-11-30T23:59:59Z"], "wnes_geometry": ["24.896", "60.342", "24.916", "60.322"], "SizeMBDataGranule": "10.02", "checksum": "35ac6c347e4677b8a1c27efafa15d973", "format": "PNG"}, "lpvex_RADAR_VANTAA_IMAGES_20101001.tar.gz": {"temporal": ["2010-10-01T00:00:00Z", "2010-10-01T23:59:59Z"], "wnes_geometry": ["24.896", "60.342", "24.916", "60.322"], "SizeMBDataGranule": "13.23", "checksum": "b93823e4e6f1053640e835a2c3f74306", "format": "PNG"}, "lpvex_RADAR_VANTAA_IMAGES_20101002.tar.gz": {"temporal": ["2010-10-02T00:00:00Z", "2010-10-02T23:59:59Z"], "wnes_geometry": ["24.896", "60.342", "24.916", "60.322"], "SizeMBDataGranule": "11.06", "checksum": "bf48ec6d876a8b5fb19a032fd6630562", "format": "PNG"}, "lpvex_RADAR_VANTAA_IMAGES_20101003.tar.gz": {"temporal": ["2010-10-03T00:00:00Z", "2010-10-03T23:59:59Z"], "wnes_geometry": ["24.896", "60.342", "24.916", "60.322"], "SizeMBDataGranule": "5.74", "checksum": "44e46eb2a2f873d01523ca1f0aebf60c", "format": "PNG"}, "lpvex_RADAR_VANTAA_IMAGES_20101004.tar.gz": {"temporal": ["2010-10-04T00:00:00Z", "2010-10-04T23:59:59Z"], "wnes_geometry": ["24.896", "60.342", "24.916", "60.322"], "SizeMBDataGranule": "4.59", "checksum": "3921ddede62fd3a1a6b4fae68771ba75", "format": "PNG"}, "lpvex_RADAR_VANTAA_IMAGES_20101005.tar.gz": {"temporal": ["2010-10-05T00:00:00Z", "2010-10-05T23:59:59Z"], "wnes_geometry": ["24.896", "60.342", "24.916", "60.322"], "SizeMBDataGranule": "3.85", "checksum": "1cacff5c1b3b0055e2bde0414aad3f61", "format": "PNG"}, "lpvex_RADAR_VANTAA_IMAGES_20101006.tar.gz": {"temporal": ["2010-10-06T00:00:00Z", "2010-10-06T23:59:59Z"], "wnes_geometry": ["24.896", "60.342", "24.916", "60.322"], "SizeMBDataGranule": "4.29", "checksum": "d264e8d519b18226bdd5f80e1c1e644f", "format": "PNG"}, "lpvex_RADAR_VANTAA_IMAGES_20101007.tar.gz": {"temporal": ["2010-10-07T00:00:00Z", "2010-10-07T23:59:59Z"], "wnes_geometry": ["24.896", "60.342", "24.916", "60.322"], "SizeMBDataGranule": "8.07", "checksum": "a55bfe24189b7a96bd0eb51d62fe26a5", "format": "PNG"}, "lpvex_RADAR_VANTAA_IMAGES_20101008.tar.gz": {"temporal": ["2010-10-08T00:00:00Z", "2010-10-08T23:59:59Z"], "wnes_geometry": ["24.896", "60.342", "24.916", "60.322"], "SizeMBDataGranule": "12.24", "checksum": "fa8b077d293c3f36a8326d35c54b5ca5", "format": "PNG"}, "lpvex_RADAR_VANTAA_IMAGES_20101009.tar.gz": {"temporal": ["2010-10-09T00:00:00Z", "2010-10-09T23:59:59Z"], "wnes_geometry": ["24.896", "60.342", "24.916", "60.322"], "SizeMBDataGranule": "7.35", "checksum": "3a5f2b33a0df0fa20a4c9a07bff3f876", "format": "PNG"}, "lpvex_RADAR_VANTAA_IMAGES_20101011.tar.gz": {"temporal": ["2010-10-11T00:00:00Z", "2010-10-11T23:59:59Z"], "wnes_geometry": ["24.896", "60.342", "24.916", "60.322"], "SizeMBDataGranule": "17.69", "checksum": "e4d02b063a6fed5a36e7be606a5e1fd4", "format": "PNG"}, "lpvex_RADAR_VANTAA_IMAGES_20101012.tar.gz": {"temporal": ["2010-10-12T00:00:00Z", "2010-10-12T23:59:59Z"], "wnes_geometry": ["24.896", "60.342", "24.916", "60.322"], "SizeMBDataGranule": "23.71", "checksum": "5714ebd75fd4eddc41e94e9fe128e3dc", "format": "PNG"}, "lpvex_RADAR_VANTAA_IMAGES_20101013.tar.gz": {"temporal": ["2010-10-13T00:00:00Z", "2010-10-13T23:59:59Z"], "wnes_geometry": ["24.896", "60.342", "24.916", "60.322"], "SizeMBDataGranule": "10.74", "checksum": "6419f51d75ee0f169cdd580ea2fcd522", "format": "PNG"}, "lpvex_RADAR_VANTAA_IMAGES_20101014.tar.gz": {"temporal": ["2010-10-14T00:00:00Z", "2010-10-14T23:59:59Z"], "wnes_geometry": ["24.896", "60.342", "24.916", "60.322"], "SizeMBDataGranule": "42.81", "checksum": "e41b8bc86f31cd0eb12a9061c7318124", "format": "PNG"}, "lpvex_RADAR_VANTAA_IMAGES_20101015.tar.gz": {"temporal": ["2010-10-15T00:00:00Z", "2010-10-15T23:59:59Z"], "wnes_geometry": ["24.896", "60.342", "24.916", "60.322"], "SizeMBDataGranule": "19.27", "checksum": "27a3f075978d48e6bab865220efb5fa5", "format": "PNG"}, "lpvex_RADAR_VANTAA_IMAGES_20101016.tar.gz": {"temporal": ["2010-10-16T00:00:00Z", "2010-10-16T23:59:59Z"], "wnes_geometry": ["24.896", "60.342", "24.916", "60.322"], "SizeMBDataGranule": "28.54", "checksum": "21e6f7999748da3c27d3b98ad8705e61", "format": "PNG"}, "lpvex_RADAR_VANTAA_IMAGES_20101017.tar.gz": {"temporal": ["2010-10-17T00:00:00Z", "2010-10-17T23:59:59Z"], "wnes_geometry": ["24.896", "60.342", "24.916", "60.322"], "SizeMBDataGranule": "11.25", "checksum": "080404beabec4ec4a71135b1ffe9a9bc", "format": "PNG"}, "lpvex_RADAR_VANTAA_IMAGES_20101018.tar.gz": {"temporal": ["2010-10-18T00:00:00Z", "2010-10-18T23:59:59Z"], "wnes_geometry": ["24.896", "60.342", "24.916", "60.322"], "SizeMBDataGranule": "7.39", "checksum": "ea30e9357b233ef5c7aecbb0e3096f3b", "format": "PNG"}, "lpvex_RADAR_VANTAA_IMAGES_20101019.tar.gz": {"temporal": ["2010-10-19T00:00:00Z", "2010-10-19T23:59:59Z"], "wnes_geometry": ["24.896", "60.342", "24.916", "60.322"], "SizeMBDataGranule": "22.67", "checksum": "e9351a9f8957b892a21d368b52d5007b", "format": "PNG"}, "lpvex_RADAR_VANTAA_IMAGES_20101021.tar.gz": {"temporal": ["2010-10-21T00:00:00Z", "2010-10-21T23:59:59Z"], "wnes_geometry": ["24.896", "60.342", "24.916", "60.322"], "SizeMBDataGranule": "33.23", "checksum": "67494d458075f1a90648c05a289dbcab", "format": "PNG"}, "lpvex_RADAR_VANTAA_IMAGES_20101022.tar.gz": {"temporal": ["2010-10-22T00:00:00Z", "2010-10-22T23:59:59Z"], "wnes_geometry": ["24.896", "60.342", "24.916", "60.322"], "SizeMBDataGranule": "24.66", "checksum": "e2f0ebdc9140d5c24a3cbc0b77bd3b81", "format": "PNG"}, "lpvex_RADAR_VANTAA_IMAGES_20101023.tar.gz": {"temporal": ["2010-10-23T00:00:00Z", "2010-10-23T23:59:59Z"], "wnes_geometry": ["24.896", "60.342", "24.916", "60.322"], "SizeMBDataGranule": "18.8", "checksum": "954af70c8e073e5e1542da5b34b57574", "format": "PNG"}, "lpvex_RADAR_VANTAA_IMAGES_20101024.tar.gz": {"temporal": ["2010-10-24T00:00:00Z", "2010-10-24T23:59:59Z"], "wnes_geometry": ["24.896", "60.342", "24.916", "60.322"], "SizeMBDataGranule": "44.78", "checksum": "278e869952aaa9cc1739573eb6c3b196", "format": "PNG"}, "lpvex_RADAR_VANTAA_IMAGES_20101025.tar.gz": {"temporal": ["2010-10-25T00:00:00Z", "2010-10-25T23:59:59Z"], "wnes_geometry": ["24.896", "60.342", "24.916", "60.322"], "SizeMBDataGranule": "16.11", "checksum": "fc7af34bd4b82e9053ec603ec9238ff9", "format": "PNG"}, "lpvex_RADAR_VANTAA_IMAGES_20101026.tar.gz": {"temporal": ["2010-10-26T00:00:00Z", "2010-10-26T23:59:59Z"], "wnes_geometry": ["24.896", "60.342", "24.916", "60.322"], "SizeMBDataGranule": "13.43", "checksum": "22cd95bfc4894b3141e79d35c01b8a56", "format": "PNG"}, "lpvex_RADAR_VANTAA_IMAGES_20101027.tar.gz": {"temporal": ["2010-10-27T00:00:00Z", "2010-10-27T23:59:59Z"], "wnes_geometry": ["24.896", "60.342", "24.916", "60.322"], "SizeMBDataGranule": "14.75", "checksum": "37886e66cc2539ae70536835c899f85f", "format": "PNG"}, "lpvex_RADAR_VANTAA_IMAGES_20101028.tar.gz": {"temporal": ["2010-10-28T00:00:00Z", "2010-10-28T23:59:59Z"], "wnes_geometry": ["24.896", "60.342", "24.916", "60.322"], "SizeMBDataGranule": "19.03", "checksum": "21f3cff2849c1331b2a087560332fe05", "format": "PNG"}, "lpvex_RADAR_VANTAA_IMAGES_20101029.tar.gz": {"temporal": ["2010-10-29T00:00:00Z", "2010-10-29T23:59:59Z"], "wnes_geometry": ["24.896", "60.342", "24.916", "60.322"], "SizeMBDataGranule": "12.05", "checksum": "7ac23e1dc185ca122c0e2003f8e56dc8", "format": "PNG"}, "lpvex_RADAR_VANTAA_IMAGES_20101030.tar.gz": {"temporal": ["2010-10-30T00:00:00Z", "2010-10-30T23:59:59Z"], "wnes_geometry": ["24.896", "60.342", "24.916", "60.322"], "SizeMBDataGranule": "18.28", "checksum": "842bf4e031c2453a4c586b2a3fce2e5a", "format": "PNG"}, "lpvex_RADAR_VANTAA_IMAGES_20101031.tar.gz": {"temporal": ["2010-10-31T00:00:00Z", "2010-10-31T23:59:59Z"], "wnes_geometry": ["24.896", "60.342", "24.916", "60.322"], "SizeMBDataGranule": "14.33", "checksum": "67362c207bf846e2da55fe1b4ab136a7", "format": "PNG"}, "lpvex_RADAR_VANTAA_IMAGES_20100920.tar.gz": {"temporal": ["2010-09-20T00:00:00Z", "2010-09-20T23:59:59Z"], "wnes_geometry": ["24.896", "60.342", "24.916", "60.322"], "SizeMBDataGranule": "12.18", "checksum": "ac7721d4b2e384c8c40cf6152eaff047", "format": "PNG"}, "lpvex_RADAR_VANTAA_IMAGES_20100921.tar.gz": {"temporal": ["2010-09-21T00:00:00Z", "2010-09-21T23:59:59Z"], "wnes_geometry": ["24.896", "60.342", "24.916", "60.322"], "SizeMBDataGranule": "59.79", "checksum": "0f6fa9bd1b0e3b3cfa95a079ca7a7700", "format": "PNG"}, "lpvex_RADAR_VANTAA_IMAGES_20100922.tar.gz": {"temporal": ["2010-09-22T00:00:00Z", "2010-09-22T23:59:59Z"], "wnes_geometry": ["24.896", "60.342", "24.916", "60.322"], "SizeMBDataGranule": "26.78", "checksum": "79708f382f196e73031976e494b93129", "format": "PNG"}, "lpvex_RADAR_VANTAA_IMAGES_20100923.tar.gz": {"temporal": ["2010-09-23T00:00:00Z", "2010-09-23T23:59:59Z"], "wnes_geometry": ["24.896", "60.342", "24.916", "60.322"], "SizeMBDataGranule": "14.27", "checksum": "8ececaff9eacd4b672136c52ecdb8467", "format": "PNG"}, "lpvex_RADAR_VANTAA_IMAGES_20100924.tar.gz": {"temporal": ["2010-09-24T00:00:00Z", "2010-09-24T23:59:59Z"], "wnes_geometry": ["24.896", "60.342", "24.916", "60.322"], "SizeMBDataGranule": "9.37", "checksum": "0920e9aa07239e14e6be1945ebb57ade", "format": "PNG"}, "lpvex_RADAR_VANTAA_IMAGES_20100925.tar.gz": {"temporal": ["2010-09-25T00:00:00Z", "2010-09-25T23:59:59Z"], "wnes_geometry": ["24.896", "60.342", "24.916", "60.322"], "SizeMBDataGranule": "14.25", "checksum": "51982ba1819c024499dab0c228eb0c54", "format": "PNG"}, "lpvex_RADAR_VANTAA_IMAGES_20100926.tar.gz": {"temporal": ["2010-09-26T00:00:00Z", "2010-09-26T23:59:59Z"], "wnes_geometry": ["24.896", "60.342", "24.916", "60.322"], "SizeMBDataGranule": "18.82", "checksum": "3a30ac5126727e2efe9961009f58cf1b", "format": "PNG"}, "lpvex_RADAR_VANTAA_IMAGES_20100927.tar.gz": {"temporal": ["2010-09-27T00:00:00Z", "2010-09-27T23:59:59Z"], "wnes_geometry": ["24.896", "60.342", "24.916", "60.322"], "SizeMBDataGranule": "30.9", "checksum": "af9c2bc3be0cf51719c02dc187a7e65f", "format": "PNG"}, "lpvex_RADAR_VANTAA_IMAGES_20100928.tar.gz": {"temporal": ["2010-09-28T00:00:00Z", "2010-09-28T23:59:59Z"], "wnes_geometry": ["24.896", "60.342", "24.916", "60.322"], "SizeMBDataGranule": "21.98", "checksum": "0ca924f53512015ee7d522c531063060", "format": "PNG"}, "lpvex_RADAR_VANTAA_IMAGES_20100929.tar.gz": {"temporal": ["2010-09-29T00:00:00Z", "2010-09-29T23:59:59Z"], "wnes_geometry": ["24.896", "60.342", "24.916", "60.322"], "SizeMBDataGranule": "9.58", "checksum": "b68de7211ac715f23a444448f1cf0391", "format": "PNG"}, "lpvex_RADAR_VANTAA_IMAGES_20100930.tar.gz": {"temporal": ["2010-09-30T00:00:00Z", "2010-09-30T23:59:59Z"], "wnes_geometry": ["24.896", "60.342", "24.916", "60.322"], "SizeMBDataGranule": "13.07", "checksum": "482d6e93089f4cc6c9a2be5621383e0d", "format": "PNG"}}