{
   "A":{
      "lat":34.80925861,
      "lon":-87.03572250
   },
   "B":{
      "lat":34.64338080,
      "lon":-86.77140250
   },
   "C":{
      "lat":34.72535360,
      "lon":-86.64497810
   },
   "D":{
      "lat":34.66563310,
      "lon":-86.35861290
   },
   "E":{
      "lat":34.74556220,
      "lon":-86.51265060
   },
   "F":{
      "lat":34.98364960,
      "lon":-86.83935450
   },
   "G":{
      "lat":34.89969360,
      "lon":-86.55784870
   },
   "H":{
      "lat":34.61219060,
      "lon":-86.51968730
   },
   "J":{
      "lat":34.52313820,
      "lon":-86.96816440
   },
   "K":{
      "lat":34.65786694,
      "lon":-87.34364694
   },
   "L":{
      "lat":35.15320361,
      "lon":-87.06117444
   },
   "M":{
      "lat":35.06845668,
      "lon":-86.56240889
   },
   "N": {
      "lat":34.61743444,
      "lon":-87.10133861
   }
}
