{"tcspecmwf_2005_180_daily.tar": {"checksum": "787a322ddafcb5e565af144d4c4aee0b", "SizeMBDataGranule": "1550.93", "temporal": ["2005-06-29T00:00:00Z", "2005-06-29T21:00:00Z"], "wnes_geometry": ["-180.0", "90.0", "180.0", "-90.0"]}, "tcspecmwf_2005_181_daily.tar": {"checksum": "dc2b32fa123a38f60043487d3c96a0dc", "SizeMBDataGranule": "1550.93", "temporal": ["2005-06-30T00:00:00Z", "2005-06-30T21:00:00Z"], "wnes_geometry": ["-180.0", "90.0", "180.0", "-90.0"]}, "tcspecmwf_2005_182_daily.tar": {"checksum": "b8e03ca9aa2d3c44704b52b866ff29e1", "SizeMBDataGranule": "1550.93", "temporal": ["2005-07-01T00:00:00Z", "2005-07-01T21:00:00Z"], "wnes_geometry": ["-180.0", "90.0", "180.0", "-90.0"]}, "tcspecmwf_2005_183_daily.tar": {"checksum": "52d51037e25c450ab1e081dbbc763226", "SizeMBDataGranule": "1550.93", "temporal": ["2005-07-02T00:00:00Z", "2005-07-02T21:00:00Z"], "wnes_geometry": ["-180.0", "90.0", "180.0", "-90.0"]}, "tcspecmwf_2005_184_daily.tar": {"checksum": "ea73820dc01a25841bf7bfba5cc9f2c5", "SizeMBDataGranule": "1356.54", "temporal": ["2005-07-03T00:00:00Z", "2005-07-03T21:00:00Z"], "wnes_geometry": ["-180.0", "90.0", "180.0", "-90.0"]}, "tcspecmwf_2005_185_daily.tar": {"checksum": "df36a77097a1e7523ac1adac60af86ae", "SizeMBDataGranule": "775.46", "temporal": ["2005-07-04T00:00:00Z", "2005-07-04T09:00:00Z"], "wnes_geometry": ["-180.0", "90.0", "180.0", "-90.0"]}, "tcspecmwf_2005_186_daily.tar": {"checksum": "9606e97a62a659b5047d1405d952c862", "SizeMBDataGranule": "1550.93", "temporal": ["2005-07-05T00:00:00Z", "2005-07-05T21:00:00Z"], "wnes_geometry": ["-180.0", "90.0", "180.0", "-90.0"]}, "tcspecmwf_2005_187_daily.tar": {"checksum": "3110f230999ff6031a2e6a5858bfedc0", "SizeMBDataGranule": "1550.93", "temporal": ["2005-07-06T00:00:00Z", "2005-07-06T21:00:00Z"], "wnes_geometry": ["-180.0", "90.0", "180.0", "-90.0"]}, "tcspecmwf_2005_188_daily.tar": {"checksum": "5db4adfa9e5e69a00fcb091b60206892", "SizeMBDataGranule": "1550.93", "temporal": ["2005-07-07T00:00:00Z", "2005-07-07T21:00:00Z"], "wnes_geometry": ["-180.0", "90.0", "180.0", "-90.0"]}, "tcspecmwf_2005_189_daily.tar": {"checksum": "9af37b49cb36ee3978a40352eb07fb1a", "SizeMBDataGranule": "1550.93", "temporal": ["2005-07-08T00:00:00Z", "2005-07-08T21:00:00Z"], "wnes_geometry": ["-180.0", "90.0", "180.0", "-90.0"]}, "tcspecmwf_2005_190_daily.tar": {"checksum": "cae50231cd7aefcdac17a489988edeb3", "SizeMBDataGranule": "1550.93", "temporal": ["2005-07-09T00:00:00Z", "2005-07-09T21:00:00Z"], "wnes_geometry": ["-180.0", "90.0", "180.0", "-90.0"]}, "tcspecmwf_2005_191_daily.tar": {"checksum": "877200fbf233526a240051a0fb695544", "SizeMBDataGranule": "1550.93", "temporal": ["2005-07-10T00:00:00Z", "2005-07-10T21:00:00Z"], "wnes_geometry": ["-180.0", "90.0", "180.0", "-90.0"]}, "tcspecmwf_2005_192_daily.tar": {"checksum": "38771c561464383c8acea19910c7a6f1", "SizeMBDataGranule": "1550.93", "temporal": ["2005-07-11T00:00:00Z", "2005-07-11T21:00:00Z"], "wnes_geometry": ["-180.0", "90.0", "180.0", "-90.0"]}, "tcspecmwf_2005_193_daily.tar": {"checksum": "49fd0e46318d37fcada358c27cc2b4a2", "SizeMBDataGranule": "1550.93", "temporal": ["2005-07-12T00:00:00Z", "2005-07-12T21:00:00Z"], "wnes_geometry": ["-180.0", "90.0", "180.0", "-90.0"]}, "tcspecmwf_2005_194_daily.tar": {"checksum": "3fb4b4678660018d7b91a787fe02e842", "SizeMBDataGranule": "1550.93", "temporal": ["2005-07-13T00:00:00Z", "2005-07-13T21:00:00Z"], "wnes_geometry": ["-180.0", "90.0", "180.0", "-90.0"]}, "tcspecmwf_2005_195_daily.tar": {"checksum": "f4c0722972a471533097c951e17ec82c", "SizeMBDataGranule": "1550.93", "temporal": ["2005-07-14T00:00:00Z", "2005-07-14T21:00:00Z"], "wnes_geometry": ["-180.0", "90.0", "180.0", "-90.0"]}, "tcspecmwf_2005_196_daily.tar": {"checksum": "a5a3e256cbc005d2c7ecbf03c47802ea", "SizeMBDataGranule": "1550.93", "temporal": ["2005-07-15T00:00:00Z", "2005-07-15T21:00:00Z"], "wnes_geometry": ["-180.0", "90.0", "180.0", "-90.0"]}, "tcspecmwf_2005_197_daily.tar": {"checksum": "2a38024c54aab1596ac353a254fbea39", "SizeMBDataGranule": "1550.93", "temporal": ["2005-07-16T00:00:00Z", "2005-07-16T21:00:00Z"], "wnes_geometry": ["-180.0", "90.0", "180.0", "-90.0"]}, "tcspecmwf_2005_198_daily.tar": {"checksum": "bffcf82464c5829c3a3a04dfd1fd6e00", "SizeMBDataGranule": "1550.93", "temporal": ["2005-07-17T00:00:00Z", "2005-07-17T21:00:00Z"], "wnes_geometry": ["-180.0", "90.0", "180.0", "-90.0"]}, "tcspecmwf_2005_199_daily.tar": {"checksum": "01f0145bec91f2a8d4ce59f1f8de9ee2", "SizeMBDataGranule": "1550.93", "temporal": ["2005-07-18T00:00:00Z", "2005-07-18T21:00:00Z"], "wnes_geometry": ["-180.0", "90.0", "180.0", "-90.0"]}, "tcspecmwf_2005_200_daily.tar": {"checksum": "6b921f6c6ef396978234ec807816a675", "SizeMBDataGranule": "1550.93", "temporal": ["2005-07-19T00:00:00Z", "2005-07-19T21:00:00Z"], "wnes_geometry": ["-180.0", "90.0", "180.0", "-90.0"]}, "tcspecmwf_2005_201_daily.tar": {"checksum": "0fb16e95f62a257a2ad330da21957354", "SizeMBDataGranule": "1550.93", "temporal": ["2005-07-20T00:00:00Z", "2005-07-20T21:00:00Z"], "wnes_geometry": ["-180.0", "90.0", "180.0", "-90.0"]}, "tcspecmwf_2005_202_daily.tar": {"checksum": "710483166e39f072e2087032e85c3381", "SizeMBDataGranule": "1550.93", "temporal": ["2005-07-21T00:00:00Z", "2005-07-21T21:00:00Z"], "wnes_geometry": ["-180.0", "90.0", "180.0", "-90.0"]}, "tcspecmwf_2005_203_daily.tar": {"checksum": "bf84e617a5a9ae6ea915a1adefb59595", "SizeMBDataGranule": "1550.93", "temporal": ["2005-07-22T00:00:00Z", "2005-07-22T21:00:00Z"], "wnes_geometry": ["-180.0", "90.0", "180.0", "-90.0"]}, "tcspecmwf_2005_204_daily.tar": {"checksum": "05e36b3d177aba930aec2e969380e7b7", "SizeMBDataGranule": "1550.93", "temporal": ["2005-07-23T00:00:00Z", "2005-07-23T21:00:00Z"], "wnes_geometry": ["-180.0", "90.0", "180.0", "-90.0"]}, "tcspecmwf_2005_205_daily.tar": {"checksum": "26dc6c03d0b15e34ef5e71ed4bf415db", "SizeMBDataGranule": "1550.93", "temporal": ["2005-07-24T00:00:00Z", "2005-07-24T21:00:00Z"], "wnes_geometry": ["-180.0", "90.0", "180.0", "-90.0"]}, "tcspecmwf_2005_206_daily.tar": {"checksum": "8631814094adcc210d33ac5536980945", "SizeMBDataGranule": "1550.93", "temporal": ["2005-07-25T00:00:00Z", "2005-07-25T21:00:00Z"], "wnes_geometry": ["-180.0", "90.0", "180.0", "-90.0"]}, "tcspecmwf_2005_207_daily.tar": {"checksum": "2dde21b896f6a512dc495eba67841335", "SizeMBDataGranule": "1550.93", "temporal": ["2005-07-26T00:00:00Z", "2005-07-26T21:00:00Z"], "wnes_geometry": ["-180.0", "90.0", "180.0", "-90.0"]}, "tcspecmwf_2005_208_daily.tar": {"checksum": "aff4c2c7012024a50c232512aa9a78c2", "SizeMBDataGranule": "1550.93", "temporal": ["2005-07-27T00:00:00Z", "2005-07-27T21:00:00Z"], "wnes_geometry": ["-180.0", "90.0", "180.0", "-90.0"]}, "tcspecmwf_2005_209_daily.tar": {"checksum": "33f4d25ca0ac66a10604aac2a71d7756", "SizeMBDataGranule": "1550.93", "temporal": ["2005-07-28T00:00:00Z", "2005-07-28T21:00:00Z"], "wnes_geometry": ["-180.0", "90.0", "180.0", "-90.0"]}, "tcspecmwf_2005_210_daily.tar": {"checksum": "c0696b50a5bd684e480ab9d422ba84e0", "SizeMBDataGranule": "1550.93", "temporal": ["2005-07-29T00:00:00Z", "2005-07-29T21:00:00Z"], "wnes_geometry": ["-180.0", "90.0", "180.0", "-90.0"]}}