{"TC4_Nav_DC8_TN20070805.txt": {"start": "2007-08-05T12:21:46Z", "end": "2007-08-05T19:23:26Z", "north": "10.009", "south": "5.282", "east": "-76.676", "west": "-84.434", "format": "ASCII", "sizeMB": 4.91}, "TC4_Nav_DC8_TN20070721.txt": {"start": "2007-07-21T12:16:14Z", "end": "2007-07-21T20:12:15Z", "north": "12.294", "south": "2.469", "east": "-72.433", "west": "-85.591", "format": "ASCII", "sizeMB": 5.55}, "TC4_Nav_DC8_TN20070628.txt": {"start": "2007-06-28T21:34:56Z", "end": "2007-06-29T00:15:54Z", "north": "40.139", "south": "38.45", "east": "-119.375", "west": "-126.368", "format": "ASCII", "sizeMB": 2.61}, "TC4_Nav_DC8_TN20070702.txt": {"start": "2007-07-02T18:42:27Z", "end": "2007-07-03T00:01:20Z", "north": "38.794", "south": "31.694", "east": "-117.094", "west": "-125.133", "format": "ASCII", "sizeMB": 3.81}, "TC4_Nav_DC8_TN20070731.txt": {"start": "2007-07-31T12:39:48Z", "end": "2007-07-31T20:16:03Z", "north": "10.619", "south": "7.929", "east": "-82.36", "west": "-89.51", "format": "ASCII", "sizeMB": 5.36}, "TC4_Nav_DC8_TN20070803.txt": {"start": "2007-08-03T12:52:28Z", "end": "2007-08-03T19:41:56Z", "north": "13.877", "south": "5.131", "east": "-80.04", "west": "-86.321", "format": "ASCII", "sizeMB": 4.81}, "TC4_Nav_DC8_TN20070713.txt": {"start": "2007-07-13T15:07:47Z", "end": "2007-07-13T21:50:06Z", "north": "38.68", "south": "9.727", "east": "-84.204", "west": "-121.401", "format": "ASCII", "sizeMB": 4.74}, "TC4_Nav_DC8_TN20070808.txt": {"start": "2007-08-08T12:03:25Z", "end": "2007-08-08T21:17:35Z", "north": "10.008", "south": "1.433", "east": "-70.252", "west": "-85.174", "format": "ASCII", "sizeMB": 6.45}, "TC4_Nav_DC8_TN20070810.txt": {"start": "2007-08-10T14:48:04Z", "end": "2007-08-10T21:23:53Z", "north": "39.217", "south": "9.953", "east": "-84.136", "west": "-121.4", "format": "ASCII", "sizeMB": 4.72}, "TC4_Nav_DC8_TN20070717.txt": {"start": "2007-07-17T12:59:20Z", "end": "2007-07-17T20:17:30Z", "north": "10.008", "south": "-3.377", "east": "-80.031", "west": "-84.826", "format": "ASCII", "sizeMB": 5.11}, "TC4_Nav_DC8_TN20070729.txt": {"start": "2007-07-29T12:41:50Z", "end": "2007-07-29T20:09:56Z", "north": "10.585", "south": "-6.472", "east": "-78.218", "west": "-85.17", "format": "ASCII", "sizeMB": 5.25}, "TC4_Nav_DC8_TN20070728.txt": {"start": "2007-07-28T12:50:38Z", "end": "2007-07-28T19:22:21Z", "north": "16.579", "south": "8.705", "east": "-81.294", "west": "-88.796", "format": "ASCII", "sizeMB": 4.58}, "TC4_Nav_DC8_TN20070806.txt": {"start": "2007-08-06T11:45:18Z", "end": "2007-08-06T19:04:09Z", "north": "10.012", "south": "-3.001", "east": "-84.132", "west": "-92.315", "format": "ASCII", "sizeMB": 5.12}, "TC4_Nav_DC8_TN20070722.txt": {"start": "2007-07-22T12:59:36Z", "end": "2007-07-22T21:01:24Z", "north": "15.942", "south": "5.92", "east": "-78.158", "west": "-85.82", "format": "ASCII", "sizeMB": 5.64}, "TC4_Nav_DC8_TN20070724.txt": {"start": "2007-07-24T12:51:51Z", "end": "2007-07-24T16:33:39Z", "north": "10.008", "south": "5.013", "east": "-84.144", "west": "-86.06", "format": "ASCII", "sizeMB": 2.58}, "TC4_Nav_DC8_TN20070630.txt": {"start": "2007-06-30T19:35:47Z", "end": "2007-06-30T23:21:01Z", "north": "44.426", "south": "38.644", "east": "-121.489", "west": "-127.532", "format": "ASCII", "sizeMB": 2.68}}