{"IMPACTS2020_CRS_L1B_RevC_20200201.h5": {"start": "2020-02-01T11:33:22Z", "end": "2020-02-01T15:55:06Z", "north": "37.687", "south": "33.523", "east": "-71.749", "west": "-79.072", "format": "HDF-5", "sizeMB": 1517.99}, "IMPACTS2020_CRS_L1B_RevC_20200205.h5": {"start": "2020-02-05T19:23:24Z", "end": "2020-02-06T00:49:26Z", "north": "42.212", "south": "33.377", "east": "-80.278", "west": "-90.774", "format": "HDF-5", "sizeMB": 1890.89}, "IMPACTS2020_CRS_L1B_RevC_20200125.h5": {"start": "2020-01-25T18:19:54Z", "end": "2020-01-26T00:32:01Z", "north": "44.76", "south": "33.196", "east": "-71.691", "west": "-78.902", "format": "HDF-5", "sizeMB": 2158.21}, "IMPACTS2020_CRS_L1B_RevC_20200207.h5": {"start": "2020-02-07T12:22:27Z", "end": "2020-02-07T18:01:09Z", "north": "43.154", "south": "33.06", "east": "-73.182", "west": "-79.918", "format": "HDF-5", "sizeMB": 1964.42}, "IMPACTS2020_CRS_L1B_RevC_20200225.h5": {"start": "2020-02-25T20:29:26Z", "end": "2020-02-26T03:11:42Z", "north": "41.847", "south": "33.385", "east": "-80.397", "west": "-88.651", "format": "HDF-5", "sizeMB": 2332.97}, "IMPACTS2020_CRS_L1B_RevC_20200227.h5": {"start": "2020-02-27T07:43:50Z", "end": "2020-02-27T14:23:22Z", "north": "44.177", "south": "33.575", "east": "-72.932", "west": "-79.553", "format": "HDF-5", "sizeMB": 2317.11}, "IMPACTS2022_CRS_L1B_RevB_20220203.h5": {"start": "2022-02-03T14:33:29Z", "end": "2022-02-03T16:17:13Z", "north": "42.307", "south": "37.013", "east": "-81.587", "west": "-84.938", "format": "HDF-5", "sizeMB": 601.79}, "IMPACTS2022_CRS_L1B_RevB_20220119.h5": {"start": "2022-01-19T11:06:56Z", "end": "2022-01-19T17:14:19Z", "north": "47.673", "south": "36.551", "east": "-72.203", "west": "-77.367", "format": "HDF-5", "sizeMB": 2130.76}, "IMPACTS2022_CRS_L1B_RevB_20220129.h5": {"start": "2022-01-29T22:53:36Z", "end": "2022-01-30T03:05:32Z", "north": "43.867", "south": "37.36", "east": "-68.261", "west": "-77.229", "format": "HDF-5", "sizeMB": 1461.26}, "IMPACTS2022_CRS_L1B_RevB_20220213.h5": {"start": "2022-02-13T11:55:55Z", "end": "2022-02-13T15:45:45Z", "north": "42.728", "south": "36.653", "east": "-69.576", "west": "-77.197", "format": "HDF-5", "sizeMB": 1333.04}, "IMPACTS2022_CRS_L1B_RevB_20220204.h5": {"start": "2022-02-04T13:01:42Z", "end": "2022-02-04T19:48:20Z", "north": "46.266", "south": "36.701", "east": "-68.182", "west": "-77.023", "format": "HDF-5", "sizeMB": 2358.39}, "IMPACTS2022_CRS_L1B_RevB_20220208.h5": {"start": "2022-02-08T12:30:33Z", "end": "2022-02-08T18:35:58Z", "north": "47.696", "south": "36.902", "east": "-64.894", "west": "-76.714", "format": "HDF-5", "sizeMB": 2119.35}, "IMPACTS2022_CRS_L1B_RevB_20220222.h5": {"start": "2022-02-22T22:13:40Z", "end": "2022-02-22T23:37:53Z", "north": "34.907", "south": "31.073", "east": "-77.722", "west": "-81.058", "format": "HDF-5", "sizeMB": 488.5}, "IMPACTS2022_CRS_L1B_RevB_20220219.h5": {"start": "2022-02-19T12:33:55Z", "end": "2022-02-19T16:43:01Z", "north": "46.716", "south": "36.952", "east": "-71.432", "west": "-77.781", "format": "HDF-5", "sizeMB": 1444.76}, "IMPACTS2022_CRS_L1B_RevB_20220217.h5": {"start": "2022-02-17T16:44:01Z", "end": "2022-02-17T23:28:40Z", "north": "43.065", "south": "37.026", "east": "-81.461", "west": "-87.893", "format": "HDF-5", "sizeMB": 2346.91}, "IMPACTS2022_CRS_L1B_RevB_20220225.h5": {"start": "2022-02-25T08:25:58Z", "end": "2022-02-25T14:51:51Z", "north": "43.856", "south": "35.509", "east": "-73.122", "west": "-79.219", "format": "HDF-5", "sizeMB": 2238.07}, "IMPACTS2023_CRS_L1B_RevA_20230113.h5": {"start": "2023-01-13T03:33:08Z", "end": "2023-01-13T10:46:22Z", "north": "47.534", "south": "33.91", "east": "-74.583", "west": "-84.532", "format": "HDF-5", "sizeMB": 4198.45}, "IMPACTS2023_CRS_L1B_RevA_20230115.h5": {"start": "2023-01-15T12:55:34Z", "end": "2023-01-15T19:59:04Z", "north": "40.197", "south": "33.91", "east": "-67.286", "west": "-84.525", "format": "HDF-5", "sizeMB": 4104.29}, "IMPACTS2023_CRS_L1B_RevA_20230119.h5": {"start": "2023-01-19T19:43:28Z", "end": "2023-01-20T03:18:30Z", "north": "46.883", "south": "33.91", "east": "-74.597", "west": "-84.528", "format": "HDF-5", "sizeMB": 4409.84}, "IMPACTS2023_CRS_L1B_RevA_20230123.h5": {"start": "2023-01-23T12:09:21Z", "end": "2023-01-23T19:17:06Z", "north": "45.274", "south": "33.91", "east": "-68.394", "west": "-84.53", "format": "HDF-5", "sizeMB": 4145.51}, "IMPACTS2023_CRS_L1B_RevA_20230125.h5": {"start": "2023-01-25T17:40:47Z", "end": "2023-01-26T01:15:48Z", "north": "44.554", "south": "33.91", "east": "-73.233", "west": "-84.526", "format": "HDF-5", "sizeMB": 4409.76}, "IMPACTS2023_CRS_L1B_RevA_20230129.h5": {"start": "2023-01-29T12:43:09Z", "end": "2023-01-29T18:32:41Z", "north": "46.218", "south": "33.91", "east": "-75.318", "west": "-84.547", "format": "HDF-5", "sizeMB": 3387.48}, "IMPACTS2023_CRS_L1B_RevA_20230205.h5": {"start": "2023-02-05T12:41:00Z", "end": "2023-02-05T20:12:22Z", "north": "48.658", "south": "33.91", "east": "-74.577", "west": "-84.528", "format": "HDF-5", "sizeMB": 4374.34}, "IMPACTS2023_CRS_L1B_RevA_20230212.h5": {"start": "2023-02-12T12:55:04Z", "end": "2023-02-12T19:51:54Z", "north": "39.85", "south": "33.91", "east": "-74.506", "west": "-84.562", "format": "HDF-5", "sizeMB": 4039.72}, "IMPACTS2023_CRS_L1B_RevA_20230214.h5": {"start": "2023-02-14T21:37:07Z", "end": "2023-02-15T04:55:47Z", "north": "48.131", "south": "33.912", "east": "-83.902", "west": "-95.46", "format": "HDF-5", "sizeMB": 4251.19}, "IMPACTS2023_CRS_L1B_RevA_20230217.h5": {"start": "2023-02-17T11:58:13Z", "end": "2023-02-17T19:17:03Z", "north": "48.058", "south": "33.91", "east": "-69.094", "west": "-84.554", "format": "HDF-5", "sizeMB": 4252.76}, "IMPACTS2023_CRS_L1B_RevA_20230228.h5": {"start": "2023-02-28T09:06:18Z", "end": "2023-02-28T16:08:18Z", "north": "43.389", "south": "34.263", "east": "-69.412", "west": "-84.383", "format": "HDF-5", "sizeMB": 4089.71}}