{"WWLLN_th_2014.nc": {"start": "2014-01-01T00:00:00Z", "end": "2014-12-31T23:59:59Z", "north": "89.975", "south": "-89.975", "east": "179.975", "west": "-179.975", "format": "netCDF-4", "sizeMB": 622.15}, "WWLLN_th_2018.nc": {"start": "2018-01-01T00:00:00Z", "end": "2018-12-31T23:59:59Z", "north": "89.975", "south": "-89.975", "east": "179.975", "west": "-179.975", "format": "netCDF-4", "sizeMB": 622.15}, "WWLLN_th_2022.nc": {"start": "2022-01-01T00:00:00Z", "end": "2022-12-31T23:59:59Z", "north": "89.975", "south": "-89.975", "east": "179.975", "west": "-179.975", "format": "netCDF-4", "sizeMB": 622.15}, "WWLLN_th_2013.nc": {"start": "2013-01-01T00:00:00Z", "end": "2013-12-31T23:59:59Z", "north": "89.975", "south": "-89.975", "east": "179.975", "west": "-179.975", "format": "netCDF-4", "sizeMB": 622.15}, "WWLLN_th_2020.nc": {"start": "2020-01-01T00:00:00Z", "end": "2020-12-31T23:59:59Z", "north": "89.975", "south": "-89.975", "east": "179.975", "west": "-179.975", "format": "netCDF-4", "sizeMB": 622.15}, "WWLLN_th_2017.nc": {"start": "2017-01-01T00:00:00Z", "end": "2017-12-31T23:59:59Z", "north": "89.975", "south": "-89.975", "east": "179.975", "west": "-179.975", "format": "netCDF-4", "sizeMB": 622.15}, "WWLLN_th_2019.nc": {"start": "2019-01-01T00:00:00Z", "end": "2019-12-31T23:59:59Z", "north": "89.975", "south": "-89.975", "east": "179.975", "west": "-179.975", "format": "netCDF-4", "sizeMB": 622.15}, "WWLLN_th_2015.nc": {"start": "2015-01-01T00:00:00Z", "end": "2015-12-31T23:59:59Z", "north": "89.975", "south": "-89.975", "east": "179.975", "west": "-179.975", "format": "netCDF-4", "sizeMB": 622.15}, "WWLLN_th_2021.nc": {"start": "2021-01-01T00:00:00Z", "end": "2021-12-31T23:59:59Z", "north": "89.975", "south": "-89.975", "east": "179.975", "west": "-179.975", "format": "netCDF-4", "sizeMB": 622.15}, "WWLLN_th_2016.nc": {"start": "2016-01-01T00:00:00Z", "end": "2016-12-31T23:59:59Z", "north": "89.975", "south": "-89.975", "east": "179.975", "west": "-179.975", "format": "netCDF-4", "sizeMB": 622.15}, "WWLLN_th_2023.nc": {"start": "2023-01-01T00:00:00Z", "end": "2023-12-31T23:59:59Z", "north": "89.975", "south": "-89.975", "east": "179.975", "west": "-179.975", "format": "netCDF-4", "sizeMB": 622.15}, "WWLLN_th_2024.nc": {"start": "2024-01-01T00:00:00Z", "end": "2024-12-31T23:59:59Z", "north": "89.975", "south": "-89.975", "east": "179.975", "west": "-179.975", "format": "netCDF-4", "sizeMB": 622.15}}