{"IMPACTS_CPL_ATB_L1_20200223.hdf5": {"start": "2020-02-23T16:55:15Z", "end": "2020-02-23T18:05:45Z", "north": "34.575", "south": "32.858", "east": "-76.137", "west": "-79.602", "format": "HDF-5", "sizeMB": 395.46}, "IMPACTS_CPL_ATB_L1_20200118.hdf5": {"start": "2020-01-18T17:40:33Z", "end": "2020-01-18T20:18:54Z", "north": "41.195", "south": "33.519", "east": "-74.009", "west": "-79.035", "format": "HDF-5", "sizeMB": 890.82}, "IMPACTS_CPL_ATB_L1_20200115.hdf5": {"start": "2020-01-15T17:55:40Z", "end": "2020-01-15T21:33:13Z", "north": "35.07", "south": "33.061", "east": "-85.327", "west": "-117.23", "format": "HDF-5", "sizeMB": 1223.06}, "IMPACTS_CPL_ATB_L1_20200201.hdf5": {"start": "2020-02-01T11:33:15Z", "end": "2020-02-01T15:55:03Z", "north": "37.687", "south": "33.511", "east": "-71.75", "west": "-79.088", "format": "HDF-5", "sizeMB": 1443.75}, "IMPACTS_CPL_ATB_L1_20200207.hdf5": {"start": "2020-02-07T13:29:06Z", "end": "2020-02-07T18:01:08Z", "north": "43.154", "south": "33.067", "east": "-73.182", "west": "-79.914", "format": "HDF-5", "sizeMB": 1529.9}, "IMPACTS_CPL_ATB_L1_20200302.hdf5": {"start": "2020-03-02T15:49:11Z", "end": "2020-03-02T20:17:51Z", "north": "36.12", "south": "32.517", "east": "-82.424", "west": "-116.864", "format": "HDF-5", "sizeMB": 1511.24}, "IMPACTS_CPL_ATB_L1_20220108.hdf5": {"start": "2022-01-08T16:18:26Z", "end": "2022-01-08T20:21:20Z", "north": "40.709", "south": "35.863", "east": "-81.647", "west": "-116.53", "format": "HDF-5", "sizeMB": 1012.85}, "IMPACTS_CPL_ATB_L1_20200125.hdf5": {"start": "2020-01-25T18:53:12Z", "end": "2020-01-25T23:28:08Z", "north": "44.76", "south": "35.623", "east": "-71.691", "west": "-75.192", "format": "HDF-5", "sizeMB": 1546.4}, "IMPACTS_CPL_ATB_L1_20200205.hdf5": {"start": "2020-02-05T19:23:20Z", "end": "2020-02-06T00:49:20Z", "north": "42.212", "south": "33.37", "east": "-80.269", "west": "-90.775", "format": "HDF-5", "sizeMB": 1833.74}, "IMPACTS_CPL_ATB_L1_20220203.hdf5": {"start": "2022-02-03T14:16:49Z", "end": "2022-02-03T16:15:45Z", "north": "42.307", "south": "36.368", "east": "-80.503", "west": "-84.938", "format": "HDF-5", "sizeMB": 496.25}, "IMPACTS_CPL_ATB_L1_20200227.hdf5": {"start": "2020-02-27T08:17:50Z", "end": "2020-02-27T14:22:55Z", "north": "44.177", "south": "34.465", "east": "-72.932", "west": "-79.538", "format": "HDF-5", "sizeMB": 2050.11}, "IMPACTS_CPL_ATB_L1_20220129.hdf5": {"start": "2022-01-29T22:51:27Z", "end": "2022-01-30T03:04:36Z", "north": "43.813", "south": "37.153", "east": "-68.317", "west": "-77.161", "format": "HDF-5", "sizeMB": 962.81}, "IMPACTS_CPL_ATB_L1_20200225.hdf5": {"start": "2020-02-25T20:29:21Z", "end": "2020-02-26T03:11:20Z", "north": "41.847", "south": "33.377", "east": "-80.387", "west": "-88.651", "format": "HDF-5", "sizeMB": 2260.76}, "IMPACTS_CPL_ATB_L1_20220222.hdf5": {"start": "2022-02-22T22:12:09Z", "end": "2022-02-22T23:37:52Z", "north": "35.107", "south": "31.073", "east": "-77.722", "west": "-81.058", "format": "HDF-5", "sizeMB": 357.65}, "IMPACTS_CPL_ATB_L1_20220119.hdf5": {"start": "2022-01-19T11:08:30Z", "end": "2022-01-19T17:13:19Z", "north": "47.662", "south": "36.548", "east": "-72.203", "west": "-77.373", "format": "HDF-5", "sizeMB": 1491.01}, "IMPACTS_CPL_ATB_L1_20220213.hdf5": {"start": "2022-02-13T11:53:32Z", "end": "2022-02-13T15:45:44Z", "north": "42.728", "south": "36.655", "east": "-69.576", "west": "-77.197", "format": "HDF-5", "sizeMB": 968.37}, "IMPACTS_CPL_ATB_L1_20220219.hdf5": {"start": "2022-02-19T12:31:45Z", "end": "2022-02-19T16:42:57Z", "north": "46.717", "south": "36.959", "east": "-71.431", "west": "-77.92", "format": "HDF-5", "sizeMB": 1046.36}, "IMPACTS_CPL_ATB_L1_20230105.hdf5": {"start": "2023-01-05T16:25:04Z", "end": "2023-01-05T19:39:04Z", "north": "36.268", "south": "34.497", "east": "-87.858", "west": "-115.496", "format": "HDF-5", "sizeMB": 777.59}, "IMPACTS_CPL_ATB_L1_20220208.hdf5": {"start": "2022-02-08T12:27:37Z", "end": "2022-02-08T18:35:52Z", "north": "47.696", "south": "36.894", "east": "-64.894", "west": "-76.703", "format": "HDF-5", "sizeMB": 1535.15}, "IMPACTS_CPL_ATB_L1_20220204.hdf5": {"start": "2022-02-04T12:59:13Z", "end": "2022-02-04T19:48:16Z", "north": "46.266", "south": "36.707", "east": "-68.181", "west": "-77.018", "format": "HDF-5", "sizeMB": 1694.33}, "IMPACTS_CPL_ATB_L1_20220217.hdf5": {"start": "2022-02-17T16:34:13Z", "end": "2022-02-17T23:28:36Z", "north": "43.065", "south": "36.409", "east": "-80.66", "west": "-87.893", "format": "HDF-5", "sizeMB": 1661.52}, "IMPACTS_CPL_ATB_L1_20220228.hdf5": {"start": "2022-02-28T14:28:03Z", "end": "2022-02-28T18:53:58Z", "north": "37.045", "south": "35.546", "east": "-81.081", "west": "-116.565", "format": "HDF-5", "sizeMB": 1109.12}, "IMPACTS_CPL_ATB_L1_20230113.hdf5": {"start": "2023-01-13T04:30:00Z", "end": "2023-01-13T10:15:57Z", "north": "47.431", "south": "36.913", "east": "-74.937", "west": "-82.899", "format": "HDF-5", "sizeMB": 1253.74}, "IMPACTS_CPL_ATB_L1_20220225.hdf5": {"start": "2022-02-25T08:24:37Z", "end": "2022-02-25T14:51:49Z", "north": "43.856", "south": "35.514", "east": "-73.122", "west": "-79.218", "format": "HDF-5", "sizeMB": 1607.86}, "IMPACTS_CPL_ATB_L1_20230119.hdf5": {"start": "2023-01-19T20:29:54Z", "end": "2023-01-20T02:49:37Z", "north": "46.884", "south": "36.802", "east": "-74.596", "west": "-83.307", "format": "HDF-5", "sizeMB": 1278.52}, "IMPACTS_CPL_ATB_L1_20230115.hdf5": {"start": "2023-01-15T13:43:11Z", "end": "2023-01-15T19:43:00Z", "north": "40.197", "south": "35.343", "east": "-67.286", "west": "-82.883", "format": "HDF-5", "sizeMB": 1423.32}, "IMPACTS_CPL_ATB_L1_20230129.hdf5": {"start": "2023-01-29T13:34:11Z", "end": "2023-01-29T18:01:29Z", "north": "46.205", "south": "36.768", "east": "-75.419", "west": "-83.094", "format": "HDF-5", "sizeMB": 1044.62}, "IMPACTS_CPL_ATB_L1_20230123.hdf5": {"start": "2023-01-23T12:53:00Z", "end": "2023-01-23T18:33:06Z", "north": "45.227", "south": "36.686", "east": "-68.394", "west": "-82.769", "format": "HDF-5", "sizeMB": 1335.29}, "IMPACTS_CPL_L2_V1-02_01kmLay_20200115.hdf5": {"start": "2020-01-15T17:55:40Z", "end": "2020-01-15T21:33:13Z", "north": "35.07", "south": "33.061", "east": "-85.327", "west": "-117.23", "format": "HDF-5", "sizeMB": 7.94}, "IMPACTS_CPL_L2_V1-02_01kmLay_20200118.hdf5": {"start": "2020-01-18T17:40:33Z", "end": "2020-01-18T20:18:54Z", "north": "41.195", "south": "33.519", "east": "-74.009", "west": "-79.035", "format": "HDF-5", "sizeMB": 5.8}, "IMPACTS_CPL_L2_V1-02_01kmLay_20200125.hdf5": {"start": "2020-01-25T18:53:12Z", "end": "2020-01-25T23:28:08Z", "north": "44.76", "south": "35.623", "east": "-71.691", "west": "-75.192", "format": "HDF-5", "sizeMB": 10.03}, "IMPACTS_CPL_L2_V1-02_01kmLay_20200201.hdf5": {"start": "2020-02-01T11:33:15Z", "end": "2020-02-01T15:55:03Z", "north": "37.687", "south": "33.511", "east": "-71.75", "west": "-79.088", "format": "HDF-5", "sizeMB": 9.37}, "IMPACTS_CPL_L2_V1-02_01kmLay_20200205.hdf5": {"start": "2020-02-05T19:23:20Z", "end": "2020-02-06T00:49:20Z", "north": "42.212", "south": "33.37", "east": "-80.269", "west": "-90.775", "format": "HDF-5", "sizeMB": 11.88}, "IMPACTS_CPL_L2_V1-02_01kmLay_20200207.hdf5": {"start": "2020-02-07T13:29:06Z", "end": "2020-02-07T18:01:08Z", "north": "43.154", "south": "33.067", "east": "-73.182", "west": "-79.914", "format": "HDF-5", "sizeMB": 9.92}, "IMPACTS_CPL_L2_V1-02_01kmLay_20200223.hdf5": {"start": "2020-02-23T16:55:15Z", "end": "2020-02-23T18:05:45Z", "north": "34.575", "south": "32.858", "east": "-76.137", "west": "-79.602", "format": "HDF-5", "sizeMB": 2.6}, "IMPACTS_CPL_L2_V1-02_01kmLay_20200225.hdf5": {"start": "2020-02-25T20:29:21Z", "end": "2020-02-26T03:11:20Z", "north": "41.847", "south": "33.377", "east": "-80.387", "west": "-88.651", "format": "HDF-5", "sizeMB": 14.64}, "IMPACTS_CPL_L2_V1-02_01kmLay_20200227.hdf5": {"start": "2020-02-27T08:17:50Z", "end": "2020-02-27T14:22:55Z", "north": "44.177", "south": "34.465", "east": "-72.932", "west": "-79.538", "format": "HDF-5", "sizeMB": 13.29}, "IMPACTS_CPL_ATB_L1_20230226.hdf5": {"start": "2023-02-26T15:23:19Z", "end": "2023-02-26T18:12:51Z", "north": "32.159", "south": "26.907", "east": "-82.549", "west": "-86.349", "format": "HDF-5", "sizeMB": 679.01}, "IMPACTS_CPL_L2_V1-02_01kmLay_20200302.hdf5": {"start": "2020-03-02T15:49:11Z", "end": "2020-03-02T20:17:51Z", "north": "36.12", "south": "32.517", "east": "-82.424", "west": "-116.864", "format": "HDF-5", "sizeMB": 9.8}, "IMPACTS_CPL_L2_V1-02_01kmLay_20220108.hdf5": {"start": "2022-01-08T16:18:26Z", "end": "2022-01-08T20:21:20Z", "north": "40.709", "south": "35.863", "east": "-81.647", "west": "-116.53", "format": "HDF-5", "sizeMB": 8.87}, "IMPACTS_CPL_L2_V1-02_01kmLay_20220119.hdf5": {"start": "2022-01-19T11:08:30Z", "end": "2022-01-19T17:13:19Z", "north": "47.662", "south": "36.548", "east": "-72.203", "west": "-77.373", "format": "HDF-5", "sizeMB": 13.04}, "IMPACTS_CPL_L2_V1-02_01kmLay_20220129.hdf5": {"start": "2022-01-29T22:51:27Z", "end": "2022-01-30T03:04:36Z", "north": "43.811", "south": "37.153", "east": "-68.317", "west": "-77.161", "format": "HDF-5", "sizeMB": 8.44}, "IMPACTS_CPL_L2_V1-02_01kmLay_20220203.hdf5": {"start": "2022-02-03T14:16:49Z", "end": "2022-02-03T16:15:45Z", "north": "42.307", "south": "36.368", "east": "-80.503", "west": "-84.938", "format": "HDF-5", "sizeMB": 4.37}, "IMPACTS_CPL_ATB_L1_20230212.hdf5": {"start": "2023-02-12T13:54:16Z", "end": "2023-02-12T19:23:20Z", "north": "39.841", "south": "34.806", "east": "-74.506", "west": "-82.423", "format": "HDF-5", "sizeMB": 1293.48}, "IMPACTS_CPL_L2_V1-02_01kmLay_20220208.hdf5": {"start": "2022-02-08T12:27:37Z", "end": "2022-02-08T18:35:52Z", "north": "47.696", "south": "36.894", "east": "-64.894", "west": "-76.703", "format": "HDF-5", "sizeMB": 13.41}, "IMPACTS_CPL_L2_V1-02_01kmLay_20220204.hdf5": {"start": "2022-02-04T12:59:13Z", "end": "2022-02-04T19:48:16Z", "north": "46.266", "south": "36.707", "east": "-68.181", "west": "-77.018", "format": "HDF-5", "sizeMB": 14.82}, "IMPACTS_CPL_L2_V1-02_01kmLay_20220213.hdf5": {"start": "2022-02-13T11:53:32Z", "end": "2022-02-13T15:45:44Z", "north": "42.728", "south": "36.655", "east": "-69.576", "west": "-77.197", "format": "HDF-5", "sizeMB": 8.48}, "IMPACTS_CPL_L2_V1-02_01kmLay_20220219.hdf5": {"start": "2022-02-19T12:31:45Z", "end": "2022-02-19T16:42:57Z", "north": "46.717", "south": "36.959", "east": "-71.431", "west": "-77.92", "format": "HDF-5", "sizeMB": 9.16}, "IMPACTS_CPL_L2_V1-02_01kmLay_20220217.hdf5": {"start": "2022-02-17T16:34:13Z", "end": "2022-02-17T23:28:36Z", "north": "43.065", "south": "36.409", "east": "-80.66", "west": "-87.892", "format": "HDF-5", "sizeMB": 14.52}, "IMPACTS_CPL_L2_V1-02_01kmLay_20220222.hdf5": {"start": "2022-02-22T22:12:09Z", "end": "2022-02-22T23:37:52Z", "north": "35.107", "south": "31.073", "east": "-77.722", "west": "-81.058", "format": "HDF-5", "sizeMB": 3.16}, "IMPACTS_CPL_L2_V1-02_01kmLay_20220225.hdf5": {"start": "2022-02-25T08:24:37Z", "end": "2022-02-25T14:51:49Z", "north": "43.856", "south": "35.514", "east": "-73.122", "west": "-79.218", "format": "HDF-5", "sizeMB": 14.05}, "IMPACTS_CPL_L2_V1-02_01kmLay_20220228.hdf5": {"start": "2022-02-28T14:28:03Z", "end": "2022-02-28T18:53:58Z", "north": "37.045", "south": "35.546", "east": "-81.081", "west": "-116.565", "format": "HDF-5", "sizeMB": 9.7}, "IMPACTS_CPL_L2_V1-02_01kmLay_20230105.hdf5": {"start": "2023-01-05T16:25:04Z", "end": "2023-01-05T19:39:04Z", "north": "36.268", "south": "34.497", "east": "-87.858", "west": "-115.496", "format": "HDF-5", "sizeMB": 7.09}, "IMPACTS_CPL_L2_V1-02_01kmLay_20230115.hdf5": {"start": "2023-01-15T13:43:11Z", "end": "2023-01-15T19:43:00Z", "north": "40.197", "south": "35.343", "east": "-67.286", "west": "-82.883", "format": "HDF-5", "sizeMB": 12.95}, "IMPACTS_CPL_L2_V1-02_01kmLay_20230113.hdf5": {"start": "2023-01-13T04:30:00Z", "end": "2023-01-13T10:15:57Z", "north": "47.43", "south": "36.913", "east": "-74.937", "west": "-82.899", "format": "HDF-5", "sizeMB": 11.41}, "IMPACTS_CPL_L2_V1-02_01kmLay_20230119.hdf5": {"start": "2023-01-19T20:29:54Z", "end": "2023-01-20T02:49:37Z", "north": "46.884", "south": "36.802", "east": "-74.596", "west": "-83.307", "format": "HDF-5", "sizeMB": 11.63}, "IMPACTS_CPL_L2_V1-02_01kmLay_20230123.hdf5": {"start": "2023-01-23T12:53:00Z", "end": "2023-01-23T18:33:06Z", "north": "45.227", "south": "36.686", "east": "-68.394", "west": "-82.769", "format": "HDF-5", "sizeMB": 12.15}, "IMPACTS_CPL_L2_V1-02_01kmLay_20230129.hdf5": {"start": "2023-01-29T13:34:11Z", "end": "2023-01-29T18:01:29Z", "north": "46.205", "south": "36.768", "east": "-75.419", "west": "-83.094", "format": "HDF-5", "sizeMB": 9.52}, "IMPACTS_CPL_L2_V1-02_01kmLay_20230125.hdf5": {"start": "2023-01-25T18:26:39Z", "end": "2023-01-26T00:54:56Z", "north": "44.516", "south": "35.135", "east": "-73.233", "west": "-82.991", "format": "HDF-5", "sizeMB": 13.98}, "IMPACTS_CPL_ATB_L1_20230214.hdf5": {"start": "2023-02-14T22:34:27Z", "end": "2023-02-15T04:37:13Z", "north": "48.112", "south": "36.095", "east": "-84.781", "west": "-95.416", "format": "HDF-5", "sizeMB": 1359.47}, "IMPACTS_CPL_L2_V1-02_01kmLay_20230205.hdf5": {"start": "2023-02-05T13:36:52Z", "end": "2023-02-05T19:50:32Z", "north": "48.657", "south": "36.328", "east": "-74.577", "west": "-82.933", "format": "HDF-5", "sizeMB": 13.04}, "IMPACTS_CPL_L2_V1-02_01kmLay_20230212.hdf5": {"start": "2023-02-12T13:54:16Z", "end": "2023-02-12T19:23:20Z", "north": "39.841", "south": "34.806", "east": "-74.506", "west": "-82.423", "format": "HDF-5", "sizeMB": 11.77}, "IMPACTS_CPL_L2_V1-02_01kmLay_20230214.hdf5": {"start": "2023-02-14T22:34:27Z", "end": "2023-02-15T04:37:13Z", "north": "48.112", "south": "36.095", "east": "-84.781", "west": "-95.416", "format": "HDF-5", "sizeMB": 12.38}, "IMPACTS_CPL_L2_V1-02_01kmLay_20230226.hdf5": {"start": "2023-02-26T15:23:19Z", "end": "2023-02-26T18:12:51Z", "north": "32.159", "south": "26.907", "east": "-82.549", "west": "-86.349", "format": "HDF-5", "sizeMB": 6.2}, "IMPACTS_CPL_L2_V1-02_01kmLay_20230217.hdf5": {"start": "2023-02-17T12:51:23Z", "end": "2023-02-17T18:58:36Z", "north": "48.058", "south": "35.886", "east": "-69.094", "west": "-82.288", "format": "HDF-5", "sizeMB": 13.26}, "IMPACTS_CPL_L2_V1-02_01kmLay_20230228.hdf5": {"start": "2023-02-28T09:29:41Z", "end": "2023-02-28T15:45:31Z", "north": "43.348", "south": "35.835", "east": "-69.418", "west": "-83.375", "format": "HDF-5", "sizeMB": 13.1}, "IMPACTS_CPL_ATB_L1_20230205.hdf5": {"start": "2023-02-05T13:36:52Z", "end": "2023-02-05T19:50:32Z", "north": "48.657", "south": "36.328", "east": "-74.577", "west": "-82.933", "format": "HDF-5", "sizeMB": 1432.74}, "IMPACTS_CPL_L2_V1-02_01kmLay_20230302.hdf5": {"start": "2023-03-02T12:29:22Z", "end": "2023-03-02T16:11:32Z", "north": "36.356", "south": "34.95", "east": "-86.292", "west": "-115.48", "format": "HDF-5", "sizeMB": 8.11}, "IMPACTS_CPL_ATB_L1_20230125.hdf5": {"start": "2023-01-25T18:26:39Z", "end": "2023-01-26T00:54:56Z", "north": "44.516", "south": "35.135", "east": "-73.233", "west": "-82.991", "format": "HDF-5", "sizeMB": 1537.6}, "IMPACTS_CPL_ATB_L1_20230302.hdf5": {"start": "2023-03-02T12:29:22Z", "end": "2023-03-02T16:11:32Z", "north": "36.356", "south": "34.95", "east": "-86.292", "west": "-115.48", "format": "HDF-5", "sizeMB": 890.4}, "IMPACTS_CPL_L2_V1-02_01kmPro_20200223.hdf5": {"start": "2020-02-23T16:55:15Z", "end": "2020-02-23T18:05:45Z", "north": "34.575", "south": "32.858", "east": "-76.137", "west": "-79.602", "format": "HDF-5", "sizeMB": 95.87}, "IMPACTS_CPL_L2_V1-02_01kmPro_20200118.hdf5": {"start": "2020-01-18T17:40:33Z", "end": "2020-01-18T20:18:54Z", "north": "41.195", "south": "33.519", "east": "-74.009", "west": "-79.035", "format": "HDF-5", "sizeMB": 215.9}, "IMPACTS_CPL_L2_V1-02_01kmPro_20200115.hdf5": {"start": "2020-01-15T17:55:40Z", "end": "2020-01-15T21:33:13Z", "north": "35.07", "south": "33.061", "east": "-85.327", "west": "-117.23", "format": "HDF-5", "sizeMB": 296.41}, "IMPACTS_CPL_ATB_L2_20200125.hdf5": {"start": "2020-01-25T18:19:51Z", "end": "2020-01-26T00:28:12Z", "north": "44.74", "south": "33.194", "east": "-71.691", "west": "-78.543", "format": "HDF-5", "sizeMB": 833.24}, "IMPACTS_CPL_L2_V1-02_01kmPro_20200201.hdf5": {"start": "2020-02-01T11:33:15Z", "end": "2020-02-01T15:55:03Z", "north": "37.687", "south": "33.511", "east": "-71.75", "west": "-79.088", "format": "HDF-5", "sizeMB": 350.0}, "IMPACTS_CPL_L2_V1-02_01kmPro_20200125.hdf5": {"start": "2020-01-25T18:53:12Z", "end": "2020-01-25T23:28:08Z", "north": "44.76", "south": "35.623", "east": "-71.691", "west": "-75.192", "format": "HDF-5", "sizeMB": 374.64}, "IMPACTS_CPL_L2_V1-02_01kmPro_20200207.hdf5": {"start": "2020-02-07T13:29:06Z", "end": "2020-02-07T18:01:08Z", "north": "43.154", "south": "33.067", "east": "-73.182", "west": "-79.914", "format": "HDF-5", "sizeMB": 370.67}, "IMPACTS_CPL_L2_V1-02_01kmPro_20200205.hdf5": {"start": "2020-02-05T19:23:20Z", "end": "2020-02-06T00:49:20Z", "north": "42.212", "south": "33.37", "east": "-80.269", "west": "-90.775", "format": "HDF-5", "sizeMB": 444.25}, "IMPACTS_CPL_ATB_L1_20230217.hdf5": {"start": "2023-02-17T12:51:23Z", "end": "2023-02-17T18:58:36Z", "north": "48.058", "south": "35.886", "east": "-69.094", "west": "-82.288", "format": "HDF-5", "sizeMB": 1457.85}, "IMPACTS_CPL_L2_V1-02_01kmPro_20220203.hdf5": {"start": "2022-02-03T14:16:49Z", "end": "2022-02-03T16:15:45Z", "north": "42.307", "south": "36.368", "east": "-80.503", "west": "-84.938", "format": "HDF-5", "sizeMB": 156.25}, "IMPACTS_CPL_L2_V1-02_01kmPro_20200302.hdf5": {"start": "2020-03-02T15:49:11Z", "end": "2020-03-02T20:17:51Z", "north": "36.12", "south": "32.517", "east": "-82.424", "west": "-116.864", "format": "HDF-5", "sizeMB": 366.13}, "IMPACTS_CPL_ATB_L1_20230228.hdf5": {"start": "2023-02-28T09:29:41Z", "end": "2023-02-28T15:45:31Z", "north": "43.348", "south": "35.835", "east": "-69.418", "west": "-83.375", "format": "HDF-5", "sizeMB": 1439.35}, "IMPACTS_CPL_L2_V1-02_01kmPro_20220108.hdf5": {"start": "2022-01-08T16:18:26Z", "end": "2022-01-08T20:21:20Z", "north": "40.709", "south": "35.863", "east": "-81.647", "west": "-116.53", "format": "HDF-5", "sizeMB": 318.92}, "IMPACTS_CPL_L2_V1-02_01kmPro_20200227.hdf5": {"start": "2020-02-27T08:17:50Z", "end": "2020-02-27T14:22:55Z", "north": "44.177", "south": "34.465", "east": "-72.932", "west": "-79.538", "format": "HDF-5", "sizeMB": 496.82}, "IMPACTS_CPL_L2_V1-02_01kmPro_20220129.hdf5": {"start": "2022-01-29T22:51:27Z", "end": "2022-01-30T03:04:36Z", "north": "43.811", "south": "37.153", "east": "-68.317", "west": "-77.161", "format": "HDF-5", "sizeMB": 303.6}, "IMPACTS_CPL_L2_V1-02_01kmPro_20200225.hdf5": {"start": "2020-02-25T20:29:21Z", "end": "2020-02-26T03:11:20Z", "north": "41.847", "south": "33.377", "east": "-80.387", "west": "-88.651", "format": "HDF-5", "sizeMB": 547.81}, "IMPACTS_CPL_L2_V1-02_01kmPro_20220222.hdf5": {"start": "2022-02-22T22:12:09Z", "end": "2022-02-22T23:37:52Z", "north": "35.107", "south": "31.073", "east": "-77.722", "west": "-81.058", "format": "HDF-5", "sizeMB": 112.6}, "IMPACTS_CPL_L2_V1-02_01kmPro_20220119.hdf5": {"start": "2022-01-19T11:08:30Z", "end": "2022-01-19T17:13:19Z", "north": "47.662", "south": "36.548", "east": "-72.203", "west": "-77.373", "format": "HDF-5", "sizeMB": 469.77}, "IMPACTS_CPL_L2_V1-02_01kmPro_20220213.hdf5": {"start": "2022-02-13T11:53:32Z", "end": "2022-02-13T15:45:44Z", "north": "42.728", "south": "36.655", "east": "-69.576", "west": "-77.197", "format": "HDF-5", "sizeMB": 304.92}, "IMPACTS_CPL_L2_V1-02_01kmPro_20220208.hdf5": {"start": "2022-02-08T12:27:37Z", "end": "2022-02-08T18:35:52Z", "north": "47.696", "south": "36.894", "east": "-64.894", "west": "-76.703", "format": "HDF-5", "sizeMB": 483.22}, "IMPACTS_CPL_L2_V1-02_01kmPro_20220219.hdf5": {"start": "2022-02-19T12:31:45Z", "end": "2022-02-19T16:42:57Z", "north": "46.717", "south": "36.959", "east": "-71.431", "west": "-77.92", "format": "HDF-5", "sizeMB": 329.42}, "IMPACTS_CPL_L2_V1-02_01kmPro_20220204.hdf5": {"start": "2022-02-04T12:59:13Z", "end": "2022-02-04T19:48:16Z", "north": "46.266", "south": "36.707", "east": "-68.181", "west": "-77.018", "format": "HDF-5", "sizeMB": 533.98}, "IMPACTS_CPL_L2_V1-02_01kmPro_20230105.hdf5": {"start": "2023-01-05T16:25:04Z", "end": "2023-01-05T19:39:04Z", "north": "36.268", "south": "34.497", "east": "-87.858", "west": "-115.496", "format": "HDF-5", "sizeMB": 244.84}, "IMPACTS_CPL_L2_V1-02_01kmPro_20220228.hdf5": {"start": "2022-02-28T14:28:03Z", "end": "2022-02-28T18:53:58Z", "north": "37.045", "south": "35.546", "east": "-81.081", "west": "-116.565", "format": "HDF-5", "sizeMB": 349.11}, "IMPACTS_CPL_L2_V1-02_01kmPro_20220217.hdf5": {"start": "2022-02-17T16:34:13Z", "end": "2022-02-17T23:28:36Z", "north": "43.065", "south": "36.409", "east": "-80.66", "west": "-87.892", "format": "HDF-5", "sizeMB": 523.37}, "IMPACTS_CPL_L2_V1-02_01kmPro_20230113.hdf5": {"start": "2023-01-13T04:30:00Z", "end": "2023-01-13T10:15:57Z", "north": "47.43", "south": "36.913", "east": "-74.937", "west": "-82.899", "format": "HDF-5", "sizeMB": 394.72}, "IMPACTS_CPL_L2_V1-02_01kmPro_20220225.hdf5": {"start": "2022-02-25T08:24:37Z", "end": "2022-02-25T14:51:49Z", "north": "43.856", "south": "35.514", "east": "-73.122", "west": "-79.218", "format": "HDF-5", "sizeMB": 506.2}, "IMPACTS_CPL_L2_V1-02_01kmPro_20230119.hdf5": {"start": "2023-01-19T20:29:54Z", "end": "2023-01-20T02:49:37Z", "north": "46.884", "south": "36.802", "east": "-74.596", "west": "-83.307", "format": "HDF-5", "sizeMB": 402.39}, "IMPACTS_CPL_L2_V1-02_01kmPro_20230115.hdf5": {"start": "2023-01-15T13:43:11Z", "end": "2023-01-15T19:43:00Z", "north": "40.197", "south": "35.343", "east": "-67.286", "west": "-82.883", "format": "HDF-5", "sizeMB": 448.22}, "IMPACTS_CPL_L2_V1-02_01kmPro_20230129.hdf5": {"start": "2023-01-29T13:34:11Z", "end": "2023-01-29T18:01:29Z", "north": "46.205", "south": "36.768", "east": "-75.419", "west": "-83.094", "format": "HDF-5", "sizeMB": 329.03}, "IMPACTS_CPL_L2_V1-02_01kmPro_20230123.hdf5": {"start": "2023-01-23T12:53:00Z", "end": "2023-01-23T18:33:06Z", "north": "45.227", "south": "36.686", "east": "-68.394", "west": "-82.769", "format": "HDF-5", "sizeMB": 420.47}, "IMPACTS_CPL_L2_V1-02_01kmPro_20230226.hdf5": {"start": "2023-02-26T15:23:19Z", "end": "2023-02-26T18:12:51Z", "north": "32.159", "south": "26.907", "east": "-82.549", "west": "-86.349", "format": "HDF-5", "sizeMB": 213.83}, "IMPACTS_CPL_L2_V1-02_01kmPro_20230212.hdf5": {"start": "2023-02-12T13:54:16Z", "end": "2023-02-12T19:23:20Z", "north": "39.841", "south": "34.806", "east": "-74.506", "west": "-82.423", "format": "HDF-5", "sizeMB": 407.33}, "IMPACTS_CPL_L2_V1-02_01kmPro_20230125.hdf5": {"start": "2023-01-25T18:26:39Z", "end": "2023-01-26T00:54:56Z", "north": "44.516", "south": "35.135", "east": "-73.233", "west": "-82.991", "format": "HDF-5", "sizeMB": 484.06}, "IMPACTS_CPL_L2_V1-02_01kmPro_20230205.hdf5": {"start": "2023-02-05T13:36:52Z", "end": "2023-02-05T19:50:32Z", "north": "48.657", "south": "36.328", "east": "-74.577", "west": "-82.933", "format": "HDF-5", "sizeMB": 451.48}, "IMPACTS_CPL_L2_V1-02_01kmPro_20230302.hdf5": {"start": "2023-03-02T12:29:22Z", "end": "2023-03-02T16:11:32Z", "north": "36.356", "south": "34.95", "east": "-86.292", "west": "-115.48", "format": "HDF-5", "sizeMB": 280.26}, "IMPACTS_CPL_L2_V1-02_01kmPro_20230214.hdf5": {"start": "2023-02-14T22:34:27Z", "end": "2023-02-15T04:37:13Z", "north": "48.112", "south": "36.095", "east": "-84.781", "west": "-95.416", "format": "HDF-5", "sizeMB": 428.36}, "IMPACTS_CPL_L2_V1-02_01kmPro_20230217.hdf5": {"start": "2023-02-17T12:51:23Z", "end": "2023-02-17T18:58:36Z", "north": "48.058", "south": "35.886", "east": "-69.094", "west": "-82.288", "format": "HDF-5", "sizeMB": 459.15}, "IMPACTS_CPL_L2_V1-02_01kmPro_20230228.hdf5": {"start": "2023-02-28T09:29:41Z", "end": "2023-02-28T15:45:31Z", "north": "43.348", "south": "35.835", "east": "-69.418", "west": "-83.375", "format": "HDF-5", "sizeMB": 453.37}}