{"kwajex_ampr_19990730_ghrc_ver2.nc": {"temporal": ["1999-07-30T02:53:54.000Z", "1999-07-30T06:32:41.000Z"], "wnes_geometry": {"westBoundingCoordinate": 166.9, "eastBoundingCoordinate": 169.418, "northBoundingCoordinate": 8.958, "southBoundingCoordinate": 7.748}, "sizeMB": 26.84, "format": "Not provided"}, "kwajex_ampr_19990730_ghrc_ver2.txt": {"temporal": ["1999-07-30T02:53:54.000Z", "1999-07-30T06:32:41.000Z"], "wnes_geometry": {"westBoundingCoordinate": 166.9, "eastBoundingCoordinate": 169.418, "northBoundingCoordinate": 8.958, "southBoundingCoordinate": 7.748}, "sizeMB": 39.84, "format": "Not provided"}, "kwajex_ampr_19990803_ghrc_ver2.nc": {"temporal": ["1999-08-03T03:37:11.000Z", "1999-08-03T06:46:17.000Z"], "wnes_geometry": {"westBoundingCoordinate": 166.42, "eastBoundingCoordinate": 168.697, "northBoundingCoordinate": 8.758, "southBoundingCoordinate": 7.485}, "sizeMB": 23.11, "format": "Not provided"}, "kwajex_ampr_19990803_ghrc_ver2.txt": {"temporal": ["1999-08-03T03:37:11.000Z", "1999-08-03T06:46:17.000Z"], "wnes_geometry": {"westBoundingCoordinate": 166.42, "eastBoundingCoordinate": 168.697, "northBoundingCoordinate": 8.758, "southBoundingCoordinate": 7.485}, "sizeMB": 34.31, "format": "Not provided"}, "kwajex_ampr_19990806_ghrc_ver2.nc": {"temporal": ["1999-08-06T03:20:07.000Z", "1999-08-06T05:22:23.000Z"], "wnes_geometry": {"westBoundingCoordinate": 167.172, "eastBoundingCoordinate": 168.77, "northBoundingCoordinate": 9.367, "southBoundingCoordinate": 7.997}, "sizeMB": 14.88, "format": "Not provided"}, "kwajex_ampr_19990806_ghrc_ver2.txt": {"temporal": ["1999-08-06T03:20:07.000Z", "1999-08-06T05:22:23.000Z"], "wnes_geometry": {"westBoundingCoordinate": 167.172, "eastBoundingCoordinate": 168.77, "northBoundingCoordinate": 9.367, "southBoundingCoordinate": 7.997}, "sizeMB": 22.07, "format": "Not provided"}, "kwajex_ampr_19990809_ghrc_ver2.nc": {"temporal": ["1999-08-09T22:21:31.000Z", "1999-08-10T23:53:41.000Z"], "wnes_geometry": {"westBoundingCoordinate": 166.312, "eastBoundingCoordinate": 168.53, "northBoundingCoordinate": 9.41, "southBoundingCoordinate": 7.402}, "sizeMB": 22.1, "format": "Not provided"}, "kwajex_ampr_19990809_ghrc_ver2.txt": {"temporal": ["1999-08-09T22:21:31.000Z", "1999-08-10T23:53:41.000Z"], "wnes_geometry": {"westBoundingCoordinate": 166.312, "eastBoundingCoordinate": 168.53, "northBoundingCoordinate": 9.41, "southBoundingCoordinate": 7.402}, "sizeMB": 32.81, "format": "Not provided"}, "kwajex_ampr_19990811_ghrc_ver2.txt": {"temporal": ["1999-08-11T21:46:54.000Z", "1999-08-12T01:41:07.000Z"], "wnes_geometry": {"westBoundingCoordinate": 167.465, "eastBoundingCoordinate": 169.332, "northBoundingCoordinate": 9.762, "southBoundingCoordinate": 7.57}, "sizeMB": 42.14, "format": "Not provided"}, "kwajex_ampr_19990811_ghrc_ver2.nc": {"temporal": ["1999-08-11T21:46:54.000Z", "1999-08-12T01:41:07.000Z"], "wnes_geometry": {"westBoundingCoordinate": 167.465, "eastBoundingCoordinate": 169.332, "northBoundingCoordinate": 9.762, "southBoundingCoordinate": 7.57}, "sizeMB": 28.38, "format": "Not provided"}, "kwajex_ampr_19990814_ghrc_ver2.txt": {"temporal": ["1999-08-14T23:17:38.000Z", "1999-08-15T01:01:17.000Z"], "wnes_geometry": {"westBoundingCoordinate": 167.367, "eastBoundingCoordinate": 169.112, "northBoundingCoordinate": 8.95, "southBoundingCoordinate": 7.747}, "sizeMB": 18.61, "format": "Not provided"}, "kwajex_ampr_19990814_ghrc_ver2.nc": {"temporal": ["1999-08-14T23:17:38.000Z", "1999-08-15T01:01:17.000Z"], "wnes_geometry": {"westBoundingCoordinate": 167.367, "eastBoundingCoordinate": 169.112, "northBoundingCoordinate": 8.95, "southBoundingCoordinate": 7.747}, "sizeMB": 12.55, "format": "Not provided"}, "kwajex_ampr_19990816_ghrc_ver2.nc": {"temporal": ["1999-08-16T22:13:37.000Z", "1999-08-16T23:43:49.000Z"], "wnes_geometry": {"westBoundingCoordinate": 167.363, "eastBoundingCoordinate": 168.967, "northBoundingCoordinate": 9.74, "southBoundingCoordinate": 7.652}, "sizeMB": 10.63, "format": "Not provided"}, "kwajex_ampr_19990816_ghrc_ver2.txt": {"temporal": ["1999-08-16T22:13:37.000Z", "1999-08-16T23:43:49.000Z"], "wnes_geometry": {"westBoundingCoordinate": 167.363, "eastBoundingCoordinate": 168.967, "northBoundingCoordinate": 9.74, "southBoundingCoordinate": 7.652}, "sizeMB": 15.76, "format": "Not provided"}, "kwajex_ampr_19990817_ghrc_ver2.nc": {"temporal": ["1999-08-17T19:30:30.000Z", "1999-08-17T23:33:56.000Z"], "wnes_geometry": {"westBoundingCoordinate": 167.232, "eastBoundingCoordinate": 169.083, "northBoundingCoordinate": 8.725, "southBoundingCoordinate": 7.533}, "sizeMB": 29.63, "format": "Not provided"}, "kwajex_ampr_19990817_ghrc_ver2.txt": {"temporal": ["1999-08-17T19:30:30.000Z", "1999-08-17T23:33:56.000Z"], "wnes_geometry": {"westBoundingCoordinate": 167.232, "eastBoundingCoordinate": 169.083, "northBoundingCoordinate": 8.725, "southBoundingCoordinate": 7.533}, "sizeMB": 44, "format": "Not provided"}, "kwajex_ampr_19990819_ghrc_ver2.nc": {"temporal": ["1999-08-19T19:27:48.000Z", "1999-08-19T23:25:12.000Z"], "wnes_geometry": {"westBoundingCoordinate": 166.342, "eastBoundingCoordinate": 168.252, "northBoundingCoordinate": 8.745, "southBoundingCoordinate": 7.722}, "sizeMB": 24.88, "format": "Not provided"}, "kwajex_ampr_19990819_ghrc_ver2.txt": {"temporal": ["1999-08-19T19:27:48.000Z", "1999-08-19T23:25:12.000Z"], "wnes_geometry": {"westBoundingCoordinate": 166.342, "eastBoundingCoordinate": 168.252, "northBoundingCoordinate": 8.745, "southBoundingCoordinate": 7.722}, "sizeMB": 36.94, "format": "Not provided"}, "kwajex_ampr_19990822_ghrc_ver2.txt": {"temporal": ["1999-08-22T18:58:56.000Z", "1999-08-22T21:11:02.000Z"], "wnes_geometry": {"westBoundingCoordinate": 166.36, "eastBoundingCoordinate": 167.763, "northBoundingCoordinate": 9.965, "southBoundingCoordinate": 8.517}, "sizeMB": 23.09, "format": "Not provided"}, "kwajex_ampr_19990822_ghrc_ver2.nc": {"temporal": ["1999-08-22T18:58:56.000Z", "1999-08-22T21:11:02.000Z"], "wnes_geometry": {"westBoundingCoordinate": 166.36, "eastBoundingCoordinate": 167.763, "northBoundingCoordinate": 9.965, "southBoundingCoordinate": 8.517}, "sizeMB": 15.56, "format": "Not provided"}, "kwajex_ampr_19990823_ghrc_ver2.nc": {"temporal": ["1999-08-23T01:12:31.000Z", "1999-08-23T04:55:35.000Z"], "wnes_geometry": {"westBoundingCoordinate": 166.888, "eastBoundingCoordinate": 169.017, "northBoundingCoordinate": 10.192, "southBoundingCoordinate": 7.822}, "sizeMB": 27.01, "format": "Not provided"}, "kwajex_ampr_19990823_ghrc_ver2.txt": {"temporal": ["1999-08-23T01:12:31.000Z", "1999-08-23T04:55:35.000Z"], "wnes_geometry": {"westBoundingCoordinate": 166.888, "eastBoundingCoordinate": 169.017, "northBoundingCoordinate": 10.192, "southBoundingCoordinate": 7.822}, "sizeMB": 40.1, "format": "Not provided"}, "kwajex_ampr_19990824_ghrc_ver2.txt": {"temporal": ["1999-08-24T02:56:39.000Z", "1999-08-24T06:04:12.000Z"], "wnes_geometry": {"westBoundingCoordinate": 166.615, "eastBoundingCoordinate": 170.245, "northBoundingCoordinate": 8.742, "southBoundingCoordinate": 6.067}, "sizeMB": 32.52, "format": "Not provided"}, "kwajex_ampr_19990824_ghrc_ver2.nc": {"temporal": ["1999-08-24T02:56:39.000Z", "1999-08-24T06:04:12.000Z"], "wnes_geometry": {"westBoundingCoordinate": 166.615, "eastBoundingCoordinate": 170.245, "northBoundingCoordinate": 8.742, "southBoundingCoordinate": 6.067}, "sizeMB": 21.91, "format": "Not provided"}, "kwajex_ampr_19990825_ghrc_ver2.txt": {"temporal": ["1999-08-25T03:57:38.000Z", "1999-08-25T06:41:21.000Z"], "wnes_geometry": {"westBoundingCoordinate": 167.043, "eastBoundingCoordinate": 168.94, "northBoundingCoordinate": 8.757, "southBoundingCoordinate": 6.537}, "sizeMB": 29.51, "format": "Not provided"}, "kwajex_ampr_19990825_ghrc_ver2.nc": {"temporal": ["1999-08-25T03:57:38.000Z", "1999-08-25T06:41:21.000Z"], "wnes_geometry": {"westBoundingCoordinate": 167.043, "eastBoundingCoordinate": 168.94, "northBoundingCoordinate": 8.757, "southBoundingCoordinate": 6.537}, "sizeMB": 19.89, "format": "Not provided"}, "kwajex_ampr_19990826_ghrc_ver2.nc": {"temporal": ["1999-08-26T04:19:16.000Z", "1999-08-26T05:55:35.000Z"], "wnes_geometry": {"westBoundingCoordinate": 166.215, "eastBoundingCoordinate": 167.777, "northBoundingCoordinate": 9.425, "southBoundingCoordinate": 6.582}, "sizeMB": 10.18, "format": "Not provided"}, "kwajex_ampr_19990826_ghrc_ver2.txt": {"temporal": ["1999-08-26T04:19:16.000Z", "1999-08-26T05:55:35.000Z"], "wnes_geometry": {"westBoundingCoordinate": 166.215, "eastBoundingCoordinate": 167.777, "northBoundingCoordinate": 9.425, "southBoundingCoordinate": 6.582}, "sizeMB": 15.08, "format": "Not provided"}, "kwajex_ampr_19990828_ghrc_ver2.nc": {"temporal": ["1999-08-28T03:02:05.000Z", "1999-08-28T05:18:18.000Z"], "wnes_geometry": {"westBoundingCoordinate": 167.597, "eastBoundingCoordinate": 171.12, "northBoundingCoordinate": 10.02, "southBoundingCoordinate": 8.562}, "sizeMB": 16.58, "format": "Not provided"}, "kwajex_ampr_19990828_ghrc_ver2.txt": {"temporal": ["1999-08-28T03:02:05.000Z", "1999-08-28T05:18:18.000Z"], "wnes_geometry": {"westBoundingCoordinate": 167.597, "eastBoundingCoordinate": 171.12, "northBoundingCoordinate": 10.02, "southBoundingCoordinate": 8.562}, "sizeMB": 24.6, "format": "Not provided"}, "kwajex_ampr_19990829_ghrc_ver2.txt": {"temporal": ["1999-08-28T23:05:17.000Z", "1999-08-29T23:59:59.000Z"], "wnes_geometry": {"westBoundingCoordinate": 166.39, "eastBoundingCoordinate": 168.663, "northBoundingCoordinate": 8.712, "southBoundingCoordinate": 7.515}, "sizeMB": 44.82, "format": "Not provided"}, "kwajex_ampr_19990829_ghrc_ver2.nc": {"temporal": ["1999-08-28T23:05:17.000Z", "1999-08-29T23:59:59.000Z"], "wnes_geometry": {"westBoundingCoordinate": 166.39, "eastBoundingCoordinate": 168.663, "northBoundingCoordinate": 8.712, "southBoundingCoordinate": 7.515}, "sizeMB": 30.18, "format": "Not provided"}, "kwajex_ampr_19990830_ghrc_ver2.nc": {"temporal": ["1999-08-30T20:30:13.000Z", "1999-08-30T23:16:44.000Z"], "wnes_geometry": {"westBoundingCoordinate": 166.493, "eastBoundingCoordinate": 168.648, "northBoundingCoordinate": 9.143, "southBoundingCoordinate": 7.258}, "sizeMB": 20.25, "format": "Not provided"}, "kwajex_ampr_19990830_ghrc_ver2.txt": {"temporal": ["1999-08-30T20:30:13.000Z", "1999-08-30T23:16:44.000Z"], "wnes_geometry": {"westBoundingCoordinate": 166.493, "eastBoundingCoordinate": 168.648, "northBoundingCoordinate": 9.143, "southBoundingCoordinate": 7.258}, "sizeMB": 30.06, "format": "Not provided"}, "kwajex_ampr_19990901_ghrc_ver2.nc": {"temporal": ["1999-09-01T23:31:45.000Z", "1999-09-02T01:49:12.000Z"], "wnes_geometry": {"westBoundingCoordinate": 166.487, "eastBoundingCoordinate": 168.16, "northBoundingCoordinate": 8.76, "southBoundingCoordinate": 5.932}, "sizeMB": 16.28, "format": "Not provided"}, "kwajex_ampr_19990901_ghrc_ver2.txt": {"temporal": ["1999-09-01T23:31:45.000Z", "1999-09-02T01:49:12.000Z"], "wnes_geometry": {"westBoundingCoordinate": 166.487, "eastBoundingCoordinate": 168.16, "northBoundingCoordinate": 8.76, "southBoundingCoordinate": 5.932}, "sizeMB": 24.16, "format": "Not provided"}, "kwajex_ampr_19990902_ghrc_ver2.txt": {"temporal": ["1999-09-02T19:05:28.000Z", "1999-09-02T23:07:54.000Z"], "wnes_geometry": {"westBoundingCoordinate": 167.135, "eastBoundingCoordinate": 169.843, "northBoundingCoordinate": 11.068, "southBoundingCoordinate": 7.85}, "sizeMB": 43.05, "format": "Not provided"}, "kwajex_ampr_19990902_ghrc_ver2.nc": {"temporal": ["1999-09-02T19:05:28.000Z", "1999-09-02T23:07:54.000Z"], "wnes_geometry": {"westBoundingCoordinate": 167.135, "eastBoundingCoordinate": 169.843, "northBoundingCoordinate": 11.068, "southBoundingCoordinate": 7.85}, "sizeMB": 28.99, "format": "Not provided"}, "kwajex_ampr_19990903_ghrc_ver2.nc": {"temporal": ["1999-09-03T01:50:50.000Z", "1999-09-03T03:23:33.000Z"], "wnes_geometry": {"westBoundingCoordinate": 166.782, "eastBoundingCoordinate": 168.948, "northBoundingCoordinate": 9.108, "southBoundingCoordinate": 7.378}, "sizeMB": 11.2, "format": "Not provided"}, "kwajex_ampr_19990903_ghrc_ver2.txt": {"temporal": ["1999-09-03T01:50:50.000Z", "1999-09-03T03:23:33.000Z"], "wnes_geometry": {"westBoundingCoordinate": 166.782, "eastBoundingCoordinate": 168.948, "northBoundingCoordinate": 9.108, "southBoundingCoordinate": 7.378}, "sizeMB": 16.6, "format": "Not provided"}, "kwajex_ampr_19990904_ghrc_ver2.txt": {"temporal": ["1999-09-04T19:02:35.000Z", "1999-09-05T00:44:25.000Z"], "wnes_geometry": {"westBoundingCoordinate": 166.508, "eastBoundingCoordinate": 169.597, "northBoundingCoordinate": 9.005, "southBoundingCoordinate": 7.283}, "sizeMB": 60.47, "format": "Not provided"}, "kwajex_ampr_19990904_ghrc_ver2.nc": {"temporal": ["1999-09-04T19:02:35.000Z", "1999-09-05T00:44:25.000Z"], "wnes_geometry": {"westBoundingCoordinate": 166.508, "eastBoundingCoordinate": 169.597, "northBoundingCoordinate": 9.005, "southBoundingCoordinate": 7.283}, "sizeMB": 40.71, "format": "Not provided"}, "kwajex_ampr_19990906_ghrc_ver2.txt": {"temporal": ["1999-09-06T00:01:46.000Z", "1999-09-06T01:18:47.000Z"], "wnes_geometry": {"westBoundingCoordinate": 166.688, "eastBoundingCoordinate": 167.875, "northBoundingCoordinate": 8.878, "southBoundingCoordinate": 7.157}, "sizeMB": 13.61, "format": "Not provided"}, "kwajex_ampr_19990906_ghrc_ver2.nc": {"temporal": ["1999-09-06T00:01:46.000Z", "1999-09-06T01:18:47.000Z"], "wnes_geometry": {"westBoundingCoordinate": 166.688, "eastBoundingCoordinate": 167.875, "northBoundingCoordinate": 8.878, "southBoundingCoordinate": 7.157}, "sizeMB": 9.19, "format": "Not provided"}, "kwajex_ampr_19990908_ghrc_ver2.nc": {"temporal": ["1999-09-08T00:21:00.000Z", "1999-09-08T05:14:55.000Z"], "wnes_geometry": {"westBoundingCoordinate": 166.96, "eastBoundingCoordinate": 169.428, "northBoundingCoordinate": 8.728, "southBoundingCoordinate": 7.02}, "sizeMB": 35.68, "format": "Not provided"}, "kwajex_ampr_19990908_ghrc_ver2.txt": {"temporal": ["1999-09-08T00:21:00.000Z", "1999-09-08T05:14:55.000Z"], "wnes_geometry": {"westBoundingCoordinate": 166.96, "eastBoundingCoordinate": 169.428, "northBoundingCoordinate": 8.728, "southBoundingCoordinate": 7.02}, "sizeMB": 52.99, "format": "Not provided"}, "kwajex_ampr_19990909_ghrc_ver2.txt": {"temporal": ["1999-09-08T20:27:16.000Z", "1999-09-08T22:51:50.000Z"], "wnes_geometry": {"westBoundingCoordinate": 167.807, "eastBoundingCoordinate": 170.207, "northBoundingCoordinate": 8.778, "southBoundingCoordinate": 6.927}, "sizeMB": 26.01, "format": "Not provided"}, "kwajex_ampr_19990909_ghrc_ver2.nc": {"temporal": ["1999-09-08T20:27:16.000Z", "1999-09-08T22:51:50.000Z"], "wnes_geometry": {"westBoundingCoordinate": 167.807, "eastBoundingCoordinate": 170.207, "northBoundingCoordinate": 8.778, "southBoundingCoordinate": 6.927}, "sizeMB": 17.53, "format": "Not provided"}, "kwajex_ampr_19990910_ghrc_ver2.txt": {"temporal": ["1999-09-10T19:28:10.000Z", "1999-09-11T01:21:00.000Z"], "wnes_geometry": {"westBoundingCoordinate": 166.383, "eastBoundingCoordinate": 168.97, "northBoundingCoordinate": 8.938, "southBoundingCoordinate": 7.512}, "sizeMB": 62.51, "format": "Not provided"}, "kwajex_ampr_19990910_ghrc_ver2.nc": {"temporal": ["1999-09-10T19:28:10.000Z", "1999-09-11T01:21:00.000Z"], "wnes_geometry": {"westBoundingCoordinate": 166.383, "eastBoundingCoordinate": 168.97, "northBoundingCoordinate": 8.938, "southBoundingCoordinate": 7.512}, "sizeMB": 42.09, "format": "Not provided"}, "kwajex_ampr_19990911_ghrc_ver2.txt": {"temporal": ["1999-09-11T18:57:17.000Z", "1999-09-11T22:45:31.000Z"], "wnes_geometry": {"westBoundingCoordinate": 166.055, "eastBoundingCoordinate": 167.88, "northBoundingCoordinate": 9.653, "southBoundingCoordinate": 7.257}, "sizeMB": 39.54, "format": "Not provided"}, "kwajex_ampr_19990911_ghrc_ver2.nc": {"temporal": ["1999-09-11T18:57:17.000Z", "1999-09-11T22:45:31.000Z"], "wnes_geometry": {"westBoundingCoordinate": 166.055, "eastBoundingCoordinate": 167.88, "northBoundingCoordinate": 9.653, "southBoundingCoordinate": 7.257}, "sizeMB": 26.63, "format": "Not provided"}, "kwajex_ampr_19990912_ghrc_ver2.nc": {"temporal": ["1999-09-12T22:18:47.000Z", "1999-09-13T23:59:59.000Z"], "wnes_geometry": {"westBoundingCoordinate": 165.962, "eastBoundingCoordinate": 167.995, "northBoundingCoordinate": 9.787, "southBoundingCoordinate": 8.45}, "sizeMB": 17.76, "format": "Not provided"}, "kwajex_ampr_19990912_ghrc_ver2.txt": {"temporal": ["1999-09-12T22:18:47.000Z", "1999-09-13T23:59:59.000Z"], "wnes_geometry": {"westBoundingCoordinate": 165.962, "eastBoundingCoordinate": 167.995, "northBoundingCoordinate": 9.787, "southBoundingCoordinate": 8.45}, "sizeMB": 26.35, "format": "Not provided"}, "kwajex_ampr_19990914_ghrc_ver2.nc": {"temporal": ["1999-09-14T03:10:59.000Z", "1999-09-14T07:01:36.000Z"], "wnes_geometry": {"westBoundingCoordinate": 166.313, "eastBoundingCoordinate": 168.705, "northBoundingCoordinate": 8.783, "southBoundingCoordinate": 7.078}, "sizeMB": 27.32, "format": "Not provided"}, "kwajex_ampr_19990914_ghrc_ver2.txt": {"temporal": ["1999-09-14T03:10:59.000Z", "1999-09-14T07:01:36.000Z"], "wnes_geometry": {"westBoundingCoordinate": 166.313, "eastBoundingCoordinate": 168.705, "northBoundingCoordinate": 8.783, "southBoundingCoordinate": 7.078}, "sizeMB": 40.56, "format": "Not provided"}}