{"lba_ampr_19990124_ghrc_ver2.txt": {"temporal": ["1999-01-24T17:41:10.000Z", "1999-01-24T21:13:18.000Z"], "wnes_geometry": {"westBoundingCoordinate": -62.621, "eastBoundingCoordinate": -56.541, "northBoundingCoordinate": -11.003, "southBoundingCoordinate": -12.434}, "sizeMB": 18.87, "format": "Not provided"}, "lba_ampr_19990124_ghrc_ver2.nc": {"temporal": ["1999-01-24T17:41:10.000Z", "1999-01-24T21:13:18.000Z"], "wnes_geometry": {"westBoundingCoordinate": -62.621, "eastBoundingCoordinate": -56.541, "northBoundingCoordinate": -11.003, "southBoundingCoordinate": -12.434}, "sizeMB": 12.72, "format": "Not provided"}, "lba_ampr_19990127_ghrc_ver2.nc": {"temporal": ["1999-01-27T18:48:07.000Z", "1999-01-27T22:52:40.000Z"], "wnes_geometry": {"westBoundingCoordinate": -62.3, "eastBoundingCoordinate": -56.885, "northBoundingCoordinate": -9.624, "southBoundingCoordinate": -11.812}, "sizeMB": 14.65, "format": "Not provided"}, "lba_ampr_19990127_ghrc_ver2.txt": {"temporal": ["1999-01-27T18:48:07.000Z", "1999-01-27T22:52:40.000Z"], "wnes_geometry": {"westBoundingCoordinate": -62.3, "eastBoundingCoordinate": -56.885, "northBoundingCoordinate": -9.624, "southBoundingCoordinate": -11.812}, "sizeMB": 21.73, "format": "Not provided"}, "lba_ampr_19990130_ghrc_ver2.txt": {"temporal": ["1999-01-30T18:08:31.000Z", "1999-01-30T21:58:24.000Z"], "wnes_geometry": {"westBoundingCoordinate": -62.96, "eastBoundingCoordinate": -58.078, "northBoundingCoordinate": -10.615, "southBoundingCoordinate": -12.133}, "sizeMB": 20.43, "format": "Not provided"}, "lba_ampr_19990130_ghrc_ver2.nc": {"temporal": ["1999-01-30T18:08:31.000Z", "1999-01-30T21:58:24.000Z"], "wnes_geometry": {"westBoundingCoordinate": -62.96, "eastBoundingCoordinate": -58.078, "northBoundingCoordinate": -10.615, "southBoundingCoordinate": -12.133}, "sizeMB": 13.77, "format": "Not provided"}, "lba_ampr_19990201_ghrc_ver2.txt": {"temporal": ["1999-02-01T17:29:01.000Z", "1999-02-01T18:42:21.000Z"], "wnes_geometry": {"westBoundingCoordinate": -62.118, "eastBoundingCoordinate": -59.382, "northBoundingCoordinate": -10.582, "southBoundingCoordinate": -11.835}, "sizeMB": 6.52, "format": "Not provided"}, "lba_ampr_19990201_ghrc_ver2.nc": {"temporal": ["1999-02-01T17:29:01.000Z", "1999-02-01T18:42:21.000Z"], "wnes_geometry": {"westBoundingCoordinate": -62.118, "eastBoundingCoordinate": -59.382, "northBoundingCoordinate": -10.582, "southBoundingCoordinate": -11.835}, "sizeMB": 4.42, "format": "Not provided"}, "lba_ampr_19990205_ghrc_ver2.nc": {"temporal": ["1999-02-05T17:31:20.000Z", "1999-02-05T22:02:36.000Z"], "wnes_geometry": {"westBoundingCoordinate": -62.589, "eastBoundingCoordinate": -57.706, "northBoundingCoordinate": -10.083, "southBoundingCoordinate": -12.033}, "sizeMB": 16.32, "format": "Not provided"}, "lba_ampr_19990205_ghrc_ver2.txt": {"temporal": ["1999-02-05T17:31:20.000Z", "1999-02-05T22:02:36.000Z"], "wnes_geometry": {"westBoundingCoordinate": -62.589, "eastBoundingCoordinate": -57.706, "northBoundingCoordinate": -10.083, "southBoundingCoordinate": -12.033}, "sizeMB": 24.21, "format": "Not provided"}, "lba_ampr_19990207_ghrc_ver2.nc": {"temporal": ["1999-02-07T17:36:46.000Z", "1999-02-07T22:07:44.000Z"], "wnes_geometry": {"westBoundingCoordinate": -62.358, "eastBoundingCoordinate": -58.071, "northBoundingCoordinate": -10.067, "southBoundingCoordinate": -11.832}, "sizeMB": 16.29, "format": "Not provided"}, "lba_ampr_19990207_ghrc_ver2.txt": {"temporal": ["1999-02-07T17:36:46.000Z", "1999-02-07T22:07:44.000Z"], "wnes_geometry": {"westBoundingCoordinate": -62.358, "eastBoundingCoordinate": -58.071, "northBoundingCoordinate": -10.067, "southBoundingCoordinate": -11.832}, "sizeMB": 24.17, "format": "Not provided"}, "lba_ampr_19990208_ghrc_ver2.nc": {"temporal": ["1999-02-08T19:33:33.000Z", "1999-02-08T22:03:58.000Z"], "wnes_geometry": {"westBoundingCoordinate": -62.639, "eastBoundingCoordinate": -58.158, "northBoundingCoordinate": -9.79, "southBoundingCoordinate": -11.65}, "sizeMB": 9.06, "format": "Not provided"}, "lba_ampr_19990208_ghrc_ver2.txt": {"temporal": ["1999-02-08T19:33:33.000Z", "1999-02-08T22:03:58.000Z"], "wnes_geometry": {"westBoundingCoordinate": -62.639, "eastBoundingCoordinate": -58.158, "northBoundingCoordinate": -9.79, "southBoundingCoordinate": -11.65}, "sizeMB": 13.42, "format": "Not provided"}, "lba_ampr_19990210_ghrc_ver2.nc": {"temporal": ["1999-02-10T17:39:49.000Z", "1999-02-10T21:18:01.000Z"], "wnes_geometry": {"westBoundingCoordinate": -62.471, "eastBoundingCoordinate": -57.108, "northBoundingCoordinate": -9.99, "southBoundingCoordinate": -12.398}, "sizeMB": 13.08, "format": "Not provided"}, "lba_ampr_19990210_ghrc_ver2.txt": {"temporal": ["1999-02-10T17:39:49.000Z", "1999-02-10T21:18:01.000Z"], "wnes_geometry": {"westBoundingCoordinate": -62.471, "eastBoundingCoordinate": -57.108, "northBoundingCoordinate": -9.99, "southBoundingCoordinate": -12.398}, "sizeMB": 19.39, "format": "Not provided"}, "lba_ampr_19990212_ghrc_ver2.txt": {"temporal": ["1999-02-12T17:39:43.000Z", "1999-02-12T21:30:36.000Z"], "wnes_geometry": {"westBoundingCoordinate": -62.751, "eastBoundingCoordinate": -58.312, "northBoundingCoordinate": -10.257, "southBoundingCoordinate": -11.925}, "sizeMB": 20.51, "format": "Not provided"}, "lba_ampr_19990212_ghrc_ver2.nc": {"temporal": ["1999-02-12T17:39:43.000Z", "1999-02-12T21:30:36.000Z"], "wnes_geometry": {"westBoundingCoordinate": -62.751, "eastBoundingCoordinate": -58.312, "northBoundingCoordinate": -10.257, "southBoundingCoordinate": -11.925}, "sizeMB": 13.83, "format": "Not provided"}, "lba_ampr_19990214_ghrc_ver2.nc": {"temporal": ["1999-02-14T17:38:20.000Z", "1999-02-14T21:32:42.000Z"], "wnes_geometry": {"westBoundingCoordinate": -62.567, "eastBoundingCoordinate": -58.109, "northBoundingCoordinate": -9.908, "southBoundingCoordinate": -12.005}, "sizeMB": 14.1, "format": "Not provided"}, "lba_ampr_19990214_ghrc_ver2.txt": {"temporal": ["1999-02-14T17:38:20.000Z", "1999-02-14T21:32:42.000Z"], "wnes_geometry": {"westBoundingCoordinate": -62.567, "eastBoundingCoordinate": -58.109, "northBoundingCoordinate": -9.908, "southBoundingCoordinate": -12.005}, "sizeMB": 20.91, "format": "Not provided"}, "lba_ampr_19990217_ghrc_ver2.nc": {"temporal": ["1999-02-17T17:36:40.000Z", "1999-02-17T21:17:53.000Z"], "wnes_geometry": {"westBoundingCoordinate": -62.792, "eastBoundingCoordinate": -58.134, "northBoundingCoordinate": -9.913, "southBoundingCoordinate": -11.958}, "sizeMB": 13.32, "format": "Not provided"}, "lba_ampr_19990217_ghrc_ver2.txt": {"temporal": ["1999-02-17T17:36:40.000Z", "1999-02-17T21:17:53.000Z"], "wnes_geometry": {"westBoundingCoordinate": -62.792, "eastBoundingCoordinate": -58.134, "northBoundingCoordinate": -9.913, "southBoundingCoordinate": -11.958}, "sizeMB": 19.75, "format": "Not provided"}, "lba_ampr_19990221_ghrc_ver2.nc": {"temporal": ["1999-02-21T17:40:09.000Z", "1999-02-21T21:30:56.000Z"], "wnes_geometry": {"westBoundingCoordinate": -62.781, "eastBoundingCoordinate": -58.138, "northBoundingCoordinate": -9.923, "southBoundingCoordinate": -11.582}, "sizeMB": 13.89, "format": "Not provided"}, "lba_ampr_19990221_ghrc_ver2.txt": {"temporal": ["1999-02-21T17:40:09.000Z", "1999-02-21T21:30:56.000Z"], "wnes_geometry": {"westBoundingCoordinate": -62.781, "eastBoundingCoordinate": -58.138, "northBoundingCoordinate": -9.923, "southBoundingCoordinate": -11.582}, "sizeMB": 20.6, "format": "Not provided"}, "lba_ampr_19990223_ghrc_ver2.txt": {"temporal": ["1999-02-23T18:40:17.000Z", "1999-02-23T22:33:19.000Z"], "wnes_geometry": {"westBoundingCoordinate": -62.333, "eastBoundingCoordinate": -58.119, "northBoundingCoordinate": -9.596, "southBoundingCoordinate": -11.694}, "sizeMB": 20.76, "format": "Not provided"}, "lba_ampr_19990223_ghrc_ver2.nc": {"temporal": ["1999-02-23T18:40:17.000Z", "1999-02-23T22:33:19.000Z"], "wnes_geometry": {"westBoundingCoordinate": -62.333, "eastBoundingCoordinate": -58.119, "northBoundingCoordinate": -9.596, "southBoundingCoordinate": -11.694}, "sizeMB": 14, "format": "Not provided"}}