{"ampr_TOGA_COARE_f101_1993.012_v2.dat": {"temporal": ["1993-01-12T21:32:01.000Z", "1993-01-13T04:46:04.000Z"], "wnes_geometry": {"westBoundingCoordinate": 146.644, "eastBoundingCoordinate": 156.78, "northBoundingCoordinate": -1.189, "southBoundingCoordinate": -19.573}, "sizeMB": 38.8, "format": "Not provided"}, "ampr_TOGA_COARE_f102_1993.018_v2.dat": {"temporal": ["1993-01-18T23:01:06.000Z", "1993-01-19T07:20:21.000Z"], "wnes_geometry": {"westBoundingCoordinate": 146.646, "eastBoundingCoordinate": 157.859, "northBoundingCoordinate": -1.034, "southBoundingCoordinate": -19.558}, "sizeMB": 44.61, "format": "Not provided"}, "ampr_TOGA_COARE_f103_1993.020_v2.dat": {"temporal": ["1993-01-20T01:31:09.000Z", "1993-01-20T09:18:21.000Z"], "wnes_geometry": {"westBoundingCoordinate": 146.674, "eastBoundingCoordinate": 157.959, "northBoundingCoordinate": 0.229, "southBoundingCoordinate": -19.29}, "sizeMB": 41.73, "format": "Not provided"}, "ampr_TOGA_COARE_f104_1993.026_v2.dat": {"temporal": ["1993-01-26T23:14:53.000Z", "1993-01-27T07:01:27.000Z"], "wnes_geometry": {"westBoundingCoordinate": 146.568, "eastBoundingCoordinate": 152.08, "northBoundingCoordinate": -1.169, "southBoundingCoordinate": -19.483}, "sizeMB": 40.9, "format": "Not provided"}, "ampr_TOGA_COARE_f105_1993.029_v2.dat": {"temporal": ["1993-01-29T22:01:40.000Z", "1993-01-30T00:00:40.000Z"], "wnes_geometry": {"westBoundingCoordinate": 145.094, "eastBoundingCoordinate": 148.691, "northBoundingCoordinate": -18.358, "southBoundingCoordinate": -19.51}, "sizeMB": 10.61, "format": "Not provided"}, "ampr_TOGA_COARE_f106_1993.032_v2.dat": {"temporal": ["1993-02-01T22:00:42.000Z", "1993-02-02T05:51:07.000Z"], "wnes_geometry": {"westBoundingCoordinate": 146.654, "eastBoundingCoordinate": 158.035, "northBoundingCoordinate": -3.87, "southBoundingCoordinate": -19.549}, "sizeMB": 41.95, "format": "Not provided"}, "ampr_TOGA_COARE_f107_1993.034_v2.dat": {"temporal": ["1993-02-03T21:16:37.000Z", "1993-02-03T22:54:58.000Z"], "wnes_geometry": {"westBoundingCoordinate": 144.774, "eastBoundingCoordinate": 147.429, "northBoundingCoordinate": -16.435, "southBoundingCoordinate": -21.357}, "sizeMB": 8.76, "format": "Not provided"}, "ampr_TOGA_COARE_f108_1993.036_v2.dat": {"temporal": ["1993-02-05T14:34:39.000Z", "1993-02-05T20:45:14.000Z"], "wnes_geometry": {"westBoundingCoordinate": 146.51, "eastBoundingCoordinate": 152.054, "northBoundingCoordinate": -12.594, "southBoundingCoordinate": -19.525}, "sizeMB": 33.11, "format": "Not provided"}, "ampr_TOGA_COARE_f109_1993.039_v2.dat": {"temporal": ["1993-02-08T15:57:05.000Z", "1993-02-08T21:09:48.000Z"], "wnes_geometry": {"westBoundingCoordinate": 146.637, "eastBoundingCoordinate": 157.024, "northBoundingCoordinate": -13.657, "southBoundingCoordinate": -19.526}, "sizeMB": 27.87, "format": "Not provided"}, "ampr_TOGA_COARE_f110_1993.040_v2.dat": {"temporal": ["1993-02-09T18:16:34.000Z", "1993-02-10T00:20:36.000Z"], "wnes_geometry": {"westBoundingCoordinate": 146.528, "eastBoundingCoordinate": 153.719, "northBoundingCoordinate": -16.275, "southBoundingCoordinate": -20.944}, "sizeMB": 32.48, "format": "Not provided"}, "ampr_TOGA_COARE_f111_1993.042_v2.dat": {"temporal": ["1993-02-11T14:32:52.000Z", "1993-02-11T22:22:32.000Z"], "wnes_geometry": {"westBoundingCoordinate": 146.749, "eastBoundingCoordinate": 158.423, "northBoundingCoordinate": -1, "southBoundingCoordinate": -19.281}, "sizeMB": 41.84, "format": "Not provided"}, "ampr_TOGA_COARE_f112_1993.051_v2.dat": {"temporal": ["1993-02-20T23:54:42.000Z", "1993-02-21T01:58:23.000Z"], "wnes_geometry": {"westBoundingCoordinate": 144.89, "eastBoundingCoordinate": 148.72, "northBoundingCoordinate": -15.782, "southBoundingCoordinate": -20.506}, "sizeMB": 11.01, "format": "Not provided"}, "ampr_TOGA_COARE_f113_1993.052_v2.dat": {"temporal": ["1993-02-21T18:57:03.000Z", "1993-02-22T02:34:28.000Z"], "wnes_geometry": {"westBoundingCoordinate": 146.752, "eastBoundingCoordinate": 160.679, "northBoundingCoordinate": -4.429, "southBoundingCoordinate": -19.28}, "sizeMB": 40.85, "format": "Not provided"}, "ampr_TOGA_COARE_f114_1993.054_v2.dat": {"temporal": ["1993-02-23T19:00:15.000Z", "1993-02-24T02:00:08.000Z"], "wnes_geometry": {"westBoundingCoordinate": 146.745, "eastBoundingCoordinate": 160.135, "northBoundingCoordinate": -8.397, "southBoundingCoordinate": -19.304}, "sizeMB": 36.8, "format": "Not provided"}, "ampr_TOGA_COARE_f115_1993.055_v2.dat": {"temporal": ["1993-02-24T20:00:22.000Z", "1993-02-25T03:13:58.000Z"], "wnes_geometry": {"westBoundingCoordinate": 146.752, "eastBoundingCoordinate": 152.248, "northBoundingCoordinate": -1.179, "southBoundingCoordinate": -19.291}, "sizeMB": 38.69, "format": "Not provided"}}