{"tefluna_ampr_19980415_ghrc_ver2.txt": {"temporal": ["1998-04-15T00:36:17.000Z", "1998-04-15T03:15:07.000Z"], "wnes_geometry": {"westBoundingCoordinate": -86.527, "eastBoundingCoordinate": -82.42, "northBoundingCoordinate": 32.245, "southBoundingCoordinate": 29.04}, "sizeMB": 14.07, "format": "Not provided"}, "tefluna_ampr_19980415_ghrc_ver2.nc": {"temporal": ["1998-04-15T00:36:17.000Z", "1998-04-15T03:15:07.000Z"], "wnes_geometry": {"westBoundingCoordinate": -86.527, "eastBoundingCoordinate": -82.42, "northBoundingCoordinate": 32.245, "southBoundingCoordinate": 29.04}, "sizeMB": 9.5, "format": "Not provided"}, "tefluna_ampr_19980418_ghrc_ver2.nc": {"temporal": ["1998-04-18T16:32:07.000Z", "1998-04-18T21:28:09.000Z"], "wnes_geometry": {"westBoundingCoordinate": -96.209, "eastBoundingCoordinate": -86.446, "northBoundingCoordinate": 30.826, "southBoundingCoordinate": 28.527}, "sizeMB": 17.67, "format": "Not provided"}, "tefluna_ampr_19980418_ghrc_ver2.txt": {"temporal": ["1998-04-18T16:32:07.000Z", "1998-04-18T21:28:09.000Z"], "wnes_geometry": {"westBoundingCoordinate": -96.209, "eastBoundingCoordinate": -86.446, "northBoundingCoordinate": 30.826, "southBoundingCoordinate": 28.527}, "sizeMB": 26.21, "format": "Not provided"}, "tefluna_ampr_19980421_ghrc_ver2.nc": {"temporal": ["1998-04-21T03:28:04.000Z", "1998-04-21T08:55:16.000Z"], "wnes_geometry": {"westBoundingCoordinate": -98.032, "eastBoundingCoordinate": -86.488, "northBoundingCoordinate": 32.414, "southBoundingCoordinate": 29.921}, "sizeMB": 19.53, "format": "Not provided"}, "tefluna_ampr_19980421_ghrc_ver2.txt": {"temporal": ["1998-04-21T03:28:04.000Z", "1998-04-21T08:55:16.000Z"], "wnes_geometry": {"westBoundingCoordinate": -98.032, "eastBoundingCoordinate": -86.488, "northBoundingCoordinate": 32.414, "southBoundingCoordinate": 29.921}, "sizeMB": 28.99, "format": "Not provided"}, "tefluna_ampr_19980423_ghrc_ver2.nc": {"temporal": ["1998-04-23T02:30:15.000Z", "1998-04-23T05:21:30.000Z"], "wnes_geometry": {"westBoundingCoordinate": -93.391, "eastBoundingCoordinate": -86.468, "northBoundingCoordinate": 30.457, "southBoundingCoordinate": 25.684}, "sizeMB": 10.23, "format": "Not provided"}, "tefluna_ampr_19980423_ghrc_ver2.txt": {"temporal": ["1998-04-23T02:30:15.000Z", "1998-04-23T05:21:30.000Z"], "wnes_geometry": {"westBoundingCoordinate": -93.391, "eastBoundingCoordinate": -86.468, "northBoundingCoordinate": 30.457, "southBoundingCoordinate": 25.684}, "sizeMB": 15.16, "format": "Not provided"}, "tefluna_ampr_19980426_ghrc_ver2.txt": {"temporal": ["1998-04-26T23:34:42.000Z", "1998-04-27T03:37:56.000Z"], "wnes_geometry": {"westBoundingCoordinate": -98.665, "eastBoundingCoordinate": -86.466, "northBoundingCoordinate": 32.256, "southBoundingCoordinate": 29.976}, "sizeMB": 21.56, "format": "Not provided"}, "tefluna_ampr_19980426_ghrc_ver2.nc": {"temporal": ["1998-04-26T23:34:42.000Z", "1998-04-27T03:37:56.000Z"], "wnes_geometry": {"westBoundingCoordinate": -98.665, "eastBoundingCoordinate": -86.466, "northBoundingCoordinate": 32.256, "southBoundingCoordinate": 29.976}, "sizeMB": 14.54, "format": "Not provided"}, "tefluna_ampr_19980501_ghrc_ver2.txt": {"temporal": ["1998-05-01T00:00:00.000Z", "1998-05-01T05:11:40.000Z"], "wnes_geometry": {"westBoundingCoordinate": -86.664, "eastBoundingCoordinate": -81.366, "northBoundingCoordinate": 33.051, "southBoundingCoordinate": 30.11}, "sizeMB": 27.6, "format": "Not provided"}, "tefluna_ampr_19980430_ghrc_ver2.nc": {"temporal": ["1998-05-01T00:00:00.000Z", "1998-05-01T05:11:40.000Z"], "wnes_geometry": {"westBoundingCoordinate": -86.664, "eastBoundingCoordinate": -81.366, "northBoundingCoordinate": 33.051, "southBoundingCoordinate": 30.11}, "sizeMB": 18.6, "format": "Not provided"}, "tefluna_ampr_19980504_ghrc_ver2.nc": {"temporal": ["1998-05-04T20:50:02.000Z", "1998-05-05T00:43:01.000Z"], "wnes_geometry": {"westBoundingCoordinate": -86.603, "eastBoundingCoordinate": -81.599, "northBoundingCoordinate": 30.726, "southBoundingCoordinate": 25.622}, "sizeMB": 13.91, "format": "Not provided"}, "tefluna_ampr_19980504_ghrc_ver2.txt": {"temporal": ["1998-05-04T20:50:02.000Z", "1998-05-05T00:43:01.000Z"], "wnes_geometry": {"westBoundingCoordinate": -86.603, "eastBoundingCoordinate": -81.599, "northBoundingCoordinate": 30.726, "southBoundingCoordinate": 25.622}, "sizeMB": 20.63, "format": "Not provided"}}