{"c4aaero_2001.231_55.xls": {"temporal": ["2001-08-19T18:19:37.000Z", "2001-08-19T20:51:40.000Z"], "wnes_geometry": {"westBoundingCoordinate": -81.433, "eastBoundingCoordinate": -81.405, "northBoundingCoordinate": 30.403, "southBoundingCoordinate": 30.38}, "sizeMB": 0.15, "format": "Not Provided"}, "c4aaero_2001.234_53.xls": {"temporal": ["2001-08-22T11:42:33.000Z", "2001-08-22T21:46:24.000Z"], "wnes_geometry": {"westBoundingCoordinate": -81.167, "eastBoundingCoordinate": -80.649, "northBoundingCoordinate": 30.574, "southBoundingCoordinate": 30.204}, "sizeMB": 0.34, "format": "Not Provided"}, "c4aaero_2001.236_53.xls": {"temporal": ["2001-08-24T17:39:37.000Z", "2001-08-25T14:08:55.000Z"], "wnes_geometry": {"westBoundingCoordinate": -81.43, "eastBoundingCoordinate": -80.695, "northBoundingCoordinate": 30.404, "southBoundingCoordinate": 30.329}, "sizeMB": 0.3, "format": "Not Provided"}, "c4aaero_2001.240_22.xls": {"temporal": ["2001-08-28T10:51:45.000Z", "2001-08-28T21:48:12.000Z"], "wnes_geometry": {"westBoundingCoordinate": -81.43, "eastBoundingCoordinate": -80.745, "northBoundingCoordinate": 30.54, "southBoundingCoordinate": 30.265}, "sizeMB": 0.57, "format": "Not Provided"}, "c4aaero_2001.242_38.xls": {"temporal": ["2001-08-30T11:02:36.000Z", "2001-08-30T22:43:26.000Z"], "wnes_geometry": {"westBoundingCoordinate": -81.43, "eastBoundingCoordinate": -80.751, "northBoundingCoordinate": 30.405, "southBoundingCoordinate": 30.313}, "sizeMB": 0.34, "format": "Not Provided"}, "c4aaero_2001.247_55.xls": {"temporal": ["2001-09-04T11:32:48.000Z", "2001-09-04T22:39:27.000Z"], "wnes_geometry": {"westBoundingCoordinate": -81.431, "eastBoundingCoordinate": -80.95, "northBoundingCoordinate": 30.532, "southBoundingCoordinate": 30.38}, "sizeMB": 0.42, "format": "Not Provided"}, "c4aaero_2001.249_38.xls": {"temporal": ["2001-09-06T11:22:03.000Z", "2001-09-10T11:28:29.000Z"], "wnes_geometry": {"westBoundingCoordinate": -81.432, "eastBoundingCoordinate": -80.802, "northBoundingCoordinate": 30.455, "southBoundingCoordinate": 30.313}, "sizeMB": 0.24, "format": "Not Provided"}, "c4aaero_2001.251_53.xls": {"temporal": ["2001-09-09T15:54:52.000Z", "2001-09-09T16:31:50.000Z"], "wnes_geometry": {"westBoundingCoordinate": -81.431, "eastBoundingCoordinate": -81.2, "northBoundingCoordinate": 30.401, "southBoundingCoordinate": 30.38}, "sizeMB": 0.2, "format": "Not Provided"}}