{"c4dcstar_2001.230_010406_p1tb_v1a.dat": {"temporal": ["2001-08-18T17:32:14.000Z", "2001-08-18T21:43:31.000Z"], "wnes_geometry": {"westBoundingCoordinate": -83.792, "eastBoundingCoordinate": -76.933, "northBoundingCoordinate": 30.349, "southBoundingCoordinate": 23.934}, "sizeMB": 5.17, "format": "Not provided"}, "c4dcstar_2001.232_010407_p1tb_v1a.dat": {"temporal": ["2001-08-20T00:00:04.000Z", "2001-08-20T23:59:54.000Z"], "wnes_geometry": {"westBoundingCoordinate": -88.602, "eastBoundingCoordinate": -81.59, "northBoundingCoordinate": 30.238, "southBoundingCoordinate": 16.305}, "sizeMB": 7.6, "format": "Not provided"}, "c4dcstar_2001.237_010408_p1tb_v1a.dat": {"temporal": ["2001-08-25T15:48:11.000Z", "2001-08-25T18:32:43.000Z"], "wnes_geometry": {"westBoundingCoordinate": -82.094, "eastBoundingCoordinate": -78.208, "northBoundingCoordinate": 30.267, "southBoundingCoordinate": 27.562}, "sizeMB": 3.39, "format": "Not provided"}, "c4dcstar_2001.246_010409_p1tb_v1a.dat": {"temporal": ["2001-09-03T15:03:40.000Z", "2001-09-03T19:01:30.000Z"], "wnes_geometry": {"westBoundingCoordinate": -85.879, "eastBoundingCoordinate": -79.922, "northBoundingCoordinate": 30.243, "southBoundingCoordinate": 24.319}, "sizeMB": 4.89, "format": "Not provided"}, "c4dcstar_2001.249_010410_p1tb_v1a.dat": {"temporal": ["2001-09-06T16:29:48.000Z", "2001-09-06T19:43:50.000Z"], "wnes_geometry": {"westBoundingCoordinate": -82.134, "eastBoundingCoordinate": -79.209, "northBoundingCoordinate": 31.699, "southBoundingCoordinate": 29.032}, "sizeMB": 4, "format": "Not provided"}, "c4dcstar_2001.250_010411_p1tb_v1a.dat": {"temporal": ["2001-09-07T16:05:38.000Z", "2001-09-07T20:38:34.000Z"], "wnes_geometry": {"westBoundingCoordinate": -84.656, "eastBoundingCoordinate": -81.61, "northBoundingCoordinate": 30.253, "southBoundingCoordinate": 24.942}, "sizeMB": 5.59, "format": "Not provided"}, "c4dcstar_2001.252_010412_p1tb_v1a.dat": {"temporal": ["2001-09-09T15:53:18.000Z", "2001-09-09T21:18:13.000Z"], "wnes_geometry": {"westBoundingCoordinate": -83.184, "eastBoundingCoordinate": -80.509, "northBoundingCoordinate": 30.238, "southBoundingCoordinate": 24.206}, "sizeMB": 6.66, "format": "Not provided"}, "c4dcstar_2001.253_010413_p1tb_v1a.dat": {"temporal": ["2001-09-10T13:58:26.000Z", "2001-09-10T22:15:59.000Z"], "wnes_geometry": {"westBoundingCoordinate": -81.748, "eastBoundingCoordinate": -58.432, "northBoundingCoordinate": 39.197, "southBoundingCoordinate": 29.807}, "sizeMB": 10.19, "format": "Not provided"}, "c4dcstar_2001.258_010414_p1tb_v1a.dat": {"temporal": ["2001-09-15T18:14:26.000Z", "2001-09-15T20:29:07.000Z"], "wnes_geometry": {"westBoundingCoordinate": -82.505, "eastBoundingCoordinate": -74.954, "northBoundingCoordinate": 34.953, "southBoundingCoordinate": 28.294}, "sizeMB": 2.77, "format": "Not provided"}, "c4dcstar_2001.262_010415_p1tb_v1a.dat": {"temporal": ["2001-09-19T16:07:31.000Z", "2001-09-19T21:06:08.000Z"], "wnes_geometry": {"westBoundingCoordinate": -82.103, "eastBoundingCoordinate": -79.909, "northBoundingCoordinate": 30.28, "southBoundingCoordinate": 23.743}, "sizeMB": 6.13, "format": "Not provided"}, "c4dcstar_2001.265_010416_p1tb_v1a.dat": {"temporal": ["2001-09-22T00:00:01.000Z", "2001-09-22T23:59:51.000Z"], "wnes_geometry": {"westBoundingCoordinate": -81.587, "eastBoundingCoordinate": -64.556, "northBoundingCoordinate": 30.919, "southBoundingCoordinate": 23.619}, "sizeMB": 9.37, "format": "Not provided"}, "c4dcstar_2001.266_010417_p1tb_v1a.dat": {"temporal": ["2001-09-23T00:00:04.000Z", "2001-09-23T23:59:54.000Z"], "wnes_geometry": {"westBoundingCoordinate": -81.69, "eastBoundingCoordinate": -62.796, "northBoundingCoordinate": 35.699, "southBoundingCoordinate": 28.567}, "sizeMB": 9.69, "format": "Not provided"}, "c4dcstar_2001.267_010418_p1tb_v1a.dat": {"temporal": ["2001-09-24T00:00:08.000Z", "2001-09-24T23:59:58.000Z"], "wnes_geometry": {"westBoundingCoordinate": -81.792, "eastBoundingCoordinate": -59.903, "northBoundingCoordinate": 40.014, "southBoundingCoordinate": 29.719}, "sizeMB": 10.71, "format": "Not provided"}}