{"c4dcvi_2001.249_010410.asc": {"temporal": ["2001-09-06T16:45:40.000Z", "2001-09-06T19:35:26.000Z"], "wnes_geometry": {"westBoundingCoordinate": -81.8, "eastBoundingCoordinate": -79.327, "northBoundingCoordinate": 31.597, "southBoundingCoordinate": 29.142}, "sizeMB": 0.38, "format": "Not provided"}, "c4dcvi_2001.250_010411.asc": {"temporal": ["2001-09-07T16:14:58.000Z", "2001-09-07T20:23:52.000Z"], "wnes_geometry": {"westBoundingCoordinate": -84.403, "eastBoundingCoordinate": -81.665, "northBoundingCoordinate": 30.232, "southBoundingCoordinate": 25.127}, "sizeMB": 0.55, "format": "Not provided"}, "c4dcvi_2001.252_010412.asc": {"temporal": ["2001-09-09T16:08:42.000Z", "2001-09-09T21:12:17.000Z"], "wnes_geometry": {"westBoundingCoordinate": -82.953, "eastBoundingCoordinate": -80.728, "northBoundingCoordinate": 30.143, "southBoundingCoordinate": 24.455}, "sizeMB": 0.67, "format": "Not provided"}, "c4dcvi_2001.253_010413.asc": {"temporal": ["2001-09-10T14:30:00.000Z", "2001-09-10T22:11:21.000Z"], "wnes_geometry": {"westBoundingCoordinate": -81.608, "eastBoundingCoordinate": -58.635, "northBoundingCoordinate": 39.043, "southBoundingCoordinate": 30.183}, "sizeMB": 1.02, "format": "Not provided"}}