{"c4dicats_2001_230_010406.avg": {"temporal": ["2001-08-18T15:47:11.000Z", "2001-08-18T21:44:40.000Z"], "wnes_geometry": {"westBoundingCoordinate": -83.4, "eastBoundingCoordinate": -77.172, "northBoundingCoordinate": 30.297, "southBoundingCoordinate": 24.22}, "sizeMB": 26.2, "format": "BINARY"}, "c4dicats_2001_230_010406.one": {"temporal": ["2001-08-18T15:47:11.000Z", "2001-08-18T21:44:40.000Z"], "wnes_geometry": {"westBoundingCoordinate": -83.4, "eastBoundingCoordinate": -77.172, "northBoundingCoordinate": 30.297, "southBoundingCoordinate": 24.22}, "sizeMB": 13.33, "format": "BINARY"}, "c4dicats_2001_230_010406.asc": {"temporal": ["2001-08-18T15:47:11.000Z", "2001-08-18T21:44:40.000Z"], "wnes_geometry": {"westBoundingCoordinate": -83.4, "eastBoundingCoordinate": -77.172, "northBoundingCoordinate": 30.297, "southBoundingCoordinate": 24.22}, "sizeMB": 8.41, "format": "ASCII"}, "c4dicats_2001_230_010406.nav": {"temporal": ["2001-08-18T15:47:11.000Z", "2001-08-18T21:44:40.000Z"], "wnes_geometry": {"westBoundingCoordinate": -83.4, "eastBoundingCoordinate": -77.172, "northBoundingCoordinate": 30.297, "southBoundingCoordinate": 24.22}, "sizeMB": 29.2, "format": "BINARY"}, "c4dicats_2001_230_010406.asa": {"temporal": ["2001-08-18T15:47:12.000Z", "2001-08-18T21:44:40.000Z"], "wnes_geometry": {"westBoundingCoordinate": -83.4, "eastBoundingCoordinate": -77.167, "northBoundingCoordinate": 30.297, "southBoundingCoordinate": 24.22}, "sizeMB": 2.4, "format": "ASCII"}, "c4dicats_2001_230_010406_rt.asc": {"temporal": ["2001-08-18T17:35:40.000Z", "2001-08-18T21:42:59.000Z"], "wnes_geometry": {"westBoundingCoordinate": -83.4, "eastBoundingCoordinate": -77.172, "northBoundingCoordinate": 30.297, "southBoundingCoordinate": 24.22}, "sizeMB": 5.71, "format": "ASCII"}, "c4dicats_2001_230_010406.ten": {"temporal": ["2001-08-18T17:35:40.000Z", "2001-08-18T21:42:59.000Z"], "wnes_geometry": {"westBoundingCoordinate": -83.4, "eastBoundingCoordinate": -77.172, "northBoundingCoordinate": 30.297, "southBoundingCoordinate": 24.22}, "sizeMB": 34.35, "format": "BINARY"}, "c4dicats_2001_230_010406_md_log": {"temporal": ["2001-08-18T17:35:40.000Z", "2001-08-18T21:42:59.000Z"], "wnes_geometry": {"westBoundingCoordinate": -83.4, "eastBoundingCoordinate": -77.172, "northBoundingCoordinate": 30.297, "southBoundingCoordinate": 24.22}, "sizeMB": 0.01, "format": "ASCII"}, "c4dicats_2001_232_010407.ten": {"temporal": ["2001-08-20T17:02:34.000Z", "2001-08-21T00:49:39.000Z"], "wnes_geometry": {"westBoundingCoordinate": -88.215, "eastBoundingCoordinate": -81.665, "northBoundingCoordinate": 30.233, "southBoundingCoordinate": 16.532}, "sizeMB": 44.87, "format": "BINARY"}, "c4dicats_2001_232_010407.asc": {"temporal": ["2001-08-20T17:02:34.000Z", "2001-08-21T00:49:39.000Z"], "wnes_geometry": {"westBoundingCoordinate": -88.215, "eastBoundingCoordinate": -81.665, "northBoundingCoordinate": 30.233, "southBoundingCoordinate": 16.532}, "sizeMB": 10.99, "format": "ASCII"}, "c4dicats_2001_232_010407.one": {"temporal": ["2001-08-20T17:02:34.000Z", "2001-08-21T00:49:39.000Z"], "wnes_geometry": {"westBoundingCoordinate": -88.215, "eastBoundingCoordinate": -81.665, "northBoundingCoordinate": 30.233, "southBoundingCoordinate": 16.532}, "sizeMB": 17.41, "format": "BINARY"}, "c4dicats_2001_232_010407.nav": {"temporal": ["2001-08-20T17:02:34.000Z", "2001-08-21T00:49:39.000Z"], "wnes_geometry": {"westBoundingCoordinate": -88.215, "eastBoundingCoordinate": -81.665, "northBoundingCoordinate": 30.233, "southBoundingCoordinate": 16.532}, "sizeMB": 38.14, "format": "BINARY"}, "c4dicats_2001_232_010407_md_log": {"temporal": ["2001-08-20T17:02:34.000Z", "2001-08-21T00:49:39.000Z"], "wnes_geometry": {"westBoundingCoordinate": -88.215, "eastBoundingCoordinate": -81.665, "northBoundingCoordinate": 30.233, "southBoundingCoordinate": 16.532}, "sizeMB": 0.01, "format": "ASCII"}, "c4dicats_2001_232_010407.avg": {"temporal": ["2001-08-20T17:02:34.000Z", "2001-08-21T00:49:39.000Z"], "wnes_geometry": {"westBoundingCoordinate": -88.215, "eastBoundingCoordinate": -81.665, "northBoundingCoordinate": 30.233, "southBoundingCoordinate": 16.532}, "sizeMB": 34.22, "format": "BINARY"}, "c4dicats_2001_232_010407.asa": {"temporal": ["2001-08-20T17:02:35.000Z", "2001-08-21T00:49:39.000Z"], "wnes_geometry": {"westBoundingCoordinate": -88.2, "eastBoundingCoordinate": -81.65, "northBoundingCoordinate": 30.233, "southBoundingCoordinate": 16.532}, "sizeMB": 3.14, "format": "ASCII"}, "c4dicats_2001_232_010407_rt.asc": {"temporal": ["2001-08-20T17:59:36.000Z", "2001-08-21T00:50:01.000Z"], "wnes_geometry": {"westBoundingCoordinate": -88.215, "eastBoundingCoordinate": -81.665, "northBoundingCoordinate": 30.233, "southBoundingCoordinate": 16.532}, "sizeMB": 9.65, "format": "ASCII"}, "c4dicats_2001_237_010408.asc": {"temporal": ["2001-08-25T15:11:59.000Z", "2001-08-25T18:31:00.000Z"], "wnes_geometry": {"westBoundingCoordinate": -82.052, "eastBoundingCoordinate": -78.305, "northBoundingCoordinate": 30.233, "southBoundingCoordinate": 27.848}, "sizeMB": 4.68, "format": "ASCII"}, "c4dicats_2001_237_010408.asa": {"temporal": ["2001-08-25T15:12:00.000Z", "2001-08-25T18:31:00.000Z"], "wnes_geometry": {"westBoundingCoordinate": -82.05, "eastBoundingCoordinate": -78.3, "northBoundingCoordinate": 30.233, "southBoundingCoordinate": 27.848}, "sizeMB": 1.34, "format": "ASCII"}, "c4dicats_2001_237_010408.nav": {"temporal": ["2001-08-25T15:45:36.000Z", "2001-08-25T18:31:32.000Z"], "wnes_geometry": {"westBoundingCoordinate": -82.052, "eastBoundingCoordinate": -78.305, "northBoundingCoordinate": 30.233, "southBoundingCoordinate": 27.848}, "sizeMB": 16.27, "format": "BINARY"}, "c4dicats_2001_237_010408_md_log": {"temporal": ["2001-08-25T15:45:36.000Z", "2001-08-25T18:31:32.000Z"], "wnes_geometry": {"westBoundingCoordinate": -82.052, "eastBoundingCoordinate": -78.305, "northBoundingCoordinate": 30.233, "southBoundingCoordinate": 27.848}, "sizeMB": 0.01, "format": "ASCII"}, "c4dicats_2001_237_010408.ten": {"temporal": ["2001-08-25T15:45:36.000Z", "2001-08-25T18:31:32.000Z"], "wnes_geometry": {"westBoundingCoordinate": -82.052, "eastBoundingCoordinate": -78.305, "northBoundingCoordinate": 30.233, "southBoundingCoordinate": 27.848}, "sizeMB": 19.14, "format": "BINARY"}, "c4dicats_2001_237_010408.avg": {"temporal": ["2001-08-25T15:45:36.000Z", "2001-08-25T18:31:32.000Z"], "wnes_geometry": {"westBoundingCoordinate": -82.052, "eastBoundingCoordinate": -78.305, "northBoundingCoordinate": 30.233, "southBoundingCoordinate": 27.848}, "sizeMB": 14.6, "format": "BINARY"}, "c4dicats_2001_237_010408_rt.asc": {"temporal": ["2001-08-25T15:45:36.000Z", "2001-08-25T18:31:32.000Z"], "wnes_geometry": {"westBoundingCoordinate": -82.052, "eastBoundingCoordinate": -78.305, "northBoundingCoordinate": 30.233, "southBoundingCoordinate": 27.848}, "sizeMB": 3.83, "format": "ASCII"}, "c4dicats_2001_237_010408.one": {"temporal": ["2001-08-25T15:45:36.000Z", "2001-08-25T18:31:32.000Z"], "wnes_geometry": {"westBoundingCoordinate": -82.052, "eastBoundingCoordinate": -78.305, "northBoundingCoordinate": 30.233, "southBoundingCoordinate": 27.848}, "sizeMB": 7.44, "format": "BINARY"}, "c4dicats_2001_246_010409.asc": {"temporal": ["2001-09-03T14:32:01.000Z", "2001-09-03T19:00:38.000Z"], "wnes_geometry": {"westBoundingCoordinate": -85.663, "eastBoundingCoordinate": -80.073, "northBoundingCoordinate": 30.232, "southBoundingCoordinate": 24.508}, "sizeMB": 6.32, "format": "ASCII"}, "c4dicats_2001_246_010409.asa": {"temporal": ["2001-09-03T14:32:02.000Z", "2001-09-03T19:00:38.000Z"], "wnes_geometry": {"westBoundingCoordinate": -85.65, "eastBoundingCoordinate": -80.067, "northBoundingCoordinate": 30.232, "southBoundingCoordinate": 24.508}, "sizeMB": 1.8, "format": "ASCII"}, "c4dicats_2001_246_010409_md_log": {"temporal": ["2001-09-03T14:52:55.000Z", "2001-09-03T18:59:35.000Z"], "wnes_geometry": {"westBoundingCoordinate": -85.663, "eastBoundingCoordinate": -80.073, "northBoundingCoordinate": 30.232, "southBoundingCoordinate": 24.508}, "sizeMB": 0.01, "format": "ASCII"}, "c4dicats_2001_246_010409_rt.asc": {"temporal": ["2001-09-03T14:52:55.000Z", "2001-09-03T18:59:35.000Z"], "wnes_geometry": {"westBoundingCoordinate": -85.663, "eastBoundingCoordinate": -80.073, "northBoundingCoordinate": 30.232, "southBoundingCoordinate": 24.508}, "sizeMB": 5.7, "format": "ASCII"}, "c4dicats_2001_246_010409.one": {"temporal": ["2001-09-03T14:52:55.000Z", "2001-09-03T18:59:35.000Z"], "wnes_geometry": {"westBoundingCoordinate": -85.663, "eastBoundingCoordinate": -80.073, "northBoundingCoordinate": 30.232, "southBoundingCoordinate": 24.508}, "sizeMB": 10.03, "format": "BINARY"}, "c4dicats_2001_246_010409.nav": {"temporal": ["2001-09-03T14:52:55.000Z", "2001-09-03T18:59:35.000Z"], "wnes_geometry": {"westBoundingCoordinate": -85.663, "eastBoundingCoordinate": -80.073, "northBoundingCoordinate": 30.232, "southBoundingCoordinate": 24.508}, "sizeMB": 21.95, "format": "BINARY"}, "c4dicats_2001_246_010409.avg": {"temporal": ["2001-09-03T14:52:55.000Z", "2001-09-03T18:59:35.000Z"], "wnes_geometry": {"westBoundingCoordinate": -85.663, "eastBoundingCoordinate": -80.073, "northBoundingCoordinate": 30.232, "southBoundingCoordinate": 24.508}, "sizeMB": 19.7, "format": "BINARY"}, "c4dicats_2001_246_010409.ten": {"temporal": ["2001-09-03T14:52:55.000Z", "2001-09-03T18:59:35.000Z"], "wnes_geometry": {"westBoundingCoordinate": -85.663, "eastBoundingCoordinate": -80.073, "northBoundingCoordinate": 30.232, "southBoundingCoordinate": 24.508}, "sizeMB": 25.82, "format": "BINARY"}, "c4dicats_2001_249_010410.one": {"temporal": ["2001-09-06T15:36:08.000Z", "2001-09-06T19:41:45.000Z"], "wnes_geometry": {"westBoundingCoordinate": -81.848, "eastBoundingCoordinate": -79.327, "northBoundingCoordinate": 31.597, "southBoundingCoordinate": 29.142}, "sizeMB": 9.17, "format": "BINARY"}, "c4dicats_2001_249_010410_md_log": {"temporal": ["2001-09-06T15:36:08.000Z", "2001-09-06T19:41:45.000Z"], "wnes_geometry": {"westBoundingCoordinate": -81.848, "eastBoundingCoordinate": -79.327, "northBoundingCoordinate": 31.597, "southBoundingCoordinate": 29.142}, "sizeMB": 0, "format": "ASCII"}, "c4dicats_2001_249_010410.asc": {"temporal": ["2001-09-06T15:36:08.000Z", "2001-09-06T19:41:45.000Z"], "wnes_geometry": {"westBoundingCoordinate": -81.848, "eastBoundingCoordinate": -79.327, "northBoundingCoordinate": 31.597, "southBoundingCoordinate": 29.142}, "sizeMB": 5.78, "format": "ASCII"}, "c4dicats_2001_249_010410.avg": {"temporal": ["2001-09-06T15:36:08.000Z", "2001-09-06T19:41:45.000Z"], "wnes_geometry": {"westBoundingCoordinate": -81.848, "eastBoundingCoordinate": -79.327, "northBoundingCoordinate": 31.597, "southBoundingCoordinate": 29.142}, "sizeMB": 18.01, "format": "BINARY"}, "c4dicats_2001_249_010410.ten": {"temporal": ["2001-09-06T15:36:08.000Z", "2001-09-06T19:41:45.000Z"], "wnes_geometry": {"westBoundingCoordinate": -81.848, "eastBoundingCoordinate": -79.327, "northBoundingCoordinate": 31.597, "southBoundingCoordinate": 29.142}, "sizeMB": 23.61, "format": "BINARY"}, "c4dicats_2001_249_010410.nav": {"temporal": ["2001-09-06T15:36:08.000Z", "2001-09-06T19:41:45.000Z"], "wnes_geometry": {"westBoundingCoordinate": -81.848, "eastBoundingCoordinate": -79.327, "northBoundingCoordinate": 31.597, "southBoundingCoordinate": 29.142}, "sizeMB": 18.69, "format": "BINARY"}, "c4dicats_2001_249_010410.asa": {"temporal": ["2001-09-06T15:36:09.000Z", "2001-09-06T19:41:45.000Z"], "wnes_geometry": {"westBoundingCoordinate": -81.833, "eastBoundingCoordinate": -79.317, "northBoundingCoordinate": 31.597, "southBoundingCoordinate": 29.142}, "sizeMB": 1.65, "format": "ASCII"}, "c4dicats_2001_249_010410_rt.asc": {"temporal": ["2001-09-06T16:29:26.000Z", "2001-09-06T19:41:57.000Z"], "wnes_geometry": {"westBoundingCoordinate": -81.848, "eastBoundingCoordinate": -79.327, "northBoundingCoordinate": 31.597, "southBoundingCoordinate": 29.142}, "sizeMB": 4.45, "format": "ASCII"}, "c4dicats_2001_250_010411_md_log": {"temporal": ["2001-09-07T15:18:15.000Z", "2001-09-07T20:36:15.000Z"], "wnes_geometry": {"westBoundingCoordinate": -84.403, "eastBoundingCoordinate": -81.657, "northBoundingCoordinate": 30.238, "southBoundingCoordinate": 25.127}, "sizeMB": 0.01, "format": "ASCII"}, "c4dicats_2001_250_010411.avg": {"temporal": ["2001-09-07T15:18:15.000Z", "2001-09-07T20:36:15.000Z"], "wnes_geometry": {"westBoundingCoordinate": -84.403, "eastBoundingCoordinate": -81.657, "northBoundingCoordinate": 30.238, "southBoundingCoordinate": 25.127}, "sizeMB": 23.31, "format": "BINARY"}, "c4dicats_2001_250_010411.one": {"temporal": ["2001-09-07T15:18:15.000Z", "2001-09-07T20:36:15.000Z"], "wnes_geometry": {"westBoundingCoordinate": -84.403, "eastBoundingCoordinate": -81.657, "northBoundingCoordinate": 30.238, "southBoundingCoordinate": 25.127}, "sizeMB": 11.86, "format": "BINARY"}, "c4dicats_2001_250_010411.asc": {"temporal": ["2001-09-07T15:18:15.000Z", "2001-09-07T20:36:15.000Z"], "wnes_geometry": {"westBoundingCoordinate": -84.403, "eastBoundingCoordinate": -81.657, "northBoundingCoordinate": 30.238, "southBoundingCoordinate": 25.127}, "sizeMB": 7.48, "format": "ASCII"}, "c4dicats_2001_250_010411.nav": {"temporal": ["2001-09-07T15:18:15.000Z", "2001-09-07T20:36:15.000Z"], "wnes_geometry": {"westBoundingCoordinate": -84.403, "eastBoundingCoordinate": -81.657, "northBoundingCoordinate": 30.238, "southBoundingCoordinate": 25.127}, "sizeMB": 25.97, "format": "BINARY"}, "c4dicats_2001_250_010411.asa": {"temporal": ["2001-09-07T15:18:16.000Z", "2001-09-07T20:36:15.000Z"], "wnes_geometry": {"westBoundingCoordinate": -84.4, "eastBoundingCoordinate": -81.65, "northBoundingCoordinate": 30.238, "southBoundingCoordinate": 25.127}, "sizeMB": 2.14, "format": "ASCII"}, "c4dicats_2001_250_010411_rt.asc": {"temporal": ["2001-09-07T16:03:14.000Z", "2001-09-07T20:36:23.000Z"], "wnes_geometry": {"westBoundingCoordinate": -84.403, "eastBoundingCoordinate": -81.657, "northBoundingCoordinate": 30.238, "southBoundingCoordinate": 25.127}, "sizeMB": 6.31, "format": "ASCII"}, "c4dicats_2001_250_010411.ten": {"temporal": ["2001-09-07T16:03:14.000Z", "2001-09-07T20:36:23.000Z"], "wnes_geometry": {"westBoundingCoordinate": -84.403, "eastBoundingCoordinate": -81.657, "northBoundingCoordinate": 30.238, "southBoundingCoordinate": 25.127}, "sizeMB": 30.56, "format": "BINARY"}, "c4dicats_2001_252_010412.nav": {"temporal": ["2001-09-09T14:40:35.000Z", "2001-09-09T21:17:49.000Z"], "wnes_geometry": {"westBoundingCoordinate": -82.953, "eastBoundingCoordinate": -80.728, "northBoundingCoordinate": 30.232, "southBoundingCoordinate": 24.455}, "sizeMB": 31.75, "format": "BINARY"}, "c4dicats_2001_252_010412.asc": {"temporal": ["2001-09-09T14:40:35.000Z", "2001-09-09T21:17:49.000Z"], "wnes_geometry": {"westBoundingCoordinate": -82.953, "eastBoundingCoordinate": -80.728, "northBoundingCoordinate": 30.232, "southBoundingCoordinate": 24.455}, "sizeMB": 9.34, "format": "ASCII"}, "c4dicats_2001_252_010412.one": {"temporal": ["2001-09-09T14:40:35.000Z", "2001-09-09T21:17:49.000Z"], "wnes_geometry": {"westBoundingCoordinate": -82.953, "eastBoundingCoordinate": -80.728, "northBoundingCoordinate": 30.232, "southBoundingCoordinate": 24.455}, "sizeMB": 14.81, "format": "BINARY"}, "c4dicats_2001_252_010412.avg": {"temporal": ["2001-09-09T14:40:35.000Z", "2001-09-09T21:17:49.000Z"], "wnes_geometry": {"westBoundingCoordinate": -82.953, "eastBoundingCoordinate": -80.728, "northBoundingCoordinate": 30.232, "southBoundingCoordinate": 24.455}, "sizeMB": 29.11, "format": "BINARY"}, "c4dicats_2001_252_010412_md_log": {"temporal": ["2001-09-09T14:40:35.000Z", "2001-09-09T21:17:49.000Z"], "wnes_geometry": {"westBoundingCoordinate": -82.953, "eastBoundingCoordinate": -80.728, "northBoundingCoordinate": 30.232, "southBoundingCoordinate": 24.455}, "sizeMB": 0.01, "format": "ASCII"}, "c4dicats_2001_252_010412.asa": {"temporal": ["2001-09-09T14:40:36.000Z", "2001-09-09T21:17:49.000Z"], "wnes_geometry": {"westBoundingCoordinate": -82.95, "eastBoundingCoordinate": -80.717, "northBoundingCoordinate": 30.232, "southBoundingCoordinate": 24.455}, "sizeMB": 2.67, "format": "ASCII"}, "c4dicats_2001_252_010412_rt.asc": {"temporal": ["2001-09-09T15:53:24.000Z", "2001-09-09T21:18:23.000Z"], "wnes_geometry": {"westBoundingCoordinate": -82.953, "eastBoundingCoordinate": -80.728, "northBoundingCoordinate": 30.232, "southBoundingCoordinate": 24.455}, "sizeMB": 7.51, "format": "ASCII"}, "c4dicats_2001_252_010412.ten": {"temporal": ["2001-09-09T15:53:24.000Z", "2001-09-09T21:18:23.000Z"], "wnes_geometry": {"westBoundingCoordinate": -82.953, "eastBoundingCoordinate": -80.728, "northBoundingCoordinate": 30.232, "southBoundingCoordinate": 24.455}, "sizeMB": 38.17, "format": "BINARY"}, "c4dicats_2001_253_010413.avg": {"temporal": ["2001-09-10T13:40:14.000Z", "2001-09-10T22:15:50.000Z"], "wnes_geometry": {"westBoundingCoordinate": -81.733, "eastBoundingCoordinate": -58.635, "northBoundingCoordinate": 39.043, "southBoundingCoordinate": 30.182}, "sizeMB": 37.77, "format": "BINARY"}, "c4dicats_2001_253_010413.asc": {"temporal": ["2001-09-10T13:40:14.000Z", "2001-09-10T22:15:50.000Z"], "wnes_geometry": {"westBoundingCoordinate": -81.733, "eastBoundingCoordinate": -58.635, "northBoundingCoordinate": 39.043, "southBoundingCoordinate": 30.182}, "sizeMB": 12.13, "format": "ASCII"}, "c4dicats_2001_253_010413.nav": {"temporal": ["2001-09-10T13:40:14.000Z", "2001-09-10T22:15:50.000Z"], "wnes_geometry": {"westBoundingCoordinate": -81.733, "eastBoundingCoordinate": -58.635, "northBoundingCoordinate": 39.043, "southBoundingCoordinate": 30.182}, "sizeMB": 42.09, "format": "BINARY"}, "c4dicats_2001_253_010413.ten": {"temporal": ["2001-09-10T13:40:14.000Z", "2001-09-10T22:15:50.000Z"], "wnes_geometry": {"westBoundingCoordinate": -81.733, "eastBoundingCoordinate": -58.635, "northBoundingCoordinate": 39.043, "southBoundingCoordinate": 30.182}, "sizeMB": 49.53, "format": "BINARY"}, "c4dicats_2001_253_010413.one": {"temporal": ["2001-09-10T13:40:14.000Z", "2001-09-10T22:15:50.000Z"], "wnes_geometry": {"westBoundingCoordinate": -81.733, "eastBoundingCoordinate": -58.635, "northBoundingCoordinate": 39.043, "southBoundingCoordinate": 30.182}, "sizeMB": 19.21, "format": "BINARY"}, "c4dicats_2001_253_010413.asa": {"temporal": ["2001-09-10T13:40:15.000Z", "2001-09-10T22:15:50.000Z"], "wnes_geometry": {"westBoundingCoordinate": -81.733, "eastBoundingCoordinate": -58.633, "northBoundingCoordinate": 39.043, "southBoundingCoordinate": 30.182}, "sizeMB": 3.46, "format": "ASCII"}, "c4dicats_2001_253_010413_rt.asc": {"temporal": ["2001-09-10T13:56:59.000Z", "2001-09-10T22:16:14.000Z"], "wnes_geometry": {"westBoundingCoordinate": -81.733, "eastBoundingCoordinate": -58.635, "northBoundingCoordinate": 39.043, "southBoundingCoordinate": 30.182}, "sizeMB": 11.53, "format": "ASCII"}, "c4dicats_2001_253_010413_md_log": {"temporal": ["2001-09-10T13:56:59.000Z", "2001-09-10T22:16:14.000Z"], "wnes_geometry": {"westBoundingCoordinate": -81.733, "eastBoundingCoordinate": -58.635, "northBoundingCoordinate": 39.043, "southBoundingCoordinate": 30.182}, "sizeMB": 0.01, "format": "ASCII"}, "c4dicats_2001_258_010414.ten": {"temporal": ["2001-09-15T17:29:31.000Z", "2001-09-16T01:04:03.000Z"], "wnes_geometry": {"westBoundingCoordinate": -82.388, "eastBoundingCoordinate": -75.193, "northBoundingCoordinate": 34.398, "southBoundingCoordinate": 27.692}, "sizeMB": 43.67, "format": "BINARY"}, "c4dicats_2001_258_010414.avg": {"temporal": ["2001-09-15T17:29:31.000Z", "2001-09-16T01:04:03.000Z"], "wnes_geometry": {"westBoundingCoordinate": -82.388, "eastBoundingCoordinate": -75.193, "northBoundingCoordinate": 34.398, "southBoundingCoordinate": 27.692}, "sizeMB": 33.31, "format": "BINARY"}, "c4dicats_2001_258_010414.nav": {"temporal": ["2001-09-15T17:29:31.000Z", "2001-09-16T01:04:03.000Z"], "wnes_geometry": {"westBoundingCoordinate": -82.388, "eastBoundingCoordinate": -75.193, "northBoundingCoordinate": 34.398, "southBoundingCoordinate": 27.692}, "sizeMB": 37.1, "format": "BINARY"}, "c4dicats_2001_258_010414.asc": {"temporal": ["2001-09-15T17:29:31.000Z", "2001-09-16T01:04:03.000Z"], "wnes_geometry": {"westBoundingCoordinate": -82.388, "eastBoundingCoordinate": -75.193, "northBoundingCoordinate": 34.398, "southBoundingCoordinate": 27.692}, "sizeMB": 10.69, "format": "ASCII"}, "c4dicats_2001_258_010414.one": {"temporal": ["2001-09-15T17:29:31.000Z", "2001-09-16T01:04:03.000Z"], "wnes_geometry": {"westBoundingCoordinate": -82.388, "eastBoundingCoordinate": -75.193, "northBoundingCoordinate": 34.398, "southBoundingCoordinate": 27.692}, "sizeMB": 16.94, "format": "BINARY"}, "c4dicats_2001_258_010414_md_log": {"temporal": ["2001-09-15T17:29:31.000Z", "2001-09-16T01:04:03.000Z"], "wnes_geometry": {"westBoundingCoordinate": -82.388, "eastBoundingCoordinate": -75.193, "northBoundingCoordinate": 34.398, "southBoundingCoordinate": 27.692}, "sizeMB": 0.01, "format": "ASCII"}, "c4dicats_2001_258_010414.asa": {"temporal": ["2001-09-15T17:29:32.000Z", "2001-09-16T01:04:03.000Z"], "wnes_geometry": {"westBoundingCoordinate": -82.383, "eastBoundingCoordinate": -75.183, "northBoundingCoordinate": 34.398, "southBoundingCoordinate": 27.692}, "sizeMB": 3.05, "format": "ASCII"}, "c4dicats_2001_258_010414_rt.asc": {"temporal": ["2001-09-15T17:50:49.000Z", "2001-09-16T01:04:17.000Z"], "wnes_geometry": {"westBoundingCoordinate": -82.388, "eastBoundingCoordinate": -75.193, "northBoundingCoordinate": 34.398, "southBoundingCoordinate": 27.692}, "sizeMB": 10.01, "format": "ASCII"}, "c4dicats_2001_262_010415.asc": {"temporal": ["2001-09-19T15:24:18.000Z", "2001-09-19T21:06:23.000Z"], "wnes_geometry": {"westBoundingCoordinate": -81.833, "eastBoundingCoordinate": -80.158, "northBoundingCoordinate": 30.24, "southBoundingCoordinate": 24.072}, "sizeMB": 8.05, "format": "ASCII"}, "c4dicats_2001_262_010415_md_log": {"temporal": ["2001-09-19T15:24:18.000Z", "2001-09-19T21:06:23.000Z"], "wnes_geometry": {"westBoundingCoordinate": -81.833, "eastBoundingCoordinate": -80.158, "northBoundingCoordinate": 30.24, "southBoundingCoordinate": 24.072}, "sizeMB": 0, "format": "ASCII"}, "c4dicats_2001_262_010415.ten": {"temporal": ["2001-09-19T15:24:18.000Z", "2001-09-19T21:06:23.000Z"], "wnes_geometry": {"westBoundingCoordinate": -81.833, "eastBoundingCoordinate": -80.158, "northBoundingCoordinate": 30.24, "southBoundingCoordinate": 24.072}, "sizeMB": 32.87, "format": "BINARY"}, "c4dicats_2001_262_010415.asa": {"temporal": ["2001-09-19T15:24:19.000Z", "2001-09-19T21:06:23.000Z"], "wnes_geometry": {"westBoundingCoordinate": -81.833, "eastBoundingCoordinate": -80.15, "northBoundingCoordinate": 30.24, "southBoundingCoordinate": 24.072}, "sizeMB": 2.3, "format": "ASCII"}, "c4dicats_2001_262_010415.nav": {"temporal": ["2001-09-19T15:58:53.000Z", "2001-09-19T21:06:42.000Z"], "wnes_geometry": {"westBoundingCoordinate": -81.833, "eastBoundingCoordinate": -80.158, "northBoundingCoordinate": 30.24, "southBoundingCoordinate": 24.072}, "sizeMB": 27.93, "format": "BINARY"}, "c4dicats_2001_262_010415_rt.asc": {"temporal": ["2001-09-19T15:58:53.000Z", "2001-09-19T21:06:42.000Z"], "wnes_geometry": {"westBoundingCoordinate": -81.833, "eastBoundingCoordinate": -80.158, "northBoundingCoordinate": 30.24, "southBoundingCoordinate": 24.072}, "sizeMB": 7.24, "format": "ASCII"}, "c4dicats_2001_262_010415.avg": {"temporal": ["2001-09-19T15:58:53.000Z", "2001-09-19T21:06:42.000Z"], "wnes_geometry": {"westBoundingCoordinate": -81.833, "eastBoundingCoordinate": -80.158, "northBoundingCoordinate": 30.24, "southBoundingCoordinate": 24.072}, "sizeMB": 25.07, "format": "BINARY"}, "c4dicats_2001_262_010415.one": {"temporal": ["2001-09-19T15:58:53.000Z", "2001-09-19T21:06:42.000Z"], "wnes_geometry": {"westBoundingCoordinate": -81.833, "eastBoundingCoordinate": -80.158, "northBoundingCoordinate": 30.24, "southBoundingCoordinate": 24.072}, "sizeMB": 12.76, "format": "BINARY"}, "c4dicats_2001_265_010416.avg": {"temporal": ["2001-09-22T15:56:49.000Z", "2001-09-23T00:46:19.000Z"], "wnes_geometry": {"westBoundingCoordinate": -81.808, "eastBoundingCoordinate": -64.768, "northBoundingCoordinate": 30.702, "southBoundingCoordinate": 23.905}, "sizeMB": 38.79, "format": "BINARY"}, "c4dicats_2001_265_010416.ten": {"temporal": ["2001-09-22T15:56:49.000Z", "2001-09-23T00:46:19.000Z"], "wnes_geometry": {"westBoundingCoordinate": -81.808, "eastBoundingCoordinate": -64.768, "northBoundingCoordinate": 30.702, "southBoundingCoordinate": 23.905}, "sizeMB": 50.87, "format": "BINARY"}, "c4dicats_2001_265_010416.one": {"temporal": ["2001-09-22T15:56:49.000Z", "2001-09-23T00:46:19.000Z"], "wnes_geometry": {"westBoundingCoordinate": -81.808, "eastBoundingCoordinate": -64.768, "northBoundingCoordinate": 30.702, "southBoundingCoordinate": 23.905}, "sizeMB": 19.73, "format": "BINARY"}, "c4dicats_2001_265_010416.nav": {"temporal": ["2001-09-22T15:56:49.000Z", "2001-09-23T00:46:19.000Z"], "wnes_geometry": {"westBoundingCoordinate": -81.808, "eastBoundingCoordinate": -64.768, "northBoundingCoordinate": 30.702, "southBoundingCoordinate": 23.905}, "sizeMB": 42.88, "format": "BINARY"}, "c4dicats_2001_265_010416_md_log": {"temporal": ["2001-09-22T15:56:49.000Z", "2001-09-23T00:46:19.000Z"], "wnes_geometry": {"westBoundingCoordinate": -81.808, "eastBoundingCoordinate": -64.768, "northBoundingCoordinate": 30.702, "southBoundingCoordinate": 23.905}, "sizeMB": 0.01, "format": "ASCII"}, "c4dicats_2001_265_010416.asc": {"temporal": ["2001-09-22T15:56:49.000Z", "2001-09-23T00:46:19.000Z"], "wnes_geometry": {"westBoundingCoordinate": -81.808, "eastBoundingCoordinate": -64.768, "northBoundingCoordinate": 30.702, "southBoundingCoordinate": 23.905}, "sizeMB": 12.45, "format": "ASCII"}, "c4dicats_2001_265_010416.asa": {"temporal": ["2001-09-22T15:56:50.000Z", "2001-09-23T00:46:19.000Z"], "wnes_geometry": {"westBoundingCoordinate": -81.8, "eastBoundingCoordinate": -64.767, "northBoundingCoordinate": 30.702, "southBoundingCoordinate": 23.905}, "sizeMB": 3.56, "format": "ASCII"}, "c4dicats_2001_265_010416_rt.asc": {"temporal": ["2001-09-22T16:45:29.000Z", "2001-09-23T00:49:34.000Z"], "wnes_geometry": {"westBoundingCoordinate": -81.808, "eastBoundingCoordinate": -64.768, "northBoundingCoordinate": 30.702, "southBoundingCoordinate": 23.905}, "sizeMB": 11.18, "format": "ASCII"}, "c4dicats_2001_266_010417.ten": {"temporal": ["2001-09-23T17:19:26.000Z", "2001-09-24T01:42:03.000Z"], "wnes_geometry": {"westBoundingCoordinate": -81.69, "eastBoundingCoordinate": -63.14, "northBoundingCoordinate": 35.248, "southBoundingCoordinate": 28.738}, "sizeMB": 48.29, "format": "BINARY"}, "c4dicats_2001_266_010417.asc": {"temporal": ["2001-09-23T17:19:26.000Z", "2001-09-24T01:42:03.000Z"], "wnes_geometry": {"westBoundingCoordinate": -81.69, "eastBoundingCoordinate": -63.14, "northBoundingCoordinate": 35.248, "southBoundingCoordinate": 28.738}, "sizeMB": 11.82, "format": "ASCII"}, "c4dicats_2001_266_010417_md_log": {"temporal": ["2001-09-23T17:19:26.000Z", "2001-09-24T01:42:03.000Z"], "wnes_geometry": {"westBoundingCoordinate": -81.69, "eastBoundingCoordinate": -63.14, "northBoundingCoordinate": 35.248, "southBoundingCoordinate": 28.738}, "sizeMB": 0.02, "format": "ASCII"}, "c4dicats_2001_266_010417.asa": {"temporal": ["2001-09-23T17:19:27.000Z", "2001-09-24T01:42:03.000Z"], "wnes_geometry": {"westBoundingCoordinate": -81.683, "eastBoundingCoordinate": -63.133, "northBoundingCoordinate": 35.248, "southBoundingCoordinate": 28.738}, "sizeMB": 3.38, "format": "ASCII"}, "c4dicats_2001_266_010417.one": {"temporal": ["2001-09-23T17:54:51.000Z", "2001-09-24T01:41:14.000Z"], "wnes_geometry": {"westBoundingCoordinate": -81.69, "eastBoundingCoordinate": -63.14, "northBoundingCoordinate": 35.248, "southBoundingCoordinate": 28.738}, "sizeMB": 18.73, "format": "BINARY"}, "c4dicats_2001_266_010417_rt.asc": {"temporal": ["2001-09-23T17:54:51.000Z", "2001-09-24T01:41:14.000Z"], "wnes_geometry": {"westBoundingCoordinate": -81.69, "eastBoundingCoordinate": -63.14, "northBoundingCoordinate": 35.248, "southBoundingCoordinate": 28.738}, "sizeMB": 10.77, "format": "ASCII"}, "c4dicats_2001_266_010417.nav": {"temporal": ["2001-09-23T17:54:51.000Z", "2001-09-24T01:41:14.000Z"], "wnes_geometry": {"westBoundingCoordinate": -81.69, "eastBoundingCoordinate": -63.14, "northBoundingCoordinate": 35.248, "southBoundingCoordinate": 28.738}, "sizeMB": 40.62, "format": "BINARY"}, "c4dicats_2001_266_010417.avg": {"temporal": ["2001-09-23T17:54:51.000Z", "2001-09-24T01:41:14.000Z"], "wnes_geometry": {"westBoundingCoordinate": -81.69, "eastBoundingCoordinate": -63.14, "northBoundingCoordinate": 35.248, "southBoundingCoordinate": 28.738}, "sizeMB": 36.83, "format": "BINARY"}, "c4dicats_2001_267_010418_md_log": {"temporal": ["2001-09-24T18:03:20.000Z", "2001-09-25T03:09:46.000Z"], "wnes_geometry": {"westBoundingCoordinate": -81.755, "eastBoundingCoordinate": -60.247, "northBoundingCoordinate": 39.71, "southBoundingCoordinate": 30.003}, "sizeMB": 0.02, "format": "ASCII"}, "c4dicats_2001_267_010418.nav": {"temporal": ["2001-09-24T18:03:20.000Z", "2001-09-25T03:09:46.000Z"], "wnes_geometry": {"westBoundingCoordinate": -81.755, "eastBoundingCoordinate": -60.247, "northBoundingCoordinate": 39.71, "southBoundingCoordinate": 30.003}, "sizeMB": 44.21, "format": "BINARY"}, "c4dicats_2001_267_010418.ten": {"temporal": ["2001-09-24T18:03:20.000Z", "2001-09-25T03:09:46.000Z"], "wnes_geometry": {"westBoundingCoordinate": -81.755, "eastBoundingCoordinate": -60.247, "northBoundingCoordinate": 39.71, "southBoundingCoordinate": 30.003}, "sizeMB": 52.49, "format": "BINARY"}, "c4dicats_2001_267_010418.avg": {"temporal": ["2001-09-24T18:03:20.000Z", "2001-09-25T03:09:46.000Z"], "wnes_geometry": {"westBoundingCoordinate": -81.755, "eastBoundingCoordinate": -60.247, "northBoundingCoordinate": 39.71, "southBoundingCoordinate": 30.003}, "sizeMB": 40.03, "format": "BINARY"}, "c4dicats_2001_267_010418.asc": {"temporal": ["2001-09-24T18:03:20.000Z", "2001-09-25T03:09:46.000Z"], "wnes_geometry": {"westBoundingCoordinate": -81.755, "eastBoundingCoordinate": -60.247, "northBoundingCoordinate": 39.71, "southBoundingCoordinate": 30.003}, "sizeMB": 12.85, "format": "ASCII"}, "c4dicats_2001_267_010418.asa": {"temporal": ["2001-09-24T18:03:21.000Z", "2001-09-25T03:09:46.000Z"], "wnes_geometry": {"westBoundingCoordinate": -81.75, "eastBoundingCoordinate": -60.233, "northBoundingCoordinate": 39.71, "southBoundingCoordinate": 30.003}, "sizeMB": 3.67, "format": "ASCII"}, "c4dicats_2001_267_010418.one": {"temporal": ["2001-09-24T18:35:48.000Z", "2001-09-25T03:08:56.000Z"], "wnes_geometry": {"westBoundingCoordinate": -81.755, "eastBoundingCoordinate": -60.247, "northBoundingCoordinate": 39.71, "southBoundingCoordinate": 30.003}, "sizeMB": 20.36, "format": "BINARY"}, "c4dicats_2001_267_010418_rt.asc": {"temporal": ["2001-09-24T18:35:48.000Z", "2001-09-25T03:08:56.000Z"], "wnes_geometry": {"westBoundingCoordinate": -81.755, "eastBoundingCoordinate": -60.247, "northBoundingCoordinate": 39.71, "southBoundingCoordinate": 30.003}, "sizeMB": 11.85, "format": "ASCII"}}