{"c4dnevzor_2001.237_010408.txt": {"temporal": ["2001-08-25T15:57:00.000Z", "2001-08-25T18:29:00.000Z"], "wnes_geometry": {"westBoundingCoordinate": -82.052, "eastBoundingCoordinate": -78.305, "northBoundingCoordinate": 30.233, "southBoundingCoordinate": 27.848}, "sizeMB": 0.15, "format": "Not provided"}, "c4dnevzor_2001.249_010410.txt": {"temporal": ["2001-09-06T16:39:00.000Z", "2001-09-06T19:40:00.000Z"], "wnes_geometry": {"westBoundingCoordinate": -81.848, "eastBoundingCoordinate": -79.327, "northBoundingCoordinate": 31.597, "southBoundingCoordinate": 29.142}, "sizeMB": 0.17, "format": "Not provided"}, "c4dnevzor_2001.250_010411.txt": {"temporal": ["2001-09-07T16:15:00.000Z", "2001-09-07T20:35:00.000Z"], "wnes_geometry": {"westBoundingCoordinate": -84.403, "eastBoundingCoordinate": -81.657, "northBoundingCoordinate": 30.238, "southBoundingCoordinate": 25.127}, "sizeMB": 0.25, "format": "Not provided"}, "c4dnevzor_2001.252_010412.txt": {"temporal": ["2001-09-09T16:01:00.000Z", "2001-09-09T21:16:00.000Z"], "wnes_geometry": {"westBoundingCoordinate": -82.953, "eastBoundingCoordinate": -80.728, "northBoundingCoordinate": 30.232, "southBoundingCoordinate": 24.455}, "sizeMB": 0.3, "format": "Not provided"}, "c4dnevzor_2001.253_010413.txt": {"temporal": ["2001-09-10T14:12:00.000Z", "2001-09-10T22:15:00.000Z"], "wnes_geometry": {"westBoundingCoordinate": -81.733, "eastBoundingCoordinate": -58.635, "northBoundingCoordinate": 39.043, "southBoundingCoordinate": 30.182}, "sizeMB": 0.46, "format": "Not provided"}, "c4dnevzor_2001.258_010414.txt": {"temporal": ["2001-09-15T18:11:00.000Z", "2001-09-16T01:03:00.000Z"], "wnes_geometry": {"westBoundingCoordinate": -82.388, "eastBoundingCoordinate": -75.193, "northBoundingCoordinate": 34.398, "southBoundingCoordinate": 27.692}, "sizeMB": 0.4, "format": "Not provided"}, "c4dnevzor_2001.262_010415.txt": {"temporal": ["2001-09-19T16:04:00.000Z", "2001-09-19T21:05:00.000Z"], "wnes_geometry": {"westBoundingCoordinate": -81.833, "eastBoundingCoordinate": -80.158, "northBoundingCoordinate": 30.24, "southBoundingCoordinate": 24.072}, "sizeMB": 0.29, "format": "Not provided"}, "c4dnevzor_2001.265_010416.txt": {"temporal": ["2001-09-22T16:51:00.000Z", "2001-09-23T00:45:00.000Z"], "wnes_geometry": {"westBoundingCoordinate": -81.808, "eastBoundingCoordinate": -64.768, "northBoundingCoordinate": 30.702, "southBoundingCoordinate": 23.905}, "sizeMB": 0.46, "format": "Not provided"}}