{"c4eedop_2001.227_daily.tar": {"temporal": ["2001-08-15T00:00:00.000Z", "2001-08-15T23:59:00.000Z"], "wnes_geometry": {"westBoundingCoordinate": -100, "eastBoundingCoordinate": -60, "northBoundingCoordinate": 50, "southBoundingCoordinate": 10}, "sizeMB": 135.01, "format": "Not Provided"}, "c4eedop_2001.232_daily.tar": {"temporal": ["2001-08-20T00:00:00.000Z", "2001-08-20T23:59:00.000Z"], "wnes_geometry": {"westBoundingCoordinate": -100, "eastBoundingCoordinate": -60, "northBoundingCoordinate": 50, "southBoundingCoordinate": 10}, "sizeMB": 1052.68, "format": "Not Provided"}, "c4eedop_2001.238_daily.tar": {"temporal": ["2001-08-26T00:00:00.000Z", "2001-08-26T23:59:00.000Z"], "wnes_geometry": {"westBoundingCoordinate": -100, "eastBoundingCoordinate": -60, "northBoundingCoordinate": 50, "southBoundingCoordinate": 10}, "sizeMB": 280.03, "format": "Not Provided"}, "c4eedop_2001.246_daily.tar": {"temporal": ["2001-09-03T00:00:00.000Z", "2001-09-03T23:59:00.000Z"], "wnes_geometry": {"westBoundingCoordinate": -100, "eastBoundingCoordinate": -60, "northBoundingCoordinate": 50, "southBoundingCoordinate": 10}, "sizeMB": 495.09, "format": "Not Provided"}, "c4eedop_2001.250_daily.tar": {"temporal": ["2001-09-07T00:00:00.000Z", "2001-09-07T23:59:00.000Z"], "wnes_geometry": {"westBoundingCoordinate": -100, "eastBoundingCoordinate": -60, "northBoundingCoordinate": 50, "southBoundingCoordinate": 10}, "sizeMB": 513.35, "format": "Not Provided"}, "c4eedop_2001.252_daily.tar": {"temporal": ["2001-09-09T00:00:00.000Z", "2001-09-09T23:59:00.000Z"], "wnes_geometry": {"westBoundingCoordinate": -100, "eastBoundingCoordinate": -60, "northBoundingCoordinate": 50, "southBoundingCoordinate": 10}, "sizeMB": 449.33, "format": "Not Provided"}, "c4eedop_2001.253_daily.tar": {"temporal": ["2001-09-10T00:00:00.000Z", "2001-09-10T23:59:00.000Z"], "wnes_geometry": {"westBoundingCoordinate": -100, "eastBoundingCoordinate": -60, "northBoundingCoordinate": 50, "southBoundingCoordinate": 10}, "sizeMB": 1296.17, "format": "Not Provided"}, "c4eedop_2001.262_daily.tar": {"temporal": ["2001-09-19T00:00:00.000Z", "2001-09-19T23:59:00.000Z"], "wnes_geometry": {"westBoundingCoordinate": -100, "eastBoundingCoordinate": -60, "northBoundingCoordinate": 50, "southBoundingCoordinate": 10}, "sizeMB": 585.73, "format": "Not Provided"}, "c4eedop_2001.265_daily.tar": {"temporal": ["2001-09-22T00:00:00.000Z", "2001-09-22T23:59:00.000Z"], "wnes_geometry": {"westBoundingCoordinate": -100, "eastBoundingCoordinate": -60, "northBoundingCoordinate": 50, "southBoundingCoordinate": 10}, "sizeMB": 496.72, "format": "Not Provided"}, "c4eedop_2001.266_daily.tar": {"temporal": ["2001-09-23T00:00:00.000Z", "2001-09-23T23:59:00.000Z"], "wnes_geometry": {"westBoundingCoordinate": -100, "eastBoundingCoordinate": -60, "northBoundingCoordinate": 50, "southBoundingCoordinate": 10}, "sizeMB": 1570.14, "format": "Not Provided"}, "c4eedop_2001.267_daily.tar": {"temporal": ["2001-09-24T00:00:00.000Z", "2001-09-24T23:59:00.000Z"], "wnes_geometry": {"westBoundingCoordinate": -100, "eastBoundingCoordinate": -60, "northBoundingCoordinate": 50, "southBoundingCoordinate": 10}, "sizeMB": 1077.73, "format": "Not Provided"}, "c4eedop_2001.269_daily.tar": {"temporal": ["2001-09-26T00:00:00.000Z", "2001-09-26T23:59:00.000Z"], "wnes_geometry": {"westBoundingCoordinate": -100, "eastBoundingCoordinate": -60, "northBoundingCoordinate": 50, "southBoundingCoordinate": 10}, "sizeMB": 1314.36, "format": "Not Provided"}}