{"CAMEX4_ER2_LIP_1.00_2001.230_131": {"temporal": ["2001-08-18T13:33:54.000Z", "2001-08-19T13:26:04.000Z"], "wnes_geometry": {"westBoundingCoordinate": -83.417, "eastBoundingCoordinate": -77.288, "northBoundingCoordinate": 30.235, "southBoundingCoordinate": 24.231}, "sizeMB": 38.35, "format": "HDF4"}, "CAMEX4_ER2_LIP_1.00_2001.232_132": {"temporal": ["2001-08-20T13:14:48.000Z", "2001-08-21T01:16:17.000Z"], "wnes_geometry": {"westBoundingCoordinate": -88.478, "eastBoundingCoordinate": -81.668, "northBoundingCoordinate": 30.257, "southBoundingCoordinate": 16.562}, "sizeMB": 58.31, "format": "HDF4"}, "CAMEX4_ER2_LIP_1.00_2001.238_133": {"temporal": ["2001-08-26T11:55:05.000Z", "2001-08-26T19:49:29.000Z"], "wnes_geometry": {"westBoundingCoordinate": -81.785, "eastBoundingCoordinate": -77.688, "northBoundingCoordinate": 30.255, "southBoundingCoordinate": 27.81}, "sizeMB": 31.58, "format": "HDF4"}, "CAMEX4_ER2_LIP_1.00_2001.246_134": {"temporal": ["2001-09-03T11:40:21.000Z", "2001-09-03T19:09:55.000Z"], "wnes_geometry": {"westBoundingCoordinate": -85.744, "eastBoundingCoordinate": -80.567, "northBoundingCoordinate": 30.26, "southBoundingCoordinate": 24.531}, "sizeMB": 35.56, "format": "HDF4"}, "CAMEX4_ER2_LIP_1.00_2001.250_135": {"temporal": ["2001-09-07T12:55:05.000Z", "2001-09-07T20:32:02.000Z"], "wnes_geometry": {"westBoundingCoordinate": -84.127, "eastBoundingCoordinate": -81.661, "northBoundingCoordinate": 30.232, "southBoundingCoordinate": 25.186}, "sizeMB": 36.68, "format": "HDF4"}, "CAMEX4_ER2_LIP_1.00_2001.252_136": {"temporal": ["2001-09-09T01:36:59.000Z", "2001-09-09T19:57:11.000Z"], "wnes_geometry": {"westBoundingCoordinate": -83.23, "eastBoundingCoordinate": -80.698, "northBoundingCoordinate": 30.317, "southBoundingCoordinate": 24.662}, "sizeMB": 33.03, "format": "HDF4"}, "CAMEX4_ER2_LIP_1.00_2001.253_137": {"temporal": ["2001-09-10T10:49:39.000Z", "2001-09-10T22:06:39.000Z"], "wnes_geometry": {"westBoundingCoordinate": -81.819, "eastBoundingCoordinate": -61.98, "northBoundingCoordinate": 37.965, "southBoundingCoordinate": 30.132}, "sizeMB": 57.81, "format": "HDF4"}, "CAMEX4_ER2_LIP_1.00_2001.259_138": {"temporal": ["2001-09-16T14:34:41.000Z", "2001-09-17T00:25:02.000Z"], "wnes_geometry": {"westBoundingCoordinate": -81.79, "eastBoundingCoordinate": -70.662, "northBoundingCoordinate": 34.345, "southBoundingCoordinate": 30.151}, "sizeMB": 39.81, "format": "HDF4"}, "CAMEX4_ER2_LIP_1.00_2001.262_139": {"temporal": ["2001-09-19T12:16:35.000Z", "2001-09-19T21:14:00.000Z"], "wnes_geometry": {"westBoundingCoordinate": -82.236, "eastBoundingCoordinate": -80.247, "northBoundingCoordinate": 30.239, "southBoundingCoordinate": 24.19}, "sizeMB": 40.55, "format": "HDF4"}, "CAMEX4_ER2_LIP_1.00_2001.265_140": {"temporal": ["2001-09-22T13:08:28.000Z", "2001-09-22T22:34:05.000Z"], "wnes_geometry": {"westBoundingCoordinate": -81.828, "eastBoundingCoordinate": -65.6, "northBoundingCoordinate": 30.416, "southBoundingCoordinate": 27.88}, "sizeMB": 47.88, "format": "HDF4"}, "CAMEX4_ER2_LIP_1.00_2001.266_141": {"temporal": ["2001-09-23T13:26:18.000Z", "2001-09-24T02:03:06.000Z"], "wnes_geometry": {"westBoundingCoordinate": -81.813, "eastBoundingCoordinate": -63.436, "northBoundingCoordinate": 36.124, "southBoundingCoordinate": 28.034}, "sizeMB": 67.43, "format": "HDF4"}, "CAMEX4_ER2_LIP_1.00_2001.267_142": {"temporal": ["2001-09-24T02:31:36.000Z", "2001-09-25T01:10:00.000Z"], "wnes_geometry": {"westBoundingCoordinate": -81.728, "eastBoundingCoordinate": -64.573, "northBoundingCoordinate": 39.458, "southBoundingCoordinate": 30.141}, "sizeMB": 55.04, "format": "HDF4"}}