{"C4EMAS_MASL1B_01131_01_20010818_1758_1821_V01.hdf": {"temporal": ["2001-08-18T17:58:26.000Z", "2001-08-18T18:21:29.000Z"], "wnes_geometry": {"westBoundingCoordinate": -80.323, "eastBoundingCoordinate": -78.541, "northBoundingCoordinate": 28.813, "southBoundingCoordinate": 26.468}, "sizeMB": 773.33, "format": "HDF4"}, "c4emas_01-131.sum": {"temporal": ["2001-08-18T17:58:26.000Z", "2001-08-18T21:21:16.000Z"], "wnes_geometry": {"westBoundingCoordinate": -83.334, "eastBoundingCoordinate": -77.402, "northBoundingCoordinate": 28.733, "southBoundingCoordinate": 24.255}, "sizeMB": 0.01, "format": "ASCII"}, "c4emas_01131cfg.htm": {"temporal": ["2001-08-18T17:58:26.000Z", "2001-08-18T21:21:16.000Z"], "wnes_geometry": {"westBoundingCoordinate": -83.334, "eastBoundingCoordinate": -77.402, "northBoundingCoordinate": 28.733, "southBoundingCoordinate": 24.255}, "sizeMB": 0.01, "format": "ASCII"}, "C4EMAS_MASL1B_01131_02_20010818_1822_1839_V01.hdf": {"temporal": ["2001-08-18T18:22:13.000Z", "2001-08-18T18:39:35.000Z"], "wnes_geometry": {"westBoundingCoordinate": -78.866, "eastBoundingCoordinate": -78.408, "northBoundingCoordinate": 26.476, "southBoundingCoordinate": 24.541}, "sizeMB": 582.97, "format": "HDF4"}, "C4EMAS_MASL1B_01131_03_20010818_1841_1849_V01.hdf": {"temporal": ["2001-08-18T18:41:47.000Z", "2001-08-18T18:49:51.000Z"], "wnes_geometry": {"westBoundingCoordinate": -78.436, "eastBoundingCoordinate": -77.433, "northBoundingCoordinate": 24.941, "southBoundingCoordinate": 24.321}, "sizeMB": 271.16, "format": "HDF4"}, "C4EMAS_MASL1B_01131_04_20010818_1850_1853_V01.hdf": {"temporal": ["2001-08-18T18:50:44.000Z", "2001-08-18T18:53:17.000Z"], "wnes_geometry": {"westBoundingCoordinate": -77.571, "eastBoundingCoordinate": -77.136, "northBoundingCoordinate": 25.198, "southBoundingCoordinate": 24.785}, "sizeMB": 85.83, "format": "HDF4"}, "C4EMAS_MASL1B_01131_05_20010818_1855_1904_V01.hdf": {"temporal": ["2001-08-18T18:55:41.000Z", "2001-08-18T19:04:46.000Z"], "wnes_geometry": {"westBoundingCoordinate": -78.119, "eastBoundingCoordinate": -77.309, "northBoundingCoordinate": 25.286, "southBoundingCoordinate": 24.248}, "sizeMB": 305.3, "format": "HDF4"}, "C4EMAS_MASL1B_01131_06_20010818_1906_1910_V01.hdf": {"temporal": ["2001-08-18T19:06:51.000Z", "2001-08-18T19:10:43.000Z"], "wnes_geometry": {"westBoundingCoordinate": -78.629, "eastBoundingCoordinate": -78.039, "northBoundingCoordinate": 24.679, "southBoundingCoordinate": 24.16}, "sizeMB": 129.94, "format": "HDF4"}, "C4EMAS_MASL1B_01131_07_20010818_1915_1925_V01.hdf": {"temporal": ["2001-08-18T19:15:22.000Z", "2001-08-18T19:25:32.000Z"], "wnes_geometry": {"westBoundingCoordinate": -78.668, "eastBoundingCoordinate": -77.446, "northBoundingCoordinate": 24.913, "southBoundingCoordinate": 24.276}, "sizeMB": 341.23, "format": "HDF4"}, "C4EMAS_MASL1B_01131_08_20010818_1926_1929_V01.hdf": {"temporal": ["2001-08-18T19:26:16.000Z", "2001-08-18T19:29:03.000Z"], "wnes_geometry": {"westBoundingCoordinate": -77.565, "eastBoundingCoordinate": -77.161, "northBoundingCoordinate": 25.177, "southBoundingCoordinate": 24.774}, "sizeMB": 93.29, "format": "HDF4"}, "C4EMAS_MASL1B_01131_09_20010818_1931_1940_V01.hdf": {"temporal": ["2001-08-18T19:31:33.000Z", "2001-08-18T19:40:35.000Z"], "wnes_geometry": {"westBoundingCoordinate": -78.093, "eastBoundingCoordinate": -77.34, "northBoundingCoordinate": 25.268, "southBoundingCoordinate": 24.263}, "sizeMB": 303.95, "format": "HDF4"}, "C4EMAS_MASL1B_01131_10_20010818_1941_2006_V01.hdf": {"temporal": ["2001-08-18T19:41:44.000Z", "2001-08-19T20:06:12.000Z"], "wnes_geometry": {"westBoundingCoordinate": -81.263, "eastBoundingCoordinate": -78.047, "northBoundingCoordinate": 24.584, "southBoundingCoordinate": 24.115}, "sizeMB": 823.19, "format": "HDF4"}, "C4EMAS_MASL1B_01131_11_20010818_2006_2013_V01.hdf": {"temporal": ["2001-08-19T20:06:29.000Z", "2001-08-19T20:13:00.000Z"], "wnes_geometry": {"westBoundingCoordinate": -82.166, "eastBoundingCoordinate": -81.234, "northBoundingCoordinate": 24.845, "southBoundingCoordinate": 24.27}, "sizeMB": 218.78, "format": "HDF4"}, "C4EMAS_MASL1B_01131_12_20010818_2016_2021_V01.hdf": {"temporal": ["2001-08-19T20:16:36.000Z", "2001-08-19T20:21:06.000Z"], "wnes_geometry": {"westBoundingCoordinate": -83.173, "eastBoundingCoordinate": -82.48, "northBoundingCoordinate": 25.011, "southBoundingCoordinate": 24.541}, "sizeMB": 151.5, "format": "HDF4"}, "C4EMAS_MASL1B_01131_13_20010818_2026_2034_V01.hdf": {"temporal": ["2001-08-19T20:26:06.000Z", "2001-08-19T20:34:24.000Z"], "wnes_geometry": {"westBoundingCoordinate": -83.381, "eastBoundingCoordinate": -82.345, "northBoundingCoordinate": 25.068, "southBoundingCoordinate": 24.505}, "sizeMB": 278.44, "format": "HDF4"}, "C4EMAS_MASL1B_01131_14_20010818_2035_2050_V01.hdf": {"temporal": ["2001-08-19T20:35:41.000Z", "2001-08-19T20:50:42.000Z"], "wnes_geometry": {"westBoundingCoordinate": -82.417, "eastBoundingCoordinate": -81.095, "northBoundingCoordinate": 26.169, "southBoundingCoordinate": 24.626}, "sizeMB": 504.82, "format": "HDF4"}, "C4EMAS_MASL1B_01131_15_20010818_2051_2100_V01.hdf": {"temporal": ["2001-08-19T20:51:12.000Z", "2001-08-19T21:00:09.000Z"], "wnes_geometry": {"westBoundingCoordinate": -81.417, "eastBoundingCoordinate": -80.963, "northBoundingCoordinate": 27.141, "southBoundingCoordinate": 26.084}, "sizeMB": 300.71, "format": "HDF4"}, "C4EMAS_MASL1B_01131_16_20010818_2100_2110_V01.hdf": {"temporal": ["2001-08-19T21:00:22.000Z", "2001-08-19T21:10:11.000Z"], "wnes_geometry": {"westBoundingCoordinate": -81.331, "eastBoundingCoordinate": -80.658, "northBoundingCoordinate": 28.278, "southBoundingCoordinate": 27.08}, "sizeMB": 330, "format": "HDF4"}, "C4EMAS_MASL1B_01131_17_20010818_2110_2121_V01.hdf": {"temporal": ["2001-08-19T21:10:26.000Z", "2001-08-19T21:21:16.000Z"], "wnes_geometry": {"westBoundingCoordinate": -81.055, "eastBoundingCoordinate": -80.645, "northBoundingCoordinate": 29.466, "southBoundingCoordinate": 28.238}, "sizeMB": 364.23, "format": "HDF4"}, "C4EMAS_MASL1B_01132_01_20010820_1805_1832_V01.hdf": {"temporal": ["2001-08-20T18:05:34.000Z", "2001-08-20T18:32:22.000Z"], "wnes_geometry": {"westBoundingCoordinate": -83.584, "eastBoundingCoordinate": -81.844, "northBoundingCoordinate": 30.251, "southBoundingCoordinate": 28.637}, "sizeMB": 898.29, "format": "HDF4"}, "c4emas_01-132.sum": {"temporal": ["2001-08-20T18:05:34.000Z", "2001-08-21T00:34:43.000Z"], "wnes_geometry": {"westBoundingCoordinate": -88.272, "eastBoundingCoordinate": -81.852, "northBoundingCoordinate": 30.215, "southBoundingCoordinate": 16.573}, "sizeMB": 0.01, "format": "ASCII"}, "c4emas_01132cfg.htm": {"temporal": ["2001-08-20T18:05:34.000Z", "2001-08-21T00:34:43.000Z"], "wnes_geometry": {"westBoundingCoordinate": -88.272, "eastBoundingCoordinate": -81.852, "northBoundingCoordinate": 30.215, "southBoundingCoordinate": 16.573}, "sizeMB": 0.01, "format": "ASCII"}, "C4EMAS_MASL1B_01132_02_20010820_1832_1859_V01.hdf": {"temporal": ["2001-08-20T18:32:23.000Z", "2001-08-20T18:59:09.000Z"], "wnes_geometry": {"westBoundingCoordinate": -85.847, "eastBoundingCoordinate": -83.365, "northBoundingCoordinate": 28.824, "southBoundingCoordinate": 26.262}, "sizeMB": 898.29, "format": "HDF4"}, "C4EMAS_MASL1B_01132_03_20010820_1859_1919_V01.hdf": {"temporal": ["2001-08-20T18:59:09.000Z", "2001-08-20T19:19:42.000Z"], "wnes_geometry": {"westBoundingCoordinate": -87.448, "eastBoundingCoordinate": -85.571, "northBoundingCoordinate": 26.454, "southBoundingCoordinate": 24.31}, "sizeMB": 690.23, "format": "HDF4"}, "C4EMAS_MASL1B_01132_04_20010820_1920_1947_V01.hdf": {"temporal": ["2001-08-20T19:20:40.000Z", "2001-08-20T19:47:02.000Z"], "wnes_geometry": {"westBoundingCoordinate": -87.492, "eastBoundingCoordinate": -85.93, "northBoundingCoordinate": 24.335, "southBoundingCoordinate": 21.582}, "sizeMB": 885.71, "format": "HDF4"}, "C4EMAS_MASL1B_01132_05_20010820_1947_2002_V01.hdf": {"temporal": ["2001-08-20T19:47:24.000Z", "2001-08-21T20:02:39.000Z"], "wnes_geometry": {"westBoundingCoordinate": -86.264, "eastBoundingCoordinate": -85.895, "northBoundingCoordinate": 21.637, "southBoundingCoordinate": 19.919}, "sizeMB": 512.54, "format": "HDF4"}, "C4EMAS_MASL1B_01132_20_20010820_2342_0005_V01.hdf": {"temporal": ["2001-08-21T00:00:00.000Z", "2001-08-21T23:59:59.000Z"], "wnes_geometry": {"westBoundingCoordinate": -87.144, "eastBoundingCoordinate": -85.825, "northBoundingCoordinate": 26.088, "southBoundingCoordinate": 23.513}, "sizeMB": 767.58, "format": "HDF4"}, "C4EMAS_MASL1B_01132_21_20010821_0005_0007_V01.hdf": {"temporal": ["2001-08-21T00:05:40.000Z", "2001-08-21T00:07:56.000Z"], "wnes_geometry": {"westBoundingCoordinate": -86.142, "eastBoundingCoordinate": -85.683, "northBoundingCoordinate": 26.352, "southBoundingCoordinate": 25.948}, "sizeMB": 76.04, "format": "HDF4"}, "C4EMAS_MASL1B_01132_22_20010821_0007_0034_V01.hdf": {"temporal": ["2001-08-21T00:07:59.000Z", "2001-08-21T00:34:43.000Z"], "wnes_geometry": {"westBoundingCoordinate": -85.954, "eastBoundingCoordinate": -83.274, "northBoundingCoordinate": 28.428, "southBoundingCoordinate": 26.137}, "sizeMB": 898.29, "format": "HDF4"}, "C4EMAS_MASL1B_01132_06_20010820_2002_2029_V01.hdf": {"temporal": ["2001-08-21T20:02:55.000Z", "2001-08-21T20:29:39.000Z"], "wnes_geometry": {"westBoundingCoordinate": -87.188, "eastBoundingCoordinate": -85.942, "northBoundingCoordinate": 19.925, "southBoundingCoordinate": 16.91}, "sizeMB": 898.29, "format": "HDF4"}, "C4EMAS_MASL1B_01132_07_20010820_2029_2031_V01.hdf": {"temporal": ["2001-08-21T20:29:39.000Z", "2001-08-21T20:31:58.000Z"], "wnes_geometry": {"westBoundingCoordinate": -87.267, "eastBoundingCoordinate": -86.867, "northBoundingCoordinate": 16.983, "southBoundingCoordinate": 16.658}, "sizeMB": 77.75, "format": "HDF4"}, "C4EMAS_MASL1B_01132_08_20010820_2034_2049_V01.hdf": {"temporal": ["2001-08-21T20:34:15.000Z", "2001-08-21T20:49:05.000Z"], "wnes_geometry": {"westBoundingCoordinate": -87.023, "eastBoundingCoordinate": -85.49, "northBoundingCoordinate": 17.511, "southBoundingCoordinate": 16.431}, "sizeMB": 498.44, "format": "HDF4"}, "C4EMAS_MASL1B_01132_09_20010820_2049_2058_V01.hdf": {"temporal": ["2001-08-21T20:49:24.000Z", "2001-08-21T20:58:40.000Z"], "wnes_geometry": {"westBoundingCoordinate": -85.647, "eastBoundingCoordinate": -84.767, "northBoundingCoordinate": 18.28, "southBoundingCoordinate": 17.275}, "sizeMB": 311.58, "format": "HDF4"}, "C4EMAS_MASL1B_01132_10_20010820_2100_2107_V01.hdf": {"temporal": ["2001-08-21T21:00:51.000Z", "2001-08-21T21:07:36.000Z"], "wnes_geometry": {"westBoundingCoordinate": -85.832, "eastBoundingCoordinate": -84.957, "northBoundingCoordinate": 18.52, "southBoundingCoordinate": 18.199}, "sizeMB": 226.6, "format": "HDF4"}, "C4EMAS_MASL1B_01132_11_20010820_2113_2125_V01.hdf": {"temporal": ["2001-08-21T21:13:00.000Z", "2001-08-21T21:25:50.000Z"], "wnes_geometry": {"westBoundingCoordinate": -87.544, "eastBoundingCoordinate": -85.868, "northBoundingCoordinate": 18.529, "southBoundingCoordinate": 18.205}, "sizeMB": 431.33, "format": "HDF4"}, "C4EMAS_MASL1B_01132_12_20010820_2126_2140_V01.hdf": {"temporal": ["2001-08-21T21:26:57.000Z", "2001-08-21T21:40:23.000Z"], "wnes_geometry": {"westBoundingCoordinate": -88.453, "eastBoundingCoordinate": -87.502, "northBoundingCoordinate": 18.358, "southBoundingCoordinate": 16.828}, "sizeMB": 451.1, "format": "HDF4"}, "C4EMAS_MASL1B_01132_13_20010820_2144_2211_V01.hdf": {"temporal": ["2001-08-21T21:44:58.000Z", "2001-08-21T22:11:42.000Z"], "wnes_geometry": {"westBoundingCoordinate": -88.391, "eastBoundingCoordinate": -86.126, "northBoundingCoordinate": 19.1, "southBoundingCoordinate": 16.803}, "sizeMB": 898.29, "format": "HDF4"}, "C4EMAS_MASL1B_01132_14_20010820_2211_2224_V01.hdf": {"temporal": ["2001-08-21T22:11:42.000Z", "2001-08-21T22:24:44.000Z"], "wnes_geometry": {"westBoundingCoordinate": -86.353, "eastBoundingCoordinate": -85.145, "northBoundingCoordinate": 20.108, "southBoundingCoordinate": 18.862}, "sizeMB": 437.8, "format": "HDF4"}, "C4EMAS_MASL1B_01132_15_20010820_2228_2239_V01.hdf": {"temporal": ["2001-08-21T22:28:26.000Z", "2001-08-21T22:39:05.000Z"], "wnes_geometry": {"westBoundingCoordinate": -86.243, "eastBoundingCoordinate": -85.343, "northBoundingCoordinate": 20.192, "southBoundingCoordinate": 18.945}, "sizeMB": 357.76, "format": "HDF4"}, "C4EMAS_MASL1B_01132_16_20010820_2239_2247_V01.hdf": {"temporal": ["2001-08-21T22:39:54.000Z", "2001-08-21T22:47:19.000Z"], "wnes_geometry": {"westBoundingCoordinate": -87.087, "eastBoundingCoordinate": -86.076, "northBoundingCoordinate": 19.086, "southBoundingCoordinate": 18.366}, "sizeMB": 249.69, "format": "HDF4"}, "C4EMAS_MASL1B_01132_17_20010820_2251_2311_V01.hdf": {"temporal": ["2001-08-21T22:51:40.000Z", "2001-08-21T23:11:23.000Z"], "wnes_geometry": {"westBoundingCoordinate": -86.891, "eastBoundingCoordinate": -85.241, "northBoundingCoordinate": 20.248, "southBoundingCoordinate": 18.395}, "sizeMB": 663.1, "format": "HDF4"}, "C4EMAS_MASL1B_01132_18_20010820_2312_2339_V01.hdf": {"temporal": ["2001-08-21T23:12:30.000Z", "2001-08-21T23:39:13.000Z"], "wnes_geometry": {"westBoundingCoordinate": -86.988, "eastBoundingCoordinate": -85.177, "northBoundingCoordinate": 23.209, "southBoundingCoordinate": 20.214}, "sizeMB": 898.29, "format": "HDF4"}, "C4EMAS_MASL1B_01132_19_20010820_2339_2342_V01.hdf": {"temporal": ["2001-08-21T23:39:14.000Z", "2001-08-21T23:42:02.000Z"], "wnes_geometry": {"westBoundingCoordinate": -87.13, "eastBoundingCoordinate": -86.653, "northBoundingCoordinate": 23.528, "southBoundingCoordinate": 23.109}, "sizeMB": 94.45, "format": "HDF4"}, "c4emas_01-133.sum": {"temporal": ["2001-08-26T17:37:02.000Z", "2001-08-26T19:14:22.000Z"], "wnes_geometry": {"westBoundingCoordinate": -80.787, "eastBoundingCoordinate": -77.786, "northBoundingCoordinate": 28.934, "southBoundingCoordinate": 27.927}, "sizeMB": 0.01, "format": "ASCII"}, "C4EMAS_MASL1B_01133_01_20010826_1737_1739_V01.hdf": {"temporal": ["2001-08-26T17:37:02.000Z", "2001-08-26T17:39:08.000Z"], "wnes_geometry": {"westBoundingCoordinate": -80.296, "eastBoundingCoordinate": -79.901, "northBoundingCoordinate": 28.354, "southBoundingCoordinate": 28.056}, "sizeMB": 70.56, "format": "HDF4"}, "c4emas_01133cfg.htm": {"temporal": ["2001-08-26T17:37:02.000Z", "2001-08-26T19:14:22.000Z"], "wnes_geometry": {"westBoundingCoordinate": -80.787, "eastBoundingCoordinate": -77.786, "northBoundingCoordinate": 28.934, "southBoundingCoordinate": 27.927}, "sizeMB": 0.01, "format": "ASCII"}, "C4EMAS_MASL1B_01133_02_20010826_1740_1743_V01.hdf": {"temporal": ["2001-08-26T17:40:28.000Z", "2001-08-26T17:43:48.000Z"], "wnes_geometry": {"westBoundingCoordinate": -80.64, "eastBoundingCoordinate": -80.106, "northBoundingCoordinate": 28.117, "southBoundingCoordinate": 27.699}, "sizeMB": 111.88, "format": "HDF4"}, "C4EMAS_MASL1B_01133_03_20010826_1751_1801_V01.hdf": {"temporal": ["2001-08-26T17:51:01.000Z", "2001-08-26T18:01:26.000Z"], "wnes_geometry": {"westBoundingCoordinate": -80.908, "eastBoundingCoordinate": -79.751, "northBoundingCoordinate": 28.883, "southBoundingCoordinate": 27.804}, "sizeMB": 349.76, "format": "HDF4"}, "C4EMAS_MASL1B_01133_04_20010826_1802_1817_V01.hdf": {"temporal": ["2001-08-26T18:02:02.000Z", "2001-08-26T18:17:06.000Z"], "wnes_geometry": {"westBoundingCoordinate": -79.832, "eastBoundingCoordinate": -77.947, "northBoundingCoordinate": 29.086, "southBoundingCoordinate": 28.634}, "sizeMB": 505.89, "format": "HDF4"}, "C4EMAS_MASL1B_01133_05_20010826_1821_1832_V01.hdf": {"temporal": ["2001-08-26T18:21:11.000Z", "2001-08-26T18:32:39.000Z"], "wnes_geometry": {"westBoundingCoordinate": -79.337, "eastBoundingCoordinate": -77.766, "northBoundingCoordinate": 29.095, "southBoundingCoordinate": 28.673}, "sizeMB": 384.98, "format": "HDF4"}, "C4EMAS_MASL1B_01133_06_20010826_1838_1852_V01.hdf": {"temporal": ["2001-08-26T18:38:36.000Z", "2001-08-26T18:52:10.000Z"], "wnes_geometry": {"westBoundingCoordinate": -79.677, "eastBoundingCoordinate": -77.968, "northBoundingCoordinate": 29.074, "southBoundingCoordinate": 28.654}, "sizeMB": 455.5, "format": "HDF4"}, "C4EMAS_MASL1B_01133_07_20010826_1856_1905_V01.hdf": {"temporal": ["2001-08-26T18:56:51.000Z", "2001-08-26T19:05:20.000Z"], "wnes_geometry": {"westBoundingCoordinate": -78.951, "eastBoundingCoordinate": -77.796, "northBoundingCoordinate": 29.085, "southBoundingCoordinate": 28.704}, "sizeMB": 285.17, "format": "HDF4"}, "C4EMAS_MASL1B_01133_08_20010826_1906_1914_V01.hdf": {"temporal": ["2001-08-26T19:06:43.000Z", "2001-08-26T19:14:22.000Z"], "wnes_geometry": {"westBoundingCoordinate": -80.085, "eastBoundingCoordinate": -79.027, "northBoundingCoordinate": 29.514, "southBoundingCoordinate": 28.774}, "sizeMB": 257.32, "format": "HDF4"}, "C4EMAS_MASL1B_01135_01_20010907_1629_1631_V01.hdf": {"temporal": ["2001-09-07T16:29:16.000Z", "2001-09-07T16:31:24.000Z"], "wnes_geometry": {"westBoundingCoordinate": -82.449, "eastBoundingCoordinate": -82.08, "northBoundingCoordinate": 28.273, "southBoundingCoordinate": 27.989}, "sizeMB": 71.55, "format": "HDF4"}, "c4emas_01135cfg.htm": {"temporal": ["2001-09-07T16:29:16.000Z", "2001-09-07T19:54:45.000Z"], "wnes_geometry": {"westBoundingCoordinate": -84.029, "eastBoundingCoordinate": -82.237, "northBoundingCoordinate": 28.247, "southBoundingCoordinate": 25.307}, "sizeMB": 0.01, "format": "ASCII"}, "c4emas_01-135.sum": {"temporal": ["2001-09-07T16:29:16.000Z", "2001-09-07T19:54:45.000Z"], "wnes_geometry": {"westBoundingCoordinate": -84.029, "eastBoundingCoordinate": -82.237, "northBoundingCoordinate": 28.247, "southBoundingCoordinate": 25.307}, "sizeMB": 0.01, "format": "ASCII"}, "C4EMAS_MASL1B_01135_02_20010907_1631_1639_V01.hdf": {"temporal": ["2001-09-07T16:31:36.000Z", "2001-09-07T16:39:19.000Z"], "wnes_geometry": {"westBoundingCoordinate": -82.803, "eastBoundingCoordinate": -82.142, "northBoundingCoordinate": 28.048, "southBoundingCoordinate": 27.123}, "sizeMB": 258.67, "format": "HDF4"}, "C4EMAS_MASL1B_01135_03_20010907_1652_1703_V01.hdf": {"temporal": ["2001-09-07T16:52:09.000Z", "2001-09-07T17:03:23.000Z"], "wnes_geometry": {"westBoundingCoordinate": -84.026, "eastBoundingCoordinate": -82.605, "northBoundingCoordinate": 27.29, "southBoundingCoordinate": 26.244}, "sizeMB": 376.98, "format": "HDF4"}, "C4EMAS_MASL1B_01135_04_20010907_1706_1713_V01.hdf": {"temporal": ["2001-09-07T17:06:53.000Z", "2001-09-07T17:13:17.000Z"], "wnes_geometry": {"westBoundingCoordinate": -84.026, "eastBoundingCoordinate": -83.264, "northBoundingCoordinate": 26.756, "southBoundingCoordinate": 26.396}, "sizeMB": 215.1, "format": "HDF4"}, "C4EMAS_MASL1B_01135_05_20010907_1716_1723_V01.hdf": {"temporal": ["2001-09-07T17:16:43.000Z", "2001-09-07T17:23:15.000Z"], "wnes_geometry": {"westBoundingCoordinate": -84.177, "eastBoundingCoordinate": -83.236, "northBoundingCoordinate": 27.01, "southBoundingCoordinate": 26.3}, "sizeMB": 219.23, "format": "HDF4"}, "C4EMAS_MASL1B_01135_06_20010907_1728_1730_V01.hdf": {"temporal": ["2001-09-07T17:28:06.000Z", "2001-09-07T17:30:40.000Z"], "wnes_geometry": {"westBoundingCoordinate": -83.838, "eastBoundingCoordinate": -83.368, "northBoundingCoordinate": 27.165, "southBoundingCoordinate": 26.74}, "sizeMB": 86.19, "format": "HDF4"}, "C4EMAS_MASL1B_01135_07_20010907_1731_1742_V01.hdf": {"temporal": ["2001-09-07T17:31:33.000Z", "2001-09-07T17:42:46.000Z"], "wnes_geometry": {"westBoundingCoordinate": -83.853, "eastBoundingCoordinate": -83.299, "northBoundingCoordinate": 26.784, "southBoundingCoordinate": 25.498}, "sizeMB": 376.8, "format": "HDF4"}, "C4EMAS_MASL1B_01135_08_20010907_1749_1757_V01.hdf": {"temporal": ["2001-09-07T17:49:45.000Z", "2001-09-07T17:57:56.000Z"], "wnes_geometry": {"westBoundingCoordinate": -83.883, "eastBoundingCoordinate": -83.374, "northBoundingCoordinate": 26.276, "southBoundingCoordinate": 25.261}, "sizeMB": 274.84, "format": "HDF4"}, "C4EMAS_MASL1B_01135_09_20010907_1803_1810_V01.hdf": {"temporal": ["2001-09-07T18:03:12.000Z", "2001-09-07T18:10:16.000Z"], "wnes_geometry": {"westBoundingCoordinate": -83.847, "eastBoundingCoordinate": -83.365, "northBoundingCoordinate": 26.349, "southBoundingCoordinate": 25.531}, "sizeMB": 237.47, "format": "HDF4"}, "C4EMAS_MASL1B_01135_10_20010907_1815_1823_V01.hdf": {"temporal": ["2001-09-07T18:15:18.000Z", "2001-09-07T18:23:49.000Z"], "wnes_geometry": {"westBoundingCoordinate": -83.867, "eastBoundingCoordinate": -83.362, "northBoundingCoordinate": 26.354, "southBoundingCoordinate": 25.32}, "sizeMB": 285.8, "format": "HDF4"}, "C4EMAS_MASL1B_01135_11_20010907_1829_1836_V01.hdf": {"temporal": ["2001-09-07T18:29:27.000Z", "2001-09-07T18:36:34.000Z"], "wnes_geometry": {"westBoundingCoordinate": -83.818, "eastBoundingCoordinate": -83.326, "northBoundingCoordinate": 26.551, "southBoundingCoordinate": 25.718}, "sizeMB": 238.91, "format": "HDF4"}, "C4EMAS_MASL1B_01135_12_20010907_1843_1851_V01.hdf": {"temporal": ["2001-09-07T18:43:41.000Z", "2001-09-07T18:51:55.000Z"], "wnes_geometry": {"westBoundingCoordinate": -83.781, "eastBoundingCoordinate": -83.067, "northBoundingCoordinate": 26.696, "southBoundingCoordinate": 25.668}, "sizeMB": 276.73, "format": "HDF4"}, "C4EMAS_MASL1B_01135_13_20010907_1852_1855_V01.hdf": {"temporal": ["2001-09-07T18:52:00.000Z", "2001-09-07T18:55:05.000Z"], "wnes_geometry": {"westBoundingCoordinate": -83.392, "eastBoundingCoordinate": -82.899, "northBoundingCoordinate": 27.021, "southBoundingCoordinate": 26.546}, "sizeMB": 103.26, "format": "HDF4"}, "C4EMAS_MASL1B_01135_14_20010907_1900_1908_V01.hdf": {"temporal": ["2001-09-07T19:00:01.000Z", "2001-09-07T19:08:20.000Z"], "wnes_geometry": {"westBoundingCoordinate": -83.68, "eastBoundingCoordinate": -82.776, "northBoundingCoordinate": 27.195, "southBoundingCoordinate": 26.222}, "sizeMB": 279.15, "format": "HDF4"}, "C4EMAS_MASL1B_01135_15_20010907_1914_1920_V01.hdf": {"temporal": ["2001-09-07T19:14:07.000Z", "2001-09-07T19:20:53.000Z"], "wnes_geometry": {"westBoundingCoordinate": -83.742, "eastBoundingCoordinate": -82.978, "northBoundingCoordinate": 26.948, "southBoundingCoordinate": 26.115}, "sizeMB": 227.41, "format": "HDF4"}, "C4EMAS_MASL1B_01135_16_20010907_1923_1930_V01.hdf": {"temporal": ["2001-09-07T19:23:11.000Z", "2001-09-07T19:30:20.000Z"], "wnes_geometry": {"westBoundingCoordinate": -83.94, "eastBoundingCoordinate": -83.123, "northBoundingCoordinate": 27.044, "southBoundingCoordinate": 26.179}, "sizeMB": 240.07, "format": "HDF4"}, "C4EMAS_MASL1B_01135_17_20010907_1934_1941_V01.hdf": {"temporal": ["2001-09-07T19:34:17.000Z", "2001-09-07T19:41:46.000Z"], "wnes_geometry": {"westBoundingCoordinate": -83.673, "eastBoundingCoordinate": -82.871, "northBoundingCoordinate": 27.091, "southBoundingCoordinate": 26.192}, "sizeMB": 251.22, "format": "HDF4"}, "C4EMAS_MASL1B_01135_18_20010907_1941_1954_V01.hdf": {"temporal": ["2001-09-07T19:41:59.000Z", "2001-09-07T19:54:45.000Z"], "wnes_geometry": {"westBoundingCoordinate": -83.182, "eastBoundingCoordinate": -82.293, "northBoundingCoordinate": 28.43, "southBoundingCoordinate": 26.926}, "sizeMB": 428.64, "format": "HDF4"}, "c4emas_01136cfg.htm": {"temporal": ["2001-09-09T16:29:25.000Z", "2001-09-09T19:13:52.000Z"], "wnes_geometry": {"westBoundingCoordinate": -82.999, "eastBoundingCoordinate": -80.954, "northBoundingCoordinate": 28.027, "southBoundingCoordinate": 24.679}, "sizeMB": 0.01, "format": "ASCII"}, "C4EMAS_MASL1B_01136_01_20010909_1629_1640_V01.hdf": {"temporal": ["2001-09-09T16:29:25.000Z", "2001-09-09T16:40:43.000Z"], "wnes_geometry": {"westBoundingCoordinate": -82.641, "eastBoundingCoordinate": -81.639, "northBoundingCoordinate": 27.698, "southBoundingCoordinate": 26.469}, "sizeMB": 379.5, "format": "HDF4"}, "c4emas_01-136.sum": {"temporal": ["2001-09-09T16:29:25.000Z", "2001-09-09T19:13:52.000Z"], "wnes_geometry": {"westBoundingCoordinate": -82.999, "eastBoundingCoordinate": -80.954, "northBoundingCoordinate": 28.027, "southBoundingCoordinate": 24.679}, "sizeMB": 0.01, "format": "ASCII"}, "C4EMAS_MASL1B_01136_02_20010909_1640_1656_V01.hdf": {"temporal": ["2001-09-09T16:40:51.000Z", "2001-09-09T16:56:30.000Z"], "wnes_geometry": {"westBoundingCoordinate": -81.949, "eastBoundingCoordinate": -81.08, "northBoundingCoordinate": 26.614, "southBoundingCoordinate": 24.787}, "sizeMB": 525.48, "format": "HDF4"}, "C4EMAS_MASL1B_01136_03_20010909_1658_1701_V01.hdf": {"temporal": ["2001-09-09T16:58:07.000Z", "2001-09-09T17:01:02.000Z"], "wnes_geometry": {"westBoundingCoordinate": -81.766, "eastBoundingCoordinate": -81.348, "northBoundingCoordinate": 24.887, "southBoundingCoordinate": 24.555}, "sizeMB": 98.14, "format": "HDF4"}, "C4EMAS_MASL1B_01136_04_20010909_1704_1710_V01.hdf": {"temporal": ["2001-09-09T17:04:37.000Z", "2001-09-09T17:10:37.000Z"], "wnes_geometry": {"westBoundingCoordinate": -81.747, "eastBoundingCoordinate": -81.039, "northBoundingCoordinate": 25.117, "southBoundingCoordinate": 24.749}, "sizeMB": 201.36, "format": "HDF4"}, "C4EMAS_MASL1B_01136_05_20010909_1713_1722_V01.hdf": {"temporal": ["2001-09-09T17:13:04.000Z", "2001-09-09T17:22:56.000Z"], "wnes_geometry": {"westBoundingCoordinate": -81.873, "eastBoundingCoordinate": -80.796, "northBoundingCoordinate": 26.13, "southBoundingCoordinate": 25.026}, "sizeMB": 331.35, "format": "HDF4"}, "C4EMAS_MASL1B_01136_06_20010909_1726_1733_V01.hdf": {"temporal": ["2001-09-09T17:26:39.000Z", "2001-09-09T17:33:19.000Z"], "wnes_geometry": {"westBoundingCoordinate": -82.01, "eastBoundingCoordinate": -81.188, "northBoundingCoordinate": 25.981, "southBoundingCoordinate": 25.241}, "sizeMB": 223.46, "format": "HDF4"}, "C4EMAS_MASL1B_01136_07_20010909_1741_1747_V01.hdf": {"temporal": ["2001-09-09T17:41:42.000Z", "2001-09-09T17:47:33.000Z"], "wnes_geometry": {"westBoundingCoordinate": -81.529, "eastBoundingCoordinate": -80.811, "northBoundingCoordinate": 26.125, "southBoundingCoordinate": 25.365}, "sizeMB": 196.69, "format": "HDF4"}, "C4EMAS_MASL1B_01136_08_20010909_1754_1808_V01.hdf": {"temporal": ["2001-09-09T17:54:49.000Z", "2001-09-09T18:08:12.000Z"], "wnes_geometry": {"westBoundingCoordinate": -81.584, "eastBoundingCoordinate": -80.537, "northBoundingCoordinate": 26.229, "southBoundingCoordinate": 24.754}, "sizeMB": 449.03, "format": "HDF4"}, "C4EMAS_MASL1B_01136_09_20010909_1811_1817_V01.hdf": {"temporal": ["2001-09-09T18:11:27.000Z", "2001-09-09T18:17:20.000Z"], "wnes_geometry": {"westBoundingCoordinate": -81.819, "eastBoundingCoordinate": -80.971, "northBoundingCoordinate": 24.852, "southBoundingCoordinate": 24.517}, "sizeMB": 197.58, "format": "HDF4"}, "C4EMAS_MASL1B_01136_10_20010909_1817_1828_V01.hdf": {"temporal": ["2001-09-09T18:17:46.000Z", "2001-09-09T18:28:13.000Z"], "wnes_geometry": {"westBoundingCoordinate": -83.248, "eastBoundingCoordinate": -81.796, "northBoundingCoordinate": 25.355, "southBoundingCoordinate": 24.542}, "sizeMB": 351.02, "format": "HDF4"}, "C4EMAS_MASL1B_01136_11_20010909_1831_1842_V01.hdf": {"temporal": ["2001-09-09T18:31:44.000Z", "2001-09-09T18:42:49.000Z"], "wnes_geometry": {"westBoundingCoordinate": -83.005, "eastBoundingCoordinate": -81.718, "northBoundingCoordinate": 25.503, "southBoundingCoordinate": 25.162}, "sizeMB": 372.13, "format": "HDF4"}, "C4EMAS_MASL1B_01136_12_20010909_1846_1848_V01.hdf": {"temporal": ["2001-09-09T18:46:29.000Z", "2001-09-09T18:48:57.000Z"], "wnes_geometry": {"westBoundingCoordinate": -81.771, "eastBoundingCoordinate": -81.281, "northBoundingCoordinate": 25.786, "southBoundingCoordinate": 25.405}, "sizeMB": 83.14, "format": "HDF4"}, "C4EMAS_MASL1B_01136_13_20010909_1849_1909_V01.hdf": {"temporal": ["2001-09-09T18:49:01.000Z", "2001-09-09T19:09:50.000Z"], "wnes_geometry": {"westBoundingCoordinate": -82.909, "eastBoundingCoordinate": -81.424, "northBoundingCoordinate": 28.031, "southBoundingCoordinate": 25.673}, "sizeMB": 699.04, "format": "HDF4"}, "C4EMAS_MASL1B_01136_14_20010909_1910_1913_V01.hdf": {"temporal": ["2001-09-09T19:10:15.000Z", "2001-09-09T19:13:52.000Z"], "wnes_geometry": {"westBoundingCoordinate": -82.996, "eastBoundingCoordinate": -82.553, "northBoundingCoordinate": 28.433, "southBoundingCoordinate": 28}, "sizeMB": 121.22, "format": "HDF4"}, "C4EMAS_MASL1B_01137_01_20010910_1501_1528_V01.hdf": {"temporal": ["2001-09-10T15:01:39.000Z", "2001-09-10T15:28:24.000Z"], "wnes_geometry": {"westBoundingCoordinate": -79.267, "eastBoundingCoordinate": -76.035, "northBoundingCoordinate": 31.787, "southBoundingCoordinate": 30.612}, "sizeMB": 898.29, "format": "HDF4"}, "c4emas_01137cfg.htm": {"temporal": ["2001-09-10T15:01:39.000Z", "2001-09-10T21:22:11.000Z"], "wnes_geometry": {"westBoundingCoordinate": -79.223, "eastBoundingCoordinate": -62.088, "northBoundingCoordinate": 37.964, "southBoundingCoordinate": 30.564}, "sizeMB": 0.01, "format": "ASCII"}, "c4emas_01-137.sum": {"temporal": ["2001-09-10T15:01:39.000Z", "2001-09-10T21:22:11.000Z"], "wnes_geometry": {"westBoundingCoordinate": -79.223, "eastBoundingCoordinate": -62.088, "northBoundingCoordinate": 37.964, "southBoundingCoordinate": 30.564}, "sizeMB": 0.01, "format": "ASCII"}, "C4EMAS_MASL1B_01137_02_20010910_1528_1555_V01.hdf": {"temporal": ["2001-09-10T15:28:25.000Z", "2001-09-10T15:55:10.000Z"], "wnes_geometry": {"westBoundingCoordinate": -76.125, "eastBoundingCoordinate": -72.832, "northBoundingCoordinate": 32.678, "southBoundingCoordinate": 31.474}, "sizeMB": 898.29, "format": "HDF4"}, "C4EMAS_MASL1B_01137_03_20010910_1555_1621_V01.hdf": {"temporal": ["2001-09-10T15:55:10.000Z", "2001-09-10T16:21:55.000Z"], "wnes_geometry": {"westBoundingCoordinate": -72.927, "eastBoundingCoordinate": -69.545, "northBoundingCoordinate": 33.357, "southBoundingCoordinate": 32.365}, "sizeMB": 898.29, "format": "HDF4"}, "C4EMAS_MASL1B_01137_04_20010910_1621_1648_V01.hdf": {"temporal": ["2001-09-10T16:21:55.000Z", "2001-09-10T16:48:02.000Z"], "wnes_geometry": {"westBoundingCoordinate": -69.606, "eastBoundingCoordinate": -66.253, "northBoundingCoordinate": 33.927, "southBoundingCoordinate": 33.037}, "sizeMB": 876.91, "format": "HDF4"}, "C4EMAS_MASL1B_01137_05_20010910_1648_1715_V01.hdf": {"temporal": ["2001-09-10T16:48:41.000Z", "2001-09-10T17:15:27.000Z"], "wnes_geometry": {"westBoundingCoordinate": -66.398, "eastBoundingCoordinate": -64.172, "northBoundingCoordinate": 36.44, "southBoundingCoordinate": 33.725}, "sizeMB": 898.29, "format": "HDF4"}, "C4EMAS_MASL1B_01137_06_20010910_1715_1731_V01.hdf": {"temporal": ["2001-09-10T17:15:27.000Z", "2001-09-10T17:31:11.000Z"], "wnes_geometry": {"westBoundingCoordinate": -64.502, "eastBoundingCoordinate": -63.003, "northBoundingCoordinate": 37.894, "southBoundingCoordinate": 36.244}, "sizeMB": 528.71, "format": "HDF4"}, "C4EMAS_MASL1B_01137_07_20010910_1733_1751_V01.hdf": {"temporal": ["2001-09-10T17:33:23.000Z", "2001-09-10T17:51:11.000Z"], "wnes_geometry": {"westBoundingCoordinate": -65.986, "eastBoundingCoordinate": -63.322, "northBoundingCoordinate": 38.131, "southBoundingCoordinate": 37.773}, "sizeMB": 598.06, "format": "HDF4"}, "C4EMAS_MASL1B_01137_08_20010910_1754_1821_V01.hdf": {"temporal": ["2001-09-10T17:54:22.000Z", "2001-09-10T18:21:07.000Z"], "wnes_geometry": {"westBoundingCoordinate": -66.372, "eastBoundingCoordinate": -64.515, "northBoundingCoordinate": 37.725, "southBoundingCoordinate": 34.859}, "sizeMB": 898.29, "format": "HDF4"}, "C4EMAS_MASL1B_01137_09_20010910_1821_1836_V01.hdf": {"temporal": ["2001-09-10T18:21:07.000Z", "2001-09-10T18:36:42.000Z"], "wnes_geometry": {"westBoundingCoordinate": -64.887, "eastBoundingCoordinate": -63.695, "northBoundingCoordinate": 34.999, "southBoundingCoordinate": 33.249}, "sizeMB": 523.14, "format": "HDF4"}, "C4EMAS_MASL1B_01137_10_20010910_1838_1904_V01.hdf": {"temporal": ["2001-09-10T18:38:33.000Z", "2001-09-10T19:04:03.000Z"], "wnes_geometry": {"westBoundingCoordinate": -63.861, "eastBoundingCoordinate": -61.82, "northBoundingCoordinate": 35.821, "southBoundingCoordinate": 33.221}, "sizeMB": 856.16, "format": "HDF4"}, "C4EMAS_MASL1B_01137_11_20010910_1905_1932_V01.hdf": {"temporal": ["2001-09-10T19:05:46.000Z", "2001-09-10T19:32:31.000Z"], "wnes_geometry": {"westBoundingCoordinate": -65.943, "eastBoundingCoordinate": -62.092, "northBoundingCoordinate": 36.055, "southBoundingCoordinate": 35.696}, "sizeMB": 898.29, "format": "HDF4"}, "C4EMAS_MASL1B_01137_12_20010910_1932_1950_V01.hdf": {"temporal": ["2001-09-10T19:32:31.000Z", "2001-09-10T19:50:38.000Z"], "wnes_geometry": {"westBoundingCoordinate": -68.535, "eastBoundingCoordinate": -65.941, "northBoundingCoordinate": 36.034, "southBoundingCoordinate": 35.563}, "sizeMB": 608.22, "format": "HDF4"}, "C4EMAS_MASL1B_01137_13_20010910_1950_2017_V01.hdf": {"temporal": ["2001-09-10T19:50:56.000Z", "2001-09-10T20:17:41.000Z"], "wnes_geometry": {"westBoundingCoordinate": -72.022, "eastBoundingCoordinate": -68.497, "northBoundingCoordinate": 35.874, "southBoundingCoordinate": 34.165}, "sizeMB": 898.29, "format": "HDF4"}, "C4EMAS_MASL1B_01137_14_20010910_2017_2044_V01.hdf": {"temporal": ["2001-09-10T20:17:41.000Z", "2001-09-10T20:44:25.000Z"], "wnes_geometry": {"westBoundingCoordinate": -75.266, "eastBoundingCoordinate": -71.843, "northBoundingCoordinate": 34.461, "southBoundingCoordinate": 32.722}, "sizeMB": 898.29, "format": "HDF4"}, "C4EMAS_MASL1B_01137_15_20010910_2044_2111_V01.hdf": {"temporal": ["2001-09-10T20:44:26.000Z", "2001-09-10T21:11:10.000Z"], "wnes_geometry": {"westBoundingCoordinate": -78.449, "eastBoundingCoordinate": -75.073, "northBoundingCoordinate": 33.015, "southBoundingCoordinate": 31.274}, "sizeMB": 898.29, "format": "HDF4"}, "C4EMAS_MASL1B_01137_16_20010910_2113_2119_V01.hdf": {"temporal": ["2001-09-10T21:13:38.000Z", "2001-09-10T21:19:29.000Z"], "wnes_geometry": {"westBoundingCoordinate": -79.007, "eastBoundingCoordinate": -78.446, "northBoundingCoordinate": 31.306, "southBoundingCoordinate": 30.585}, "sizeMB": 196.78, "format": "HDF4"}, "C4EMAS_MASL1B_01137_17_20010910_2120_2122_V01.hdf": {"temporal": ["2001-09-10T21:20:11.000Z", "2001-09-10T21:22:11.000Z"], "wnes_geometry": {"westBoundingCoordinate": -79.189, "eastBoundingCoordinate": -78.831, "northBoundingCoordinate": 30.724, "southBoundingCoordinate": 30.358}, "sizeMB": 67.14, "format": "HDF4"}, "c4emas_01138cfg.htm": {"temporal": ["2001-09-16T20:01:26.000Z", "2001-09-16T23:49:49.000Z"], "wnes_geometry": {"westBoundingCoordinate": -78.984, "eastBoundingCoordinate": -70.682, "northBoundingCoordinate": 34.213, "southBoundingCoordinate": 30.352}, "sizeMB": 0.01, "format": "ASCII"}, "c4emas_01-138.sum": {"temporal": ["2001-09-16T20:01:26.000Z", "2001-09-16T23:49:49.000Z"], "wnes_geometry": {"westBoundingCoordinate": -78.984, "eastBoundingCoordinate": -70.682, "northBoundingCoordinate": 34.213, "southBoundingCoordinate": 30.352}, "sizeMB": 0.01, "format": "ASCII"}, "c4emas_01139cfg.htm": {"temporal": ["2001-09-19T16:41:59.000Z", "2001-09-19T20:28:43.000Z"], "wnes_geometry": {"westBoundingCoordinate": -82.194, "eastBoundingCoordinate": -80.348, "northBoundingCoordinate": 28.477, "southBoundingCoordinate": 24.292}, "sizeMB": 0.01, "format": "ASCII"}, "c4emas_01-139.sum": {"temporal": ["2001-09-19T16:41:59.000Z", "2001-09-19T20:28:43.000Z"], "wnes_geometry": {"westBoundingCoordinate": -82.194, "eastBoundingCoordinate": -80.348, "northBoundingCoordinate": 28.477, "southBoundingCoordinate": 24.292}, "sizeMB": 0.01, "format": "ASCII"}, "C4EMAS_MASL1B_01139_05_20010919_1744_1747_V01.hdf": {"temporal": ["2001-09-19T17:44:40.000Z", "2001-09-19T17:47:56.000Z"], "wnes_geometry": {"westBoundingCoordinate": -80.96, "eastBoundingCoordinate": -80.45, "northBoundingCoordinate": 25.295, "southBoundingCoordinate": 24.819}, "sizeMB": 109.82, "format": "HDF4"}, "C4EMAS_MASL1B_01139_12_20010919_1912_1914_V01.hdf": {"temporal": ["2001-09-19T19:12:13.000Z", "2001-09-19T19:14:11.000Z"], "wnes_geometry": {"westBoundingCoordinate": -82.303, "eastBoundingCoordinate": -81.895, "northBoundingCoordinate": 24.99, "southBoundingCoordinate": 24.598}, "sizeMB": 65.89, "format": "HDF4"}, "C4EMAS_MASL1B_01139_14_20010919_1928_1932_V01.hdf": {"temporal": ["2001-09-19T19:28:55.000Z", "2001-09-19T19:32:49.000Z"], "wnes_geometry": {"westBoundingCoordinate": -81.017, "eastBoundingCoordinate": -80.647, "northBoundingCoordinate": 24.926, "southBoundingCoordinate": 24.484}, "sizeMB": 131.38, "format": "HDF4"}, "c4emas_01140cfg.htm": {"temporal": ["2001-09-22T17:14:07.000Z", "2001-09-22T21:53:21.000Z"], "wnes_geometry": {"westBoundingCoordinate": -79.073, "eastBoundingCoordinate": -65.605, "northBoundingCoordinate": 30.416, "southBoundingCoordinate": 28.017}, "sizeMB": 0.01, "format": "ASCII"}, "c4emas_01-140.sum": {"temporal": ["2001-09-22T17:14:07.000Z", "2001-09-22T21:53:21.000Z"], "wnes_geometry": {"westBoundingCoordinate": -79.073, "eastBoundingCoordinate": -65.605, "northBoundingCoordinate": 30.416, "southBoundingCoordinate": 28.017}, "sizeMB": 0.01, "format": "ASCII"}, "C4EMAS_MASL1B_01140_05_20010922_1839_1906_V01.hdf": {"temporal": ["2001-09-22T18:39:39.000Z", "2001-09-22T19:06:24.000Z"], "wnes_geometry": {"westBoundingCoordinate": -69.406, "eastBoundingCoordinate": -66.112, "northBoundingCoordinate": 28.904, "southBoundingCoordinate": 28.549}, "sizeMB": 898.29, "format": "HDF4"}, "C4EMAS_MASL1B_01140_06_20010922_1906_1909_V01.hdf": {"temporal": ["2001-09-22T19:06:24.000Z", "2001-09-22T19:09:38.000Z"], "wnes_geometry": {"westBoundingCoordinate": -66.118, "eastBoundingCoordinate": -65.716, "northBoundingCoordinate": 28.902, "southBoundingCoordinate": 28.564}, "sizeMB": 108.56, "format": "HDF4"}, "C4EMAS_MASL1B_01140_07_20010922_1911_1925_V01.hdf": {"temporal": ["2001-09-22T19:11:38.000Z", "2001-09-22T19:25:25.000Z"], "wnes_geometry": {"westBoundingCoordinate": -66.696, "eastBoundingCoordinate": -65.415, "northBoundingCoordinate": 30.374, "southBoundingCoordinate": 28.872}, "sizeMB": 462.5, "format": "HDF4"}, "C4EMAS_MASL1B_01140_08_20010922_1928_1931_V01.hdf": {"temporal": ["2001-09-22T19:28:21.000Z", "2001-09-22T19:31:50.000Z"], "wnes_geometry": {"westBoundingCoordinate": -66.986, "eastBoundingCoordinate": -66.493, "northBoundingCoordinate": 30.244, "southBoundingCoordinate": 29.802}, "sizeMB": 117, "format": "HDF4"}, "C4EMAS_MASL1B_01140_09_20010922_1932_1948_V01.hdf": {"temporal": ["2001-09-22T19:32:00.000Z", "2001-09-22T19:48:11.000Z"], "wnes_geometry": {"westBoundingCoordinate": -66.87, "eastBoundingCoordinate": -66.473, "northBoundingCoordinate": 29.855, "southBoundingCoordinate": 28.004}, "sizeMB": 543.71, "format": "HDF4"}, "C4EMAS_MASL1B_01140_10_20010922_1951_1958_V01.hdf": {"temporal": ["2001-09-22T19:51:45.000Z", "2001-09-22T19:58:10.000Z"], "wnes_geometry": {"westBoundingCoordinate": -67.142, "eastBoundingCoordinate": -66.533, "northBoundingCoordinate": 28.775, "southBoundingCoordinate": 27.991}, "sizeMB": 215.55, "format": "HDF4"}, "C4EMAS_MASL1B_01140_11_20010922_1959_2006_V01.hdf": {"temporal": ["2001-09-22T19:59:47.000Z", "2001-09-22T20:06:39.000Z"], "wnes_geometry": {"westBoundingCoordinate": -66.756, "eastBoundingCoordinate": -65.867, "northBoundingCoordinate": 29.542, "southBoundingCoordinate": 28.759}, "sizeMB": 230.82, "format": "HDF4"}, "C4EMAS_MASL1B_01140_12_20010922_2010_2017_V01.hdf": {"temporal": ["2001-09-22T20:10:06.000Z", "2001-09-22T20:17:07.000Z"], "wnes_geometry": {"westBoundingCoordinate": -66.766, "eastBoundingCoordinate": -65.744, "northBoundingCoordinate": 29.381, "southBoundingCoordinate": 28.686}, "sizeMB": 235.67, "format": "HDF4"}, "C4EMAS_MASL1B_01140_13_20010922_2017_2044_V01.hdf": {"temporal": ["2001-09-22T20:17:57.000Z", "2001-09-22T20:44:41.000Z"], "wnes_geometry": {"westBoundingCoordinate": -70.341, "eastBoundingCoordinate": -66.731, "northBoundingCoordinate": 29.575, "southBoundingCoordinate": 28.654}, "sizeMB": 898.29, "format": "HDF4"}, "C4EMAS_MASL1B_01140_14_20010922_2044_2111_V01.hdf": {"temporal": ["2001-09-22T20:44:41.000Z", "2001-09-22T21:11:26.000Z"], "wnes_geometry": {"westBoundingCoordinate": -73.872, "eastBoundingCoordinate": -70.257, "northBoundingCoordinate": 30.139, "southBoundingCoordinate": 29.239}, "sizeMB": 898.29, "format": "HDF4"}, "C4EMAS_MASL1B_01140_15_20010922_2111_2136_V01.hdf": {"temporal": ["2001-09-22T21:11:26.000Z", "2001-09-22T21:36:56.000Z"], "wnes_geometry": {"westBoundingCoordinate": -77.287, "eastBoundingCoordinate": -73.8, "northBoundingCoordinate": 30.579, "southBoundingCoordinate": 29.797}, "sizeMB": 856.52, "format": "HDF4"}, "C4EMAS_MASL1B_01140_16_20010922_2137_2153_V01.hdf": {"temporal": ["2001-09-22T21:37:03.000Z", "2001-09-22T21:53:21.000Z"], "wnes_geometry": {"westBoundingCoordinate": -79.444, "eastBoundingCoordinate": -77.246, "northBoundingCoordinate": 30.583, "southBoundingCoordinate": 30.183}, "sizeMB": 547.67, "format": "HDF4"}, "C4EMAS_MASL1B_01141_16_20010923_2340_0007_V01.hdf": {"temporal": ["2001-09-23T00:00:00.000Z", "2001-09-23T23:59:59.000Z"], "wnes_geometry": {"westBoundingCoordinate": -70.209, "eastBoundingCoordinate": -66.875, "northBoundingCoordinate": 32.986, "southBoundingCoordinate": 31.093}, "sizeMB": 898.29, "format": "HDF4"}, "C4EMAS_MASL1B_01141_17_20010924_0007_0010_V01.hdf": {"temporal": ["2001-09-23T00:07:13.000Z", "2001-09-23T00:10:28.000Z"], "wnes_geometry": {"westBoundingCoordinate": -70.588, "eastBoundingCoordinate": -70.009, "northBoundingCoordinate": 31.383, "southBoundingCoordinate": 30.895}, "sizeMB": 108.92, "format": "HDF4"}, "C4EMAS_MASL1B_01141_18_20010924_0010_0037_V01.hdf": {"temporal": ["2001-09-23T00:10:53.000Z", "2001-09-23T00:37:37.000Z"], "wnes_geometry": {"westBoundingCoordinate": -74.094, "eastBoundingCoordinate": -70.514, "northBoundingCoordinate": 31.188, "southBoundingCoordinate": 30.548}, "sizeMB": 898.29, "format": "HDF4"}, "C4EMAS_MASL1B_01141_19_20010924_0037_0104_V01.hdf": {"temporal": ["2001-09-23T00:37:37.000Z", "2001-09-23T01:04:21.000Z"], "wnes_geometry": {"westBoundingCoordinate": -77.585, "eastBoundingCoordinate": -74.053, "northBoundingCoordinate": 30.881, "southBoundingCoordinate": 30.216}, "sizeMB": 898.29, "format": "HDF4"}, "C4EMAS_MASL1B_01141_20_20010924_0104_0106_V01.hdf": {"temporal": ["2001-09-23T01:04:21.000Z", "2001-09-23T01:06:51.000Z"], "wnes_geometry": {"westBoundingCoordinate": -77.917, "eastBoundingCoordinate": -77.579, "northBoundingCoordinate": 30.538, "southBoundingCoordinate": 30.211}, "sizeMB": 84.12, "format": "HDF4"}, "C4EMAS_MASL1B_01141_21_20010924_0107_0118_V01.hdf": {"temporal": ["2001-09-23T01:07:06.000Z", "2001-09-23T01:18:27.000Z"], "wnes_geometry": {"westBoundingCoordinate": -79.438, "eastBoundingCoordinate": -77.945, "northBoundingCoordinate": 30.531, "southBoundingCoordinate": 30.174}, "sizeMB": 381.38, "format": "HDF4"}, "C4EMAS_MASL1B_01141_01_20010923_1807_1828_V01.hdf": {"temporal": ["2001-09-23T18:07:21.000Z", "2001-09-23T18:28:23.000Z"], "wnes_geometry": {"westBoundingCoordinate": -79.703, "eastBoundingCoordinate": -77.031, "northBoundingCoordinate": 30.541, "southBoundingCoordinate": 30.119}, "sizeMB": 705.33, "format": "HDF4"}, "c4emas_01-141.sum": {"temporal": ["2001-09-23T18:07:21.000Z", "2001-09-24T01:18:27.000Z"], "wnes_geometry": {"westBoundingCoordinate": -79.699, "eastBoundingCoordinate": -63.46, "northBoundingCoordinate": 36.105, "southBoundingCoordinate": 28.109}, "sizeMB": 0.01, "format": "ASCII"}, "c4emas_01141cfg.htm": {"temporal": ["2001-09-23T18:07:21.000Z", "2001-09-24T01:18:27.000Z"], "wnes_geometry": {"westBoundingCoordinate": -79.699, "eastBoundingCoordinate": -63.46, "northBoundingCoordinate": 36.105, "southBoundingCoordinate": 28.109}, "sizeMB": 0.01, "format": "ASCII"}, "C4EMAS_MASL1B_01141_02_20010923_1828_1855_V01.hdf": {"temporal": ["2001-09-23T18:28:31.000Z", "2001-09-23T18:55:16.000Z"], "wnes_geometry": {"westBoundingCoordinate": -77.032, "eastBoundingCoordinate": -73.705, "northBoundingCoordinate": 30.54, "southBoundingCoordinate": 29.59}, "sizeMB": 898.29, "format": "HDF4"}, "C4EMAS_MASL1B_01141_03_20010923_1855_1922_V01.hdf": {"temporal": ["2001-09-23T18:55:16.000Z", "2001-09-23T19:22:01.000Z"], "wnes_geometry": {"westBoundingCoordinate": -73.789, "eastBoundingCoordinate": -70.398, "northBoundingCoordinate": 29.904, "southBoundingCoordinate": 28.965}, "sizeMB": 898.29, "format": "HDF4"}, "C4EMAS_MASL1B_01141_04_20010923_1922_1941_V01.hdf": {"temporal": ["2001-09-23T19:22:01.000Z", "2001-09-23T19:41:19.000Z"], "wnes_geometry": {"westBoundingCoordinate": -70.483, "eastBoundingCoordinate": -68.048, "northBoundingCoordinate": 29.28, "southBoundingCoordinate": 28.471}, "sizeMB": 648.1, "format": "HDF4"}, "C4EMAS_MASL1B_01141_05_20010923_1941_1948_V01.hdf": {"temporal": ["2001-09-23T19:41:24.000Z", "2001-09-23T19:48:22.000Z"], "wnes_geometry": {"westBoundingCoordinate": -68.114, "eastBoundingCoordinate": -67.214, "northBoundingCoordinate": 28.79, "southBoundingCoordinate": 28.287}, "sizeMB": 234.15, "format": "HDF4"}, "C4EMAS_MASL1B_01141_06_20010923_1953_2020_V01.hdf": {"temporal": ["2001-09-23T19:53:56.000Z", "2001-09-23T20:20:41.000Z"], "wnes_geometry": {"westBoundingCoordinate": -67.522, "eastBoundingCoordinate": -67.139, "northBoundingCoordinate": 31.087, "southBoundingCoordinate": 28.091}, "sizeMB": 898.29, "format": "HDF4"}, "C4EMAS_MASL1B_01141_07_20010923_2020_2047_V01.hdf": {"temporal": ["2001-09-23T20:20:41.000Z", "2001-09-23T20:47:26.000Z"], "wnes_geometry": {"westBoundingCoordinate": -67.532, "eastBoundingCoordinate": -67.133, "northBoundingCoordinate": 34.053, "southBoundingCoordinate": 31.067}, "sizeMB": 898.29, "format": "HDF4"}, "C4EMAS_MASL1B_01141_08_20010923_2047_2105_V01.hdf": {"temporal": ["2001-09-23T20:47:26.000Z", "2001-09-23T21:05:01.000Z"], "wnes_geometry": {"westBoundingCoordinate": -67.539, "eastBoundingCoordinate": -67.127, "northBoundingCoordinate": 36.028, "southBoundingCoordinate": 34.035}, "sizeMB": 590.97, "format": "HDF4"}, "C4EMAS_MASL1B_01141_09_20010923_2107_2133_V01.hdf": {"temporal": ["2001-09-23T21:07:07.000Z", "2001-09-23T21:33:51.000Z"], "wnes_geometry": {"westBoundingCoordinate": -70.819, "eastBoundingCoordinate": -67.438, "northBoundingCoordinate": 36.243, "southBoundingCoordinate": 34.274}, "sizeMB": 898.29, "format": "HDF4"}, "C4EMAS_MASL1B_01141_10_20010923_2136_2202_V01.hdf": {"temporal": ["2001-09-23T21:36:11.000Z", "2001-09-23T22:02:55.000Z"], "wnes_geometry": {"westBoundingCoordinate": -70.85, "eastBoundingCoordinate": -67.608, "northBoundingCoordinate": 34.365, "southBoundingCoordinate": 32.646}, "sizeMB": 898.29, "format": "HDF4"}, "C4EMAS_MASL1B_01141_11_20010923_2202_2229_V01.hdf": {"temporal": ["2001-09-23T22:02:56.000Z", "2001-09-23T22:29:40.000Z"], "wnes_geometry": {"westBoundingCoordinate": -67.805, "eastBoundingCoordinate": -64.614, "northBoundingCoordinate": 32.94, "southBoundingCoordinate": 31.141}, "sizeMB": 898.29, "format": "HDF4"}, "C4EMAS_MASL1B_01141_12_20010923_2229_2238_V01.hdf": {"temporal": ["2001-09-23T22:29:40.000Z", "2001-09-23T22:38:38.000Z"], "wnes_geometry": {"westBoundingCoordinate": -64.816, "eastBoundingCoordinate": -63.628, "northBoundingCoordinate": 31.429, "southBoundingCoordinate": 30.619}, "sizeMB": 301.61, "format": "HDF4"}, "C4EMAS_MASL1B_01141_13_20010923_2240_2249_V01.hdf": {"temporal": ["2001-09-23T22:40:38.000Z", "2001-09-23T22:49:06.000Z"], "wnes_geometry": {"westBoundingCoordinate": -63.727, "eastBoundingCoordinate": -63.241, "northBoundingCoordinate": 31.798, "southBoundingCoordinate": 30.81}, "sizeMB": 284.72, "format": "HDF4"}, "C4EMAS_MASL1B_01141_14_20010923_2250_2311_V01.hdf": {"temporal": ["2001-09-23T22:50:20.000Z", "2001-09-23T23:11:29.000Z"], "wnes_geometry": {"westBoundingCoordinate": -63.691, "eastBoundingCoordinate": -63.262, "northBoundingCoordinate": 34.271, "southBoundingCoordinate": 31.904}, "sizeMB": 710.99, "format": "HDF4"}, "C4EMAS_MASL1B_01141_15_20010923_2313_2340_V01.hdf": {"temporal": ["2001-09-23T23:13:45.000Z", "2001-09-23T23:40:29.000Z"], "wnes_geometry": {"westBoundingCoordinate": -67.082, "eastBoundingCoordinate": -63.612, "northBoundingCoordinate": 34.496, "southBoundingCoordinate": 32.691}, "sizeMB": 898.29, "format": "HDF4"}, "C4EMAS_MASL1B_01142_15_20010924_2336_0002_V01.hdf": {"temporal": ["2001-09-24T00:00:00.000Z", "2001-09-24T23:59:59.000Z"], "wnes_geometry": {"westBoundingCoordinate": -75.702, "eastBoundingCoordinate": -72.628, "northBoundingCoordinate": 33.578, "southBoundingCoordinate": 31.322}, "sizeMB": 898.29, "format": "HDF4"}, "C4EMAS_MASL1B_01142_16_20010925_0002_0008_V01.hdf": {"temporal": ["2001-09-24T00:02:53.000Z", "2001-09-24T00:08:48.000Z"], "wnes_geometry": {"westBoundingCoordinate": -76.306, "eastBoundingCoordinate": -75.441, "northBoundingCoordinate": 31.585, "southBoundingCoordinate": 30.869}, "sizeMB": 199.02, "format": "HDF4"}, "C4EMAS_MASL1B_01142_17_20010925_0009_0015_V01.hdf": {"temporal": ["2001-09-24T00:09:04.000Z", "2001-09-24T00:15:15.000Z"], "wnes_geometry": {"westBoundingCoordinate": -77.037, "eastBoundingCoordinate": -76.109, "northBoundingCoordinate": 31.139, "southBoundingCoordinate": 30.501}, "sizeMB": 207.56, "format": "HDF4"}, "C4EMAS_MASL1B_01142_18_20010925_0015_0032_V01.hdf": {"temporal": ["2001-09-24T00:15:35.000Z", "2001-09-24T00:32:52.000Z"], "wnes_geometry": {"westBoundingCoordinate": -79.305, "eastBoundingCoordinate": -76.946, "northBoundingCoordinate": 30.811, "southBoundingCoordinate": 30.235}, "sizeMB": 580.19, "format": "HDF4"}, "C4EMAS_MASL1B_01142_01_20010924_1902_1913_V01.hdf": {"temporal": ["2001-09-24T19:02:30.000Z", "2001-09-24T19:13:59.000Z"], "wnes_geometry": {"westBoundingCoordinate": -78.484, "eastBoundingCoordinate": -77.031, "northBoundingCoordinate": 30.54, "southBoundingCoordinate": 30.192}, "sizeMB": 385.07, "format": "HDF4"}, "c4emas_01142cfg.htm": {"temporal": ["2001-09-24T19:02:30.000Z", "2001-09-25T00:32:52.000Z"], "wnes_geometry": {"westBoundingCoordinate": -78.481, "eastBoundingCoordinate": -64.591, "northBoundingCoordinate": 39.458, "southBoundingCoordinate": 30.345}, "sizeMB": 0.01, "format": "ASCII"}, "c4emas_01-142.sum": {"temporal": ["2001-09-24T19:02:30.000Z", "2001-09-25T00:32:52.000Z"], "wnes_geometry": {"westBoundingCoordinate": -78.481, "eastBoundingCoordinate": -64.591, "northBoundingCoordinate": 39.458, "southBoundingCoordinate": 30.345}, "sizeMB": 0.01, "format": "ASCII"}, "C4EMAS_MASL1B_01142_02_20010924_1914_1941_V01.hdf": {"temporal": ["2001-09-24T19:14:06.000Z", "2001-09-24T19:41:02.000Z"], "wnes_geometry": {"westBoundingCoordinate": -77.031, "eastBoundingCoordinate": -73.67, "northBoundingCoordinate": 31.213, "southBoundingCoordinate": 30.223}, "sizeMB": 898.29, "format": "HDF4"}, "C4EMAS_MASL1B_01142_03_20010924_1941_2002_V01.hdf": {"temporal": ["2001-09-24T19:41:02.000Z", "2001-09-24T20:02:41.000Z"], "wnes_geometry": {"westBoundingCoordinate": -73.739, "eastBoundingCoordinate": -70.98, "northBoundingCoordinate": 31.692, "southBoundingCoordinate": 30.894}, "sizeMB": 726.89, "format": "HDF4"}, "C4EMAS_MASL1B_01142_04_20010924_2002_2029_V01.hdf": {"temporal": ["2001-09-24T20:02:50.000Z", "2001-09-24T20:29:36.000Z"], "wnes_geometry": {"westBoundingCoordinate": -71.05, "eastBoundingCoordinate": -67.716, "northBoundingCoordinate": 32.697, "southBoundingCoordinate": 31.381}, "sizeMB": 898.29, "format": "HDF4"}, "C4EMAS_MASL1B_01142_05_20010924_2029_2044_V01.hdf": {"temporal": ["2001-09-24T20:29:36.000Z", "2001-09-24T20:44:39.000Z"], "wnes_geometry": {"westBoundingCoordinate": -67.827, "eastBoundingCoordinate": -65.856, "northBoundingCoordinate": 33.218, "southBoundingCoordinate": 32.39}, "sizeMB": 505.8, "format": "HDF4"}, "C4EMAS_MASL1B_01142_06_20010924_2045_2054_V01.hdf": {"temporal": ["2001-09-24T20:45:31.000Z", "2001-09-24T20:54:02.000Z"], "wnes_geometry": {"westBoundingCoordinate": -65.883, "eastBoundingCoordinate": -64.702, "northBoundingCoordinate": 33.21, "southBoundingCoordinate": 32.579}, "sizeMB": 285.98, "format": "HDF4"}, "C4EMAS_MASL1B_01142_07_20010924_2056_2059_V01.hdf": {"temporal": ["2001-09-24T20:56:44.000Z", "2001-09-24T20:59:01.000Z"], "wnes_geometry": {"westBoundingCoordinate": -64.901, "eastBoundingCoordinate": -64.425, "northBoundingCoordinate": 33.19, "southBoundingCoordinate": 32.828}, "sizeMB": 76.67, "format": "HDF4"}, "C4EMAS_MASL1B_01142_08_20010924_2059_2126_V01.hdf": {"temporal": ["2001-09-24T20:59:40.000Z", "2001-09-24T21:26:25.000Z"], "wnes_geometry": {"westBoundingCoordinate": -64.95, "eastBoundingCoordinate": -64.546, "northBoundingCoordinate": 36.198, "southBoundingCoordinate": 33.186}, "sizeMB": 898.29, "format": "HDF4"}, "C4EMAS_MASL1B_01142_09_20010924_2126_2153_V01.hdf": {"temporal": ["2001-09-24T21:26:25.000Z", "2001-09-24T21:53:10.000Z"], "wnes_geometry": {"westBoundingCoordinate": -64.964, "eastBoundingCoordinate": -64.534, "northBoundingCoordinate": 39.197, "southBoundingCoordinate": 36.179}, "sizeMB": 898.29, "format": "HDF4"}, "C4EMAS_MASL1B_01142_10_20010924_2156_2223_V01.hdf": {"temporal": ["2001-09-24T21:56:25.000Z", "2001-09-24T22:23:10.000Z"], "wnes_geometry": {"westBoundingCoordinate": -68.656, "eastBoundingCoordinate": -64.948, "northBoundingCoordinate": 39.625, "southBoundingCoordinate": 38.108}, "sizeMB": 898.29, "format": "HDF4"}, "C4EMAS_MASL1B_01142_11_20010924_2226_2231_V01.hdf": {"temporal": ["2001-09-24T22:26:02.000Z", "2001-09-24T22:31:25.000Z"], "wnes_geometry": {"westBoundingCoordinate": -68.627, "eastBoundingCoordinate": -67.785, "northBoundingCoordinate": 38.184, "southBoundingCoordinate": 37.725}, "sizeMB": 181.14, "format": "HDF4"}, "C4EMAS_MASL1B_01142_12_20010924_2231_2240_V01.hdf": {"temporal": ["2001-09-24T22:31:31.000Z", "2001-09-24T22:40:29.000Z"], "wnes_geometry": {"westBoundingCoordinate": -67.867, "eastBoundingCoordinate": -66.595, "northBoundingCoordinate": 38.052, "southBoundingCoordinate": 37.305}, "sizeMB": 301.34, "format": "HDF4"}, "C4EMAS_MASL1B_01142_13_20010924_2242_2309_V01.hdf": {"temporal": ["2001-09-24T22:42:38.000Z", "2001-09-24T23:09:22.000Z"], "wnes_geometry": {"westBoundingCoordinate": -69.907, "eastBoundingCoordinate": -66.556, "northBoundingCoordinate": 37.387, "southBoundingCoordinate": 35.249}, "sizeMB": 898.29, "format": "HDF4"}, "C4EMAS_MASL1B_01142_14_20010924_2309_2336_V01.hdf": {"temporal": ["2001-09-24T23:09:23.000Z", "2001-09-24T23:36:07.000Z"], "wnes_geometry": {"westBoundingCoordinate": -72.887, "eastBoundingCoordinate": -69.657, "northBoundingCoordinate": 35.521, "southBoundingCoordinate": 33.312}, "sizeMB": 898.29, "format": "HDF4"}}