{"c4eo3p_2001.221_01-113.asc": {"temporal": ["2001-08-09T00:00:00.000Z", "2001-08-09T23:59:00.000Z"], "wnes_geometry": {"westBoundingCoordinate": -100, "eastBoundingCoordinate": -60, "northBoundingCoordinate": 50, "southBoundingCoordinate": 10}, "sizeMB": 0.2, "format": "Not provided"}, "c4eo3p_2001.225_01-122.asc": {"temporal": ["2001-08-13T00:00:00.000Z", "2001-08-13T23:59:00.000Z"], "wnes_geometry": {"westBoundingCoordinate": -100, "eastBoundingCoordinate": -60, "northBoundingCoordinate": 50, "southBoundingCoordinate": 10}, "sizeMB": 0.12, "format": "Not provided"}, "c4eo3p_2001.227_01-130.asc": {"temporal": ["2001-08-15T00:00:00.000Z", "2001-08-15T23:59:00.000Z"], "wnes_geometry": {"westBoundingCoordinate": -100, "eastBoundingCoordinate": -60, "northBoundingCoordinate": 50, "southBoundingCoordinate": 10}, "sizeMB": 0.34, "format": "Not provided"}, "c4eo3p_2001.230_01-131.asc": {"temporal": ["2001-08-18T00:00:00.000Z", "2001-08-18T23:59:00.000Z"], "wnes_geometry": {"westBoundingCoordinate": -100, "eastBoundingCoordinate": -60, "northBoundingCoordinate": 50, "southBoundingCoordinate": 10}, "sizeMB": 0.27, "format": "Not provided"}, "c4eo3p_2001.232_01-132.asc": {"temporal": ["2001-08-20T00:00:00.000Z", "2001-08-20T23:59:00.000Z"], "wnes_geometry": {"westBoundingCoordinate": -100, "eastBoundingCoordinate": -60, "northBoundingCoordinate": 50, "southBoundingCoordinate": 10}, "sizeMB": 0.45, "format": "Not provided"}, "c4eo3p_2001.238_01-133.asc": {"temporal": ["2001-08-26T00:00:00.000Z", "2001-08-26T23:59:00.000Z"], "wnes_geometry": {"westBoundingCoordinate": -100, "eastBoundingCoordinate": -60, "northBoundingCoordinate": 50, "southBoundingCoordinate": 10}, "sizeMB": 0.16, "format": "Not provided"}, "c4eo3p_2001.246_01-134.asc": {"temporal": ["2001-09-03T00:00:00.000Z", "2001-09-03T23:59:00.000Z"], "wnes_geometry": {"westBoundingCoordinate": -100, "eastBoundingCoordinate": -60, "northBoundingCoordinate": 50, "southBoundingCoordinate": 10}, "sizeMB": 0.26, "format": "Not provided"}, "c4eo3p_2001.250_01-135.asc": {"temporal": ["2001-09-07T00:00:00.000Z", "2001-09-07T23:59:00.000Z"], "wnes_geometry": {"westBoundingCoordinate": -100, "eastBoundingCoordinate": -60, "northBoundingCoordinate": 50, "southBoundingCoordinate": 10}, "sizeMB": 0.27, "format": "Not provided"}, "c4eo3p_2001.252_01-136.asc": {"temporal": ["2001-09-09T00:00:00.000Z", "2001-09-09T23:59:00.000Z"], "wnes_geometry": {"westBoundingCoordinate": -100, "eastBoundingCoordinate": -60, "northBoundingCoordinate": 50, "southBoundingCoordinate": 10}, "sizeMB": 0.26, "format": "Not provided"}, "c4eo3p_2001.253_01-137.asc": {"temporal": ["2001-09-10T00:00:00.000Z", "2001-09-10T23:59:00.000Z"], "wnes_geometry": {"westBoundingCoordinate": -100, "eastBoundingCoordinate": -60, "northBoundingCoordinate": 50, "southBoundingCoordinate": 10}, "sizeMB": 0.47, "format": "Not provided"}, "c4eo3p_2001.259_01-138.asc": {"temporal": ["2001-09-16T00:00:00.000Z", "2001-09-16T23:59:00.000Z"], "wnes_geometry": {"westBoundingCoordinate": -100, "eastBoundingCoordinate": -60, "northBoundingCoordinate": 50, "southBoundingCoordinate": 10}, "sizeMB": 0.31, "format": "Not provided"}, "c4eo3p_2001.262_01-139.asc": {"temporal": ["2001-09-19T00:00:00.000Z", "2001-09-19T23:59:00.000Z"], "wnes_geometry": {"westBoundingCoordinate": -100, "eastBoundingCoordinate": -60, "northBoundingCoordinate": 50, "southBoundingCoordinate": 10}, "sizeMB": 0.31, "format": "Not provided"}, "c4eo3p_2001.265_01-140.asc": {"temporal": ["2001-09-22T00:00:00.000Z", "2001-09-22T23:59:00.000Z"], "wnes_geometry": {"westBoundingCoordinate": -100, "eastBoundingCoordinate": -60, "northBoundingCoordinate": 50, "southBoundingCoordinate": 10}, "sizeMB": 0.37, "format": "Not provided"}, "c4eo3p_2001.266_01-141.asc": {"temporal": ["2001-09-23T00:00:00.000Z", "2001-09-23T23:59:00.000Z"], "wnes_geometry": {"westBoundingCoordinate": -100, "eastBoundingCoordinate": -60, "northBoundingCoordinate": 50, "southBoundingCoordinate": 10}, "sizeMB": 0.52, "format": "Not provided"}, "c4eo3p_2001.267_01-142.asc": {"temporal": ["2001-09-24T00:00:00.000Z", "2001-09-24T23:59:00.000Z"], "wnes_geometry": {"westBoundingCoordinate": -100, "eastBoundingCoordinate": -60, "northBoundingCoordinate": 50, "southBoundingCoordinate": 10}, "sizeMB": 0.42, "format": "Not provided"}, "c4eo3p_2001.269_01-143.asc": {"temporal": ["2001-09-26T00:00:00.000Z", "2001-09-26T23:59:00.000Z"], "wnes_geometry": {"westBoundingCoordinate": -100, "eastBoundingCoordinate": -60, "northBoundingCoordinate": 50, "southBoundingCoordinate": 10}, "sizeMB": 0.32, "format": "Not provided"}}