{"c4gmipsclo_2001.217.dat": {"temporal": ["2001-08-05T16:55:08.000Z", "2001-08-05T23:14:18.000Z"], "wnes_geometry": {"westBoundingCoordinate": -81.7, "eastBoundingCoordinate": -81.5, "northBoundingCoordinate": 24.8, "southBoundingCoordinate": 24.6}, "sizeMB": 0.96, "format": "Not provided"}, "c4gmipsclo_2001.218.dat": {"temporal": ["2001-08-06T17:05:12.000Z", "2001-08-06T23:59:57.000Z"], "wnes_geometry": {"westBoundingCoordinate": -81.7, "eastBoundingCoordinate": -81.5, "northBoundingCoordinate": 24.8, "southBoundingCoordinate": 24.6}, "sizeMB": 1.31, "format": "Not provided"}, "c4gmipsclo_2001.219.dat": {"temporal": ["2001-08-07T00:00:12.000Z", "2001-08-07T23:59:53.000Z"], "wnes_geometry": {"westBoundingCoordinate": -81.7, "eastBoundingCoordinate": -81.5, "northBoundingCoordinate": 24.8, "southBoundingCoordinate": 24.6}, "sizeMB": 4.34, "format": "Not provided"}, "c4gmipsclo_2001.220.dat": {"temporal": ["2001-08-08T00:00:08.000Z", "2001-08-08T16:58:40.000Z"], "wnes_geometry": {"westBoundingCoordinate": -81.7, "eastBoundingCoordinate": -81.5, "northBoundingCoordinate": 24.8, "southBoundingCoordinate": 24.6}, "sizeMB": 2.88, "format": "Not provided"}, "c4gmipsclo_2001.221.dat": {"temporal": ["2001-08-09T00:15:10.000Z", "2001-08-09T23:59:55.000Z"], "wnes_geometry": {"westBoundingCoordinate": -81.7, "eastBoundingCoordinate": -81.5, "northBoundingCoordinate": 24.8, "southBoundingCoordinate": 24.6}, "sizeMB": 4.1, "format": "Not provided"}, "c4gmipsclo_2001.222.dat": {"temporal": ["2001-08-10T00:00:10.000Z", "2001-08-10T23:59:53.000Z"], "wnes_geometry": {"westBoundingCoordinate": -81.7, "eastBoundingCoordinate": -81.5, "northBoundingCoordinate": 24.8, "southBoundingCoordinate": 24.6}, "sizeMB": 4.3, "format": "Not provided"}, "c4gmipsclo_2001.223.dat": {"temporal": ["2001-08-11T00:00:08.000Z", "2001-08-11T23:59:49.000Z"], "wnes_geometry": {"westBoundingCoordinate": -81.7, "eastBoundingCoordinate": -81.5, "northBoundingCoordinate": 24.8, "southBoundingCoordinate": 24.6}, "sizeMB": 4.2, "format": "Not provided"}, "c4gmipsclo_2001.224.dat": {"temporal": ["2001-08-12T00:00:04.000Z", "2001-08-12T23:59:46.000Z"], "wnes_geometry": {"westBoundingCoordinate": -81.7, "eastBoundingCoordinate": -81.5, "northBoundingCoordinate": 24.8, "southBoundingCoordinate": 24.6}, "sizeMB": 4.22, "format": "Not provided"}, "c4gmipsclo_2001.225.dat": {"temporal": ["2001-08-13T00:00:01.000Z", "2001-08-13T23:59:58.000Z"], "wnes_geometry": {"westBoundingCoordinate": -81.7, "eastBoundingCoordinate": -81.5, "northBoundingCoordinate": 24.8, "southBoundingCoordinate": 24.6}, "sizeMB": 4.38, "format": "Not provided"}, "c4gmipsclo_2001.226.dat": {"temporal": ["2001-08-14T00:00:13.000Z", "2001-08-14T23:59:55.000Z"], "wnes_geometry": {"westBoundingCoordinate": -81.7, "eastBoundingCoordinate": -81.5, "northBoundingCoordinate": 24.8, "southBoundingCoordinate": 24.6}, "sizeMB": 4.2, "format": "Not provided"}, "c4gmipsclo_2001.227.dat": {"temporal": ["2001-08-15T00:00:10.000Z", "2001-08-15T23:59:53.000Z"], "wnes_geometry": {"westBoundingCoordinate": -81.7, "eastBoundingCoordinate": -81.5, "northBoundingCoordinate": 24.8, "southBoundingCoordinate": 24.6}, "sizeMB": 4.36, "format": "Not provided"}, "c4gmipsclo_2001.228.dat": {"temporal": ["2001-08-16T00:00:08.000Z", "2001-08-16T23:59:51.000Z"], "wnes_geometry": {"westBoundingCoordinate": -81.7, "eastBoundingCoordinate": -81.5, "northBoundingCoordinate": 24.8, "southBoundingCoordinate": 24.6}, "sizeMB": 4.31, "format": "Not provided"}, "c4gmipsclo_2001.229.dat": {"temporal": ["2001-08-17T00:00:06.000Z", "2001-08-17T23:59:48.000Z"], "wnes_geometry": {"westBoundingCoordinate": -81.7, "eastBoundingCoordinate": -81.5, "northBoundingCoordinate": 24.8, "southBoundingCoordinate": 24.6}, "sizeMB": 4.24, "format": "Not provided"}, "c4gmipsclo_2001.230.dat": {"temporal": ["2001-08-18T00:00:03.000Z", "2001-08-18T23:59:45.000Z"], "wnes_geometry": {"westBoundingCoordinate": -81.7, "eastBoundingCoordinate": -81.5, "northBoundingCoordinate": 24.8, "southBoundingCoordinate": 24.6}, "sizeMB": 4.3, "format": "Not provided"}, "c4gmipsclo_2001.231.dat": {"temporal": ["2001-08-19T00:00:00.000Z", "2001-08-19T23:59:57.000Z"], "wnes_geometry": {"westBoundingCoordinate": -81.7, "eastBoundingCoordinate": -81.5, "northBoundingCoordinate": 24.8, "southBoundingCoordinate": 24.6}, "sizeMB": 4.31, "format": "Not provided"}, "c4gmipsclo_2001.232.dat": {"temporal": ["2001-08-20T00:00:12.000Z", "2001-08-20T23:59:55.000Z"], "wnes_geometry": {"westBoundingCoordinate": -81.7, "eastBoundingCoordinate": -81.5, "northBoundingCoordinate": 24.8, "southBoundingCoordinate": 24.6}, "sizeMB": 4.34, "format": "Not provided"}, "c4gmipsclo_2001.233.dat": {"temporal": ["2001-08-21T00:00:10.000Z", "2001-08-21T23:59:53.000Z"], "wnes_geometry": {"westBoundingCoordinate": -81.7, "eastBoundingCoordinate": -81.5, "northBoundingCoordinate": 24.8, "southBoundingCoordinate": 24.6}, "sizeMB": 4.5, "format": "Not provided"}, "c4gmipsclo_2001.234.dat": {"temporal": ["2001-08-22T00:00:08.000Z", "2001-08-22T23:59:50.000Z"], "wnes_geometry": {"westBoundingCoordinate": -81.7, "eastBoundingCoordinate": -81.5, "northBoundingCoordinate": 24.8, "southBoundingCoordinate": 24.6}, "sizeMB": 4.45, "format": "Not provided"}, "c4gmipsclo_2001.235.dat": {"temporal": ["2001-08-23T00:00:05.000Z", "2001-08-23T23:59:48.000Z"], "wnes_geometry": {"westBoundingCoordinate": -81.7, "eastBoundingCoordinate": -81.5, "northBoundingCoordinate": 24.8, "southBoundingCoordinate": 24.6}, "sizeMB": 4.19, "format": "Not provided"}, "c4gmipsclo_2001.236.dat": {"temporal": ["2001-08-24T00:00:03.000Z", "2001-08-24T23:59:46.000Z"], "wnes_geometry": {"westBoundingCoordinate": -81.7, "eastBoundingCoordinate": -81.5, "northBoundingCoordinate": 24.8, "southBoundingCoordinate": 24.6}, "sizeMB": 4.23, "format": "Not provided"}, "c4gmipsclo_2001.237.dat": {"temporal": ["2001-08-25T00:00:01.000Z", "2001-08-25T23:59:57.000Z"], "wnes_geometry": {"westBoundingCoordinate": -81.7, "eastBoundingCoordinate": -81.5, "northBoundingCoordinate": 24.8, "southBoundingCoordinate": 24.6}, "sizeMB": 4.28, "format": "Not provided"}, "c4gmipsclo_2001.238.dat": {"temporal": ["2001-08-26T00:00:12.000Z", "2001-08-26T23:59:55.000Z"], "wnes_geometry": {"westBoundingCoordinate": -81.7, "eastBoundingCoordinate": -81.5, "northBoundingCoordinate": 24.8, "southBoundingCoordinate": 24.6}, "sizeMB": 4.23, "format": "Not provided"}, "c4gmipsclo_2001.239.dat": {"temporal": ["2001-08-27T00:00:10.000Z", "2001-08-27T23:59:53.000Z"], "wnes_geometry": {"westBoundingCoordinate": -81.7, "eastBoundingCoordinate": -81.5, "northBoundingCoordinate": 24.8, "southBoundingCoordinate": 24.6}, "sizeMB": 4.32, "format": "Not provided"}, "c4gmipsclo_2001.240.dat": {"temporal": ["2001-08-28T00:00:08.000Z", "2001-08-28T23:59:48.000Z"], "wnes_geometry": {"westBoundingCoordinate": -81.7, "eastBoundingCoordinate": -81.5, "northBoundingCoordinate": 24.8, "southBoundingCoordinate": 24.6}, "sizeMB": 4.16, "format": "Not provided"}, "c4gmipsclo_2001.241.dat": {"temporal": ["2001-08-29T00:00:03.000Z", "2001-08-29T23:59:47.000Z"], "wnes_geometry": {"westBoundingCoordinate": -81.7, "eastBoundingCoordinate": -81.5, "northBoundingCoordinate": 24.8, "southBoundingCoordinate": 24.6}, "sizeMB": 4.17, "format": "Not provided"}, "c4gmipsclo_2001.242.dat": {"temporal": ["2001-08-30T00:00:02.000Z", "2001-08-30T23:59:59.000Z"], "wnes_geometry": {"westBoundingCoordinate": -81.7, "eastBoundingCoordinate": -81.5, "northBoundingCoordinate": 24.8, "southBoundingCoordinate": 24.6}, "sizeMB": 4.17, "format": "Not provided"}, "c4gmipsclo_2001.243.dat": {"temporal": ["2001-08-31T00:00:14.000Z", "2001-08-31T23:59:57.000Z"], "wnes_geometry": {"westBoundingCoordinate": -81.7, "eastBoundingCoordinate": -81.5, "northBoundingCoordinate": 24.8, "southBoundingCoordinate": 24.6}, "sizeMB": 4.25, "format": "Not provided"}, "c4gmipsclo_2001.244.dat": {"temporal": ["2001-09-01T00:00:12.000Z", "2001-09-01T23:59:54.000Z"], "wnes_geometry": {"westBoundingCoordinate": -81.7, "eastBoundingCoordinate": -81.5, "northBoundingCoordinate": 24.8, "southBoundingCoordinate": 24.6}, "sizeMB": 4.31, "format": "Not provided"}, "c4gmipsclo_2001.245.dat": {"temporal": ["2001-09-02T00:00:09.000Z", "2001-09-02T23:59:52.000Z"], "wnes_geometry": {"westBoundingCoordinate": -81.7, "eastBoundingCoordinate": -81.5, "northBoundingCoordinate": 24.8, "southBoundingCoordinate": 24.6}, "sizeMB": 4.2, "format": "Not provided"}, "c4gmipsclo_2001.246.dat": {"temporal": ["2001-09-03T00:00:07.000Z", "2001-09-03T23:59:49.000Z"], "wnes_geometry": {"westBoundingCoordinate": -81.7, "eastBoundingCoordinate": -81.5, "northBoundingCoordinate": 24.8, "southBoundingCoordinate": 24.6}, "sizeMB": 4.24, "format": "Not provided"}, "c4gmipsclo_2001.247.dat": {"temporal": ["2001-09-04T00:00:04.000Z", "2001-09-04T23:59:47.000Z"], "wnes_geometry": {"westBoundingCoordinate": -81.7, "eastBoundingCoordinate": -81.5, "northBoundingCoordinate": 24.8, "southBoundingCoordinate": 24.6}, "sizeMB": 4.23, "format": "Not provided"}, "c4gmipsclo_2001.248.dat": {"temporal": ["2001-09-05T00:00:02.000Z", "2001-09-05T23:59:59.000Z"], "wnes_geometry": {"westBoundingCoordinate": -81.7, "eastBoundingCoordinate": -81.5, "northBoundingCoordinate": 24.8, "southBoundingCoordinate": 24.6}, "sizeMB": 4.3, "format": "Not provided"}, "c4gmipsclo_2001.249.dat": {"temporal": ["2001-09-06T00:00:14.000Z", "2001-09-06T23:59:57.000Z"], "wnes_geometry": {"westBoundingCoordinate": -81.7, "eastBoundingCoordinate": -81.5, "northBoundingCoordinate": 24.8, "southBoundingCoordinate": 24.6}, "sizeMB": 4.28, "format": "Not provided"}, "c4gmipsclo_2001.250.dat": {"temporal": ["2001-09-07T00:00:12.000Z", "2001-09-07T23:59:54.000Z"], "wnes_geometry": {"westBoundingCoordinate": -81.7, "eastBoundingCoordinate": -81.5, "northBoundingCoordinate": 24.8, "southBoundingCoordinate": 24.6}, "sizeMB": 4.29, "format": "Not provided"}, "c4gmipsclo_2001.251.dat": {"temporal": ["2001-09-08T00:00:09.000Z", "2001-09-08T23:59:53.000Z"], "wnes_geometry": {"westBoundingCoordinate": -81.7, "eastBoundingCoordinate": -81.5, "northBoundingCoordinate": 24.8, "southBoundingCoordinate": 24.6}, "sizeMB": 4.42, "format": "Not provided"}, "c4gmipsclo_2001.252.dat": {"temporal": ["2001-09-09T00:00:08.000Z", "2001-09-09T23:59:57.000Z"], "wnes_geometry": {"westBoundingCoordinate": -81.7, "eastBoundingCoordinate": -81.5, "northBoundingCoordinate": 24.8, "southBoundingCoordinate": 24.6}, "sizeMB": 4.25, "format": "Not provided"}, "c4gmipsclo_2001.253.dat": {"temporal": ["2001-09-10T00:00:12.000Z", "2001-09-10T23:59:54.000Z"], "wnes_geometry": {"westBoundingCoordinate": -81.7, "eastBoundingCoordinate": -81.5, "northBoundingCoordinate": 24.8, "southBoundingCoordinate": 24.6}, "sizeMB": 4.59, "format": "Not provided"}, "c4gmipsclo_2001.254.dat": {"temporal": ["2001-09-11T00:00:09.000Z", "2001-09-11T23:59:52.000Z"], "wnes_geometry": {"westBoundingCoordinate": -81.7, "eastBoundingCoordinate": -81.5, "northBoundingCoordinate": 24.8, "southBoundingCoordinate": 24.6}, "sizeMB": 4.42, "format": "Not provided"}, "c4gmipsclo_2001.255.dat": {"temporal": ["2001-09-12T00:00:07.000Z", "2001-09-12T21:27:05.000Z"], "wnes_geometry": {"westBoundingCoordinate": -81.7, "eastBoundingCoordinate": -81.5, "northBoundingCoordinate": 24.8, "southBoundingCoordinate": 24.6}, "sizeMB": 4.03, "format": "Not provided"}}