{"c4gmisrep_2001.215_080301.txt": {"temporal": ["2001-08-03T00:00:00.000Z", "2001-08-03T23:59:00.000Z"], "wnes_geometry": {"westBoundingCoordinate": -100, "eastBoundingCoordinate": -60, "northBoundingCoordinate": 50, "southBoundingCoordinate": 10}, "sizeMB": 0, "format": "Not provided"}, "c4gmisrep_2001.220_080801.txt": {"temporal": ["2001-08-08T00:00:00.000Z", "2001-08-08T23:59:00.000Z"], "wnes_geometry": {"westBoundingCoordinate": -100, "eastBoundingCoordinate": -60, "northBoundingCoordinate": 50, "southBoundingCoordinate": 10}, "sizeMB": 0, "format": "Not provided"}, "c4gmisrep_2001.227_081501.txt": {"temporal": ["2001-08-15T00:00:00.000Z", "2001-08-15T23:59:00.000Z"], "wnes_geometry": {"westBoundingCoordinate": -100, "eastBoundingCoordinate": -60, "northBoundingCoordinate": 50, "southBoundingCoordinate": 10}, "sizeMB": 0, "format": "Not provided"}, "c4gmisrep_2001.230_081801.txt": {"temporal": ["2001-08-18T00:00:00.000Z", "2001-08-18T23:59:00.000Z"], "wnes_geometry": {"westBoundingCoordinate": -100, "eastBoundingCoordinate": -60, "northBoundingCoordinate": 50, "southBoundingCoordinate": 10}, "sizeMB": 0, "format": "Not provided"}, "c4gmisrep_2001.232_082001.txt": {"temporal": ["2001-08-20T00:00:00.000Z", "2001-08-20T23:59:00.000Z"], "wnes_geometry": {"westBoundingCoordinate": -100, "eastBoundingCoordinate": -60, "northBoundingCoordinate": 50, "southBoundingCoordinate": 10}, "sizeMB": 0, "format": "Not provided"}, "c4gmisrep_2001.237_082501.txt": {"temporal": ["2001-08-25T00:00:00.000Z", "2001-08-25T23:59:00.000Z"], "wnes_geometry": {"westBoundingCoordinate": -100, "eastBoundingCoordinate": -60, "northBoundingCoordinate": 50, "southBoundingCoordinate": 10}, "sizeMB": 0, "format": "Not provided"}, "c4gmisrep_2001.238_082601.txt": {"temporal": ["2001-08-26T00:00:00.000Z", "2001-08-26T23:59:00.000Z"], "wnes_geometry": {"westBoundingCoordinate": -100, "eastBoundingCoordinate": -60, "northBoundingCoordinate": 50, "southBoundingCoordinate": 10}, "sizeMB": 0, "format": "Not provided"}, "c4gmisrep_2001.242_090301.txt": {"temporal": ["2001-08-30T00:00:00.000Z", "2001-08-30T23:59:00.000Z"], "wnes_geometry": {"westBoundingCoordinate": -100, "eastBoundingCoordinate": -60, "northBoundingCoordinate": 50, "southBoundingCoordinate": 10}, "sizeMB": 0, "format": "Not provided"}, "c4gmisrep_2001.249_090601.txt": {"temporal": ["2001-09-06T00:00:00.000Z", "2001-09-06T23:59:00.000Z"], "wnes_geometry": {"westBoundingCoordinate": -100, "eastBoundingCoordinate": -60, "northBoundingCoordinate": 50, "southBoundingCoordinate": 10}, "sizeMB": 0, "format": "Not provided"}, "c4gmisrep_2001.250_090701.txt": {"temporal": ["2001-09-07T00:00:00.000Z", "2001-09-07T23:59:00.000Z"], "wnes_geometry": {"westBoundingCoordinate": -100, "eastBoundingCoordinate": -60, "northBoundingCoordinate": 50, "southBoundingCoordinate": 10}, "sizeMB": 0, "format": "Not provided"}, "c4gmisrep_2001.252_090901.txt": {"temporal": ["2001-09-09T00:00:00.000Z", "2001-09-09T23:59:00.000Z"], "wnes_geometry": {"westBoundingCoordinate": -100, "eastBoundingCoordinate": -60, "northBoundingCoordinate": 50, "southBoundingCoordinate": 10}, "sizeMB": 0, "format": "Not provided"}, "c4gmisrep_2001.253_091001.txt": {"temporal": ["2001-09-10T00:00:00.000Z", "2001-09-10T23:59:00.000Z"], "wnes_geometry": {"westBoundingCoordinate": -100, "eastBoundingCoordinate": -60, "northBoundingCoordinate": 50, "southBoundingCoordinate": 10}, "sizeMB": 0, "format": "Not provided"}, "c4gmisrep_2001.258_091501.txt": {"temporal": ["2001-09-15T00:00:00.000Z", "2001-09-15T23:59:00.000Z"], "wnes_geometry": {"westBoundingCoordinate": -100, "eastBoundingCoordinate": -60, "northBoundingCoordinate": 50, "southBoundingCoordinate": 10}, "sizeMB": 0, "format": "Not provided"}, "c4gmisrep_2001.259_091601.txt": {"temporal": ["2001-09-16T00:00:00.000Z", "2001-09-16T23:59:00.000Z"], "wnes_geometry": {"westBoundingCoordinate": -100, "eastBoundingCoordinate": -60, "northBoundingCoordinate": 50, "southBoundingCoordinate": 10}, "sizeMB": 0, "format": "Not provided"}, "c4gmisrep_2001.262_091901.txt": {"temporal": ["2001-09-19T00:00:00.000Z", "2001-09-19T23:59:00.000Z"], "wnes_geometry": {"westBoundingCoordinate": -100, "eastBoundingCoordinate": -60, "northBoundingCoordinate": 50, "southBoundingCoordinate": 10}, "sizeMB": 0, "format": "Not provided"}, "c4gmisrep_2001.265_092201.txt": {"temporal": ["2001-09-22T00:00:00.000Z", "2001-09-22T23:59:00.000Z"], "wnes_geometry": {"westBoundingCoordinate": -100, "eastBoundingCoordinate": -60, "northBoundingCoordinate": 50, "southBoundingCoordinate": 10}, "sizeMB": 0, "format": "Not provided"}, "c4gmisrep_2001.266_092301.txt": {"temporal": ["2001-09-23T00:00:00.000Z", "2001-09-23T23:59:00.000Z"], "wnes_geometry": {"westBoundingCoordinate": -100, "eastBoundingCoordinate": -60, "northBoundingCoordinate": 50, "southBoundingCoordinate": 10}, "sizeMB": 0, "format": "Not provided"}, "c4gmisrep_2001.267_092401.txt": {"temporal": ["2001-09-24T00:00:00.000Z", "2001-09-24T23:59:00.000Z"], "wnes_geometry": {"westBoundingCoordinate": -100, "eastBoundingCoordinate": -60, "northBoundingCoordinate": 50, "southBoundingCoordinate": 10}, "sizeMB": 0, "format": "Not provided"}}