{"c4gmipss2_2001.238_sfc2.dat": {"temporal": ["2001-08-26T00:00:00.000Z", "2001-08-26T23:59:00.000Z"], "wnes_geometry": {"westBoundingCoordinate": -81.7, "eastBoundingCoordinate": -81.5, "northBoundingCoordinate": 24.8, "southBoundingCoordinate": 24.6}, "sizeMB": 0.58, "format": "ASCII"}, "c4gmipss2_2001.239_sfc2.dat": {"temporal": ["2001-08-27T00:00:00.000Z", "2001-08-27T23:59:00.000Z"], "wnes_geometry": {"westBoundingCoordinate": -81.7, "eastBoundingCoordinate": -81.5, "northBoundingCoordinate": 24.8, "southBoundingCoordinate": 24.6}, "sizeMB": 2.99, "format": "ASCII"}, "c4gmipss2_2001.240_sfc2.dat": {"temporal": ["2001-08-28T00:00:00.000Z", "2001-08-28T23:59:00.000Z"], "wnes_geometry": {"westBoundingCoordinate": -81.7, "eastBoundingCoordinate": -81.5, "northBoundingCoordinate": 24.8, "southBoundingCoordinate": 24.6}, "sizeMB": 3.03, "format": "ASCII"}, "c4gmipss2_2001.241_sfc2.dat": {"temporal": ["2001-08-29T00:00:00.000Z", "2001-08-29T23:59:00.000Z"], "wnes_geometry": {"westBoundingCoordinate": -81.7, "eastBoundingCoordinate": -81.5, "northBoundingCoordinate": 24.8, "southBoundingCoordinate": 24.6}, "sizeMB": 3.03, "format": "ASCII"}, "c4gmipss2_2001.242_sfc2.dat": {"temporal": ["2001-08-30T00:00:00.000Z", "2001-08-30T23:59:00.000Z"], "wnes_geometry": {"westBoundingCoordinate": -81.7, "eastBoundingCoordinate": -81.5, "northBoundingCoordinate": 24.8, "southBoundingCoordinate": 24.6}, "sizeMB": 3.02, "format": "ASCII"}, "c4gmipss2_2001.243_sfc2.dat": {"temporal": ["2001-08-31T00:00:00.000Z", "2001-08-31T23:59:00.000Z"], "wnes_geometry": {"westBoundingCoordinate": -81.7, "eastBoundingCoordinate": -81.5, "northBoundingCoordinate": 24.8, "southBoundingCoordinate": 24.6}, "sizeMB": 2.99, "format": "ASCII"}, "c4gmipss2_2001.244_sfc2.dat": {"temporal": ["2001-09-01T00:00:00.000Z", "2001-09-01T23:59:00.000Z"], "wnes_geometry": {"westBoundingCoordinate": -81.7, "eastBoundingCoordinate": -81.5, "northBoundingCoordinate": 24.8, "southBoundingCoordinate": 24.6}, "sizeMB": 3, "format": "ASCII"}, "c4gmipss2_2001.245_sfc2.dat": {"temporal": ["2001-09-02T00:00:00.000Z", "2001-09-02T23:59:00.000Z"], "wnes_geometry": {"westBoundingCoordinate": -81.7, "eastBoundingCoordinate": -81.5, "northBoundingCoordinate": 24.8, "southBoundingCoordinate": 24.6}, "sizeMB": 3.03, "format": "ASCII"}, "c4gmipss2_2001.246_sfc2.dat": {"temporal": ["2001-09-03T00:00:00.000Z", "2001-09-03T23:59:00.000Z"], "wnes_geometry": {"westBoundingCoordinate": -81.7, "eastBoundingCoordinate": -81.5, "northBoundingCoordinate": 24.8, "southBoundingCoordinate": 24.6}, "sizeMB": 3.03, "format": "ASCII"}, "c4gmipss2_2001.247_sfc2.dat": {"temporal": ["2001-09-04T00:00:00.000Z", "2001-09-04T23:59:00.000Z"], "wnes_geometry": {"westBoundingCoordinate": -81.7, "eastBoundingCoordinate": -81.5, "northBoundingCoordinate": 24.8, "southBoundingCoordinate": 24.6}, "sizeMB": 3.02, "format": "ASCII"}, "c4gmipss2_2001.248_sfc2.dat": {"temporal": ["2001-09-05T00:00:00.000Z", "2001-09-05T23:59:00.000Z"], "wnes_geometry": {"westBoundingCoordinate": -81.7, "eastBoundingCoordinate": -81.5, "northBoundingCoordinate": 24.8, "southBoundingCoordinate": 24.6}, "sizeMB": 3.03, "format": "ASCII"}, "c4gmipss2_2001.249_sfc2.dat": {"temporal": ["2001-09-06T00:00:00.000Z", "2001-09-06T23:59:00.000Z"], "wnes_geometry": {"westBoundingCoordinate": -81.7, "eastBoundingCoordinate": -81.5, "northBoundingCoordinate": 24.8, "southBoundingCoordinate": 24.6}, "sizeMB": 3.03, "format": "ASCII"}, "c4gmipss2_2001.250_sfc2.dat": {"temporal": ["2001-09-07T00:00:00.000Z", "2001-09-07T23:59:00.000Z"], "wnes_geometry": {"westBoundingCoordinate": -81.7, "eastBoundingCoordinate": -81.5, "northBoundingCoordinate": 24.8, "southBoundingCoordinate": 24.6}, "sizeMB": 3.05, "format": "ASCII"}, "c4gmipss2_2001.251_sfc2.dat": {"temporal": ["2001-09-08T00:00:00.000Z", "2001-09-08T23:59:00.000Z"], "wnes_geometry": {"westBoundingCoordinate": -81.7, "eastBoundingCoordinate": -81.5, "northBoundingCoordinate": 24.8, "southBoundingCoordinate": 24.6}, "sizeMB": 3.05, "format": "ASCII"}, "c4gmipss2_2001.252_sfc2.dat": {"temporal": ["2001-09-09T00:00:00.000Z", "2001-09-09T23:59:00.000Z"], "wnes_geometry": {"westBoundingCoordinate": -81.7, "eastBoundingCoordinate": -81.5, "northBoundingCoordinate": 24.8, "southBoundingCoordinate": 24.6}, "sizeMB": 3.07, "format": "ASCII"}, "c4gmipss2_2001.253_sfc2.dat": {"temporal": ["2001-09-10T00:00:00.000Z", "2001-09-10T23:59:00.000Z"], "wnes_geometry": {"westBoundingCoordinate": -81.7, "eastBoundingCoordinate": -81.5, "northBoundingCoordinate": 24.8, "southBoundingCoordinate": 24.6}, "sizeMB": 1.9, "format": "ASCII"}, "c4gmipss2_2001.254_sfc2.dat": {"temporal": ["2001-09-11T00:00:00.000Z", "2001-09-11T23:59:00.000Z"], "wnes_geometry": {"westBoundingCoordinate": -81.7, "eastBoundingCoordinate": -81.5, "northBoundingCoordinate": 24.8, "southBoundingCoordinate": 24.6}, "sizeMB": 0.64, "format": "ASCII"}, "c4gmipss2_2001.255_sfc2.dat": {"temporal": ["2001-09-12T00:00:00.000Z", "2001-09-12T23:59:00.000Z"], "wnes_geometry": {"westBoundingCoordinate": -81.7, "eastBoundingCoordinate": -81.5, "northBoundingCoordinate": 24.8, "southBoundingCoordinate": 24.6}, "sizeMB": 1.33, "format": "ASCII"}}