{"c4gtoga_2001.227_daily.tar": {"temporal": ["2001-08-15T19:02:03.000Z", "2001-08-15T20:33:51.000Z"], "wnes_geometry": {"westBoundingCoordinate": -82.918, "eastBoundingCoordinate": -79.898, "northBoundingCoordinate": 26.034, "southBoundingCoordinate": 23.317}, "sizeMB": 9.95, "format": "Not Provided"}, "c4gtoga_2001.228_daily.tar": {"temporal": ["2001-08-16T14:47:01.000Z", "2001-08-16T18:57:47.000Z"], "wnes_geometry": {"westBoundingCoordinate": -82.918, "eastBoundingCoordinate": -79.898, "northBoundingCoordinate": 26.034, "southBoundingCoordinate": 23.317}, "sizeMB": 30.34, "format": "Not Provided"}, "c4gtoga_2001.229_daily.tar": {"temporal": ["2001-08-17T13:08:47.000Z", "2001-08-17T17:07:39.000Z"], "wnes_geometry": {"westBoundingCoordinate": -82.918, "eastBoundingCoordinate": -79.898, "northBoundingCoordinate": 26.034, "southBoundingCoordinate": 23.317}, "sizeMB": 33.63, "format": "Not Provided"}, "c4gtoga_2001.230_daily.tar": {"temporal": ["2001-08-18T13:54:41.000Z", "2001-08-18T14:00:17.000Z"], "wnes_geometry": {"westBoundingCoordinate": -82.918, "eastBoundingCoordinate": -79.898, "northBoundingCoordinate": 26.034, "southBoundingCoordinate": 23.317}, "sizeMB": 1.28, "format": "Not Provided"}, "c4gtoga_2001.232_daily.tar": {"temporal": ["2001-08-20T22:18:41.000Z", "2001-08-20T23:27:39.000Z"], "wnes_geometry": {"westBoundingCoordinate": -82.918, "eastBoundingCoordinate": -79.898, "northBoundingCoordinate": 26.034, "southBoundingCoordinate": 23.317}, "sizeMB": 17.68, "format": "Not Provided"}, "c4gtoga_2001.233_daily.tar": {"temporal": ["2001-08-21T13:17:52.000Z", "2001-08-21T23:57:39.000Z"], "wnes_geometry": {"westBoundingCoordinate": -82.918, "eastBoundingCoordinate": -79.898, "northBoundingCoordinate": 26.034, "southBoundingCoordinate": 23.317}, "sizeMB": 218.66, "format": "Not Provided"}, "c4gtoga_2001.234_daily.tar": {"temporal": ["2001-08-22T00:02:02.000Z", "2001-08-22T23:57:38.000Z"], "wnes_geometry": {"westBoundingCoordinate": -82.918, "eastBoundingCoordinate": -79.898, "northBoundingCoordinate": 26.034, "southBoundingCoordinate": 23.317}, "sizeMB": 366.06, "format": "Not Provided"}, "c4gtoga_2001.235_daily.tar": {"temporal": ["2001-08-23T00:22:02.000Z", "2001-08-24T00:03:10.000Z"], "wnes_geometry": {"westBoundingCoordinate": -82.918, "eastBoundingCoordinate": -79.898, "northBoundingCoordinate": 26.034, "southBoundingCoordinate": 23.317}, "sizeMB": 272.4, "format": "Not Provided"}, "c4gtoga_2001.236_daily.tar": {"temporal": ["2001-08-24T00:14:08.000Z", "2001-08-24T23:57:38.000Z"], "wnes_geometry": {"westBoundingCoordinate": -82.918, "eastBoundingCoordinate": -79.898, "northBoundingCoordinate": 26.034, "southBoundingCoordinate": 23.317}, "sizeMB": 220.84, "format": "Not Provided"}, "c4gtoga_2001.237_daily.tar": {"temporal": ["2001-08-25T00:12:02.000Z", "2001-08-25T23:57:38.000Z"], "wnes_geometry": {"westBoundingCoordinate": -82.918, "eastBoundingCoordinate": -79.898, "northBoundingCoordinate": 26.034, "southBoundingCoordinate": 23.317}, "sizeMB": 264.45, "format": "Not Provided"}, "c4gtoga_2001.238_daily.tar": {"temporal": ["2001-08-26T00:22:02.000Z", "2001-08-26T23:57:39.000Z"], "wnes_geometry": {"westBoundingCoordinate": -82.918, "eastBoundingCoordinate": -79.898, "northBoundingCoordinate": 26.034, "southBoundingCoordinate": 23.317}, "sizeMB": 254.21, "format": "Not Provided"}, "c4gtoga_2001.239_daily.tar": {"temporal": ["2001-08-27T00:12:35.000Z", "2001-08-27T23:57:39.000Z"], "wnes_geometry": {"westBoundingCoordinate": -82.918, "eastBoundingCoordinate": -79.898, "northBoundingCoordinate": 26.034, "southBoundingCoordinate": 23.317}, "sizeMB": 334.3, "format": "Not Provided"}, "c4gtoga_2001.240_daily.tar": {"temporal": ["2001-08-28T00:12:02.000Z", "2001-08-28T19:07:39.000Z"], "wnes_geometry": {"westBoundingCoordinate": -82.918, "eastBoundingCoordinate": -79.898, "northBoundingCoordinate": 26.034, "southBoundingCoordinate": 23.317}, "sizeMB": 168.81, "format": "Not Provided"}, "c4gtoga_2001.241_daily.tar": {"temporal": ["2001-08-29T14:22:38.000Z", "2001-08-29T21:57:37.000Z"], "wnes_geometry": {"westBoundingCoordinate": -82.918, "eastBoundingCoordinate": -79.898, "northBoundingCoordinate": 26.034, "southBoundingCoordinate": 23.317}, "sizeMB": 56.27, "format": "Not Provided"}, "c4gtoga_2001.242_daily.tar": {"temporal": ["2001-08-30T00:42:20.000Z", "2001-08-30T23:57:36.000Z"], "wnes_geometry": {"westBoundingCoordinate": -82.918, "eastBoundingCoordinate": -79.898, "northBoundingCoordinate": 26.034, "southBoundingCoordinate": 23.317}, "sizeMB": 291.67, "format": "Not Provided"}, "c4gtoga_2001.243_daily.tar": {"temporal": ["2001-08-31T00:12:58.000Z", "2001-08-31T23:55:38.000Z"], "wnes_geometry": {"westBoundingCoordinate": -82.918, "eastBoundingCoordinate": -79.898, "northBoundingCoordinate": 26.034, "southBoundingCoordinate": 23.317}, "sizeMB": 331.47, "format": "Not Provided"}, "c4gtoga_2001.244_daily.tar": {"temporal": ["2001-09-01T00:02:02.000Z", "2001-09-02T00:00:57.000Z"], "wnes_geometry": {"westBoundingCoordinate": -82.918, "eastBoundingCoordinate": -79.898, "northBoundingCoordinate": 26.034, "southBoundingCoordinate": 23.317}, "sizeMB": 175.48, "format": "Not Provided"}, "c4gtoga_2001.245_daily.tar": {"temporal": ["2001-09-02T00:01:20.000Z", "2001-09-03T00:00:35.000Z"], "wnes_geometry": {"westBoundingCoordinate": -82.918, "eastBoundingCoordinate": -79.898, "northBoundingCoordinate": 26.034, "southBoundingCoordinate": 23.317}, "sizeMB": 469.15, "format": "Not Provided"}, "c4gtoga_2001.246_daily.tar": {"temporal": ["2001-09-03T00:13:17.000Z", "2001-09-03T23:56:29.000Z"], "wnes_geometry": {"westBoundingCoordinate": -82.918, "eastBoundingCoordinate": -79.898, "northBoundingCoordinate": 26.034, "southBoundingCoordinate": 23.317}, "sizeMB": 461.15, "format": "Not Provided"}, "c4gtoga_2001.247_daily.tar": {"temporal": ["2001-09-04T00:07:35.000Z", "2001-09-04T23:59:49.000Z"], "wnes_geometry": {"westBoundingCoordinate": -82.918, "eastBoundingCoordinate": -79.898, "northBoundingCoordinate": 26.034, "southBoundingCoordinate": 23.317}, "sizeMB": 668.71, "format": "Not Provided"}, "c4gtoga_2001.248_daily.tar": {"temporal": ["2001-09-05T00:11:07.000Z", "2001-09-05T22:37:30.000Z"], "wnes_geometry": {"westBoundingCoordinate": -82.918, "eastBoundingCoordinate": -79.898, "northBoundingCoordinate": 26.034, "southBoundingCoordinate": 23.317}, "sizeMB": 1488.66, "format": "Not Provided"}, "c4gtoga_2001.249_daily.tar": {"temporal": ["2001-09-06T01:46:35.000Z", "2001-09-06T23:52:31.000Z"], "wnes_geometry": {"westBoundingCoordinate": -82.918, "eastBoundingCoordinate": -79.898, "northBoundingCoordinate": 26.034, "southBoundingCoordinate": 23.317}, "sizeMB": 919.01, "format": "Not Provided"}, "c4gtoga_2001.250_daily.tar": {"temporal": ["2001-09-07T00:18:12.000Z", "2001-09-08T00:00:07.000Z"], "wnes_geometry": {"westBoundingCoordinate": -82.918, "eastBoundingCoordinate": -79.898, "northBoundingCoordinate": 26.034, "southBoundingCoordinate": 23.317}, "sizeMB": 1333.22, "format": "Not Provided"}, "c4gtoga_2001.251_daily.tar": {"temporal": ["2001-09-08T00:09:04.000Z", "2001-09-08T23:52:32.000Z"], "wnes_geometry": {"westBoundingCoordinate": -82.918, "eastBoundingCoordinate": -79.898, "northBoundingCoordinate": 26.034, "southBoundingCoordinate": 23.317}, "sizeMB": 1403.37, "format": "Not Provided"}, "c4gtoga_2001.252_daily.tar": {"temporal": ["2001-09-09T00:09:03.000Z", "2001-09-09T13:25:32.000Z"], "wnes_geometry": {"westBoundingCoordinate": -82.918, "eastBoundingCoordinate": -79.898, "northBoundingCoordinate": 26.034, "southBoundingCoordinate": 23.317}, "sizeMB": 598.45, "format": "Not Provided"}, "c4gtoga_2001.253_daily.tar": {"temporal": ["2001-09-10T03:53:46.000Z", "2001-09-10T16:37:17.000Z"], "wnes_geometry": {"westBoundingCoordinate": -82.918, "eastBoundingCoordinate": -79.898, "northBoundingCoordinate": 26.034, "southBoundingCoordinate": 23.317}, "sizeMB": 823.54, "format": "Not Provided"}, "c4gtoga_2001.254_daily.tar": {"temporal": ["2001-09-11T00:09:17.000Z", "2001-09-11T20:38:30.000Z"], "wnes_geometry": {"westBoundingCoordinate": -82.918, "eastBoundingCoordinate": -79.898, "northBoundingCoordinate": 26.034, "southBoundingCoordinate": 23.317}, "sizeMB": 360.5, "format": "Not Provided"}, "c4gtoga_2001.255_daily.tar": {"temporal": ["2001-09-12T11:01:19.000Z", "2001-09-12T23:57:26.000Z"], "wnes_geometry": {"westBoundingCoordinate": -82.918, "eastBoundingCoordinate": -79.898, "northBoundingCoordinate": 26.034, "southBoundingCoordinate": 23.317}, "sizeMB": 705.89, "format": "Not Provided"}, "c4gtoga_2001.256_daily.tar": {"temporal": ["2001-09-13T00:40:02.000Z", "2001-09-13T23:57:34.000Z"], "wnes_geometry": {"westBoundingCoordinate": -82.918, "eastBoundingCoordinate": -79.898, "northBoundingCoordinate": 26.034, "southBoundingCoordinate": 23.317}, "sizeMB": 1572.65, "format": "Not Provided"}, "c4gtoga_2001.257_daily.tar": {"temporal": ["2001-09-14T00:10:08.000Z", "2001-09-14T23:56:02.000Z"], "wnes_geometry": {"westBoundingCoordinate": -82.918, "eastBoundingCoordinate": -79.898, "northBoundingCoordinate": 26.034, "southBoundingCoordinate": 23.317}, "sizeMB": 1579.05, "format": "Not Provided"}, "c4gtoga_2001.258_daily.tar": {"temporal": ["2001-09-15T00:10:03.000Z", "2001-09-15T23:56:01.000Z"], "wnes_geometry": {"westBoundingCoordinate": -82.918, "eastBoundingCoordinate": -79.898, "northBoundingCoordinate": 26.034, "southBoundingCoordinate": 23.317}, "sizeMB": 1377.46, "format": "Not Provided"}, "c4gtoga_2001.259_daily.tar": {"temporal": ["2001-09-16T00:00:02.000Z", "2001-09-16T23:56:01.000Z"], "wnes_geometry": {"westBoundingCoordinate": -82.918, "eastBoundingCoordinate": -79.898, "northBoundingCoordinate": 26.034, "southBoundingCoordinate": 23.317}, "sizeMB": 1293.4, "format": "Not Provided"}, "c4gtoga_2001.260_daily.tar": {"temporal": ["2001-09-17T00:43:12.000Z", "2001-09-17T13:26:02.000Z"], "wnes_geometry": {"westBoundingCoordinate": -82.918, "eastBoundingCoordinate": -79.898, "northBoundingCoordinate": 26.034, "southBoundingCoordinate": 23.317}, "sizeMB": 532.45, "format": "Not Provided"}, "c4gtoga_2001.261_daily.tar": {"temporal": ["2001-09-18T14:57:51.000Z", "2001-09-18T15:03:52.000Z"], "wnes_geometry": {"westBoundingCoordinate": -82.918, "eastBoundingCoordinate": -79.898, "northBoundingCoordinate": 26.034, "southBoundingCoordinate": 23.317}, "sizeMB": 12.45, "format": "Not Provided"}, "c4gtoga_2001.262_daily.tar": {"temporal": ["2001-09-19T11:49:29.000Z", "2001-09-19T23:21:02.000Z"], "wnes_geometry": {"westBoundingCoordinate": -82.918, "eastBoundingCoordinate": -79.898, "northBoundingCoordinate": 26.034, "southBoundingCoordinate": 23.317}, "sizeMB": 861.02, "format": "Not Provided"}, "c4gtoga_2001.263_daily.tar": {"temporal": ["2001-09-20T11:50:01.000Z", "2001-09-20T23:57:31.000Z"], "wnes_geometry": {"westBoundingCoordinate": -82.918, "eastBoundingCoordinate": -79.898, "northBoundingCoordinate": 26.034, "southBoundingCoordinate": 23.317}, "sizeMB": 624.64, "format": "Not Provided"}, "c4gtoga_2001.264_daily.tar": {"temporal": ["2001-09-21T00:14:44.000Z", "2001-09-21T23:57:31.000Z"], "wnes_geometry": {"westBoundingCoordinate": -82.918, "eastBoundingCoordinate": -79.898, "northBoundingCoordinate": 26.034, "southBoundingCoordinate": 23.317}, "sizeMB": 863.04, "format": "Not Provided"}, "c4gtoga_2001.265_daily.tar": {"temporal": ["2001-09-22T00:14:47.000Z", "2001-09-22T23:57:30.000Z"], "wnes_geometry": {"westBoundingCoordinate": -82.918, "eastBoundingCoordinate": -79.898, "northBoundingCoordinate": 26.034, "southBoundingCoordinate": 23.317}, "sizeMB": 820.42, "format": "Not Provided"}, "c4gtoga_2001.266_daily.tar": {"temporal": ["2001-09-23T00:12:06.000Z", "2001-09-23T23:47:31.000Z"], "wnes_geometry": {"westBoundingCoordinate": -82.918, "eastBoundingCoordinate": -79.898, "northBoundingCoordinate": 26.034, "southBoundingCoordinate": 23.317}, "sizeMB": 655.99, "format": "Not Provided"}, "c4gtoga_2001.267_daily.tar": {"temporal": ["2001-09-24T03:10:38.000Z", "2001-09-24T23:57:28.000Z"], "wnes_geometry": {"westBoundingCoordinate": -82.918, "eastBoundingCoordinate": -79.898, "northBoundingCoordinate": 26.034, "southBoundingCoordinate": 23.317}, "sizeMB": 1155.85, "format": "Not Provided"}, "c4gtoga_2001.268_daily.tar": {"temporal": ["2001-09-25T00:21:32.000Z", "2001-09-25T23:57:29.000Z"], "wnes_geometry": {"westBoundingCoordinate": -82.918, "eastBoundingCoordinate": -79.898, "northBoundingCoordinate": 26.034, "southBoundingCoordinate": 23.317}, "sizeMB": 1336.27, "format": "Not Provided"}, "c4gtoga_2001.269_daily.tar": {"temporal": ["2001-09-26T00:11:28.000Z", "2001-09-26T22:00:44.000Z"], "wnes_geometry": {"westBoundingCoordinate": -82.918, "eastBoundingCoordinate": -79.898, "northBoundingCoordinate": 26.034, "southBoundingCoordinate": 23.317}, "sizeMB": 1366.03, "format": "Not Provided"}, "c4gtoga_2001.270_daily.tar": {"temporal": ["2001-09-27T01:11:48.000Z", "2001-09-27T23:59:43.000Z"], "wnes_geometry": {"westBoundingCoordinate": -82.918, "eastBoundingCoordinate": -79.898, "northBoundingCoordinate": 26.034, "southBoundingCoordinate": 23.317}, "sizeMB": 1084.82, "format": "Not Provided"}, "c4gtoga_2001.271_daily.tar": {"temporal": ["2001-09-28T00:15:16.000Z", "2001-09-28T15:59:45.000Z"], "wnes_geometry": {"westBoundingCoordinate": -82.918, "eastBoundingCoordinate": -79.898, "northBoundingCoordinate": 26.034, "southBoundingCoordinate": 23.317}, "sizeMB": 1601.73, "format": "Not Provided"}}