{"c4sg8_2001.215_mcidas.tar": {"temporal": ["2001-08-03T00:00:00.000Z", "2001-08-03T23:59:00.000Z"], "wnes_geometry": {"westBoundingCoordinate": -130, "eastBoundingCoordinate": -10, "northBoundingCoordinate": 75, "southBoundingCoordinate": 15}, "sizeMB": 505.21, "format": "Not provided"}, "c4sg8_2001.216_mcidas.tar": {"temporal": ["2001-08-04T00:00:00.000Z", "2001-08-04T23:59:00.000Z"], "wnes_geometry": {"westBoundingCoordinate": -130, "eastBoundingCoordinate": -10, "northBoundingCoordinate": 75, "southBoundingCoordinate": 15}, "sizeMB": 540.43, "format": "Not provided"}, "c4sg8_2001.217_mcidas.tar": {"temporal": ["2001-08-05T00:00:00.000Z", "2001-08-05T23:59:00.000Z"], "wnes_geometry": {"westBoundingCoordinate": -130, "eastBoundingCoordinate": -10, "northBoundingCoordinate": 75, "southBoundingCoordinate": 15}, "sizeMB": 1496.27, "format": "Not provided"}, "c4sg8_2001.218_mcidas.tar": {"temporal": ["2001-08-06T00:00:00.000Z", "2001-08-06T23:59:00.000Z"], "wnes_geometry": {"westBoundingCoordinate": -130, "eastBoundingCoordinate": -10, "northBoundingCoordinate": 75, "southBoundingCoordinate": 15}, "sizeMB": 1489.18, "format": "Not provided"}, "c4sg8_2001.219_mcidas.tar": {"temporal": ["2001-08-07T00:00:00.000Z", "2001-08-07T23:59:00.000Z"], "wnes_geometry": {"westBoundingCoordinate": -130, "eastBoundingCoordinate": -10, "northBoundingCoordinate": 75, "southBoundingCoordinate": 15}, "sizeMB": 3020.92, "format": "Not provided"}, "c4sg8_2001.220_mcidas.tar": {"temporal": ["2001-08-08T00:00:00.000Z", "2001-08-08T23:59:00.000Z"], "wnes_geometry": {"westBoundingCoordinate": -130, "eastBoundingCoordinate": -10, "northBoundingCoordinate": 75, "southBoundingCoordinate": 15}, "sizeMB": 1460.82, "format": "Not provided"}, "c4sg8_2001.221_mcidas.tar": {"temporal": ["2001-08-09T00:00:00.000Z", "2001-08-09T23:59:00.000Z"], "wnes_geometry": {"westBoundingCoordinate": -130, "eastBoundingCoordinate": -10, "northBoundingCoordinate": 75, "southBoundingCoordinate": 15}, "sizeMB": 2339.67, "format": "Not provided"}, "c4sg8_2001.222_mcidas.tar": {"temporal": ["2001-08-10T00:00:00.000Z", "2001-08-10T23:59:00.000Z"], "wnes_geometry": {"westBoundingCoordinate": -130, "eastBoundingCoordinate": -10, "northBoundingCoordinate": 75, "southBoundingCoordinate": 15}, "sizeMB": 1560.1, "format": "Not provided"}, "c4sg8_2001.223_mcidas.tar": {"temporal": ["2001-08-11T00:00:00.000Z", "2001-08-11T23:59:00.000Z"], "wnes_geometry": {"westBoundingCoordinate": -130, "eastBoundingCoordinate": -10, "northBoundingCoordinate": 75, "southBoundingCoordinate": 15}, "sizeMB": 1560.1, "format": "Not provided"}, "c4sg8_2001.224_mcidas.tar": {"temporal": ["2001-08-12T00:00:00.000Z", "2001-08-12T23:59:00.000Z"], "wnes_geometry": {"westBoundingCoordinate": -130, "eastBoundingCoordinate": -10, "northBoundingCoordinate": 75, "southBoundingCoordinate": 15}, "sizeMB": 1482.09, "format": "Not provided"}, "c4sg8_2001.225_mcidas.tar": {"temporal": ["2001-08-13T00:00:00.000Z", "2001-08-13T23:59:00.000Z"], "wnes_geometry": {"westBoundingCoordinate": -130, "eastBoundingCoordinate": -10, "northBoundingCoordinate": 75, "southBoundingCoordinate": 15}, "sizeMB": 1560.1, "format": "Not provided"}, "c4sg8_2001.226_mcidas.tar": {"temporal": ["2001-08-14T00:00:00.000Z", "2001-08-14T23:59:00.000Z"], "wnes_geometry": {"westBoundingCoordinate": -130, "eastBoundingCoordinate": -10, "northBoundingCoordinate": 75, "southBoundingCoordinate": 15}, "sizeMB": 1772.72, "format": "Not provided"}, "c4sg8_2001.227_mcidas.tar": {"temporal": ["2001-08-15T00:00:00.000Z", "2001-08-15T23:59:00.000Z"], "wnes_geometry": {"westBoundingCoordinate": -130, "eastBoundingCoordinate": -10, "northBoundingCoordinate": 75, "southBoundingCoordinate": 15}, "sizeMB": 1482.09, "format": "Not provided"}, "c4sg8_2001.228_mcidas.tar": {"temporal": ["2001-08-16T00:00:00.000Z", "2001-08-16T23:59:00.000Z"], "wnes_geometry": {"westBoundingCoordinate": -130, "eastBoundingCoordinate": -10, "northBoundingCoordinate": 75, "southBoundingCoordinate": 15}, "sizeMB": 1560.1, "format": "Not provided"}, "c4sg8_2001.229_mcidas.tar": {"temporal": ["2001-08-17T00:00:00.000Z", "2001-08-17T23:59:00.000Z"], "wnes_geometry": {"westBoundingCoordinate": -130, "eastBoundingCoordinate": -10, "northBoundingCoordinate": 75, "southBoundingCoordinate": 15}, "sizeMB": 1446.64, "format": "Not provided"}, "c4sg8_2001.230_mcidas.tar": {"temporal": ["2001-08-18T00:00:00.000Z", "2001-08-18T23:59:00.000Z"], "wnes_geometry": {"westBoundingCoordinate": -130, "eastBoundingCoordinate": -10, "northBoundingCoordinate": 75, "southBoundingCoordinate": 15}, "sizeMB": 2368.03, "format": "Not provided"}, "c4sg8_2001.231_mcidas.tar": {"temporal": ["2001-08-19T00:00:00.000Z", "2001-08-19T23:59:00.000Z"], "wnes_geometry": {"westBoundingCoordinate": -130, "eastBoundingCoordinate": -10, "northBoundingCoordinate": 75, "southBoundingCoordinate": 15}, "sizeMB": 1730.17, "format": "Not provided"}, "c4sg8_2001.232_mcidas.tar": {"temporal": ["2001-08-20T00:00:00.000Z", "2001-08-20T23:59:00.000Z"], "wnes_geometry": {"westBoundingCoordinate": -130, "eastBoundingCoordinate": -10, "northBoundingCoordinate": 75, "southBoundingCoordinate": 15}, "sizeMB": 1694.71, "format": "Not provided"}, "c4sg8_2001.233_mcidas.tar": {"temporal": ["2001-08-21T00:00:00.000Z", "2001-08-21T23:59:00.000Z"], "wnes_geometry": {"westBoundingCoordinate": -130, "eastBoundingCoordinate": -10, "northBoundingCoordinate": 75, "southBoundingCoordinate": 15}, "sizeMB": 1623.8, "format": "Not provided"}, "c4sg8_2001.234_mcidas.tar": {"temporal": ["2001-08-22T00:00:00.000Z", "2001-08-22T23:59:00.000Z"], "wnes_geometry": {"westBoundingCoordinate": -130, "eastBoundingCoordinate": -10, "northBoundingCoordinate": 75, "southBoundingCoordinate": 15}, "sizeMB": 1637.98, "format": "Not provided"}, "c4sg8_2001.235_mcidas.tar": {"temporal": ["2001-08-23T00:00:00.000Z", "2001-08-23T23:59:00.000Z"], "wnes_geometry": {"westBoundingCoordinate": -130, "eastBoundingCoordinate": -10, "northBoundingCoordinate": 75, "southBoundingCoordinate": 15}, "sizeMB": 1708.89, "format": "Not provided"}, "c4sg8_2001.236_mcidas.tar": {"temporal": ["2001-08-24T00:00:00.000Z", "2001-08-24T23:59:00.000Z"], "wnes_geometry": {"westBoundingCoordinate": -130, "eastBoundingCoordinate": -10, "northBoundingCoordinate": 75, "southBoundingCoordinate": 15}, "sizeMB": 1673.44, "format": "Not provided"}, "c4sg8_2001.237_mcidas.tar": {"temporal": ["2001-08-25T00:00:00.000Z", "2001-08-25T23:59:00.000Z"], "wnes_geometry": {"westBoundingCoordinate": -130, "eastBoundingCoordinate": -10, "northBoundingCoordinate": 75, "southBoundingCoordinate": 15}, "sizeMB": 1708.89, "format": "Not provided"}, "c4sg8_2001.238_mcidas.tar": {"temporal": ["2001-08-26T00:00:00.000Z", "2001-08-26T23:59:00.000Z"], "wnes_geometry": {"westBoundingCoordinate": -130, "eastBoundingCoordinate": -10, "northBoundingCoordinate": 75, "southBoundingCoordinate": 15}, "sizeMB": 517.55, "format": "Not provided"}, "c4sg8_2001.239_mcidas.tar": {"temporal": ["2001-08-27T00:00:00.000Z", "2001-08-27T23:59:00.000Z"], "wnes_geometry": {"westBoundingCoordinate": -130, "eastBoundingCoordinate": -10, "northBoundingCoordinate": 75, "southBoundingCoordinate": 15}, "sizeMB": 709.14, "format": "Not provided"}, "c4sg8_2001.240_mcidas.tar": {"temporal": ["2001-08-28T00:00:00.000Z", "2001-08-28T23:59:00.000Z"], "wnes_geometry": {"westBoundingCoordinate": -130, "eastBoundingCoordinate": -10, "northBoundingCoordinate": 75, "southBoundingCoordinate": 15}, "sizeMB": 1531.61, "format": "Not provided"}, "c4sg8_2001.241_mcidas.tar": {"temporal": ["2001-08-29T00:00:00.000Z", "2001-08-29T23:59:00.000Z"], "wnes_geometry": {"westBoundingCoordinate": -130, "eastBoundingCoordinate": -10, "northBoundingCoordinate": 75, "southBoundingCoordinate": 15}, "sizeMB": 1226.68, "format": "Not provided"}, "c4sg8_2001.242_mcidas.tar": {"temporal": ["2001-08-30T00:00:00.000Z", "2001-08-30T23:59:00.000Z"], "wnes_geometry": {"westBoundingCoordinate": -130, "eastBoundingCoordinate": -10, "northBoundingCoordinate": 75, "southBoundingCoordinate": 15}, "sizeMB": 2516.83, "format": "Not provided"}, "c4sg8_2001.243_mcidas.tar": {"temporal": ["2001-08-31T00:00:00.000Z", "2001-08-31T23:59:00.000Z"], "wnes_geometry": {"westBoundingCoordinate": -130, "eastBoundingCoordinate": -10, "northBoundingCoordinate": 75, "southBoundingCoordinate": 15}, "sizeMB": 2389.19, "format": "Not provided"}, "c4sg8_2001.244_mcidas.tar": {"temporal": ["2001-09-01T00:00:00.000Z", "2001-09-01T23:59:00.000Z"], "wnes_geometry": {"westBoundingCoordinate": -130, "eastBoundingCoordinate": -10, "northBoundingCoordinate": 75, "southBoundingCoordinate": 15}, "sizeMB": 1304.65, "format": "Not provided"}, "c4sg8_2001.245_mcidas.tar": {"temporal": ["2001-09-02T00:00:00.000Z", "2001-09-02T23:59:00.000Z"], "wnes_geometry": {"westBoundingCoordinate": -130, "eastBoundingCoordinate": -10, "northBoundingCoordinate": 75, "southBoundingCoordinate": 15}, "sizeMB": 1666.35, "format": "Not provided"}, "c4sg8_2001.246_mcidas.tar": {"temporal": ["2001-09-03T00:00:00.000Z", "2001-09-03T23:59:00.000Z"], "wnes_geometry": {"westBoundingCoordinate": -130, "eastBoundingCoordinate": -10, "northBoundingCoordinate": 75, "southBoundingCoordinate": 15}, "sizeMB": 1666.35, "format": "Not provided"}, "c4sg8_2001.247_mcidas.tar": {"temporal": ["2001-09-04T00:00:00.000Z", "2001-09-04T23:59:00.000Z"], "wnes_geometry": {"westBoundingCoordinate": -130, "eastBoundingCoordinate": -10, "northBoundingCoordinate": 75, "southBoundingCoordinate": 15}, "sizeMB": 1630.88, "format": "Not provided"}, "c4sg8_2001.248_mcidas.tar": {"temporal": ["2001-09-05T00:00:00.000Z", "2001-09-05T23:59:00.000Z"], "wnes_geometry": {"westBoundingCoordinate": -130, "eastBoundingCoordinate": -10, "northBoundingCoordinate": 75, "southBoundingCoordinate": 15}, "sizeMB": 1666.35, "format": "Not provided"}, "c4sg8_2001.249_mcidas.tar": {"temporal": ["2001-09-06T00:00:00.000Z", "2001-09-06T23:59:00.000Z"], "wnes_geometry": {"westBoundingCoordinate": -130, "eastBoundingCoordinate": -10, "northBoundingCoordinate": 75, "southBoundingCoordinate": 15}, "sizeMB": 1666.35, "format": "Not provided"}, "c4sg8_2001.250_mcidas.tar": {"temporal": ["2001-09-07T00:00:00.000Z", "2001-09-07T23:59:00.000Z"], "wnes_geometry": {"westBoundingCoordinate": -130, "eastBoundingCoordinate": -10, "northBoundingCoordinate": 75, "southBoundingCoordinate": 15}, "sizeMB": 2693.99, "format": "Not provided"}, "c4sg8_2001.251_mcidas.tar": {"temporal": ["2001-09-08T00:00:00.000Z", "2001-09-08T23:59:00.000Z"], "wnes_geometry": {"westBoundingCoordinate": -130, "eastBoundingCoordinate": -10, "northBoundingCoordinate": 75, "southBoundingCoordinate": 15}, "sizeMB": 2942.07, "format": "Not provided"}, "c4sg8_2001.252_mcidas.tar": {"temporal": ["2001-09-09T00:00:00.000Z", "2001-09-09T23:59:00.000Z"], "wnes_geometry": {"westBoundingCoordinate": -130, "eastBoundingCoordinate": -10, "northBoundingCoordinate": 75, "southBoundingCoordinate": 15}, "sizeMB": 1666.35, "format": "Not provided"}, "c4sg8_2001.253_mcidas.tar": {"temporal": ["2001-09-10T00:00:00.000Z", "2001-09-10T23:59:00.000Z"], "wnes_geometry": {"westBoundingCoordinate": -130, "eastBoundingCoordinate": -10, "northBoundingCoordinate": 75, "southBoundingCoordinate": 15}, "sizeMB": 1666.35, "format": "Not provided"}, "c4sg8_2001.254_mcidas.tar": {"temporal": ["2001-09-11T00:00:00.000Z", "2001-09-11T23:59:00.000Z"], "wnes_geometry": {"westBoundingCoordinate": -130, "eastBoundingCoordinate": -10, "northBoundingCoordinate": 75, "southBoundingCoordinate": 15}, "sizeMB": 1949.76, "format": "Not provided"}, "c4sg8_2001.255_mcidas.tar": {"temporal": ["2001-09-12T00:00:00.000Z", "2001-09-12T23:59:00.000Z"], "wnes_geometry": {"westBoundingCoordinate": -130, "eastBoundingCoordinate": -10, "northBoundingCoordinate": 75, "southBoundingCoordinate": 15}, "sizeMB": 1900.75, "format": "Not provided"}, "c4sg8_2001.256_mcidas.tar": {"temporal": ["2001-09-13T00:00:00.000Z", "2001-09-13T23:59:00.000Z"], "wnes_geometry": {"westBoundingCoordinate": -130, "eastBoundingCoordinate": -10, "northBoundingCoordinate": 75, "southBoundingCoordinate": 15}, "sizeMB": 1666.35, "format": "Not provided"}, "c4sg8_2001.257_mcidas.tar": {"temporal": ["2001-09-14T00:00:00.000Z", "2001-09-14T23:59:00.000Z"], "wnes_geometry": {"westBoundingCoordinate": -130, "eastBoundingCoordinate": -10, "northBoundingCoordinate": 75, "southBoundingCoordinate": 15}, "sizeMB": 1666.35, "format": "Not provided"}, "c4sg8_2001.258_mcidas.tar": {"temporal": ["2001-09-15T00:00:00.000Z", "2001-09-15T23:59:00.000Z"], "wnes_geometry": {"westBoundingCoordinate": -130, "eastBoundingCoordinate": -10, "northBoundingCoordinate": 75, "southBoundingCoordinate": 15}, "sizeMB": 1666.35, "format": "Not provided"}, "c4sg8_2001.259_mcidas.tar": {"temporal": ["2001-09-16T00:00:00.000Z", "2001-09-16T23:59:00.000Z"], "wnes_geometry": {"westBoundingCoordinate": -130, "eastBoundingCoordinate": -10, "northBoundingCoordinate": 75, "southBoundingCoordinate": 15}, "sizeMB": 1666.35, "format": "Not provided"}, "c4sg8_2001.260_mcidas.tar": {"temporal": ["2001-09-17T00:00:00.000Z", "2001-09-17T23:59:00.000Z"], "wnes_geometry": {"westBoundingCoordinate": -130, "eastBoundingCoordinate": -10, "northBoundingCoordinate": 75, "southBoundingCoordinate": 15}, "sizeMB": 1630.88, "format": "Not provided"}, "c4sg8_2001.261_mcidas.tar": {"temporal": ["2001-09-18T00:00:00.000Z", "2001-09-18T23:59:00.000Z"], "wnes_geometry": {"westBoundingCoordinate": -130, "eastBoundingCoordinate": -10, "northBoundingCoordinate": 75, "southBoundingCoordinate": 15}, "sizeMB": 1630.88, "format": "Not provided"}, "c4sg8_2001.262_mcidas.tar": {"temporal": ["2001-09-19T00:00:00.000Z", "2001-09-19T23:59:00.000Z"], "wnes_geometry": {"westBoundingCoordinate": -130, "eastBoundingCoordinate": -10, "northBoundingCoordinate": 75, "southBoundingCoordinate": 15}, "sizeMB": 1609.62, "format": "Not provided"}, "c4sg8_2001.263_mcidas.tar": {"temporal": ["2001-09-20T00:00:00.000Z", "2001-09-20T23:59:00.000Z"], "wnes_geometry": {"westBoundingCoordinate": -130, "eastBoundingCoordinate": -10, "northBoundingCoordinate": 75, "southBoundingCoordinate": 15}, "sizeMB": 1538.69, "format": "Not provided"}, "c4sg8_2001.264_mcidas.tar": {"temporal": ["2001-09-21T00:00:00.000Z", "2001-09-21T23:59:00.000Z"], "wnes_geometry": {"westBoundingCoordinate": -130, "eastBoundingCoordinate": -10, "northBoundingCoordinate": 75, "southBoundingCoordinate": 15}, "sizeMB": 1347.23, "format": "Not provided"}}