{"camex3.fltsum.980808.html": {"temporal": ["1998-08-08T00:00:00.000Z", "1998-08-08T23:59:00.000Z"], "wnes_geometry": {"westBoundingCoordinate": -105, "eastBoundingCoordinate": -50, "northBoundingCoordinate": 50, "southBoundingCoordinate": 10}, "sizeMB": 0.01, "format": "Not provided"}, "camex3.fltsum.980813.html": {"temporal": ["1998-08-13T00:00:00.000Z", "1998-08-13T23:59:00.000Z"], "wnes_geometry": {"westBoundingCoordinate": -105, "eastBoundingCoordinate": -50, "northBoundingCoordinate": 50, "southBoundingCoordinate": 10}, "sizeMB": 0.01, "format": "Not provided"}, "camex3.fltsum.980815.html": {"temporal": ["1998-08-15T00:00:00.000Z", "1998-08-15T23:59:00.000Z"], "wnes_geometry": {"westBoundingCoordinate": -105, "eastBoundingCoordinate": -50, "northBoundingCoordinate": 50, "southBoundingCoordinate": 10}, "sizeMB": 0.01, "format": "Not provided"}, "camex3.fltsum.980820.html": {"temporal": ["1998-08-20T00:00:00.000Z", "1998-08-20T23:59:00.000Z"], "wnes_geometry": {"westBoundingCoordinate": -105, "eastBoundingCoordinate": -50, "northBoundingCoordinate": 50, "southBoundingCoordinate": 10}, "sizeMB": 0.01, "format": "Not provided"}, "camex3.fltsum.980821.html": {"temporal": ["1998-08-21T00:00:00.000Z", "1998-08-21T23:59:00.000Z"], "wnes_geometry": {"westBoundingCoordinate": -105, "eastBoundingCoordinate": -50, "northBoundingCoordinate": 50, "southBoundingCoordinate": 10}, "sizeMB": 0.01, "format": "Not provided"}, "camex3.fltsum.980822.html": {"temporal": ["1998-08-22T00:00:00.000Z", "1998-08-22T23:59:00.000Z"], "wnes_geometry": {"westBoundingCoordinate": -105, "eastBoundingCoordinate": -50, "northBoundingCoordinate": 50, "southBoundingCoordinate": 10}, "sizeMB": 0.01, "format": "Not provided"}, "camex3.fltsum.980823.html": {"temporal": ["1998-08-23T00:00:00.000Z", "1998-08-23T23:59:00.000Z"], "wnes_geometry": {"westBoundingCoordinate": -105, "eastBoundingCoordinate": -50, "northBoundingCoordinate": 50, "southBoundingCoordinate": 10}, "sizeMB": 0.01, "format": "Not provided"}, "camex3.fltsum.980824.html": {"temporal": ["1998-08-24T00:00:00.000Z", "1998-08-24T23:59:00.000Z"], "wnes_geometry": {"westBoundingCoordinate": -105, "eastBoundingCoordinate": -50, "northBoundingCoordinate": 50, "southBoundingCoordinate": 10}, "sizeMB": 0.01, "format": "Not provided"}, "camex3.fltsum.980826.html": {"temporal": ["1998-08-26T00:00:00.000Z", "1998-08-26T23:59:00.000Z"], "wnes_geometry": {"westBoundingCoordinate": -105, "eastBoundingCoordinate": -50, "northBoundingCoordinate": 50, "southBoundingCoordinate": 10}, "sizeMB": 0.01, "format": "Not provided"}, "camex3.fltsum.980827.html": {"temporal": ["1998-08-27T00:00:00.000Z", "1998-08-27T23:59:00.000Z"], "wnes_geometry": {"westBoundingCoordinate": -105, "eastBoundingCoordinate": -50, "northBoundingCoordinate": 50, "southBoundingCoordinate": 10}, "sizeMB": 0.01, "format": "Not provided"}, "camex3.fltsum.980829.html": {"temporal": ["1998-08-29T00:00:00.000Z", "1998-08-29T23:59:00.000Z"], "wnes_geometry": {"westBoundingCoordinate": -105, "eastBoundingCoordinate": -50, "northBoundingCoordinate": 50, "southBoundingCoordinate": 10}, "sizeMB": 0.01, "format": "Not provided"}, "camex3.fltsum.980830.html": {"temporal": ["1998-08-30T00:00:00.000Z", "1998-08-30T23:59:00.000Z"], "wnes_geometry": {"westBoundingCoordinate": -105, "eastBoundingCoordinate": -50, "northBoundingCoordinate": 50, "southBoundingCoordinate": 10}, "sizeMB": 0.01, "format": "Not provided"}, "camex3.fltsum.980902.html": {"temporal": ["1998-09-02T00:00:00.000Z", "1998-09-02T23:59:00.000Z"], "wnes_geometry": {"westBoundingCoordinate": -105, "eastBoundingCoordinate": -50, "northBoundingCoordinate": 50, "southBoundingCoordinate": 10}, "sizeMB": 0.01, "format": "Not provided"}, "camex3.fltsum.980905.html": {"temporal": ["1998-09-05T00:00:00.000Z", "1998-09-05T23:59:00.000Z"], "wnes_geometry": {"westBoundingCoordinate": -105, "eastBoundingCoordinate": -50, "northBoundingCoordinate": 50, "southBoundingCoordinate": 10}, "sizeMB": 0.01, "format": "Not provided"}, "camex3.fltsum.980908.html": {"temporal": ["1998-09-08T00:00:00.000Z", "1998-09-08T23:59:00.000Z"], "wnes_geometry": {"westBoundingCoordinate": -105, "eastBoundingCoordinate": -50, "northBoundingCoordinate": 50, "southBoundingCoordinate": 10}, "sizeMB": 0.01, "format": "Not provided"}, "camex3.fltsum.980913.html": {"temporal": ["1998-09-13T00:00:00.000Z", "1998-09-13T23:59:00.000Z"], "wnes_geometry": {"westBoundingCoordinate": -105, "eastBoundingCoordinate": -50, "northBoundingCoordinate": 50, "southBoundingCoordinate": 10}, "sizeMB": 0.01, "format": "Not provided"}}