{"98218.srl-wv-v1.txt": {"temporal": ["1998-08-06T00:00:00.000Z", "1998-08-06T23:59:59.000Z"], "wnes_geometry": {"westBoundingCoordinate": -77.9, "eastBoundingCoordinate": -77.8, "northBoundingCoordinate": 24.8, "southBoundingCoordinate": 24.7}, "sizeMB": 1.25, "format": "Not provided"}, "98218.srl-ae-v1.txt": {"temporal": ["1998-08-06T00:00:00.000Z", "1998-08-06T23:59:59.000Z"], "wnes_geometry": {"westBoundingCoordinate": -77.9, "eastBoundingCoordinate": -77.8, "northBoundingCoordinate": 24.8, "southBoundingCoordinate": 24.7}, "sizeMB": 3.11, "format": "Not provided"}, "98219.srl-ae-v1.txt": {"temporal": ["1998-08-07T00:00:00.000Z", "1998-08-07T23:59:59.000Z"], "wnes_geometry": {"westBoundingCoordinate": -77.9, "eastBoundingCoordinate": -77.8, "northBoundingCoordinate": 24.8, "southBoundingCoordinate": 24.7}, "sizeMB": 4.08, "format": "Not provided"}, "98219.srl-wv-v1.txt": {"temporal": ["1998-08-07T00:00:00.000Z", "1998-08-07T23:59:59.000Z"], "wnes_geometry": {"westBoundingCoordinate": -77.9, "eastBoundingCoordinate": -77.8, "northBoundingCoordinate": 24.8, "southBoundingCoordinate": 24.7}, "sizeMB": 1.59, "format": "Not provided"}, "98220.srl-ae-v1.txt": {"temporal": ["1998-08-08T00:00:00.000Z", "1998-08-08T23:59:59.000Z"], "wnes_geometry": {"westBoundingCoordinate": -77.9, "eastBoundingCoordinate": -77.8, "northBoundingCoordinate": 24.8, "southBoundingCoordinate": 24.7}, "sizeMB": 4.01, "format": "Not provided"}, "98220.srl-wv-v1.txt": {"temporal": ["1998-08-08T00:00:00.000Z", "1998-08-08T23:59:59.000Z"], "wnes_geometry": {"westBoundingCoordinate": -77.9, "eastBoundingCoordinate": -77.8, "northBoundingCoordinate": 24.8, "southBoundingCoordinate": 24.7}, "sizeMB": 1.58, "format": "Not provided"}, "98221.srl-ae-v1.txt": {"temporal": ["1998-08-09T00:00:00.000Z", "1998-08-09T23:59:59.000Z"], "wnes_geometry": {"westBoundingCoordinate": -77.9, "eastBoundingCoordinate": -77.8, "northBoundingCoordinate": 24.8, "southBoundingCoordinate": 24.7}, "sizeMB": 4.04, "format": "Not provided"}, "98221.srl-wv-v1.txt": {"temporal": ["1998-08-09T00:00:00.000Z", "1998-08-09T23:59:59.000Z"], "wnes_geometry": {"westBoundingCoordinate": -77.9, "eastBoundingCoordinate": -77.8, "northBoundingCoordinate": 24.8, "southBoundingCoordinate": 24.7}, "sizeMB": 1.65, "format": "Not provided"}, "98222.srl-ae-v1.txt": {"temporal": ["1998-08-10T00:00:00.000Z", "1998-08-10T23:59:59.000Z"], "wnes_geometry": {"westBoundingCoordinate": -77.9, "eastBoundingCoordinate": -77.8, "northBoundingCoordinate": 24.8, "southBoundingCoordinate": 24.7}, "sizeMB": 4.61, "format": "Not provided"}, "98222.srl-wv-v1.txt": {"temporal": ["1998-08-10T00:00:00.000Z", "1998-08-10T23:59:59.000Z"], "wnes_geometry": {"westBoundingCoordinate": -77.9, "eastBoundingCoordinate": -77.8, "northBoundingCoordinate": 24.8, "southBoundingCoordinate": 24.7}, "sizeMB": 1.85, "format": "Not provided"}, "98223.srl-wv-v1.txt": {"temporal": ["1998-08-11T00:00:00.000Z", "1998-08-11T23:59:59.000Z"], "wnes_geometry": {"westBoundingCoordinate": -77.9, "eastBoundingCoordinate": -77.8, "northBoundingCoordinate": 24.8, "southBoundingCoordinate": 24.7}, "sizeMB": 1.71, "format": "Not provided"}, "98223.srl-ae-v1.txt": {"temporal": ["1998-08-11T00:00:00.000Z", "1998-08-11T23:59:59.000Z"], "wnes_geometry": {"westBoundingCoordinate": -77.9, "eastBoundingCoordinate": -77.8, "northBoundingCoordinate": 24.8, "southBoundingCoordinate": 24.7}, "sizeMB": 4.39, "format": "Not provided"}, "98224.srl-ae-v1.txt": {"temporal": ["1998-08-12T00:00:00.000Z", "1998-08-12T23:59:59.000Z"], "wnes_geometry": {"westBoundingCoordinate": -77.9, "eastBoundingCoordinate": -77.8, "northBoundingCoordinate": 24.8, "southBoundingCoordinate": 24.7}, "sizeMB": 3.58, "format": "Not provided"}, "98224.srl-wv-v1.txt": {"temporal": ["1998-08-12T00:00:00.000Z", "1998-08-12T23:59:59.000Z"], "wnes_geometry": {"westBoundingCoordinate": -77.9, "eastBoundingCoordinate": -77.8, "northBoundingCoordinate": 24.8, "southBoundingCoordinate": 24.7}, "sizeMB": 1.42, "format": "Not provided"}, "98228.srl-wv-v1.txt": {"temporal": ["1998-08-16T00:00:00.000Z", "1998-08-16T23:59:59.000Z"], "wnes_geometry": {"westBoundingCoordinate": -77.9, "eastBoundingCoordinate": -77.8, "northBoundingCoordinate": 24.8, "southBoundingCoordinate": 24.7}, "sizeMB": 1.67, "format": "Not provided"}, "98228.srl-ae-v1.txt": {"temporal": ["1998-08-16T00:00:00.000Z", "1998-08-16T23:59:59.000Z"], "wnes_geometry": {"westBoundingCoordinate": -77.9, "eastBoundingCoordinate": -77.8, "northBoundingCoordinate": 24.8, "southBoundingCoordinate": 24.7}, "sizeMB": 4.18, "format": "Not provided"}, "98229.srl-ae-v1.txt": {"temporal": ["1998-08-17T00:00:00.000Z", "1998-08-17T23:59:59.000Z"], "wnes_geometry": {"westBoundingCoordinate": -77.9, "eastBoundingCoordinate": -77.8, "northBoundingCoordinate": 24.8, "southBoundingCoordinate": 24.7}, "sizeMB": 4.24, "format": "Not provided"}, "98229.srl-wv-v1.txt": {"temporal": ["1998-08-17T00:00:00.000Z", "1998-08-17T23:59:59.000Z"], "wnes_geometry": {"westBoundingCoordinate": -77.9, "eastBoundingCoordinate": -77.8, "northBoundingCoordinate": 24.8, "southBoundingCoordinate": 24.7}, "sizeMB": 1.69, "format": "Not provided"}, "98230.srl-ae-v1.txt": {"temporal": ["1998-08-18T00:00:00.000Z", "1998-08-18T23:59:59.000Z"], "wnes_geometry": {"westBoundingCoordinate": -77.9, "eastBoundingCoordinate": -77.8, "northBoundingCoordinate": 24.8, "southBoundingCoordinate": 24.7}, "sizeMB": 4.53, "format": "Not provided"}, "98230.srl-wv-v1.txt": {"temporal": ["1998-08-18T00:00:00.000Z", "1998-08-18T23:59:59.000Z"], "wnes_geometry": {"westBoundingCoordinate": -77.9, "eastBoundingCoordinate": -77.8, "northBoundingCoordinate": 24.8, "southBoundingCoordinate": 24.7}, "sizeMB": 1.79, "format": "Not provided"}, "98231.srl-wv-v1.txt": {"temporal": ["1998-08-19T00:00:00.000Z", "1998-08-19T23:59:59.000Z"], "wnes_geometry": {"westBoundingCoordinate": -77.9, "eastBoundingCoordinate": -77.8, "northBoundingCoordinate": 24.8, "southBoundingCoordinate": 24.7}, "sizeMB": 1.48, "format": "Not provided"}, "98231.srl-ae-v1.txt": {"temporal": ["1998-08-19T00:00:00.000Z", "1998-08-19T23:59:59.000Z"], "wnes_geometry": {"westBoundingCoordinate": -77.9, "eastBoundingCoordinate": -77.8, "northBoundingCoordinate": 24.8, "southBoundingCoordinate": 24.7}, "sizeMB": 3.85, "format": "Not provided"}, "98232.srl-wv-v1.txt": {"temporal": ["1998-08-20T00:00:00.000Z", "1998-08-20T23:59:59.000Z"], "wnes_geometry": {"westBoundingCoordinate": -77.9, "eastBoundingCoordinate": -77.8, "northBoundingCoordinate": 24.8, "southBoundingCoordinate": 24.7}, "sizeMB": 1.61, "format": "Not provided"}, "98232.srl-ae-v1.txt": {"temporal": ["1998-08-20T00:00:00.000Z", "1998-08-20T23:59:59.000Z"], "wnes_geometry": {"westBoundingCoordinate": -77.9, "eastBoundingCoordinate": -77.8, "northBoundingCoordinate": 24.8, "southBoundingCoordinate": 24.7}, "sizeMB": 4.09, "format": "Not provided"}, "98233.srl-ae-v1.txt": {"temporal": ["1998-08-21T00:00:00.000Z", "1998-08-21T23:59:59.000Z"], "wnes_geometry": {"westBoundingCoordinate": -77.9, "eastBoundingCoordinate": -77.8, "northBoundingCoordinate": 24.8, "southBoundingCoordinate": 24.7}, "sizeMB": 4.86, "format": "Not provided"}, "98233.srl-wv-v1.txt": {"temporal": ["1998-08-21T00:00:00.000Z", "1998-08-21T23:59:59.000Z"], "wnes_geometry": {"westBoundingCoordinate": -77.9, "eastBoundingCoordinate": -77.8, "northBoundingCoordinate": 24.8, "southBoundingCoordinate": 24.7}, "sizeMB": 2.09, "format": "Not provided"}, "98234.srl-wv-v1.txt": {"temporal": ["1998-08-22T00:00:00.000Z", "1998-08-22T23:59:59.000Z"], "wnes_geometry": {"westBoundingCoordinate": -77.9, "eastBoundingCoordinate": -77.8, "northBoundingCoordinate": 24.8, "southBoundingCoordinate": 24.7}, "sizeMB": 4.76, "format": "Not provided"}, "98234.srl-ae-v1.txt": {"temporal": ["1998-08-22T00:00:00.000Z", "1998-08-22T23:59:59.000Z"], "wnes_geometry": {"westBoundingCoordinate": -77.9, "eastBoundingCoordinate": -77.8, "northBoundingCoordinate": 24.8, "southBoundingCoordinate": 24.7}, "sizeMB": 11.56, "format": "Not provided"}, "98235.srl-ae-v1.txt": {"temporal": ["1998-08-23T00:00:00.000Z", "1998-08-23T23:59:59.000Z"], "wnes_geometry": {"westBoundingCoordinate": -77.9, "eastBoundingCoordinate": -77.8, "northBoundingCoordinate": 24.8, "southBoundingCoordinate": 24.7}, "sizeMB": 9.65, "format": "Not provided"}, "98235.srl-wv-v1.txt": {"temporal": ["1998-08-23T00:00:00.000Z", "1998-08-23T23:59:59.000Z"], "wnes_geometry": {"westBoundingCoordinate": -77.9, "eastBoundingCoordinate": -77.8, "northBoundingCoordinate": 24.8, "southBoundingCoordinate": 24.7}, "sizeMB": 3.94, "format": "Not provided"}, "98236.srl-ae-v1.txt": {"temporal": ["1998-08-24T00:00:00.000Z", "1998-08-24T23:59:59.000Z"], "wnes_geometry": {"westBoundingCoordinate": -77.9, "eastBoundingCoordinate": -77.8, "northBoundingCoordinate": 24.8, "southBoundingCoordinate": 24.7}, "sizeMB": 9.92, "format": "Not provided"}, "98236.srl-wv-v1.txt": {"temporal": ["1998-08-24T00:00:00.000Z", "1998-08-24T23:59:59.000Z"], "wnes_geometry": {"westBoundingCoordinate": -77.9, "eastBoundingCoordinate": -77.8, "northBoundingCoordinate": 24.8, "southBoundingCoordinate": 24.7}, "sizeMB": 4.05, "format": "Not provided"}, "98237.srl-wv-v1.txt": {"temporal": ["1998-08-25T00:00:00.000Z", "1998-08-25T23:59:59.000Z"], "wnes_geometry": {"westBoundingCoordinate": -77.9, "eastBoundingCoordinate": -77.8, "northBoundingCoordinate": 24.8, "southBoundingCoordinate": 24.7}, "sizeMB": 1.87, "format": "Not provided"}, "98237.srl-ae-v1.txt": {"temporal": ["1998-08-25T00:00:00.000Z", "1998-08-25T23:59:59.000Z"], "wnes_geometry": {"westBoundingCoordinate": -77.9, "eastBoundingCoordinate": -77.8, "northBoundingCoordinate": 24.8, "southBoundingCoordinate": 24.7}, "sizeMB": 4.63, "format": "Not provided"}, "98238.srl-ae-v1.txt": {"temporal": ["1998-08-26T00:00:00.000Z", "1998-08-26T23:59:59.000Z"], "wnes_geometry": {"westBoundingCoordinate": -77.9, "eastBoundingCoordinate": -77.8, "northBoundingCoordinate": 24.8, "southBoundingCoordinate": 24.7}, "sizeMB": 3.74, "format": "Not provided"}, "98238.srl-wv-v1.txt": {"temporal": ["1998-08-26T00:00:00.000Z", "1998-08-26T23:59:59.000Z"], "wnes_geometry": {"westBoundingCoordinate": -77.9, "eastBoundingCoordinate": -77.8, "northBoundingCoordinate": 24.8, "southBoundingCoordinate": 24.7}, "sizeMB": 1.5, "format": "Not provided"}, "98239.srl-wv-v1.txt": {"temporal": ["1998-08-27T00:00:00.000Z", "1998-08-27T23:59:59.000Z"], "wnes_geometry": {"westBoundingCoordinate": -77.9, "eastBoundingCoordinate": -77.8, "northBoundingCoordinate": 24.8, "southBoundingCoordinate": 24.7}, "sizeMB": 1.9, "format": "Not provided"}, "98239.srl-ae-v1.txt": {"temporal": ["1998-08-27T00:00:00.000Z", "1998-08-27T23:59:59.000Z"], "wnes_geometry": {"westBoundingCoordinate": -77.9, "eastBoundingCoordinate": -77.8, "northBoundingCoordinate": 24.8, "southBoundingCoordinate": 24.7}, "sizeMB": 4.72, "format": "Not provided"}, "98240.srl-wv-v1.txt": {"temporal": ["1998-08-28T00:00:00.000Z", "1998-08-28T23:59:59.000Z"], "wnes_geometry": {"westBoundingCoordinate": -77.9, "eastBoundingCoordinate": -77.8, "northBoundingCoordinate": 24.8, "southBoundingCoordinate": 24.7}, "sizeMB": 1.82, "format": "Not provided"}, "98240.srl-ae-v1.txt": {"temporal": ["1998-08-28T00:00:00.000Z", "1998-08-28T23:59:59.000Z"], "wnes_geometry": {"westBoundingCoordinate": -77.9, "eastBoundingCoordinate": -77.8, "northBoundingCoordinate": 24.8, "southBoundingCoordinate": 24.7}, "sizeMB": 4.42, "format": "Not provided"}, "98241.srl-ae-v1.txt": {"temporal": ["1998-08-29T00:00:00.000Z", "1998-08-29T23:59:59.000Z"], "wnes_geometry": {"westBoundingCoordinate": -77.9, "eastBoundingCoordinate": -77.8, "northBoundingCoordinate": 24.8, "southBoundingCoordinate": 24.7}, "sizeMB": 2.88, "format": "Not provided"}, "98241.srl-wv-v1.txt": {"temporal": ["1998-08-29T00:00:00.000Z", "1998-08-29T23:59:59.000Z"], "wnes_geometry": {"westBoundingCoordinate": -77.9, "eastBoundingCoordinate": -77.8, "northBoundingCoordinate": 24.8, "southBoundingCoordinate": 24.7}, "sizeMB": 1.17, "format": "Not provided"}, "98242.srl-ae-v1.txt": {"temporal": ["1998-08-30T00:00:00.000Z", "1998-08-30T23:59:59.000Z"], "wnes_geometry": {"westBoundingCoordinate": -77.9, "eastBoundingCoordinate": -77.8, "northBoundingCoordinate": 24.8, "southBoundingCoordinate": 24.7}, "sizeMB": 4.84, "format": "Not provided"}, "98242.srl-wv-v1.txt": {"temporal": ["1998-08-30T00:00:00.000Z", "1998-08-30T23:59:59.000Z"], "wnes_geometry": {"westBoundingCoordinate": -77.9, "eastBoundingCoordinate": -77.8, "northBoundingCoordinate": 24.8, "southBoundingCoordinate": 24.7}, "sizeMB": 1.91, "format": "Not provided"}, "98243.srl-wv-v1.txt": {"temporal": ["1998-08-31T00:00:00.000Z", "1998-08-31T23:59:59.000Z"], "wnes_geometry": {"westBoundingCoordinate": -77.9, "eastBoundingCoordinate": -77.8, "northBoundingCoordinate": 24.8, "southBoundingCoordinate": 24.7}, "sizeMB": 4.22, "format": "Not provided"}, "98243.srl-ae-v1.txt": {"temporal": ["1998-08-31T00:00:00.000Z", "1998-08-31T23:59:59.000Z"], "wnes_geometry": {"westBoundingCoordinate": -77.9, "eastBoundingCoordinate": -77.8, "northBoundingCoordinate": 24.8, "southBoundingCoordinate": 24.7}, "sizeMB": 10.21, "format": "Not provided"}, "98244.srl-wv-v1.txt": {"temporal": ["1998-09-01T00:00:00.000Z", "1998-09-01T23:59:59.000Z"], "wnes_geometry": {"westBoundingCoordinate": -77.9, "eastBoundingCoordinate": -77.8, "northBoundingCoordinate": 24.8, "southBoundingCoordinate": 24.7}, "sizeMB": 2.27, "format": "Not provided"}, "98244.srl-ae-v1.txt": {"temporal": ["1998-09-01T00:00:00.000Z", "1998-09-01T23:59:59.000Z"], "wnes_geometry": {"westBoundingCoordinate": -77.9, "eastBoundingCoordinate": -77.8, "northBoundingCoordinate": 24.8, "southBoundingCoordinate": 24.7}, "sizeMB": 5.59, "format": "Not provided"}, "98245.srl-wv-v1.txt": {"temporal": ["1998-09-02T00:00:00.000Z", "1998-09-02T23:59:59.000Z"], "wnes_geometry": {"westBoundingCoordinate": -77.9, "eastBoundingCoordinate": -77.8, "northBoundingCoordinate": 24.8, "southBoundingCoordinate": 24.7}, "sizeMB": 1.82, "format": "Not provided"}, "98245.srl-ae-v1.txt": {"temporal": ["1998-09-02T00:00:00.000Z", "1998-09-02T23:59:59.000Z"], "wnes_geometry": {"westBoundingCoordinate": -77.9, "eastBoundingCoordinate": -77.8, "northBoundingCoordinate": 24.8, "southBoundingCoordinate": 24.7}, "sizeMB": 4.45, "format": "Not provided"}, "98246.srl-wv-v1.txt": {"temporal": ["1998-09-03T00:00:00.000Z", "1998-09-03T23:59:59.000Z"], "wnes_geometry": {"westBoundingCoordinate": -77.9, "eastBoundingCoordinate": -77.8, "northBoundingCoordinate": 24.8, "southBoundingCoordinate": 24.7}, "sizeMB": 1.57, "format": "Not provided"}, "98246.srl-ae-v1.txt": {"temporal": ["1998-09-03T00:00:00.000Z", "1998-09-03T23:59:59.000Z"], "wnes_geometry": {"westBoundingCoordinate": -77.9, "eastBoundingCoordinate": -77.8, "northBoundingCoordinate": 24.8, "southBoundingCoordinate": 24.7}, "sizeMB": 3.72, "format": "Not provided"}, "98247.srl-wv-v1.txt": {"temporal": ["1998-09-04T00:00:00.000Z", "1998-09-04T23:59:59.000Z"], "wnes_geometry": {"westBoundingCoordinate": -77.9, "eastBoundingCoordinate": -77.8, "northBoundingCoordinate": 24.8, "southBoundingCoordinate": 24.7}, "sizeMB": 1.69, "format": "Not provided"}, "98247.srl-ae-v1.txt": {"temporal": ["1998-09-04T00:00:00.000Z", "1998-09-04T23:59:59.000Z"], "wnes_geometry": {"westBoundingCoordinate": -77.9, "eastBoundingCoordinate": -77.8, "northBoundingCoordinate": 24.8, "southBoundingCoordinate": 24.7}, "sizeMB": 4.15, "format": "Not provided"}, "98248.srl-ae-v1.txt": {"temporal": ["1998-09-05T00:00:00.000Z", "1998-09-05T23:59:59.000Z"], "wnes_geometry": {"westBoundingCoordinate": -77.9, "eastBoundingCoordinate": -77.8, "northBoundingCoordinate": 24.8, "southBoundingCoordinate": 24.7}, "sizeMB": 5.54, "format": "Not provided"}, "98248.srl-wv-v1.txt": {"temporal": ["1998-09-05T00:00:00.000Z", "1998-09-05T23:59:59.000Z"], "wnes_geometry": {"westBoundingCoordinate": -77.9, "eastBoundingCoordinate": -77.8, "northBoundingCoordinate": 24.8, "southBoundingCoordinate": 24.7}, "sizeMB": 2.26, "format": "Not provided"}, "98249.srl-wv-v1.txt": {"temporal": ["1998-09-06T00:00:00.000Z", "1998-09-06T23:59:59.000Z"], "wnes_geometry": {"westBoundingCoordinate": -77.9, "eastBoundingCoordinate": -77.8, "northBoundingCoordinate": 24.8, "southBoundingCoordinate": 24.7}, "sizeMB": 2.29, "format": "Not provided"}, "98249.srl-ae-v1.txt": {"temporal": ["1998-09-06T00:00:00.000Z", "1998-09-06T23:59:59.000Z"], "wnes_geometry": {"westBoundingCoordinate": -77.9, "eastBoundingCoordinate": -77.8, "northBoundingCoordinate": 24.8, "southBoundingCoordinate": 24.7}, "sizeMB": 5.68, "format": "Not provided"}, "98250.srl-ae-v1.txt": {"temporal": ["1998-09-07T00:00:00.000Z", "1998-09-07T23:59:59.000Z"], "wnes_geometry": {"westBoundingCoordinate": -77.9, "eastBoundingCoordinate": -77.8, "northBoundingCoordinate": 24.8, "southBoundingCoordinate": 24.7}, "sizeMB": 8.47, "format": "Not provided"}, "98250.srl-wv-v1.txt": {"temporal": ["1998-09-07T00:00:00.000Z", "1998-09-07T23:59:59.000Z"], "wnes_geometry": {"westBoundingCoordinate": -77.9, "eastBoundingCoordinate": -77.8, "northBoundingCoordinate": 24.8, "southBoundingCoordinate": 24.7}, "sizeMB": 3.46, "format": "Not provided"}, "98251.srl-ae-v1.txt": {"temporal": ["1998-09-08T00:00:00.000Z", "1998-09-08T23:59:59.000Z"], "wnes_geometry": {"westBoundingCoordinate": -77.9, "eastBoundingCoordinate": -77.8, "northBoundingCoordinate": 24.8, "southBoundingCoordinate": 24.7}, "sizeMB": 4.19, "format": "Not provided"}, "98251.srl-wv-v1.txt": {"temporal": ["1998-09-08T00:00:00.000Z", "1998-09-08T23:59:59.000Z"], "wnes_geometry": {"westBoundingCoordinate": -77.9, "eastBoundingCoordinate": -77.8, "northBoundingCoordinate": 24.8, "southBoundingCoordinate": 24.7}, "sizeMB": 1.68, "format": "Not provided"}, "98252.srl-wv-v1.txt": {"temporal": ["1998-09-09T00:00:00.000Z", "1998-09-09T23:59:59.000Z"], "wnes_geometry": {"westBoundingCoordinate": -77.9, "eastBoundingCoordinate": -77.8, "northBoundingCoordinate": 24.8, "southBoundingCoordinate": 24.7}, "sizeMB": 1.79, "format": "Not provided"}, "98252.srl-ae-v1.txt": {"temporal": ["1998-09-09T00:00:00.000Z", "1998-09-09T23:59:59.000Z"], "wnes_geometry": {"westBoundingCoordinate": -77.9, "eastBoundingCoordinate": -77.8, "northBoundingCoordinate": 24.8, "southBoundingCoordinate": 24.7}, "sizeMB": 4.35, "format": "Not provided"}, "98255.srl-wv-v1.txt": {"temporal": ["1998-09-12T00:00:00.000Z", "1998-09-12T23:59:59.000Z"], "wnes_geometry": {"westBoundingCoordinate": -77.9, "eastBoundingCoordinate": -77.8, "northBoundingCoordinate": 24.8, "southBoundingCoordinate": 24.7}, "sizeMB": 2.12, "format": "Not provided"}, "98255.srl-ae-v1.txt": {"temporal": ["1998-09-12T00:00:00.000Z", "1998-09-12T23:59:59.000Z"], "wnes_geometry": {"westBoundingCoordinate": -77.9, "eastBoundingCoordinate": -77.8, "northBoundingCoordinate": 24.8, "southBoundingCoordinate": 24.7}, "sizeMB": 5.32, "format": "Not provided"}, "98257.srl-wv-v1.txt": {"temporal": ["1998-09-14T00:00:00.000Z", "1998-09-14T23:59:59.000Z"], "wnes_geometry": {"westBoundingCoordinate": -77.9, "eastBoundingCoordinate": -77.8, "northBoundingCoordinate": 24.8, "southBoundingCoordinate": 24.7}, "sizeMB": 2.02, "format": "Not provided"}, "98257.srl-ae-v1.txt": {"temporal": ["1998-09-14T00:00:00.000Z", "1998-09-14T23:59:59.000Z"], "wnes_geometry": {"westBoundingCoordinate": -77.9, "eastBoundingCoordinate": -77.8, "northBoundingCoordinate": 24.8, "southBoundingCoordinate": 24.7}, "sizeMB": 5.06, "format": "Not provided"}, "98258.srl-ae-v1.txt": {"temporal": ["1998-09-15T00:00:00.000Z", "1998-09-15T23:59:59.000Z"], "wnes_geometry": {"westBoundingCoordinate": -77.9, "eastBoundingCoordinate": -77.8, "northBoundingCoordinate": 24.8, "southBoundingCoordinate": 24.7}, "sizeMB": 5.03, "format": "Not provided"}, "98258.srl-wv-v1.txt": {"temporal": ["1998-09-15T00:00:00.000Z", "1998-09-15T23:59:59.000Z"], "wnes_geometry": {"westBoundingCoordinate": -77.9, "eastBoundingCoordinate": -77.8, "northBoundingCoordinate": 24.8, "southBoundingCoordinate": 24.7}, "sizeMB": 2.04, "format": "Not provided"}, "98259.srl-wv-v1.txt": {"temporal": ["1998-09-16T00:00:00.000Z", "1998-09-16T23:59:59.000Z"], "wnes_geometry": {"westBoundingCoordinate": -77.9, "eastBoundingCoordinate": -77.8, "northBoundingCoordinate": 24.8, "southBoundingCoordinate": 24.7}, "sizeMB": 2.08, "format": "Not provided"}, "98259.srl-ae-v1.txt": {"temporal": ["1998-09-16T00:00:00.000Z", "1998-09-16T23:59:59.000Z"], "wnes_geometry": {"westBoundingCoordinate": -77.9, "eastBoundingCoordinate": -77.8, "northBoundingCoordinate": 24.8, "southBoundingCoordinate": 24.7}, "sizeMB": 5.15, "format": "Not provided"}, "98260.srl-wv-v1.txt": {"temporal": ["1998-09-17T00:00:00.000Z", "1998-09-17T23:59:59.000Z"], "wnes_geometry": {"westBoundingCoordinate": -77.9, "eastBoundingCoordinate": -77.8, "northBoundingCoordinate": 24.8, "southBoundingCoordinate": 24.7}, "sizeMB": 2.06, "format": "Not provided"}, "98260.srl-ae-v1.txt": {"temporal": ["1998-09-17T00:00:00.000Z", "1998-09-17T23:59:59.000Z"], "wnes_geometry": {"westBoundingCoordinate": -77.9, "eastBoundingCoordinate": -77.8, "northBoundingCoordinate": 24.8, "southBoundingCoordinate": 24.7}, "sizeMB": 5.13, "format": "Not provided"}, "98261.srl-wv-v1.txt": {"temporal": ["1998-09-18T00:00:00.000Z", "1998-09-18T23:59:59.000Z"], "wnes_geometry": {"westBoundingCoordinate": -77.9, "eastBoundingCoordinate": -77.8, "northBoundingCoordinate": 24.8, "southBoundingCoordinate": 24.7}, "sizeMB": 1.86, "format": "Not provided"}, "98261.srl-ae-v1.txt": {"temporal": ["1998-09-18T00:00:00.000Z", "1998-09-18T23:59:59.000Z"], "wnes_geometry": {"westBoundingCoordinate": -77.9, "eastBoundingCoordinate": -77.8, "northBoundingCoordinate": 24.8, "southBoundingCoordinate": 24.7}, "sizeMB": 4.64, "format": "Not provided"}, "98262.srl-wv-v1.txt": {"temporal": ["1998-09-19T00:00:00.000Z", "1998-09-19T23:59:59.000Z"], "wnes_geometry": {"westBoundingCoordinate": -77.9, "eastBoundingCoordinate": -77.8, "northBoundingCoordinate": 24.8, "southBoundingCoordinate": 24.7}, "sizeMB": 2.14, "format": "Not provided"}, "98262.srl-ae-v1.txt": {"temporal": ["1998-09-19T00:00:00.000Z", "1998-09-19T23:59:59.000Z"], "wnes_geometry": {"westBoundingCoordinate": -77.9, "eastBoundingCoordinate": -77.8, "northBoundingCoordinate": 24.8, "southBoundingCoordinate": 24.7}, "sizeMB": 5.4, "format": "Not provided"}, "98263.srl-ae-v1.txt": {"temporal": ["1998-09-20T00:00:00.000Z", "1998-09-20T23:59:59.000Z"], "wnes_geometry": {"westBoundingCoordinate": -77.9, "eastBoundingCoordinate": -77.8, "northBoundingCoordinate": 24.8, "southBoundingCoordinate": 24.7}, "sizeMB": 4.23, "format": "Not provided"}, "98263.srl-wv-v1.txt": {"temporal": ["1998-09-20T00:00:00.000Z", "1998-09-20T23:59:59.000Z"], "wnes_geometry": {"westBoundingCoordinate": -77.9, "eastBoundingCoordinate": -77.8, "northBoundingCoordinate": 24.8, "southBoundingCoordinate": 24.7}, "sizeMB": 1.66, "format": "Not provided"}}