{"dc8capac_1998.227_daily.tar": {"temporal": ["1998-08-15T19:58:00.000Z", "1998-08-15T23:19:00.000Z"], "wnes_geometry": {"westBoundingCoordinate": -82.023, "eastBoundingCoordinate": -78.587, "northBoundingCoordinate": 29.685, "southBoundingCoordinate": 27.953}, "sizeMB": 0.06, "format": "Not provided"}, "dc8capac_1998.232_daily.tar": {"temporal": ["1998-08-20T16:17:00.000Z", "1998-08-20T20:57:00.000Z"], "wnes_geometry": {"westBoundingCoordinate": -81.227, "eastBoundingCoordinate": -78.982, "northBoundingCoordinate": 29.18, "southBoundingCoordinate": 26.71}, "sizeMB": 0.08, "format": "Not provided"}, "dc8capac_1998.233_daily.tar": {"temporal": ["1998-08-21T17:28:00.000Z", "1998-08-22T02:23:00.000Z"], "wnes_geometry": {"westBoundingCoordinate": -82.282, "eastBoundingCoordinate": -62.995, "northBoundingCoordinate": 39.033, "southBoundingCoordinate": 22.995}, "sizeMB": 0.15, "format": "Not provided"}, "dc8capac_1998.235_daily.tar": {"temporal": ["1998-08-23T17:17:00.000Z", "1998-08-24T00:00:00.000Z"], "wnes_geometry": {"westBoundingCoordinate": -80.615, "eastBoundingCoordinate": -68.913, "northBoundingCoordinate": 28.375, "southBoundingCoordinate": 22.822}, "sizeMB": 0.11, "format": "Not provided"}, "dc8capac_1998.236_daily.tar": {"temporal": ["1998-08-24T19:19:00.000Z", "1998-08-25T03:26:00.000Z"], "wnes_geometry": {"westBoundingCoordinate": -80.675, "eastBoundingCoordinate": -70.812, "northBoundingCoordinate": 28.273, "southBoundingCoordinate": 23.91}, "sizeMB": 0.14, "format": "Not provided"}, "dc8capac_1998.238_daily.tar": {"temporal": ["1998-08-26T10:49:00.000Z", "1998-08-26T17:19:00.000Z"], "wnes_geometry": {"westBoundingCoordinate": -80.627, "eastBoundingCoordinate": -72.487, "northBoundingCoordinate": 34.438, "southBoundingCoordinate": 28.16}, "sizeMB": 0.11, "format": "Not provided"}, "dc8capac_1998.241_daily.tar": {"temporal": ["1998-08-29T18:53:00.000Z", "1998-08-30T02:43:14.000Z"], "wnes_geometry": {"westBoundingCoordinate": -80.63, "eastBoundingCoordinate": -67.45, "northBoundingCoordinate": 28.565, "southBoundingCoordinate": 20.062}, "sizeMB": 0.13, "format": "Not provided"}, "dc8capac_1998.242_daily.tar": {"temporal": ["1998-08-30T19:37:00.000Z", "1998-08-31T03:36:00.000Z"], "wnes_geometry": {"westBoundingCoordinate": -80.627, "eastBoundingCoordinate": -69.257, "northBoundingCoordinate": 29.508, "southBoundingCoordinate": 23.135}, "sizeMB": 0.13, "format": "Not provided"}, "dc8capac_1998.245_daily.tar": {"temporal": ["1998-09-02T17:52:00.000Z", "1998-09-02T23:43:00.000Z"], "wnes_geometry": {"westBoundingCoordinate": -86.165, "eastBoundingCoordinate": -80.44, "northBoundingCoordinate": 30.477, "southBoundingCoordinate": 27.475}, "sizeMB": 0.1, "format": "Not provided"}, "dc8capac_1998.248_daily.tar": {"temporal": ["1998-09-05T18:38:00.000Z", "1998-09-05T23:41:00.000Z"], "wnes_geometry": {"westBoundingCoordinate": -82.255, "eastBoundingCoordinate": -78.592, "northBoundingCoordinate": 29.22, "southBoundingCoordinate": 26.212}, "sizeMB": 0.09, "format": "Not provided"}, "dc8capac_1998.256_daily.tar": {"temporal": ["1998-09-13T20:22:00.000Z", "1998-09-14T02:39:00.000Z"], "wnes_geometry": {"westBoundingCoordinate": -80.668, "eastBoundingCoordinate": -77.072, "northBoundingCoordinate": 28.643, "southBoundingCoordinate": 24.1}, "sizeMB": 0.11, "format": "Not provided"}, "dc8capac_1998.257_daily.tar": {"temporal": ["1998-09-14T19:33:00.000Z", "1998-09-15T00:03:00.000Z"], "wnes_geometry": {"westBoundingCoordinate": -83.573, "eastBoundingCoordinate": -79.22, "northBoundingCoordinate": 29.11, "southBoundingCoordinate": 26.893}, "sizeMB": 0.08, "format": "Not provided"}, "dc8capac_1998.258_daily.tar": {"temporal": ["1998-09-15T17:26:00.000Z", "1998-09-15T22:32:00.000Z"], "wnes_geometry": {"westBoundingCoordinate": -82.942, "eastBoundingCoordinate": -79.183, "northBoundingCoordinate": 28.972, "southBoundingCoordinate": 26.315}, "sizeMB": 0.09, "format": "Not provided"}, "dc8capac_1998.260_daily.tar": {"temporal": ["1998-09-17T17:45:00.000Z", "1998-09-17T22:48:00.000Z"], "wnes_geometry": {"westBoundingCoordinate": -84.815, "eastBoundingCoordinate": -80.26, "northBoundingCoordinate": 28.413, "southBoundingCoordinate": 26.153}, "sizeMB": 0.09, "format": "Not provided"}, "dc8capac_1998.264_daily.tar": {"temporal": ["1998-09-21T14:13:00.000Z", "1998-09-21T21:57:00.000Z"], "wnes_geometry": {"westBoundingCoordinate": -80.628, "eastBoundingCoordinate": -62.96, "northBoundingCoordinate": 28.243, "southBoundingCoordinate": 15.547}, "sizeMB": 0.13, "format": "Not provided"}, "dc8capac_1998.265_daily.tar": {"temporal": ["1998-09-22T17:53:00.000Z", "1998-09-23T01:31:00.000Z"], "wnes_geometry": {"westBoundingCoordinate": -80.762, "eastBoundingCoordinate": -67.632, "northBoundingCoordinate": 28.68, "southBoundingCoordinate": 14.045}, "sizeMB": 0.13, "format": "Not provided"}}