{"er2mams_1998.225_daily.tar": {"temporal": ["1998-08-13T19:31:09.000Z", "1998-08-13T23:02:11.000Z"], "wnes_geometry": {"westBoundingCoordinate": -81.115, "eastBoundingCoordinate": -77.306, "northBoundingCoordinate": 28.784, "southBoundingCoordinate": 24.122}, "sizeMB": 217.73, "format": "Not provided"}, "er2mams_1998.227_daily.tar": {"temporal": ["1998-08-15T20:52:46.000Z", "1998-08-15T22:46:36.000Z"], "wnes_geometry": {"westBoundingCoordinate": -82.095, "eastBoundingCoordinate": -80.684, "northBoundingCoordinate": 29.451, "southBoundingCoordinate": 27.899}, "sizeMB": 106.21, "format": "Not provided"}, "er2mams_1998.235_daily.tar": {"temporal": ["1998-08-23T17:55:12.000Z", "1998-08-23T23:32:19.000Z"], "wnes_geometry": {"westBoundingCoordinate": -79.431, "eastBoundingCoordinate": -69.442, "northBoundingCoordinate": 27.887, "southBoundingCoordinate": 23.066}, "sizeMB": 433.08, "format": "Not provided"}, "er2mams_1998.236_daily.tar": {"temporal": ["1998-08-24T20:03:44.000Z", "1998-08-25T00:21:56.000Z"], "wnes_geometry": {"westBoundingCoordinate": -77.962, "eastBoundingCoordinate": -70.717, "northBoundingCoordinate": 27.971, "southBoundingCoordinate": 24.575}, "sizeMB": 359.81, "format": "Not provided"}, "er2mams_1998.237_daily.tar": {"temporal": ["1998-08-25T00:25:59.000Z", "1998-08-25T02:29:07.000Z"], "wnes_geometry": {"westBoundingCoordinate": -78.183, "eastBoundingCoordinate": -71.147, "northBoundingCoordinate": 28.021, "southBoundingCoordinate": 23.787}, "sizeMB": 150.95, "format": "Not provided"}, "er2mams_1998.238_daily.tar": {"temporal": ["1998-08-26T11:31:25.000Z", "1998-08-26T17:39:36.000Z"], "wnes_geometry": {"westBoundingCoordinate": -81.124, "eastBoundingCoordinate": -75.742, "northBoundingCoordinate": 34.633, "southBoundingCoordinate": 30.731}, "sizeMB": 416.18, "format": "Not provided"}, "er2mams_1998.242_daily.tar": {"temporal": ["1998-08-30T20:22:07.000Z", "1998-08-30T22:58:14.000Z"], "wnes_geometry": {"westBoundingCoordinate": -78.845, "eastBoundingCoordinate": -71.952, "northBoundingCoordinate": 29.478, "southBoundingCoordinate": 26.115}, "sizeMB": 211.29, "format": "Not provided"}, "er2mams_1998.245_daily.tar": {"temporal": ["1998-09-02T18:56:08.000Z", "1998-09-02T23:14:17.000Z"], "wnes_geometry": {"westBoundingCoordinate": -86.101, "eastBoundingCoordinate": -82.568, "northBoundingCoordinate": 30.444, "southBoundingCoordinate": 27.65}, "sizeMB": 256.16, "format": "Not provided"}, "er2mams_1998.256_daily.tar": {"temporal": ["1998-09-13T23:26:41.000Z", "1998-09-14T00:06:32.000Z"], "wnes_geometry": {"westBoundingCoordinate": -79.128, "eastBoundingCoordinate": -76.998, "northBoundingCoordinate": 26.719, "southBoundingCoordinate": 24.164}, "sizeMB": 44.6, "format": "Not provided"}, "er2mams_1998.257_daily.tar": {"temporal": ["1998-09-14T00:10:21.000Z", "1998-09-14T02:16:11.000Z"], "wnes_geometry": {"westBoundingCoordinate": -79.83, "eastBoundingCoordinate": -76.974, "northBoundingCoordinate": 26.406, "southBoundingCoordinate": 24.159}, "sizeMB": 117.43, "format": "Not provided"}, "er2mams_1998.264_daily.tar": {"temporal": ["1998-09-21T14:53:40.000Z", "1998-09-21T21:33:32.000Z"], "wnes_geometry": {"westBoundingCoordinate": -79.454, "eastBoundingCoordinate": -63.119, "northBoundingCoordinate": 27.119, "southBoundingCoordinate": 15.634}, "sizeMB": 574.43, "format": "Not provided"}, "er2mams_1998.265_daily.tar": {"temporal": ["1998-09-22T18:33:27.000Z", "1998-09-23T00:03:41.000Z"], "wnes_geometry": {"westBoundingCoordinate": -78.89, "eastBoundingCoordinate": -68.936, "northBoundingCoordinate": 26.342, "southBoundingCoordinate": 13.871}, "sizeMB": 428.15, "format": "Not provided"}, "er2mams_1998.266_daily.tar": {"temporal": ["1998-09-23T00:04:25.000Z", "1998-09-23T01:31:39.000Z"], "wnes_geometry": {"westBoundingCoordinate": -78.659, "eastBoundingCoordinate": -70.21, "northBoundingCoordinate": 26.862, "southBoundingCoordinate": 20.071}, "sizeMB": 121.81, "format": "Not provided"}, "er2mams_1998.268_daily.tar": {"temporal": ["1998-09-25T12:58:40.000Z", "1998-09-25T20:03:26.000Z"], "wnes_geometry": {"westBoundingCoordinate": -83.27, "eastBoundingCoordinate": -79.294, "northBoundingCoordinate": 30.398, "southBoundingCoordinate": 24.209}, "sizeMB": 516.65, "format": "Not provided"}, "er2mams_1998.270_daily.tar": {"temporal": ["1998-09-27T15:03:00.000Z", "1998-09-27T20:23:30.000Z"], "wnes_geometry": {"westBoundingCoordinate": -89.852, "eastBoundingCoordinate": -84.852, "northBoundingCoordinate": 30.523, "southBoundingCoordinate": 25.985}, "sizeMB": 454.62, "format": "Not provided"}}