{"goesr_plt_lip_20170321.txt": {"temporal": ["2017-03-21T18:30:00.000Z", "2017-03-22T01:23:14.000Z"], "wnes_geometry": {"westBoundingCoordinate": -124.625, "eastBoundingCoordinate": -117.842, "northBoundingCoordinate": 38.96, "southBoundingCoordinate": 33.409}, "sizeMB": 25.15, "format": "Not provided"}, "goesr_plt_lip_20170323.txt": {"temporal": ["2017-03-23T17:07:00.000Z", "2017-03-24T00:25:04.000Z"], "wnes_geometry": {"westBoundingCoordinate": -118.464, "eastBoundingCoordinate": -113.367, "northBoundingCoordinate": 36.019, "southBoundingCoordinate": 31.28}, "sizeMB": 23.68, "format": "Not provided"}, "goesr_plt_lip_20170328.txt": {"temporal": ["2017-03-28T13:24:00.000Z", "2017-03-28T23:59:56.000Z"], "wnes_geometry": {"westBoundingCoordinate": -118.21, "eastBoundingCoordinate": -113.468, "northBoundingCoordinate": 36.625, "southBoundingCoordinate": 31.28}, "sizeMB": 26.41, "format": "Not provided"}, "goesr_plt_lip_20170411.txt": {"temporal": ["2017-04-11T15:49:00.000Z", "2017-04-11T20:54:18.000Z"], "wnes_geometry": {"westBoundingCoordinate": -118.198, "eastBoundingCoordinate": -83.553, "northBoundingCoordinate": 36.597, "southBoundingCoordinate": 32.539}, "sizeMB": 17.08, "format": "Not provided"}, "goesr_plt_lip_20170413.txt": {"temporal": ["2017-04-13T05:04:00.000Z", "2017-04-13T09:20:34.000Z"], "wnes_geometry": {"westBoundingCoordinate": -87.434, "eastBoundingCoordinate": -83.394, "northBoundingCoordinate": 32.646, "southBoundingCoordinate": 26.449}, "sizeMB": 15.34, "format": "Not provided"}, "goesr_plt_lip_20170416.txt": {"temporal": ["2017-04-16T06:18:00.000Z", "2017-04-16T14:18:35.000Z"], "wnes_geometry": {"westBoundingCoordinate": -98.196, "eastBoundingCoordinate": -83.539, "northBoundingCoordinate": 37.868, "southBoundingCoordinate": 32.502}, "sizeMB": 28.89, "format": "Not provided"}, "goesr_plt_lip_20170418.txt": {"temporal": ["2017-04-18T10:34:00.000Z", "2017-04-18T23:59:56.000Z"], "wnes_geometry": {"westBoundingCoordinate": -87.642, "eastBoundingCoordinate": -83.068, "northBoundingCoordinate": 36.5, "southBoundingCoordinate": 32.386}, "sizeMB": 25.79, "format": "Not provided"}, "goesr_plt_lip_20170420.txt": {"temporal": ["2017-04-20T17:35:00.000Z", "2017-04-21T04:44:55.000Z"], "wnes_geometry": {"westBoundingCoordinate": -83.778, "eastBoundingCoordinate": -76.216, "northBoundingCoordinate": 43.573, "southBoundingCoordinate": 32.535}, "sizeMB": 26.56, "format": "Not provided"}, "goesr_plt_lip_20170422.txt": {"temporal": ["2017-04-22T15:17:00.000Z", "2017-04-23T17:27:17.000Z"], "wnes_geometry": {"westBoundingCoordinate": -88.31, "eastBoundingCoordinate": -83.502, "northBoundingCoordinate": 35.589, "southBoundingCoordinate": 32.236}, "sizeMB": 24.14, "format": "Not provided"}, "goesr_plt_lip_20170429.txt": {"temporal": ["2017-04-29T02:46:00.000Z", "2017-04-29T12:03:52.000Z"], "wnes_geometry": {"westBoundingCoordinate": -100.036, "eastBoundingCoordinate": -83.561, "northBoundingCoordinate": 36.483, "southBoundingCoordinate": 32.326}, "sizeMB": 29.75, "format": "Not provided"}, "goesr_plt_lip_20170507.txt": {"temporal": ["2017-05-07T11:43:00.000Z", "2017-05-07T19:53:51.000Z"], "wnes_geometry": {"westBoundingCoordinate": -84.598, "eastBoundingCoordinate": -77.758, "northBoundingCoordinate": 32.648, "southBoundingCoordinate": 27.59}, "sizeMB": 21.12, "format": "Not provided"}, "goesr_plt_lip_20170508.txt": {"temporal": ["2017-05-08T15:42:00.000Z", "2017-05-09T19:40:51.000Z"], "wnes_geometry": {"westBoundingCoordinate": -104.983, "eastBoundingCoordinate": -83.431, "northBoundingCoordinate": 41.061, "southBoundingCoordinate": 32.403}, "sizeMB": 33.3, "format": "Not provided"}, "goesr_plt_lip_20170512.txt": {"temporal": ["2017-05-12T09:38:00.000Z", "2017-05-12T20:57:13.000Z"], "wnes_geometry": {"westBoundingCoordinate": -92.252, "eastBoundingCoordinate": -83.478, "northBoundingCoordinate": 32.709, "southBoundingCoordinate": 28.536}, "sizeMB": 28.71, "format": "Not provided"}, "goesr_plt_lip_20170514.txt": {"temporal": ["2017-05-14T10:57:00.000Z", "2017-05-14T19:11:39.000Z"], "wnes_geometry": {"westBoundingCoordinate": -83.657, "eastBoundingCoordinate": -72.202, "northBoundingCoordinate": 32.673, "southBoundingCoordinate": 27.61}, "sizeMB": 29.5, "format": "Not provided"}, "goesr_plt_lip_20170517.txt": {"temporal": ["2017-05-17T01:41:00.000Z", "2017-05-17T09:58:57.000Z"], "wnes_geometry": {"westBoundingCoordinate": -118.073, "eastBoundingCoordinate": -83.547, "northBoundingCoordinate": 36.01, "southBoundingCoordinate": 32.255}, "sizeMB": 29.11, "format": "Not provided"}}