{"goesr_plt_SHIS_20170321_183218_20170322_013232_sdr20170330T190747_rad.nc": {"temporal": ["2017-03-21T19:02:57.000Z", "2017-03-22T00:42:07.000Z"], "wnes_geometry": {"westBoundingCoordinate": -125.016, "eastBoundingCoordinate": -117.432, "northBoundingCoordinate": 39.313, "southBoundingCoordinate": 33.09}, "sizeMB": 367.48, "format": "Not provided"}, "goesr_plt_SHIS_20170323_170847_20170323_233859_sdr20170330T200217_rad.nc": {"temporal": ["2017-03-23T17:35:56.000Z", "2017-03-23T22:33:15.000Z"], "wnes_geometry": {"westBoundingCoordinate": -118.827, "eastBoundingCoordinate": -112.978, "northBoundingCoordinate": 36.377, "southBoundingCoordinate": 30.796}, "sizeMB": 319.31, "format": "Not provided"}, "goesr_plt_SHIS_20170328_161512_20170328_231525_sdr20170330T213744_rad.nc": {"temporal": ["2017-03-28T16:40:38.000Z", "2017-03-28T22:33:11.000Z"], "wnes_geometry": {"westBoundingCoordinate": -118.268, "eastBoundingCoordinate": -112.44, "northBoundingCoordinate": 36.996, "southBoundingCoordinate": 30.845}, "sizeMB": 365.59, "format": "Not provided"}, "goesr_plt_SHIS_20170406_161821_20170406_201828_sdr20170411T235440_rad.nc": {"temporal": ["2017-04-06T16:49:00.000Z", "2017-04-06T19:56:44.000Z"], "wnes_geometry": {"westBoundingCoordinate": -119.68, "eastBoundingCoordinate": -114.752, "northBoundingCoordinate": 39.121, "southBoundingCoordinate": 34.733}, "sizeMB": 144.89, "format": "Not provided"}, "goesr_plt_SHIS_20170411_161346_20170411_220220_sdr20170411T224336_rad.nc": {"temporal": ["2017-04-11T16:22:39.000Z", "2017-04-11T20:11:25.000Z"], "wnes_geometry": {"westBoundingCoordinate": -118.07, "eastBoundingCoordinate": -86.522, "northBoundingCoordinate": 36.789, "southBoundingCoordinate": 33.379}, "sizeMB": 282.16, "format": "Not provided"}, "goesr_plt_SHIS_20170413_051321_20170413_094329_sdr20170414T150929_rad.nc": {"temporal": ["2017-04-13T05:39:53.000Z", "2017-04-13T08:40:03.000Z"], "wnes_geometry": {"westBoundingCoordinate": -87.784, "eastBoundingCoordinate": -83.644, "northBoundingCoordinate": 31.523, "southBoundingCoordinate": 26.113}, "sizeMB": 211.95, "format": "Not provided"}, "goesr_plt_SHIS_20170416_062011_20170416_142030_sdr20170416T152847_rad.nc": {"temporal": ["2017-04-16T06:50:50.000Z", "2017-04-16T13:40:11.000Z"], "wnes_geometry": {"westBoundingCoordinate": -98.63, "eastBoundingCoordinate": -85.177, "northBoundingCoordinate": 38.22, "southBoundingCoordinate": 32.724}, "sizeMB": 472.32, "format": "Not provided"}, "goesr_plt_SHIS_20170418_164438_20170418_231450_sdr20170419T003345_rad.nc": {"temporal": ["2017-04-18T17:13:13.000Z", "2017-04-18T22:52:08.000Z"], "wnes_geometry": {"westBoundingCoordinate": -87.979, "eastBoundingCoordinate": -82.621, "northBoundingCoordinate": 36.886, "southBoundingCoordinate": 32.484}, "sizeMB": 365.59, "format": "Not provided"}, "goesr_plt_SHIS_20170420_212421_20170421_045435_sdr20170421T113515_rad.nc": {"temporal": ["2017-04-20T21:54:59.000Z", "2017-04-21T04:02:11.000Z"], "wnes_geometry": {"westBoundingCoordinate": -83.376, "eastBoundingCoordinate": -75.524, "northBoundingCoordinate": 43.925, "southBoundingCoordinate": 33.425}, "sizeMB": 433.28, "format": "Not provided"}, "goesr_plt_SHIS_20170422_191939_20170423_011952_sdr20170423T024422_rad.nc": {"temporal": ["2017-04-22T19:50:18.000Z", "2017-04-23T00:39:13.000Z"], "wnes_geometry": {"westBoundingCoordinate": -88.835, "eastBoundingCoordinate": -84.336, "northBoundingCoordinate": 36.032, "southBoundingCoordinate": 32.343}, "sizeMB": 325.61, "format": "Not provided"}, "goesr_plt_SHIS_20170429_025011_20170429_112029_sdr20170429T134728_rad.nc": {"temporal": ["2017-04-29T03:18:32.000Z", "2017-04-29T10:16:10.000Z"], "wnes_geometry": {"westBoundingCoordinate": -100.483, "eastBoundingCoordinate": -84.385, "northBoundingCoordinate": 36.876, "southBoundingCoordinate": 32.423}, "sizeMB": 490.27, "format": "Not provided"}, "goesr_plt_SHIS_20170507_141341_20170507_201352_sdr20170508T183251_rad.nc": {"temporal": ["2017-05-07T14:42:39.000Z", "2017-05-07T18:55:08.000Z"], "wnes_geometry": {"westBoundingCoordinate": -84.954, "eastBoundingCoordinate": -77.38, "northBoundingCoordinate": 31.735, "southBoundingCoordinate": 27.289}, "sizeMB": 290.66, "format": "Not provided"}, "goesr_plt_SHIS_20170508_184306_20170509_041324_sdr20170509T153458_rad.nc": {"temporal": ["2017-05-08T19:15:14.000Z", "2017-05-09T03:11:04.000Z"], "wnes_geometry": {"westBoundingCoordinate": -105.531, "eastBoundingCoordinate": -84.684, "northBoundingCoordinate": 41.507, "southBoundingCoordinate": 32.828}, "sizeMB": 566.15, "format": "Not provided"}, "goesr_plt_SHIS_20170512_125404_20170512_215428_sdr20170513T010959_rad.nc": {"temporal": ["2017-05-12T13:27:40.000Z", "2017-05-12T20:21:16.000Z"], "wnes_geometry": {"westBoundingCoordinate": -92.684, "eastBoundingCoordinate": -84.059, "northBoundingCoordinate": 32.841, "southBoundingCoordinate": 28.179}, "sizeMB": 477.05, "format": "Not provided"}, "goesr_plt_SHIS_20170514_110554_20170514_200631_sdr20170514T202315_rad.nc": {"temporal": ["2017-05-14T11:37:32.000Z", "2017-05-14T18:31:08.000Z"], "wnes_geometry": {"westBoundingCoordinate": -83.156, "eastBoundingCoordinate": -71.862, "northBoundingCoordinate": 31.674, "southBoundingCoordinate": 27.238}, "sizeMB": 472.01, "format": "Not provided"}, "goesr_plt_SHIS_20170517_022014_20170517_102029_sdr20170829T223125_rad.nc": {"temporal": ["2017-05-17T02:20:52.000Z", "2017-05-17T09:10:49.000Z"], "wnes_geometry": {"westBoundingCoordinate": -115.373, "eastBoundingCoordinate": -84.57, "northBoundingCoordinate": 36.37, "southBoundingCoordinate": 32.406}, "sizeMB": 476.42, "format": "Not provided"}}