{"goesrplt_GCAS_20170321_184825.h5": {"temporal": ["2017-03-21T18:48:57.000Z", "2017-03-22T00:00:23.000Z"], "wnes_geometry": {"westBoundingCoordinate": -124.838, "eastBoundingCoordinate": -117.759, "northBoundingCoordinate": 39.007, "southBoundingCoordinate": 33.236}, "sizeMB": 5658.24, "format": "HDF5"}, "goesrplt_GCAS_20170420_214619.h5": {"temporal": ["2017-04-20T21:46:33.000Z", "2017-04-21T04:22:28.000Z"], "wnes_geometry": {"westBoundingCoordinate": -83.453, "eastBoundingCoordinate": -76.07, "northBoundingCoordinate": 43.649, "southBoundingCoordinate": 32.821}, "sizeMB": 2507.09, "format": "HDF5"}, "goesrplt_GCAS_20170422_193427.h5": {"temporal": ["2017-04-22T19:34:42.000Z", "2017-04-23T01:00:33.000Z"], "wnes_geometry": {"westBoundingCoordinate": -88.413, "eastBoundingCoordinate": -83.475, "northBoundingCoordinate": 35.679, "southBoundingCoordinate": 32.199}, "sizeMB": 2560.5, "format": "HDF5"}, "goesrplt_GCAS_20170508_190456.h5": {"temporal": ["2017-05-08T19:05:12.000Z", "2017-05-09T03:31:02.000Z"], "wnes_geometry": {"westBoundingCoordinate": -105.071, "eastBoundingCoordinate": -83.971, "northBoundingCoordinate": 41.147, "southBoundingCoordinate": 32.714}, "sizeMB": 3336.33, "format": "HDF5"}, "goesrplt_GCAS_20170512_131706.h5": {"temporal": ["2017-05-12T13:17:16.000Z", "2017-05-12T20:44:40.000Z"], "wnes_geometry": {"westBoundingCoordinate": -92.401, "eastBoundingCoordinate": -83.405, "northBoundingCoordinate": 32.863, "southBoundingCoordinate": 28.408}, "sizeMB": 5082.4, "format": "HDF5"}, "goesrplt_GCAS_20170514_112654.h5": {"temporal": ["2017-05-14T11:27:09.000Z", "2017-05-14T18:57:21.000Z"], "wnes_geometry": {"westBoundingCoordinate": -83.547, "eastBoundingCoordinate": -72.14, "northBoundingCoordinate": 32.331, "southBoundingCoordinate": 27.478}, "sizeMB": 4846.45, "format": "HDF5"}}