{"goesrplt_surfref_ivanpah_20170323_ASD_aviris-ng_results.xlsx": {"temporal": ["2017-03-23T21:00:13.000Z", "2017-03-23T22:19:00.000Z"], "wnes_geometry": {"westBoundingCoordinate": -115.416, "eastBoundingCoordinate": -115.396, "northBoundingCoordinate": 35.615, "southBoundingCoordinate": 35.595}, "sizeMB": 0.26, "format": "Not Provided"}, "goesrplt_surfref_ivanpah_20170328_ASR.aux": {"temporal": ["2017-03-28T13:49:30.000Z", "2017-03-28T23:59:01.000Z"], "wnes_geometry": {"westBoundingCoordinate": -115.416, "eastBoundingCoordinate": -115.396, "northBoundingCoordinate": 35.615, "southBoundingCoordinate": 35.595}, "sizeMB": 0, "format": "ASCII"}, "goesrplt_surfref_ivanpah_20170328_ASR_Analysis.xlsx": {"temporal": ["2017-03-28T13:49:30.000Z", "2017-03-28T23:59:01.000Z"], "wnes_geometry": {"westBoundingCoordinate": -115.416, "eastBoundingCoordinate": -115.396, "northBoundingCoordinate": 35.615, "southBoundingCoordinate": 35.595}, "sizeMB": 0.38, "format": "Not Provided"}, "goesrplt_surfref_ivanpah_20170328_ASR.cal": {"temporal": ["2017-03-28T13:49:30.000Z", "2017-03-28T23:59:01.000Z"], "wnes_geometry": {"westBoundingCoordinate": -115.416, "eastBoundingCoordinate": -115.396, "northBoundingCoordinate": 35.615, "southBoundingCoordinate": 35.595}, "sizeMB": 0, "format": "ASCII"}, "goesrplt_surfref_ivanpah_20170328_ASD_Refls.xlsx": {"temporal": ["2017-03-28T17:06:00.000Z", "2017-03-28T22:07:00.000Z"], "wnes_geometry": {"westBoundingCoordinate": -115.416, "eastBoundingCoordinate": -115.396, "northBoundingCoordinate": 35.615, "southBoundingCoordinate": 35.595}, "sizeMB": 0.46, "format": "Not Provided"}}