{"hymex_2dvd_sn36_20120912_italy_N415337.3_E122937.8.tar": {"temporal": ["2012-09-12T16:39:39.000Z", "2012-09-13T23:16:00.000Z"], "wnes_geometry": {"westBoundingCoordinate": 12.494, "eastBoundingCoordinate": 12.494, "northBoundingCoordinate": 41.894, "southBoundingCoordinate": 41.894}, "sizeMB": 0.1, "format": "Not provided"}, "hymex_2dvd_sn36_italy_N415337.3_E122937.8_rainEvents.txt": {"temporal": ["2012-09-12T23:04:00.000Z", "2012-11-12T03:00:00.000Z"], "wnes_geometry": {"westBoundingCoordinate": 12.494, "eastBoundingCoordinate": 12.494, "northBoundingCoordinate": 41.894, "southBoundingCoordinate": 41.894}, "sizeMB": 0, "format": "Not provided"}, "hymex_2dvd_sn36_20120913_italy_N415337.3_E122937.8.tar": {"temporal": ["2012-09-13T01:04:09.000Z", "2012-09-14T16:30:00.000Z"], "wnes_geometry": {"westBoundingCoordinate": 12.494, "eastBoundingCoordinate": 12.494, "northBoundingCoordinate": 41.894, "southBoundingCoordinate": 41.894}, "sizeMB": 28.17, "format": "Not provided"}, "hymex_2dvd_sn36_20120914_italy_N415337.3_E122937.8.tar": {"temporal": ["2012-09-14T01:18:09.000Z", "2012-09-15T17:24:00.000Z"], "wnes_geometry": {"westBoundingCoordinate": 12.494, "eastBoundingCoordinate": 12.494, "northBoundingCoordinate": 41.894, "southBoundingCoordinate": 41.894}, "sizeMB": 17.79, "format": "Not provided"}, "hymex_2dvd_sn36_20120915_italy_N415337.3_E122937.8.tar": {"temporal": ["2012-09-15T10:33:19.000Z", "2012-09-15T15:39:33.000Z"], "wnes_geometry": {"westBoundingCoordinate": 12.494, "eastBoundingCoordinate": 12.494, "northBoundingCoordinate": 41.894, "southBoundingCoordinate": 41.894}, "sizeMB": 0.01, "format": "Not provided"}, "hymex_2dvd_sn36_20120916_italy_N415337.3_E122937.8.tar": {"temporal": ["2012-09-16T13:40:54.000Z", "2012-09-16T22:40:33.000Z"], "wnes_geometry": {"westBoundingCoordinate": 12.494, "eastBoundingCoordinate": 12.494, "northBoundingCoordinate": 41.894, "southBoundingCoordinate": 41.894}, "sizeMB": 0.01, "format": "Not provided"}, "hymex_2dvd_sn36_20120917_italy_N415337.3_E122937.8.tar": {"temporal": ["2012-09-17T00:00:00.000Z", "2012-09-17T23:59:59.000Z"], "wnes_geometry": {"westBoundingCoordinate": 12.494, "eastBoundingCoordinate": 12.494, "northBoundingCoordinate": 41.894, "southBoundingCoordinate": 41.894}, "sizeMB": 0.01, "format": "Not provided"}, "hymex_2dvd_sn36_20120918_italy_N415337.3_E122937.8.tar": {"temporal": ["2012-09-18T10:45:26.000Z", "2012-09-18T10:45:26.000Z"], "wnes_geometry": {"westBoundingCoordinate": 12.494, "eastBoundingCoordinate": 12.494, "northBoundingCoordinate": 41.894, "southBoundingCoordinate": 41.894}, "sizeMB": 0.01, "format": "Not provided"}, "hymex_2dvd_sn36_20120919_italy_N415337.3_E122937.8.tar": {"temporal": ["2012-09-19T02:50:22.000Z", "2012-09-20T20:37:00.000Z"], "wnes_geometry": {"westBoundingCoordinate": 12.494, "eastBoundingCoordinate": 12.494, "northBoundingCoordinate": 41.894, "southBoundingCoordinate": 41.894}, "sizeMB": 10.2, "format": "Not provided"}, "hymex_2dvd_sn36_20120920_italy_N415337.3_E122937.8.tar": {"temporal": ["2012-09-20T00:03:29.000Z", "2012-09-20T00:42:47.000Z"], "wnes_geometry": {"westBoundingCoordinate": 12.494, "eastBoundingCoordinate": 12.494, "northBoundingCoordinate": 41.894, "southBoundingCoordinate": 41.894}, "sizeMB": 0.01, "format": "Not provided"}, "hymex_2dvd_sn36_20120921_italy_N415337.3_E122937.8.tar": {"temporal": ["2012-09-21T14:25:03.000Z", "2012-09-21T14:25:03.000Z"], "wnes_geometry": {"westBoundingCoordinate": 12.494, "eastBoundingCoordinate": 12.494, "northBoundingCoordinate": 41.894, "southBoundingCoordinate": 41.894}, "sizeMB": 0.01, "format": "Not provided"}, "hymex_2dvd_sn36_20120922_italy_N415337.3_E122937.8.tar": {"temporal": ["2012-09-22T11:47:07.000Z", "2012-09-22T22:27:09.000Z"], "wnes_geometry": {"westBoundingCoordinate": 12.494, "eastBoundingCoordinate": 12.494, "northBoundingCoordinate": 41.894, "southBoundingCoordinate": 41.894}, "sizeMB": 0.01, "format": "Not provided"}, "hymex_2dvd_sn36_20120923_italy_N415337.3_E122937.8.tar": {"temporal": ["2012-09-23T13:45:53.000Z", "2012-09-23T13:50:02.000Z"], "wnes_geometry": {"westBoundingCoordinate": 12.494, "eastBoundingCoordinate": 12.494, "northBoundingCoordinate": 41.894, "southBoundingCoordinate": 41.894}, "sizeMB": 0.01, "format": "Not provided"}, "hymex_2dvd_sn36_20120924_italy_N415337.3_E122937.8.tar": {"temporal": ["2012-09-24T02:01:16.000Z", "2012-09-24T14:04:55.000Z"], "wnes_geometry": {"westBoundingCoordinate": 12.494, "eastBoundingCoordinate": 12.494, "northBoundingCoordinate": 41.894, "southBoundingCoordinate": 41.894}, "sizeMB": 0.01, "format": "Not provided"}, "hymex_2dvd_sn36_20120925_italy_N415337.3_E122937.8.tar": {"temporal": ["2012-09-25T16:54:45.000Z", "2012-09-26T23:12:00.000Z"], "wnes_geometry": {"westBoundingCoordinate": 12.494, "eastBoundingCoordinate": 12.494, "northBoundingCoordinate": 41.894, "southBoundingCoordinate": 41.894}, "sizeMB": 0.08, "format": "Not provided"}, "hymex_2dvd_sn36_20120926_italy_N415337.3_E122937.8.tar": {"temporal": ["2012-09-26T05:38:55.000Z", "2012-09-27T13:05:00.000Z"], "wnes_geometry": {"westBoundingCoordinate": 12.494, "eastBoundingCoordinate": 12.494, "northBoundingCoordinate": 41.894, "southBoundingCoordinate": 41.894}, "sizeMB": 0.73, "format": "Not provided"}, "hymex_2dvd_sn36_20120927_italy_N415337.3_E122937.8.tar": {"temporal": ["2012-09-27T00:00:00.000Z", "2012-09-27T23:59:59.000Z"], "wnes_geometry": {"westBoundingCoordinate": 12.494, "eastBoundingCoordinate": 12.494, "northBoundingCoordinate": 41.894, "southBoundingCoordinate": 41.894}, "sizeMB": 0.01, "format": "Not provided"}, "hymex_2dvd_sn36_20120928_italy_N415337.3_E122937.8.tar": {"temporal": ["2012-09-28T08:00:18.000Z", "2012-09-29T10:23:00.000Z"], "wnes_geometry": {"westBoundingCoordinate": 12.494, "eastBoundingCoordinate": 12.494, "northBoundingCoordinate": 41.894, "southBoundingCoordinate": 41.894}, "sizeMB": 0.74, "format": "Not provided"}, "hymex_2dvd_sn36_20120929_italy_N415337.3_E122937.8.tar": {"temporal": ["2012-09-29T12:35:30.000Z", "2012-09-30T23:53:00.000Z"], "wnes_geometry": {"westBoundingCoordinate": 12.494, "eastBoundingCoordinate": 12.494, "northBoundingCoordinate": 41.894, "southBoundingCoordinate": 41.894}, "sizeMB": 0.05, "format": "Not provided"}, "hymex_2dvd_sn35_20120930_france_N440813.8_E040551.3.tar": {"temporal": ["2012-09-30T00:00:00.000Z", "2012-09-30T23:59:59.000Z"], "wnes_geometry": {"westBoundingCoordinate": 4.098, "eastBoundingCoordinate": 4.098, "northBoundingCoordinate": 44.137, "southBoundingCoordinate": 44.137}, "sizeMB": 0.01, "format": "Not provided"}, "hymex_2dvd_sn36_20120930_italy_N415337.3_E122937.8.tar": {"temporal": ["2012-09-30T00:00:51.000Z", "2012-10-01T19:07:00.000Z"], "wnes_geometry": {"westBoundingCoordinate": 12.494, "eastBoundingCoordinate": 12.494, "northBoundingCoordinate": 41.894, "southBoundingCoordinate": 41.894}, "sizeMB": 16.84, "format": "Not provided"}, "hymex_2dvd_sn35_20121001_france_N440813.8_E040551.3.tar": {"temporal": ["2012-10-01T00:00:00.000Z", "2012-10-01T23:59:59.000Z"], "wnes_geometry": {"westBoundingCoordinate": 4.098, "eastBoundingCoordinate": 4.098, "northBoundingCoordinate": 44.137, "southBoundingCoordinate": 44.137}, "sizeMB": 0.01, "format": "Not provided"}, "hymex_2dvd_sn36_20121001_italy_N415337.3_E122937.8.tar": {"temporal": ["2012-10-01T13:11:19.000Z", "2012-10-02T23:53:00.000Z"], "wnes_geometry": {"westBoundingCoordinate": 12.494, "eastBoundingCoordinate": 12.494, "northBoundingCoordinate": 41.894, "southBoundingCoordinate": 41.894}, "sizeMB": 0.08, "format": "Not provided"}, "hymex_2dvd_sn36_20121002_italy_N415337.3_E122937.8.tar": {"temporal": ["2012-10-02T00:05:42.000Z", "2012-10-03T13:52:00.000Z"], "wnes_geometry": {"westBoundingCoordinate": 12.494, "eastBoundingCoordinate": 12.494, "northBoundingCoordinate": 41.894, "southBoundingCoordinate": 41.894}, "sizeMB": 0.5, "format": "Not provided"}, "hymex_2dvd_sn35_20121002_france_N440813.8_E040551.3.tar": {"temporal": ["2012-10-02T13:12:32.000Z", "2012-10-02T13:13:08.000Z"], "wnes_geometry": {"westBoundingCoordinate": 4.098, "eastBoundingCoordinate": 4.098, "northBoundingCoordinate": 44.137, "southBoundingCoordinate": 44.137}, "sizeMB": 0.01, "format": "Not provided"}, "hymex_2dvd_sn35_20121003_france_N440813.8_E040551.3.tar": {"temporal": ["2012-10-03T00:00:00.000Z", "2012-10-03T23:59:59.000Z"], "wnes_geometry": {"westBoundingCoordinate": 4.098, "eastBoundingCoordinate": 4.098, "northBoundingCoordinate": 44.137, "southBoundingCoordinate": 44.137}, "sizeMB": 0.01, "format": "Not provided"}, "hymex_2dvd_sn36_20121003_italy_N415337.3_E122937.8.tar": {"temporal": ["2012-10-03T04:42:48.000Z", "2012-10-03T04:43:00.000Z"], "wnes_geometry": {"westBoundingCoordinate": 12.494, "eastBoundingCoordinate": 12.494, "northBoundingCoordinate": 41.894, "southBoundingCoordinate": 41.894}, "sizeMB": 0.01, "format": "Not provided"}, "hymex_2dvd_sn36_20121004_italy_N415337.3_E122937.8.tar": {"temporal": ["2012-10-04T05:53:57.000Z", "2012-10-04T05:53:57.000Z"], "wnes_geometry": {"westBoundingCoordinate": 12.494, "eastBoundingCoordinate": 12.494, "northBoundingCoordinate": 41.894, "southBoundingCoordinate": 41.894}, "sizeMB": 0.01, "format": "Not provided"}, "hymex_2dvd_sn36_20121005_italy_N415337.3_E122937.8.tar": {"temporal": ["2012-10-05T14:27:45.000Z", "2012-10-05T14:27:45.000Z"], "wnes_geometry": {"westBoundingCoordinate": 12.494, "eastBoundingCoordinate": 12.494, "northBoundingCoordinate": 41.894, "southBoundingCoordinate": 41.894}, "sizeMB": 0.01, "format": "Not provided"}, "hymex_2dvd_sn36_20121006_italy_N415337.3_E122937.8.tar": {"temporal": ["2012-10-06T05:35:22.000Z", "2012-10-06T05:35:22.000Z"], "wnes_geometry": {"westBoundingCoordinate": 12.494, "eastBoundingCoordinate": 12.494, "northBoundingCoordinate": 41.894, "southBoundingCoordinate": 41.894}, "sizeMB": 0.01, "format": "Not provided"}, "hymex_2dvd_sn36_20121007_italy_N415337.3_E122937.8.tar": {"temporal": ["2012-10-07T20:57:38.000Z", "2012-10-07T20:57:38.000Z"], "wnes_geometry": {"westBoundingCoordinate": 12.494, "eastBoundingCoordinate": 12.494, "northBoundingCoordinate": 41.894, "southBoundingCoordinate": 41.894}, "sizeMB": 0.01, "format": "Not provided"}, "hymex_2dvd_sn36_20121008_italy_N415337.3_E122937.8.tar": {"temporal": ["2012-10-08T12:24:16.000Z", "2012-10-08T13:08:39.000Z"], "wnes_geometry": {"westBoundingCoordinate": 12.494, "eastBoundingCoordinate": 12.494, "northBoundingCoordinate": 41.894, "southBoundingCoordinate": 41.894}, "sizeMB": 0.01, "format": "Not provided"}, "hymex_2dvd_sn36_20121009_italy_N415337.3_E122937.8.tar": {"temporal": ["2012-10-09T06:00:23.000Z", "2012-10-10T13:05:00.000Z"], "wnes_geometry": {"westBoundingCoordinate": 12.494, "eastBoundingCoordinate": 12.494, "northBoundingCoordinate": 41.894, "southBoundingCoordinate": 41.894}, "sizeMB": 0.2, "format": "Not provided"}, "hymex_2dvd_sn36_20121010_italy_N415337.3_E122937.8.tar": {"temporal": ["2012-10-10T11:06:48.000Z", "2012-10-10T17:54:49.000Z"], "wnes_geometry": {"westBoundingCoordinate": 12.494, "eastBoundingCoordinate": 12.494, "northBoundingCoordinate": 41.894, "southBoundingCoordinate": 41.894}, "sizeMB": 0.01, "format": "Not provided"}, "hymex_2dvd_sn36_20121011_italy_N415337.3_E122937.8.tar": {"temporal": ["2012-10-11T14:14:32.000Z", "2012-10-11T19:16:35.000Z"], "wnes_geometry": {"westBoundingCoordinate": 12.494, "eastBoundingCoordinate": 12.494, "northBoundingCoordinate": 41.894, "southBoundingCoordinate": 41.894}, "sizeMB": 0.01, "format": "Not provided"}, "hymex_2dvd_sn36_20121012_italy_N415337.3_E122937.8.tar": {"temporal": ["2012-10-12T00:17:42.000Z", "2012-10-13T16:21:00.000Z"], "wnes_geometry": {"westBoundingCoordinate": 12.494, "eastBoundingCoordinate": 12.494, "northBoundingCoordinate": 41.894, "southBoundingCoordinate": 41.894}, "sizeMB": 48.01, "format": "Not provided"}, "hymex_2dvd_sn36_20121013_italy_N415337.3_E122937.8.tar": {"temporal": ["2012-10-13T03:26:11.000Z", "2012-10-13T16:03:59.000Z"], "wnes_geometry": {"westBoundingCoordinate": 12.494, "eastBoundingCoordinate": 12.494, "northBoundingCoordinate": 41.894, "southBoundingCoordinate": 41.894}, "sizeMB": 5.75, "format": "Not provided"}, "hymex_2dvd_sn36_20121014_italy_N415337.3_E122937.8.tar": {"temporal": ["2012-10-14T08:43:37.000Z", "2012-10-14T08:43:37.000Z"], "wnes_geometry": {"westBoundingCoordinate": 12.494, "eastBoundingCoordinate": 12.494, "northBoundingCoordinate": 41.894, "southBoundingCoordinate": 41.894}, "sizeMB": 0.01, "format": "Not provided"}, "hymex_2dvd_sn36_20121015_italy_N415337.3_E122937.8.tar": {"temporal": ["2012-10-15T07:13:04.000Z", "2012-10-16T22:15:00.000Z"], "wnes_geometry": {"westBoundingCoordinate": 12.494, "eastBoundingCoordinate": 12.494, "northBoundingCoordinate": 41.894, "southBoundingCoordinate": 41.894}, "sizeMB": 33.58, "format": "Not provided"}, "hymex_2dvd_sn36_20121016_italy_N415337.3_E122937.8.tar": {"temporal": ["2012-10-16T04:45:34.000Z", "2012-10-16T05:05:27.000Z"], "wnes_geometry": {"westBoundingCoordinate": 12.494, "eastBoundingCoordinate": 12.494, "northBoundingCoordinate": 41.894, "southBoundingCoordinate": 41.894}, "sizeMB": 0.01, "format": "Not provided"}, "hymex_2dvd_sn35_20121016_france_N440813.8_E040551.3.tar": {"temporal": ["2012-10-16T14:32:56.000Z", "2012-10-17T14:55:00.000Z"], "wnes_geometry": {"westBoundingCoordinate": 4.098, "eastBoundingCoordinate": 4.098, "northBoundingCoordinate": 44.137, "southBoundingCoordinate": 44.137}, "sizeMB": 0.03, "format": "Not provided"}, "hymex_2dvd_sn36_20121017_italy_N415337.3_E122937.8.tar": {"temporal": ["2012-10-17T00:00:00.000Z", "2012-10-17T23:59:59.000Z"], "wnes_geometry": {"westBoundingCoordinate": 12.494, "eastBoundingCoordinate": 12.494, "northBoundingCoordinate": 41.894, "southBoundingCoordinate": 41.894}, "sizeMB": 0.01, "format": "Not provided"}, "hymex_2dvd_sn35_20121017_france_N440813.8_E040551.3.tar": {"temporal": ["2012-10-17T02:17:30.000Z", "2012-10-18T22:27:00.000Z"], "wnes_geometry": {"westBoundingCoordinate": 4.098, "eastBoundingCoordinate": 4.098, "northBoundingCoordinate": 44.137, "southBoundingCoordinate": 44.137}, "sizeMB": 11.26, "format": "Not provided"}, "hymex_2dvd_sn35_france_N440813.8_E040551.3_rainEvents.txt": {"temporal": ["2012-10-17T02:21:00.000Z", "2012-10-22T03:37:00.000Z"], "wnes_geometry": {"westBoundingCoordinate": 4.098, "eastBoundingCoordinate": 4.098, "northBoundingCoordinate": 44.137, "southBoundingCoordinate": 44.137}, "sizeMB": 0, "format": "Not provided"}, "hymex_2dvd_sn36_20121018_italy_N415337.3_E122937.8.tar": {"temporal": ["2012-10-18T12:19:33.000Z", "2012-10-18T18:28:26.000Z"], "wnes_geometry": {"westBoundingCoordinate": 12.494, "eastBoundingCoordinate": 12.494, "northBoundingCoordinate": 41.894, "southBoundingCoordinate": 41.894}, "sizeMB": 0.01, "format": "Not provided"}, "hymex_2dvd_sn35_20121018_france_N440813.8_E040551.3.tar": {"temporal": ["2012-10-18T13:50:31.000Z", "2012-10-18T22:23:03.000Z"], "wnes_geometry": {"westBoundingCoordinate": 4.098, "eastBoundingCoordinate": 4.098, "northBoundingCoordinate": 44.137, "southBoundingCoordinate": 44.137}, "sizeMB": 0.01, "format": "Not provided"}, "hymex_2dvd_sn36_20121019_italy_N415337.3_E122937.8.tar": {"temporal": ["2012-10-19T00:00:00.000Z", "2012-10-19T23:59:59.000Z"], "wnes_geometry": {"westBoundingCoordinate": 12.494, "eastBoundingCoordinate": 12.494, "northBoundingCoordinate": 41.894, "southBoundingCoordinate": 41.894}, "sizeMB": 0.01, "format": "Not provided"}, "hymex_2dvd_sn35_20121019_france_N440813.8_E040551.3.tar": {"temporal": ["2012-10-19T02:16:34.000Z", "2012-10-20T23:54:00.000Z"], "wnes_geometry": {"westBoundingCoordinate": 4.098, "eastBoundingCoordinate": 4.098, "northBoundingCoordinate": 44.137, "southBoundingCoordinate": 44.137}, "sizeMB": 2.79, "format": "Not provided"}, "hymex_2dvd_sn36_20121020_italy_N415337.3_E122937.8.tar": {"temporal": ["2012-10-20T00:00:00.000Z", "2012-10-20T23:59:59.000Z"], "wnes_geometry": {"westBoundingCoordinate": 12.494, "eastBoundingCoordinate": 12.494, "northBoundingCoordinate": 41.894, "southBoundingCoordinate": 41.894}, "sizeMB": 0.01, "format": "Not provided"}, "hymex_2dvd_sn35_20121020_france_N440813.8_E040551.3.tar": {"temporal": ["2012-10-20T00:00:50.000Z", "2012-10-21T19:42:00.000Z"], "wnes_geometry": {"westBoundingCoordinate": 4.098, "eastBoundingCoordinate": 4.098, "northBoundingCoordinate": 44.137, "southBoundingCoordinate": 44.137}, "sizeMB": 16.5, "format": "Not provided"}, "hymex_2dvd_sn35_20121021_france_N440813.8_E040551.3.tar": {"temporal": ["2012-10-21T05:54:08.000Z", "2012-10-22T22:37:00.000Z"], "wnes_geometry": {"westBoundingCoordinate": 4.098, "eastBoundingCoordinate": 4.098, "northBoundingCoordinate": 44.137, "southBoundingCoordinate": 44.137}, "sizeMB": 14.37, "format": "Not provided"}, "hymex_2dvd_sn36_20121021_italy_N415337.3_E122937.8.tar": {"temporal": ["2012-10-21T14:13:25.000Z", "2012-10-21T14:13:25.000Z"], "wnes_geometry": {"westBoundingCoordinate": 12.494, "eastBoundingCoordinate": 12.494, "northBoundingCoordinate": 41.894, "southBoundingCoordinate": 41.894}, "sizeMB": 0.01, "format": "Not provided"}, "hymex_2dvd_sn35_20121022_france_N440813.8_E040551.3.tar": {"temporal": ["2012-10-22T00:04:05.000Z", "2012-10-23T23:59:00.000Z"], "wnes_geometry": {"westBoundingCoordinate": 4.098, "eastBoundingCoordinate": 4.098, "northBoundingCoordinate": 44.137, "southBoundingCoordinate": 44.137}, "sizeMB": 10.46, "format": "Not provided"}, "hymex_2dvd_sn36_20121022_italy_N415337.3_E122937.8.tar": {"temporal": ["2012-10-22T01:08:59.000Z", "2012-10-22T12:28:20.000Z"], "wnes_geometry": {"westBoundingCoordinate": 12.494, "eastBoundingCoordinate": 12.494, "northBoundingCoordinate": 41.894, "southBoundingCoordinate": 41.894}, "sizeMB": 0.01, "format": "Not provided"}, "hymex_2dvd_sn35_20121023_france_N440813.8_E040551.3.tar": {"temporal": ["2012-10-23T00:00:49.000Z", "2012-10-24T03:37:00.000Z"], "wnes_geometry": {"westBoundingCoordinate": 4.098, "eastBoundingCoordinate": 4.098, "northBoundingCoordinate": 44.137, "southBoundingCoordinate": 44.137}, "sizeMB": 12.15, "format": "Not provided"}, "hymex_2dvd_sn36_20121023_italy_N415337.3_E122937.8.tar": {"temporal": ["2012-10-23T11:34:56.000Z", "2012-10-23T11:34:59.000Z"], "wnes_geometry": {"westBoundingCoordinate": 12.494, "eastBoundingCoordinate": 12.494, "northBoundingCoordinate": 41.894, "southBoundingCoordinate": 41.894}, "sizeMB": 0.01, "format": "Not provided"}, "hymex_2dvd_sn36_20121024_italy_N415337.3_E122937.8.tar": {"temporal": ["2012-10-24T10:50:03.000Z", "2012-10-24T10:57:14.000Z"], "wnes_geometry": {"westBoundingCoordinate": 12.494, "eastBoundingCoordinate": 12.494, "northBoundingCoordinate": 41.894, "southBoundingCoordinate": 41.894}, "sizeMB": 0.01, "format": "Not provided"}, "hymex_2dvd_sn36_20121026_italy_N415337.3_E122937.8.tar": {"temporal": ["2012-10-26T14:27:12.000Z", "2012-10-27T21:44:00.000Z"], "wnes_geometry": {"westBoundingCoordinate": 12.494, "eastBoundingCoordinate": 12.494, "northBoundingCoordinate": 41.894, "southBoundingCoordinate": 41.894}, "sizeMB": 26.32, "format": "Not provided"}, "hymex_2dvd_sn36_20121027_italy_N415337.3_E122937.8.tar": {"temporal": ["2012-10-27T00:01:12.000Z", "2012-10-28T21:43:00.000Z"], "wnes_geometry": {"westBoundingCoordinate": 12.494, "eastBoundingCoordinate": 12.494, "northBoundingCoordinate": 41.894, "southBoundingCoordinate": 41.894}, "sizeMB": 1.11, "format": "Not provided"}, "hymex_2dvd_sn36_20121028_italy_N415337.3_E122937.8.tar": {"temporal": ["2012-10-28T00:35:37.000Z", "2012-10-29T23:58:00.000Z"], "wnes_geometry": {"westBoundingCoordinate": 12.494, "eastBoundingCoordinate": 12.494, "northBoundingCoordinate": 41.894, "southBoundingCoordinate": 41.894}, "sizeMB": 2.46, "format": "Not provided"}, "hymex_2dvd_sn36_20121029_italy_N415337.3_E122937.8.tar": {"temporal": ["2012-10-29T13:24:41.000Z", "2012-10-30T13:50:00.000Z"], "wnes_geometry": {"westBoundingCoordinate": 12.494, "eastBoundingCoordinate": 12.494, "northBoundingCoordinate": 41.894, "southBoundingCoordinate": 41.894}, "sizeMB": 2.7, "format": "Not provided"}, "hymex_2dvd_sn36_20121030_italy_N415337.3_E122937.8.tar": {"temporal": ["2012-10-30T17:22:46.000Z", "2012-10-31T18:00:00.000Z"], "wnes_geometry": {"westBoundingCoordinate": 12.494, "eastBoundingCoordinate": 12.494, "northBoundingCoordinate": 41.894, "southBoundingCoordinate": 41.894}, "sizeMB": 0.08, "format": "Not provided"}, "hymex_2dvd_sn36_20121031_italy_N415337.3_E122937.8.tar": {"temporal": ["2012-10-31T01:26:37.000Z", "2012-11-01T23:51:00.000Z"], "wnes_geometry": {"westBoundingCoordinate": 12.494, "eastBoundingCoordinate": 12.494, "northBoundingCoordinate": 41.894, "southBoundingCoordinate": 41.894}, "sizeMB": 72.81, "format": "Not provided"}, "hymex_2dvd_sn36_20121101_italy_N415337.3_E122937.8.tar": {"temporal": ["2012-11-01T00:51:32.000Z", "2012-11-02T19:42:00.000Z"], "wnes_geometry": {"westBoundingCoordinate": 12.494, "eastBoundingCoordinate": 12.494, "northBoundingCoordinate": 41.894, "southBoundingCoordinate": 41.894}, "sizeMB": 9.02, "format": "Not provided"}, "hymex_2dvd_sn36_20121102_italy_N415337.3_E122937.8.tar": {"temporal": ["2012-11-02T00:00:00.000Z", "2012-11-02T23:59:59.000Z"], "wnes_geometry": {"westBoundingCoordinate": 12.494, "eastBoundingCoordinate": 12.494, "northBoundingCoordinate": 41.894, "southBoundingCoordinate": 41.894}, "sizeMB": 0.01, "format": "Not provided"}, "hymex_2dvd_sn36_20121103_italy_N415337.3_E122937.8.tar": {"temporal": ["2012-11-03T18:09:35.000Z", "2012-11-04T22:06:00.000Z"], "wnes_geometry": {"westBoundingCoordinate": 12.494, "eastBoundingCoordinate": 12.494, "northBoundingCoordinate": 41.894, "southBoundingCoordinate": 41.894}, "sizeMB": 0.11, "format": "Not provided"}, "hymex_2dvd_sn36_20121104_italy_N415337.3_E122937.8.tar": {"temporal": ["2012-11-04T00:02:21.000Z", "2012-11-05T22:39:00.000Z"], "wnes_geometry": {"westBoundingCoordinate": 12.494, "eastBoundingCoordinate": 12.494, "northBoundingCoordinate": 41.894, "southBoundingCoordinate": 41.894}, "sizeMB": 14.39, "format": "Not provided"}, "hymex_2dvd_sn36_20121105_italy_N415337.3_E122937.8.tar": {"temporal": ["2012-11-05T05:09:46.000Z", "2012-11-06T12:53:00.000Z"], "wnes_geometry": {"westBoundingCoordinate": 12.494, "eastBoundingCoordinate": 12.494, "northBoundingCoordinate": 41.894, "southBoundingCoordinate": 41.894}, "sizeMB": 4.14, "format": "Not provided"}, "hymex_2dvd_sn36_20121106_italy_N415337.3_E122937.8.tar": {"temporal": ["2012-11-06T00:00:00.000Z", "2012-11-06T23:59:59.000Z"], "wnes_geometry": {"westBoundingCoordinate": 12.494, "eastBoundingCoordinate": 12.494, "northBoundingCoordinate": 41.894, "southBoundingCoordinate": 41.894}, "sizeMB": 0.01, "format": "Not provided"}, "hymex_2dvd_sn36_20121107_italy_N415337.3_E122937.8.tar": {"temporal": ["2012-11-07T08:21:55.000Z", "2012-11-07T10:34:40.000Z"], "wnes_geometry": {"westBoundingCoordinate": 12.494, "eastBoundingCoordinate": 12.494, "northBoundingCoordinate": 41.894, "southBoundingCoordinate": 41.894}, "sizeMB": 0.01, "format": "Not provided"}, "hymex_2dvd_sn36_20121108_italy_N415337.3_E122937.8.tar": {"temporal": ["2012-11-08T00:00:00.000Z", "2012-11-08T23:59:59.000Z"], "wnes_geometry": {"westBoundingCoordinate": 12.494, "eastBoundingCoordinate": 12.494, "northBoundingCoordinate": 41.894, "southBoundingCoordinate": 41.894}, "sizeMB": 0.01, "format": "Not provided"}, "hymex_2dvd_sn36_20121109_italy_N415337.3_E122937.8.tar": {"temporal": ["2012-11-09T00:00:00.000Z", "2012-11-09T23:59:59.000Z"], "wnes_geometry": {"westBoundingCoordinate": 12.494, "eastBoundingCoordinate": 12.494, "northBoundingCoordinate": 41.894, "southBoundingCoordinate": 41.894}, "sizeMB": 0.01, "format": "Not provided"}, "hymex_2dvd_sn36_20121110_italy_N415337.3_E122937.8.tar": {"temporal": ["2012-11-10T20:35:51.000Z", "2012-11-10T20:35:51.000Z"], "wnes_geometry": {"westBoundingCoordinate": 12.494, "eastBoundingCoordinate": 12.494, "northBoundingCoordinate": 41.894, "southBoundingCoordinate": 41.894}, "sizeMB": 0.01, "format": "Not provided"}, "hymex_2dvd_sn36_20121111_italy_N415337.3_E122937.8.tar": {"temporal": ["2012-11-11T01:38:53.000Z", "2012-11-12T17:16:00.000Z"], "wnes_geometry": {"westBoundingCoordinate": 12.494, "eastBoundingCoordinate": 12.494, "northBoundingCoordinate": 41.894, "southBoundingCoordinate": 41.894}, "sizeMB": 15.29, "format": "Not provided"}, "hymex_2dvd_sn36_20121112_italy_N415337.3_E122937.8.tar": {"temporal": ["2012-11-12T00:21:38.000Z", "2012-11-13T03:00:00.000Z"], "wnes_geometry": {"westBoundingCoordinate": 12.494, "eastBoundingCoordinate": 12.494, "northBoundingCoordinate": 41.894, "southBoundingCoordinate": 41.894}, "sizeMB": 0.92, "format": "Not provided"}}