{"olympex_apu07_raindsd_min.txt": {"temporal": ["2015-01-10T09:24:00.000Z", "2016-01-07T02:06:00.000Z"], "wnes_geometry": {"westBoundingCoordinate": -123.809, "eastBoundingCoordinate": -123.809, "northBoundingCoordinate": 47.493, "southBoundingCoordinate": 47.493}, "sizeMB": 10.66, "format": "Not provided"}, "olympex_apu07_rainparameter_min.txt": {"temporal": ["2015-01-10T09:24:00.000Z", "2016-01-07T02:06:00.000Z"], "wnes_geometry": {"westBoundingCoordinate": -123.809, "eastBoundingCoordinate": -123.809, "northBoundingCoordinate": 47.493, "southBoundingCoordinate": 47.493}, "sizeMB": 2.84, "format": "Not provided"}, "olympex_apu07_dropcounts_min.txt": {"temporal": ["2015-01-10T09:24:00.000Z", "2016-01-07T02:06:00.000Z"], "wnes_geometry": {"westBoundingCoordinate": -123.809, "eastBoundingCoordinate": -123.809, "northBoundingCoordinate": 47.493, "southBoundingCoordinate": 47.493}, "sizeMB": 4.66, "format": "Not provided"}, "olympex_parsivel_diameter.txt": {"temporal": ["2015-01-10T09:24:00.000Z", "2016-01-31T23:59:00.000Z"], "wnes_geometry": {"westBoundingCoordinate": -124.369, "eastBoundingCoordinate": -123.478, "northBoundingCoordinate": 48.387, "southBoundingCoordinate": 47.203}, "sizeMB": 0, "format": "Not provided"}, "olympex_apu07_raindsd_min_ter.txt": {"temporal": ["2015-01-10T09:24:00.000Z", "2016-01-07T02:06:00.000Z"], "wnes_geometry": {"westBoundingCoordinate": -123.809, "eastBoundingCoordinate": -123.809, "northBoundingCoordinate": 47.493, "southBoundingCoordinate": 47.493}, "sizeMB": 10.66, "format": "Not provided"}, "olympex_parsivel_matrix.txt": {"temporal": ["2015-01-10T09:24:00.000Z", "2016-01-31T23:59:00.000Z"], "wnes_geometry": {"westBoundingCoordinate": -124.369, "eastBoundingCoordinate": -123.478, "northBoundingCoordinate": 48.387, "southBoundingCoordinate": 47.203}, "sizeMB": 0, "format": "Not provided"}, "olympex_apu07_rainparameter_min_ter.txt": {"temporal": ["2015-01-10T09:24:00.000Z", "2016-01-07T02:06:00.000Z"], "wnes_geometry": {"westBoundingCoordinate": -123.809, "eastBoundingCoordinate": -123.809, "northBoundingCoordinate": 47.493, "southBoundingCoordinate": 47.493}, "sizeMB": 2.84, "format": "Not provided"}, "olympex_apu07_rainevent.txt": {"temporal": ["2015-01-11T12:33:00.000Z", "2016-01-06T13:48:00.000Z"], "wnes_geometry": {"westBoundingCoordinate": -123.809, "eastBoundingCoordinate": -123.809, "northBoundingCoordinate": 47.493, "southBoundingCoordinate": 47.493}, "sizeMB": 0, "format": "Not provided"}, "olympex_apu07_data.txt": {"temporal": ["2015-01-16T20:09:00.000Z", "2016-01-16T20:08:00.000Z"], "wnes_geometry": {"westBoundingCoordinate": -123.809, "eastBoundingCoordinate": -123.809, "northBoundingCoordinate": 47.493, "southBoundingCoordinate": 47.493}, "sizeMB": 4.64, "format": "Not provided"}, "olympex_apu03_rainparameter_min_ter.txt": {"temporal": ["2015-11-01T00:00:00.000Z", "2016-01-16T17:59:00.000Z"], "wnes_geometry": {"westBoundingCoordinate": -123.993, "eastBoundingCoordinate": -123.993, "northBoundingCoordinate": 47.36, "southBoundingCoordinate": 47.36}, "sizeMB": 2.97, "format": "Not provided"}, "olympex_apu06_data.txt": {"temporal": ["2015-11-01T00:00:00.000Z", "2016-01-31T23:58:00.000Z"], "wnes_geometry": {"westBoundingCoordinate": -123.933, "eastBoundingCoordinate": -123.933, "northBoundingCoordinate": 47.512, "southBoundingCoordinate": 47.512}, "sizeMB": 5.71, "format": "Not provided"}, "olympex_apu01_data.txt": {"temporal": ["2015-11-01T00:00:00.000Z", "2016-01-31T23:58:00.000Z"], "wnes_geometry": {"westBoundingCoordinate": -124.202, "eastBoundingCoordinate": -124.202, "northBoundingCoordinate": 47.203, "southBoundingCoordinate": 47.203}, "sizeMB": 6.69, "format": "Not provided"}, "olympex_apu30_raindsd_min_ter.txt": {"temporal": ["2015-11-01T00:00:00.000Z", "2016-01-31T23:59:00.000Z"], "wnes_geometry": {"westBoundingCoordinate": -123.581, "eastBoundingCoordinate": -123.581, "northBoundingCoordinate": 47.68, "southBoundingCoordinate": 47.68}, "sizeMB": 11.13, "format": "Not provided"}, "olympex_apu03_rainparameter_min.txt": {"temporal": ["2015-11-01T00:00:00.000Z", "2016-01-16T17:59:00.000Z"], "wnes_geometry": {"westBoundingCoordinate": -123.993, "eastBoundingCoordinate": -123.993, "northBoundingCoordinate": 47.36, "southBoundingCoordinate": 47.36}, "sizeMB": 2.97, "format": "Not provided"}, "olympex_apu03_dropcounts_min.txt": {"temporal": ["2015-11-01T00:00:00.000Z", "2016-01-16T17:59:00.000Z"], "wnes_geometry": {"westBoundingCoordinate": -123.993, "eastBoundingCoordinate": -123.993, "northBoundingCoordinate": 47.36, "southBoundingCoordinate": 47.36}, "sizeMB": 4.86, "format": "Not provided"}, "olympex_apu03_data.txt": {"temporal": ["2015-11-01T00:00:00.000Z", "2016-01-16T17:58:00.000Z"], "wnes_geometry": {"westBoundingCoordinate": -123.993, "eastBoundingCoordinate": -123.993, "northBoundingCoordinate": 47.36, "southBoundingCoordinate": 47.36}, "sizeMB": 5.49, "format": "Not provided"}, "olympex_apu13_data.txt": {"temporal": ["2015-11-01T00:00:00.000Z", "2016-01-16T21:58:00.000Z"], "wnes_geometry": {"westBoundingCoordinate": -124.369, "eastBoundingCoordinate": -124.369, "northBoundingCoordinate": 47.603, "southBoundingCoordinate": 47.603}, "sizeMB": 5.42, "format": "Not provided"}, "olympex_apu11_data.txt": {"temporal": ["2015-11-01T00:00:00.000Z", "2016-01-31T23:58:00.000Z"], "wnes_geometry": {"westBoundingCoordinate": -123.583, "eastBoundingCoordinate": -123.583, "northBoundingCoordinate": 47.572, "southBoundingCoordinate": 47.572}, "sizeMB": 4.71, "format": "Not provided"}, "olympex_apu30_rainparameter_min.txt": {"temporal": ["2015-11-01T00:00:00.000Z", "2016-01-31T23:59:00.000Z"], "wnes_geometry": {"westBoundingCoordinate": -123.581, "eastBoundingCoordinate": -123.581, "northBoundingCoordinate": 47.68, "southBoundingCoordinate": 47.68}, "sizeMB": 2.97, "format": "Not provided"}, "olympex_apu08_data.txt": {"temporal": ["2015-11-01T00:00:00.000Z", "2016-01-31T23:58:00.000Z"], "wnes_geometry": {"westBoundingCoordinate": -123.812, "eastBoundingCoordinate": -123.812, "northBoundingCoordinate": 47.514, "southBoundingCoordinate": 47.514}, "sizeMB": 6.72, "format": "Not provided"}, "olympex_apu30_dropcounts_min.txt": {"temporal": ["2015-11-01T00:00:00.000Z", "2016-01-31T23:59:00.000Z"], "wnes_geometry": {"westBoundingCoordinate": -123.581, "eastBoundingCoordinate": -123.581, "northBoundingCoordinate": 47.68, "southBoundingCoordinate": 47.68}, "sizeMB": 4.86, "format": "Not provided"}, "olympex_apu30_data.txt": {"temporal": ["2015-11-01T00:00:00.000Z", "2016-01-31T23:58:00.000Z"], "wnes_geometry": {"westBoundingCoordinate": -123.581, "eastBoundingCoordinate": -123.581, "northBoundingCoordinate": 47.68, "southBoundingCoordinate": 47.68}, "sizeMB": 3.74, "format": "Not provided"}, "olympex_apu03_raindsd_min_ter.txt": {"temporal": ["2015-11-01T00:00:00.000Z", "2016-01-16T17:59:00.000Z"], "wnes_geometry": {"westBoundingCoordinate": -123.993, "eastBoundingCoordinate": -123.993, "northBoundingCoordinate": 47.36, "southBoundingCoordinate": 47.36}, "sizeMB": 11.13, "format": "Not provided"}, "olympex_apu30_rainparameter_min_ter.txt": {"temporal": ["2015-11-01T00:00:00.000Z", "2016-01-31T23:59:00.000Z"], "wnes_geometry": {"westBoundingCoordinate": -123.581, "eastBoundingCoordinate": -123.581, "northBoundingCoordinate": 47.68, "southBoundingCoordinate": 47.68}, "sizeMB": 2.97, "format": "Not provided"}, "olympex_apu10_data.txt": {"temporal": ["2015-11-01T00:00:00.000Z", "2016-01-31T23:58:00.000Z"], "wnes_geometry": {"westBoundingCoordinate": -123.581, "eastBoundingCoordinate": -123.581, "northBoundingCoordinate": 47.497, "southBoundingCoordinate": 47.497}, "sizeMB": 6.11, "format": "Not provided"}, "olympex_apu03_raindsd_min.txt": {"temporal": ["2015-11-01T00:00:00.000Z", "2016-01-16T17:59:00.000Z"], "wnes_geometry": {"westBoundingCoordinate": -123.993, "eastBoundingCoordinate": -123.993, "northBoundingCoordinate": 47.36, "southBoundingCoordinate": 47.36}, "sizeMB": 11.13, "format": "Not provided"}, "olympex_apu30_raindsd_min.txt": {"temporal": ["2015-11-01T00:00:00.000Z", "2016-01-31T23:59:00.000Z"], "wnes_geometry": {"westBoundingCoordinate": -123.581, "eastBoundingCoordinate": -123.581, "northBoundingCoordinate": 47.68, "southBoundingCoordinate": 47.68}, "sizeMB": 11.13, "format": "Not provided"}, "olympex_apu06_raindsd_min_ter.txt": {"temporal": ["2015-11-01T00:02:00.000Z", "2016-01-31T23:51:00.000Z"], "wnes_geometry": {"westBoundingCoordinate": -123.933, "eastBoundingCoordinate": -123.933, "northBoundingCoordinate": 47.512, "southBoundingCoordinate": 47.512}, "sizeMB": 15.79, "format": "Not provided"}, "olympex_apu06_dropcounts_min.txt": {"temporal": ["2015-11-01T00:02:00.000Z", "2016-01-31T23:51:00.000Z"], "wnes_geometry": {"westBoundingCoordinate": -123.933, "eastBoundingCoordinate": -123.933, "northBoundingCoordinate": 47.512, "southBoundingCoordinate": 47.512}, "sizeMB": 6.9, "format": "Not provided"}, "olympex_apu06_rainparameter_min_ter.txt": {"temporal": ["2015-11-01T00:02:00.000Z", "2016-01-31T23:51:00.000Z"], "wnes_geometry": {"westBoundingCoordinate": -123.933, "eastBoundingCoordinate": -123.933, "northBoundingCoordinate": 47.512, "southBoundingCoordinate": 47.512}, "sizeMB": 4.21, "format": "Not provided"}, "olympex_apu06_rainparameter_min.txt": {"temporal": ["2015-11-01T00:02:00.000Z", "2016-01-31T23:51:00.000Z"], "wnes_geometry": {"westBoundingCoordinate": -123.933, "eastBoundingCoordinate": -123.933, "northBoundingCoordinate": 47.512, "southBoundingCoordinate": 47.512}, "sizeMB": 4.21, "format": "Not provided"}, "olympex_apu06_raindsd_min.txt": {"temporal": ["2015-11-01T00:02:00.000Z", "2016-01-31T23:51:00.000Z"], "wnes_geometry": {"westBoundingCoordinate": -123.933, "eastBoundingCoordinate": -123.933, "northBoundingCoordinate": 47.512, "southBoundingCoordinate": 47.512}, "sizeMB": 15.79, "format": "Not provided"}, "olympex_apu08_dropcounts_min.txt": {"temporal": ["2015-11-01T00:15:00.000Z", "2016-01-31T23:53:00.000Z"], "wnes_geometry": {"westBoundingCoordinate": -123.812, "eastBoundingCoordinate": -123.812, "northBoundingCoordinate": 47.514, "southBoundingCoordinate": 47.514}, "sizeMB": 7.72, "format": "Not provided"}, "olympex_apu08_raindsd_min_ter.txt": {"temporal": ["2015-11-01T00:15:00.000Z", "2016-01-31T23:53:00.000Z"], "wnes_geometry": {"westBoundingCoordinate": -123.812, "eastBoundingCoordinate": -123.812, "northBoundingCoordinate": 47.514, "southBoundingCoordinate": 47.514}, "sizeMB": 17.66, "format": "Not provided"}, "olympex_apu08_raindsd_min.txt": {"temporal": ["2015-11-01T00:15:00.000Z", "2016-01-31T23:53:00.000Z"], "wnes_geometry": {"westBoundingCoordinate": -123.812, "eastBoundingCoordinate": -123.812, "northBoundingCoordinate": 47.514, "southBoundingCoordinate": 47.514}, "sizeMB": 17.66, "format": "Not provided"}, "olympex_apu08_rainparameter_min.txt": {"temporal": ["2015-11-01T00:15:00.000Z", "2016-01-31T23:53:00.000Z"], "wnes_geometry": {"westBoundingCoordinate": -123.812, "eastBoundingCoordinate": -123.812, "northBoundingCoordinate": 47.514, "southBoundingCoordinate": 47.514}, "sizeMB": 4.71, "format": "Not provided"}, "olympex_apu08_rainparameter_min_ter.txt": {"temporal": ["2015-11-01T00:15:00.000Z", "2016-01-31T23:53:00.000Z"], "wnes_geometry": {"westBoundingCoordinate": -123.812, "eastBoundingCoordinate": -123.812, "northBoundingCoordinate": 47.514, "southBoundingCoordinate": 47.514}, "sizeMB": 4.71, "format": "Not provided"}, "olympex_apu10_rainparameter_min_ter.txt": {"temporal": ["2015-11-01T00:18:00.000Z", "2016-01-31T23:48:00.000Z"], "wnes_geometry": {"westBoundingCoordinate": -123.581, "eastBoundingCoordinate": -123.581, "northBoundingCoordinate": 47.497, "southBoundingCoordinate": 47.497}, "sizeMB": 4.13, "format": "Not provided"}, "olympex_apu10_raindsd_min.txt": {"temporal": ["2015-11-01T00:18:00.000Z", "2016-01-31T23:48:00.000Z"], "wnes_geometry": {"westBoundingCoordinate": -123.581, "eastBoundingCoordinate": -123.581, "northBoundingCoordinate": 47.497, "southBoundingCoordinate": 47.497}, "sizeMB": 15.48, "format": "Not provided"}, "olympex_apu10_rainparameter_min.txt": {"temporal": ["2015-11-01T00:18:00.000Z", "2016-01-31T23:48:00.000Z"], "wnes_geometry": {"westBoundingCoordinate": -123.581, "eastBoundingCoordinate": -123.581, "northBoundingCoordinate": 47.497, "southBoundingCoordinate": 47.497}, "sizeMB": 4.13, "format": "Not provided"}, "olympex_apu10_dropcounts_min.txt": {"temporal": ["2015-11-01T00:18:00.000Z", "2016-01-31T23:48:00.000Z"], "wnes_geometry": {"westBoundingCoordinate": -123.581, "eastBoundingCoordinate": -123.581, "northBoundingCoordinate": 47.497, "southBoundingCoordinate": 47.497}, "sizeMB": 6.76, "format": "Not provided"}, "olympex_apu10_raindsd_min_ter.txt": {"temporal": ["2015-11-01T00:18:00.000Z", "2016-01-31T23:48:00.000Z"], "wnes_geometry": {"westBoundingCoordinate": -123.581, "eastBoundingCoordinate": -123.581, "northBoundingCoordinate": 47.497, "southBoundingCoordinate": 47.497}, "sizeMB": 15.48, "format": "Not provided"}, "olympex_apu10_rainevent.txt": {"temporal": ["2015-11-01T00:18:00.000Z", "2016-01-31T23:48:00.000Z"], "wnes_geometry": {"westBoundingCoordinate": -123.581, "eastBoundingCoordinate": -123.581, "northBoundingCoordinate": 47.497, "southBoundingCoordinate": 47.497}, "sizeMB": 0.01, "format": "Not provided"}, "olympex_apu11_raindsd_min_ter.txt": {"temporal": ["2015-11-01T00:31:00.000Z", "2016-01-31T23:18:00.000Z"], "wnes_geometry": {"westBoundingCoordinate": -123.583, "eastBoundingCoordinate": -123.583, "northBoundingCoordinate": 47.572, "southBoundingCoordinate": 47.572}, "sizeMB": 13.73, "format": "Not provided"}, "olympex_apu11_rainparameter_min_ter.txt": {"temporal": ["2015-11-01T00:31:00.000Z", "2016-01-31T23:18:00.000Z"], "wnes_geometry": {"westBoundingCoordinate": -123.583, "eastBoundingCoordinate": -123.583, "northBoundingCoordinate": 47.572, "southBoundingCoordinate": 47.572}, "sizeMB": 3.66, "format": "Not provided"}, "olympex_apu11_dropcounts_min.txt": {"temporal": ["2015-11-01T00:31:00.000Z", "2016-01-31T23:18:00.000Z"], "wnes_geometry": {"westBoundingCoordinate": -123.583, "eastBoundingCoordinate": -123.583, "northBoundingCoordinate": 47.572, "southBoundingCoordinate": 47.572}, "sizeMB": 6, "format": "Not provided"}, "olympex_apu11_raindsd_min.txt": {"temporal": ["2015-11-01T00:31:00.000Z", "2016-01-31T23:18:00.000Z"], "wnes_geometry": {"westBoundingCoordinate": -123.583, "eastBoundingCoordinate": -123.583, "northBoundingCoordinate": 47.572, "southBoundingCoordinate": 47.572}, "sizeMB": 13.73, "format": "Not provided"}, "olympex_apu11_rainevent.txt": {"temporal": ["2015-11-01T00:31:00.000Z", "2016-01-31T23:18:00.000Z"], "wnes_geometry": {"westBoundingCoordinate": -123.583, "eastBoundingCoordinate": -123.583, "northBoundingCoordinate": 47.572, "southBoundingCoordinate": 47.572}, "sizeMB": 0, "format": "Not provided"}, "olympex_apu11_rainparameter_min.txt": {"temporal": ["2015-11-01T00:31:00.000Z", "2016-01-31T23:18:00.000Z"], "wnes_geometry": {"westBoundingCoordinate": -123.583, "eastBoundingCoordinate": -123.583, "northBoundingCoordinate": 47.572, "southBoundingCoordinate": 47.572}, "sizeMB": 3.66, "format": "Not provided"}, "olympex_apu08_rainevent.txt": {"temporal": ["2015-11-01T01:55:00.000Z", "2016-01-31T22:34:00.000Z"], "wnes_geometry": {"westBoundingCoordinate": -123.812, "eastBoundingCoordinate": -123.812, "northBoundingCoordinate": 47.514, "southBoundingCoordinate": 47.514}, "sizeMB": 0.01, "format": "Not provided"}, "olympex_apu30_rainevent.txt": {"temporal": ["2015-11-01T03:03:00.000Z", "2016-01-31T23:59:00.000Z"], "wnes_geometry": {"westBoundingCoordinate": -123.581, "eastBoundingCoordinate": -123.581, "northBoundingCoordinate": 47.68, "southBoundingCoordinate": 47.68}, "sizeMB": 0, "format": "Not provided"}, "olympex_apu03_rainevent.txt": {"temporal": ["2015-11-01T03:56:00.000Z", "2016-01-16T17:59:00.000Z"], "wnes_geometry": {"westBoundingCoordinate": -123.993, "eastBoundingCoordinate": -123.993, "northBoundingCoordinate": 47.36, "southBoundingCoordinate": 47.36}, "sizeMB": 0.01, "format": "Not provided"}, "olympex_apu01_rainparameter_min.txt": {"temporal": ["2015-11-01T04:05:00.000Z", "2016-01-31T23:59:00.000Z"], "wnes_geometry": {"westBoundingCoordinate": -124.202, "eastBoundingCoordinate": -124.202, "northBoundingCoordinate": 47.203, "southBoundingCoordinate": 47.203}, "sizeMB": 3.25, "format": "Not provided"}, "olympex_apu01_rainevent.txt": {"temporal": ["2015-11-01T04:05:00.000Z", "2016-01-31T23:59:00.000Z"], "wnes_geometry": {"westBoundingCoordinate": -124.202, "eastBoundingCoordinate": -124.202, "northBoundingCoordinate": 47.203, "southBoundingCoordinate": 47.203}, "sizeMB": 0.01, "format": "Not provided"}, "olympex_apu01_raindsd_min_ter.txt": {"temporal": ["2015-11-01T04:05:00.000Z", "2016-01-31T23:59:00.000Z"], "wnes_geometry": {"westBoundingCoordinate": -124.202, "eastBoundingCoordinate": -124.202, "northBoundingCoordinate": 47.203, "southBoundingCoordinate": 47.203}, "sizeMB": 12.19, "format": "Not provided"}, "olympex_apu01_raindsd_min.txt": {"temporal": ["2015-11-01T04:05:00.000Z", "2016-01-31T23:59:00.000Z"], "wnes_geometry": {"westBoundingCoordinate": -124.202, "eastBoundingCoordinate": -124.202, "northBoundingCoordinate": 47.203, "southBoundingCoordinate": 47.203}, "sizeMB": 12.19, "format": "Not provided"}, "olympex_apu01_rainparameter_min_ter.txt": {"temporal": ["2015-11-01T04:05:00.000Z", "2016-01-31T23:59:00.000Z"], "wnes_geometry": {"westBoundingCoordinate": -124.202, "eastBoundingCoordinate": -124.202, "northBoundingCoordinate": 47.203, "southBoundingCoordinate": 47.203}, "sizeMB": 3.25, "format": "Not provided"}, "olympex_apu01_dropcounts_min.txt": {"temporal": ["2015-11-01T04:05:00.000Z", "2016-01-31T23:59:00.000Z"], "wnes_geometry": {"westBoundingCoordinate": -124.202, "eastBoundingCoordinate": -124.202, "northBoundingCoordinate": 47.203, "southBoundingCoordinate": 47.203}, "sizeMB": 5.33, "format": "Not provided"}, "olympex_apu13_rainevent.txt": {"temporal": ["2015-11-01T04:07:00.000Z", "2016-01-16T17:59:00.000Z"], "wnes_geometry": {"westBoundingCoordinate": -124.369, "eastBoundingCoordinate": -124.369, "northBoundingCoordinate": 47.603, "southBoundingCoordinate": 47.603}, "sizeMB": 0.01, "format": "Not provided"}, "olympex_apu13_raindsd_min.txt": {"temporal": ["2015-11-01T04:07:00.000Z", "2016-01-16T17:59:00.000Z"], "wnes_geometry": {"westBoundingCoordinate": -124.369, "eastBoundingCoordinate": -124.369, "northBoundingCoordinate": 47.603, "southBoundingCoordinate": 47.603}, "sizeMB": 9.2, "format": "Not provided"}, "olympex_apu13_raindsd_min_ter.txt": {"temporal": ["2015-11-01T04:07:00.000Z", "2016-01-16T17:59:00.000Z"], "wnes_geometry": {"westBoundingCoordinate": -124.369, "eastBoundingCoordinate": -124.369, "northBoundingCoordinate": 47.603, "southBoundingCoordinate": 47.603}, "sizeMB": 9.2, "format": "Not provided"}, "olympex_apu13_rainparameter_min.txt": {"temporal": ["2015-11-01T04:07:00.000Z", "2016-01-16T17:59:00.000Z"], "wnes_geometry": {"westBoundingCoordinate": -124.369, "eastBoundingCoordinate": -124.369, "northBoundingCoordinate": 47.603, "southBoundingCoordinate": 47.603}, "sizeMB": 2.46, "format": "Not provided"}, "olympex_apu13_dropcounts_min.txt": {"temporal": ["2015-11-01T04:07:00.000Z", "2016-01-16T17:59:00.000Z"], "wnes_geometry": {"westBoundingCoordinate": -124.369, "eastBoundingCoordinate": -124.369, "northBoundingCoordinate": 47.603, "southBoundingCoordinate": 47.603}, "sizeMB": 4.02, "format": "Not provided"}, "olympex_apu13_rainparameter_min_ter.txt": {"temporal": ["2015-11-01T04:07:00.000Z", "2016-01-16T17:59:00.000Z"], "wnes_geometry": {"westBoundingCoordinate": -124.369, "eastBoundingCoordinate": -124.369, "northBoundingCoordinate": 47.603, "southBoundingCoordinate": 47.603}, "sizeMB": 2.46, "format": "Not provided"}, "olympex_apu02_data.txt": {"temporal": ["2015-11-01T19:39:00.000Z", "2016-01-16T19:24:00.000Z"], "wnes_geometry": {"westBoundingCoordinate": -124.118, "eastBoundingCoordinate": -124.118, "northBoundingCoordinate": 47.267, "southBoundingCoordinate": 47.267}, "sizeMB": 5.2, "format": "Not provided"}, "olympex_apu02_rainevent.txt": {"temporal": ["2015-11-01T20:41:00.000Z", "2016-01-16T16:47:00.000Z"], "wnes_geometry": {"westBoundingCoordinate": -124.118, "eastBoundingCoordinate": -124.118, "northBoundingCoordinate": 47.267, "southBoundingCoordinate": 47.267}, "sizeMB": 0.01, "format": "Not provided"}, "olympex_apu02_rainparameter_min.txt": {"temporal": ["2015-11-01T20:41:00.000Z", "2016-01-16T16:47:00.000Z"], "wnes_geometry": {"westBoundingCoordinate": -124.118, "eastBoundingCoordinate": -124.118, "northBoundingCoordinate": 47.267, "southBoundingCoordinate": 47.267}, "sizeMB": 2.77, "format": "Not provided"}, "olympex_apu02_dropcounts_min.txt": {"temporal": ["2015-11-01T20:41:00.000Z", "2016-01-16T16:47:00.000Z"], "wnes_geometry": {"westBoundingCoordinate": -124.118, "eastBoundingCoordinate": -124.118, "northBoundingCoordinate": 47.267, "southBoundingCoordinate": 47.267}, "sizeMB": 4.54, "format": "Not provided"}, "olympex_apu02_raindsd_min_ter.txt": {"temporal": ["2015-11-01T20:41:00.000Z", "2016-01-16T16:47:00.000Z"], "wnes_geometry": {"westBoundingCoordinate": -124.118, "eastBoundingCoordinate": -124.118, "northBoundingCoordinate": 47.267, "southBoundingCoordinate": 47.267}, "sizeMB": 10.38, "format": "Not provided"}, "olympex_apu02_rainparameter_min_ter.txt": {"temporal": ["2015-11-01T20:41:00.000Z", "2016-01-16T16:47:00.000Z"], "wnes_geometry": {"westBoundingCoordinate": -124.118, "eastBoundingCoordinate": -124.118, "northBoundingCoordinate": 47.267, "southBoundingCoordinate": 47.267}, "sizeMB": 2.77, "format": "Not provided"}, "olympex_apu02_raindsd_min.txt": {"temporal": ["2015-11-01T20:41:00.000Z", "2016-01-16T16:47:00.000Z"], "wnes_geometry": {"westBoundingCoordinate": -124.118, "eastBoundingCoordinate": -124.118, "northBoundingCoordinate": 47.267, "southBoundingCoordinate": 47.267}, "sizeMB": 10.38, "format": "Not provided"}, "olympex_apu05_data.txt": {"temporal": ["2015-11-05T00:23:00.000Z", "2016-01-17T20:58:00.000Z"], "wnes_geometry": {"westBoundingCoordinate": -123.89, "eastBoundingCoordinate": -123.89, "northBoundingCoordinate": 47.46, "southBoundingCoordinate": 47.46}, "sizeMB": 5.16, "format": "Not provided"}, "olympex_apu05_rainevent.txt": {"temporal": ["2015-11-05T04:34:00.000Z", "2016-01-17T19:57:00.000Z"], "wnes_geometry": {"westBoundingCoordinate": -123.89, "eastBoundingCoordinate": -123.89, "northBoundingCoordinate": 47.46, "southBoundingCoordinate": 47.46}, "sizeMB": 0.01, "format": "Not provided"}, "olympex_apu05_rainparameter_min_ter.txt": {"temporal": ["2015-11-05T04:34:00.000Z", "2016-01-17T19:57:00.000Z"], "wnes_geometry": {"westBoundingCoordinate": -123.89, "eastBoundingCoordinate": -123.89, "northBoundingCoordinate": 47.46, "southBoundingCoordinate": 47.46}, "sizeMB": 2.99, "format": "Not provided"}, "olympex_apu05_dropcounts_min.txt": {"temporal": ["2015-11-05T04:34:00.000Z", "2016-01-17T19:57:00.000Z"], "wnes_geometry": {"westBoundingCoordinate": -123.89, "eastBoundingCoordinate": -123.89, "northBoundingCoordinate": 47.46, "southBoundingCoordinate": 47.46}, "sizeMB": 4.9, "format": "Not provided"}, "olympex_apu05_raindsd_min.txt": {"temporal": ["2015-11-05T04:34:00.000Z", "2016-01-17T19:57:00.000Z"], "wnes_geometry": {"westBoundingCoordinate": -123.89, "eastBoundingCoordinate": -123.89, "northBoundingCoordinate": 47.46, "southBoundingCoordinate": 47.46}, "sizeMB": 11.21, "format": "Not provided"}, "olympex_apu05_raindsd_min_ter.txt": {"temporal": ["2015-11-05T04:34:00.000Z", "2016-01-17T19:57:00.000Z"], "wnes_geometry": {"westBoundingCoordinate": -123.89, "eastBoundingCoordinate": -123.89, "northBoundingCoordinate": 47.46, "southBoundingCoordinate": 47.46}, "sizeMB": 11.21, "format": "Not provided"}, "olympex_apu05_rainparameter_min.txt": {"temporal": ["2015-11-05T04:34:00.000Z", "2016-01-17T19:57:00.000Z"], "wnes_geometry": {"westBoundingCoordinate": -123.89, "eastBoundingCoordinate": -123.89, "northBoundingCoordinate": 47.46, "southBoundingCoordinate": 47.46}, "sizeMB": 2.99, "format": "Not provided"}, "olympex_apu06_rainevent.txt": {"temporal": ["2015-11-06T12:25:00.000Z", "2016-01-31T22:23:00.000Z"], "wnes_geometry": {"westBoundingCoordinate": -123.933, "eastBoundingCoordinate": -123.933, "northBoundingCoordinate": 47.512, "southBoundingCoordinate": 47.512}, "sizeMB": 0.01, "format": "Not provided"}, "olympex_apu04_data.txt": {"temporal": ["2015-11-09T21:07:00.000Z", "2016-01-13T19:00:00.000Z"], "wnes_geometry": {"westBoundingCoordinate": -123.867, "eastBoundingCoordinate": -123.867, "northBoundingCoordinate": 47.39, "southBoundingCoordinate": 47.39}, "sizeMB": 2.99, "format": "Not provided"}, "olympex_apu04_dropcounts_min.txt": {"temporal": ["2015-11-09T21:08:00.000Z", "2016-01-13T12:24:00.000Z"], "wnes_geometry": {"westBoundingCoordinate": -123.867, "eastBoundingCoordinate": -123.867, "northBoundingCoordinate": 47.39, "southBoundingCoordinate": 47.39}, "sizeMB": 2.78, "format": "Not provided"}, "olympex_apu04_raindsd_min_ter.txt": {"temporal": ["2015-11-09T21:08:00.000Z", "2016-01-13T12:24:00.000Z"], "wnes_geometry": {"westBoundingCoordinate": -123.867, "eastBoundingCoordinate": -123.867, "northBoundingCoordinate": 47.39, "southBoundingCoordinate": 47.39}, "sizeMB": 6.37, "format": "Not provided"}, "olympex_apu04_raindsd_min.txt": {"temporal": ["2015-11-09T21:08:00.000Z", "2016-01-13T12:24:00.000Z"], "wnes_geometry": {"westBoundingCoordinate": -123.867, "eastBoundingCoordinate": -123.867, "northBoundingCoordinate": 47.39, "southBoundingCoordinate": 47.39}, "sizeMB": 6.37, "format": "Not provided"}, "olympex_apu04_rainparameter_min_ter.txt": {"temporal": ["2015-11-09T21:08:00.000Z", "2016-01-13T12:24:00.000Z"], "wnes_geometry": {"westBoundingCoordinate": -123.867, "eastBoundingCoordinate": -123.867, "northBoundingCoordinate": 47.39, "southBoundingCoordinate": 47.39}, "sizeMB": 1.7, "format": "Not provided"}, "olympex_apu04_rainparameter_min.txt": {"temporal": ["2015-11-09T21:08:00.000Z", "2016-01-13T12:24:00.000Z"], "wnes_geometry": {"westBoundingCoordinate": -123.867, "eastBoundingCoordinate": -123.867, "northBoundingCoordinate": 47.39, "southBoundingCoordinate": 47.39}, "sizeMB": 1.7, "format": "Not provided"}, "olympex_apu04_rainevent.txt": {"temporal": ["2015-11-09T21:08:00.000Z", "2016-01-13T12:24:00.000Z"], "wnes_geometry": {"westBoundingCoordinate": -123.867, "eastBoundingCoordinate": -123.867, "northBoundingCoordinate": 47.39, "southBoundingCoordinate": 47.39}, "sizeMB": 0, "format": "Not provided"}, "olympex_ahd01_data.txt": {"temporal": ["2015-11-13T16:40:00.000Z", "2016-01-31T23:58:25.000Z"], "wnes_geometry": {"westBoundingCoordinate": -123.478, "eastBoundingCoordinate": -123.478, "northBoundingCoordinate": 48.387, "southBoundingCoordinate": 48.387}, "sizeMB": 2.86, "format": "Not provided"}, "olympex_ahd01_raindsd_min_ter.txt": {"temporal": ["2015-11-13T20:29:00.000Z", "2016-01-31T23:59:00.000Z"], "wnes_geometry": {"westBoundingCoordinate": -123.478, "eastBoundingCoordinate": -123.478, "northBoundingCoordinate": 48.387, "southBoundingCoordinate": 48.387}, "sizeMB": 5.74, "format": "Not provided"}, "olympex_ahd01_rainparameter_min.txt": {"temporal": ["2015-11-13T20:29:00.000Z", "2016-01-31T23:59:00.000Z"], "wnes_geometry": {"westBoundingCoordinate": -123.478, "eastBoundingCoordinate": -123.478, "northBoundingCoordinate": 48.387, "southBoundingCoordinate": 48.387}, "sizeMB": 1.53, "format": "Not provided"}, "olympex_ahd01_rainevent.txt": {"temporal": ["2015-11-13T20:29:00.000Z", "2016-01-31T21:13:00.000Z"], "wnes_geometry": {"westBoundingCoordinate": -123.478, "eastBoundingCoordinate": -123.478, "northBoundingCoordinate": 48.387, "southBoundingCoordinate": 48.387}, "sizeMB": 0, "format": "Not provided"}, "olympex_ahd01_raindsd_min.txt": {"temporal": ["2015-11-13T20:29:00.000Z", "2016-01-31T23:59:00.000Z"], "wnes_geometry": {"westBoundingCoordinate": -123.478, "eastBoundingCoordinate": -123.478, "northBoundingCoordinate": 48.387, "southBoundingCoordinate": 48.387}, "sizeMB": 5.74, "format": "Not provided"}, "olympex_ahd01_dropcounts_min.txt": {"temporal": ["2015-11-13T20:29:00.000Z", "2016-01-31T23:59:00.000Z"], "wnes_geometry": {"westBoundingCoordinate": -123.478, "eastBoundingCoordinate": -123.478, "northBoundingCoordinate": 48.387, "southBoundingCoordinate": 48.387}, "sizeMB": 2.51, "format": "Not provided"}, "olympex_ahd01_rainparameter_min_ter.txt": {"temporal": ["2015-11-13T20:29:00.000Z", "2016-01-31T23:59:00.000Z"], "wnes_geometry": {"westBoundingCoordinate": -123.478, "eastBoundingCoordinate": -123.478, "northBoundingCoordinate": 48.387, "southBoundingCoordinate": 48.387}, "sizeMB": 1.53, "format": "Not provided"}, "olympex_apu09_data.txt": {"temporal": ["2015-11-19T21:51:00.000Z", "2015-12-16T04:58:00.000Z"], "wnes_geometry": {"westBoundingCoordinate": -123.681, "eastBoundingCoordinate": -123.681, "northBoundingCoordinate": 47.537, "southBoundingCoordinate": 47.537}, "sizeMB": 1.53, "format": "Not provided"}, "olympex_apu09_raindsd_min_ter.txt": {"temporal": ["2015-11-23T22:45:00.000Z", "2015-12-16T04:59:00.000Z"], "wnes_geometry": {"westBoundingCoordinate": -123.681, "eastBoundingCoordinate": -123.681, "northBoundingCoordinate": 47.537, "southBoundingCoordinate": 47.537}, "sizeMB": 3.96, "format": "Not provided"}, "olympex_apu09_rainevent.txt": {"temporal": ["2015-11-23T22:45:00.000Z", "2015-12-16T04:59:00.000Z"], "wnes_geometry": {"westBoundingCoordinate": -123.681, "eastBoundingCoordinate": -123.681, "northBoundingCoordinate": 47.537, "southBoundingCoordinate": 47.537}, "sizeMB": 0, "format": "Not provided"}, "olympex_apu09_rainparameter_min.txt": {"temporal": ["2015-11-23T22:45:00.000Z", "2015-12-16T04:59:00.000Z"], "wnes_geometry": {"westBoundingCoordinate": -123.681, "eastBoundingCoordinate": -123.681, "northBoundingCoordinate": 47.537, "southBoundingCoordinate": 47.537}, "sizeMB": 1.06, "format": "Not provided"}, "olympex_apu09_raindsd_min.txt": {"temporal": ["2015-11-23T22:45:00.000Z", "2015-12-16T04:59:00.000Z"], "wnes_geometry": {"westBoundingCoordinate": -123.681, "eastBoundingCoordinate": -123.681, "northBoundingCoordinate": 47.537, "southBoundingCoordinate": 47.537}, "sizeMB": 3.96, "format": "Not provided"}, "olympex_apu09_dropcounts_min.txt": {"temporal": ["2015-11-23T22:45:00.000Z", "2015-12-16T04:59:00.000Z"], "wnes_geometry": {"westBoundingCoordinate": -123.681, "eastBoundingCoordinate": -123.681, "northBoundingCoordinate": 47.537, "southBoundingCoordinate": 47.537}, "sizeMB": 1.73, "format": "Not provided"}, "olympex_apu09_rainparameter_min_ter.txt": {"temporal": ["2015-11-23T22:45:00.000Z", "2015-12-16T04:59:00.000Z"], "wnes_geometry": {"westBoundingCoordinate": -123.681, "eastBoundingCoordinate": -123.681, "northBoundingCoordinate": 47.537, "southBoundingCoordinate": 47.537}, "sizeMB": 1.06, "format": "Not provided"}}