{"IPHEX_AMPR_20140504_level2b_v2.nc": {"temporal": ["2014-05-04T14:47:58.000Z", "2014-05-04T18:31:15.000Z"], "wnes_geometry": {"westBoundingCoordinate": -83.975, "eastBoundingCoordinate": -79.837, "northBoundingCoordinate": 36.866, "southBoundingCoordinate": 32.328}, "sizeMB": 21.5, "format": "Not provided"}, "IPHEX_AMPR_20140507_level2b_v2.nc": {"temporal": ["2014-05-07T17:11:46.000Z", "2014-05-07T19:48:04.000Z"], "wnes_geometry": {"westBoundingCoordinate": -83.619, "eastBoundingCoordinate": -79.907, "northBoundingCoordinate": 32.936, "southBoundingCoordinate": 30.617}, "sizeMB": 15.2, "format": "Not provided"}, "IPHEX_AMPR_20140512_level2b_v2.nc": {"temporal": ["2014-05-12T09:50:46.000Z", "2014-05-12T16:31:55.000Z"], "wnes_geometry": {"westBoundingCoordinate": -83.79, "eastBoundingCoordinate": -74.207, "northBoundingCoordinate": 34.979, "southBoundingCoordinate": 32.273}, "sizeMB": 38.74, "format": "Not provided"}, "IPHEX_AMPR_20140515_level2b_v2.nc": {"temporal": ["2014-05-15T12:19:15.000Z", "2014-05-15T19:02:46.000Z"], "wnes_geometry": {"westBoundingCoordinate": -84.156, "eastBoundingCoordinate": -78.893, "northBoundingCoordinate": 36.402, "southBoundingCoordinate": 32.447}, "sizeMB": 39.43, "format": "Not provided"}, "IPHEX_AMPR_20140516_level2b_v2.nc": {"temporal": ["2014-05-16T11:47:11.000Z", "2014-05-16T19:08:52.000Z"], "wnes_geometry": {"westBoundingCoordinate": -84.82, "eastBoundingCoordinate": -73.908, "northBoundingCoordinate": 35.488, "southBoundingCoordinate": 31.832}, "sizeMB": 43.22, "format": "Not provided"}, "IPHEX_AMPR_20140518_level2b_v2.nc": {"temporal": ["2014-05-18T10:17:50.000Z", "2014-05-18T16:24:04.000Z"], "wnes_geometry": {"westBoundingCoordinate": -85.543, "eastBoundingCoordinate": -81.294, "northBoundingCoordinate": 35.999, "southBoundingCoordinate": 32.376}, "sizeMB": 35.72, "format": "Not provided"}, "IPHEX_AMPR_20140519_level2b_v2.nc": {"temporal": ["2014-05-19T09:04:22.000Z", "2014-05-19T14:33:10.000Z"], "wnes_geometry": {"westBoundingCoordinate": -83.645, "eastBoundingCoordinate": -78.466, "northBoundingCoordinate": 33.185, "southBoundingCoordinate": 29.957}, "sizeMB": 32.14, "format": "Not provided"}, "IPHEX_AMPR_20140523_level2b_v2.nc": {"temporal": ["2014-05-23T18:28:18.000Z", "2014-05-24T03:00:49.000Z"], "wnes_geometry": {"westBoundingCoordinate": -83.938, "eastBoundingCoordinate": -78.203, "northBoundingCoordinate": 36.367, "southBoundingCoordinate": 32.154}, "sizeMB": 39.18, "format": "Not provided"}, "IPHEX_AMPR_20140524_level2b_v2.nc": {"temporal": ["2014-05-24T17:01:05.000Z", "2014-05-25T02:50:04.000Z"], "wnes_geometry": {"westBoundingCoordinate": -83.623, "eastBoundingCoordinate": -71.166, "northBoundingCoordinate": 36.913, "southBoundingCoordinate": 32.478}, "sizeMB": 34.67, "format": "Not provided"}, "IPHEX_AMPR_20140526_level2b_v2.nc": {"temporal": ["2014-05-26T18:09:13.000Z", "2014-05-26T23:20:01.000Z"], "wnes_geometry": {"westBoundingCoordinate": -85.876, "eastBoundingCoordinate": -80.227, "northBoundingCoordinate": 36.89, "southBoundingCoordinate": 32.209}, "sizeMB": 28.29, "format": "Not provided"}, "IPHEX_AMPR_20140528_level2b_v2.nc": {"temporal": ["2014-05-28T11:35:46.000Z", "2014-05-28T17:31:44.000Z"], "wnes_geometry": {"westBoundingCoordinate": -83.615, "eastBoundingCoordinate": -74.361, "northBoundingCoordinate": 34.3, "southBoundingCoordinate": 31.274}, "sizeMB": 34.86, "format": "Not provided"}, "IPHEX_AMPR_20140529_level2b_v2.nc": {"temporal": ["2014-05-29T16:02:09.000Z", "2014-05-29T23:53:10.000Z"], "wnes_geometry": {"westBoundingCoordinate": -84.406, "eastBoundingCoordinate": -79.075, "northBoundingCoordinate": 38.18, "southBoundingCoordinate": 32.439}, "sizeMB": 45.98, "format": "Not provided"}, "IPHEX_AMPR_20140602_level2b_v2.nc": {"temporal": ["2014-06-02T13:32:32.000Z", "2014-06-02T18:26:10.000Z"], "wnes_geometry": {"westBoundingCoordinate": -83.841, "eastBoundingCoordinate": -76.094, "northBoundingCoordinate": 36.961, "southBoundingCoordinate": 32.387}, "sizeMB": 28.66, "format": "Not provided"}, "IPHEX_AMPR_20140605_level2b_v2.nc": {"temporal": ["2014-06-05T05:38:50.000Z", "2014-06-05T10:29:09.000Z"], "wnes_geometry": {"westBoundingCoordinate": -87.161, "eastBoundingCoordinate": -82.093, "northBoundingCoordinate": 36.672, "southBoundingCoordinate": 32.317}, "sizeMB": 28.33, "format": "Not provided"}, "IPHEX_AMPR_20140606_level2b_v2.nc": {"temporal": ["2014-06-06T13:05:38.000Z", "2014-06-06T20:38:34.000Z"], "wnes_geometry": {"westBoundingCoordinate": -83.606, "eastBoundingCoordinate": -71.432, "northBoundingCoordinate": 35.208, "southBoundingCoordinate": 30.14}, "sizeMB": 30.59, "format": "Not provided"}, "IPHEX_AMPR_20140608_level2b_v2.nc": {"temporal": ["2014-06-08T11:02:34.000Z", "2014-06-08T21:21:59.000Z"], "wnes_geometry": {"westBoundingCoordinate": -83.606, "eastBoundingCoordinate": -78.89, "northBoundingCoordinate": 36.425, "southBoundingCoordinate": 32.431}, "sizeMB": 30.4, "format": "Not provided"}, "IPHEX_AMPR_20140611_level2b_v2.nc": {"temporal": ["2014-06-11T12:24:34.000Z", "2014-06-11T23:14:24.000Z"], "wnes_geometry": {"westBoundingCoordinate": -85.979, "eastBoundingCoordinate": -76.865, "northBoundingCoordinate": 39.012, "southBoundingCoordinate": 32.24}, "sizeMB": 49.43, "format": "Not provided"}, "IPHEX_AMPR_20140612_level2b_v2.nc": {"temporal": ["2014-06-12T15:44:17.000Z", "2014-06-13T00:03:40.000Z"], "wnes_geometry": {"westBoundingCoordinate": -84.484, "eastBoundingCoordinate": -81.677, "northBoundingCoordinate": 36.608, "southBoundingCoordinate": 32.198}, "sizeMB": 48.75, "format": "Not provided"}}