{"olympex_avaps_D20151112_171734_P.QC.eol": {"temporal": ["2015-11-12T17:17:32.000Z", "2015-11-12T17:31:37.000Z"], "wnes_geometry": {"westBoundingCoordinate": -126.432, "eastBoundingCoordinate": -126.116, "northBoundingCoordinate": 47.411, "southBoundingCoordinate": 47.371}, "sizeMB": 0.46, "format": "ASCII"}, "olympex_avaps_D20151112_172232_P.QC.eol": {"temporal": ["2015-11-12T17:22:31.000Z", "2015-11-12T17:37:17.000Z"], "wnes_geometry": {"westBoundingCoordinate": -125.356, "eastBoundingCoordinate": -125.057, "northBoundingCoordinate": 47.361, "southBoundingCoordinate": 47.312}, "sizeMB": 0.49, "format": "ASCII"}, "olympex_avaps_D20151112_220405_P.QC.eol": {"temporal": ["2015-11-12T22:04:04.000Z", "2015-11-12T22:18:25.000Z"], "wnes_geometry": {"westBoundingCoordinate": -125.728, "eastBoundingCoordinate": -125.421, "northBoundingCoordinate": 47.265, "southBoundingCoordinate": 47.242}, "sizeMB": 0.47, "format": "ASCII"}, "olympex_avaps_D20151113_150252_P.QC.eol": {"temporal": ["2015-11-13T15:02:50.000Z", "2015-11-13T15:17:19.000Z"], "wnes_geometry": {"westBoundingCoordinate": -126.486, "eastBoundingCoordinate": -126.128, "northBoundingCoordinate": 47.328, "southBoundingCoordinate": 47.281}, "sizeMB": 0.48, "format": "ASCII"}, "olympex_avaps_D20151113_150723_P.QC.eol": {"temporal": ["2015-11-13T15:07:21.000Z", "2015-11-13T15:21:44.000Z"], "wnes_geometry": {"westBoundingCoordinate": -125.489, "eastBoundingCoordinate": -125.141, "northBoundingCoordinate": 47.339, "southBoundingCoordinate": 47.294}, "sizeMB": 0.47, "format": "ASCII"}, "olympex_avaps_D20151113_182029_P.QC.eol": {"temporal": ["2015-11-13T18:20:27.000Z", "2015-11-13T18:35:00.000Z"], "wnes_geometry": {"westBoundingCoordinate": -125.638, "eastBoundingCoordinate": -125.278, "northBoundingCoordinate": 47.346, "southBoundingCoordinate": 47.276}, "sizeMB": 0.48, "format": "ASCII"}, "olympex_avaps_D20151114_201049_P.QC.eol": {"temporal": ["2015-11-14T20:10:47.000Z", "2015-11-14T20:25:14.000Z"], "wnes_geometry": {"westBoundingCoordinate": -126.708, "eastBoundingCoordinate": -126.531, "northBoundingCoordinate": 47.393, "southBoundingCoordinate": 47.251}, "sizeMB": 0.48, "format": "ASCII"}, "olympex_avaps_D20151114_205130_P.QC.eol": {"temporal": ["2015-11-14T20:51:29.000Z", "2015-11-14T21:05:48.000Z"], "wnes_geometry": {"westBoundingCoordinate": -125.762, "eastBoundingCoordinate": -125.591, "northBoundingCoordinate": 46.611, "southBoundingCoordinate": 46.466}, "sizeMB": 0.47, "format": "ASCII"}, "olympex_avaps_D20151118_192455_P.QC.eol": {"temporal": ["2015-11-18T19:24:53.000Z", "2015-11-18T19:40:06.000Z"], "wnes_geometry": {"westBoundingCoordinate": -126.458, "eastBoundingCoordinate": -126.07, "northBoundingCoordinate": 47.426, "southBoundingCoordinate": 47.355}, "sizeMB": 0.5, "format": "ASCII"}, "olympex_avaps_D20151118_232923_P.QC.eol": {"temporal": ["2015-11-18T23:29:21.000Z", "2015-11-18T23:43:52.000Z"], "wnes_geometry": {"westBoundingCoordinate": -125.753, "eastBoundingCoordinate": -125.415, "northBoundingCoordinate": 46.648, "southBoundingCoordinate": 46.593}, "sizeMB": 0.48, "format": "ASCII"}, "olympex_avaps_D20151123_165332_P.QC.eol": {"temporal": ["2015-11-23T16:58:31.000Z", "2015-11-23T17:00:32.000Z"], "wnes_geometry": {"westBoundingCoordinate": -126.384, "eastBoundingCoordinate": -126.324, "northBoundingCoordinate": 47.718, "southBoundingCoordinate": 47.701}, "sizeMB": 0.07, "format": "ASCII"}, "olympex_avaps_D20151123_172641_P.QC.eol": {"temporal": ["2015-11-23T17:26:40.000Z", "2015-11-23T17:41:13.000Z"], "wnes_geometry": {"westBoundingCoordinate": -126.845, "eastBoundingCoordinate": -126.638, "northBoundingCoordinate": 47.216, "southBoundingCoordinate": 47.151}, "sizeMB": 0.48, "format": "ASCII"}, "olympex_avaps_D20151123_190625_P.QC.eol": {"temporal": ["2015-11-23T19:06:23.000Z", "2015-11-23T19:21:07.000Z"], "wnes_geometry": {"westBoundingCoordinate": -126.176, "eastBoundingCoordinate": -125.96, "northBoundingCoordinate": 48.202, "southBoundingCoordinate": 48.124}, "sizeMB": 0.49, "format": "ASCII"}, "olympex_avaps_D20151123_192147_P.QC.eol": {"temporal": ["2015-11-23T19:21:46.000Z", "2015-11-23T19:36:26.000Z"], "wnes_geometry": {"westBoundingCoordinate": -125.201, "eastBoundingCoordinate": -124.999, "northBoundingCoordinate": 47.673, "southBoundingCoordinate": 47.598}, "sizeMB": 0.48, "format": "ASCII"}, "olympex_avaps_D20151123_193416_P.QC.eol": {"temporal": ["2015-11-23T19:34:14.000Z", "2015-11-23T19:48:48.000Z"], "wnes_geometry": {"westBoundingCoordinate": -126.125, "eastBoundingCoordinate": -125.908, "northBoundingCoordinate": 48.19, "southBoundingCoordinate": 48.109}, "sizeMB": 0.48, "format": "ASCII"}, "olympex_avaps_D20151124_174954_P.QC.eol": {"temporal": ["2015-11-24T17:49:53.000Z", "2015-11-24T18:03:57.000Z"], "wnes_geometry": {"westBoundingCoordinate": -125.64, "eastBoundingCoordinate": -125.536, "northBoundingCoordinate": 47.282, "southBoundingCoordinate": 47.16}, "sizeMB": 0.46, "format": "ASCII"}, "olympex_avaps_D20151124_175941_P.QC.eol": {"temporal": ["2015-11-24T17:59:39.000Z", "2015-11-24T18:13:56.000Z"], "wnes_geometry": {"westBoundingCoordinate": -126.884, "eastBoundingCoordinate": -126.784, "northBoundingCoordinate": 47.007, "southBoundingCoordinate": 46.834}, "sizeMB": 0.47, "format": "ASCII"}, "olympex_avaps_D20151125_182231_P.QC.eol": {"temporal": ["2015-11-25T18:22:29.000Z", "2015-11-25T18:37:21.000Z"], "wnes_geometry": {"westBoundingCoordinate": -126.341, "eastBoundingCoordinate": -126.21, "northBoundingCoordinate": 47.512, "southBoundingCoordinate": 47.354}, "sizeMB": 0.49, "format": "ASCII"}, "olympex_avaps_D20151201_222122_P.QC.eol": {"temporal": ["2015-12-01T22:21:21.000Z", "2015-12-01T22:35:30.000Z"], "wnes_geometry": {"westBoundingCoordinate": -125.033, "eastBoundingCoordinate": -124.855, "northBoundingCoordinate": 47.163, "southBoundingCoordinate": 47.014}, "sizeMB": 0.47, "format": "ASCII"}, "olympex_avaps_D20151203_154214_P.QC.eol": {"temporal": ["2015-12-03T15:42:13.000Z", "2015-12-03T15:56:14.000Z"], "wnes_geometry": {"westBoundingCoordinate": -124.949, "eastBoundingCoordinate": -124.894, "northBoundingCoordinate": 47.365, "southBoundingCoordinate": 47.114}, "sizeMB": 0.46, "format": "ASCII"}, "olympex_avaps_D20151204_134848_P.QC.eol": {"temporal": ["2015-12-04T13:48:47.000Z", "2015-12-04T14:02:54.000Z"], "wnes_geometry": {"westBoundingCoordinate": -125.053, "eastBoundingCoordinate": -124.923, "northBoundingCoordinate": 47.395, "southBoundingCoordinate": 47.386}, "sizeMB": 0.47, "format": "ASCII"}, "olympex_avaps_D20151204_160722_P.QC.eol": {"temporal": ["2015-12-04T16:07:20.000Z", "2015-12-04T16:21:25.000Z"], "wnes_geometry": {"westBoundingCoordinate": -125.106, "eastBoundingCoordinate": -124.982, "northBoundingCoordinate": 46.967, "southBoundingCoordinate": 46.957}, "sizeMB": 0.46, "format": "ASCII"}, "olympex_avaps_D20151205_154133_P.QC.eol": {"temporal": ["2015-12-05T15:41:31.000Z", "2015-12-05T15:56:00.000Z"], "wnes_geometry": {"westBoundingCoordinate": -125.503, "eastBoundingCoordinate": -125.302, "northBoundingCoordinate": 47.099, "southBoundingCoordinate": 46.9}, "sizeMB": 0.48, "format": "ASCII"}, "olympex_avaps_D20151205_173637_P.QC.eol": {"temporal": ["2015-12-05T17:36:36.000Z", "2015-12-05T17:50:53.000Z"], "wnes_geometry": {"westBoundingCoordinate": -125.589, "eastBoundingCoordinate": -125.407, "northBoundingCoordinate": 46.867, "southBoundingCoordinate": 46.669}, "sizeMB": 0.47, "format": "ASCII"}, "olympex_avaps_D20151208_143021_P.QC.eol": {"temporal": ["2015-12-08T14:30:20.000Z", "2015-12-08T14:44:43.000Z"], "wnes_geometry": {"westBoundingCoordinate": -125.094, "eastBoundingCoordinate": -124.713, "northBoundingCoordinate": 47.107, "southBoundingCoordinate": 47.012}, "sizeMB": 0.47, "format": "ASCII"}, "olympex_avaps_D20151208_160735_P.QC.eol": {"temporal": ["2015-12-08T16:07:34.000Z", "2015-12-08T16:22:05.000Z"], "wnes_geometry": {"westBoundingCoordinate": -124.932, "eastBoundingCoordinate": -124.564, "northBoundingCoordinate": 47.018, "southBoundingCoordinate": 46.933}, "sizeMB": 0.48, "format": "ASCII"}, "olympex_avaps_D20151208_161609_P.QC.eol": {"temporal": ["2015-12-08T16:16:07.000Z", "2015-12-08T16:30:05.000Z"], "wnes_geometry": {"westBoundingCoordinate": -126.174, "eastBoundingCoordinate": -125.735, "northBoundingCoordinate": 47.445, "southBoundingCoordinate": 47.321}, "sizeMB": 0.46, "format": "ASCII"}, "olympex_avaps_D20151208_162554_P.QC.eol": {"temporal": ["2015-12-08T16:25:52.000Z", "2015-12-08T16:40:07.000Z"], "wnes_geometry": {"westBoundingCoordinate": -127.545, "eastBoundingCoordinate": -127.063, "northBoundingCoordinate": 47.871, "southBoundingCoordinate": 47.725}, "sizeMB": 0.47, "format": "ASCII"}, "olympex_avaps_D20151208_163832_P.QC.eol": {"temporal": ["2015-12-08T16:38:30.000Z", "2015-12-08T16:52:49.000Z"], "wnes_geometry": {"westBoundingCoordinate": -128.876, "eastBoundingCoordinate": -128.359, "northBoundingCoordinate": 48.075, "southBoundingCoordinate": 47.931}, "sizeMB": 0.47, "format": "ASCII"}, "olympex_avaps_D20151208_181006_P.QC.eol": {"temporal": ["2015-12-08T18:10:05.000Z", "2015-12-08T18:24:45.000Z"], "wnes_geometry": {"westBoundingCoordinate": -125.164, "eastBoundingCoordinate": -124.784, "northBoundingCoordinate": 47.002, "southBoundingCoordinate": 46.887}, "sizeMB": 0.48, "format": "ASCII"}, "olympex_avaps_D20151210_154303_P.QC.eol": {"temporal": ["2015-12-10T15:43:01.000Z", "2015-12-10T15:56:53.000Z"], "wnes_geometry": {"westBoundingCoordinate": -125.278, "eastBoundingCoordinate": -125.086, "northBoundingCoordinate": 46.907, "southBoundingCoordinate": 46.789}, "sizeMB": 0.46, "format": "ASCII"}, "olympex_avaps_D20151210_172027_P.QC.eol": {"temporal": ["2015-12-10T17:20:25.000Z", "2015-12-10T17:34:16.000Z"], "wnes_geometry": {"westBoundingCoordinate": -125.375, "eastBoundingCoordinate": -125.143, "northBoundingCoordinate": 46.875, "southBoundingCoordinate": 46.771}, "sizeMB": 0.46, "format": "ASCII"}, "olympex_avaps_D20151210_182755_P.QC.eol": {"temporal": ["2015-12-10T18:27:54.000Z", "2015-12-10T18:41:49.000Z"], "wnes_geometry": {"westBoundingCoordinate": -125.402, "eastBoundingCoordinate": -125.194, "northBoundingCoordinate": 46.856, "southBoundingCoordinate": 46.745}, "sizeMB": 0.46, "format": "ASCII"}, "olympex_avaps_D20151212_163657_P.QC.eol": {"temporal": ["2015-12-12T16:36:55.000Z", "2015-12-12T16:46:11.000Z"], "wnes_geometry": {"westBoundingCoordinate": -125.272, "eastBoundingCoordinate": -125.04, "northBoundingCoordinate": 47.116, "southBoundingCoordinate": 47.08}, "sizeMB": 0.31, "format": "ASCII"}, "olympex_avaps_D20151212_163842_P.QC.eol": {"temporal": ["2015-12-12T16:38:41.000Z", "2015-12-12T16:52:35.000Z"], "wnes_geometry": {"westBoundingCoordinate": -125.514, "eastBoundingCoordinate": -125.16, "northBoundingCoordinate": 47.08, "southBoundingCoordinate": 47.026}, "sizeMB": 0.46, "format": "ASCII"}, "olympex_avaps_D20151212_164225_P.QC.eol": {"temporal": ["2015-12-12T16:42:23.000Z", "2015-12-12T16:56:29.000Z"], "wnes_geometry": {"westBoundingCoordinate": -126.023, "eastBoundingCoordinate": -125.634, "northBoundingCoordinate": 46.98, "southBoundingCoordinate": 46.934}, "sizeMB": 0.47, "format": "ASCII"}, "olympex_avaps_D20151212_164608_P.QC.eol": {"temporal": ["2015-12-12T16:46:06.000Z", "2015-12-12T17:00:23.000Z"], "wnes_geometry": {"westBoundingCoordinate": -126.527, "eastBoundingCoordinate": -126.12, "northBoundingCoordinate": 46.897, "southBoundingCoordinate": 46.844}, "sizeMB": 0.47, "format": "ASCII"}, "olympex_avaps_D20151212_170718_P.QC.eol": {"temporal": ["2015-12-12T17:07:16.000Z", "2015-12-12T17:21:32.000Z"], "wnes_geometry": {"westBoundingCoordinate": -128.284, "eastBoundingCoordinate": -127.817, "northBoundingCoordinate": 46.331, "southBoundingCoordinate": 46.298}, "sizeMB": 0.47, "format": "ASCII"}, "olympex_avaps_D20151212_170930_P.QC.eol": {"temporal": ["2015-12-12T17:09:29.000Z", "2015-12-12T17:23:56.000Z"], "wnes_geometry": {"westBoundingCoordinate": -127.805, "eastBoundingCoordinate": -127.343, "northBoundingCoordinate": 46.429, "southBoundingCoordinate": 46.395}, "sizeMB": 0.48, "format": "ASCII"}, "olympex_avaps_D20151212_171123_P.QC.eol": {"temporal": ["2015-12-12T17:11:22.000Z", "2015-12-12T17:25:22.000Z"], "wnes_geometry": {"westBoundingCoordinate": -127.389, "eastBoundingCoordinate": -126.956, "northBoundingCoordinate": 46.511, "southBoundingCoordinate": 46.474}, "sizeMB": 0.46, "format": "ASCII"}, "olympex_avaps_D20151212_171316_P.QC.eol": {"temporal": ["2015-12-12T17:13:15.000Z", "2015-12-12T17:27:21.000Z"], "wnes_geometry": {"westBoundingCoordinate": -126.97, "eastBoundingCoordinate": -126.542, "northBoundingCoordinate": 46.596, "southBoundingCoordinate": 46.551}, "sizeMB": 0.47, "format": "ASCII"}, "olympex_avaps_D20151212_204302_P.QC.eol": {"temporal": ["2015-12-12T20:43:01.000Z", "2015-12-12T20:56:52.000Z"], "wnes_geometry": {"westBoundingCoordinate": -125.952, "eastBoundingCoordinate": -125.485, "northBoundingCoordinate": 46.637, "southBoundingCoordinate": 46.587}, "sizeMB": 0.46, "format": "ASCII"}, "olympex_avaps_D20151213_144448_P.QC.eol": {"temporal": ["2015-12-13T14:44:47.000Z", "2015-12-13T14:58:42.000Z"], "wnes_geometry": {"westBoundingCoordinate": -125.903, "eastBoundingCoordinate": -125.728, "northBoundingCoordinate": 47.073, "southBoundingCoordinate": 47.026}, "sizeMB": 0.46, "format": "ASCII"}, "olympex_avaps_D20151213_150358_P.QC.eol": {"temporal": ["2015-12-13T15:03:56.000Z", "2015-12-13T15:18:23.000Z"], "wnes_geometry": {"westBoundingCoordinate": -125.258, "eastBoundingCoordinate": -125.128, "northBoundingCoordinate": 48, "southBoundingCoordinate": 47.967}, "sizeMB": 0.48, "format": "ASCII"}, "olympex_avaps_D20151213_170729_P.QC.eol": {"temporal": ["2015-12-13T17:07:28.000Z", "2015-12-13T17:21:08.000Z"], "wnes_geometry": {"westBoundingCoordinate": -125.75, "eastBoundingCoordinate": -125.627, "northBoundingCoordinate": 47.838, "southBoundingCoordinate": 47.773}, "sizeMB": 0.45, "format": "ASCII"}, "olympex_avaps_D20151218_052505_P.QC.eol": {"temporal": ["2015-12-18T05:25:04.000Z", "2015-12-18T05:39:06.000Z"], "wnes_geometry": {"westBoundingCoordinate": -124.991, "eastBoundingCoordinate": -124.78, "northBoundingCoordinate": 47.484, "southBoundingCoordinate": 47.291}, "sizeMB": 0.46, "format": "ASCII"}, "olympex_avaps_D20151218_052620_P.QC.eol": {"temporal": ["2015-12-18T05:26:19.000Z", "2015-12-18T05:40:33.000Z"], "wnes_geometry": {"westBoundingCoordinate": -125.188, "eastBoundingCoordinate": -124.975, "northBoundingCoordinate": 47.5, "southBoundingCoordinate": 47.292}, "sizeMB": 0.47, "format": "ASCII"}, "olympex_avaps_D20151218_054550_P.QC.eol": {"temporal": ["2015-12-18T05:45:48.000Z", "2015-12-18T05:59:29.000Z"], "wnes_geometry": {"westBoundingCoordinate": -127.566, "eastBoundingCoordinate": -127.401, "northBoundingCoordinate": 47.757, "southBoundingCoordinate": 47.576}, "sizeMB": 0.45, "format": "ASCII"}, "olympex_avaps_D20151218_054854_P.QC.eol": {"temporal": ["2015-12-18T05:48:52.000Z", "2015-12-18T06:03:18.000Z"], "wnes_geometry": {"westBoundingCoordinate": -126.957, "eastBoundingCoordinate": -126.766, "northBoundingCoordinate": 47.74, "southBoundingCoordinate": 47.529}, "sizeMB": 0.48, "format": "ASCII"}, "olympex_avaps_D20151218_055629_P.QC.eol": {"temporal": ["2015-12-18T05:56:27.000Z", "2015-12-18T06:10:31.000Z"], "wnes_geometry": {"westBoundingCoordinate": -125.456, "eastBoundingCoordinate": -125.246, "northBoundingCoordinate": 47.607, "southBoundingCoordinate": 47.401}, "sizeMB": 0.46, "format": "ASCII"}, "olympex_avaps_D20151218_055748_P.QC.eol": {"temporal": ["2015-12-18T05:57:46.000Z", "2015-12-18T06:11:39.000Z"], "wnes_geometry": {"westBoundingCoordinate": -125.199, "eastBoundingCoordinate": -124.999, "northBoundingCoordinate": 47.57, "southBoundingCoordinate": 47.376}, "sizeMB": 0.46, "format": "ASCII"}, "olympex_avaps_D20151219_020818_P.QC.eol": {"temporal": ["2015-12-19T02:08:17.000Z", "2015-12-19T02:22:17.000Z"], "wnes_geometry": {"westBoundingCoordinate": -125.931, "eastBoundingCoordinate": -125.812, "northBoundingCoordinate": 46.493, "southBoundingCoordinate": 46.433}, "sizeMB": 0.46, "format": "ASCII"}, "olympex_avaps_D20151219_021018_P.QC.eol": {"temporal": ["2015-12-19T02:10:17.000Z", "2015-12-19T02:23:52.000Z"], "wnes_geometry": {"westBoundingCoordinate": -125.623, "eastBoundingCoordinate": -125.5, "northBoundingCoordinate": 46.653, "southBoundingCoordinate": 46.59}, "sizeMB": 0.45, "format": "ASCII"}}