{"wff_apu12_rainparameter_min.wal": {"temporal": ["2013-05-08T21:26:00.000Z", "2014-10-08T05:30:00.000Z"], "wnes_geometry": {"westBoundingCoordinate": -75.571, "eastBoundingCoordinate": -75.371, "northBoundingCoordinate": 38.035, "southBoundingCoordinate": 37.834}, "sizeMB": 3.08, "format": "Not provided"}, "wff_apu12_raindsd_min.wal": {"temporal": ["2013-05-08T21:26:00.000Z", "2014-10-08T05:30:00.000Z"], "wnes_geometry": {"westBoundingCoordinate": -75.571, "eastBoundingCoordinate": -75.371, "northBoundingCoordinate": 38.035, "southBoundingCoordinate": 37.834}, "sizeMB": 10.39, "format": "Not provided"}, "wff_apu12_dropcounts_min.wal": {"temporal": ["2013-05-08T21:26:00.000Z", "2014-10-08T05:30:00.000Z"], "wnes_geometry": {"westBoundingCoordinate": -75.571, "eastBoundingCoordinate": -75.371, "northBoundingCoordinate": 38.035, "southBoundingCoordinate": 37.834}, "sizeMB": 5.52, "format": "Not provided"}, "wff_apu12_raindsd_min_ter.wal": {"temporal": ["2013-05-08T21:26:00.000Z", "2014-10-08T05:30:00.000Z"], "wnes_geometry": {"westBoundingCoordinate": -75.571, "eastBoundingCoordinate": -75.371, "northBoundingCoordinate": 38.035, "southBoundingCoordinate": 37.834}, "sizeMB": 10.39, "format": "Not provided"}, "wff_apu12_rainparameter_min_ter.wal": {"temporal": ["2013-05-08T21:26:00.000Z", "2014-10-08T05:30:00.000Z"], "wnes_geometry": {"westBoundingCoordinate": -75.571, "eastBoundingCoordinate": -75.371, "northBoundingCoordinate": 38.035, "southBoundingCoordinate": 37.834}, "sizeMB": 3.08, "format": "Not provided"}, "wff_apu12_rainevent.wal": {"temporal": ["2013-05-08T21:26:00.000Z", "2014-10-08T05:30:00.000Z"], "wnes_geometry": {"westBoundingCoordinate": -75.571, "eastBoundingCoordinate": -75.371, "northBoundingCoordinate": 38.035, "southBoundingCoordinate": 37.834}, "sizeMB": 0.01, "format": "Not provided"}, "wff_apu16_rainparameter_min.wal": {"temporal": ["2013-06-13T19:48:00.000Z", "2014-03-31T19:56:00.000Z"], "wnes_geometry": {"westBoundingCoordinate": -75.573, "eastBoundingCoordinate": -75.373, "northBoundingCoordinate": 38.029, "southBoundingCoordinate": 37.829}, "sizeMB": 3.49, "format": "Not provided"}, "wff_apu16_rainparameter_min_ter.wal": {"temporal": ["2013-06-13T19:48:00.000Z", "2014-03-31T19:56:00.000Z"], "wnes_geometry": {"westBoundingCoordinate": -75.573, "eastBoundingCoordinate": -75.373, "northBoundingCoordinate": 38.029, "southBoundingCoordinate": 37.829}, "sizeMB": 3.49, "format": "Not provided"}, "wff_apu16_dropcounts_min.wal": {"temporal": ["2013-06-13T19:48:00.000Z", "2014-03-31T19:56:00.000Z"], "wnes_geometry": {"westBoundingCoordinate": -75.573, "eastBoundingCoordinate": -75.373, "northBoundingCoordinate": 38.029, "southBoundingCoordinate": 37.829}, "sizeMB": 6.25, "format": "Not provided"}, "wff_apu16_raindsd_min_ter.wal": {"temporal": ["2013-06-13T19:48:00.000Z", "2014-03-31T19:56:00.000Z"], "wnes_geometry": {"westBoundingCoordinate": -75.573, "eastBoundingCoordinate": -75.373, "northBoundingCoordinate": 38.029, "southBoundingCoordinate": 37.829}, "sizeMB": 11.78, "format": "Not provided"}, "wff_apu16_raindsd_min.wal": {"temporal": ["2013-06-13T19:48:00.000Z", "2014-03-31T19:56:00.000Z"], "wnes_geometry": {"westBoundingCoordinate": -75.573, "eastBoundingCoordinate": -75.373, "northBoundingCoordinate": 38.029, "southBoundingCoordinate": 37.829}, "sizeMB": 11.78, "format": "Not provided"}, "wff_apu16_rainevent.wal": {"temporal": ["2013-06-13T21:09:00.000Z", "2014-03-31T02:27:00.000Z"], "wnes_geometry": {"westBoundingCoordinate": -75.573, "eastBoundingCoordinate": -75.373, "northBoundingCoordinate": 38.029, "southBoundingCoordinate": 37.829}, "sizeMB": 0.01, "format": "Not provided"}, "wff_apu15_dropcounts_min.wal": {"temporal": ["2013-06-14T21:11:00.000Z", "2014-05-16T21:47:00.000Z"], "wnes_geometry": {"westBoundingCoordinate": -75.566, "eastBoundingCoordinate": -75.366, "northBoundingCoordinate": 38.037, "southBoundingCoordinate": 37.837}, "sizeMB": 5.36, "format": "Not provided"}, "wff_apu15_raindsd_min.wal": {"temporal": ["2013-06-14T21:11:00.000Z", "2014-05-16T21:47:00.000Z"], "wnes_geometry": {"westBoundingCoordinate": -75.566, "eastBoundingCoordinate": -75.366, "northBoundingCoordinate": 38.037, "southBoundingCoordinate": 37.837}, "sizeMB": 10.1, "format": "Not provided"}, "wff_apu15_rainevent.wal": {"temporal": ["2013-06-14T21:11:00.000Z", "2014-03-31T00:49:00.000Z"], "wnes_geometry": {"westBoundingCoordinate": -75.566, "eastBoundingCoordinate": -75.366, "northBoundingCoordinate": 38.037, "southBoundingCoordinate": 37.837}, "sizeMB": 0.01, "format": "Not provided"}, "wff_apu15_rainparameter_min.wal": {"temporal": ["2013-06-14T21:11:00.000Z", "2014-05-16T21:47:00.000Z"], "wnes_geometry": {"westBoundingCoordinate": -75.566, "eastBoundingCoordinate": -75.366, "northBoundingCoordinate": 38.037, "southBoundingCoordinate": 37.837}, "sizeMB": 2.99, "format": "Not provided"}, "wff_apu15_rainparameter_min_ter.wal": {"temporal": ["2013-06-14T21:11:00.000Z", "2014-05-16T21:47:00.000Z"], "wnes_geometry": {"westBoundingCoordinate": -75.566, "eastBoundingCoordinate": -75.366, "northBoundingCoordinate": 38.037, "southBoundingCoordinate": 37.837}, "sizeMB": 2.99, "format": "Not provided"}, "wff_apu15_raindsd_min_ter.wal": {"temporal": ["2013-06-14T21:11:00.000Z", "2014-05-16T21:47:00.000Z"], "wnes_geometry": {"westBoundingCoordinate": -75.566, "eastBoundingCoordinate": -75.366, "northBoundingCoordinate": 38.037, "southBoundingCoordinate": 37.837}, "sizeMB": 10.1, "format": "Not provided"}, "wff_apu11_raindsd_min.wal": {"temporal": ["2013-11-26T17:21:00.000Z", "2014-05-19T16:30:00.000Z"], "wnes_geometry": {"westBoundingCoordinate": -75.564, "eastBoundingCoordinate": -75.364, "northBoundingCoordinate": 38.044, "southBoundingCoordinate": 37.844}, "sizeMB": 7.8, "format": "Not provided"}, "wff_apu11_rainparameter_min.wal": {"temporal": ["2013-11-26T17:21:00.000Z", "2014-05-19T16:30:00.000Z"], "wnes_geometry": {"westBoundingCoordinate": -75.564, "eastBoundingCoordinate": -75.364, "northBoundingCoordinate": 38.044, "southBoundingCoordinate": 37.844}, "sizeMB": 2.31, "format": "Not provided"}, "wff_apu11_rainevent.wal": {"temporal": ["2013-11-26T17:21:00.000Z", "2014-03-31T02:27:00.000Z"], "wnes_geometry": {"westBoundingCoordinate": -75.564, "eastBoundingCoordinate": -75.364, "northBoundingCoordinate": 38.044, "southBoundingCoordinate": 37.844}, "sizeMB": 0, "format": "Not provided"}, "wff_apu11_dropcounts_min.wal": {"temporal": ["2013-11-26T17:21:00.000Z", "2014-05-19T16:30:00.000Z"], "wnes_geometry": {"westBoundingCoordinate": -75.564, "eastBoundingCoordinate": -75.364, "northBoundingCoordinate": 38.044, "southBoundingCoordinate": 37.844}, "sizeMB": 4.14, "format": "Not provided"}, "wff_apu11_raindsd_min_ter.wal": {"temporal": ["2013-11-26T17:21:00.000Z", "2014-05-19T16:30:00.000Z"], "wnes_geometry": {"westBoundingCoordinate": -75.564, "eastBoundingCoordinate": -75.364, "northBoundingCoordinate": 38.044, "southBoundingCoordinate": 37.844}, "sizeMB": 7.8, "format": "Not provided"}, "wff_apu11_rainparameter_min_ter.wal": {"temporal": ["2013-11-26T17:21:00.000Z", "2014-05-19T16:30:00.000Z"], "wnes_geometry": {"westBoundingCoordinate": -75.564, "eastBoundingCoordinate": -75.364, "northBoundingCoordinate": 38.044, "southBoundingCoordinate": 37.844}, "sizeMB": 2.31, "format": "Not provided"}, "wff_apu18_rainparameter_min_ter.wal": {"temporal": ["2013-11-26T17:59:00.000Z", "2014-05-16T21:39:00.000Z"], "wnes_geometry": {"westBoundingCoordinate": -75.556, "eastBoundingCoordinate": -75.356, "northBoundingCoordinate": 38.038, "southBoundingCoordinate": 37.838}, "sizeMB": 1, "format": "Not provided"}, "wff_apu18_rainevent.wal": {"temporal": ["2013-11-26T17:59:00.000Z", "2014-05-11T00:59:00.000Z"], "wnes_geometry": {"westBoundingCoordinate": -75.556, "eastBoundingCoordinate": -75.356, "northBoundingCoordinate": 38.038, "southBoundingCoordinate": 37.838}, "sizeMB": 0, "format": "Not provided"}, "wff_apu18_raindsd_min_ter.wal": {"temporal": ["2013-11-26T17:59:00.000Z", "2014-05-16T21:39:00.000Z"], "wnes_geometry": {"westBoundingCoordinate": -75.556, "eastBoundingCoordinate": -75.356, "northBoundingCoordinate": 38.038, "southBoundingCoordinate": 37.838}, "sizeMB": 3.38, "format": "Not provided"}, "wff_apu18_rainparameter_min.wal": {"temporal": ["2013-11-26T17:59:00.000Z", "2014-05-16T21:39:00.000Z"], "wnes_geometry": {"westBoundingCoordinate": -75.556, "eastBoundingCoordinate": -75.356, "northBoundingCoordinate": 38.038, "southBoundingCoordinate": 37.838}, "sizeMB": 1, "format": "Not provided"}, "wff_apu18_dropcounts_min.wal": {"temporal": ["2013-11-26T17:59:00.000Z", "2014-05-16T21:39:00.000Z"], "wnes_geometry": {"westBoundingCoordinate": -75.556, "eastBoundingCoordinate": -75.356, "northBoundingCoordinate": 38.038, "southBoundingCoordinate": 37.838}, "sizeMB": 1.8, "format": "Not provided"}, "wff_apu18_raindsd_min.wal": {"temporal": ["2013-11-26T17:59:00.000Z", "2014-05-16T21:39:00.000Z"], "wnes_geometry": {"westBoundingCoordinate": -75.556, "eastBoundingCoordinate": -75.356, "northBoundingCoordinate": 38.038, "southBoundingCoordinate": 37.838}, "sizeMB": 3.38, "format": "Not provided"}, "wff_apu17_raindsd_min_ter.wal": {"temporal": ["2013-11-26T18:13:00.000Z", "2014-03-31T18:46:00.000Z"], "wnes_geometry": {"westBoundingCoordinate": -75.581, "eastBoundingCoordinate": -75.381, "northBoundingCoordinate": 38.029, "southBoundingCoordinate": 37.829}, "sizeMB": 7.04, "format": "Not provided"}, "wff_apu17_dropcounts_min.wal": {"temporal": ["2013-11-26T18:13:00.000Z", "2014-03-31T18:46:00.000Z"], "wnes_geometry": {"westBoundingCoordinate": -75.581, "eastBoundingCoordinate": -75.381, "northBoundingCoordinate": 38.029, "southBoundingCoordinate": 37.829}, "sizeMB": 3.74, "format": "Not provided"}, "wff_apu17_rainparameter_min.wal": {"temporal": ["2013-11-26T18:13:00.000Z", "2014-03-31T18:46:00.000Z"], "wnes_geometry": {"westBoundingCoordinate": -75.581, "eastBoundingCoordinate": -75.381, "northBoundingCoordinate": 38.029, "southBoundingCoordinate": 37.829}, "sizeMB": 2.09, "format": "Not provided"}, "wff_apu17_rainparameter_min_ter.wal": {"temporal": ["2013-11-26T18:13:00.000Z", "2014-03-31T18:46:00.000Z"], "wnes_geometry": {"westBoundingCoordinate": -75.581, "eastBoundingCoordinate": -75.381, "northBoundingCoordinate": 38.029, "southBoundingCoordinate": 37.829}, "sizeMB": 2.09, "format": "Not provided"}, "wff_apu17_raindsd_min.wal": {"temporal": ["2013-11-26T18:13:00.000Z", "2014-03-31T18:46:00.000Z"], "wnes_geometry": {"westBoundingCoordinate": -75.581, "eastBoundingCoordinate": -75.381, "northBoundingCoordinate": 38.029, "southBoundingCoordinate": 37.829}, "sizeMB": 7.04, "format": "Not provided"}, "wff_apu17_rainevent.wal": {"temporal": ["2013-11-26T18:13:00.000Z", "2014-03-30T23:40:00.000Z"], "wnes_geometry": {"westBoundingCoordinate": -75.581, "eastBoundingCoordinate": -75.381, "northBoundingCoordinate": 38.029, "southBoundingCoordinate": 37.829}, "sizeMB": 0, "format": "Not provided"}}