{"olympex_ASO_USWA_OL_20140904_f1a1_mcc_bareDEM_3p0m_despiked.tif": {"temporal": ["2014-09-04T16:00:00.000Z", "2014-09-04T23:59:00.000Z"], "wnes_geometry": {"westBoundingCoordinate": -124.185, "eastBoundingCoordinate": -123.129, "northBoundingCoordinate": 48.091, "southBoundingCoordinate": 47.493}, "sizeMB": 2296.95, "format": "Not provided"}, "olympex_ASO_OL_20160208_09_SUPERsnow_depth_glacier.tif": {"temporal": ["2016-02-08T16:00:00.000Z", "2016-02-09T23:00:00.000Z"], "wnes_geometry": {"westBoundingCoordinate": -124.185, "eastBoundingCoordinate": -123.129, "northBoundingCoordinate": 48.091, "southBoundingCoordinate": 47.493}, "sizeMB": 2296.6, "format": "Not provided"}, "olympex_ASO_CASI_20160329_weekly_mosaic_classified_lidargrid.tif": {"temporal": ["2016-03-29T00:00:00.000Z", "2016-03-30T23:59:59.000Z"], "wnes_geometry": {"westBoundingCoordinate": -124.185, "eastBoundingCoordinate": -123.129, "northBoundingCoordinate": 48.091, "southBoundingCoordinate": 47.493}, "sizeMB": 1148.3, "format": "Not provided"}, "olympex_ASO_CASI_20160329_weekly_mosaic_rgb_lidargrid.tif": {"temporal": ["2016-03-29T00:00:00.000Z", "2016-03-30T23:59:59.000Z"], "wnes_geometry": {"westBoundingCoordinate": -124.185, "eastBoundingCoordinate": -123.129, "northBoundingCoordinate": 48.091, "southBoundingCoordinate": 47.493}, "sizeMB": 6889.79, "format": "Not provided"}, "olympex_ASO_OL_20160329_30_mega_classifier_3p0m.tif": {"temporal": ["2016-03-29T16:00:00.000Z", "2016-03-30T23:00:00.000Z"], "wnes_geometry": {"westBoundingCoordinate": -124.185, "eastBoundingCoordinate": -123.129, "northBoundingCoordinate": 48.091, "southBoundingCoordinate": 47.493}, "sizeMB": 1148.3, "format": "Not provided"}, "olympex_ASO_OL_20160329_30_SUPERsnow_depth_glacier.tif": {"temporal": ["2016-03-29T16:00:00.000Z", "2016-03-30T23:00:00.000Z"], "wnes_geometry": {"westBoundingCoordinate": -124.185, "eastBoundingCoordinate": -123.129, "northBoundingCoordinate": 48.091, "southBoundingCoordinate": 47.493}, "sizeMB": 2296.6, "format": "Not provided"}}