{"gcpex_20120114_admirari_lev02.asc": {"temporal": ["2012-01-14T00:00:00.000Z", "2012-01-14T23:59:59.000Z"], "wnes_geometry": {"westBoundingCoordinate": -79.82, "eastBoundingCoordinate": -79.73, "northBoundingCoordinate": 44.29, "southBoundingCoordinate": 44.18}, "sizeMB": 1.48, "format": "Not provided"}, "gcpex_20120114_admirari_lev01.asc": {"temporal": ["2012-01-14T00:00:00.000Z", "2012-01-14T23:59:59.000Z"], "wnes_geometry": {"westBoundingCoordinate": -79.82, "eastBoundingCoordinate": -79.73, "northBoundingCoordinate": 44.29, "southBoundingCoordinate": 44.18}, "sizeMB": 3.14, "format": "Not provided"}, "gcpex_20120115_admirari_lev01.asc": {"temporal": ["2012-01-15T00:00:00.000Z", "2012-01-15T23:59:59.000Z"], "wnes_geometry": {"westBoundingCoordinate": -79.82, "eastBoundingCoordinate": -79.73, "northBoundingCoordinate": 44.29, "southBoundingCoordinate": 44.18}, "sizeMB": 4.04, "format": "Not provided"}, "gcpex_20120115_admirari_lev02.asc": {"temporal": ["2012-01-15T00:00:00.000Z", "2012-01-15T23:59:59.000Z"], "wnes_geometry": {"westBoundingCoordinate": -79.82, "eastBoundingCoordinate": -79.73, "northBoundingCoordinate": 44.29, "southBoundingCoordinate": 44.18}, "sizeMB": 1.88, "format": "Not provided"}, "gcpex_20120116_admirari_lev02.asc": {"temporal": ["2012-01-16T00:00:00.000Z", "2012-01-16T23:59:59.000Z"], "wnes_geometry": {"westBoundingCoordinate": -79.82, "eastBoundingCoordinate": -79.73, "northBoundingCoordinate": 44.29, "southBoundingCoordinate": 44.18}, "sizeMB": 1.58, "format": "Not provided"}, "gcpex_20120116_admirari_lev01.asc": {"temporal": ["2012-01-16T00:00:00.000Z", "2012-01-16T23:59:59.000Z"], "wnes_geometry": {"westBoundingCoordinate": -79.82, "eastBoundingCoordinate": -79.73, "northBoundingCoordinate": 44.29, "southBoundingCoordinate": 44.18}, "sizeMB": 3.37, "format": "Not provided"}, "gcpex_20120117_admirari_lev01.asc": {"temporal": ["2012-01-17T00:00:00.000Z", "2012-01-17T23:59:59.000Z"], "wnes_geometry": {"westBoundingCoordinate": -79.82, "eastBoundingCoordinate": -79.73, "northBoundingCoordinate": 44.29, "southBoundingCoordinate": 44.18}, "sizeMB": 2.1, "format": "Not provided"}, "gcpex_20120117_admirari_lev02.asc": {"temporal": ["2012-01-17T00:00:00.000Z", "2012-01-17T23:59:59.000Z"], "wnes_geometry": {"westBoundingCoordinate": -79.82, "eastBoundingCoordinate": -79.73, "northBoundingCoordinate": 44.29, "southBoundingCoordinate": 44.18}, "sizeMB": 1.03, "format": "Not provided"}, "gcpex_20120118_admirari_lev01.asc": {"temporal": ["2012-01-18T00:00:00.000Z", "2012-01-18T23:59:59.000Z"], "wnes_geometry": {"westBoundingCoordinate": -79.82, "eastBoundingCoordinate": -79.73, "northBoundingCoordinate": 44.29, "southBoundingCoordinate": 44.18}, "sizeMB": 3.15, "format": "Not provided"}, "gcpex_20120118_admirari_lev02.asc": {"temporal": ["2012-01-18T00:00:00.000Z", "2012-01-18T23:59:59.000Z"], "wnes_geometry": {"westBoundingCoordinate": -79.82, "eastBoundingCoordinate": -79.73, "northBoundingCoordinate": 44.29, "southBoundingCoordinate": 44.18}, "sizeMB": 1.49, "format": "Not provided"}, "gcpex_20120119_admirari_lev01.asc": {"temporal": ["2012-01-19T00:00:00.000Z", "2012-01-19T23:59:59.000Z"], "wnes_geometry": {"westBoundingCoordinate": -79.82, "eastBoundingCoordinate": -79.73, "northBoundingCoordinate": 44.29, "southBoundingCoordinate": 44.18}, "sizeMB": 3.64, "format": "Not provided"}, "gcpex_20120119_admirari_lev02.asc": {"temporal": ["2012-01-19T00:00:00.000Z", "2012-01-19T23:59:59.000Z"], "wnes_geometry": {"westBoundingCoordinate": -79.82, "eastBoundingCoordinate": -79.73, "northBoundingCoordinate": 44.29, "southBoundingCoordinate": 44.18}, "sizeMB": 1.75, "format": "Not provided"}, "gcpex_20120120_admirari_lev02.asc": {"temporal": ["2012-01-20T00:00:00.000Z", "2012-01-20T23:59:59.000Z"], "wnes_geometry": {"westBoundingCoordinate": -79.82, "eastBoundingCoordinate": -79.73, "northBoundingCoordinate": 44.29, "southBoundingCoordinate": 44.18}, "sizeMB": 1.73, "format": "Not provided"}, "gcpex_20120120_admirari_lev01.asc": {"temporal": ["2012-01-20T00:00:00.000Z", "2012-01-20T23:59:59.000Z"], "wnes_geometry": {"westBoundingCoordinate": -79.82, "eastBoundingCoordinate": -79.73, "northBoundingCoordinate": 44.29, "southBoundingCoordinate": 44.18}, "sizeMB": 3.58, "format": "Not provided"}, "gcpex_20120121_admirari_lev02.asc": {"temporal": ["2012-01-21T00:00:00.000Z", "2012-01-21T23:59:59.000Z"], "wnes_geometry": {"westBoundingCoordinate": -79.82, "eastBoundingCoordinate": -79.73, "northBoundingCoordinate": 44.29, "southBoundingCoordinate": 44.18}, "sizeMB": 1.21, "format": "Not provided"}, "gcpex_20120121_admirari_lev01.asc": {"temporal": ["2012-01-21T00:00:00.000Z", "2012-01-21T23:59:59.000Z"], "wnes_geometry": {"westBoundingCoordinate": -79.82, "eastBoundingCoordinate": -79.73, "northBoundingCoordinate": 44.29, "southBoundingCoordinate": 44.18}, "sizeMB": 2.57, "format": "Not provided"}, "gcpex_20120122_admirari_lev02.asc": {"temporal": ["2012-01-22T00:00:00.000Z", "2012-01-22T23:59:59.000Z"], "wnes_geometry": {"westBoundingCoordinate": -79.82, "eastBoundingCoordinate": -79.73, "northBoundingCoordinate": 44.29, "southBoundingCoordinate": 44.18}, "sizeMB": 1.06, "format": "Not provided"}, "gcpex_20120122_admirari_lev01.asc": {"temporal": ["2012-01-22T00:00:00.000Z", "2012-01-22T23:59:59.000Z"], "wnes_geometry": {"westBoundingCoordinate": -79.82, "eastBoundingCoordinate": -79.73, "northBoundingCoordinate": 44.29, "southBoundingCoordinate": 44.18}, "sizeMB": 2.23, "format": "Not provided"}, "gcpex_20120123_admirari_lev02.asc": {"temporal": ["2012-01-23T00:00:00.000Z", "2012-01-23T23:59:59.000Z"], "wnes_geometry": {"westBoundingCoordinate": -79.82, "eastBoundingCoordinate": -79.73, "northBoundingCoordinate": 44.29, "southBoundingCoordinate": 44.18}, "sizeMB": 1.21, "format": "Not provided"}, "gcpex_20120123_admirari_lev01.asc": {"temporal": ["2012-01-23T00:00:00.000Z", "2012-01-23T23:59:59.000Z"], "wnes_geometry": {"westBoundingCoordinate": -79.82, "eastBoundingCoordinate": -79.73, "northBoundingCoordinate": 44.29, "southBoundingCoordinate": 44.18}, "sizeMB": 2.43, "format": "Not provided"}, "gcpex_20120124_admirari_lev02.asc": {"temporal": ["2012-01-24T00:00:00.000Z", "2012-01-24T23:59:59.000Z"], "wnes_geometry": {"westBoundingCoordinate": -79.82, "eastBoundingCoordinate": -79.73, "northBoundingCoordinate": 44.29, "southBoundingCoordinate": 44.18}, "sizeMB": 1.46, "format": "Not provided"}, "gcpex_20120124_admirari_lev01.asc": {"temporal": ["2012-01-24T00:00:00.000Z", "2012-01-24T23:59:59.000Z"], "wnes_geometry": {"westBoundingCoordinate": -79.82, "eastBoundingCoordinate": -79.73, "northBoundingCoordinate": 44.29, "southBoundingCoordinate": 44.18}, "sizeMB": 2.94, "format": "Not provided"}, "gcpex_20120126_admirari_lev02.asc": {"temporal": ["2012-01-26T00:00:00.000Z", "2012-01-26T23:59:59.000Z"], "wnes_geometry": {"westBoundingCoordinate": -79.82, "eastBoundingCoordinate": -79.73, "northBoundingCoordinate": 44.29, "southBoundingCoordinate": 44.18}, "sizeMB": 1.34, "format": "Not provided"}, "gcpex_20120126_admirari_lev01.asc": {"temporal": ["2012-01-26T00:00:00.000Z", "2012-01-26T23:59:59.000Z"], "wnes_geometry": {"westBoundingCoordinate": -79.82, "eastBoundingCoordinate": -79.73, "northBoundingCoordinate": 44.29, "southBoundingCoordinate": 44.18}, "sizeMB": 2.72, "format": "Not provided"}, "gcpex_20120127_admirari_lev02.asc": {"temporal": ["2012-01-27T00:00:00.000Z", "2012-01-27T23:59:59.000Z"], "wnes_geometry": {"westBoundingCoordinate": -79.82, "eastBoundingCoordinate": -79.73, "northBoundingCoordinate": 44.29, "southBoundingCoordinate": 44.18}, "sizeMB": 1.41, "format": "Not provided"}, "gcpex_20120127_admirari_lev01.asc": {"temporal": ["2012-01-27T00:00:00.000Z", "2012-01-27T23:59:59.000Z"], "wnes_geometry": {"westBoundingCoordinate": -79.82, "eastBoundingCoordinate": -79.73, "northBoundingCoordinate": 44.29, "southBoundingCoordinate": 44.18}, "sizeMB": 2.87, "format": "Not provided"}, "gcpex_20120128_admirari_lev01.asc": {"temporal": ["2012-01-28T00:00:00.000Z", "2012-01-28T23:59:59.000Z"], "wnes_geometry": {"westBoundingCoordinate": -79.82, "eastBoundingCoordinate": -79.73, "northBoundingCoordinate": 44.29, "southBoundingCoordinate": 44.18}, "sizeMB": 3.14, "format": "Not provided"}, "gcpex_20120128_admirari_lev02.asc": {"temporal": ["2012-01-28T00:00:00.000Z", "2012-01-28T23:59:59.000Z"], "wnes_geometry": {"westBoundingCoordinate": -79.82, "eastBoundingCoordinate": -79.73, "northBoundingCoordinate": 44.29, "southBoundingCoordinate": 44.18}, "sizeMB": 1.5, "format": "Not provided"}, "gcpex_20120129_admirari_lev01.asc": {"temporal": ["2012-01-29T00:00:00.000Z", "2012-01-29T23:59:59.000Z"], "wnes_geometry": {"westBoundingCoordinate": -79.82, "eastBoundingCoordinate": -79.73, "northBoundingCoordinate": 44.29, "southBoundingCoordinate": 44.18}, "sizeMB": 3.12, "format": "Not provided"}, "gcpex_20120129_admirari_lev02.asc": {"temporal": ["2012-01-29T00:00:00.000Z", "2012-01-29T23:59:59.000Z"], "wnes_geometry": {"westBoundingCoordinate": -79.82, "eastBoundingCoordinate": -79.73, "northBoundingCoordinate": 44.29, "southBoundingCoordinate": 44.18}, "sizeMB": 1.48, "format": "Not provided"}, "gcpex_20120130_admirari_lev01.asc": {"temporal": ["2012-01-30T00:00:00.000Z", "2012-01-30T23:59:59.000Z"], "wnes_geometry": {"westBoundingCoordinate": -79.82, "eastBoundingCoordinate": -79.73, "northBoundingCoordinate": 44.29, "southBoundingCoordinate": 44.18}, "sizeMB": 3.14, "format": "Not provided"}, "gcpex_20120130_admirari_lev02.asc": {"temporal": ["2012-01-30T00:00:00.000Z", "2012-01-30T23:59:59.000Z"], "wnes_geometry": {"westBoundingCoordinate": -79.82, "eastBoundingCoordinate": -79.73, "northBoundingCoordinate": 44.29, "southBoundingCoordinate": 44.18}, "sizeMB": 1.51, "format": "Not provided"}, "gcpex_20120131_admirari_lev01.asc": {"temporal": ["2012-01-31T00:00:00.000Z", "2012-01-31T23:59:59.000Z"], "wnes_geometry": {"westBoundingCoordinate": -79.82, "eastBoundingCoordinate": -79.73, "northBoundingCoordinate": 44.29, "southBoundingCoordinate": 44.18}, "sizeMB": 3.13, "format": "Not provided"}, "gcpex_20120131_admirari_lev02.asc": {"temporal": ["2012-01-31T00:00:00.000Z", "2012-01-31T23:59:59.000Z"], "wnes_geometry": {"westBoundingCoordinate": -79.82, "eastBoundingCoordinate": -79.73, "northBoundingCoordinate": 44.29, "southBoundingCoordinate": 44.18}, "sizeMB": 1.51, "format": "Not provided"}, "gcpex_20120201_admirari_lev01.asc": {"temporal": ["2012-02-01T00:00:00.000Z", "2012-02-01T23:59:59.000Z"], "wnes_geometry": {"westBoundingCoordinate": -79.82, "eastBoundingCoordinate": -79.73, "northBoundingCoordinate": 44.29, "southBoundingCoordinate": 44.18}, "sizeMB": 3.04, "format": "Not provided"}, "gcpex_20120201_admirari_lev02.asc": {"temporal": ["2012-02-01T00:00:00.000Z", "2012-02-01T23:59:59.000Z"], "wnes_geometry": {"westBoundingCoordinate": -79.82, "eastBoundingCoordinate": -79.73, "northBoundingCoordinate": 44.29, "southBoundingCoordinate": 44.18}, "sizeMB": 1.52, "format": "Not provided"}, "gcpex_20120202_admirari_lev02.asc": {"temporal": ["2012-02-02T00:00:00.000Z", "2012-02-02T23:59:59.000Z"], "wnes_geometry": {"westBoundingCoordinate": -79.82, "eastBoundingCoordinate": -79.73, "northBoundingCoordinate": 44.29, "southBoundingCoordinate": 44.18}, "sizeMB": 1.53, "format": "Not provided"}, "gcpex_20120202_admirari_lev01.asc": {"temporal": ["2012-02-02T00:00:00.000Z", "2012-02-02T23:59:59.000Z"], "wnes_geometry": {"westBoundingCoordinate": -79.82, "eastBoundingCoordinate": -79.73, "northBoundingCoordinate": 44.29, "southBoundingCoordinate": 44.18}, "sizeMB": 3.13, "format": "Not provided"}, "gcpex_20120203_admirari_lev02.asc": {"temporal": ["2012-02-03T00:00:00.000Z", "2012-02-03T23:59:59.000Z"], "wnes_geometry": {"westBoundingCoordinate": -79.82, "eastBoundingCoordinate": -79.73, "northBoundingCoordinate": 44.29, "southBoundingCoordinate": 44.18}, "sizeMB": 1.58, "format": "Not provided"}, "gcpex_20120203_admirari_lev01.asc": {"temporal": ["2012-02-03T00:00:00.000Z", "2012-02-03T23:59:59.000Z"], "wnes_geometry": {"westBoundingCoordinate": -79.82, "eastBoundingCoordinate": -79.73, "northBoundingCoordinate": 44.29, "southBoundingCoordinate": 44.18}, "sizeMB": 3.2, "format": "Not provided"}, "gcpex_20120204_admirari_lev01.asc": {"temporal": ["2012-02-04T00:00:00.000Z", "2012-02-04T23:59:59.000Z"], "wnes_geometry": {"westBoundingCoordinate": -79.82, "eastBoundingCoordinate": -79.73, "northBoundingCoordinate": 44.29, "southBoundingCoordinate": 44.18}, "sizeMB": 3.34, "format": "Not provided"}, "gcpex_20120204_admirari_lev02.asc": {"temporal": ["2012-02-04T00:00:00.000Z", "2012-02-04T23:59:59.000Z"], "wnes_geometry": {"westBoundingCoordinate": -79.82, "eastBoundingCoordinate": -79.73, "northBoundingCoordinate": 44.29, "southBoundingCoordinate": 44.18}, "sizeMB": 1.63, "format": "Not provided"}, "gcpex_20120205_admirari_lev02.asc": {"temporal": ["2012-02-05T00:00:00.000Z", "2012-02-05T23:59:59.000Z"], "wnes_geometry": {"westBoundingCoordinate": -79.82, "eastBoundingCoordinate": -79.73, "northBoundingCoordinate": 44.29, "southBoundingCoordinate": 44.18}, "sizeMB": 1.64, "format": "Not provided"}, "gcpex_20120205_admirari_lev01.asc": {"temporal": ["2012-02-05T00:00:00.000Z", "2012-02-05T23:59:59.000Z"], "wnes_geometry": {"westBoundingCoordinate": -79.82, "eastBoundingCoordinate": -79.73, "northBoundingCoordinate": 44.29, "southBoundingCoordinate": 44.18}, "sizeMB": 3.34, "format": "Not provided"}, "gcpex_20120206_admirari_lev02.asc": {"temporal": ["2012-02-06T00:00:00.000Z", "2012-02-06T23:59:59.000Z"], "wnes_geometry": {"westBoundingCoordinate": -79.82, "eastBoundingCoordinate": -79.73, "northBoundingCoordinate": 44.29, "southBoundingCoordinate": 44.18}, "sizeMB": 1.33, "format": "Not provided"}, "gcpex_20120206_admirari_lev01.asc": {"temporal": ["2012-02-06T00:00:00.000Z", "2012-02-06T23:59:59.000Z"], "wnes_geometry": {"westBoundingCoordinate": -79.82, "eastBoundingCoordinate": -79.73, "northBoundingCoordinate": 44.29, "southBoundingCoordinate": 44.18}, "sizeMB": 2.83, "format": "Not provided"}, "gcpex_20120207_admirari_lev02.asc": {"temporal": ["2012-02-07T00:00:00.000Z", "2012-02-07T23:59:59.000Z"], "wnes_geometry": {"westBoundingCoordinate": -79.82, "eastBoundingCoordinate": -79.73, "northBoundingCoordinate": 44.29, "southBoundingCoordinate": 44.18}, "sizeMB": 1.47, "format": "Not provided"}, "gcpex_20120207_admirari_lev01.asc": {"temporal": ["2012-02-07T00:00:00.000Z", "2012-02-07T23:59:59.000Z"], "wnes_geometry": {"westBoundingCoordinate": -79.82, "eastBoundingCoordinate": -79.73, "northBoundingCoordinate": 44.29, "southBoundingCoordinate": 44.18}, "sizeMB": 2.98, "format": "Not provided"}, "gcpex_20120208_admirari_lev02.asc": {"temporal": ["2012-02-08T00:00:00.000Z", "2012-02-08T23:59:59.000Z"], "wnes_geometry": {"westBoundingCoordinate": -79.82, "eastBoundingCoordinate": -79.73, "northBoundingCoordinate": 44.29, "southBoundingCoordinate": 44.18}, "sizeMB": 1.35, "format": "Not provided"}, "gcpex_20120208_admirari_lev01.asc": {"temporal": ["2012-02-08T00:00:00.000Z", "2012-02-08T23:59:59.000Z"], "wnes_geometry": {"westBoundingCoordinate": -79.82, "eastBoundingCoordinate": -79.73, "northBoundingCoordinate": 44.29, "southBoundingCoordinate": 44.18}, "sizeMB": 2.87, "format": "Not provided"}, "gcpex_20120209_admirari_lev02.asc": {"temporal": ["2012-02-09T00:00:00.000Z", "2012-02-09T23:59:59.000Z"], "wnes_geometry": {"westBoundingCoordinate": -79.82, "eastBoundingCoordinate": -79.73, "northBoundingCoordinate": 44.29, "southBoundingCoordinate": 44.18}, "sizeMB": 1.33, "format": "Not provided"}, "gcpex_20120209_admirari_lev01.asc": {"temporal": ["2012-02-09T00:00:00.000Z", "2012-02-09T23:59:59.000Z"], "wnes_geometry": {"westBoundingCoordinate": -79.82, "eastBoundingCoordinate": -79.73, "northBoundingCoordinate": 44.29, "southBoundingCoordinate": 44.18}, "sizeMB": 2.84, "format": "Not provided"}, "gcpex_20120210_admirari_lev02.asc": {"temporal": ["2012-02-10T00:00:00.000Z", "2012-02-10T23:59:59.000Z"], "wnes_geometry": {"westBoundingCoordinate": -79.82, "eastBoundingCoordinate": -79.73, "northBoundingCoordinate": 44.29, "southBoundingCoordinate": 44.18}, "sizeMB": 1.36, "format": "Not provided"}, "gcpex_20120210_admirari_lev01.asc": {"temporal": ["2012-02-10T00:00:00.000Z", "2012-02-10T23:59:59.000Z"], "wnes_geometry": {"westBoundingCoordinate": -79.82, "eastBoundingCoordinate": -79.73, "northBoundingCoordinate": 44.29, "southBoundingCoordinate": 44.18}, "sizeMB": 2.83, "format": "Not provided"}, "gcpex_20120211_admirari_lev01.asc": {"temporal": ["2012-02-11T00:00:00.000Z", "2012-02-11T23:59:59.000Z"], "wnes_geometry": {"westBoundingCoordinate": -79.82, "eastBoundingCoordinate": -79.73, "northBoundingCoordinate": 44.29, "southBoundingCoordinate": 44.18}, "sizeMB": 1.97, "format": "Not provided"}, "gcpex_20120211_admirari_lev02.asc": {"temporal": ["2012-02-11T00:00:00.000Z", "2012-02-11T23:59:59.000Z"], "wnes_geometry": {"westBoundingCoordinate": -79.82, "eastBoundingCoordinate": -79.73, "northBoundingCoordinate": 44.29, "southBoundingCoordinate": 44.18}, "sizeMB": 0.93, "format": "Not provided"}, "gcpex_20120212_admirari_lev01.asc": {"temporal": ["2012-02-12T00:00:00.000Z", "2012-02-12T23:59:59.000Z"], "wnes_geometry": {"westBoundingCoordinate": -79.82, "eastBoundingCoordinate": -79.73, "northBoundingCoordinate": 44.29, "southBoundingCoordinate": 44.18}, "sizeMB": 2.9, "format": "Not provided"}, "gcpex_20120212_admirari_lev02.asc": {"temporal": ["2012-02-12T00:00:00.000Z", "2012-02-12T23:59:59.000Z"], "wnes_geometry": {"westBoundingCoordinate": -79.82, "eastBoundingCoordinate": -79.73, "northBoundingCoordinate": 44.29, "southBoundingCoordinate": 44.18}, "sizeMB": 1.4, "format": "Not provided"}, "gcpex_20120213_admirari_lev02.asc": {"temporal": ["2012-02-13T00:00:00.000Z", "2012-02-13T23:59:59.000Z"], "wnes_geometry": {"westBoundingCoordinate": -79.82, "eastBoundingCoordinate": -79.73, "northBoundingCoordinate": 44.29, "southBoundingCoordinate": 44.18}, "sizeMB": 1.38, "format": "Not provided"}, "gcpex_20120213_admirari_lev01.asc": {"temporal": ["2012-02-13T00:00:00.000Z", "2012-02-13T23:59:59.000Z"], "wnes_geometry": {"westBoundingCoordinate": -79.82, "eastBoundingCoordinate": -79.73, "northBoundingCoordinate": 44.29, "southBoundingCoordinate": 44.18}, "sizeMB": 2.87, "format": "Not provided"}, "gcpex_20120214_admirari_lev02.asc": {"temporal": ["2012-02-14T00:00:00.000Z", "2012-02-14T23:59:59.000Z"], "wnes_geometry": {"westBoundingCoordinate": -79.82, "eastBoundingCoordinate": -79.73, "northBoundingCoordinate": 44.29, "southBoundingCoordinate": 44.18}, "sizeMB": 1.42, "format": "Not provided"}, "gcpex_20120214_admirari_lev01.asc": {"temporal": ["2012-02-14T00:00:00.000Z", "2012-02-14T23:59:59.000Z"], "wnes_geometry": {"westBoundingCoordinate": -79.82, "eastBoundingCoordinate": -79.73, "northBoundingCoordinate": 44.29, "southBoundingCoordinate": 44.18}, "sizeMB": 2.94, "format": "Not provided"}, "gcpex_20120215_admirari_lev01.asc": {"temporal": ["2012-02-15T00:00:00.000Z", "2012-02-15T23:59:59.000Z"], "wnes_geometry": {"westBoundingCoordinate": -79.82, "eastBoundingCoordinate": -79.73, "northBoundingCoordinate": 44.29, "southBoundingCoordinate": 44.18}, "sizeMB": 2.92, "format": "Not provided"}, "gcpex_20120215_admirari_lev02.asc": {"temporal": ["2012-02-15T00:00:00.000Z", "2012-02-15T23:59:59.000Z"], "wnes_geometry": {"westBoundingCoordinate": -79.82, "eastBoundingCoordinate": -79.73, "northBoundingCoordinate": 44.29, "southBoundingCoordinate": 44.18}, "sizeMB": 1.45, "format": "Not provided"}, "gcpex_20120216_admirari_lev02.asc": {"temporal": ["2012-02-16T00:00:00.000Z", "2012-02-16T23:59:59.000Z"], "wnes_geometry": {"westBoundingCoordinate": -79.82, "eastBoundingCoordinate": -79.73, "northBoundingCoordinate": 44.29, "southBoundingCoordinate": 44.18}, "sizeMB": 1.44, "format": "Not provided"}, "gcpex_20120216_admirari_lev01.asc": {"temporal": ["2012-02-16T00:00:00.000Z", "2012-02-16T23:59:59.000Z"], "wnes_geometry": {"westBoundingCoordinate": -79.82, "eastBoundingCoordinate": -79.73, "northBoundingCoordinate": 44.29, "southBoundingCoordinate": 44.18}, "sizeMB": 2.93, "format": "Not provided"}, "gcpex_20120217_admirari_lev01.asc": {"temporal": ["2012-02-17T00:00:00.000Z", "2012-02-17T23:59:59.000Z"], "wnes_geometry": {"westBoundingCoordinate": -79.82, "eastBoundingCoordinate": -79.73, "northBoundingCoordinate": 44.29, "southBoundingCoordinate": 44.18}, "sizeMB": 2.92, "format": "Not provided"}, "gcpex_20120217_admirari_lev02.asc": {"temporal": ["2012-02-17T00:00:00.000Z", "2012-02-17T23:59:59.000Z"], "wnes_geometry": {"westBoundingCoordinate": -79.82, "eastBoundingCoordinate": -79.73, "northBoundingCoordinate": 44.29, "southBoundingCoordinate": 44.18}, "sizeMB": 1.41, "format": "Not provided"}, "gcpex_20120218_admirari_lev02.asc": {"temporal": ["2012-02-18T00:00:00.000Z", "2012-02-18T23:59:59.000Z"], "wnes_geometry": {"westBoundingCoordinate": -79.82, "eastBoundingCoordinate": -79.73, "northBoundingCoordinate": 44.29, "southBoundingCoordinate": 44.18}, "sizeMB": 0.99, "format": "Not provided"}, "gcpex_20120218_admirari_lev01.asc": {"temporal": ["2012-02-18T00:00:00.000Z", "2012-02-18T23:59:59.000Z"], "wnes_geometry": {"westBoundingCoordinate": -79.82, "eastBoundingCoordinate": -79.73, "northBoundingCoordinate": 44.29, "southBoundingCoordinate": 44.18}, "sizeMB": 2.06, "format": "Not provided"}, "gcpex_20120219_admirari_lev01.asc": {"temporal": ["2012-02-19T00:00:00.000Z", "2012-02-19T23:59:59.000Z"], "wnes_geometry": {"westBoundingCoordinate": -79.82, "eastBoundingCoordinate": -79.73, "northBoundingCoordinate": 44.29, "southBoundingCoordinate": 44.18}, "sizeMB": 1.96, "format": "Not provided"}, "gcpex_20120219_admirari_lev02.asc": {"temporal": ["2012-02-19T00:00:00.000Z", "2012-02-19T23:59:59.000Z"], "wnes_geometry": {"westBoundingCoordinate": -79.82, "eastBoundingCoordinate": -79.73, "northBoundingCoordinate": 44.29, "southBoundingCoordinate": 44.18}, "sizeMB": 0.94, "format": "Not provided"}, "gcpex_20120220_admirari_lev02.asc": {"temporal": ["2012-02-20T00:00:00.000Z", "2012-02-20T23:59:59.000Z"], "wnes_geometry": {"westBoundingCoordinate": -79.82, "eastBoundingCoordinate": -79.73, "northBoundingCoordinate": 44.29, "southBoundingCoordinate": 44.18}, "sizeMB": 0.94, "format": "Not provided"}, "gcpex_20120220_admirari_lev01.asc": {"temporal": ["2012-02-20T00:00:00.000Z", "2012-02-20T23:59:59.000Z"], "wnes_geometry": {"westBoundingCoordinate": -79.82, "eastBoundingCoordinate": -79.73, "northBoundingCoordinate": 44.29, "southBoundingCoordinate": 44.18}, "sizeMB": 2.02, "format": "Not provided"}, "gcpex_20120221_admirari_lev01.asc": {"temporal": ["2012-02-21T00:00:00.000Z", "2012-02-21T23:59:59.000Z"], "wnes_geometry": {"westBoundingCoordinate": -79.82, "eastBoundingCoordinate": -79.73, "northBoundingCoordinate": 44.29, "southBoundingCoordinate": 44.18}, "sizeMB": 1.36, "format": "Not provided"}, "gcpex_20120221_admirari_lev02.asc": {"temporal": ["2012-02-21T00:00:00.000Z", "2012-02-21T23:59:59.000Z"], "wnes_geometry": {"westBoundingCoordinate": -79.82, "eastBoundingCoordinate": -79.73, "northBoundingCoordinate": 44.29, "southBoundingCoordinate": 44.18}, "sizeMB": 0.66, "format": "Not provided"}, "gcpex_20120222_admirari_lev01.asc": {"temporal": ["2012-02-22T00:00:00.000Z", "2012-02-22T23:59:59.000Z"], "wnes_geometry": {"westBoundingCoordinate": -79.82, "eastBoundingCoordinate": -79.73, "northBoundingCoordinate": 44.29, "southBoundingCoordinate": 44.18}, "sizeMB": 2.97, "format": "Not provided"}, "gcpex_20120222_admirari_lev02.asc": {"temporal": ["2012-02-22T00:00:00.000Z", "2012-02-22T23:59:59.000Z"], "wnes_geometry": {"westBoundingCoordinate": -79.82, "eastBoundingCoordinate": -79.73, "northBoundingCoordinate": 44.29, "southBoundingCoordinate": 44.18}, "sizeMB": 1.45, "format": "Not provided"}, "gcpex_20120223_admirari_lev01.asc": {"temporal": ["2012-02-23T00:00:00.000Z", "2012-02-23T23:59:59.000Z"], "wnes_geometry": {"westBoundingCoordinate": -79.82, "eastBoundingCoordinate": -79.73, "northBoundingCoordinate": 44.29, "southBoundingCoordinate": 44.18}, "sizeMB": 2.91, "format": "Not provided"}, "gcpex_20120223_admirari_lev02.asc": {"temporal": ["2012-02-23T00:00:00.000Z", "2012-02-23T23:59:59.000Z"], "wnes_geometry": {"westBoundingCoordinate": -79.82, "eastBoundingCoordinate": -79.73, "northBoundingCoordinate": 44.29, "southBoundingCoordinate": 44.18}, "sizeMB": 1.39, "format": "Not provided"}, "gcpex_20120224_admirari_lev01.asc": {"temporal": ["2012-02-24T00:00:00.000Z", "2012-02-24T23:59:59.000Z"], "wnes_geometry": {"westBoundingCoordinate": -79.82, "eastBoundingCoordinate": -79.73, "northBoundingCoordinate": 44.29, "southBoundingCoordinate": 44.18}, "sizeMB": 3.12, "format": "Not provided"}, "gcpex_20120224_admirari_lev02.asc": {"temporal": ["2012-02-24T00:00:00.000Z", "2012-02-24T23:59:59.000Z"], "wnes_geometry": {"westBoundingCoordinate": -79.82, "eastBoundingCoordinate": -79.73, "northBoundingCoordinate": 44.29, "southBoundingCoordinate": 44.18}, "sizeMB": 1.51, "format": "Not provided"}, "gcpex_20120225_admirari_lev01.asc": {"temporal": ["2012-02-25T00:00:00.000Z", "2012-02-25T23:59:59.000Z"], "wnes_geometry": {"westBoundingCoordinate": -79.82, "eastBoundingCoordinate": -79.73, "northBoundingCoordinate": 44.29, "southBoundingCoordinate": 44.18}, "sizeMB": 2.9, "format": "Not provided"}, "gcpex_20120225_admirari_lev02.asc": {"temporal": ["2012-02-25T00:00:00.000Z", "2012-02-25T23:59:59.000Z"], "wnes_geometry": {"westBoundingCoordinate": -79.82, "eastBoundingCoordinate": -79.73, "northBoundingCoordinate": 44.29, "southBoundingCoordinate": 44.18}, "sizeMB": 1.37, "format": "Not provided"}, "gcpex_20120226_admirari_lev01.asc": {"temporal": ["2012-02-26T00:00:00.000Z", "2012-02-26T23:59:59.000Z"], "wnes_geometry": {"westBoundingCoordinate": -79.82, "eastBoundingCoordinate": -79.73, "northBoundingCoordinate": 44.29, "southBoundingCoordinate": 44.18}, "sizeMB": 2.98, "format": "Not provided"}, "gcpex_20120226_admirari_lev02.asc": {"temporal": ["2012-02-26T00:00:00.000Z", "2012-02-26T23:59:59.000Z"], "wnes_geometry": {"westBoundingCoordinate": -79.82, "eastBoundingCoordinate": -79.73, "northBoundingCoordinate": 44.29, "southBoundingCoordinate": 44.18}, "sizeMB": 1.41, "format": "Not provided"}, "gcpex_20120227_admirari_lev01.asc": {"temporal": ["2012-02-27T00:00:00.000Z", "2012-02-27T23:59:59.000Z"], "wnes_geometry": {"westBoundingCoordinate": -79.82, "eastBoundingCoordinate": -79.73, "northBoundingCoordinate": 44.29, "southBoundingCoordinate": 44.18}, "sizeMB": 3, "format": "Not provided"}, "gcpex_20120227_admirari_lev02.asc": {"temporal": ["2012-02-27T00:00:00.000Z", "2012-02-27T23:59:59.000Z"], "wnes_geometry": {"westBoundingCoordinate": -79.82, "eastBoundingCoordinate": -79.73, "northBoundingCoordinate": 44.29, "southBoundingCoordinate": 44.18}, "sizeMB": 1.45, "format": "Not provided"}, "gcpex_20120228_admirari_lev01.asc": {"temporal": ["2012-02-28T00:00:00.000Z", "2012-02-28T23:59:59.000Z"], "wnes_geometry": {"westBoundingCoordinate": -79.82, "eastBoundingCoordinate": -79.73, "northBoundingCoordinate": 44.29, "southBoundingCoordinate": 44.18}, "sizeMB": 2.94, "format": "Not provided"}, "gcpex_20120228_admirari_lev02.asc": {"temporal": ["2012-02-28T00:00:00.000Z", "2012-02-28T23:59:59.000Z"], "wnes_geometry": {"westBoundingCoordinate": -79.82, "eastBoundingCoordinate": -79.73, "northBoundingCoordinate": 44.29, "southBoundingCoordinate": 44.18}, "sizeMB": 1.42, "format": "Not provided"}, "gcpex_20120229_admirari_lev01.asc": {"temporal": ["2012-02-29T00:00:00.000Z", "2012-02-29T23:59:59.000Z"], "wnes_geometry": {"westBoundingCoordinate": -79.82, "eastBoundingCoordinate": -79.73, "northBoundingCoordinate": 44.29, "southBoundingCoordinate": 44.18}, "sizeMB": 3.6, "format": "Not provided"}, "gcpex_20120229_admirari_lev02.asc": {"temporal": ["2012-02-29T00:00:00.000Z", "2012-02-29T23:59:59.000Z"], "wnes_geometry": {"westBoundingCoordinate": -79.82, "eastBoundingCoordinate": -79.73, "northBoundingCoordinate": 44.29, "southBoundingCoordinate": 44.18}, "sizeMB": 1.75, "format": "Not provided"}}