{"gcpex_ceil_20120115_EC_HURONIA.txt": {"temporal": ["2012-01-15T00:00:00.000Z", "2012-01-15T23:59:59.000Z"], "wnes_geometry": {"westBoundingCoordinate": -79.5, "eastBoundingCoordinate": -78.5, "northBoundingCoordinate": 44.5, "southBoundingCoordinate": 43.5}, "sizeMB": 1.75, "format": "Not provided"}, "gcpex_ceil_20120116_EC_HURONIA.txt": {"temporal": ["2012-01-16T00:00:00.000Z", "2012-01-16T23:59:59.000Z"], "wnes_geometry": {"westBoundingCoordinate": -79.5, "eastBoundingCoordinate": -78.5, "northBoundingCoordinate": 44.5, "southBoundingCoordinate": 43.5}, "sizeMB": 1.75, "format": "Not provided"}, "gcpex_ceil_20120117_EC_HURONIA.txt": {"temporal": ["2012-01-17T00:00:00.000Z", "2012-01-17T23:59:59.000Z"], "wnes_geometry": {"westBoundingCoordinate": -79.5, "eastBoundingCoordinate": -78.5, "northBoundingCoordinate": 44.5, "southBoundingCoordinate": 43.5}, "sizeMB": 1.75, "format": "Not provided"}, "gcpex_ceil_20120118_EC_HURONIA.txt": {"temporal": ["2012-01-18T00:00:00.000Z", "2012-01-18T23:59:59.000Z"], "wnes_geometry": {"westBoundingCoordinate": -79.5, "eastBoundingCoordinate": -78.5, "northBoundingCoordinate": 44.5, "southBoundingCoordinate": 43.5}, "sizeMB": 1.75, "format": "Not provided"}, "gcpex_ceil_20120119_EC_HURONIA.txt": {"temporal": ["2012-01-19T00:00:00.000Z", "2012-01-19T23:59:59.000Z"], "wnes_geometry": {"westBoundingCoordinate": -79.5, "eastBoundingCoordinate": -78.5, "northBoundingCoordinate": 44.5, "southBoundingCoordinate": 43.5}, "sizeMB": 1.75, "format": "Not provided"}, "gcpex_ceil_20120120_EC_HURONIA.txt": {"temporal": ["2012-01-20T00:00:00.000Z", "2012-01-20T23:59:59.000Z"], "wnes_geometry": {"westBoundingCoordinate": -79.5, "eastBoundingCoordinate": -78.5, "northBoundingCoordinate": 44.5, "southBoundingCoordinate": 43.5}, "sizeMB": 1.75, "format": "Not provided"}, "gcpex_ceil_20120121_EC_HURONIA.txt": {"temporal": ["2012-01-21T00:00:00.000Z", "2012-01-21T23:59:59.000Z"], "wnes_geometry": {"westBoundingCoordinate": -79.5, "eastBoundingCoordinate": -78.5, "northBoundingCoordinate": 44.5, "southBoundingCoordinate": 43.5}, "sizeMB": 1.75, "format": "Not provided"}, "gcpex_ceil_20120122_EC_HURONIA.txt": {"temporal": ["2012-01-22T00:00:00.000Z", "2012-01-22T23:59:59.000Z"], "wnes_geometry": {"westBoundingCoordinate": -79.5, "eastBoundingCoordinate": -78.5, "northBoundingCoordinate": 44.5, "southBoundingCoordinate": 43.5}, "sizeMB": 1.75, "format": "Not provided"}, "gcpex_ceil_20120123_EC_HURONIA.txt": {"temporal": ["2012-01-23T00:00:00.000Z", "2012-01-23T23:59:59.000Z"], "wnes_geometry": {"westBoundingCoordinate": -79.5, "eastBoundingCoordinate": -78.5, "northBoundingCoordinate": 44.5, "southBoundingCoordinate": 43.5}, "sizeMB": 1.75, "format": "Not provided"}, "gcpex_ceil_20120124_EC_HURONIA.txt": {"temporal": ["2012-01-24T00:00:00.000Z", "2012-01-24T23:59:59.000Z"], "wnes_geometry": {"westBoundingCoordinate": -79.5, "eastBoundingCoordinate": -78.5, "northBoundingCoordinate": 44.5, "southBoundingCoordinate": 43.5}, "sizeMB": 1.75, "format": "Not provided"}, "gcpex_ceil_20120125_EC_HURONIA.txt": {"temporal": ["2012-01-25T00:00:00.000Z", "2012-01-25T23:59:59.000Z"], "wnes_geometry": {"westBoundingCoordinate": -79.5, "eastBoundingCoordinate": -78.5, "northBoundingCoordinate": 44.5, "southBoundingCoordinate": 43.5}, "sizeMB": 1.75, "format": "Not provided"}, "gcpex_ceil_20120126_EC_HURONIA.txt": {"temporal": ["2012-01-26T00:00:00.000Z", "2012-01-26T23:59:59.000Z"], "wnes_geometry": {"westBoundingCoordinate": -79.5, "eastBoundingCoordinate": -78.5, "northBoundingCoordinate": 44.5, "southBoundingCoordinate": 43.5}, "sizeMB": 1.75, "format": "Not provided"}, "gcpex_ceil_20120127_EC_HURONIA.txt": {"temporal": ["2012-01-27T00:00:00.000Z", "2012-01-27T23:59:59.000Z"], "wnes_geometry": {"westBoundingCoordinate": -79.5, "eastBoundingCoordinate": -78.5, "northBoundingCoordinate": 44.5, "southBoundingCoordinate": 43.5}, "sizeMB": 1.75, "format": "Not provided"}, "gcpex_ceil_20120128_EC_HURONIA.txt": {"temporal": ["2012-01-28T00:00:00.000Z", "2012-01-28T23:59:59.000Z"], "wnes_geometry": {"westBoundingCoordinate": -79.5, "eastBoundingCoordinate": -78.5, "northBoundingCoordinate": 44.5, "southBoundingCoordinate": 43.5}, "sizeMB": 1.75, "format": "Not provided"}, "gcpex_ceil_20120129_EC_HURONIA.txt": {"temporal": ["2012-01-29T00:00:00.000Z", "2012-01-29T23:59:59.000Z"], "wnes_geometry": {"westBoundingCoordinate": -79.5, "eastBoundingCoordinate": -78.5, "northBoundingCoordinate": 44.5, "southBoundingCoordinate": 43.5}, "sizeMB": 1.75, "format": "Not provided"}, "gcpex_ceil_20120130_EC_HURONIA.txt": {"temporal": ["2012-01-30T00:00:00.000Z", "2012-01-30T23:59:59.000Z"], "wnes_geometry": {"westBoundingCoordinate": -79.5, "eastBoundingCoordinate": -78.5, "northBoundingCoordinate": 44.5, "southBoundingCoordinate": 43.5}, "sizeMB": 1.75, "format": "Not provided"}, "gcpex_ceil_20120131_EC_HURONIA.txt": {"temporal": ["2012-01-31T00:00:00.000Z", "2012-01-31T23:59:59.000Z"], "wnes_geometry": {"westBoundingCoordinate": -79.5, "eastBoundingCoordinate": -78.5, "northBoundingCoordinate": 44.5, "southBoundingCoordinate": 43.5}, "sizeMB": 1.75, "format": "Not provided"}, "gcpex_ceil_20120201_EC_HURONIA.txt": {"temporal": ["2012-02-01T00:00:00.000Z", "2012-02-01T23:59:59.000Z"], "wnes_geometry": {"westBoundingCoordinate": -79.5, "eastBoundingCoordinate": -78.5, "northBoundingCoordinate": 44.5, "southBoundingCoordinate": 43.5}, "sizeMB": 1.75, "format": "Not provided"}, "gcpex_ceil_20120202_EC_HURONIA.txt": {"temporal": ["2012-02-02T00:00:00.000Z", "2012-02-02T23:59:59.000Z"], "wnes_geometry": {"westBoundingCoordinate": -79.5, "eastBoundingCoordinate": -78.5, "northBoundingCoordinate": 44.5, "southBoundingCoordinate": 43.5}, "sizeMB": 1.75, "format": "Not provided"}, "gcpex_ceil_20120203_EC_HURONIA.txt": {"temporal": ["2012-02-03T00:00:00.000Z", "2012-02-03T23:59:59.000Z"], "wnes_geometry": {"westBoundingCoordinate": -79.5, "eastBoundingCoordinate": -78.5, "northBoundingCoordinate": 44.5, "southBoundingCoordinate": 43.5}, "sizeMB": 1.75, "format": "Not provided"}, "gcpex_ceil_20120204_EC_HURONIA.txt": {"temporal": ["2012-02-04T00:00:00.000Z", "2012-02-04T23:59:59.000Z"], "wnes_geometry": {"westBoundingCoordinate": -79.5, "eastBoundingCoordinate": -78.5, "northBoundingCoordinate": 44.5, "southBoundingCoordinate": 43.5}, "sizeMB": 1.75, "format": "Not provided"}, "gcpex_ceil_20120205_EC_HURONIA.txt": {"temporal": ["2012-02-05T00:00:00.000Z", "2012-02-05T23:59:59.000Z"], "wnes_geometry": {"westBoundingCoordinate": -79.5, "eastBoundingCoordinate": -78.5, "northBoundingCoordinate": 44.5, "southBoundingCoordinate": 43.5}, "sizeMB": 1.75, "format": "Not provided"}, "gcpex_ceil_20120206_EC_HURONIA.txt": {"temporal": ["2012-02-06T00:00:00.000Z", "2012-02-06T23:59:59.000Z"], "wnes_geometry": {"westBoundingCoordinate": -79.5, "eastBoundingCoordinate": -78.5, "northBoundingCoordinate": 44.5, "southBoundingCoordinate": 43.5}, "sizeMB": 1.75, "format": "Not provided"}, "gcpex_ceil_20120207_EC_HURONIA.txt": {"temporal": ["2012-02-07T00:00:00.000Z", "2012-02-07T23:59:59.000Z"], "wnes_geometry": {"westBoundingCoordinate": -79.5, "eastBoundingCoordinate": -78.5, "northBoundingCoordinate": 44.5, "southBoundingCoordinate": 43.5}, "sizeMB": 1.75, "format": "Not provided"}, "gcpex_ceil_20120208_EC_HURONIA.txt": {"temporal": ["2012-02-08T00:00:00.000Z", "2012-02-08T23:59:59.000Z"], "wnes_geometry": {"westBoundingCoordinate": -79.5, "eastBoundingCoordinate": -78.5, "northBoundingCoordinate": 44.5, "southBoundingCoordinate": 43.5}, "sizeMB": 1.75, "format": "Not provided"}, "gcpex_ceil_20120209_EC_HURONIA.txt": {"temporal": ["2012-02-09T00:00:00.000Z", "2012-02-09T23:59:59.000Z"], "wnes_geometry": {"westBoundingCoordinate": -79.5, "eastBoundingCoordinate": -78.5, "northBoundingCoordinate": 44.5, "southBoundingCoordinate": 43.5}, "sizeMB": 1.75, "format": "Not provided"}, "gcpex_ceil_20120210_EC_HURONIA.txt": {"temporal": ["2012-02-10T00:00:00.000Z", "2012-02-10T23:59:59.000Z"], "wnes_geometry": {"westBoundingCoordinate": -79.5, "eastBoundingCoordinate": -78.5, "northBoundingCoordinate": 44.5, "southBoundingCoordinate": 43.5}, "sizeMB": 1.75, "format": "Not provided"}, "gcpex_ceil_20120211_EC_HURONIA.txt": {"temporal": ["2012-02-11T00:00:00.000Z", "2012-02-11T23:59:59.000Z"], "wnes_geometry": {"westBoundingCoordinate": -79.5, "eastBoundingCoordinate": -78.5, "northBoundingCoordinate": 44.5, "southBoundingCoordinate": 43.5}, "sizeMB": 1.75, "format": "Not provided"}, "gcpex_ceil_20120212_EC_HURONIA.txt": {"temporal": ["2012-02-12T00:00:00.000Z", "2012-02-12T23:59:59.000Z"], "wnes_geometry": {"westBoundingCoordinate": -79.5, "eastBoundingCoordinate": -78.5, "northBoundingCoordinate": 44.5, "southBoundingCoordinate": 43.5}, "sizeMB": 1.75, "format": "Not provided"}, "gcpex_ceil_20120213_EC_HURONIA.txt": {"temporal": ["2012-02-13T00:00:00.000Z", "2012-02-13T23:59:59.000Z"], "wnes_geometry": {"westBoundingCoordinate": -79.5, "eastBoundingCoordinate": -78.5, "northBoundingCoordinate": 44.5, "southBoundingCoordinate": 43.5}, "sizeMB": 1.75, "format": "Not provided"}, "gcpex_ceil_20120214_EC_HURONIA.txt": {"temporal": ["2012-02-14T00:00:00.000Z", "2012-02-14T23:59:59.000Z"], "wnes_geometry": {"westBoundingCoordinate": -79.5, "eastBoundingCoordinate": -78.5, "northBoundingCoordinate": 44.5, "southBoundingCoordinate": 43.5}, "sizeMB": 1.75, "format": "Not provided"}, "gcpex_ceil_20120215_EC_HURONIA.txt": {"temporal": ["2012-02-15T00:00:00.000Z", "2012-02-15T23:59:59.000Z"], "wnes_geometry": {"westBoundingCoordinate": -79.5, "eastBoundingCoordinate": -78.5, "northBoundingCoordinate": 44.5, "southBoundingCoordinate": 43.5}, "sizeMB": 1.75, "format": "Not provided"}, "gcpex_ceil_20120216_EC_HURONIA.txt": {"temporal": ["2012-02-16T00:00:00.000Z", "2012-02-16T23:59:59.000Z"], "wnes_geometry": {"westBoundingCoordinate": -79.5, "eastBoundingCoordinate": -78.5, "northBoundingCoordinate": 44.5, "southBoundingCoordinate": 43.5}, "sizeMB": 1.75, "format": "Not provided"}, "gcpex_ceil_20120217_EC_HURONIA.txt": {"temporal": ["2012-02-17T00:00:00.000Z", "2012-02-17T23:59:59.000Z"], "wnes_geometry": {"westBoundingCoordinate": -79.5, "eastBoundingCoordinate": -78.5, "northBoundingCoordinate": 44.5, "southBoundingCoordinate": 43.5}, "sizeMB": 1.75, "format": "Not provided"}, "gcpex_ceil_20120218_EC_HURONIA.txt": {"temporal": ["2012-02-18T00:00:00.000Z", "2012-02-18T23:59:59.000Z"], "wnes_geometry": {"westBoundingCoordinate": -79.5, "eastBoundingCoordinate": -78.5, "northBoundingCoordinate": 44.5, "southBoundingCoordinate": 43.5}, "sizeMB": 1.75, "format": "Not provided"}, "gcpex_ceil_20120219_EC_HURONIA.txt": {"temporal": ["2012-02-19T00:00:00.000Z", "2012-02-19T23:59:59.000Z"], "wnes_geometry": {"westBoundingCoordinate": -79.5, "eastBoundingCoordinate": -78.5, "northBoundingCoordinate": 44.5, "southBoundingCoordinate": 43.5}, "sizeMB": 1.75, "format": "Not provided"}, "gcpex_ceil_20120220_EC_HURONIA.txt": {"temporal": ["2012-02-20T00:00:00.000Z", "2012-02-20T23:59:59.000Z"], "wnes_geometry": {"westBoundingCoordinate": -79.5, "eastBoundingCoordinate": -78.5, "northBoundingCoordinate": 44.5, "southBoundingCoordinate": 43.5}, "sizeMB": 1.75, "format": "Not provided"}, "gcpex_ceil_20120221_EC_HURONIA.txt": {"temporal": ["2012-02-21T00:00:00.000Z", "2012-02-21T23:59:59.000Z"], "wnes_geometry": {"westBoundingCoordinate": -79.5, "eastBoundingCoordinate": -78.5, "northBoundingCoordinate": 44.5, "southBoundingCoordinate": 43.5}, "sizeMB": 1.75, "format": "Not provided"}, "gcpex_ceil_20120222_EC_HURONIA.txt": {"temporal": ["2012-02-22T00:00:00.000Z", "2012-02-22T23:59:59.000Z"], "wnes_geometry": {"westBoundingCoordinate": -79.5, "eastBoundingCoordinate": -78.5, "northBoundingCoordinate": 44.5, "southBoundingCoordinate": 43.5}, "sizeMB": 1.75, "format": "Not provided"}, "gcpex_ceil_20120223_EC_HURONIA.txt": {"temporal": ["2012-02-23T00:00:00.000Z", "2012-02-23T23:59:59.000Z"], "wnes_geometry": {"westBoundingCoordinate": -79.5, "eastBoundingCoordinate": -78.5, "northBoundingCoordinate": 44.5, "southBoundingCoordinate": 43.5}, "sizeMB": 1.75, "format": "Not provided"}, "gcpex_ceil_20120224_EC_HURONIA.txt": {"temporal": ["2012-02-24T00:00:00.000Z", "2012-02-24T23:59:59.000Z"], "wnes_geometry": {"westBoundingCoordinate": -79.5, "eastBoundingCoordinate": -78.5, "northBoundingCoordinate": 44.5, "southBoundingCoordinate": 43.5}, "sizeMB": 1.75, "format": "Not provided"}, "gcpex_ceil_20120225_EC_HURONIA.txt": {"temporal": ["2012-02-25T00:00:00.000Z", "2012-02-25T23:59:59.000Z"], "wnes_geometry": {"westBoundingCoordinate": -79.5, "eastBoundingCoordinate": -78.5, "northBoundingCoordinate": 44.5, "southBoundingCoordinate": 43.5}, "sizeMB": 1.75, "format": "Not provided"}, "gcpex_ceil_20120226_EC_HURONIA.txt": {"temporal": ["2012-02-26T00:00:00.000Z", "2012-02-26T23:59:59.000Z"], "wnes_geometry": {"westBoundingCoordinate": -79.5, "eastBoundingCoordinate": -78.5, "northBoundingCoordinate": 44.5, "southBoundingCoordinate": 43.5}, "sizeMB": 1.75, "format": "Not provided"}, "gcpex_ceil_20120227_EC_HURONIA.txt": {"temporal": ["2012-02-27T00:00:00.000Z", "2012-02-27T23:59:59.000Z"], "wnes_geometry": {"westBoundingCoordinate": -79.5, "eastBoundingCoordinate": -78.5, "northBoundingCoordinate": 44.5, "southBoundingCoordinate": 43.5}, "sizeMB": 1.75, "format": "Not provided"}, "gcpex_ceil_20120228_EC_HURONIA.txt": {"temporal": ["2012-02-28T00:00:00.000Z", "2012-02-28T23:59:59.000Z"], "wnes_geometry": {"westBoundingCoordinate": -79.5, "eastBoundingCoordinate": -78.5, "northBoundingCoordinate": 44.5, "southBoundingCoordinate": 43.5}, "sizeMB": 1.75, "format": "Not provided"}, "gcpex_ceil_20120229_EC_HURONIA.txt": {"temporal": ["2012-02-29T00:00:00.000Z", "2012-02-29T23:59:59.000Z"], "wnes_geometry": {"westBoundingCoordinate": -79.5, "eastBoundingCoordinate": -78.5, "northBoundingCoordinate": 44.5, "southBoundingCoordinate": 43.5}, "sizeMB": 1.75, "format": "Not provided"}, "gcpex_ceil_20120301_EC_HURONIA.txt": {"temporal": ["2012-03-01T00:00:00.000Z", "2012-03-01T23:59:59.000Z"], "wnes_geometry": {"westBoundingCoordinate": -79.5, "eastBoundingCoordinate": -78.5, "northBoundingCoordinate": 44.5, "southBoundingCoordinate": 43.5}, "sizeMB": 1.75, "format": "Not provided"}}