{"IPHEx_CoSMIR_20140507_CONFWD.txt": {"temporal": ["2014-05-07T17:53:40.000Z", "2014-05-07T19:24:43.000Z"], "wnes_geometry": {"westBoundingCoordinate": -83.092, "eastBoundingCoordinate": -80.079, "northBoundingCoordinate": 32.811, "southBoundingCoordinate": 30.798}, "sizeMB": 4.57, "format": "Not provided"}, "IPHEx_CoSMIR_20140507_CROSSTRCK.txt": {"temporal": ["2014-05-07T17:53:45.000Z", "2014-05-07T19:24:38.000Z"], "wnes_geometry": {"westBoundingCoordinate": -83.06, "eastBoundingCoordinate": -80.07, "northBoundingCoordinate": 32.819, "southBoundingCoordinate": 30.789}, "sizeMB": 4.57, "format": "Not provided"}, "IPHEx_CoSMIR_20140515_CROSSTRCK.txt": {"temporal": ["2014-05-15T12:51:45.000Z", "2014-05-15T18:24:39.000Z"], "wnes_geometry": {"westBoundingCoordinate": -83.972, "eastBoundingCoordinate": -79.206, "northBoundingCoordinate": 36.248, "southBoundingCoordinate": 33.592}, "sizeMB": 16.72, "format": "Not provided"}, "IPHEx_CoSMIR_20140515_CONFWD.txt": {"temporal": ["2014-05-15T12:51:50.000Z", "2014-05-15T18:24:44.000Z"], "wnes_geometry": {"westBoundingCoordinate": -83.955, "eastBoundingCoordinate": -79.217, "northBoundingCoordinate": 36.235, "southBoundingCoordinate": 33.599}, "sizeMB": 16.7, "format": "Not provided"}, "IPHEx_CoSMIR_20140519_CROSSTRCK.txt": {"temporal": ["2014-05-19T09:46:43.000Z", "2014-05-19T13:58:51.000Z"], "wnes_geometry": {"westBoundingCoordinate": -82.74, "eastBoundingCoordinate": -78.933, "northBoundingCoordinate": 32.869, "southBoundingCoordinate": 30.182}, "sizeMB": 12.66, "format": "Not provided"}, "IPHEx_CoSMIR_20140519_CONFWD.txt": {"temporal": ["2014-05-19T09:46:48.000Z", "2014-05-19T13:58:56.000Z"], "wnes_geometry": {"westBoundingCoordinate": -82.774, "eastBoundingCoordinate": -78.938, "northBoundingCoordinate": 32.859, "southBoundingCoordinate": 30.191}, "sizeMB": 12.62, "format": "Not provided"}, "IPHEx_CoSMIR_20140526_CONFWD.txt": {"temporal": ["2014-05-26T18:27:25.000Z", "2014-05-26T21:35:42.000Z"], "wnes_geometry": {"westBoundingCoordinate": -83.67, "eastBoundingCoordinate": -81.084, "northBoundingCoordinate": 35.918, "southBoundingCoordinate": 32.455}, "sizeMB": 9.42, "format": "Not provided"}, "IPHEx_CoSMIR_20140526_CROSSTRCK.txt": {"temporal": ["2014-05-26T18:27:30.000Z", "2014-05-26T21:35:36.000Z"], "wnes_geometry": {"westBoundingCoordinate": -83.747, "eastBoundingCoordinate": -81.077, "northBoundingCoordinate": 35.923, "southBoundingCoordinate": 32.439}, "sizeMB": 9.46, "format": "Not provided"}, "IPHEx_CoSMIR_20140528_CROSSTRCK.txt": {"temporal": ["2014-05-28T11:53:34.000Z", "2014-05-28T17:05:01.000Z"], "wnes_geometry": {"westBoundingCoordinate": -83.587, "eastBoundingCoordinate": -74.611, "northBoundingCoordinate": 34.133, "southBoundingCoordinate": 31.462}, "sizeMB": 15.65, "format": "Not provided"}, "IPHEx_CoSMIR_20140528_CONFWD.txt": {"temporal": ["2014-05-28T11:53:40.000Z", "2014-05-28T17:05:06.000Z"], "wnes_geometry": {"westBoundingCoordinate": -83.581, "eastBoundingCoordinate": -74.62, "northBoundingCoordinate": 34.125, "southBoundingCoordinate": 31.473}, "sizeMB": 15.55, "format": "Not provided"}, "IPHEx_CoSMIR_20140529_CROSSTRCK.txt": {"temporal": ["2014-05-29T16:22:58.000Z", "2014-05-29T23:20:21.000Z"], "wnes_geometry": {"westBoundingCoordinate": -83.839, "eastBoundingCoordinate": -79.895, "northBoundingCoordinate": 36.357, "southBoundingCoordinate": 32.48}, "sizeMB": 20.96, "format": "Not provided"}, "IPHEx_CoSMIR_20140529_CONFWD.txt": {"temporal": ["2014-05-29T16:23:10.000Z", "2014-05-29T23:20:26.000Z"], "wnes_geometry": {"westBoundingCoordinate": -83.802, "eastBoundingCoordinate": -79.903, "northBoundingCoordinate": 36.352, "southBoundingCoordinate": 32.492}, "sizeMB": 20.9, "format": "Not provided"}, "IPHEx_CoSMIR_20140602_CROSSTRCK.txt": {"temporal": ["2014-06-02T14:05:56.000Z", "2014-06-02T17:57:24.000Z"], "wnes_geometry": {"westBoundingCoordinate": -83.738, "eastBoundingCoordinate": -76.358, "northBoundingCoordinate": 36.798, "southBoundingCoordinate": 32.417}, "sizeMB": 11.6, "format": "Not provided"}, "IPHEx_CoSMIR_20140602_CONFWD.txt": {"temporal": ["2014-06-02T14:06:02.000Z", "2014-06-02T17:57:29.000Z"], "wnes_geometry": {"westBoundingCoordinate": -83.72, "eastBoundingCoordinate": -76.364, "northBoundingCoordinate": 36.784, "southBoundingCoordinate": 32.437}, "sizeMB": 11.58, "format": "Not provided"}, "IPHEx_CoSMIR_20140608_CONFWD.txt": {"temporal": ["2014-06-08T18:48:14.000Z", "2014-06-08T20:38:53.000Z"], "wnes_geometry": {"westBoundingCoordinate": -81.822, "eastBoundingCoordinate": -79.103, "northBoundingCoordinate": 36.173, "southBoundingCoordinate": 33.358}, "sizeMB": 5.56, "format": "Not provided"}, "IPHEx_CoSMIR_20140608_CROSSTRCK.txt": {"temporal": ["2014-06-08T18:48:19.000Z", "2014-06-08T20:38:48.000Z"], "wnes_geometry": {"westBoundingCoordinate": -81.814, "eastBoundingCoordinate": -79.094, "northBoundingCoordinate": 36.187, "southBoundingCoordinate": 33.364}, "sizeMB": 5.56, "format": "Not provided"}, "IPHEx_CoSMIR_20140611_CONFWD.txt": {"temporal": ["2014-06-11T15:01:11.000Z", "2014-06-11T22:48:15.000Z"], "wnes_geometry": {"westBoundingCoordinate": -84.581, "eastBoundingCoordinate": -80.427, "northBoundingCoordinate": 36.835, "southBoundingCoordinate": 32.585}, "sizeMB": 23.39, "format": "Not provided"}, "IPHEx_CoSMIR_20140611_CROSSTRCK.txt": {"temporal": ["2014-06-11T15:01:15.000Z", "2014-06-11T22:48:10.000Z"], "wnes_geometry": {"westBoundingCoordinate": -84.627, "eastBoundingCoordinate": -80.425, "northBoundingCoordinate": 36.85, "southBoundingCoordinate": 32.582}, "sizeMB": 23.46, "format": "Not provided"}, "IPHEx_CoSMIR_20140612_CONFWD.txt": {"temporal": ["2014-06-12T16:02:48.000Z", "2014-06-12T23:38:22.000Z"], "wnes_geometry": {"westBoundingCoordinate": -84.072, "eastBoundingCoordinate": -82.179, "northBoundingCoordinate": 36.312, "southBoundingCoordinate": 32.429}, "sizeMB": 22.81, "format": "Not provided"}, "IPHEx_CoSMIR_20140612_CROSSTRCK.txt": {"temporal": ["2014-06-12T16:02:53.000Z", "2014-06-12T23:38:17.000Z"], "wnes_geometry": {"westBoundingCoordinate": -84.084, "eastBoundingCoordinate": -82.174, "northBoundingCoordinate": 36.322, "southBoundingCoordinate": 32.432}, "sizeMB": 22.88, "format": "Not provided"}, "IPHEx_CoSMIR_20140614_CROSSTRCK.txt": {"temporal": ["2014-06-14T15:01:21.000Z", "2014-06-14T20:52:29.000Z"], "wnes_geometry": {"westBoundingCoordinate": -117.252, "eastBoundingCoordinate": -83.656, "northBoundingCoordinate": 35.404, "southBoundingCoordinate": 31.345}, "sizeMB": 17.41, "format": "Not provided"}, "IPHEx_CoSMIR_20140614_CONFWD.txt": {"temporal": ["2014-06-14T15:01:26.000Z", "2014-06-14T20:52:34.000Z"], "wnes_geometry": {"westBoundingCoordinate": -117.35, "eastBoundingCoordinate": -83.675, "northBoundingCoordinate": 35.392, "southBoundingCoordinate": 31.349}, "sizeMB": 17.56, "format": "Not provided"}}