{"08062010_CIPG-2DP.txt": {"temporal": ["2010-08-06T00:00:00.000Z", "2010-08-06T23:59:00.000Z"], "wnes_geometry": {"westBoundingCoordinate": 25.04, "eastBoundingCoordinate": 25.37, "northBoundingCoordinate": 61.36, "southBoundingCoordinate": 60.06}, "sizeMB": 1.36, "format": "Not provided"}, "08122010_CIPG-2DP.txt": {"temporal": ["2010-08-12T00:00:00.000Z", "2010-08-12T23:59:00.000Z"], "wnes_geometry": {"westBoundingCoordinate": 25.04, "eastBoundingCoordinate": 25.37, "northBoundingCoordinate": 61.36, "southBoundingCoordinate": 60.06}, "sizeMB": 0.93, "format": "Not provided"}, "09112010_CIPG-2DP.txt": {"temporal": ["2010-09-11T00:00:00.000Z", "2010-09-11T23:59:00.000Z"], "wnes_geometry": {"westBoundingCoordinate": 25.04, "eastBoundingCoordinate": 25.37, "northBoundingCoordinate": 61.36, "southBoundingCoordinate": 60.06}, "sizeMB": 1.39, "format": "Not provided"}, "09132010_CIPG-2DP.txt": {"temporal": ["2010-09-13T00:00:00.000Z", "2010-09-13T23:59:00.000Z"], "wnes_geometry": {"westBoundingCoordinate": 25.04, "eastBoundingCoordinate": 25.37, "northBoundingCoordinate": 61.36, "southBoundingCoordinate": 60.06}, "sizeMB": 2.02, "format": "Not provided"}, "09162010_CIPG-2DP.txt": {"temporal": ["2010-09-16T00:00:00.000Z", "2010-09-16T23:59:00.000Z"], "wnes_geometry": {"westBoundingCoordinate": 25.04, "eastBoundingCoordinate": 25.37, "northBoundingCoordinate": 61.36, "southBoundingCoordinate": 60.06}, "sizeMB": 5.33, "format": "Not provided"}, "09192010_CIPG-2DP.txt": {"temporal": ["2010-09-19T00:00:00.000Z", "2010-09-19T23:59:00.000Z"], "wnes_geometry": {"westBoundingCoordinate": 25.04, "eastBoundingCoordinate": 25.37, "northBoundingCoordinate": 61.36, "southBoundingCoordinate": 60.06}, "sizeMB": 6.33, "format": "Not provided"}, "09212010_CIPG-2DP.txt": {"temporal": ["2010-09-21T00:00:00.000Z", "2010-09-21T23:59:00.000Z"], "wnes_geometry": {"westBoundingCoordinate": 25.04, "eastBoundingCoordinate": 25.37, "northBoundingCoordinate": 61.36, "southBoundingCoordinate": 60.06}, "sizeMB": 6.36, "format": "Not provided"}, "09232010_CIPG-2DP.txt": {"temporal": ["2010-09-23T00:00:00.000Z", "2010-09-23T23:59:00.000Z"], "wnes_geometry": {"westBoundingCoordinate": 25.04, "eastBoundingCoordinate": 25.37, "northBoundingCoordinate": 61.36, "southBoundingCoordinate": 60.06}, "sizeMB": 4.39, "format": "Not provided"}, "09252010_CIPG-2DP.txt": {"temporal": ["2010-09-25T00:00:00.000Z", "2010-09-25T23:59:00.000Z"], "wnes_geometry": {"westBoundingCoordinate": 25.04, "eastBoundingCoordinate": 25.37, "northBoundingCoordinate": 61.36, "southBoundingCoordinate": 60.06}, "sizeMB": 5.01, "format": "Not provided"}, "09292010_CIPG-2DP.txt": {"temporal": ["2010-09-29T00:00:00.000Z", "2010-09-29T23:59:00.000Z"], "wnes_geometry": {"westBoundingCoordinate": 25.04, "eastBoundingCoordinate": 25.37, "northBoundingCoordinate": 61.36, "southBoundingCoordinate": 60.06}, "sizeMB": 2.85, "format": "Not provided"}, "10042010_CIPG-2DP.txt": {"temporal": ["2010-10-04T00:00:00.000Z", "2010-10-04T23:59:00.000Z"], "wnes_geometry": {"westBoundingCoordinate": 25.04, "eastBoundingCoordinate": 25.37, "northBoundingCoordinate": 61.36, "southBoundingCoordinate": 60.06}, "sizeMB": 2.8, "format": "Not provided"}, "10082010_CIPG-2DP.txt": {"temporal": ["2010-10-08T00:00:00.000Z", "2010-10-08T23:59:00.000Z"], "wnes_geometry": {"westBoundingCoordinate": 25.04, "eastBoundingCoordinate": 25.37, "northBoundingCoordinate": 61.36, "southBoundingCoordinate": 60.06}, "sizeMB": 3.03, "format": "Not provided"}, "10102010_CIPG-2DP.txt": {"temporal": ["2010-10-10T00:00:00.000Z", "2010-10-10T23:59:00.000Z"], "wnes_geometry": {"westBoundingCoordinate": 25.04, "eastBoundingCoordinate": 25.37, "northBoundingCoordinate": 61.36, "southBoundingCoordinate": 60.06}, "sizeMB": 7.35, "format": "Not provided"}, "10122010_CIPG-2DP.txt": {"temporal": ["2010-10-12T00:00:00.000Z", "2010-10-12T23:59:00.000Z"], "wnes_geometry": {"westBoundingCoordinate": 25.04, "eastBoundingCoordinate": 25.37, "northBoundingCoordinate": 61.36, "southBoundingCoordinate": 60.06}, "sizeMB": 6.77, "format": "Not provided"}, "10162010_CIPG-2DP.txt": {"temporal": ["2010-10-16T00:00:00.000Z", "2010-10-16T23:59:00.000Z"], "wnes_geometry": {"westBoundingCoordinate": 25.04, "eastBoundingCoordinate": 25.37, "northBoundingCoordinate": 61.36, "southBoundingCoordinate": 60.06}, "sizeMB": 3.96, "format": "Not provided"}, "10172010_CIPG-2DP.txt": {"temporal": ["2010-10-17T00:00:00.000Z", "2010-10-17T23:59:00.000Z"], "wnes_geometry": {"westBoundingCoordinate": 25.04, "eastBoundingCoordinate": 25.37, "northBoundingCoordinate": 61.36, "southBoundingCoordinate": 60.06}, "sizeMB": 4.01, "format": "Not provided"}, "10192010_CIPG-2DP.txt": {"temporal": ["2010-10-19T00:00:00.000Z", "2010-10-19T23:59:00.000Z"], "wnes_geometry": {"westBoundingCoordinate": 25.04, "eastBoundingCoordinate": 25.37, "northBoundingCoordinate": 61.36, "southBoundingCoordinate": 60.06}, "sizeMB": 7, "format": "Not provided"}, "10202010_CIPG-2DP.txt": {"temporal": ["2010-10-20T00:00:00.000Z", "2010-10-20T23:59:00.000Z"], "wnes_geometry": {"westBoundingCoordinate": 25.04, "eastBoundingCoordinate": 25.37, "northBoundingCoordinate": 61.36, "southBoundingCoordinate": 60.06}, "sizeMB": 6.08, "format": "Not provided"}}