{"olympex_cosmir_20151105_crosstrack_v1.hdf5": {"temporal": ["2015-11-05T00:00:00.000Z", "2015-11-05T23:59:59.000Z"], "wnes_geometry": {"westBoundingCoordinate": -120.746, "eastBoundingCoordinate": -117.697, "northBoundingCoordinate": 34.887, "southBoundingCoordinate": 29.931}, "sizeMB": 4.43, "format": "HDF5"}, "olympex_cosmir_20151105_conical_v1.hdf5": {"temporal": ["2015-11-05T00:00:00.000Z", "2015-11-05T23:59:59.000Z"], "wnes_geometry": {"westBoundingCoordinate": -120.746, "eastBoundingCoordinate": -117.697, "northBoundingCoordinate": 34.887, "southBoundingCoordinate": 29.931}, "sizeMB": 4.43, "format": "HDF5"}, "olympex_cosmir_20151112_crosstrack_v1.hdf5": {"temporal": ["2015-11-12T00:00:00.000Z", "2015-11-12T23:59:59.000Z"], "wnes_geometry": {"westBoundingCoordinate": -127.359, "eastBoundingCoordinate": -121.463, "northBoundingCoordinate": 48.817, "southBoundingCoordinate": 46.605}, "sizeMB": 14.9, "format": "HDF5"}, "olympex_cosmir_20151113_crosstrack_v1.hdf5": {"temporal": ["2015-11-13T00:00:00.000Z", "2015-11-13T23:59:59.000Z"], "wnes_geometry": {"westBoundingCoordinate": -127.461, "eastBoundingCoordinate": -122.146, "northBoundingCoordinate": 48.736, "southBoundingCoordinate": 46.198}, "sizeMB": 13.53, "format": "HDF5"}, "olympex_cosmir_20151114_crosstrack_v1.hdf5": {"temporal": ["2015-11-14T00:00:00.000Z", "2015-11-14T23:59:59.000Z"], "wnes_geometry": {"westBoundingCoordinate": -127.899, "eastBoundingCoordinate": -122.073, "northBoundingCoordinate": 48.677, "southBoundingCoordinate": 45.591}, "sizeMB": 14.76, "format": "HDF5"}, "olympex_cosmir_20151118_conical_v1.hdf5": {"temporal": ["2015-11-18T00:00:00.000Z", "2015-11-18T23:59:59.000Z"], "wnes_geometry": {"westBoundingCoordinate": -127.291, "eastBoundingCoordinate": -122.357, "northBoundingCoordinate": 48.552, "southBoundingCoordinate": 45.952}, "sizeMB": 9.64, "format": "HDF5"}, "olympex_cosmir_20151118_crosstrack_v1.hdf5": {"temporal": ["2015-11-18T00:00:00.000Z", "2015-11-18T23:59:59.000Z"], "wnes_geometry": {"westBoundingCoordinate": -127.291, "eastBoundingCoordinate": -122.357, "northBoundingCoordinate": 48.552, "southBoundingCoordinate": 45.952}, "sizeMB": 9.64, "format": "HDF5"}, "olympex_cosmir_20151123_crosstrack_v1.hdf5": {"temporal": ["2015-11-23T00:00:00.000Z", "2015-11-23T23:59:59.000Z"], "wnes_geometry": {"westBoundingCoordinate": -127.595, "eastBoundingCoordinate": -122.866, "northBoundingCoordinate": 48.822, "southBoundingCoordinate": 46.318}, "sizeMB": 9.82, "format": "HDF5"}, "olympex_cosmir_20151123_conical_v1.hdf5": {"temporal": ["2015-11-23T00:00:00.000Z", "2015-11-23T23:59:59.000Z"], "wnes_geometry": {"westBoundingCoordinate": -127.595, "eastBoundingCoordinate": -122.866, "northBoundingCoordinate": 48.822, "southBoundingCoordinate": 46.318}, "sizeMB": 9.82, "format": "HDF5"}, "olympex_cosmir_20151124_conical_v1.hdf5": {"temporal": ["2015-11-24T00:00:00.000Z", "2015-11-24T23:59:59.000Z"], "wnes_geometry": {"westBoundingCoordinate": -127.46, "eastBoundingCoordinate": -121.573, "northBoundingCoordinate": 48.817, "southBoundingCoordinate": 45.891}, "sizeMB": 8.41, "format": "HDF5"}, "olympex_cosmir_20151124_crosstrack_v1.hdf5": {"temporal": ["2015-11-24T00:00:00.000Z", "2015-11-24T23:59:59.000Z"], "wnes_geometry": {"westBoundingCoordinate": -127.46, "eastBoundingCoordinate": -121.573, "northBoundingCoordinate": 48.817, "southBoundingCoordinate": 45.891}, "sizeMB": 8.42, "format": "HDF5"}, "olympex_cosmir_20151125_crosstrack_v1.hdf5": {"temporal": ["2015-11-25T00:00:00.000Z", "2015-11-25T23:59:59.000Z"], "wnes_geometry": {"westBoundingCoordinate": -129.622, "eastBoundingCoordinate": -121.432, "northBoundingCoordinate": 49.737, "southBoundingCoordinate": 46.055}, "sizeMB": 3.2, "format": "HDF5"}, "olympex_cosmir_20151125_conical_v1.hdf5": {"temporal": ["2015-11-25T00:00:00.000Z", "2015-11-25T23:59:59.000Z"], "wnes_geometry": {"westBoundingCoordinate": -129.622, "eastBoundingCoordinate": -121.432, "northBoundingCoordinate": 49.737, "southBoundingCoordinate": 46.055}, "sizeMB": 3.19, "format": "HDF5"}, "olympex_cosmir_20151201_crosstrack_v1.hdf5": {"temporal": ["2015-12-01T00:00:00.000Z", "2015-12-01T23:59:59.000Z"], "wnes_geometry": {"westBoundingCoordinate": -125.764, "eastBoundingCoordinate": -122.209, "northBoundingCoordinate": 48.898, "southBoundingCoordinate": 46.195}, "sizeMB": 7.62, "format": "HDF5"}, "olympex_cosmir_20151201_conical_v1.hdf5": {"temporal": ["2015-12-01T00:00:00.000Z", "2015-12-01T23:59:59.000Z"], "wnes_geometry": {"westBoundingCoordinate": -125.764, "eastBoundingCoordinate": -122.209, "northBoundingCoordinate": 48.898, "southBoundingCoordinate": 46.195}, "sizeMB": 7.62, "format": "HDF5"}, "olympex_cosmir_20151203_crosstrack_v1.hdf5": {"temporal": ["2015-12-03T00:00:00.000Z", "2015-12-03T23:59:59.000Z"], "wnes_geometry": {"westBoundingCoordinate": -126.223, "eastBoundingCoordinate": -121.994, "northBoundingCoordinate": 49.574, "southBoundingCoordinate": 46.525}, "sizeMB": 4.17, "format": "HDF5"}, "olympex_cosmir_20151203_conical_v1.hdf5": {"temporal": ["2015-12-03T00:00:00.000Z", "2015-12-03T23:59:59.000Z"], "wnes_geometry": {"westBoundingCoordinate": -126.223, "eastBoundingCoordinate": -121.994, "northBoundingCoordinate": 49.574, "southBoundingCoordinate": 46.525}, "sizeMB": 4.17, "format": "HDF5"}, "olympex_cosmir_20151204_crosstrack_v1.hdf5": {"temporal": ["2015-12-04T00:00:00.000Z", "2015-12-04T23:59:59.000Z"], "wnes_geometry": {"westBoundingCoordinate": -126.776, "eastBoundingCoordinate": -122.251, "northBoundingCoordinate": 48.614, "southBoundingCoordinate": 46.488}, "sizeMB": 6.99, "format": "HDF5"}, "olympex_cosmir_20151204_conical_v1.hdf5": {"temporal": ["2015-12-04T00:00:00.000Z", "2015-12-04T23:59:59.000Z"], "wnes_geometry": {"westBoundingCoordinate": -126.776, "eastBoundingCoordinate": -122.251, "northBoundingCoordinate": 48.614, "southBoundingCoordinate": 46.488}, "sizeMB": 6.99, "format": "HDF5"}, "olympex_cosmir_20151205_crosstrack_v1.hdf5": {"temporal": ["2015-12-05T00:00:00.000Z", "2015-12-05T23:59:59.000Z"], "wnes_geometry": {"westBoundingCoordinate": -125.689, "eastBoundingCoordinate": -122.406, "northBoundingCoordinate": 48.606, "southBoundingCoordinate": 46.372}, "sizeMB": 2.3, "format": "HDF5"}, "olympex_cosmir_20151205_conical_v1.hdf5": {"temporal": ["2015-12-05T00:00:00.000Z", "2015-12-05T23:59:59.000Z"], "wnes_geometry": {"westBoundingCoordinate": -125.689, "eastBoundingCoordinate": -122.406, "northBoundingCoordinate": 48.606, "southBoundingCoordinate": 46.372}, "sizeMB": 2.3, "format": "HDF5"}, "olympex_cosmir_20151208_crosstrack_v1.hdf5": {"temporal": ["2015-12-08T00:00:00.000Z", "2015-12-08T23:59:59.000Z"], "wnes_geometry": {"westBoundingCoordinate": -128.661, "eastBoundingCoordinate": -121.952, "northBoundingCoordinate": 48.531, "southBoundingCoordinate": 45.774}, "sizeMB": 6.18, "format": "HDF5"}, "olympex_cosmir_20151208_conical_v1.hdf5": {"temporal": ["2015-12-08T00:00:00.000Z", "2015-12-08T23:59:59.000Z"], "wnes_geometry": {"westBoundingCoordinate": -128.661, "eastBoundingCoordinate": -121.952, "northBoundingCoordinate": 48.531, "southBoundingCoordinate": 45.774}, "sizeMB": 6.18, "format": "HDF5"}, "olympex_cosmir_20151210_crosstrack_v1.hdf5": {"temporal": ["2015-12-10T00:00:00.000Z", "2015-12-10T23:59:59.000Z"], "wnes_geometry": {"westBoundingCoordinate": -126.01, "eastBoundingCoordinate": -122.785, "northBoundingCoordinate": 48.833, "southBoundingCoordinate": 46.239}, "sizeMB": 5.86, "format": "HDF5"}, "olympex_cosmir_20151210_conical_v1.hdf5": {"temporal": ["2015-12-10T00:00:00.000Z", "2015-12-10T23:59:59.000Z"], "wnes_geometry": {"westBoundingCoordinate": -126.01, "eastBoundingCoordinate": -122.785, "northBoundingCoordinate": 48.833, "southBoundingCoordinate": 46.239}, "sizeMB": 5.85, "format": "HDF5"}, "olympex_cosmir_20151212_crosstrack_v1.hdf5": {"temporal": ["2015-12-12T00:00:00.000Z", "2015-12-12T23:59:59.000Z"], "wnes_geometry": {"westBoundingCoordinate": -129.46, "eastBoundingCoordinate": -122.572, "northBoundingCoordinate": 48.825, "southBoundingCoordinate": 45.866}, "sizeMB": 7.93, "format": "HDF5"}, "olympex_cosmir_20151212_conical_v1.hdf5": {"temporal": ["2015-12-12T00:00:00.000Z", "2015-12-12T23:59:59.000Z"], "wnes_geometry": {"westBoundingCoordinate": -129.46, "eastBoundingCoordinate": -122.572, "northBoundingCoordinate": 48.825, "southBoundingCoordinate": 45.866}, "sizeMB": 7.93, "format": "HDF5"}, "olympex_cosmir_20151213_crosstrack_v1.hdf5": {"temporal": ["2015-12-13T00:00:00.000Z", "2015-12-13T23:59:59.000Z"], "wnes_geometry": {"westBoundingCoordinate": -126.801, "eastBoundingCoordinate": -122.367, "northBoundingCoordinate": 48.828, "southBoundingCoordinate": 46.553}, "sizeMB": 6.42, "format": "HDF5"}, "olympex_cosmir_20151213_conical_v1.hdf5": {"temporal": ["2015-12-13T00:00:00.000Z", "2015-12-13T23:59:59.000Z"], "wnes_geometry": {"westBoundingCoordinate": -126.801, "eastBoundingCoordinate": -122.367, "northBoundingCoordinate": 48.828, "southBoundingCoordinate": 46.553}, "sizeMB": 6.42, "format": "HDF5"}, "olympex_cosmir_20151218_conical_v1.hdf5": {"temporal": ["2015-12-18T00:00:00.000Z", "2015-12-18T23:59:59.000Z"], "wnes_geometry": {"westBoundingCoordinate": -128.323, "eastBoundingCoordinate": -121.782, "northBoundingCoordinate": 49.008, "southBoundingCoordinate": 46.81}, "sizeMB": 3.12, "format": "HDF5"}, "olympex_cosmir_20151218_crosstrack_v1.hdf5": {"temporal": ["2015-12-18T00:00:00.000Z", "2015-12-18T23:59:59.000Z"], "wnes_geometry": {"westBoundingCoordinate": -128.323, "eastBoundingCoordinate": -121.782, "northBoundingCoordinate": 49.008, "southBoundingCoordinate": 46.81}, "sizeMB": 3.12, "format": "HDF5"}, "olympex_cosmir_20151219_crosstrack_v1.hdf5": {"temporal": ["2015-12-19T00:00:00.000Z", "2015-12-19T23:59:59.000Z"], "wnes_geometry": {"westBoundingCoordinate": -126.885, "eastBoundingCoordinate": -122.622, "northBoundingCoordinate": 48.321, "southBoundingCoordinate": 46.054}, "sizeMB": 2.71, "format": "HDF5"}, "olympex_cosmir_20151219_conical_v1.hdf5": {"temporal": ["2015-12-19T00:00:00.000Z", "2015-12-19T23:59:59.000Z"], "wnes_geometry": {"westBoundingCoordinate": -126.885, "eastBoundingCoordinate": -122.622, "northBoundingCoordinate": 48.321, "southBoundingCoordinate": 46.054}, "sizeMB": 2.71, "format": "HDF5"}}