{"mc3e_KGLD_2011051800.tar": {"temporal": ["2011-05-18T00:00:00.000Z", "2011-05-18T00:59:59.000Z"], "wnes_geometry": {"westBoundingCoordinate": -107.04, "eastBoundingCoordinate": -96.36, "northBoundingCoordinate": 43.5, "southBoundingCoordinate": 35.23}, "sizeMB": 52.79, "format": "Not provided"}, "mc3e_KGLD_2011051801.tar": {"temporal": ["2011-05-18T01:00:00.000Z", "2011-05-18T01:59:59.000Z"], "wnes_geometry": {"westBoundingCoordinate": -107.04, "eastBoundingCoordinate": -96.36, "northBoundingCoordinate": 43.5, "southBoundingCoordinate": 35.23}, "sizeMB": 47.63, "format": "Not provided"}, "mc3e_KGLD_2011051802.tar": {"temporal": ["2011-05-18T02:00:00.000Z", "2011-05-18T02:59:59.000Z"], "wnes_geometry": {"westBoundingCoordinate": -107.04, "eastBoundingCoordinate": -96.36, "northBoundingCoordinate": 43.5, "southBoundingCoordinate": 35.23}, "sizeMB": 60.86, "format": "Not provided"}, "mc3e_KGLD_2011051803.tar": {"temporal": ["2011-05-18T03:00:00.000Z", "2011-05-18T03:59:59.000Z"], "wnes_geometry": {"westBoundingCoordinate": -107.04, "eastBoundingCoordinate": -96.36, "northBoundingCoordinate": 43.5, "southBoundingCoordinate": 35.23}, "sizeMB": 68.59, "format": "Not provided"}, "mc3e_KGLD_2011051804.tar": {"temporal": ["2011-05-18T04:00:00.000Z", "2011-05-18T04:59:59.000Z"], "wnes_geometry": {"westBoundingCoordinate": -107.04, "eastBoundingCoordinate": -96.36, "northBoundingCoordinate": 43.5, "southBoundingCoordinate": 35.23}, "sizeMB": 71.25, "format": "Not provided"}, "mc3e_KGLD_2011051805.tar": {"temporal": ["2011-05-18T05:00:00.000Z", "2011-05-18T05:59:59.000Z"], "wnes_geometry": {"westBoundingCoordinate": -107.04, "eastBoundingCoordinate": -96.36, "northBoundingCoordinate": 43.5, "southBoundingCoordinate": 35.23}, "sizeMB": 69.9, "format": "Not provided"}, "mc3e_KGLD_2011051806.tar": {"temporal": ["2011-05-18T06:00:00.000Z", "2011-05-18T06:59:59.000Z"], "wnes_geometry": {"westBoundingCoordinate": -107.04, "eastBoundingCoordinate": -96.36, "northBoundingCoordinate": 43.5, "southBoundingCoordinate": 35.23}, "sizeMB": 71.47, "format": "Not provided"}, "mc3e_KGLD_2011051807.tar": {"temporal": ["2011-05-18T07:00:00.000Z", "2011-05-18T07:59:59.000Z"], "wnes_geometry": {"westBoundingCoordinate": -107.04, "eastBoundingCoordinate": -96.36, "northBoundingCoordinate": 43.5, "southBoundingCoordinate": 35.23}, "sizeMB": 70.56, "format": "Not provided"}, "mc3e_KGLD_2011051808.tar": {"temporal": ["2011-05-18T08:00:00.000Z", "2011-05-18T08:59:59.000Z"], "wnes_geometry": {"westBoundingCoordinate": -107.04, "eastBoundingCoordinate": -96.36, "northBoundingCoordinate": 43.5, "southBoundingCoordinate": 35.23}, "sizeMB": 63.26, "format": "Not provided"}, "mc3e_KGLD_2011051809.tar": {"temporal": ["2011-05-18T09:00:00.000Z", "2011-05-18T09:59:59.000Z"], "wnes_geometry": {"westBoundingCoordinate": -107.04, "eastBoundingCoordinate": -96.36, "northBoundingCoordinate": 43.5, "southBoundingCoordinate": 35.23}, "sizeMB": 51.8, "format": "Not provided"}, "mc3e_KGLD_2011051810.tar": {"temporal": ["2011-05-18T10:00:00.000Z", "2011-05-18T10:59:59.000Z"], "wnes_geometry": {"westBoundingCoordinate": -107.04, "eastBoundingCoordinate": -96.36, "northBoundingCoordinate": 43.5, "southBoundingCoordinate": 35.23}, "sizeMB": 41.51, "format": "Not provided"}, "mc3e_KGLD_2011051811.tar": {"temporal": ["2011-05-18T11:00:00.000Z", "2011-05-18T11:59:59.000Z"], "wnes_geometry": {"westBoundingCoordinate": -107.04, "eastBoundingCoordinate": -96.36, "northBoundingCoordinate": 43.5, "southBoundingCoordinate": 35.23}, "sizeMB": 22.89, "format": "Not provided"}, "mc3e_KGLD_2011051812.tar": {"temporal": ["2011-05-18T12:00:00.000Z", "2011-05-18T12:59:59.000Z"], "wnes_geometry": {"westBoundingCoordinate": -107.04, "eastBoundingCoordinate": -96.36, "northBoundingCoordinate": 43.5, "southBoundingCoordinate": 35.23}, "sizeMB": 8.16, "format": "Not provided"}, "mc3e_KGLD_2011051813.tar": {"temporal": ["2011-05-18T13:00:00.000Z", "2011-05-18T13:59:59.000Z"], "wnes_geometry": {"westBoundingCoordinate": -107.04, "eastBoundingCoordinate": -96.36, "northBoundingCoordinate": 43.5, "southBoundingCoordinate": 35.23}, "sizeMB": 4.09, "format": "Not provided"}, "mc3e_KGLD_2011051814.tar": {"temporal": ["2011-05-18T14:00:00.000Z", "2011-05-18T14:59:59.000Z"], "wnes_geometry": {"westBoundingCoordinate": -107.04, "eastBoundingCoordinate": -96.36, "northBoundingCoordinate": 43.5, "southBoundingCoordinate": 35.23}, "sizeMB": 4.19, "format": "Not provided"}, "mc3e_KGLD_2011051815.tar": {"temporal": ["2011-05-18T15:00:00.000Z", "2011-05-18T15:59:59.000Z"], "wnes_geometry": {"westBoundingCoordinate": -107.04, "eastBoundingCoordinate": -96.36, "northBoundingCoordinate": 43.5, "southBoundingCoordinate": 35.23}, "sizeMB": 4.15, "format": "Not provided"}, "mc3e_KGLD_2011051816.tar": {"temporal": ["2011-05-18T16:00:00.000Z", "2011-05-18T16:59:59.000Z"], "wnes_geometry": {"westBoundingCoordinate": -107.04, "eastBoundingCoordinate": -96.36, "northBoundingCoordinate": 43.5, "southBoundingCoordinate": 35.23}, "sizeMB": 4.59, "format": "Not provided"}, "mc3e_KGLD_2011051817.tar": {"temporal": ["2011-05-18T17:00:00.000Z", "2011-05-18T17:59:59.000Z"], "wnes_geometry": {"westBoundingCoordinate": -107.04, "eastBoundingCoordinate": -96.36, "northBoundingCoordinate": 43.5, "southBoundingCoordinate": 35.23}, "sizeMB": 3.8, "format": "Not provided"}, "mc3e_KGLD_2011051818.tar": {"temporal": ["2011-05-18T18:00:00.000Z", "2011-05-18T18:59:59.000Z"], "wnes_geometry": {"westBoundingCoordinate": -107.04, "eastBoundingCoordinate": -96.36, "northBoundingCoordinate": 43.5, "southBoundingCoordinate": 35.23}, "sizeMB": 3.85, "format": "Not provided"}, "mc3e_KGLD_2011051819.tar": {"temporal": ["2011-05-18T19:00:00.000Z", "2011-05-18T19:59:59.000Z"], "wnes_geometry": {"westBoundingCoordinate": -107.04, "eastBoundingCoordinate": -96.36, "northBoundingCoordinate": 43.5, "southBoundingCoordinate": 35.23}, "sizeMB": 3.68, "format": "Not provided"}, "mc3e_KGLD_2011051820.tar": {"temporal": ["2011-05-18T20:00:00.000Z", "2011-05-18T20:59:59.000Z"], "wnes_geometry": {"westBoundingCoordinate": -107.04, "eastBoundingCoordinate": -96.36, "northBoundingCoordinate": 43.5, "southBoundingCoordinate": 35.23}, "sizeMB": 4.62, "format": "Not provided"}, "mc3e_KGLD_2011051821.tar": {"temporal": ["2011-05-18T21:00:00.000Z", "2011-05-18T21:59:59.000Z"], "wnes_geometry": {"westBoundingCoordinate": -107.04, "eastBoundingCoordinate": -96.36, "northBoundingCoordinate": 43.5, "southBoundingCoordinate": 35.23}, "sizeMB": 5.23, "format": "Not provided"}, "mc3e_KGLD_2011051822.tar": {"temporal": ["2011-05-18T22:00:00.000Z", "2011-05-18T22:59:59.000Z"], "wnes_geometry": {"westBoundingCoordinate": -107.04, "eastBoundingCoordinate": -96.36, "northBoundingCoordinate": 43.5, "southBoundingCoordinate": 35.23}, "sizeMB": 15.59, "format": "Not provided"}, "mc3e_KGLD_2011051823.tar": {"temporal": ["2011-05-18T23:00:00.000Z", "2011-05-18T23:59:59.000Z"], "wnes_geometry": {"westBoundingCoordinate": -107.04, "eastBoundingCoordinate": -96.36, "northBoundingCoordinate": 43.5, "southBoundingCoordinate": 35.23}, "sizeMB": 27.44, "format": "Not provided"}}