{"gcpex_lidar_aerosol_2012_01_18_1064_4km_CARE.jpg": {"temporal": ["2012-01-18T00:00:00.000Z", "2012-01-18T23:59:59.000Z"], "wnes_geometry": {"westBoundingCoordinate": -79.79, "eastBoundingCoordinate": -79.77, "northBoundingCoordinate": 44.24, "southBoundingCoordinate": 44.22}, "sizeMB": 0.2, "format": "JPEG"}, "gcpex_lidar_aerosol_2012_01_18_1064_12km_CARE.jpg": {"temporal": ["2012-01-18T00:00:00.000Z", "2012-01-18T23:59:59.000Z"], "wnes_geometry": {"westBoundingCoordinate": -79.79, "eastBoundingCoordinate": -79.77, "northBoundingCoordinate": 44.24, "southBoundingCoordinate": 44.22}, "sizeMB": 0.2, "format": "JPEG"}, "gcpex_lidar_aerosol_2012_01_19_1064_4km_CARE.jpg": {"temporal": ["2012-01-19T00:00:00.000Z", "2012-01-19T23:59:59.000Z"], "wnes_geometry": {"westBoundingCoordinate": -79.79, "eastBoundingCoordinate": -79.77, "northBoundingCoordinate": 44.24, "southBoundingCoordinate": 44.22}, "sizeMB": 0.22, "format": "JPEG"}, "gcpex_lidar_aerosol_2012_01_19_1064_12km_CARE.jpg": {"temporal": ["2012-01-19T00:00:00.000Z", "2012-01-19T23:59:59.000Z"], "wnes_geometry": {"westBoundingCoordinate": -79.79, "eastBoundingCoordinate": -79.77, "northBoundingCoordinate": 44.24, "southBoundingCoordinate": 44.22}, "sizeMB": 0.21, "format": "JPEG"}, "gcpex_lidar_aerosol_2012_01_20_1064_4km_CARE.jpg": {"temporal": ["2012-01-20T00:00:00.000Z", "2012-01-20T23:59:59.000Z"], "wnes_geometry": {"westBoundingCoordinate": -79.79, "eastBoundingCoordinate": -79.77, "northBoundingCoordinate": 44.24, "southBoundingCoordinate": 44.22}, "sizeMB": 0.18, "format": "JPEG"}, "gcpex_lidar_aerosol_2012_01_20_1064_12km_CARE.jpg": {"temporal": ["2012-01-20T00:00:00.000Z", "2012-01-20T23:59:59.000Z"], "wnes_geometry": {"westBoundingCoordinate": -79.79, "eastBoundingCoordinate": -79.77, "northBoundingCoordinate": 44.24, "southBoundingCoordinate": 44.22}, "sizeMB": 0.14, "format": "JPEG"}, "gcpex_lidar_aerosol_2012_01_21_1064_4km_CARE.jpg": {"temporal": ["2012-01-21T00:00:00.000Z", "2012-01-21T23:59:59.000Z"], "wnes_geometry": {"westBoundingCoordinate": -79.79, "eastBoundingCoordinate": -79.77, "northBoundingCoordinate": 44.24, "southBoundingCoordinate": 44.22}, "sizeMB": 0.2, "format": "JPEG"}, "gcpex_lidar_aerosol_2012_01_21_1064_12km_CARE.jpg": {"temporal": ["2012-01-21T00:00:00.000Z", "2012-01-21T23:59:59.000Z"], "wnes_geometry": {"westBoundingCoordinate": -79.79, "eastBoundingCoordinate": -79.77, "northBoundingCoordinate": 44.24, "southBoundingCoordinate": 44.22}, "sizeMB": 0.24, "format": "JPEG"}, "gcpex_lidar_aerosol_2012_01_22_1064_12km_CARE.jpg": {"temporal": ["2012-01-22T00:00:00.000Z", "2012-01-22T23:59:59.000Z"], "wnes_geometry": {"westBoundingCoordinate": -79.79, "eastBoundingCoordinate": -79.77, "northBoundingCoordinate": 44.24, "southBoundingCoordinate": 44.22}, "sizeMB": 0.3, "format": "JPEG"}, "gcpex_lidar_aerosol_2012_01_22_1064_4km_CARE.jpg": {"temporal": ["2012-01-22T00:00:00.000Z", "2012-01-22T23:59:59.000Z"], "wnes_geometry": {"westBoundingCoordinate": -79.79, "eastBoundingCoordinate": -79.77, "northBoundingCoordinate": 44.24, "southBoundingCoordinate": 44.22}, "sizeMB": 0.26, "format": "JPEG"}, "gcpex_lidar_aerosol_2012_01_23_1064_12km_CARE.jpg": {"temporal": ["2012-01-23T00:00:00.000Z", "2012-01-23T23:59:59.000Z"], "wnes_geometry": {"westBoundingCoordinate": -79.79, "eastBoundingCoordinate": -79.77, "northBoundingCoordinate": 44.24, "southBoundingCoordinate": 44.22}, "sizeMB": 0.11, "format": "JPEG"}, "gcpex_lidar_aerosol_2012_01_23_1064_4km_CARE.jpg": {"temporal": ["2012-01-23T00:00:00.000Z", "2012-01-23T23:59:59.000Z"], "wnes_geometry": {"westBoundingCoordinate": -79.79, "eastBoundingCoordinate": -79.77, "northBoundingCoordinate": 44.24, "southBoundingCoordinate": 44.22}, "sizeMB": 0.14, "format": "JPEG"}, "gcpex_lidar_aerosol_2012_01_24_1064_12km_CARE.jpg": {"temporal": ["2012-01-24T00:00:00.000Z", "2012-01-24T23:59:59.000Z"], "wnes_geometry": {"westBoundingCoordinate": -79.79, "eastBoundingCoordinate": -79.77, "northBoundingCoordinate": 44.24, "southBoundingCoordinate": 44.22}, "sizeMB": 0.09, "format": "JPEG"}, "gcpex_lidar_aerosol_2012_01_24_1064_4km_CARE.jpg": {"temporal": ["2012-01-24T00:00:00.000Z", "2012-01-24T23:59:59.000Z"], "wnes_geometry": {"westBoundingCoordinate": -79.79, "eastBoundingCoordinate": -79.77, "northBoundingCoordinate": 44.24, "southBoundingCoordinate": 44.22}, "sizeMB": 0.12, "format": "JPEG"}, "gcpex_lidar_aerosol_2012_01_25_1064_12km_CARE.jpg": {"temporal": ["2012-01-25T00:00:00.000Z", "2012-01-25T23:59:59.000Z"], "wnes_geometry": {"westBoundingCoordinate": -79.79, "eastBoundingCoordinate": -79.77, "northBoundingCoordinate": 44.24, "southBoundingCoordinate": 44.22}, "sizeMB": 0.09, "format": "JPEG"}, "gcpex_lidar_aerosol_2012_01_25_1064_4km_CARE.jpg": {"temporal": ["2012-01-25T00:00:00.000Z", "2012-01-25T23:59:59.000Z"], "wnes_geometry": {"westBoundingCoordinate": -79.79, "eastBoundingCoordinate": -79.77, "northBoundingCoordinate": 44.24, "southBoundingCoordinate": 44.22}, "sizeMB": 0.11, "format": "JPEG"}, "gcpex_lidar_aerosol_2012_01_26_1064_4km_CARE.jpg": {"temporal": ["2012-01-26T00:00:00.000Z", "2012-01-26T23:59:59.000Z"], "wnes_geometry": {"westBoundingCoordinate": -79.79, "eastBoundingCoordinate": -79.77, "northBoundingCoordinate": 44.24, "southBoundingCoordinate": 44.22}, "sizeMB": 0.12, "format": "JPEG"}, "gcpex_lidar_aerosol_2012_01_26_1064_12km_CARE.jpg": {"temporal": ["2012-01-26T00:00:00.000Z", "2012-01-26T23:59:59.000Z"], "wnes_geometry": {"westBoundingCoordinate": -79.79, "eastBoundingCoordinate": -79.77, "northBoundingCoordinate": 44.24, "southBoundingCoordinate": 44.22}, "sizeMB": 0.1, "format": "JPEG"}, "gcpex_lidar_aerosol_2012_01_27_1064_12km_CARE.jpg": {"temporal": ["2012-01-27T00:00:00.000Z", "2012-01-27T23:59:59.000Z"], "wnes_geometry": {"westBoundingCoordinate": -79.79, "eastBoundingCoordinate": -79.77, "northBoundingCoordinate": 44.24, "southBoundingCoordinate": 44.22}, "sizeMB": 0.12, "format": "JPEG"}, "gcpex_lidar_aerosol_2012_01_27_1064_4km_CARE.jpg": {"temporal": ["2012-01-27T00:00:00.000Z", "2012-01-27T23:59:59.000Z"], "wnes_geometry": {"westBoundingCoordinate": -79.79, "eastBoundingCoordinate": -79.77, "northBoundingCoordinate": 44.24, "southBoundingCoordinate": 44.22}, "sizeMB": 0.13, "format": "JPEG"}, "gcpex_lidar_aerosol_2012_01_28_1064_12km_CARE.jpg": {"temporal": ["2012-01-28T00:00:00.000Z", "2012-01-28T23:59:59.000Z"], "wnes_geometry": {"westBoundingCoordinate": -79.79, "eastBoundingCoordinate": -79.77, "northBoundingCoordinate": 44.24, "southBoundingCoordinate": 44.22}, "sizeMB": 0.28, "format": "JPEG"}, "gcpex_lidar_aerosol_2012_01_28_1064_4km_CARE.jpg": {"temporal": ["2012-01-28T00:00:00.000Z", "2012-01-28T23:59:59.000Z"], "wnes_geometry": {"westBoundingCoordinate": -79.79, "eastBoundingCoordinate": -79.77, "northBoundingCoordinate": 44.24, "southBoundingCoordinate": 44.22}, "sizeMB": 0.27, "format": "JPEG"}, "gcpex_lidar_aerosol_2012_01_29_1064_4km_CARE.jpg": {"temporal": ["2012-01-29T00:00:00.000Z", "2012-01-29T23:59:59.000Z"], "wnes_geometry": {"westBoundingCoordinate": -79.79, "eastBoundingCoordinate": -79.77, "northBoundingCoordinate": 44.24, "southBoundingCoordinate": 44.22}, "sizeMB": 0.35, "format": "JPEG"}, "gcpex_lidar_aerosol_2012_01_29_1064_12km_CARE.jpg": {"temporal": ["2012-01-29T00:00:00.000Z", "2012-01-29T23:59:59.000Z"], "wnes_geometry": {"westBoundingCoordinate": -79.79, "eastBoundingCoordinate": -79.77, "northBoundingCoordinate": 44.24, "southBoundingCoordinate": 44.22}, "sizeMB": 0.39, "format": "JPEG"}, "gcpex_lidar_aerosol_2012_01_30_1064_4km_CARE.jpg": {"temporal": ["2012-01-30T00:00:00.000Z", "2012-01-30T23:59:59.000Z"], "wnes_geometry": {"westBoundingCoordinate": -79.79, "eastBoundingCoordinate": -79.77, "northBoundingCoordinate": 44.24, "southBoundingCoordinate": 44.22}, "sizeMB": 0.22, "format": "JPEG"}, "gcpex_lidar_aerosol_2012_01_30_1064_12km_CARE.jpg": {"temporal": ["2012-01-30T00:00:00.000Z", "2012-01-30T23:59:59.000Z"], "wnes_geometry": {"westBoundingCoordinate": -79.79, "eastBoundingCoordinate": -79.77, "northBoundingCoordinate": 44.24, "southBoundingCoordinate": 44.22}, "sizeMB": 0.16, "format": "JPEG"}, "gcpex_lidar_aerosol_2012_01_31_1064_4km_CARE.jpg": {"temporal": ["2012-01-31T00:00:00.000Z", "2012-01-31T23:59:59.000Z"], "wnes_geometry": {"westBoundingCoordinate": -79.79, "eastBoundingCoordinate": -79.77, "northBoundingCoordinate": 44.24, "southBoundingCoordinate": 44.22}, "sizeMB": 0.25, "format": "JPEG"}, "gcpex_lidar_aerosol_2012_01_31_1064_12km_CARE.jpg": {"temporal": ["2012-01-31T00:00:00.000Z", "2012-01-31T23:59:59.000Z"], "wnes_geometry": {"westBoundingCoordinate": -79.79, "eastBoundingCoordinate": -79.77, "northBoundingCoordinate": 44.24, "southBoundingCoordinate": 44.22}, "sizeMB": 0.25, "format": "JPEG"}, "gcpex_lidar_aerosol_2012_02_01_1064_4km_CARE.jpg": {"temporal": ["2012-02-01T00:00:00.000Z", "2012-02-01T23:59:59.000Z"], "wnes_geometry": {"westBoundingCoordinate": -79.79, "eastBoundingCoordinate": -79.77, "northBoundingCoordinate": 44.24, "southBoundingCoordinate": 44.22}, "sizeMB": 0.18, "format": "JPEG"}, "gcpex_lidar_aerosol_2012_02_01_1064_12km_CARE.jpg": {"temporal": ["2012-02-01T00:00:00.000Z", "2012-02-01T23:59:59.000Z"], "wnes_geometry": {"westBoundingCoordinate": -79.79, "eastBoundingCoordinate": -79.77, "northBoundingCoordinate": 44.24, "southBoundingCoordinate": 44.22}, "sizeMB": 0.14, "format": "JPEG"}, "gcpex_lidar_aerosol_2012_02_02_1064_4km_CARE.jpg": {"temporal": ["2012-02-02T00:00:00.000Z", "2012-02-02T23:59:59.000Z"], "wnes_geometry": {"westBoundingCoordinate": -79.79, "eastBoundingCoordinate": -79.77, "northBoundingCoordinate": 44.24, "southBoundingCoordinate": 44.22}, "sizeMB": 0.15, "format": "JPEG"}, "gcpex_lidar_aerosol_2012_02_02_1064_12km_CARE.jpg": {"temporal": ["2012-02-02T00:00:00.000Z", "2012-02-02T23:59:59.000Z"], "wnes_geometry": {"westBoundingCoordinate": -79.79, "eastBoundingCoordinate": -79.77, "northBoundingCoordinate": 44.24, "southBoundingCoordinate": 44.22}, "sizeMB": 0.11, "format": "JPEG"}, "gcpex_lidar_aerosol_2012_02_03_1064_12km_CARE.jpg": {"temporal": ["2012-02-03T00:00:00.000Z", "2012-02-03T23:59:59.000Z"], "wnes_geometry": {"westBoundingCoordinate": -79.79, "eastBoundingCoordinate": -79.77, "northBoundingCoordinate": 44.24, "southBoundingCoordinate": 44.22}, "sizeMB": 0.16, "format": "JPEG"}, "gcpex_lidar_aerosol_2012_02_03_1064_4km_CARE.jpg": {"temporal": ["2012-02-03T00:00:00.000Z", "2012-02-03T23:59:59.000Z"], "wnes_geometry": {"westBoundingCoordinate": -79.79, "eastBoundingCoordinate": -79.77, "northBoundingCoordinate": 44.24, "southBoundingCoordinate": 44.22}, "sizeMB": 0.21, "format": "JPEG"}, "gcpex_lidar_aerosol_2012_02_04_1064_4km_CARE.jpg": {"temporal": ["2012-02-04T00:00:00.000Z", "2012-02-04T23:59:59.000Z"], "wnes_geometry": {"westBoundingCoordinate": -79.79, "eastBoundingCoordinate": -79.77, "northBoundingCoordinate": 44.24, "southBoundingCoordinate": 44.22}, "sizeMB": 0.19, "format": "JPEG"}, "gcpex_lidar_aerosol_2012_02_04_1064_12km_CARE.jpg": {"temporal": ["2012-02-04T00:00:00.000Z", "2012-02-04T23:59:59.000Z"], "wnes_geometry": {"westBoundingCoordinate": -79.79, "eastBoundingCoordinate": -79.77, "northBoundingCoordinate": 44.24, "southBoundingCoordinate": 44.22}, "sizeMB": 0.16, "format": "JPEG"}, "gcpex_lidar_aerosol_2012_02_05_1064_4km_CARE.jpg": {"temporal": ["2012-02-05T00:00:00.000Z", "2012-02-05T23:59:59.000Z"], "wnes_geometry": {"westBoundingCoordinate": -79.79, "eastBoundingCoordinate": -79.77, "northBoundingCoordinate": 44.24, "southBoundingCoordinate": 44.22}, "sizeMB": 0.25, "format": "JPEG"}, "gcpex_lidar_aerosol_2012_02_05_1064_12km_CARE.jpg": {"temporal": ["2012-02-05T00:00:00.000Z", "2012-02-05T23:59:59.000Z"], "wnes_geometry": {"westBoundingCoordinate": -79.79, "eastBoundingCoordinate": -79.77, "northBoundingCoordinate": 44.24, "southBoundingCoordinate": 44.22}, "sizeMB": 0.21, "format": "JPEG"}, "gcpex_lidar_aerosol_2012_02_06_1064_4km_CARE.jpg": {"temporal": ["2012-02-06T00:00:00.000Z", "2012-02-06T23:59:59.000Z"], "wnes_geometry": {"westBoundingCoordinate": -79.79, "eastBoundingCoordinate": -79.77, "northBoundingCoordinate": 44.24, "southBoundingCoordinate": 44.22}, "sizeMB": 0.3, "format": "JPEG"}, "gcpex_lidar_aerosol_2012_02_06_1064_12km_CARE.jpg": {"temporal": ["2012-02-06T00:00:00.000Z", "2012-02-06T23:59:59.000Z"], "wnes_geometry": {"westBoundingCoordinate": -79.79, "eastBoundingCoordinate": -79.77, "northBoundingCoordinate": 44.24, "southBoundingCoordinate": 44.22}, "sizeMB": 0.38, "format": "JPEG"}, "gcpex_lidar_aerosol_2012_02_07_1064_4km_CARE.jpg": {"temporal": ["2012-02-07T00:00:00.000Z", "2012-02-07T23:59:59.000Z"], "wnes_geometry": {"westBoundingCoordinate": -79.79, "eastBoundingCoordinate": -79.77, "northBoundingCoordinate": 44.24, "southBoundingCoordinate": 44.22}, "sizeMB": 0.23, "format": "JPEG"}, "gcpex_lidar_water_vapor_2012_02_07_9500m_CARE.jpg": {"temporal": ["2012-02-07T00:00:00.000Z", "2012-02-07T23:59:59.000Z"], "wnes_geometry": {"westBoundingCoordinate": -79.79, "eastBoundingCoordinate": -79.77, "northBoundingCoordinate": 44.24, "southBoundingCoordinate": 44.22}, "sizeMB": 0.1, "format": "JPEG"}, "gcpex_lidar_aerosol_2012_02_07_1064_12km_CARE.jpg": {"temporal": ["2012-02-07T00:00:00.000Z", "2012-02-07T23:59:59.000Z"], "wnes_geometry": {"westBoundingCoordinate": -79.79, "eastBoundingCoordinate": -79.77, "northBoundingCoordinate": 44.24, "southBoundingCoordinate": 44.22}, "sizeMB": 0.25, "format": "JPEG"}, "gcpex_lidar_aerosol_2012_02_08_1064_12km_CARE.jpg": {"temporal": ["2012-02-08T00:00:00.000Z", "2012-02-08T23:59:59.000Z"], "wnes_geometry": {"westBoundingCoordinate": -79.79, "eastBoundingCoordinate": -79.77, "northBoundingCoordinate": 44.24, "southBoundingCoordinate": 44.22}, "sizeMB": 0.41, "format": "JPEG"}, "gcpex_lidar_water_vapor_2012_02_08_9500m_CARE.jpg": {"temporal": ["2012-02-08T00:00:00.000Z", "2012-02-08T23:59:59.000Z"], "wnes_geometry": {"westBoundingCoordinate": -79.79, "eastBoundingCoordinate": -79.77, "northBoundingCoordinate": 44.24, "southBoundingCoordinate": 44.22}, "sizeMB": 0.1, "format": "JPEG"}, "gcpex_lidar_aerosol_2012_02_08_1064_4km_CARE.jpg": {"temporal": ["2012-02-08T00:00:00.000Z", "2012-02-08T23:59:59.000Z"], "wnes_geometry": {"westBoundingCoordinate": -79.79, "eastBoundingCoordinate": -79.77, "northBoundingCoordinate": 44.24, "southBoundingCoordinate": 44.22}, "sizeMB": 0.28, "format": "JPEG"}, "gcpex_lidar_aerosol_2012_02_09_1064_12km_CARE.jpg": {"temporal": ["2012-02-09T00:00:00.000Z", "2012-02-09T23:59:59.000Z"], "wnes_geometry": {"westBoundingCoordinate": -79.79, "eastBoundingCoordinate": -79.77, "northBoundingCoordinate": 44.24, "southBoundingCoordinate": 44.22}, "sizeMB": 0.46, "format": "JPEG"}, "gcpex_lidar_water_vapor_2012_02_09_9500m_CARE.jpg": {"temporal": ["2012-02-09T00:00:00.000Z", "2012-02-09T23:59:59.000Z"], "wnes_geometry": {"westBoundingCoordinate": -79.79, "eastBoundingCoordinate": -79.77, "northBoundingCoordinate": 44.24, "southBoundingCoordinate": 44.22}, "sizeMB": 0.1, "format": "JPEG"}, "gcpex_lidar_aerosol_2012_02_09_1064_4km_CARE.jpg": {"temporal": ["2012-02-09T00:00:00.000Z", "2012-02-09T23:59:59.000Z"], "wnes_geometry": {"westBoundingCoordinate": -79.79, "eastBoundingCoordinate": -79.77, "northBoundingCoordinate": 44.24, "southBoundingCoordinate": 44.22}, "sizeMB": 0.31, "format": "JPEG"}, "gcpex_lidar_aerosol_2012_02_10_1064_12km_CARE.jpg": {"temporal": ["2012-02-10T00:00:00.000Z", "2012-02-10T23:59:59.000Z"], "wnes_geometry": {"westBoundingCoordinate": -79.79, "eastBoundingCoordinate": -79.77, "northBoundingCoordinate": 44.24, "southBoundingCoordinate": 44.22}, "sizeMB": 0.15, "format": "JPEG"}, "gcpex_lidar_aerosol_2012_02_10_1064_4km_CARE.jpg": {"temporal": ["2012-02-10T00:00:00.000Z", "2012-02-10T23:59:59.000Z"], "wnes_geometry": {"westBoundingCoordinate": -79.79, "eastBoundingCoordinate": -79.77, "northBoundingCoordinate": 44.24, "southBoundingCoordinate": 44.22}, "sizeMB": 0.16, "format": "JPEG"}, "gcpex_lidar_aerosol_2012_02_11_1064_12km_CARE.jpg": {"temporal": ["2012-02-11T00:00:00.000Z", "2012-02-11T23:59:59.000Z"], "wnes_geometry": {"westBoundingCoordinate": -79.79, "eastBoundingCoordinate": -79.77, "northBoundingCoordinate": 44.24, "southBoundingCoordinate": 44.22}, "sizeMB": 0.08, "format": "JPEG"}, "gcpex_lidar_aerosol_2012_02_11_1064_4km_CARE.jpg": {"temporal": ["2012-02-11T00:00:00.000Z", "2012-02-11T23:59:59.000Z"], "wnes_geometry": {"westBoundingCoordinate": -79.79, "eastBoundingCoordinate": -79.77, "northBoundingCoordinate": 44.24, "southBoundingCoordinate": 44.22}, "sizeMB": 0.09, "format": "JPEG"}, "gcpex_lidar_aerosol_2012_02_12_1064_12km_CARE.jpg": {"temporal": ["2012-02-12T00:00:00.000Z", "2012-02-12T23:59:59.000Z"], "wnes_geometry": {"westBoundingCoordinate": -79.79, "eastBoundingCoordinate": -79.77, "northBoundingCoordinate": 44.24, "southBoundingCoordinate": 44.22}, "sizeMB": 0.1, "format": "JPEG"}, "gcpex_lidar_aerosol_2012_02_12_1064_4km_CARE.jpg": {"temporal": ["2012-02-12T00:00:00.000Z", "2012-02-12T23:59:59.000Z"], "wnes_geometry": {"westBoundingCoordinate": -79.79, "eastBoundingCoordinate": -79.77, "northBoundingCoordinate": 44.24, "southBoundingCoordinate": 44.22}, "sizeMB": 0.12, "format": "JPEG"}, "gcpex_lidar_aerosol_2012_02_13_1064_4km_CARE.jpg": {"temporal": ["2012-02-13T00:00:00.000Z", "2012-02-13T23:59:59.000Z"], "wnes_geometry": {"westBoundingCoordinate": -79.79, "eastBoundingCoordinate": -79.77, "northBoundingCoordinate": 44.24, "southBoundingCoordinate": 44.22}, "sizeMB": 0.29, "format": "JPEG"}, "gcpex_lidar_aerosol_2012_02_13_1064_12km_CARE.jpg": {"temporal": ["2012-02-13T00:00:00.000Z", "2012-02-13T23:59:59.000Z"], "wnes_geometry": {"westBoundingCoordinate": -79.79, "eastBoundingCoordinate": -79.77, "northBoundingCoordinate": 44.24, "southBoundingCoordinate": 44.22}, "sizeMB": 0.39, "format": "JPEG"}, "gcpex_lidar_aerosol_2012_02_14_1064_4km_CARE.jpg": {"temporal": ["2012-02-14T00:00:00.000Z", "2012-02-14T23:59:59.000Z"], "wnes_geometry": {"westBoundingCoordinate": -79.79, "eastBoundingCoordinate": -79.77, "northBoundingCoordinate": 44.24, "southBoundingCoordinate": 44.22}, "sizeMB": 0.1, "format": "JPEG"}, "gcpex_lidar_aerosol_2012_02_14_1064_12km_CARE.jpg": {"temporal": ["2012-02-14T00:00:00.000Z", "2012-02-14T23:59:59.000Z"], "wnes_geometry": {"westBoundingCoordinate": -79.79, "eastBoundingCoordinate": -79.77, "northBoundingCoordinate": 44.24, "southBoundingCoordinate": 44.22}, "sizeMB": 0.09, "format": "JPEG"}, "gcpex_lidar_aerosol_2012_02_15_1064_4km_CARE.jpg": {"temporal": ["2012-02-15T00:00:00.000Z", "2012-02-15T23:59:59.000Z"], "wnes_geometry": {"westBoundingCoordinate": -79.79, "eastBoundingCoordinate": -79.77, "northBoundingCoordinate": 44.24, "southBoundingCoordinate": 44.22}, "sizeMB": 0.15, "format": "JPEG"}, "gcpex_lidar_aerosol_2012_02_15_1064_12km_CARE.jpg": {"temporal": ["2012-02-15T00:00:00.000Z", "2012-02-15T23:59:59.000Z"], "wnes_geometry": {"westBoundingCoordinate": -79.79, "eastBoundingCoordinate": -79.77, "northBoundingCoordinate": 44.24, "southBoundingCoordinate": 44.22}, "sizeMB": 0.14, "format": "JPEG"}, "gcpex_lidar_aerosol_2012_02_16_1064_12km_CARE.jpg": {"temporal": ["2012-02-16T00:00:00.000Z", "2012-02-16T23:59:59.000Z"], "wnes_geometry": {"westBoundingCoordinate": -79.79, "eastBoundingCoordinate": -79.77, "northBoundingCoordinate": 44.24, "southBoundingCoordinate": 44.22}, "sizeMB": 0.13, "format": "JPEG"}, "gcpex_lidar_aerosol_2012_02_16_1064_4km_CARE.jpg": {"temporal": ["2012-02-16T00:00:00.000Z", "2012-02-16T23:59:59.000Z"], "wnes_geometry": {"westBoundingCoordinate": -79.79, "eastBoundingCoordinate": -79.77, "northBoundingCoordinate": 44.24, "southBoundingCoordinate": 44.22}, "sizeMB": 0.16, "format": "JPEG"}, "gcpex_lidar_aerosol_2012_02_17_1064_4km_CARE.jpg": {"temporal": ["2012-02-17T00:00:00.000Z", "2012-02-17T23:59:59.000Z"], "wnes_geometry": {"westBoundingCoordinate": -79.79, "eastBoundingCoordinate": -79.77, "northBoundingCoordinate": 44.24, "southBoundingCoordinate": 44.22}, "sizeMB": 0.3, "format": "JPEG"}, "gcpex_lidar_aerosol_2012_02_17_1064_12km_CARE.jpg": {"temporal": ["2012-02-17T00:00:00.000Z", "2012-02-17T23:59:59.000Z"], "wnes_geometry": {"westBoundingCoordinate": -79.79, "eastBoundingCoordinate": -79.77, "northBoundingCoordinate": 44.24, "southBoundingCoordinate": 44.22}, "sizeMB": 0.3, "format": "JPEG"}, "gcpex_lidar_aerosol_2012_02_18_1064_4km_CARE.jpg": {"temporal": ["2012-02-18T00:00:00.000Z", "2012-02-18T23:59:59.000Z"], "wnes_geometry": {"westBoundingCoordinate": -79.79, "eastBoundingCoordinate": -79.77, "northBoundingCoordinate": 44.24, "southBoundingCoordinate": 44.22}, "sizeMB": 0.16, "format": "JPEG"}, "gcpex_lidar_aerosol_2012_02_18_1064_12km_CARE.jpg": {"temporal": ["2012-02-18T00:00:00.000Z", "2012-02-18T23:59:59.000Z"], "wnes_geometry": {"westBoundingCoordinate": -79.79, "eastBoundingCoordinate": -79.77, "northBoundingCoordinate": 44.24, "southBoundingCoordinate": 44.22}, "sizeMB": 0.13, "format": "JPEG"}, "gcpex_lidar_aerosol_2012_02_19_1064_4km_CARE.jpg": {"temporal": ["2012-02-19T00:00:00.000Z", "2012-02-19T23:59:59.000Z"], "wnes_geometry": {"westBoundingCoordinate": -79.79, "eastBoundingCoordinate": -79.77, "northBoundingCoordinate": 44.24, "southBoundingCoordinate": 44.22}, "sizeMB": 0.2, "format": "JPEG"}, "gcpex_lidar_aerosol_2012_02_19_1064_12km_CARE.jpg": {"temporal": ["2012-02-19T00:00:00.000Z", "2012-02-19T23:59:59.000Z"], "wnes_geometry": {"westBoundingCoordinate": -79.79, "eastBoundingCoordinate": -79.77, "northBoundingCoordinate": 44.24, "southBoundingCoordinate": 44.22}, "sizeMB": 0.23, "format": "JPEG"}, "gcpex_lidar_water_vapor_2012_02_20_9500m_CARE.jpg": {"temporal": ["2012-02-20T00:00:00.000Z", "2012-02-20T23:59:59.000Z"], "wnes_geometry": {"westBoundingCoordinate": -79.79, "eastBoundingCoordinate": -79.77, "northBoundingCoordinate": 44.24, "southBoundingCoordinate": 44.22}, "sizeMB": 0.1, "format": "JPEG"}, "gcpex_lidar_aerosol_2012_02_20_1064_4km_CARE.jpg": {"temporal": ["2012-02-20T00:00:00.000Z", "2012-02-20T23:59:59.000Z"], "wnes_geometry": {"westBoundingCoordinate": -79.79, "eastBoundingCoordinate": -79.77, "northBoundingCoordinate": 44.24, "southBoundingCoordinate": 44.22}, "sizeMB": 0.33, "format": "JPEG"}, "gcpex_lidar_aerosol_2012_02_20_1064_12km_CARE.jpg": {"temporal": ["2012-02-20T00:00:00.000Z", "2012-02-20T23:59:59.000Z"], "wnes_geometry": {"westBoundingCoordinate": -79.79, "eastBoundingCoordinate": -79.77, "northBoundingCoordinate": 44.24, "southBoundingCoordinate": 44.22}, "sizeMB": 0.47, "format": "JPEG"}, "gcpex_lidar_aerosol_2012_02_21_1064_4km_CARE.jpg": {"temporal": ["2012-02-21T00:00:00.000Z", "2012-02-21T23:59:59.000Z"], "wnes_geometry": {"westBoundingCoordinate": -79.79, "eastBoundingCoordinate": -79.77, "northBoundingCoordinate": 44.24, "southBoundingCoordinate": 44.22}, "sizeMB": 0.26, "format": "JPEG"}, "gcpex_lidar_aerosol_2012_02_21_1064_12km_CARE.jpg": {"temporal": ["2012-02-21T00:00:00.000Z", "2012-02-21T23:59:59.000Z"], "wnes_geometry": {"westBoundingCoordinate": -79.79, "eastBoundingCoordinate": -79.77, "northBoundingCoordinate": 44.24, "southBoundingCoordinate": 44.22}, "sizeMB": 0.3, "format": "JPEG"}, "gcpex_lidar_aerosol_2012_02_22_1064_12km_CARE.jpg": {"temporal": ["2012-02-22T00:00:00.000Z", "2012-02-22T23:59:59.000Z"], "wnes_geometry": {"westBoundingCoordinate": -79.79, "eastBoundingCoordinate": -79.77, "northBoundingCoordinate": 44.24, "southBoundingCoordinate": 44.22}, "sizeMB": 0.33, "format": "JPEG"}, "gcpex_lidar_aerosol_2012_02_22_1064_4km_CARE.jpg": {"temporal": ["2012-02-22T00:00:00.000Z", "2012-02-22T23:59:59.000Z"], "wnes_geometry": {"westBoundingCoordinate": -79.79, "eastBoundingCoordinate": -79.77, "northBoundingCoordinate": 44.24, "southBoundingCoordinate": 44.22}, "sizeMB": 0.27, "format": "JPEG"}, "gcpex_lidar_aerosol_2012_02_23_1064_4km_CARE.jpg": {"temporal": ["2012-02-23T00:00:00.000Z", "2012-02-23T23:59:59.000Z"], "wnes_geometry": {"westBoundingCoordinate": -79.79, "eastBoundingCoordinate": -79.77, "northBoundingCoordinate": 44.24, "southBoundingCoordinate": 44.22}, "sizeMB": 0.32, "format": "JPEG"}, "gcpex_lidar_aerosol_2012_02_23_1064_12km_CARE.jpg": {"temporal": ["2012-02-23T00:00:00.000Z", "2012-02-23T23:59:59.000Z"], "wnes_geometry": {"westBoundingCoordinate": -79.79, "eastBoundingCoordinate": -79.77, "northBoundingCoordinate": 44.24, "southBoundingCoordinate": 44.22}, "sizeMB": 0.32, "format": "JPEG"}, "gcpex_lidar_aerosol_2012_02_24_1064_12km_CARE.jpg": {"temporal": ["2012-02-24T00:00:00.000Z", "2012-02-24T23:59:59.000Z"], "wnes_geometry": {"westBoundingCoordinate": -79.79, "eastBoundingCoordinate": -79.77, "northBoundingCoordinate": 44.24, "southBoundingCoordinate": 44.22}, "sizeMB": 0.14, "format": "JPEG"}, "gcpex_lidar_aerosol_2012_02_24_1064_4km_CARE.jpg": {"temporal": ["2012-02-24T00:00:00.000Z", "2012-02-24T23:59:59.000Z"], "wnes_geometry": {"westBoundingCoordinate": -79.79, "eastBoundingCoordinate": -79.77, "northBoundingCoordinate": 44.24, "southBoundingCoordinate": 44.22}, "sizeMB": 0.15, "format": "JPEG"}, "gcpex_lidar_aerosol_2012_02_25_1064_4km_CARE.jpg": {"temporal": ["2012-02-25T00:00:00.000Z", "2012-02-25T23:59:59.000Z"], "wnes_geometry": {"westBoundingCoordinate": -79.79, "eastBoundingCoordinate": -79.77, "northBoundingCoordinate": 44.24, "southBoundingCoordinate": 44.22}, "sizeMB": 0.22, "format": "JPEG"}, "gcpex_lidar_aerosol_2012_02_25_1064_12km_CARE.jpg": {"temporal": ["2012-02-25T00:00:00.000Z", "2012-02-25T23:59:59.000Z"], "wnes_geometry": {"westBoundingCoordinate": -79.79, "eastBoundingCoordinate": -79.77, "northBoundingCoordinate": 44.24, "southBoundingCoordinate": 44.22}, "sizeMB": 0.27, "format": "JPEG"}, "gcpex_lidar_aerosol_2012_02_26_1064_4km_CARE.jpg": {"temporal": ["2012-02-26T00:00:00.000Z", "2012-02-26T23:59:59.000Z"], "wnes_geometry": {"westBoundingCoordinate": -79.79, "eastBoundingCoordinate": -79.77, "northBoundingCoordinate": 44.24, "southBoundingCoordinate": 44.22}, "sizeMB": 0.34, "format": "JPEG"}, "gcpex_lidar_aerosol_2012_02_26_1064_12km_CARE.jpg": {"temporal": ["2012-02-26T00:00:00.000Z", "2012-02-26T23:59:59.000Z"], "wnes_geometry": {"westBoundingCoordinate": -79.79, "eastBoundingCoordinate": -79.77, "northBoundingCoordinate": 44.24, "southBoundingCoordinate": 44.22}, "sizeMB": 0.32, "format": "JPEG"}, "gcpex_lidar_aerosol_2012_02_27_1064_4km_CARE.jpg": {"temporal": ["2012-02-27T00:00:00.000Z", "2012-02-27T23:59:59.000Z"], "wnes_geometry": {"westBoundingCoordinate": -79.79, "eastBoundingCoordinate": -79.77, "northBoundingCoordinate": 44.24, "southBoundingCoordinate": 44.22}, "sizeMB": 0.25, "format": "JPEG"}, "gcpex_lidar_aerosol_2012_02_27_1064_12km_CARE.jpg": {"temporal": ["2012-02-27T00:00:00.000Z", "2012-02-27T23:59:59.000Z"], "wnes_geometry": {"westBoundingCoordinate": -79.79, "eastBoundingCoordinate": -79.77, "northBoundingCoordinate": 44.24, "southBoundingCoordinate": 44.22}, "sizeMB": 0.26, "format": "JPEG"}, "gcpex_lidar_aerosol_2012_02_28_1064_4km_CARE.jpg": {"temporal": ["2012-02-28T00:00:00.000Z", "2012-02-28T23:59:59.000Z"], "wnes_geometry": {"westBoundingCoordinate": -79.79, "eastBoundingCoordinate": -79.77, "northBoundingCoordinate": 44.24, "southBoundingCoordinate": 44.22}, "sizeMB": 0.26, "format": "JPEG"}, "gcpex_lidar_aerosol_2012_02_28_1064_12km_CARE.jpg": {"temporal": ["2012-02-28T00:00:00.000Z", "2012-02-28T23:59:59.000Z"], "wnes_geometry": {"westBoundingCoordinate": -79.79, "eastBoundingCoordinate": -79.77, "northBoundingCoordinate": 44.24, "southBoundingCoordinate": 44.22}, "sizeMB": 0.23, "format": "JPEG"}, "gcpex_lidar_aerosol_2012_02_29_1064_4km_CARE.jpg": {"temporal": ["2012-02-29T00:00:00.000Z", "2012-02-29T23:59:59.000Z"], "wnes_geometry": {"westBoundingCoordinate": -79.79, "eastBoundingCoordinate": -79.77, "northBoundingCoordinate": 44.24, "southBoundingCoordinate": 44.22}, "sizeMB": 0.15, "format": "JPEG"}, "gcpex_lidar_aerosol_2012_02_29_1064_12km_CARE.jpg": {"temporal": ["2012-02-29T00:00:00.000Z", "2012-02-29T23:59:59.000Z"], "wnes_geometry": {"westBoundingCoordinate": -79.79, "eastBoundingCoordinate": -79.77, "northBoundingCoordinate": 44.24, "southBoundingCoordinate": 44.22}, "sizeMB": 0.14, "format": "JPEG"}, "gcpex_lidar_aerosol_2012_03_01_1064_4km_CARE.jpg": {"temporal": ["2012-03-01T00:00:00.000Z", "2012-03-01T23:59:59.000Z"], "wnes_geometry": {"westBoundingCoordinate": -79.79, "eastBoundingCoordinate": -79.77, "northBoundingCoordinate": 44.24, "southBoundingCoordinate": 44.22}, "sizeMB": 0.12, "format": "JPEG"}, "gcpex_lidar_aerosol_2012_03_01_1064_12km_CARE.jpg": {"temporal": ["2012-03-01T00:00:00.000Z", "2012-03-01T23:59:59.000Z"], "wnes_geometry": {"westBoundingCoordinate": -79.79, "eastBoundingCoordinate": -79.77, "northBoundingCoordinate": 44.24, "southBoundingCoordinate": 44.22}, "sizeMB": 0.09, "format": "JPEG"}, "gcpex_lidar_aerosol_2012_03_02_1064_4km_CARE.jpg": {"temporal": ["2012-03-02T00:00:00.000Z", "2012-03-02T23:59:59.000Z"], "wnes_geometry": {"westBoundingCoordinate": -79.79, "eastBoundingCoordinate": -79.77, "northBoundingCoordinate": 44.24, "southBoundingCoordinate": 44.22}, "sizeMB": 0.23, "format": "JPEG"}, "gcpex_lidar_aerosol_2012_03_02_1064_12km_CARE.jpg": {"temporal": ["2012-03-02T00:00:00.000Z", "2012-03-02T23:59:59.000Z"], "wnes_geometry": {"westBoundingCoordinate": -79.79, "eastBoundingCoordinate": -79.77, "northBoundingCoordinate": 44.24, "southBoundingCoordinate": 44.22}, "sizeMB": 0.23, "format": "JPEG"}, "gcpex_lidar_aerosol_2012_03_03_1064_12km_CARE.jpg": {"temporal": ["2012-03-03T00:00:00.000Z", "2012-03-03T23:59:59.000Z"], "wnes_geometry": {"westBoundingCoordinate": -79.79, "eastBoundingCoordinate": -79.77, "northBoundingCoordinate": 44.24, "southBoundingCoordinate": 44.22}, "sizeMB": 0.08, "format": "JPEG"}, "gcpex_lidar_aerosol_2012_03_03_1064_4km_CARE.jpg": {"temporal": ["2012-03-03T00:00:00.000Z", "2012-03-03T23:59:59.000Z"], "wnes_geometry": {"westBoundingCoordinate": -79.79, "eastBoundingCoordinate": -79.77, "northBoundingCoordinate": 44.24, "southBoundingCoordinate": 44.22}, "sizeMB": 0.09, "format": "JPEG"}}