{"iphex_mrr_20140501_mr_ave.txt": {"temporal": ["2014-05-01T00:00:00.000Z", "2014-05-01T23:59:00.000Z"], "wnes_geometry": {"westBoundingCoordinate": -82.585, "eastBoundingCoordinate": -82.581, "northBoundingCoordinate": 35.889, "southBoundingCoordinate": 35.886}, "sizeMB": 64.11, "format": "Not provided"}, "iphex_mrr_20140501_mr_raw.txt": {"temporal": ["2014-05-01T00:00:01.000Z", "2014-05-01T09:04:29.000Z"], "wnes_geometry": {"westBoundingCoordinate": -82.585, "eastBoundingCoordinate": -82.581, "northBoundingCoordinate": 35.889, "southBoundingCoordinate": 35.886}, "sizeMB": 63.58, "format": "Not provided"}, "iphex_mrr_20140501_abt_raw.txt": {"temporal": ["2014-05-01T22:49:05.000Z", "2014-05-01T23:59:46.000Z"], "wnes_geometry": {"westBoundingCoordinate": -82.667, "eastBoundingCoordinate": -82.664, "northBoundingCoordinate": 35.807, "southBoundingCoordinate": 35.804}, "sizeMB": 7.89, "format": "Not provided"}, "iphex_mrr_20140501_abt_ave.txt": {"temporal": ["2014-05-01T22:52:02.000Z", "2014-05-01T23:59:02.000Z"], "wnes_geometry": {"westBoundingCoordinate": -82.667, "eastBoundingCoordinate": -82.664, "northBoundingCoordinate": 35.807, "southBoundingCoordinate": 35.804}, "sizeMB": 2.98, "format": "Not provided"}, "iphex_mrr_20140502_abt_raw.txt": {"temporal": ["2014-05-01T23:59:56.000Z", "2014-05-02T23:59:53.000Z"], "wnes_geometry": {"westBoundingCoordinate": -82.667, "eastBoundingCoordinate": -82.664, "northBoundingCoordinate": 35.807, "southBoundingCoordinate": 35.804}, "sizeMB": 167.54, "format": "Not provided"}, "iphex_mrr_20140502_mr_raw.txt": {"temporal": ["2014-05-01T23:59:58.000Z", "2014-05-02T23:59:53.000Z"], "wnes_geometry": {"westBoundingCoordinate": -82.585, "eastBoundingCoordinate": -82.581, "northBoundingCoordinate": 35.889, "southBoundingCoordinate": 35.886}, "sizeMB": 168.1, "format": "Not provided"}, "iphex_mrr_20140502_mr_ave.txt": {"temporal": ["2014-05-02T00:00:00.000Z", "2014-05-02T23:59:00.000Z"], "wnes_geometry": {"westBoundingCoordinate": -82.585, "eastBoundingCoordinate": -82.581, "northBoundingCoordinate": 35.889, "southBoundingCoordinate": 35.886}, "sizeMB": 64.11, "format": "Not provided"}, "iphex_mrr_20140502_abt_ave.txt": {"temporal": ["2014-05-02T00:00:01.000Z", "2014-05-02T23:59:01.000Z"], "wnes_geometry": {"westBoundingCoordinate": -82.667, "eastBoundingCoordinate": -82.664, "northBoundingCoordinate": 35.807, "southBoundingCoordinate": 35.804}, "sizeMB": 63.89, "format": "Not provided"}, "iphex_mrr_20140503_mr_ave.txt": {"temporal": ["2014-05-03T00:00:00.000Z", "2014-05-03T23:59:00.000Z"], "wnes_geometry": {"westBoundingCoordinate": -82.585, "eastBoundingCoordinate": -82.581, "northBoundingCoordinate": 35.889, "southBoundingCoordinate": 35.886}, "sizeMB": 63.36, "format": "Not provided"}, "iphex_mrr_20140503_abt_ave.txt": {"temporal": ["2014-05-03T00:00:02.000Z", "2014-05-03T23:59:02.000Z"], "wnes_geometry": {"westBoundingCoordinate": -82.667, "eastBoundingCoordinate": -82.664, "northBoundingCoordinate": 35.807, "southBoundingCoordinate": 35.804}, "sizeMB": 63.27, "format": "Not provided"}, "iphex_mrr_20140503_abt_raw.txt": {"temporal": ["2014-05-03T00:00:03.000Z", "2014-05-03T23:59:54.000Z"], "wnes_geometry": {"westBoundingCoordinate": -82.667, "eastBoundingCoordinate": -82.664, "northBoundingCoordinate": 35.807, "southBoundingCoordinate": 35.804}, "sizeMB": 164.49, "format": "Not provided"}, "iphex_mrr_20140503_mr_raw.txt": {"temporal": ["2014-05-03T00:00:03.000Z", "2014-05-03T23:59:49.000Z"], "wnes_geometry": {"westBoundingCoordinate": -82.585, "eastBoundingCoordinate": -82.581, "northBoundingCoordinate": 35.889, "southBoundingCoordinate": 35.886}, "sizeMB": 164.15, "format": "Not provided"}, "iphex_mrr_20140503_pk_raw.txt": {"temporal": ["2014-05-03T13:01:29.000Z", "2014-05-03T23:59:50.000Z"], "wnes_geometry": {"westBoundingCoordinate": -83.074, "eastBoundingCoordinate": -83.071, "northBoundingCoordinate": 35.588, "southBoundingCoordinate": 35.584}, "sizeMB": 74.31, "format": "Not provided"}, "iphex_mrr_20140504_mr_raw.txt": {"temporal": ["2014-05-03T23:59:59.000Z", "2014-05-04T23:59:02.000Z"], "wnes_geometry": {"westBoundingCoordinate": -82.585, "eastBoundingCoordinate": -82.581, "northBoundingCoordinate": 35.889, "southBoundingCoordinate": 35.886}, "sizeMB": 164.85, "format": "Not provided"}, "iphex_mrr_20140504_pk_raw.txt": {"temporal": ["2014-05-04T00:00:00.000Z", "2014-05-04T23:59:42.000Z"], "wnes_geometry": {"westBoundingCoordinate": -83.074, "eastBoundingCoordinate": -83.071, "northBoundingCoordinate": 35.588, "southBoundingCoordinate": 35.584}, "sizeMB": 167.98, "format": "Not provided"}, "iphex_mrr_20140504_mr_ave.txt": {"temporal": ["2014-05-04T00:00:00.000Z", "2014-05-04T23:59:01.000Z"], "wnes_geometry": {"westBoundingCoordinate": -82.585, "eastBoundingCoordinate": -82.581, "northBoundingCoordinate": 35.889, "southBoundingCoordinate": 35.886}, "sizeMB": 63.4, "format": "Not provided"}, "iphex_mrr_20140504_abt_ave.txt": {"temporal": ["2014-05-04T00:00:02.000Z", "2014-05-04T23:59:02.000Z"], "wnes_geometry": {"westBoundingCoordinate": -82.667, "eastBoundingCoordinate": -82.664, "northBoundingCoordinate": 35.807, "southBoundingCoordinate": 35.804}, "sizeMB": 63.31, "format": "Not provided"}, "iphex_mrr_20140504_abt_raw.txt": {"temporal": ["2014-05-04T00:00:03.000Z", "2014-05-04T23:59:45.000Z"], "wnes_geometry": {"westBoundingCoordinate": -82.667, "eastBoundingCoordinate": -82.664, "northBoundingCoordinate": 35.807, "southBoundingCoordinate": 35.804}, "sizeMB": 159.14, "format": "Not provided"}, "iphex_mrr_20140505_pk_raw.txt": {"temporal": ["2014-05-04T23:59:52.000Z", "2014-05-05T23:59:49.000Z"], "wnes_geometry": {"westBoundingCoordinate": -83.074, "eastBoundingCoordinate": -83.071, "northBoundingCoordinate": 35.588, "southBoundingCoordinate": 35.584}, "sizeMB": 166.4, "format": "Not provided"}, "iphex_mrr_20140505_abt_raw.txt": {"temporal": ["2014-05-04T23:59:57.000Z", "2014-05-05T23:59:52.000Z"], "wnes_geometry": {"westBoundingCoordinate": -82.667, "eastBoundingCoordinate": -82.664, "northBoundingCoordinate": 35.807, "southBoundingCoordinate": 35.804}, "sizeMB": 168.02, "format": "Not provided"}, "iphex_mrr_20140505_abt_ave.txt": {"temporal": ["2014-05-05T00:00:02.000Z", "2014-05-05T23:59:02.000Z"], "wnes_geometry": {"westBoundingCoordinate": -82.667, "eastBoundingCoordinate": -82.664, "northBoundingCoordinate": 35.807, "southBoundingCoordinate": 35.804}, "sizeMB": 64.07, "format": "Not provided"}, "iphex_mrr_20140505_mr_raw.txt": {"temporal": ["2014-05-05T00:00:39.000Z", "2014-05-05T23:59:33.000Z"], "wnes_geometry": {"westBoundingCoordinate": -82.585, "eastBoundingCoordinate": -82.581, "northBoundingCoordinate": 35.889, "southBoundingCoordinate": 35.886}, "sizeMB": 141.09, "format": "Not provided"}, "iphex_mrr_20140505_mr_ave.txt": {"temporal": ["2014-05-05T00:02:00.000Z", "2014-05-05T23:59:00.000Z"], "wnes_geometry": {"westBoundingCoordinate": -82.585, "eastBoundingCoordinate": -82.581, "northBoundingCoordinate": 35.889, "southBoundingCoordinate": 35.886}, "sizeMB": 59.22, "format": "Not provided"}, "iphex_mrr_20140506_mr_raw.txt": {"temporal": ["2014-05-05T23:59:44.000Z", "2014-05-06T23:59:53.000Z"], "wnes_geometry": {"westBoundingCoordinate": -82.585, "eastBoundingCoordinate": -82.581, "northBoundingCoordinate": 35.889, "southBoundingCoordinate": 35.886}, "sizeMB": 140.87, "format": "Not provided"}, "iphex_mrr_20140506_pk_raw.txt": {"temporal": ["2014-05-05T23:59:59.000Z", "2014-05-06T23:59:49.000Z"], "wnes_geometry": {"westBoundingCoordinate": -83.074, "eastBoundingCoordinate": -83.071, "northBoundingCoordinate": 35.588, "southBoundingCoordinate": 35.584}, "sizeMB": 167.63, "format": "Not provided"}, "iphex_mrr_20140506_abt_raw.txt": {"temporal": ["2014-05-05T23:59:59.000Z", "2014-05-06T23:59:47.000Z"], "wnes_geometry": {"westBoundingCoordinate": -82.667, "eastBoundingCoordinate": -82.664, "northBoundingCoordinate": 35.807, "southBoundingCoordinate": 35.804}, "sizeMB": 167.07, "format": "Not provided"}, "iphex_mrr_20140506_abt_ave.txt": {"temporal": ["2014-05-06T00:00:02.000Z", "2014-05-06T23:59:02.000Z"], "wnes_geometry": {"westBoundingCoordinate": -82.667, "eastBoundingCoordinate": -82.664, "northBoundingCoordinate": 35.807, "southBoundingCoordinate": 35.804}, "sizeMB": 63.76, "format": "Not provided"}, "iphex_mrr_20140506_mr_ave.txt": {"temporal": ["2014-05-06T00:00:03.000Z", "2014-05-06T23:59:00.000Z"], "wnes_geometry": {"westBoundingCoordinate": -82.585, "eastBoundingCoordinate": -82.581, "northBoundingCoordinate": 35.889, "southBoundingCoordinate": 35.886}, "sizeMB": 59.08, "format": "Not provided"}, "iphex_mrr_20140507_abt_raw.txt": {"temporal": ["2014-05-06T23:59:57.000Z", "2014-05-07T23:59:53.000Z"], "wnes_geometry": {"westBoundingCoordinate": -82.667, "eastBoundingCoordinate": -82.664, "northBoundingCoordinate": 35.807, "southBoundingCoordinate": 35.804}, "sizeMB": 167.26, "format": "Not provided"}, "iphex_mrr_20140507_pk_raw.txt": {"temporal": ["2014-05-06T23:59:59.000Z", "2014-05-07T23:59:52.000Z"], "wnes_geometry": {"westBoundingCoordinate": -83.074, "eastBoundingCoordinate": -83.071, "northBoundingCoordinate": 35.588, "southBoundingCoordinate": 35.584}, "sizeMB": 167.3, "format": "Not provided"}, "iphex_mrr_20140507_mr_ave.txt": {"temporal": ["2014-05-07T00:00:00.000Z", "2014-05-07T23:59:00.000Z"], "wnes_geometry": {"westBoundingCoordinate": -82.585, "eastBoundingCoordinate": -82.581, "northBoundingCoordinate": 35.889, "southBoundingCoordinate": 35.886}, "sizeMB": 57.61, "format": "Not provided"}, "iphex_mrr_20140507_abt_ave.txt": {"temporal": ["2014-05-07T00:00:03.000Z", "2014-05-07T23:59:02.000Z"], "wnes_geometry": {"westBoundingCoordinate": -82.667, "eastBoundingCoordinate": -82.664, "northBoundingCoordinate": 35.807, "southBoundingCoordinate": 35.804}, "sizeMB": 63.8, "format": "Not provided"}, "iphex_mrr_20140507_mr_raw.txt": {"temporal": ["2014-05-07T00:00:03.000Z", "2014-05-07T23:59:51.000Z"], "wnes_geometry": {"westBoundingCoordinate": -82.585, "eastBoundingCoordinate": -82.581, "northBoundingCoordinate": 35.889, "southBoundingCoordinate": 35.886}, "sizeMB": 134.1, "format": "Not provided"}, "iphex_mrr_20140508_mr_ave.txt": {"temporal": ["2014-05-08T00:00:00.000Z", "2014-05-08T23:58:00.000Z"], "wnes_geometry": {"westBoundingCoordinate": -82.585, "eastBoundingCoordinate": -82.581, "northBoundingCoordinate": 35.889, "southBoundingCoordinate": 35.886}, "sizeMB": 58.68, "format": "Not provided"}, "iphex_mrr_20140508_abt_ave.txt": {"temporal": ["2014-05-08T00:00:01.000Z", "2014-05-08T23:59:02.000Z"], "wnes_geometry": {"westBoundingCoordinate": -82.667, "eastBoundingCoordinate": -82.664, "northBoundingCoordinate": 35.807, "southBoundingCoordinate": 35.804}, "sizeMB": 63.49, "format": "Not provided"}, "iphex_mrr_20140508_mr_raw.txt": {"temporal": ["2014-05-08T00:00:01.000Z", "2014-05-08T23:58:10.000Z"], "wnes_geometry": {"westBoundingCoordinate": -82.585, "eastBoundingCoordinate": -82.581, "northBoundingCoordinate": 35.889, "southBoundingCoordinate": 35.886}, "sizeMB": 134.22, "format": "Not provided"}, "iphex_mrr_20140508_pk_raw.txt": {"temporal": ["2014-05-08T00:00:02.000Z", "2014-05-08T23:59:42.000Z"], "wnes_geometry": {"westBoundingCoordinate": -83.074, "eastBoundingCoordinate": -83.071, "northBoundingCoordinate": 35.588, "southBoundingCoordinate": 35.584}, "sizeMB": 167.94, "format": "Not provided"}, "iphex_mrr_20140508_abt_raw.txt": {"temporal": ["2014-05-08T00:00:03.000Z", "2014-05-08T23:59:47.000Z"], "wnes_geometry": {"westBoundingCoordinate": -82.667, "eastBoundingCoordinate": -82.664, "northBoundingCoordinate": 35.807, "southBoundingCoordinate": 35.804}, "sizeMB": 166.43, "format": "Not provided"}, "iphex_mrr_20140509_pk_raw.txt": {"temporal": ["2014-05-08T23:59:52.000Z", "2014-05-09T23:59:46.000Z"], "wnes_geometry": {"westBoundingCoordinate": -83.074, "eastBoundingCoordinate": -83.071, "northBoundingCoordinate": 35.588, "southBoundingCoordinate": 35.584}, "sizeMB": 167.94, "format": "Not provided"}, "iphex_mrr_20140509_abt_raw.txt": {"temporal": ["2014-05-08T23:59:57.000Z", "2014-05-09T23:59:42.000Z"], "wnes_geometry": {"westBoundingCoordinate": -82.667, "eastBoundingCoordinate": -82.664, "northBoundingCoordinate": 35.807, "southBoundingCoordinate": 35.804}, "sizeMB": 168.21, "format": "Not provided"}, "iphex_mrr_20140509_mr_raw.txt": {"temporal": ["2014-05-09T00:00:01.000Z", "2014-05-09T23:59:37.000Z"], "wnes_geometry": {"westBoundingCoordinate": -82.585, "eastBoundingCoordinate": -82.581, "northBoundingCoordinate": 35.889, "southBoundingCoordinate": 35.886}, "sizeMB": 127.5, "format": "Not provided"}, "iphex_mrr_20140509_abt_ave.txt": {"temporal": ["2014-05-09T00:00:02.000Z", "2014-05-09T23:59:02.000Z"], "wnes_geometry": {"westBoundingCoordinate": -82.667, "eastBoundingCoordinate": -82.664, "northBoundingCoordinate": 35.807, "southBoundingCoordinate": 35.804}, "sizeMB": 64.12, "format": "Not provided"}, "iphex_mrr_20140509_mr_ave.txt": {"temporal": ["2014-05-09T00:01:00.000Z", "2014-05-09T23:59:00.000Z"], "wnes_geometry": {"westBoundingCoordinate": -82.585, "eastBoundingCoordinate": -82.581, "northBoundingCoordinate": 35.889, "southBoundingCoordinate": 35.886}, "sizeMB": 55.74, "format": "Not provided"}, "iphex_mrr_20140510_mr_raw.txt": {"temporal": ["2014-05-09T23:59:39.000Z", "2014-05-10T23:59:03.000Z"], "wnes_geometry": {"westBoundingCoordinate": -82.585, "eastBoundingCoordinate": -82.581, "northBoundingCoordinate": 35.889, "southBoundingCoordinate": 35.886}, "sizeMB": 113.44, "format": "Not provided"}, "iphex_mrr_20140510_abt_raw.txt": {"temporal": ["2014-05-09T23:59:52.000Z", "2014-05-10T23:59:49.000Z"], "wnes_geometry": {"westBoundingCoordinate": -82.667, "eastBoundingCoordinate": -82.664, "northBoundingCoordinate": 35.807, "southBoundingCoordinate": 35.804}, "sizeMB": 167.38, "format": "Not provided"}, "iphex_mrr_20140510_pk_raw.txt": {"temporal": ["2014-05-09T23:59:56.000Z", "2014-05-10T23:59:50.000Z"], "wnes_geometry": {"westBoundingCoordinate": -83.074, "eastBoundingCoordinate": -83.071, "northBoundingCoordinate": 35.588, "southBoundingCoordinate": 35.584}, "sizeMB": 155.33, "format": "Not provided"}, "iphex_mrr_20140510_mr_ave.txt": {"temporal": ["2014-05-10T00:00:02.000Z", "2014-05-10T23:59:00.000Z"], "wnes_geometry": {"westBoundingCoordinate": -82.585, "eastBoundingCoordinate": -82.581, "northBoundingCoordinate": 35.889, "southBoundingCoordinate": 35.886}, "sizeMB": 53.74, "format": "Not provided"}, "iphex_mrr_20140510_abt_ave.txt": {"temporal": ["2014-05-10T00:00:02.000Z", "2014-05-10T23:59:02.000Z"], "wnes_geometry": {"westBoundingCoordinate": -82.667, "eastBoundingCoordinate": -82.664, "northBoundingCoordinate": 35.807, "southBoundingCoordinate": 35.804}, "sizeMB": 63.89, "format": "Not provided"}, "iphex_mrr_20140511_mr_raw.txt": {"temporal": ["2014-05-10T23:59:19.000Z", "2014-05-11T23:59:40.000Z"], "wnes_geometry": {"westBoundingCoordinate": -82.585, "eastBoundingCoordinate": -82.581, "northBoundingCoordinate": 35.889, "southBoundingCoordinate": 35.886}, "sizeMB": 115.25, "format": "Not provided"}, "iphex_mrr_20140511_abt_raw.txt": {"temporal": ["2014-05-10T23:59:59.000Z", "2014-05-11T23:59:51.000Z"], "wnes_geometry": {"westBoundingCoordinate": -82.667, "eastBoundingCoordinate": -82.664, "northBoundingCoordinate": 35.807, "southBoundingCoordinate": 35.804}, "sizeMB": 166.18, "format": "Not provided"}, "iphex_mrr_20140511_pk_raw.txt": {"temporal": ["2014-05-11T00:00:00.000Z", "2014-05-11T17:38:36.000Z"], "wnes_geometry": {"westBoundingCoordinate": -83.074, "eastBoundingCoordinate": -83.071, "northBoundingCoordinate": 35.588, "southBoundingCoordinate": 35.584}, "sizeMB": 122.79, "format": "Not provided"}, "iphex_mrr_20140511_abt_ave.txt": {"temporal": ["2014-05-11T00:00:02.000Z", "2014-05-11T23:59:02.000Z"], "wnes_geometry": {"westBoundingCoordinate": -82.667, "eastBoundingCoordinate": -82.664, "northBoundingCoordinate": 35.807, "southBoundingCoordinate": 35.804}, "sizeMB": 63.49, "format": "Not provided"}, "iphex_mrr_20140511_mr_ave.txt": {"temporal": ["2014-05-11T00:00:03.000Z", "2014-05-11T23:58:03.000Z"], "wnes_geometry": {"westBoundingCoordinate": -82.585, "eastBoundingCoordinate": -82.581, "northBoundingCoordinate": 35.889, "southBoundingCoordinate": 35.886}, "sizeMB": 53.96, "format": "Not provided"}, "iphex_mrr_20140512_mr_raw.txt": {"temporal": ["2014-05-11T23:59:52.000Z", "2014-05-12T23:59:49.000Z"], "wnes_geometry": {"westBoundingCoordinate": -82.585, "eastBoundingCoordinate": -82.581, "northBoundingCoordinate": 35.889, "southBoundingCoordinate": 35.886}, "sizeMB": 138.23, "format": "Not provided"}, "iphex_mrr_20140512_abt_ave.txt": {"temporal": ["2014-05-12T00:00:01.000Z", "2014-05-12T23:59:02.000Z"], "wnes_geometry": {"westBoundingCoordinate": -82.667, "eastBoundingCoordinate": -82.664, "northBoundingCoordinate": 35.807, "southBoundingCoordinate": 35.804}, "sizeMB": 63.85, "format": "Not provided"}, "iphex_mrr_20140512_abt_raw.txt": {"temporal": ["2014-05-12T00:00:02.000Z", "2014-05-12T23:59:47.000Z"], "wnes_geometry": {"westBoundingCoordinate": -82.667, "eastBoundingCoordinate": -82.664, "northBoundingCoordinate": 35.807, "southBoundingCoordinate": 35.804}, "sizeMB": 166.78, "format": "Not provided"}, "iphex_mrr_20140512_mr_ave.txt": {"temporal": ["2014-05-12T00:00:03.000Z", "2014-05-12T23:59:04.000Z"], "wnes_geometry": {"westBoundingCoordinate": -82.585, "eastBoundingCoordinate": -82.581, "northBoundingCoordinate": 35.889, "southBoundingCoordinate": 35.886}, "sizeMB": 59.35, "format": "Not provided"}, "iphex_mrr_20140513_abt_raw.txt": {"temporal": ["2014-05-12T23:59:59.000Z", "2014-05-13T17:09:34.000Z"], "wnes_geometry": {"westBoundingCoordinate": -82.667, "eastBoundingCoordinate": -82.664, "northBoundingCoordinate": 35.807, "southBoundingCoordinate": 35.804}, "sizeMB": 118.67, "format": "Not provided"}, "iphex_mrr_20140513_mr_raw.txt": {"temporal": ["2014-05-12T23:59:59.000Z", "2014-05-13T23:59:47.000Z"], "wnes_geometry": {"westBoundingCoordinate": -82.585, "eastBoundingCoordinate": -82.581, "northBoundingCoordinate": 35.889, "southBoundingCoordinate": 35.886}, "sizeMB": 166.61, "format": "Not provided"}, "iphex_mrr_20140513_mr_ave.txt": {"temporal": ["2014-05-13T00:00:00.000Z", "2014-05-13T23:59:00.000Z"], "wnes_geometry": {"westBoundingCoordinate": -82.585, "eastBoundingCoordinate": -82.581, "northBoundingCoordinate": 35.889, "southBoundingCoordinate": 35.886}, "sizeMB": 63.94, "format": "Not provided"}, "iphex_mrr_20140513_abt_ave.txt": {"temporal": ["2014-05-13T00:00:02.000Z", "2014-05-13T17:09:02.000Z"], "wnes_geometry": {"westBoundingCoordinate": -82.667, "eastBoundingCoordinate": -82.664, "northBoundingCoordinate": 35.807, "southBoundingCoordinate": 35.804}, "sizeMB": 45.59, "format": "Not provided"}, "iphex_mrr_20140514_mr_raw.txt": {"temporal": ["2014-05-13T23:59:57.000Z", "2014-05-14T23:59:54.000Z"], "wnes_geometry": {"westBoundingCoordinate": -82.585, "eastBoundingCoordinate": -82.581, "northBoundingCoordinate": 35.889, "southBoundingCoordinate": 35.886}, "sizeMB": 167.68, "format": "Not provided"}, "iphex_mrr_20140514_mr_ave.txt": {"temporal": ["2014-05-14T00:00:00.000Z", "2014-05-14T23:59:00.000Z"], "wnes_geometry": {"westBoundingCoordinate": -82.585, "eastBoundingCoordinate": -82.581, "northBoundingCoordinate": 35.889, "southBoundingCoordinate": 35.886}, "sizeMB": 63.98, "format": "Not provided"}, "iphex_mrr_20140514_abt_ave.txt": {"temporal": ["2014-05-14T16:13:38.000Z", "2014-05-14T23:59:01.000Z"], "wnes_geometry": {"westBoundingCoordinate": -82.667, "eastBoundingCoordinate": -82.664, "northBoundingCoordinate": 35.807, "southBoundingCoordinate": 35.804}, "sizeMB": 20.39, "format": "Not provided"}, "iphex_mrr_20140514_abt_raw.txt": {"temporal": ["2014-05-14T16:14:16.000Z", "2014-05-14T23:59:51.000Z"], "wnes_geometry": {"westBoundingCoordinate": -82.667, "eastBoundingCoordinate": -82.664, "northBoundingCoordinate": 35.807, "southBoundingCoordinate": 35.804}, "sizeMB": 53.1, "format": "Not provided"}, "iphex_mrr_20140515_mr_ave.txt": {"temporal": ["2014-05-15T00:00:00.000Z", "2014-05-15T23:54:00.000Z"], "wnes_geometry": {"westBoundingCoordinate": -82.585, "eastBoundingCoordinate": -82.581, "northBoundingCoordinate": 35.889, "southBoundingCoordinate": 35.886}, "sizeMB": 56.15, "format": "Not provided"}, "iphex_mrr_20140515_abt_raw.txt": {"temporal": ["2014-05-15T00:00:01.000Z", "2014-05-15T23:59:47.000Z"], "wnes_geometry": {"westBoundingCoordinate": -82.667, "eastBoundingCoordinate": -82.664, "northBoundingCoordinate": 35.807, "southBoundingCoordinate": 35.804}, "sizeMB": 165.28, "format": "Not provided"}, "iphex_mrr_20140515_abt_ave.txt": {"temporal": ["2014-05-15T00:00:02.000Z", "2014-05-15T23:59:02.000Z"], "wnes_geometry": {"westBoundingCoordinate": -82.667, "eastBoundingCoordinate": -82.664, "northBoundingCoordinate": 35.807, "southBoundingCoordinate": 35.804}, "sizeMB": 63.89, "format": "Not provided"}, "iphex_mrr_20140515_mr_raw.txt": {"temporal": ["2014-05-15T00:00:04.000Z", "2014-05-15T23:59:48.000Z"], "wnes_geometry": {"westBoundingCoordinate": -82.585, "eastBoundingCoordinate": -82.581, "northBoundingCoordinate": 35.889, "southBoundingCoordinate": 35.886}, "sizeMB": 130.01, "format": "Not provided"}, "iphex_mrr_20140515_pk_raw.txt": {"temporal": ["2014-05-15T20:41:24.000Z", "2014-05-15T23:59:48.000Z"], "wnes_geometry": {"westBoundingCoordinate": -83.074, "eastBoundingCoordinate": -83.071, "northBoundingCoordinate": 35.588, "southBoundingCoordinate": 35.584}, "sizeMB": 22.94, "format": "Not provided"}, "iphex_mrr_20140516_abt_raw.txt": {"temporal": ["2014-05-15T23:59:57.000Z", "2014-05-16T23:59:47.000Z"], "wnes_geometry": {"westBoundingCoordinate": -82.667, "eastBoundingCoordinate": -82.664, "northBoundingCoordinate": 35.807, "southBoundingCoordinate": 35.804}, "sizeMB": 165.21, "format": "Not provided"}, "iphex_mrr_20140516_mr_raw.txt": {"temporal": ["2014-05-15T23:59:57.000Z", "2014-05-16T23:59:35.000Z"], "wnes_geometry": {"westBoundingCoordinate": -82.585, "eastBoundingCoordinate": -82.581, "northBoundingCoordinate": 35.889, "southBoundingCoordinate": 35.886}, "sizeMB": 143.6, "format": "Not provided"}, "iphex_mrr_20140516_pk_raw.txt": {"temporal": ["2014-05-15T23:59:58.000Z", "2014-05-16T23:59:41.000Z"], "wnes_geometry": {"westBoundingCoordinate": -83.074, "eastBoundingCoordinate": -83.071, "northBoundingCoordinate": 35.588, "southBoundingCoordinate": 35.584}, "sizeMB": 167.63, "format": "Not provided"}, "iphex_mrr_20140516_mr_ave.txt": {"temporal": ["2014-05-16T00:00:00.000Z", "2014-05-16T23:59:01.000Z"], "wnes_geometry": {"westBoundingCoordinate": -82.585, "eastBoundingCoordinate": -82.581, "northBoundingCoordinate": 35.889, "southBoundingCoordinate": 35.886}, "sizeMB": 60.51, "format": "Not provided"}, "iphex_mrr_20140516_abt_ave.txt": {"temporal": ["2014-05-16T00:00:01.000Z", "2014-05-16T23:59:02.000Z"], "wnes_geometry": {"westBoundingCoordinate": -82.667, "eastBoundingCoordinate": -82.664, "northBoundingCoordinate": 35.807, "southBoundingCoordinate": 35.804}, "sizeMB": 63.14, "format": "Not provided"}, "iphex_mrr_20140517_mr_raw.txt": {"temporal": ["2014-05-16T23:59:49.000Z", "2014-05-17T23:59:03.000Z"], "wnes_geometry": {"westBoundingCoordinate": -82.585, "eastBoundingCoordinate": -82.581, "northBoundingCoordinate": 35.889, "southBoundingCoordinate": 35.886}, "sizeMB": 128.93, "format": "Not provided"}, "iphex_mrr_20140517_pk_raw.txt": {"temporal": ["2014-05-16T23:59:51.000Z", "2014-05-17T23:59:49.000Z"], "wnes_geometry": {"westBoundingCoordinate": -83.074, "eastBoundingCoordinate": -83.071, "northBoundingCoordinate": 35.588, "southBoundingCoordinate": 35.584}, "sizeMB": 167.38, "format": "Not provided"}, "iphex_mrr_20140517_abt_raw.txt": {"temporal": ["2014-05-16T23:59:57.000Z", "2014-05-17T23:59:40.000Z"], "wnes_geometry": {"westBoundingCoordinate": -82.667, "eastBoundingCoordinate": -82.664, "northBoundingCoordinate": 35.807, "southBoundingCoordinate": 35.804}, "sizeMB": 166.72, "format": "Not provided"}, "iphex_mrr_20140517_mr_ave.txt": {"temporal": ["2014-05-17T00:00:01.000Z", "2014-05-17T23:57:00.000Z"], "wnes_geometry": {"westBoundingCoordinate": -82.585, "eastBoundingCoordinate": -82.581, "northBoundingCoordinate": 35.889, "southBoundingCoordinate": 35.886}, "sizeMB": 57.12, "format": "Not provided"}, "iphex_mrr_20140517_abt_ave.txt": {"temporal": ["2014-05-17T00:00:02.000Z", "2014-05-17T23:59:02.000Z"], "wnes_geometry": {"westBoundingCoordinate": -82.667, "eastBoundingCoordinate": -82.664, "northBoundingCoordinate": 35.807, "southBoundingCoordinate": 35.804}, "sizeMB": 63.63, "format": "Not provided"}, "iphex_mrr_20140518_mr_raw.txt": {"temporal": ["2014-05-17T23:59:23.000Z", "2014-05-18T23:59:39.000Z"], "wnes_geometry": {"westBoundingCoordinate": -82.585, "eastBoundingCoordinate": -82.581, "northBoundingCoordinate": 35.889, "southBoundingCoordinate": 35.886}, "sizeMB": 154.96, "format": "Not provided"}, "iphex_mrr_20140518_abt_raw.txt": {"temporal": ["2014-05-17T23:59:50.000Z", "2014-05-18T23:59:43.000Z"], "wnes_geometry": {"westBoundingCoordinate": -82.667, "eastBoundingCoordinate": -82.664, "northBoundingCoordinate": 35.807, "southBoundingCoordinate": 35.804}, "sizeMB": 167.46, "format": "Not provided"}, "iphex_mrr_20140518_pk_raw.txt": {"temporal": ["2014-05-17T23:59:59.000Z", "2014-05-18T23:59:47.000Z"], "wnes_geometry": {"westBoundingCoordinate": -83.074, "eastBoundingCoordinate": -83.071, "northBoundingCoordinate": 35.588, "southBoundingCoordinate": 35.584}, "sizeMB": 164.34, "format": "Not provided"}, "iphex_mrr_20140518_mr_ave.txt": {"temporal": ["2014-05-18T00:00:00.000Z", "2014-05-18T23:59:01.000Z"], "wnes_geometry": {"westBoundingCoordinate": -82.585, "eastBoundingCoordinate": -82.581, "northBoundingCoordinate": 35.889, "southBoundingCoordinate": 35.886}, "sizeMB": 62.2, "format": "Not provided"}, "iphex_mrr_20140518_abt_ave.txt": {"temporal": ["2014-05-18T00:00:01.000Z", "2014-05-18T23:59:02.000Z"], "wnes_geometry": {"westBoundingCoordinate": -82.667, "eastBoundingCoordinate": -82.664, "northBoundingCoordinate": 35.807, "southBoundingCoordinate": 35.804}, "sizeMB": 63.89, "format": "Not provided"}, "iphex_mrr_20140519_mr_raw.txt": {"temporal": ["2014-05-18T23:59:44.000Z", "2014-05-19T23:59:34.000Z"], "wnes_geometry": {"westBoundingCoordinate": -82.585, "eastBoundingCoordinate": -82.581, "northBoundingCoordinate": 35.889, "southBoundingCoordinate": 35.886}, "sizeMB": 139.16, "format": "Not provided"}, "iphex_mrr_20140519_abt_raw.txt": {"temporal": ["2014-05-18T23:59:54.000Z", "2014-05-19T23:59:53.000Z"], "wnes_geometry": {"westBoundingCoordinate": -82.667, "eastBoundingCoordinate": -82.664, "northBoundingCoordinate": 35.807, "southBoundingCoordinate": 35.804}, "sizeMB": 163.56, "format": "Not provided"}, "iphex_mrr_20140519_pk_raw.txt": {"temporal": ["2014-05-18T23:59:57.000Z", "2014-05-19T23:59:53.000Z"], "wnes_geometry": {"westBoundingCoordinate": -83.074, "eastBoundingCoordinate": -83.071, "northBoundingCoordinate": 35.588, "southBoundingCoordinate": 35.584}, "sizeMB": 167.73, "format": "Not provided"}, "iphex_mrr_20140519_abt_ave.txt": {"temporal": ["2014-05-19T00:00:02.000Z", "2014-05-19T23:59:02.000Z"], "wnes_geometry": {"westBoundingCoordinate": -82.667, "eastBoundingCoordinate": -82.664, "northBoundingCoordinate": 35.807, "southBoundingCoordinate": 35.804}, "sizeMB": 62.44, "format": "Not provided"}, "iphex_mrr_20140519_mr_ave.txt": {"temporal": ["2014-05-19T00:00:03.000Z", "2014-05-19T23:59:01.000Z"], "wnes_geometry": {"westBoundingCoordinate": -82.585, "eastBoundingCoordinate": -82.581, "northBoundingCoordinate": 35.889, "southBoundingCoordinate": 35.886}, "sizeMB": 59.97, "format": "Not provided"}, "iphex_mrr_20140520_mr_raw.txt": {"temporal": ["2014-05-19T23:59:54.000Z", "2014-05-20T23:59:44.000Z"], "wnes_geometry": {"westBoundingCoordinate": -82.585, "eastBoundingCoordinate": -82.581, "northBoundingCoordinate": 35.889, "southBoundingCoordinate": 35.886}, "sizeMB": 145.34, "format": "Not provided"}, "iphex_mrr_20140520_mr_ave.txt": {"temporal": ["2014-05-20T00:00:00.000Z", "2014-05-20T23:57:02.000Z"], "wnes_geometry": {"westBoundingCoordinate": -82.585, "eastBoundingCoordinate": -82.581, "northBoundingCoordinate": 35.889, "southBoundingCoordinate": 35.886}, "sizeMB": 60.42, "format": "Not provided"}, "iphex_mrr_20140520_abt_ave.txt": {"temporal": ["2014-05-20T00:00:01.000Z", "2014-05-20T23:59:02.000Z"], "wnes_geometry": {"westBoundingCoordinate": -82.667, "eastBoundingCoordinate": -82.664, "northBoundingCoordinate": 35.807, "southBoundingCoordinate": 35.804}, "sizeMB": 64.12, "format": "Not provided"}, "iphex_mrr_20140520_abt_raw.txt": {"temporal": ["2014-05-20T00:00:03.000Z", "2014-05-20T23:59:40.000Z"], "wnes_geometry": {"westBoundingCoordinate": -82.667, "eastBoundingCoordinate": -82.664, "northBoundingCoordinate": 35.807, "southBoundingCoordinate": 35.804}, "sizeMB": 168.19, "format": "Not provided"}, "iphex_mrr_20140520_pk_raw.txt": {"temporal": ["2014-05-20T00:00:03.000Z", "2014-05-20T23:59:48.000Z"], "wnes_geometry": {"westBoundingCoordinate": -83.074, "eastBoundingCoordinate": -83.071, "northBoundingCoordinate": 35.588, "southBoundingCoordinate": 35.584}, "sizeMB": 166.47, "format": "Not provided"}, "iphex_mrr_20140521_abt_raw.txt": {"temporal": ["2014-05-20T23:59:50.000Z", "2014-05-21T23:59:54.000Z"], "wnes_geometry": {"westBoundingCoordinate": -82.667, "eastBoundingCoordinate": -82.664, "northBoundingCoordinate": 35.807, "southBoundingCoordinate": 35.804}, "sizeMB": 148.61, "format": "Not provided"}, "iphex_mrr_20140521_pk_raw.txt": {"temporal": ["2014-05-20T23:59:58.000Z", "2014-05-21T23:59:40.000Z"], "wnes_geometry": {"westBoundingCoordinate": -83.074, "eastBoundingCoordinate": -83.071, "northBoundingCoordinate": 35.588, "southBoundingCoordinate": 35.584}, "sizeMB": 167.95, "format": "Not provided"}, "iphex_mrr_20140521_mr_ave.txt": {"temporal": ["2014-05-21T00:00:00.000Z", "2014-05-21T23:59:00.000Z"], "wnes_geometry": {"westBoundingCoordinate": -82.585, "eastBoundingCoordinate": -82.581, "northBoundingCoordinate": 35.889, "southBoundingCoordinate": 35.886}, "sizeMB": 55.88, "format": "Not provided"}, "iphex_mrr_20140521_abt_ave.txt": {"temporal": ["2014-05-21T00:00:02.000Z", "2014-05-21T23:59:02.000Z"], "wnes_geometry": {"westBoundingCoordinate": -82.667, "eastBoundingCoordinate": -82.664, "northBoundingCoordinate": 35.807, "southBoundingCoordinate": 35.804}, "sizeMB": 63.22, "format": "Not provided"}, "iphex_mrr_20140521_mr_raw.txt": {"temporal": ["2014-05-21T00:00:07.000Z", "2014-05-21T23:59:55.000Z"], "wnes_geometry": {"westBoundingCoordinate": -82.585, "eastBoundingCoordinate": -82.581, "northBoundingCoordinate": 35.889, "southBoundingCoordinate": 35.886}, "sizeMB": 127.74, "format": "Not provided"}, "iphex_mrr_20140522_pk_raw.txt": {"temporal": ["2014-05-21T23:59:50.000Z", "2014-05-22T23:59:51.000Z"], "wnes_geometry": {"westBoundingCoordinate": -83.074, "eastBoundingCoordinate": -83.071, "northBoundingCoordinate": 35.588, "southBoundingCoordinate": 35.584}, "sizeMB": 167.46, "format": "Not provided"}, "iphex_mrr_20140522_mr_ave.txt": {"temporal": ["2014-05-22T00:00:00.000Z", "2014-05-22T23:59:07.000Z"], "wnes_geometry": {"westBoundingCoordinate": -82.585, "eastBoundingCoordinate": -82.581, "northBoundingCoordinate": 35.889, "southBoundingCoordinate": 35.886}, "sizeMB": 59.88, "format": "Not provided"}, "iphex_mrr_20140522_abt_ave.txt": {"temporal": ["2014-05-22T00:00:01.000Z", "2014-05-22T23:59:01.000Z"], "wnes_geometry": {"westBoundingCoordinate": -82.667, "eastBoundingCoordinate": -82.664, "northBoundingCoordinate": 35.807, "southBoundingCoordinate": 35.804}, "sizeMB": 63.49, "format": "Not provided"}, "iphex_mrr_20140522_abt_raw.txt": {"temporal": ["2014-05-22T00:00:04.000Z", "2014-05-22T23:59:56.000Z"], "wnes_geometry": {"westBoundingCoordinate": -82.667, "eastBoundingCoordinate": -82.664, "northBoundingCoordinate": 35.807, "southBoundingCoordinate": 35.804}, "sizeMB": 166.39, "format": "Not provided"}, "iphex_mrr_20140522_mr_raw.txt": {"temporal": ["2014-05-22T00:00:05.000Z", "2014-05-22T23:58:53.000Z"], "wnes_geometry": {"westBoundingCoordinate": -82.585, "eastBoundingCoordinate": -82.581, "northBoundingCoordinate": 35.889, "southBoundingCoordinate": 35.886}, "sizeMB": 141.7, "format": "Not provided"}, "iphex_mrr_20140523_mr_raw.txt": {"temporal": ["2014-05-22T23:59:26.000Z", "2014-05-23T12:27:23.000Z"], "wnes_geometry": {"westBoundingCoordinate": -82.585, "eastBoundingCoordinate": -82.581, "northBoundingCoordinate": 35.889, "southBoundingCoordinate": 35.886}, "sizeMB": 86.12, "format": "Not provided"}, "iphex_mrr_20140523_mr_ave.txt": {"temporal": ["2014-05-23T00:00:00.000Z", "2014-05-23T12:28:00.000Z"], "wnes_geometry": {"westBoundingCoordinate": -82.585, "eastBoundingCoordinate": -82.581, "northBoundingCoordinate": 35.889, "southBoundingCoordinate": 35.886}, "sizeMB": 33.26, "format": "Not provided"}, "iphex_mrr_20140523_pk_raw.txt": {"temporal": ["2014-05-23T00:00:01.000Z", "2014-05-23T23:59:48.000Z"], "wnes_geometry": {"westBoundingCoordinate": -83.074, "eastBoundingCoordinate": -83.071, "northBoundingCoordinate": 35.588, "southBoundingCoordinate": 35.584}, "sizeMB": 164.08, "format": "Not provided"}, "iphex_mrr_20140523_abt_ave.txt": {"temporal": ["2014-05-23T00:00:02.000Z", "2014-05-23T23:59:02.000Z"], "wnes_geometry": {"westBoundingCoordinate": -82.667, "eastBoundingCoordinate": -82.664, "northBoundingCoordinate": 35.807, "southBoundingCoordinate": 35.804}, "sizeMB": 63.45, "format": "Not provided"}, "iphex_mrr_20140523_abt_raw.txt": {"temporal": ["2014-05-23T00:00:06.000Z", "2014-05-23T23:59:46.000Z"], "wnes_geometry": {"westBoundingCoordinate": -82.667, "eastBoundingCoordinate": -82.664, "northBoundingCoordinate": 35.807, "southBoundingCoordinate": 35.804}, "sizeMB": 166.3, "format": "Not provided"}, "iphex_mrr_20140524_abt_raw.txt": {"temporal": ["2014-05-23T23:59:56.000Z", "2014-05-24T23:59:49.000Z"], "wnes_geometry": {"westBoundingCoordinate": -82.667, "eastBoundingCoordinate": -82.664, "northBoundingCoordinate": 35.807, "southBoundingCoordinate": 35.804}, "sizeMB": 165.71, "format": "Not provided"}, "iphex_mrr_20140524_pk_raw.txt": {"temporal": ["2014-05-23T23:59:58.000Z", "2014-05-24T23:59:52.000Z"], "wnes_geometry": {"westBoundingCoordinate": -83.074, "eastBoundingCoordinate": -83.071, "northBoundingCoordinate": 35.588, "southBoundingCoordinate": 35.584}, "sizeMB": 164.63, "format": "Not provided"}, "iphex_mrr_20140524_abt_ave.txt": {"temporal": ["2014-05-24T00:00:01.000Z", "2014-05-24T23:59:01.000Z"], "wnes_geometry": {"westBoundingCoordinate": -82.667, "eastBoundingCoordinate": -82.664, "northBoundingCoordinate": 35.807, "southBoundingCoordinate": 35.804}, "sizeMB": 63.31, "format": "Not provided"}, "iphex_mrr_20140524_mr_raw.txt": {"temporal": ["2014-05-24T20:57:28.000Z", "2014-05-24T23:59:51.000Z"], "wnes_geometry": {"westBoundingCoordinate": -82.585, "eastBoundingCoordinate": -82.581, "northBoundingCoordinate": 35.889, "southBoundingCoordinate": 35.886}, "sizeMB": 21.3, "format": "Not provided"}, "iphex_mrr_20140524_mr_ave.txt": {"temporal": ["2014-05-24T20:58:01.000Z", "2014-05-24T23:59:00.000Z"], "wnes_geometry": {"westBoundingCoordinate": -82.585, "eastBoundingCoordinate": -82.581, "northBoundingCoordinate": 35.889, "southBoundingCoordinate": 35.886}, "sizeMB": 8.06, "format": "Not provided"}, "iphex_mrr_20140525_abt_raw.txt": {"temporal": ["2014-05-24T23:59:58.000Z", "2014-05-25T23:59:43.000Z"], "wnes_geometry": {"westBoundingCoordinate": -82.667, "eastBoundingCoordinate": -82.664, "northBoundingCoordinate": 35.807, "southBoundingCoordinate": 35.804}, "sizeMB": 168.03, "format": "Not provided"}, "iphex_mrr_20140525_mr_ave.txt": {"temporal": ["2014-05-25T00:00:00.000Z", "2014-05-25T23:59:00.000Z"], "wnes_geometry": {"westBoundingCoordinate": -82.585, "eastBoundingCoordinate": -82.581, "northBoundingCoordinate": 35.889, "southBoundingCoordinate": 35.886}, "sizeMB": 64.11, "format": "Not provided"}, "iphex_mrr_20140525_mr_raw.txt": {"temporal": ["2014-05-25T00:00:01.000Z", "2014-05-25T23:59:47.000Z"], "wnes_geometry": {"westBoundingCoordinate": -82.585, "eastBoundingCoordinate": -82.581, "northBoundingCoordinate": 35.889, "southBoundingCoordinate": 35.886}, "sizeMB": 167.05, "format": "Not provided"}, "iphex_mrr_20140525_pk_raw.txt": {"temporal": ["2014-05-25T00:00:02.000Z", "2014-05-25T23:59:52.000Z"], "wnes_geometry": {"westBoundingCoordinate": -83.074, "eastBoundingCoordinate": -83.071, "northBoundingCoordinate": 35.588, "southBoundingCoordinate": 35.584}, "sizeMB": 163.71, "format": "Not provided"}, "iphex_mrr_20140525_abt_ave.txt": {"temporal": ["2014-05-25T00:00:02.000Z", "2014-05-25T23:59:02.000Z"], "wnes_geometry": {"westBoundingCoordinate": -82.667, "eastBoundingCoordinate": -82.664, "northBoundingCoordinate": 35.807, "southBoundingCoordinate": 35.804}, "sizeMB": 64.07, "format": "Not provided"}, "iphex_mrr_20140526_abt_raw.txt": {"temporal": ["2014-05-25T23:59:53.000Z", "2014-05-26T23:59:48.000Z"], "wnes_geometry": {"westBoundingCoordinate": -82.667, "eastBoundingCoordinate": -82.664, "northBoundingCoordinate": 35.807, "southBoundingCoordinate": 35.804}, "sizeMB": 168.02, "format": "Not provided"}, "iphex_mrr_20140526_mr_raw.txt": {"temporal": ["2014-05-25T23:59:57.000Z", "2014-05-26T23:59:37.000Z"], "wnes_geometry": {"westBoundingCoordinate": -82.585, "eastBoundingCoordinate": -82.581, "northBoundingCoordinate": 35.889, "southBoundingCoordinate": 35.886}, "sizeMB": 144.28, "format": "Not provided"}, "iphex_mrr_20140526_mr_ave.txt": {"temporal": ["2014-05-26T00:00:00.000Z", "2014-05-26T23:59:00.000Z"], "wnes_geometry": {"westBoundingCoordinate": -82.585, "eastBoundingCoordinate": -82.581, "northBoundingCoordinate": 35.889, "southBoundingCoordinate": 35.886}, "sizeMB": 60.29, "format": "Not provided"}, "iphex_mrr_20140526_abt_ave.txt": {"temporal": ["2014-05-26T00:00:02.000Z", "2014-05-26T23:59:02.000Z"], "wnes_geometry": {"westBoundingCoordinate": -82.667, "eastBoundingCoordinate": -82.664, "northBoundingCoordinate": 35.807, "southBoundingCoordinate": 35.804}, "sizeMB": 64.03, "format": "Not provided"}, "iphex_mrr_20140526_pk_raw.txt": {"temporal": ["2014-05-26T00:00:02.000Z", "2014-05-26T23:59:48.000Z"], "wnes_geometry": {"westBoundingCoordinate": -83.074, "eastBoundingCoordinate": -83.071, "northBoundingCoordinate": 35.588, "southBoundingCoordinate": 35.584}, "sizeMB": 167.11, "format": "Not provided"}, "iphex_mrr_20140527_mr_raw.txt": {"temporal": ["2014-05-26T23:59:47.000Z", "2014-05-27T23:59:46.000Z"], "wnes_geometry": {"westBoundingCoordinate": -82.585, "eastBoundingCoordinate": -82.581, "northBoundingCoordinate": 35.889, "southBoundingCoordinate": 35.886}, "sizeMB": 139.03, "format": "Not provided"}, "iphex_mrr_20140527_pk_raw.txt": {"temporal": ["2014-05-26T23:59:58.000Z", "2014-05-27T23:59:48.000Z"], "wnes_geometry": {"westBoundingCoordinate": -83.074, "eastBoundingCoordinate": -83.071, "northBoundingCoordinate": 35.588, "southBoundingCoordinate": 35.584}, "sizeMB": 166.63, "format": "Not provided"}, "iphex_mrr_20140527_abt_raw.txt": {"temporal": ["2014-05-26T23:59:58.000Z", "2014-05-27T23:59:48.000Z"], "wnes_geometry": {"westBoundingCoordinate": -82.667, "eastBoundingCoordinate": -82.664, "northBoundingCoordinate": 35.807, "southBoundingCoordinate": 35.804}, "sizeMB": 167.37, "format": "Not provided"}, "iphex_mrr_20140527_abt_ave.txt": {"temporal": ["2014-05-27T00:00:02.000Z", "2014-05-27T23:59:01.000Z"], "wnes_geometry": {"westBoundingCoordinate": -82.667, "eastBoundingCoordinate": -82.664, "northBoundingCoordinate": 35.807, "southBoundingCoordinate": 35.804}, "sizeMB": 63.85, "format": "Not provided"}, "iphex_mrr_20140527_mr_ave.txt": {"temporal": ["2014-05-27T00:00:02.000Z", "2014-05-27T23:59:00.000Z"], "wnes_geometry": {"westBoundingCoordinate": -82.585, "eastBoundingCoordinate": -82.581, "northBoundingCoordinate": 35.889, "southBoundingCoordinate": 35.886}, "sizeMB": 58.37, "format": "Not provided"}, "iphex_mrr_20140528_mr_raw.txt": {"temporal": ["2014-05-27T23:59:56.000Z", "2014-05-28T23:53:15.000Z"], "wnes_geometry": {"westBoundingCoordinate": -82.585, "eastBoundingCoordinate": -82.581, "northBoundingCoordinate": 35.889, "southBoundingCoordinate": 35.886}, "sizeMB": 118.25, "format": "Not provided"}, "iphex_mrr_20140528_pk_raw.txt": {"temporal": ["2014-05-27T23:59:58.000Z", "2014-05-28T23:59:40.000Z"], "wnes_geometry": {"westBoundingCoordinate": -83.074, "eastBoundingCoordinate": -83.071, "northBoundingCoordinate": 35.588, "southBoundingCoordinate": 35.584}, "sizeMB": 167.19, "format": "Not provided"}, "iphex_mrr_20140528_abt_raw.txt": {"temporal": ["2014-05-27T23:59:59.000Z", "2014-05-28T23:59:43.000Z"], "wnes_geometry": {"westBoundingCoordinate": -82.667, "eastBoundingCoordinate": -82.664, "northBoundingCoordinate": 35.807, "southBoundingCoordinate": 35.804}, "sizeMB": 167.98, "format": "Not provided"}, "iphex_mrr_20140528_mr_ave.txt": {"temporal": ["2014-05-28T00:00:00.000Z", "2014-05-28T23:58:03.000Z"], "wnes_geometry": {"westBoundingCoordinate": -82.585, "eastBoundingCoordinate": -82.581, "northBoundingCoordinate": 35.889, "southBoundingCoordinate": 35.886}, "sizeMB": 49.6, "format": "Not provided"}, "iphex_mrr_20140528_abt_ave.txt": {"temporal": ["2014-05-28T00:00:02.000Z", "2014-05-28T23:59:02.000Z"], "wnes_geometry": {"westBoundingCoordinate": -82.667, "eastBoundingCoordinate": -82.664, "northBoundingCoordinate": 35.807, "southBoundingCoordinate": 35.804}, "sizeMB": 64.03, "format": "Not provided"}, "iphex_mrr_20140529_pk_raw.txt": {"temporal": ["2014-05-28T23:59:50.000Z", "2014-05-29T23:59:56.000Z"], "wnes_geometry": {"westBoundingCoordinate": -83.074, "eastBoundingCoordinate": -83.071, "northBoundingCoordinate": 35.588, "southBoundingCoordinate": 35.584}, "sizeMB": 166.47, "format": "Not provided"}, "iphex_mrr_20140529_abt_raw.txt": {"temporal": ["2014-05-28T23:59:54.000Z", "2014-05-29T23:59:47.000Z"], "wnes_geometry": {"westBoundingCoordinate": -82.667, "eastBoundingCoordinate": -82.664, "northBoundingCoordinate": 35.807, "southBoundingCoordinate": 35.804}, "sizeMB": 156.16, "format": "Not provided"}, "iphex_mrr_20140529_abt_ave.txt": {"temporal": ["2014-05-29T00:00:02.000Z", "2014-05-29T23:59:02.000Z"], "wnes_geometry": {"westBoundingCoordinate": -82.667, "eastBoundingCoordinate": -82.664, "northBoundingCoordinate": 35.807, "southBoundingCoordinate": 35.804}, "sizeMB": 60.47, "format": "Not provided"}, "iphex_mrr_20140529_mr_raw.txt": {"temporal": ["2014-05-29T00:01:24.000Z", "2014-05-29T23:47:48.000Z"], "wnes_geometry": {"westBoundingCoordinate": -82.585, "eastBoundingCoordinate": -82.581, "northBoundingCoordinate": 35.889, "southBoundingCoordinate": 35.886}, "sizeMB": 7.24, "format": "Not provided"}, "iphex_mrr_20140529_mr_ave.txt": {"temporal": ["2014-05-29T00:13:02.000Z", "2014-05-29T23:53:01.000Z"], "wnes_geometry": {"westBoundingCoordinate": -82.585, "eastBoundingCoordinate": -82.581, "northBoundingCoordinate": 35.889, "southBoundingCoordinate": 35.886}, "sizeMB": 11.13, "format": "Not provided"}, "iphex_mrr_20140530_mr_raw.txt": {"temporal": ["2014-05-29T23:55:59.000Z", "2014-05-30T23:45:24.000Z"], "wnes_geometry": {"westBoundingCoordinate": -82.585, "eastBoundingCoordinate": -82.581, "northBoundingCoordinate": 35.889, "southBoundingCoordinate": 35.886}, "sizeMB": 7.22, "format": "Not provided"}, "iphex_mrr_20140530_abt_raw.txt": {"temporal": ["2014-05-29T23:59:57.000Z", "2014-05-30T23:59:51.000Z"], "wnes_geometry": {"westBoundingCoordinate": -82.667, "eastBoundingCoordinate": -82.664, "northBoundingCoordinate": 35.807, "southBoundingCoordinate": 35.804}, "sizeMB": 167.05, "format": "Not provided"}, "iphex_mrr_20140530_abt_ave.txt": {"temporal": ["2014-05-30T00:00:02.000Z", "2014-05-30T23:59:02.000Z"], "wnes_geometry": {"westBoundingCoordinate": -82.667, "eastBoundingCoordinate": -82.664, "northBoundingCoordinate": 35.807, "southBoundingCoordinate": 35.804}, "sizeMB": 63.76, "format": "Not provided"}, "iphex_mrr_20140530_pk_raw.txt": {"temporal": ["2014-05-30T00:00:06.000Z", "2014-05-30T23:59:50.000Z"], "wnes_geometry": {"westBoundingCoordinate": -83.074, "eastBoundingCoordinate": -83.071, "northBoundingCoordinate": 35.588, "southBoundingCoordinate": 35.584}, "sizeMB": 167.77, "format": "Not provided"}, "iphex_mrr_20140530_mr_ave.txt": {"temporal": ["2014-05-30T00:02:03.000Z", "2014-05-30T23:52:01.000Z"], "wnes_geometry": {"westBoundingCoordinate": -82.585, "eastBoundingCoordinate": -82.581, "northBoundingCoordinate": 35.889, "southBoundingCoordinate": 35.886}, "sizeMB": 11.31, "format": "Not provided"}, "iphex_mrr_20140531_mr_raw.txt": {"temporal": ["2014-05-30T23:54:39.000Z", "2014-05-31T23:59:51.000Z"], "wnes_geometry": {"westBoundingCoordinate": -82.585, "eastBoundingCoordinate": -82.581, "northBoundingCoordinate": 35.889, "southBoundingCoordinate": 35.886}, "sizeMB": 36.41, "format": "Not provided"}, "iphex_mrr_20140531_pk_raw.txt": {"temporal": ["2014-05-31T00:00:00.000Z", "2014-05-31T23:59:41.000Z"], "wnes_geometry": {"westBoundingCoordinate": -83.074, "eastBoundingCoordinate": -83.071, "northBoundingCoordinate": 35.588, "southBoundingCoordinate": 35.584}, "sizeMB": 164.54, "format": "Not provided"}, "iphex_mrr_20140531_abt_raw.txt": {"temporal": ["2014-05-31T00:00:01.000Z", "2014-05-31T23:59:53.000Z"], "wnes_geometry": {"westBoundingCoordinate": -82.667, "eastBoundingCoordinate": -82.664, "northBoundingCoordinate": 35.807, "southBoundingCoordinate": 35.804}, "sizeMB": 159.34, "format": "Not provided"}, "iphex_mrr_20140531_abt_ave.txt": {"temporal": ["2014-05-31T00:00:01.000Z", "2014-05-31T23:59:02.000Z"], "wnes_geometry": {"westBoundingCoordinate": -82.667, "eastBoundingCoordinate": -82.664, "northBoundingCoordinate": 35.807, "southBoundingCoordinate": 35.804}, "sizeMB": 60.82, "format": "Not provided"}, "iphex_mrr_20140531_mr_ave.txt": {"temporal": ["2014-05-31T00:01:00.000Z", "2014-05-31T23:59:00.000Z"], "wnes_geometry": {"westBoundingCoordinate": -82.585, "eastBoundingCoordinate": -82.581, "northBoundingCoordinate": 35.889, "southBoundingCoordinate": 35.886}, "sizeMB": 20.66, "format": "Not provided"}, "iphex_mrr_20140601_pk_raw.txt": {"temporal": ["2014-05-31T23:59:51.000Z", "2014-06-01T23:39:14.000Z"], "wnes_geometry": {"westBoundingCoordinate": -83.074, "eastBoundingCoordinate": -83.071, "northBoundingCoordinate": 35.588, "southBoundingCoordinate": 35.584}, "sizeMB": 154.82, "format": "Not provided"}, "iphex_mrr_20140601_mr_ave.txt": {"temporal": ["2014-06-01T00:00:00.000Z", "2014-06-01T23:59:00.000Z"], "wnes_geometry": {"westBoundingCoordinate": -82.585, "eastBoundingCoordinate": -82.581, "northBoundingCoordinate": 35.889, "southBoundingCoordinate": 35.886}, "sizeMB": 64.11, "format": "Not provided"}, "iphex_mrr_20140601_mr_raw.txt": {"temporal": ["2014-06-01T00:00:01.000Z", "2014-06-01T23:59:53.000Z"], "wnes_geometry": {"westBoundingCoordinate": -82.585, "eastBoundingCoordinate": -82.581, "northBoundingCoordinate": 35.889, "southBoundingCoordinate": 35.886}, "sizeMB": 168.1, "format": "Not provided"}, "iphex_mrr_20140601_abt_ave.txt": {"temporal": ["2014-06-01T00:00:02.000Z", "2014-06-01T23:59:01.000Z"], "wnes_geometry": {"westBoundingCoordinate": -82.667, "eastBoundingCoordinate": -82.664, "northBoundingCoordinate": 35.807, "southBoundingCoordinate": 35.804}, "sizeMB": 61.27, "format": "Not provided"}, "iphex_mrr_20140601_abt_raw.txt": {"temporal": ["2014-06-01T00:00:03.000Z", "2014-06-01T23:59:37.000Z"], "wnes_geometry": {"westBoundingCoordinate": -82.667, "eastBoundingCoordinate": -82.664, "northBoundingCoordinate": 35.807, "southBoundingCoordinate": 35.804}, "sizeMB": 109.56, "format": "Not provided"}, "iphex_mrr_20140602_mr_ave.txt": {"temporal": ["2014-06-02T00:00:00.000Z", "2014-06-02T23:59:00.000Z"], "wnes_geometry": {"westBoundingCoordinate": -82.585, "eastBoundingCoordinate": -82.581, "northBoundingCoordinate": 35.889, "southBoundingCoordinate": 35.886}, "sizeMB": 64.11, "format": "Not provided"}, "iphex_mrr_20140602_abt_ave.txt": {"temporal": ["2014-06-02T00:00:02.000Z", "2014-06-02T23:59:02.000Z"], "wnes_geometry": {"westBoundingCoordinate": -82.667, "eastBoundingCoordinate": -82.664, "northBoundingCoordinate": 35.807, "southBoundingCoordinate": 35.804}, "sizeMB": 40.92, "format": "Not provided"}, "iphex_mrr_20140602_mr_raw.txt": {"temporal": ["2014-06-02T00:00:03.000Z", "2014-06-02T23:59:48.000Z"], "wnes_geometry": {"westBoundingCoordinate": -82.585, "eastBoundingCoordinate": -82.581, "northBoundingCoordinate": 35.889, "southBoundingCoordinate": 35.886}, "sizeMB": 168.1, "format": "Not provided"}, "iphex_mrr_20140602_abt_raw.txt": {"temporal": ["2014-06-02T00:00:07.000Z", "2014-06-02T23:59:41.000Z"], "wnes_geometry": {"westBoundingCoordinate": -82.667, "eastBoundingCoordinate": -82.664, "northBoundingCoordinate": 35.807, "southBoundingCoordinate": 35.804}, "sizeMB": 78.82, "format": "Not provided"}, "iphex_mrr_20140602_pk_raw.txt": {"temporal": ["2014-06-02T01:48:48.000Z", "2014-06-02T23:59:55.000Z"], "wnes_geometry": {"westBoundingCoordinate": -83.074, "eastBoundingCoordinate": -83.071, "northBoundingCoordinate": 35.588, "southBoundingCoordinate": 35.584}, "sizeMB": 133.68, "format": "Not provided"}, "iphex_mrr_20140603_abt_raw.txt": {"temporal": ["2014-06-02T23:59:51.000Z", "2014-06-03T23:59:50.000Z"], "wnes_geometry": {"westBoundingCoordinate": -82.667, "eastBoundingCoordinate": -82.664, "northBoundingCoordinate": 35.807, "southBoundingCoordinate": 35.804}, "sizeMB": 117.44, "format": "Not provided"}, "iphex_mrr_20140603_mr_raw.txt": {"temporal": ["2014-06-02T23:59:58.000Z", "2014-06-03T23:59:52.000Z"], "wnes_geometry": {"westBoundingCoordinate": -82.585, "eastBoundingCoordinate": -82.581, "northBoundingCoordinate": 35.889, "southBoundingCoordinate": 35.886}, "sizeMB": 167.79, "format": "Not provided"}, "iphex_mrr_20140603_mr_ave.txt": {"temporal": ["2014-06-03T00:00:00.000Z", "2014-06-03T23:59:00.000Z"], "wnes_geometry": {"westBoundingCoordinate": -82.585, "eastBoundingCoordinate": -82.581, "northBoundingCoordinate": 35.889, "southBoundingCoordinate": 35.886}, "sizeMB": 64.11, "format": "Not provided"}, "iphex_mrr_20140603_abt_ave.txt": {"temporal": ["2014-06-03T00:00:01.000Z", "2014-06-03T23:59:02.000Z"], "wnes_geometry": {"westBoundingCoordinate": -82.667, "eastBoundingCoordinate": -82.664, "northBoundingCoordinate": 35.807, "southBoundingCoordinate": 35.804}, "sizeMB": 49.96, "format": "Not provided"}, "iphex_mrr_20140603_pk_raw.txt": {"temporal": ["2014-06-03T00:00:05.000Z", "2014-06-03T04:33:23.000Z"], "wnes_geometry": {"westBoundingCoordinate": -83.074, "eastBoundingCoordinate": -83.071, "northBoundingCoordinate": 35.588, "southBoundingCoordinate": 35.584}, "sizeMB": 31.89, "format": "Not provided"}, "iphex_mrr_20140604_mr_raw.txt": {"temporal": ["2014-06-03T23:59:59.000Z", "2014-06-04T23:58:35.000Z"], "wnes_geometry": {"westBoundingCoordinate": -82.585, "eastBoundingCoordinate": -82.581, "northBoundingCoordinate": 35.889, "southBoundingCoordinate": 35.886}, "sizeMB": 142.96, "format": "Not provided"}, "iphex_mrr_20140604_mr_ave.txt": {"temporal": ["2014-06-04T00:00:00.000Z", "2014-06-04T23:59:01.000Z"], "wnes_geometry": {"westBoundingCoordinate": -82.585, "eastBoundingCoordinate": -82.581, "northBoundingCoordinate": 35.889, "southBoundingCoordinate": 35.886}, "sizeMB": 60.33, "format": "Not provided"}, "iphex_mrr_20140604_abt_raw.txt": {"temporal": ["2014-06-04T00:00:00.000Z", "2014-06-04T23:59:45.000Z"], "wnes_geometry": {"westBoundingCoordinate": -82.667, "eastBoundingCoordinate": -82.664, "northBoundingCoordinate": 35.807, "southBoundingCoordinate": 35.804}, "sizeMB": 168.27, "format": "Not provided"}, "iphex_mrr_20140604_pk_raw.txt": {"temporal": ["2014-06-04T00:00:01.000Z", "2014-06-04T07:55:01.000Z"], "wnes_geometry": {"westBoundingCoordinate": -83.074, "eastBoundingCoordinate": -83.071, "northBoundingCoordinate": 35.588, "southBoundingCoordinate": 35.584}, "sizeMB": 55.43, "format": "Not provided"}, "iphex_mrr_20140604_abt_ave.txt": {"temporal": ["2014-06-04T00:00:01.000Z", "2014-06-04T23:59:02.000Z"], "wnes_geometry": {"westBoundingCoordinate": -82.667, "eastBoundingCoordinate": -82.664, "northBoundingCoordinate": 35.807, "southBoundingCoordinate": 35.804}, "sizeMB": 64.12, "format": "Not provided"}, "iphex_mrr_20140605_pk_raw.txt": {"temporal": ["2014-06-04T23:59:53.000Z", "2014-06-05T23:59:47.000Z"], "wnes_geometry": {"westBoundingCoordinate": -83.074, "eastBoundingCoordinate": -83.071, "northBoundingCoordinate": 35.588, "southBoundingCoordinate": 35.584}, "sizeMB": 165.22, "format": "Not provided"}, "iphex_mrr_20140605_abt_raw.txt": {"temporal": ["2014-06-04T23:59:54.000Z", "2014-06-05T23:59:52.000Z"], "wnes_geometry": {"westBoundingCoordinate": -82.667, "eastBoundingCoordinate": -82.664, "northBoundingCoordinate": 35.807, "southBoundingCoordinate": 35.804}, "sizeMB": 166.54, "format": "Not provided"}, "iphex_mrr_20140605_abt_ave.txt": {"temporal": ["2014-06-05T00:00:02.000Z", "2014-06-05T23:59:02.000Z"], "wnes_geometry": {"westBoundingCoordinate": -82.667, "eastBoundingCoordinate": -82.664, "northBoundingCoordinate": 35.807, "southBoundingCoordinate": 35.804}, "sizeMB": 63.54, "format": "Not provided"}, "iphex_mrr_20140605_mr_raw.txt": {"temporal": ["2014-06-05T00:00:33.000Z", "2014-06-05T23:59:54.000Z"], "wnes_geometry": {"westBoundingCoordinate": -82.585, "eastBoundingCoordinate": -82.581, "northBoundingCoordinate": 35.889, "southBoundingCoordinate": 35.886}, "sizeMB": 168.05, "format": "Not provided"}, "iphex_mrr_20140605_mr_ave.txt": {"temporal": ["2014-06-05T00:01:01.000Z", "2014-06-05T23:59:00.000Z"], "wnes_geometry": {"westBoundingCoordinate": -82.585, "eastBoundingCoordinate": -82.581, "northBoundingCoordinate": 35.889, "southBoundingCoordinate": 35.886}, "sizeMB": 64.07, "format": "Not provided"}, "iphex_mrr_20140606_pk_raw.txt": {"temporal": ["2014-06-05T23:59:57.000Z", "2014-06-06T23:59:56.000Z"], "wnes_geometry": {"westBoundingCoordinate": -83.074, "eastBoundingCoordinate": -83.071, "northBoundingCoordinate": 35.588, "southBoundingCoordinate": 35.584}, "sizeMB": 166.57, "format": "Not provided"}, "iphex_mrr_20140606_mr_ave.txt": {"temporal": ["2014-06-06T00:00:00.000Z", "2014-06-06T23:59:00.000Z"], "wnes_geometry": {"westBoundingCoordinate": -82.585, "eastBoundingCoordinate": -82.581, "northBoundingCoordinate": 35.889, "southBoundingCoordinate": 35.886}, "sizeMB": 64.11, "format": "Not provided"}, "iphex_mrr_20140606_abt_ave.txt": {"temporal": ["2014-06-06T00:00:01.000Z", "2014-06-06T23:59:02.000Z"], "wnes_geometry": {"westBoundingCoordinate": -82.667, "eastBoundingCoordinate": -82.664, "northBoundingCoordinate": 35.807, "southBoundingCoordinate": 35.804}, "sizeMB": 63.54, "format": "Not provided"}, "iphex_mrr_20140606_abt_raw.txt": {"temporal": ["2014-06-06T00:00:02.000Z", "2014-06-06T23:59:43.000Z"], "wnes_geometry": {"westBoundingCoordinate": -82.667, "eastBoundingCoordinate": -82.664, "northBoundingCoordinate": 35.807, "southBoundingCoordinate": 35.804}, "sizeMB": 166.64, "format": "Not provided"}, "iphex_mrr_20140606_mr_raw.txt": {"temporal": ["2014-06-06T00:00:04.000Z", "2014-06-06T23:59:54.000Z"], "wnes_geometry": {"westBoundingCoordinate": -82.585, "eastBoundingCoordinate": -82.581, "northBoundingCoordinate": 35.889, "southBoundingCoordinate": 35.886}, "sizeMB": 168.09, "format": "Not provided"}, "iphex_mrr_20140607_abt_raw.txt": {"temporal": ["2014-06-06T23:59:53.000Z", "2014-06-07T23:59:49.000Z"], "wnes_geometry": {"westBoundingCoordinate": -82.667, "eastBoundingCoordinate": -82.664, "northBoundingCoordinate": 35.807, "southBoundingCoordinate": 35.804}, "sizeMB": 167.86, "format": "Not provided"}, "iphex_mrr_20140607_mr_ave.txt": {"temporal": ["2014-06-07T00:00:00.000Z", "2014-06-07T23:59:00.000Z"], "wnes_geometry": {"westBoundingCoordinate": -82.585, "eastBoundingCoordinate": -82.581, "northBoundingCoordinate": 35.889, "southBoundingCoordinate": 35.886}, "sizeMB": 64.11, "format": "Not provided"}, "iphex_mrr_20140607_abt_ave.txt": {"temporal": ["2014-06-07T00:00:02.000Z", "2014-06-07T23:59:01.000Z"], "wnes_geometry": {"westBoundingCoordinate": -82.667, "eastBoundingCoordinate": -82.664, "northBoundingCoordinate": 35.807, "southBoundingCoordinate": 35.804}, "sizeMB": 64.03, "format": "Not provided"}, "iphex_mrr_20140607_mr_raw.txt": {"temporal": ["2014-06-07T00:00:04.000Z", "2014-06-07T23:59:49.000Z"], "wnes_geometry": {"westBoundingCoordinate": -82.585, "eastBoundingCoordinate": -82.581, "northBoundingCoordinate": 35.889, "southBoundingCoordinate": 35.886}, "sizeMB": 168.12, "format": "Not provided"}, "iphex_mrr_20140607_pk_raw.txt": {"temporal": ["2014-06-07T00:00:05.000Z", "2014-06-07T23:59:43.000Z"], "wnes_geometry": {"westBoundingCoordinate": -83.074, "eastBoundingCoordinate": -83.071, "northBoundingCoordinate": 35.588, "southBoundingCoordinate": 35.584}, "sizeMB": 167.67, "format": "Not provided"}, "iphex_mrr_20140608_pk_raw.txt": {"temporal": ["2014-06-07T23:59:53.000Z", "2014-06-08T23:59:42.000Z"], "wnes_geometry": {"westBoundingCoordinate": -83.074, "eastBoundingCoordinate": -83.071, "northBoundingCoordinate": 35.588, "southBoundingCoordinate": 35.584}, "sizeMB": 167.81, "format": "Not provided"}, "iphex_mrr_20140608_abt_raw.txt": {"temporal": ["2014-06-07T23:59:59.000Z", "2014-06-08T23:59:45.000Z"], "wnes_geometry": {"westBoundingCoordinate": -82.667, "eastBoundingCoordinate": -82.664, "northBoundingCoordinate": 35.807, "southBoundingCoordinate": 35.804}, "sizeMB": 167.63, "format": "Not provided"}, "iphex_mrr_20140608_mr_raw.txt": {"temporal": ["2014-06-07T23:59:59.000Z", "2014-06-08T23:59:54.000Z"], "wnes_geometry": {"westBoundingCoordinate": -82.585, "eastBoundingCoordinate": -82.581, "northBoundingCoordinate": 35.889, "southBoundingCoordinate": 35.886}, "sizeMB": 167.91, "format": "Not provided"}, "iphex_mrr_20140608_mr_ave.txt": {"temporal": ["2014-06-08T00:00:00.000Z", "2014-06-08T23:59:00.000Z"], "wnes_geometry": {"westBoundingCoordinate": -82.585, "eastBoundingCoordinate": -82.581, "northBoundingCoordinate": 35.889, "southBoundingCoordinate": 35.886}, "sizeMB": 64.03, "format": "Not provided"}, "iphex_mrr_20140608_abt_ave.txt": {"temporal": ["2014-06-08T00:00:02.000Z", "2014-06-08T23:59:02.000Z"], "wnes_geometry": {"westBoundingCoordinate": -82.667, "eastBoundingCoordinate": -82.664, "northBoundingCoordinate": 35.807, "southBoundingCoordinate": 35.804}, "sizeMB": 63.94, "format": "Not provided"}, "iphex_mrr_20140609_pk_raw.txt": {"temporal": ["2014-06-08T23:59:52.000Z", "2014-06-09T23:59:54.000Z"], "wnes_geometry": {"westBoundingCoordinate": -83.074, "eastBoundingCoordinate": -83.071, "northBoundingCoordinate": 35.588, "southBoundingCoordinate": 35.584}, "sizeMB": 166.69, "format": "Not provided"}, "iphex_mrr_20140609_abt_raw.txt": {"temporal": ["2014-06-08T23:59:55.000Z", "2014-06-09T23:59:48.000Z"], "wnes_geometry": {"westBoundingCoordinate": -82.667, "eastBoundingCoordinate": -82.664, "northBoundingCoordinate": 35.807, "southBoundingCoordinate": 35.804}, "sizeMB": 167.57, "format": "Not provided"}, "iphex_mrr_20140609_mr_ave.txt": {"temporal": ["2014-06-09T00:00:00.000Z", "2014-06-09T23:59:00.000Z"], "wnes_geometry": {"westBoundingCoordinate": -82.585, "eastBoundingCoordinate": -82.581, "northBoundingCoordinate": 35.889, "southBoundingCoordinate": 35.886}, "sizeMB": 64.11, "format": "Not provided"}, "iphex_mrr_20140609_abt_ave.txt": {"temporal": ["2014-06-09T00:00:02.000Z", "2014-06-09T23:59:02.000Z"], "wnes_geometry": {"westBoundingCoordinate": -82.667, "eastBoundingCoordinate": -82.664, "northBoundingCoordinate": 35.807, "southBoundingCoordinate": 35.804}, "sizeMB": 63.89, "format": "Not provided"}, "iphex_mrr_20140609_mr_raw.txt": {"temporal": ["2014-06-09T00:00:04.000Z", "2014-06-09T23:59:53.000Z"], "wnes_geometry": {"westBoundingCoordinate": -82.585, "eastBoundingCoordinate": -82.581, "northBoundingCoordinate": 35.889, "southBoundingCoordinate": 35.886}, "sizeMB": 168.14, "format": "Not provided"}, "iphex_mrr_20140610_abt_raw.txt": {"temporal": ["2014-06-09T23:59:58.000Z", "2014-06-10T23:59:54.000Z"], "wnes_geometry": {"westBoundingCoordinate": -82.667, "eastBoundingCoordinate": -82.664, "northBoundingCoordinate": 35.807, "southBoundingCoordinate": 35.804}, "sizeMB": 167.56, "format": "Not provided"}, "iphex_mrr_20140610_mr_ave.txt": {"temporal": ["2014-06-10T00:00:00.000Z", "2014-06-10T23:59:00.000Z"], "wnes_geometry": {"westBoundingCoordinate": -82.585, "eastBoundingCoordinate": -82.581, "northBoundingCoordinate": 35.889, "southBoundingCoordinate": 35.886}, "sizeMB": 64.11, "format": "Not provided"}, "iphex_mrr_20140610_abt_ave.txt": {"temporal": ["2014-06-10T00:00:02.000Z", "2014-06-10T23:59:01.000Z"], "wnes_geometry": {"westBoundingCoordinate": -82.667, "eastBoundingCoordinate": -82.664, "northBoundingCoordinate": 35.807, "southBoundingCoordinate": 35.804}, "sizeMB": 63.94, "format": "Not provided"}, "iphex_mrr_20140610_mr_raw.txt": {"temporal": ["2014-06-10T00:00:03.000Z", "2014-06-10T23:59:47.000Z"], "wnes_geometry": {"westBoundingCoordinate": -82.585, "eastBoundingCoordinate": -82.581, "northBoundingCoordinate": 35.889, "southBoundingCoordinate": 35.886}, "sizeMB": 168.16, "format": "Not provided"}, "iphex_mrr_20140610_pk_raw.txt": {"temporal": ["2014-06-10T00:00:04.000Z", "2014-06-10T23:59:56.000Z"], "wnes_geometry": {"westBoundingCoordinate": -83.074, "eastBoundingCoordinate": -83.071, "northBoundingCoordinate": 35.588, "southBoundingCoordinate": 35.584}, "sizeMB": 160.98, "format": "Not provided"}, "iphex_mrr_20140611_mr_raw.txt": {"temporal": ["2014-06-10T23:59:57.000Z", "2014-06-11T23:59:47.000Z"], "wnes_geometry": {"westBoundingCoordinate": -82.585, "eastBoundingCoordinate": -82.581, "northBoundingCoordinate": 35.889, "southBoundingCoordinate": 35.886}, "sizeMB": 100.83, "format": "Not provided"}, "iphex_mrr_20140611_abt_ave.txt": {"temporal": ["2014-06-11T00:00:00.000Z", "2014-06-11T23:59:01.000Z"], "wnes_geometry": {"westBoundingCoordinate": -82.667, "eastBoundingCoordinate": -82.664, "northBoundingCoordinate": 35.807, "southBoundingCoordinate": 35.804}, "sizeMB": 63.76, "format": "Not provided"}, "iphex_mrr_20140611_mr_ave.txt": {"temporal": ["2014-06-11T00:00:00.000Z", "2014-06-11T23:59:00.000Z"], "wnes_geometry": {"westBoundingCoordinate": -82.585, "eastBoundingCoordinate": -82.581, "northBoundingCoordinate": 35.889, "southBoundingCoordinate": 35.886}, "sizeMB": 38.56, "format": "Not provided"}, "iphex_mrr_20140611_abt_raw.txt": {"temporal": ["2014-06-11T00:00:04.000Z", "2014-06-11T23:59:51.000Z"], "wnes_geometry": {"westBoundingCoordinate": -82.667, "eastBoundingCoordinate": -82.664, "northBoundingCoordinate": 35.807, "southBoundingCoordinate": 35.804}, "sizeMB": 167.11, "format": "Not provided"}, "iphex_mrr_20140611_pk_raw.txt": {"temporal": ["2014-06-11T00:00:06.000Z", "2014-06-11T23:59:48.000Z"], "wnes_geometry": {"westBoundingCoordinate": -83.074, "eastBoundingCoordinate": -83.071, "northBoundingCoordinate": 35.588, "southBoundingCoordinate": 35.584}, "sizeMB": 148.37, "format": "Not provided"}, "iphex_mrr_20140612_mr_raw.txt": {"temporal": ["2014-06-11T23:59:57.000Z", "2014-06-12T23:59:55.000Z"], "wnes_geometry": {"westBoundingCoordinate": -82.585, "eastBoundingCoordinate": -82.581, "northBoundingCoordinate": 35.889, "southBoundingCoordinate": 35.886}, "sizeMB": 168.12, "format": "Not provided"}, "iphex_mrr_20140612_pk_raw.txt": {"temporal": ["2014-06-11T23:59:59.000Z", "2014-06-12T23:59:40.000Z"], "wnes_geometry": {"westBoundingCoordinate": -83.074, "eastBoundingCoordinate": -83.071, "northBoundingCoordinate": 35.588, "southBoundingCoordinate": 35.584}, "sizeMB": 167.98, "format": "Not provided"}, "iphex_mrr_20140612_abt_ave.txt": {"temporal": ["2014-06-12T00:00:00.000Z", "2014-06-12T23:59:01.000Z"], "wnes_geometry": {"westBoundingCoordinate": -82.667, "eastBoundingCoordinate": -82.664, "northBoundingCoordinate": 35.807, "southBoundingCoordinate": 35.804}, "sizeMB": 62.78, "format": "Not provided"}, "iphex_mrr_20140612_mr_ave.txt": {"temporal": ["2014-06-12T00:00:00.000Z", "2014-06-12T23:59:00.000Z"], "wnes_geometry": {"westBoundingCoordinate": -82.585, "eastBoundingCoordinate": -82.581, "northBoundingCoordinate": 35.889, "southBoundingCoordinate": 35.886}, "sizeMB": 64.11, "format": "Not provided"}, "iphex_mrr_20140612_abt_raw.txt": {"temporal": ["2014-06-12T00:00:01.000Z", "2014-06-12T23:59:48.000Z"], "wnes_geometry": {"westBoundingCoordinate": -82.667, "eastBoundingCoordinate": -82.664, "northBoundingCoordinate": 35.807, "southBoundingCoordinate": 35.804}, "sizeMB": 163.7, "format": "Not provided"}, "iphex_mrr_20140613_pk_raw.txt": {"temporal": ["2014-06-12T23:59:50.000Z", "2014-06-13T23:59:50.000Z"], "wnes_geometry": {"westBoundingCoordinate": -83.074, "eastBoundingCoordinate": -83.071, "northBoundingCoordinate": 35.588, "southBoundingCoordinate": 35.584}, "sizeMB": 167.22, "format": "Not provided"}, "iphex_mrr_20140613_abt_raw.txt": {"temporal": ["2014-06-12T23:59:58.000Z", "2014-06-13T23:59:55.000Z"], "wnes_geometry": {"westBoundingCoordinate": -82.667, "eastBoundingCoordinate": -82.664, "northBoundingCoordinate": 35.807, "southBoundingCoordinate": 35.804}, "sizeMB": 165.29, "format": "Not provided"}, "iphex_mrr_20140613_abt_ave.txt": {"temporal": ["2014-06-13T00:00:00.000Z", "2014-06-13T23:59:00.000Z"], "wnes_geometry": {"westBoundingCoordinate": -82.667, "eastBoundingCoordinate": -82.664, "northBoundingCoordinate": 35.807, "southBoundingCoordinate": 35.804}, "sizeMB": 63.36, "format": "Not provided"}, "iphex_mrr_20140613_mr_ave.txt": {"temporal": ["2014-06-13T00:00:00.000Z", "2014-06-13T23:59:00.000Z"], "wnes_geometry": {"westBoundingCoordinate": -82.585, "eastBoundingCoordinate": -82.581, "northBoundingCoordinate": 35.889, "southBoundingCoordinate": 35.886}, "sizeMB": 64.11, "format": "Not provided"}, "iphex_mrr_20140613_mr_raw.txt": {"temporal": ["2014-06-13T00:00:05.000Z", "2014-06-13T23:59:53.000Z"], "wnes_geometry": {"westBoundingCoordinate": -82.585, "eastBoundingCoordinate": -82.581, "northBoundingCoordinate": 35.889, "southBoundingCoordinate": 35.886}, "sizeMB": 168.14, "format": "Not provided"}, "iphex_mrr_20140614_mr_ave.txt": {"temporal": ["2014-06-14T00:00:00.000Z", "2014-06-14T23:59:00.000Z"], "wnes_geometry": {"westBoundingCoordinate": -82.585, "eastBoundingCoordinate": -82.581, "northBoundingCoordinate": 35.889, "southBoundingCoordinate": 35.886}, "sizeMB": 64.11, "format": "Not provided"}, "iphex_mrr_20140614_pk_raw.txt": {"temporal": ["2014-06-14T00:00:00.000Z", "2014-06-14T23:59:49.000Z"], "wnes_geometry": {"westBoundingCoordinate": -83.074, "eastBoundingCoordinate": -83.071, "northBoundingCoordinate": 35.588, "southBoundingCoordinate": 35.584}, "sizeMB": 167.19, "format": "Not provided"}, "iphex_mrr_20140614_abt_ave.txt": {"temporal": ["2014-06-14T00:00:00.000Z", "2014-06-14T23:59:00.000Z"], "wnes_geometry": {"westBoundingCoordinate": -82.667, "eastBoundingCoordinate": -82.664, "northBoundingCoordinate": 35.807, "southBoundingCoordinate": 35.804}, "sizeMB": 63.89, "format": "Not provided"}, "iphex_mrr_20140614_mr_raw.txt": {"temporal": ["2014-06-14T00:00:03.000Z", "2014-06-14T23:59:46.000Z"], "wnes_geometry": {"westBoundingCoordinate": -82.585, "eastBoundingCoordinate": -82.581, "northBoundingCoordinate": 35.889, "southBoundingCoordinate": 35.886}, "sizeMB": 168.16, "format": "Not provided"}, "iphex_mrr_20140614_abt_raw.txt": {"temporal": ["2014-06-14T00:00:04.000Z", "2014-06-14T23:59:42.000Z"], "wnes_geometry": {"westBoundingCoordinate": -82.667, "eastBoundingCoordinate": -82.664, "northBoundingCoordinate": 35.807, "southBoundingCoordinate": 35.804}, "sizeMB": 166.85, "format": "Not provided"}, "iphex_mrr_20140615_abt_raw.txt": {"temporal": ["2014-06-14T23:59:52.000Z", "2014-06-15T23:59:48.000Z"], "wnes_geometry": {"westBoundingCoordinate": -82.667, "eastBoundingCoordinate": -82.664, "northBoundingCoordinate": 35.807, "southBoundingCoordinate": 35.804}, "sizeMB": 167.52, "format": "Not provided"}, "iphex_mrr_20140615_mr_raw.txt": {"temporal": ["2014-06-14T23:59:56.000Z", "2014-06-15T23:59:52.000Z"], "wnes_geometry": {"westBoundingCoordinate": -82.585, "eastBoundingCoordinate": -82.581, "northBoundingCoordinate": 35.889, "southBoundingCoordinate": 35.886}, "sizeMB": 168.12, "format": "Not provided"}, "iphex_mrr_20140615_pk_raw.txt": {"temporal": ["2014-06-14T23:59:59.000Z", "2014-06-15T23:59:55.000Z"], "wnes_geometry": {"westBoundingCoordinate": -83.074, "eastBoundingCoordinate": -83.071, "northBoundingCoordinate": 35.588, "southBoundingCoordinate": 35.584}, "sizeMB": 164.02, "format": "Not provided"}, "iphex_mrr_20140615_mr_ave.txt": {"temporal": ["2014-06-15T00:00:00.000Z", "2014-06-15T23:59:00.000Z"], "wnes_geometry": {"westBoundingCoordinate": -82.585, "eastBoundingCoordinate": -82.581, "northBoundingCoordinate": 35.889, "southBoundingCoordinate": 35.886}, "sizeMB": 64.11, "format": "Not provided"}, "iphex_mrr_20140615_abt_ave.txt": {"temporal": ["2014-06-15T00:00:00.000Z", "2014-06-15T23:59:00.000Z"], "wnes_geometry": {"westBoundingCoordinate": -82.667, "eastBoundingCoordinate": -82.664, "northBoundingCoordinate": 35.807, "southBoundingCoordinate": 35.804}, "sizeMB": 63.89, "format": "Not provided"}}