{"npol_iphex_2014_0427.tar": {"temporal": ["2014-04-27T18:49:46.000Z", "2014-04-27T20:04:26.000Z"], "wnes_geometry": {"westBoundingCoordinate": -81.963, "eastBoundingCoordinate": -81.963, "northBoundingCoordinate": 35.196, "southBoundingCoordinate": 35.196}, "sizeMB": 3.72, "format": "Not Provided"}, "npol_iphex_2014_0428.tar": {"temporal": ["2014-04-28T15:49:56.000Z", "2014-04-28T21:01:37.000Z"], "wnes_geometry": {"westBoundingCoordinate": -81.963, "eastBoundingCoordinate": -81.963, "northBoundingCoordinate": 35.196, "southBoundingCoordinate": 35.196}, "sizeMB": 99.75, "format": "Not Provided"}, "npol_iphex_2014_0429.tar": {"temporal": ["2014-04-29T12:32:43.000Z", "2014-04-29T21:31:27.000Z"], "wnes_geometry": {"westBoundingCoordinate": -81.963, "eastBoundingCoordinate": -81.963, "northBoundingCoordinate": 35.196, "southBoundingCoordinate": 35.196}, "sizeMB": 168.72, "format": "Not Provided"}, "npol_iphex_2014_0430.tar": {"temporal": ["2014-04-30T11:30:06.000Z", "2014-04-30T21:59:35.000Z"], "wnes_geometry": {"westBoundingCoordinate": -81.963, "eastBoundingCoordinate": -81.963, "northBoundingCoordinate": 35.196, "southBoundingCoordinate": 35.196}, "sizeMB": 367.96, "format": "Not Provided"}, "npol_iphex_2014_0501.tar": {"temporal": ["2014-05-01T18:56:07.000Z", "2014-05-01T23:46:15.000Z"], "wnes_geometry": {"westBoundingCoordinate": -81.963, "eastBoundingCoordinate": -81.963, "northBoundingCoordinate": 35.196, "southBoundingCoordinate": 35.196}, "sizeMB": 1.65, "format": "Not Provided"}, "npol_iphex_2014_0502.tar": {"temporal": ["2014-05-02T00:00:03.000Z", "2014-05-02T21:30:30.000Z"], "wnes_geometry": {"westBoundingCoordinate": -81.963, "eastBoundingCoordinate": -81.963, "northBoundingCoordinate": 35.196, "southBoundingCoordinate": 35.196}, "sizeMB": 278.18, "format": "Not Provided"}, "npol_iphex_2014_0503.tar": {"temporal": ["2014-05-03T00:02:09.000Z", "2014-05-03T15:41:16.000Z"], "wnes_geometry": {"westBoundingCoordinate": -81.963, "eastBoundingCoordinate": -81.963, "northBoundingCoordinate": 35.196, "southBoundingCoordinate": 35.196}, "sizeMB": 5.67, "format": "Not Provided"}, "npol_iphex_2014_0505.tar": {"temporal": ["2014-05-05T13:56:59.000Z", "2014-05-05T23:46:16.000Z"], "wnes_geometry": {"westBoundingCoordinate": -81.963, "eastBoundingCoordinate": -81.963, "northBoundingCoordinate": 35.196, "southBoundingCoordinate": 35.196}, "sizeMB": 1.68, "format": "Not Provided"}, "npol_iphex_2014_0506.tar": {"temporal": ["2014-05-06T00:00:04.000Z", "2014-05-06T23:51:16.000Z"], "wnes_geometry": {"westBoundingCoordinate": -81.963, "eastBoundingCoordinate": -81.963, "northBoundingCoordinate": 35.196, "southBoundingCoordinate": 35.196}, "sizeMB": 10.48, "format": "Not Provided"}, "npol_iphex_2014_0507.tar": {"temporal": ["2014-05-07T00:00:03.000Z", "2014-05-07T23:51:15.000Z"], "wnes_geometry": {"westBoundingCoordinate": -81.963, "eastBoundingCoordinate": -81.963, "northBoundingCoordinate": 35.196, "southBoundingCoordinate": 35.196}, "sizeMB": 15.11, "format": "Not Provided"}, "npol_iphex_2014_0508.tar": {"temporal": ["2014-05-08T00:00:03.000Z", "2014-05-08T23:51:15.000Z"], "wnes_geometry": {"westBoundingCoordinate": -81.963, "eastBoundingCoordinate": -81.963, "northBoundingCoordinate": 35.196, "southBoundingCoordinate": 35.196}, "sizeMB": 12.94, "format": "Not Provided"}, "npol_iphex_2014_0509.tar": {"temporal": ["2014-05-09T00:00:04.000Z", "2014-05-09T23:59:48.000Z"], "wnes_geometry": {"westBoundingCoordinate": -81.963, "eastBoundingCoordinate": -81.963, "northBoundingCoordinate": 35.196, "southBoundingCoordinate": 35.196}, "sizeMB": 672.26, "format": "Not Provided"}, "npol_iphex_2014_0510.tar": {"temporal": ["2014-05-10T00:02:43.000Z", "2014-05-10T23:58:15.000Z"], "wnes_geometry": {"westBoundingCoordinate": -81.963, "eastBoundingCoordinate": -81.963, "northBoundingCoordinate": 35.196, "southBoundingCoordinate": 35.196}, "sizeMB": 1400.62, "format": "Not Provided"}, "npol_iphex_2014_0511.tar": {"temporal": ["2014-05-11T00:00:04.000Z", "2014-05-11T23:57:15.000Z"], "wnes_geometry": {"westBoundingCoordinate": -81.963, "eastBoundingCoordinate": -81.963, "northBoundingCoordinate": 35.196, "southBoundingCoordinate": 35.196}, "sizeMB": 92.72, "format": "Not Provided"}, "npol_iphex_2014_0512.tar": {"temporal": ["2014-05-12T00:00:04.000Z", "2014-05-12T23:59:54.000Z"], "wnes_geometry": {"westBoundingCoordinate": -81.963, "eastBoundingCoordinate": -81.963, "northBoundingCoordinate": 35.196, "southBoundingCoordinate": 35.196}, "sizeMB": 156.57, "format": "Not Provided"}, "npol_iphex_2014_0513.tar": {"temporal": ["2014-05-13T00:00:05.000Z", "2014-05-14T00:00:21.000Z"], "wnes_geometry": {"westBoundingCoordinate": -81.963, "eastBoundingCoordinate": -81.963, "northBoundingCoordinate": 35.196, "southBoundingCoordinate": 35.196}, "sizeMB": 265.29, "format": "Not Provided"}, "npol_iphex_2014_0514.tar": {"temporal": ["2014-05-14T00:00:29.000Z", "2014-05-14T23:57:16.000Z"], "wnes_geometry": {"westBoundingCoordinate": -81.963, "eastBoundingCoordinate": -81.963, "northBoundingCoordinate": 35.196, "southBoundingCoordinate": 35.196}, "sizeMB": 62.8, "format": "Not Provided"}, "npol_iphex_2014_0515.tar": {"temporal": ["2014-05-15T00:00:04.000Z", "2014-05-16T00:01:13.000Z"], "wnes_geometry": {"westBoundingCoordinate": -81.963, "eastBoundingCoordinate": -81.963, "northBoundingCoordinate": 35.196, "southBoundingCoordinate": 35.196}, "sizeMB": 4958.44, "format": "Not Provided"}, "npol_iphex_2014_0516.tar": {"temporal": ["2014-05-16T00:01:19.000Z", "2014-05-16T23:58:16.000Z"], "wnes_geometry": {"westBoundingCoordinate": -81.963, "eastBoundingCoordinate": -81.963, "northBoundingCoordinate": 35.196, "southBoundingCoordinate": 35.196}, "sizeMB": 291.25, "format": "Not Provided"}, "npol_iphex_2014_0517.tar": {"temporal": ["2014-05-17T00:00:03.000Z", "2014-05-17T23:57:15.000Z"], "wnes_geometry": {"westBoundingCoordinate": -81.963, "eastBoundingCoordinate": -81.963, "northBoundingCoordinate": 35.196, "southBoundingCoordinate": 35.196}, "sizeMB": 329.94, "format": "Not Provided"}, "npol_iphex_2014_0518.tar": {"temporal": ["2014-05-18T00:00:03.000Z", "2014-05-19T00:01:05.000Z"], "wnes_geometry": {"westBoundingCoordinate": -81.963, "eastBoundingCoordinate": -81.963, "northBoundingCoordinate": 35.196, "southBoundingCoordinate": 35.196}, "sizeMB": 2387.16, "format": "Not Provided"}, "npol_iphex_2014_0519.tar": {"temporal": ["2014-05-19T00:01:10.000Z", "2014-05-19T23:51:17.000Z"], "wnes_geometry": {"westBoundingCoordinate": -81.963, "eastBoundingCoordinate": -81.963, "northBoundingCoordinate": 35.196, "southBoundingCoordinate": 35.196}, "sizeMB": 26.33, "format": "Not Provided"}, "npol_iphex_2014_0520.tar": {"temporal": ["2014-05-20T00:00:03.000Z", "2014-05-20T23:57:16.000Z"], "wnes_geometry": {"westBoundingCoordinate": -81.963, "eastBoundingCoordinate": -81.963, "northBoundingCoordinate": 35.196, "southBoundingCoordinate": 35.196}, "sizeMB": 13.23, "format": "Not Provided"}, "npol_iphex_2014_0521.tar": {"temporal": ["2014-05-21T00:00:04.000Z", "2014-05-21T23:57:16.000Z"], "wnes_geometry": {"westBoundingCoordinate": -81.963, "eastBoundingCoordinate": -81.963, "northBoundingCoordinate": 35.196, "southBoundingCoordinate": 35.196}, "sizeMB": 36.84, "format": "Not Provided"}, "npol_iphex_2014_0522.tar": {"temporal": ["2014-05-22T00:00:03.000Z", "2014-05-23T00:00:43.000Z"], "wnes_geometry": {"westBoundingCoordinate": -81.963, "eastBoundingCoordinate": -81.963, "northBoundingCoordinate": 35.196, "southBoundingCoordinate": 35.196}, "sizeMB": 395.37, "format": "Not Provided"}, "npol_iphex_2014_0523.tar": {"temporal": ["2014-05-23T00:00:48.000Z", "2014-05-24T00:01:24.000Z"], "wnes_geometry": {"westBoundingCoordinate": -81.963, "eastBoundingCoordinate": -81.963, "northBoundingCoordinate": 35.196, "southBoundingCoordinate": 35.196}, "sizeMB": 718.27, "format": "Not Provided"}, "npol_iphex_2014_0524.tar": {"temporal": ["2014-05-24T00:01:29.000Z", "2014-05-25T00:00:36.000Z"], "wnes_geometry": {"westBoundingCoordinate": -81.963, "eastBoundingCoordinate": -81.963, "northBoundingCoordinate": 35.196, "southBoundingCoordinate": 35.196}, "sizeMB": 44.58, "format": "Not Provided"}, "npol_iphex_2014_0525.tar": {"temporal": ["2014-05-25T00:00:42.000Z", "2014-05-26T00:00:09.000Z"], "wnes_geometry": {"westBoundingCoordinate": -81.963, "eastBoundingCoordinate": -81.963, "northBoundingCoordinate": 35.196, "southBoundingCoordinate": 35.196}, "sizeMB": 745.69, "format": "Not Provided"}, "npol_iphex_2014_0526.tar": {"temporal": ["2014-05-26T00:00:14.000Z", "2014-05-26T23:58:51.000Z"], "wnes_geometry": {"westBoundingCoordinate": -81.963, "eastBoundingCoordinate": -81.963, "northBoundingCoordinate": 35.196, "southBoundingCoordinate": 35.196}, "sizeMB": 399.75, "format": "Not Provided"}, "npol_iphex_2014_0527.tar": {"temporal": ["2014-05-27T00:00:04.000Z", "2014-05-28T00:00:10.000Z"], "wnes_geometry": {"westBoundingCoordinate": -81.963, "eastBoundingCoordinate": -81.963, "northBoundingCoordinate": 35.196, "southBoundingCoordinate": 35.196}, "sizeMB": 579.14, "format": "Not Provided"}, "npol_iphex_2014_0528.tar": {"temporal": ["2014-05-28T00:00:14.000Z", "2014-05-28T23:58:51.000Z"], "wnes_geometry": {"westBoundingCoordinate": -81.963, "eastBoundingCoordinate": -81.963, "northBoundingCoordinate": 35.196, "southBoundingCoordinate": 35.196}, "sizeMB": 286.43, "format": "Not Provided"}, "npol_iphex_2014_0529.tar": {"temporal": ["2014-05-29T00:00:05.000Z", "2014-05-30T00:01:21.000Z"], "wnes_geometry": {"westBoundingCoordinate": -81.963, "eastBoundingCoordinate": -81.963, "northBoundingCoordinate": 35.196, "southBoundingCoordinate": 35.196}, "sizeMB": 823.77, "format": "Not Provided"}, "npol_iphex_2014_0530.tar": {"temporal": ["2014-05-30T00:01:29.000Z", "2014-05-30T23:59:31.000Z"], "wnes_geometry": {"westBoundingCoordinate": -81.963, "eastBoundingCoordinate": -81.963, "northBoundingCoordinate": 35.196, "southBoundingCoordinate": 35.196}, "sizeMB": 1502.6, "format": "Not Provided"}, "npol_iphex_2014_0531.tar": {"temporal": ["2014-05-31T00:00:04.000Z", "2014-05-31T23:57:15.000Z"], "wnes_geometry": {"westBoundingCoordinate": -81.963, "eastBoundingCoordinate": -81.963, "northBoundingCoordinate": 35.196, "southBoundingCoordinate": 35.196}, "sizeMB": 240.39, "format": "Not Provided"}, "npol_iphex_2014_0601.tar": {"temporal": ["2014-06-01T00:00:04.000Z", "2014-06-01T23:51:15.000Z"], "wnes_geometry": {"westBoundingCoordinate": -81.963, "eastBoundingCoordinate": -81.963, "northBoundingCoordinate": 35.196, "southBoundingCoordinate": 35.196}, "sizeMB": 36.83, "format": "Not Provided"}, "npol_iphex_2014_0602.tar": {"temporal": ["2014-06-02T00:00:04.000Z", "2014-06-02T23:51:16.000Z"], "wnes_geometry": {"westBoundingCoordinate": -81.963, "eastBoundingCoordinate": -81.963, "northBoundingCoordinate": 35.196, "southBoundingCoordinate": 35.196}, "sizeMB": 12.68, "format": "Not Provided"}, "npol_iphex_2014_0603.tar": {"temporal": ["2014-06-03T00:00:04.000Z", "2014-06-03T23:59:20.000Z"], "wnes_geometry": {"westBoundingCoordinate": -81.963, "eastBoundingCoordinate": -81.963, "northBoundingCoordinate": 35.196, "southBoundingCoordinate": 35.196}, "sizeMB": 87.44, "format": "Not Provided"}, "npol_iphex_2014_0604.tar": {"temporal": ["2014-06-04T00:00:05.000Z", "2014-06-04T23:59:20.000Z"], "wnes_geometry": {"westBoundingCoordinate": -81.963, "eastBoundingCoordinate": -81.963, "northBoundingCoordinate": 35.196, "southBoundingCoordinate": 35.196}, "sizeMB": 57.13, "format": "Not Provided"}, "npol_iphex_2014_0605.tar": {"temporal": ["2014-06-05T00:00:05.000Z", "2014-06-06T00:01:10.000Z"], "wnes_geometry": {"westBoundingCoordinate": -81.963, "eastBoundingCoordinate": -81.963, "northBoundingCoordinate": 35.196, "southBoundingCoordinate": 35.196}, "sizeMB": 530.66, "format": "Not Provided"}, "npol_iphex_2014_0606.tar": {"temporal": ["2014-06-06T00:01:17.000Z", "2014-06-06T23:59:23.000Z"], "wnes_geometry": {"westBoundingCoordinate": -81.963, "eastBoundingCoordinate": -81.963, "northBoundingCoordinate": 35.196, "southBoundingCoordinate": 35.196}, "sizeMB": 394.73, "format": "Not Provided"}, "npol_iphex_2014_0607.tar": {"temporal": ["2014-06-07T00:00:04.000Z", "2014-06-07T23:59:18.000Z"], "wnes_geometry": {"westBoundingCoordinate": -81.963, "eastBoundingCoordinate": -81.963, "northBoundingCoordinate": 35.196, "southBoundingCoordinate": 35.196}, "sizeMB": 506.83, "format": "Not Provided"}, "npol_iphex_2014_0608.tar": {"temporal": ["2014-06-08T00:00:05.000Z", "2014-06-08T23:58:46.000Z"], "wnes_geometry": {"westBoundingCoordinate": -81.963, "eastBoundingCoordinate": -81.963, "northBoundingCoordinate": 35.196, "southBoundingCoordinate": 35.196}, "sizeMB": 1198.15, "format": "Not Provided"}, "npol_iphex_2014_0609.tar": {"temporal": ["2014-06-09T00:00:05.000Z", "2014-06-09T23:59:21.000Z"], "wnes_geometry": {"westBoundingCoordinate": -81.963, "eastBoundingCoordinate": -81.963, "northBoundingCoordinate": 35.196, "southBoundingCoordinate": 35.196}, "sizeMB": 213.2, "format": "Not Provided"}, "npol_iphex_2014_0610.tar": {"temporal": ["2014-06-10T00:00:05.000Z", "2014-06-10T23:59:39.000Z"], "wnes_geometry": {"westBoundingCoordinate": -81.963, "eastBoundingCoordinate": -81.963, "northBoundingCoordinate": 35.196, "southBoundingCoordinate": 35.196}, "sizeMB": 144.16, "format": "Not Provided"}, "npol_iphex_2014_0611.tar": {"temporal": ["2014-06-11T00:00:05.000Z", "2014-06-11T23:57:17.000Z"], "wnes_geometry": {"westBoundingCoordinate": -81.963, "eastBoundingCoordinate": -81.963, "northBoundingCoordinate": 35.196, "southBoundingCoordinate": 35.196}, "sizeMB": 2039.26, "format": "Not Provided"}, "npol_iphex_2014_0612.tar": {"temporal": ["2014-06-12T00:00:04.000Z", "2014-06-13T00:00:56.000Z"], "wnes_geometry": {"westBoundingCoordinate": -81.963, "eastBoundingCoordinate": -81.963, "northBoundingCoordinate": 35.196, "southBoundingCoordinate": 35.196}, "sizeMB": 1402.1, "format": "Not Provided"}, "npol_iphex_2014_0613.tar": {"temporal": ["2014-06-13T00:01:10.000Z", "2014-06-13T23:59:16.000Z"], "wnes_geometry": {"westBoundingCoordinate": -81.963, "eastBoundingCoordinate": -81.963, "northBoundingCoordinate": 35.196, "southBoundingCoordinate": 35.196}, "sizeMB": 1207.67, "format": "Not Provided"}, "npol_iphex_2014_0614.tar": {"temporal": ["2014-06-14T00:00:04.000Z", "2014-06-15T00:00:45.000Z"], "wnes_geometry": {"westBoundingCoordinate": -81.963, "eastBoundingCoordinate": -81.963, "northBoundingCoordinate": 35.196, "southBoundingCoordinate": 35.196}, "sizeMB": 300.18, "format": "Not Provided"}, "npol_iphex_2014_0615.tar": {"temporal": ["2014-06-15T00:03:32.000Z", "2014-06-15T23:53:15.000Z"], "wnes_geometry": {"westBoundingCoordinate": -81.963, "eastBoundingCoordinate": -81.963, "northBoundingCoordinate": 35.196, "southBoundingCoordinate": 35.196}, "sizeMB": 44.99, "format": "Not Provided"}, "npol_iphex_2014_0616.tar": {"temporal": ["2014-06-16T00:01:19.000Z", "2014-06-16T11:29:16.000Z"], "wnes_geometry": {"westBoundingCoordinate": -81.963, "eastBoundingCoordinate": -81.963, "northBoundingCoordinate": 35.196, "southBoundingCoordinate": 35.196}, "sizeMB": 44.85, "format": "Not Provided"}}