{"nav_2014_03_06_17_45_37.iphex": {"temporal": ["2014-03-06T17:45:38.000Z", "2014-03-06T18:58:09.000Z"], "wnes_geometry": {"westBoundingCoordinate": -81, "eastBoundingCoordinate": -78, "northBoundingCoordinate": 46.5, "southBoundingCoordinate": 43.5}, "sizeMB": 2.73, "format": "Not provided"}, "nav_2014_04_16_16_33_26.iphex": {"temporal": ["2014-04-16T16:33:27.000Z", "2014-04-16T17:54:46.000Z"], "wnes_geometry": {"westBoundingCoordinate": -81, "eastBoundingCoordinate": -78, "northBoundingCoordinate": 46.5, "southBoundingCoordinate": 43.5}, "sizeMB": 3.06, "format": "Not provided"}, "nav_2014_04_22_20_46_40.iphex": {"temporal": ["2014-04-22T20:46:41.000Z", "2014-04-22T21:56:42.000Z"], "wnes_geometry": {"westBoundingCoordinate": -81, "eastBoundingCoordinate": -78, "northBoundingCoordinate": 46.5, "southBoundingCoordinate": 43.5}, "sizeMB": 2.63, "format": "Not provided"}, "nav_2014_04_29_15_21_03.iphex": {"temporal": ["2014-04-29T15:21:06.000Z", "2014-04-29T16:02:28.000Z"], "wnes_geometry": {"westBoundingCoordinate": -81, "eastBoundingCoordinate": -78, "northBoundingCoordinate": 46.5, "southBoundingCoordinate": 43.5}, "sizeMB": 1.56, "format": "Not provided"}, "nav_2014_05_09_18_43_16.iphex": {"temporal": ["2014-05-09T18:43:17.000Z", "2014-05-09T21:50:59.000Z"], "wnes_geometry": {"westBoundingCoordinate": -81, "eastBoundingCoordinate": -78, "northBoundingCoordinate": 46.5, "southBoundingCoordinate": 43.5}, "sizeMB": 7.05, "format": "Not provided"}, "nav_2014_05_10_15_38_13.iphex": {"temporal": ["2014-05-10T15:38:15.000Z", "2014-05-10T17:58:03.000Z"], "wnes_geometry": {"westBoundingCoordinate": -81, "eastBoundingCoordinate": -78, "northBoundingCoordinate": 46.5, "southBoundingCoordinate": 43.5}, "sizeMB": 5.25, "format": "Not provided"}, "nav_2014_05_12_09_08_18.iphex": {"temporal": ["2014-05-12T09:08:20.000Z", "2014-05-12T10:31:44.000Z"], "wnes_geometry": {"westBoundingCoordinate": -81, "eastBoundingCoordinate": -78, "northBoundingCoordinate": 46.5, "southBoundingCoordinate": 43.5}, "sizeMB": 3.14, "format": "Not provided"}, "nav_2014_05_12_12_07_16.iphex": {"temporal": ["2014-05-12T12:07:18.000Z", "2014-05-12T15:24:37.000Z"], "wnes_geometry": {"westBoundingCoordinate": -81, "eastBoundingCoordinate": -78, "northBoundingCoordinate": 46.5, "southBoundingCoordinate": 43.5}, "sizeMB": 7.41, "format": "Not provided"}, "nav_2014_05_12_17_45_18.iphex": {"temporal": ["2014-05-12T17:45:19.000Z", "2014-05-12T19:01:40.000Z"], "wnes_geometry": {"westBoundingCoordinate": -81, "eastBoundingCoordinate": -78, "northBoundingCoordinate": 46.5, "southBoundingCoordinate": 43.5}, "sizeMB": 2.87, "format": "Not provided"}, "nav_2014_05_15_12_58_40.iphex": {"temporal": ["2014-05-15T12:58:42.000Z", "2014-05-15T16:48:38.000Z"], "wnes_geometry": {"westBoundingCoordinate": -81, "eastBoundingCoordinate": -78, "northBoundingCoordinate": 46.5, "southBoundingCoordinate": 43.5}, "sizeMB": 8.63, "format": "Not provided"}, "nav_2014_05_16_10_14_27.iphex": {"temporal": ["2014-05-16T10:14:28.000Z", "2014-05-16T11:42:30.000Z"], "wnes_geometry": {"westBoundingCoordinate": -81, "eastBoundingCoordinate": -78, "northBoundingCoordinate": 46.5, "southBoundingCoordinate": 43.5}, "sizeMB": 3.31, "format": "Not provided"}, "nav_2014_05_16_12_37_36.iphex": {"temporal": ["2014-05-16T12:37:38.000Z", "2014-05-16T15:58:00.000Z"], "wnes_geometry": {"westBoundingCoordinate": -81, "eastBoundingCoordinate": -78, "northBoundingCoordinate": 46.5, "southBoundingCoordinate": 43.5}, "sizeMB": 7.52, "format": "Not provided"}, "nav_2014_05_16_17_00_32.iphex": {"temporal": ["2014-05-16T17:00:34.000Z", "2014-05-16T19:51:55.000Z"], "wnes_geometry": {"westBoundingCoordinate": -81, "eastBoundingCoordinate": -78, "northBoundingCoordinate": 46.5, "southBoundingCoordinate": 43.5}, "sizeMB": 6.43, "format": "Not provided"}, "nav_2014_05_18_10_55_51.iphex": {"temporal": ["2014-05-18T10:55:52.000Z", "2014-05-18T14:37:13.000Z"], "wnes_geometry": {"westBoundingCoordinate": -81, "eastBoundingCoordinate": -78, "northBoundingCoordinate": 46.5, "southBoundingCoordinate": 43.5}, "sizeMB": 8.31, "format": "Not provided"}, "nav_2014_05_19_06_07_13.iphex": {"temporal": ["2014-05-19T06:07:14.000Z", "2014-05-19T07:16:50.000Z"], "wnes_geometry": {"westBoundingCoordinate": -81, "eastBoundingCoordinate": -78, "northBoundingCoordinate": 46.5, "southBoundingCoordinate": 43.5}, "sizeMB": 2.62, "format": "Not provided"}, "nav_2014_05_19_09_01_04.iphex": {"temporal": ["2014-05-19T09:01:06.000Z", "2014-05-19T12:49:26.000Z"], "wnes_geometry": {"westBoundingCoordinate": -81, "eastBoundingCoordinate": -78, "northBoundingCoordinate": 46.5, "southBoundingCoordinate": 43.5}, "sizeMB": 8.57, "format": "Not provided"}, "nav_2014_05_19_15_27_23.iphex": {"temporal": ["2014-05-19T15:27:25.000Z", "2014-05-19T17:09:05.000Z"], "wnes_geometry": {"westBoundingCoordinate": -81, "eastBoundingCoordinate": -78, "northBoundingCoordinate": 46.5, "southBoundingCoordinate": 43.5}, "sizeMB": 3.82, "format": "Not provided"}, "nav_2014_05_23_13_21_31.Combined.iphex": {"temporal": ["2014-05-23T13:21:32.000Z", "2014-05-23T14:59:20.000Z"], "wnes_geometry": {"westBoundingCoordinate": -81, "eastBoundingCoordinate": -78, "northBoundingCoordinate": 46.5, "southBoundingCoordinate": 43.5}, "sizeMB": 3.57, "format": "Not provided"}, "nav_2014_05_23_18_08_42.iphex": {"temporal": ["2014-05-23T18:08:44.000Z", "2014-05-23T19:29:24.000Z"], "wnes_geometry": {"westBoundingCoordinate": -81, "eastBoundingCoordinate": -78, "northBoundingCoordinate": 46.5, "southBoundingCoordinate": 43.5}, "sizeMB": 3.03, "format": "Not provided"}, "nav_2014_05_23_22_04_48.iphex": {"temporal": ["2014-05-23T22:04:49.000Z", "2014-05-24T01:15:02.000Z"], "wnes_geometry": {"westBoundingCoordinate": -81, "eastBoundingCoordinate": -78, "northBoundingCoordinate": 46.5, "southBoundingCoordinate": 43.5}, "sizeMB": 7.14, "format": "Not provided"}, "nav_2014_05_25_18_59_17.iphex": {"temporal": ["2014-05-25T18:59:18.000Z", "2014-05-25T22:36:57.000Z"], "wnes_geometry": {"westBoundingCoordinate": -81, "eastBoundingCoordinate": -78, "northBoundingCoordinate": 46.5, "southBoundingCoordinate": 43.5}, "sizeMB": 8.17, "format": "Not provided"}, "nav_2014_05_26_19_58_48.iphex": {"temporal": ["2014-05-26T19:58:50.000Z", "2014-05-26T22:42:22.000Z"], "wnes_geometry": {"westBoundingCoordinate": -81, "eastBoundingCoordinate": -78, "northBoundingCoordinate": 46.5, "southBoundingCoordinate": 43.5}, "sizeMB": 6.14, "format": "Not provided"}, "nav_2014_05_27_13_49_05.iphex": {"temporal": ["2014-05-27T13:49:06.000Z", "2014-05-27T15:44:59.000Z"], "wnes_geometry": {"westBoundingCoordinate": -81, "eastBoundingCoordinate": -78, "northBoundingCoordinate": 46.5, "southBoundingCoordinate": 43.5}, "sizeMB": 4.35, "format": "Not provided"}, "nav_2014_05_27_21_13_09.iphex": {"temporal": ["2014-05-27T21:13:11.000Z", "2014-05-27T22:16:26.000Z"], "wnes_geometry": {"westBoundingCoordinate": -81, "eastBoundingCoordinate": -78, "northBoundingCoordinate": 46.5, "southBoundingCoordinate": 43.5}, "sizeMB": 2.38, "format": "Not provided"}, "nav_2014_05_28_13_10_57.iphex": {"temporal": ["2014-05-28T13:10:58.000Z", "2014-05-28T16:38:24.000Z"], "wnes_geometry": {"westBoundingCoordinate": -81, "eastBoundingCoordinate": -78, "northBoundingCoordinate": 46.5, "southBoundingCoordinate": 43.5}, "sizeMB": 7.79, "format": "Not provided"}, "nav_2014_05_28_19_07_10.iphex": {"temporal": ["2014-05-28T19:07:12.000Z", "2014-05-28T20:22:05.000Z"], "wnes_geometry": {"westBoundingCoordinate": -81, "eastBoundingCoordinate": -78, "northBoundingCoordinate": 46.5, "southBoundingCoordinate": 43.5}, "sizeMB": 2.77, "format": "Not provided"}, "nav_2014_05_29_17_25_29.iphex": {"temporal": ["2014-05-29T17:25:30.000Z", "2014-05-29T20:51:07.000Z"], "wnes_geometry": {"westBoundingCoordinate": -81, "eastBoundingCoordinate": -78, "northBoundingCoordinate": 46.5, "southBoundingCoordinate": 43.5}, "sizeMB": 7.72, "format": "Not provided"}, "nav_2014_06_05_07_11_34.iphex": {"temporal": ["2014-06-05T07:11:36.000Z", "2014-06-05T09:52:48.000Z"], "wnes_geometry": {"westBoundingCoordinate": -81, "eastBoundingCoordinate": -78, "northBoundingCoordinate": 46.5, "southBoundingCoordinate": 43.5}, "sizeMB": 6.05, "format": "Not provided"}, "nav_2014_06_06_18_21_47.iphex": {"temporal": ["2014-06-06T18:21:48.000Z", "2014-06-06T20:11:21.000Z"], "wnes_geometry": {"westBoundingCoordinate": -81, "eastBoundingCoordinate": -78, "northBoundingCoordinate": 46.5, "southBoundingCoordinate": 43.5}, "sizeMB": 4.12, "format": "Not provided"}, "nav_2014_06_08_18_07_30.iphex": {"temporal": ["2014-06-08T18:07:32.000Z", "2014-06-08T21:09:22.000Z"], "wnes_geometry": {"westBoundingCoordinate": -81, "eastBoundingCoordinate": -78, "northBoundingCoordinate": 46.5, "southBoundingCoordinate": 43.5}, "sizeMB": 6.79, "format": "Not provided"}, "nav_2014_06_11_16_42_00.iphex": {"temporal": ["2014-06-11T16:42:02.000Z", "2014-06-11T20:50:45.000Z"], "wnes_geometry": {"westBoundingCoordinate": -81, "eastBoundingCoordinate": -78, "northBoundingCoordinate": 46.5, "southBoundingCoordinate": 43.5}, "sizeMB": 9.34, "format": "Not provided"}, "nav_2014_06_12_16_05_01.iphex": {"temporal": ["2014-06-12T16:05:02.000Z", "2014-06-12T19:51:27.000Z"], "wnes_geometry": {"westBoundingCoordinate": -81, "eastBoundingCoordinate": -78, "northBoundingCoordinate": 46.5, "southBoundingCoordinate": 43.5}, "sizeMB": 8.5, "format": "Not provided"}, "nav_2014_06_13_18_51_49.iphex": {"temporal": ["2014-06-13T18:51:50.000Z", "2014-06-13T23:39:40.000Z"], "wnes_geometry": {"westBoundingCoordinate": -81, "eastBoundingCoordinate": -78, "northBoundingCoordinate": 46.5, "southBoundingCoordinate": 43.5}, "sizeMB": 10.8, "format": "Not provided"}}