{"olympex_navcit_20151112_184913.txt": {"temporal": ["2015-11-12T19:16:14.000Z", "2015-11-12T22:34:33.000Z"], "wnes_geometry": {"westBoundingCoordinate": -125.274, "eastBoundingCoordinate": -122.283, "northBoundingCoordinate": 48.042, "southBoundingCoordinate": 47.029}, "sizeMB": 7.59, "format": "Not provided"}, "olympex_navcit_20151113_144036.txt": {"temporal": ["2015-11-13T15:03:31.000Z", "2015-11-13T18:25:49.000Z"], "wnes_geometry": {"westBoundingCoordinate": -125.074, "eastBoundingCoordinate": -122.134, "northBoundingCoordinate": 48.088, "southBoundingCoordinate": 46.895}, "sizeMB": 7.74, "format": "Not provided"}, "olympex_navcit_20151114_192426.txt": {"temporal": ["2015-11-14T19:44:58.000Z", "2015-11-14T22:29:05.000Z"], "wnes_geometry": {"westBoundingCoordinate": -125.612, "eastBoundingCoordinate": -122.28, "northBoundingCoordinate": 48.114, "southBoundingCoordinate": 46.578}, "sizeMB": 6.28, "format": "Not provided"}, "olympex_navcit_20151118_210626.txt": {"temporal": ["2015-11-18T21:29:39.000Z", "2015-11-19T00:21:11.000Z"], "wnes_geometry": {"westBoundingCoordinate": -126.129, "eastBoundingCoordinate": -122.286, "northBoundingCoordinate": 48.119, "southBoundingCoordinate": 46.522}, "sizeMB": 6.57, "format": "Not provided"}, "olympex_navcit_20151123_144918.txt": {"temporal": ["2015-11-23T15:08:05.000Z", "2015-11-23T18:16:39.000Z"], "wnes_geometry": {"westBoundingCoordinate": -125.834, "eastBoundingCoordinate": -122.285, "northBoundingCoordinate": 48.299, "southBoundingCoordinate": 47.749}, "sizeMB": 7.22, "format": "Not provided"}, "olympex_navcit_20151123_202309.txt": {"temporal": ["2015-11-23T20:42:25.000Z", "2015-11-23T23:04:14.000Z"], "wnes_geometry": {"westBoundingCoordinate": -125.002, "eastBoundingCoordinate": -123.334, "northBoundingCoordinate": 48.229, "southBoundingCoordinate": 47.294}, "sizeMB": 5.43, "format": "Not provided"}, "olympex_navcit_20151124_155525.txt": {"temporal": ["2015-11-24T16:12:31.000Z", "2015-11-24T17:40:30.000Z"], "wnes_geometry": {"westBoundingCoordinate": -124.063, "eastBoundingCoordinate": -122.281, "northBoundingCoordinate": 48.24, "southBoundingCoordinate": 47.833}, "sizeMB": 3.37, "format": "Not provided"}, "olympex_navcit_20151124_183352.txt": {"temporal": ["2015-11-24T18:52:54.000Z", "2015-11-24T21:42:04.000Z"], "wnes_geometry": {"westBoundingCoordinate": -126.077, "eastBoundingCoordinate": -122.283, "northBoundingCoordinate": 48.288, "southBoundingCoordinate": 46.483}, "sizeMB": 6.47, "format": "Not provided"}, "olympex_navcit_20151201_222917.txt": {"temporal": ["2015-12-01T22:46:02.000Z", "2015-12-02T01:48:44.000Z"], "wnes_geometry": {"westBoundingCoordinate": -124.777, "eastBoundingCoordinate": -122.286, "northBoundingCoordinate": 48.191, "southBoundingCoordinate": 46.887}, "sizeMB": 6.99, "format": "Not provided"}, "olympex_navcit_20151203_133543.txt": {"temporal": ["2015-12-03T14:02:17.000Z", "2015-12-03T17:04:08.000Z"], "wnes_geometry": {"westBoundingCoordinate": -124.571, "eastBoundingCoordinate": -122.281, "northBoundingCoordinate": 48.125, "southBoundingCoordinate": 47.107}, "sizeMB": 6.96, "format": "Not provided"}, "olympex_navcit_20151204_124653.txt": {"temporal": ["2015-12-04T13:05:43.000Z", "2015-12-04T16:00:38.000Z"], "wnes_geometry": {"westBoundingCoordinate": -125.009, "eastBoundingCoordinate": -122.281, "northBoundingCoordinate": 48.153, "southBoundingCoordinate": 47.06}, "sizeMB": 6.69, "format": "Not provided"}, "olympex_navcit_20151204_165019.txt": {"temporal": ["2015-12-04T17:05:31.000Z", "2015-12-04T20:03:33.000Z"], "wnes_geometry": {"westBoundingCoordinate": -125.128, "eastBoundingCoordinate": -122.285, "northBoundingCoordinate": 48.1, "southBoundingCoordinate": 46.922}, "sizeMB": 6.81, "format": "Not provided"}, "olympex_navcit_20151205_141747.txt": {"temporal": ["2015-12-05T14:34:37.000Z", "2015-12-05T18:00:35.000Z"], "wnes_geometry": {"westBoundingCoordinate": -124.289, "eastBoundingCoordinate": -122.284, "northBoundingCoordinate": 48.124, "southBoundingCoordinate": 47.227}, "sizeMB": 7.88, "format": "Not provided"}, "olympex_navcit_20151210_141454.txt": {"temporal": ["2015-12-10T14:32:10.000Z", "2015-12-10T16:19:55.000Z"], "wnes_geometry": {"westBoundingCoordinate": -123.944, "eastBoundingCoordinate": -122.284, "northBoundingCoordinate": 47.921, "southBoundingCoordinate": 47.346}, "sizeMB": 4.13, "format": "Not provided"}, "olympex_navcit_20151212_163954.txt": {"temporal": ["2015-12-12T16:56:23.000Z", "2015-12-12T20:13:06.000Z"], "wnes_geometry": {"westBoundingCoordinate": -124.997, "eastBoundingCoordinate": -122.285, "northBoundingCoordinate": 48.15, "southBoundingCoordinate": 46.957}, "sizeMB": 7.53, "format": "Not provided"}, "olympex_navcit_20151213_153928.txt": {"temporal": ["2015-12-13T15:52:59.000Z", "2015-12-13T19:11:02.000Z"], "wnes_geometry": {"westBoundingCoordinate": -125.586, "eastBoundingCoordinate": -122.273, "northBoundingCoordinate": 48.152, "southBoundingCoordinate": 47.114}, "sizeMB": 7.58, "format": "Not provided"}, "olympex_navcit_20151213_195141.txt": {"temporal": ["2015-12-13T20:05:04.000Z", "2015-12-13T23:18:29.000Z"], "wnes_geometry": {"westBoundingCoordinate": -125.99, "eastBoundingCoordinate": -122.285, "northBoundingCoordinate": 48.101, "southBoundingCoordinate": 46.221}, "sizeMB": 7.4, "format": "Not provided"}, "olympex_navcit_20151218_010559.txt": {"temporal": ["2015-12-18T01:23:02.000Z", "2015-12-18T04:30:01.000Z"], "wnes_geometry": {"westBoundingCoordinate": -124.287, "eastBoundingCoordinate": -122.282, "northBoundingCoordinate": 48.151, "southBoundingCoordinate": 47.208}, "sizeMB": 7.16, "format": "Not provided"}, "olympex_navcit_20151218_052431.txt": {"temporal": ["2015-12-18T05:44:12.000Z", "2015-12-18T08:38:33.000Z"], "wnes_geometry": {"westBoundingCoordinate": -125.281, "eastBoundingCoordinate": -122.285, "northBoundingCoordinate": 48.149, "southBoundingCoordinate": 47.205}, "sizeMB": 6.67, "format": "Not provided"}, "olympex_navcit_20151219_004208.txt": {"temporal": ["2015-12-19T00:56:06.000Z", "2015-12-19T03:59:55.000Z"], "wnes_geometry": {"westBoundingCoordinate": -125.423, "eastBoundingCoordinate": -122.28, "northBoundingCoordinate": 48.145, "southBoundingCoordinate": 46.844}, "sizeMB": 7.03, "format": "Not provided"}}