{"gcpex_nadir_cameraDC8_20120220_140619.HDF": {"temporal": ["2012-02-20T14:06:19.000Z", "2012-02-20T14:21:18.000Z"], "wnes_geometry": {"westBoundingCoordinate": -71.245, "eastBoundingCoordinate": -69.275, "northBoundingCoordinate": 44.874, "southBoundingCoordinate": 44.724}, "sizeMB": 379.22, "format": "HDF4"}, "gcpex_nadir_cameraDC8_20120220_142119.HDF": {"temporal": ["2012-02-20T14:21:19.000Z", "2012-02-20T14:36:18.000Z"], "wnes_geometry": {"westBoundingCoordinate": -73.678, "eastBoundingCoordinate": -71.239, "northBoundingCoordinate": 44.847, "southBoundingCoordinate": 44.587}, "sizeMB": 379.22, "format": "HDF4"}, "gcpex_nadir_cameraDC8_20120220_143619.HDF": {"temporal": ["2012-02-20T14:36:19.000Z", "2012-02-20T14:51:18.000Z"], "wnes_geometry": {"westBoundingCoordinate": -76.006, "eastBoundingCoordinate": -73.636, "northBoundingCoordinate": 44.709, "southBoundingCoordinate": 43.915}, "sizeMB": 378.02, "format": "HDF4"}, "gcpex_nadir_cameraDC8_20120220_145119.HDF": {"temporal": ["2012-02-20T14:51:19.000Z", "2012-02-20T15:06:18.000Z"], "wnes_geometry": {"westBoundingCoordinate": -78.039, "eastBoundingCoordinate": -75.956, "northBoundingCoordinate": 44.081, "southBoundingCoordinate": 43.828}, "sizeMB": 375.43, "format": "HDF4"}, "gcpex_nadir_cameraDC8_20120220_150619.HDF": {"temporal": ["2012-02-20T15:06:19.000Z", "2012-02-20T15:21:18.000Z"], "wnes_geometry": {"westBoundingCoordinate": -80.031, "eastBoundingCoordinate": -78.029, "northBoundingCoordinate": 44.007, "southBoundingCoordinate": 43.686}, "sizeMB": 375.43, "format": "HDF4"}, "gcpex_nadir_cameraDC8_20120220_152119.HDF": {"temporal": ["2012-02-20T15:21:19.000Z", "2012-02-20T15:36:18.000Z"], "wnes_geometry": {"westBoundingCoordinate": -79.928, "eastBoundingCoordinate": -78.741, "northBoundingCoordinate": 45.049, "southBoundingCoordinate": 43.956}, "sizeMB": 375.41, "format": "HDF4"}, "gcpex_nadir_cameraDC8_20120220_153619.HDF": {"temporal": ["2012-02-20T15:36:19.000Z", "2012-02-20T15:51:18.000Z"], "wnes_geometry": {"westBoundingCoordinate": -80.258, "eastBoundingCoordinate": -79.241, "northBoundingCoordinate": 44.855, "southBoundingCoordinate": 43.841}, "sizeMB": 376.71, "format": "HDF4"}, "gcpex_nadir_cameraDC8_20120220_155119.HDF": {"temporal": ["2012-02-20T15:51:19.000Z", "2012-02-20T16:06:18.000Z"], "wnes_geometry": {"westBoundingCoordinate": -79.954, "eastBoundingCoordinate": -79.034, "northBoundingCoordinate": 45.124, "southBoundingCoordinate": 44.362}, "sizeMB": 379.45, "format": "HDF4"}, "gcpex_nadir_cameraDC8_20120220_160619.HDF": {"temporal": ["2012-02-20T16:06:19.000Z", "2012-02-20T16:21:18.000Z"], "wnes_geometry": {"westBoundingCoordinate": -80.4, "eastBoundingCoordinate": -78.788, "northBoundingCoordinate": 44.519, "southBoundingCoordinate": 43.404}, "sizeMB": 379.47, "format": "HDF4"}, "gcpex_nadir_cameraDC8_20120220_162119.HDF": {"temporal": ["2012-02-20T16:21:19.000Z", "2012-02-20T16:36:18.000Z"], "wnes_geometry": {"westBoundingCoordinate": -78.804, "eastBoundingCoordinate": -76.371, "northBoundingCoordinate": 43.861, "southBoundingCoordinate": 43.491}, "sizeMB": 379.47, "format": "HDF4"}, "gcpex_nadir_cameraDC8_20120220_163619.HDF": {"temporal": ["2012-02-20T16:36:19.000Z", "2012-02-20T16:51:18.000Z"], "wnes_geometry": {"westBoundingCoordinate": -76.467, "eastBoundingCoordinate": -74.206, "northBoundingCoordinate": 44.742, "southBoundingCoordinate": 43.752}, "sizeMB": 378.48, "format": "HDF4"}, "gcpex_nadir_cameraDC8_20120220_165119.HDF": {"temporal": ["2012-02-20T16:51:19.000Z", "2012-02-20T17:06:18.000Z"], "wnes_geometry": {"westBoundingCoordinate": -74.3, "eastBoundingCoordinate": -71.638, "northBoundingCoordinate": 45.705, "southBoundingCoordinate": 44.633}, "sizeMB": 379.03, "format": "HDF4"}, "gcpex_nadir_cameraDC8_20120220_170619.HDF": {"temporal": ["2012-02-20T17:06:19.000Z", "2012-02-20T17:21:18.000Z"], "wnes_geometry": {"westBoundingCoordinate": -71.727, "eastBoundingCoordinate": -68.946, "northBoundingCoordinate": 46.621, "southBoundingCoordinate": 45.592}, "sizeMB": 379.03, "format": "HDF4"}, "gcpex_nadir_cameraDC8_20120220_172119.HDF": {"temporal": ["2012-02-20T17:21:19.000Z", "2012-02-20T17:36:18.000Z"], "wnes_geometry": {"westBoundingCoordinate": -69.029, "eastBoundingCoordinate": -67.495, "northBoundingCoordinate": 47.086, "southBoundingCoordinate": 45.974}, "sizeMB": 379.03, "format": "HDF4"}, "gcpex_nadir_cameraDC8_20120220_173619.HDF": {"temporal": ["2012-02-20T17:36:19.000Z", "2012-02-20T17:51:18.000Z"], "wnes_geometry": {"westBoundingCoordinate": -68.76, "eastBoundingCoordinate": -68.178, "northBoundingCoordinate": 46.012, "southBoundingCoordinate": 44.792}, "sizeMB": 283.59, "format": "HDF4"}}