{"mc3e_npol_2011_0411_volume.tgz": {"temporal": ["2011-04-11T00:00:00.000Z", "2011-04-11T23:59:59.000Z"], "wnes_geometry": {"westBoundingCoordinate": -99, "eastBoundingCoordinate": -95.5, "northBoundingCoordinate": 38, "southBoundingCoordinate": 35}, "sizeMB": 9.47, "format": "Not Provided"}, "mc3e_npol_2011_0412_volume.tgz": {"temporal": ["2011-04-12T00:00:00.000Z", "2011-04-12T23:59:59.000Z"], "wnes_geometry": {"westBoundingCoordinate": -99, "eastBoundingCoordinate": -95.5, "northBoundingCoordinate": 38, "southBoundingCoordinate": 35}, "sizeMB": 46.41, "format": "Not Provided"}, "mc3e_npol_2011_0413_volume.tgz": {"temporal": ["2011-04-13T00:00:00.000Z", "2011-04-13T23:59:59.000Z"], "wnes_geometry": {"westBoundingCoordinate": -99, "eastBoundingCoordinate": -95.5, "northBoundingCoordinate": 38, "southBoundingCoordinate": 35}, "sizeMB": 32.44, "format": "Not Provided"}, "mc3e_npol_2011_0420_volume.tgz": {"temporal": ["2011-04-20T00:00:00.000Z", "2011-04-20T23:59:59.000Z"], "wnes_geometry": {"westBoundingCoordinate": -99, "eastBoundingCoordinate": -95.5, "northBoundingCoordinate": 38, "southBoundingCoordinate": 35}, "sizeMB": 12.4, "format": "Not Provided"}, "mc3e_npol_2011_0421_volume.tgz": {"temporal": ["2011-04-21T00:00:00.000Z", "2011-04-21T23:59:59.000Z"], "wnes_geometry": {"westBoundingCoordinate": -99, "eastBoundingCoordinate": -95.5, "northBoundingCoordinate": 38, "southBoundingCoordinate": 35}, "sizeMB": 303.14, "format": "Not Provided"}, "mc3e_npol_2011_0422_volume.tgz": {"temporal": ["2011-04-22T00:00:00.000Z", "2011-04-22T23:59:59.000Z"], "wnes_geometry": {"westBoundingCoordinate": -99, "eastBoundingCoordinate": -95.5, "northBoundingCoordinate": 38, "southBoundingCoordinate": 35}, "sizeMB": 715.91, "format": "Not Provided"}, "mc3e_npol_2011_0423_volume.tgz": {"temporal": ["2011-04-23T00:00:00.000Z", "2011-04-23T23:59:59.000Z"], "wnes_geometry": {"westBoundingCoordinate": -99, "eastBoundingCoordinate": -95.5, "northBoundingCoordinate": 38, "southBoundingCoordinate": 35}, "sizeMB": 193.41, "format": "Not Provided"}, "mc3e_npol_2011_0424_volume.tgz": {"temporal": ["2011-04-24T00:00:00.000Z", "2011-04-24T23:59:59.000Z"], "wnes_geometry": {"westBoundingCoordinate": -99, "eastBoundingCoordinate": -95.5, "northBoundingCoordinate": 38, "southBoundingCoordinate": 35}, "sizeMB": 2813.16, "format": "Not Provided"}, "MC3E_NPOL_UF_HID_2011_0425.tar": {"temporal": ["2011-04-25T00:00:00.000Z", "2011-04-25T23:59:59.000Z"], "wnes_geometry": {"westBoundingCoordinate": -99, "eastBoundingCoordinate": -95.5, "northBoundingCoordinate": 38, "southBoundingCoordinate": 35}, "sizeMB": 3017, "format": "Not Provided"}, "mc3e_npol_2011_0425_volume.tgz": {"temporal": ["2011-04-25T00:00:00.000Z", "2011-04-25T23:59:59.000Z"], "wnes_geometry": {"westBoundingCoordinate": -99, "eastBoundingCoordinate": -95.5, "northBoundingCoordinate": 38, "southBoundingCoordinate": 35}, "sizeMB": 2957.08, "format": "Not Provided"}, "mc3e_npol_2011_0426_volume.tgz": {"temporal": ["2011-04-26T00:00:00.000Z", "2011-04-26T23:59:59.000Z"], "wnes_geometry": {"westBoundingCoordinate": -99, "eastBoundingCoordinate": -95.5, "northBoundingCoordinate": 38, "southBoundingCoordinate": 35}, "sizeMB": 2303.44, "format": "Not Provided"}, "MC3E_NPOL_UF_HID_2011_0426.tar": {"temporal": ["2011-04-26T00:00:00.000Z", "2011-04-26T23:59:59.000Z"], "wnes_geometry": {"westBoundingCoordinate": -99, "eastBoundingCoordinate": -95.5, "northBoundingCoordinate": 38, "southBoundingCoordinate": 35}, "sizeMB": 2234.74, "format": "Not Provided"}, "mc3e_npol_2011_0427_volume.tgz": {"temporal": ["2011-04-27T00:00:00.000Z", "2011-04-27T23:59:59.000Z"], "wnes_geometry": {"westBoundingCoordinate": -99, "eastBoundingCoordinate": -95.5, "northBoundingCoordinate": 38, "southBoundingCoordinate": 35}, "sizeMB": 2266.71, "format": "Not Provided"}, "mc3e_npol_2011_0428_volume.tgz": {"temporal": ["2011-04-28T00:00:00.000Z", "2011-04-28T23:59:59.000Z"], "wnes_geometry": {"westBoundingCoordinate": -99, "eastBoundingCoordinate": -95.5, "northBoundingCoordinate": 38, "southBoundingCoordinate": 35}, "sizeMB": 2253.92, "format": "Not Provided"}, "mc3e_npol_2011_0429_volume.tgz": {"temporal": ["2011-04-29T00:00:00.000Z", "2011-04-29T23:59:59.000Z"], "wnes_geometry": {"westBoundingCoordinate": -99, "eastBoundingCoordinate": -95.5, "northBoundingCoordinate": 38, "southBoundingCoordinate": 35}, "sizeMB": 1703.74, "format": "Not Provided"}, "mc3e_npol_2011_0430_volume.tgz": {"temporal": ["2011-04-30T00:00:00.000Z", "2011-04-30T23:59:59.000Z"], "wnes_geometry": {"westBoundingCoordinate": -99, "eastBoundingCoordinate": -95.5, "northBoundingCoordinate": 38, "southBoundingCoordinate": 35}, "sizeMB": 2425.82, "format": "Not Provided"}, "mc3e_npol_2011_0501_volume.tgz": {"temporal": ["2011-05-01T00:00:00.000Z", "2011-05-01T23:59:59.000Z"], "wnes_geometry": {"westBoundingCoordinate": -99, "eastBoundingCoordinate": -95.5, "northBoundingCoordinate": 38, "southBoundingCoordinate": 35}, "sizeMB": 3052.2, "format": "Not Provided"}, "MC3E_NPOL_UF_HID_2011_0501.tar": {"temporal": ["2011-05-01T00:00:00.000Z", "2011-05-01T23:59:59.000Z"], "wnes_geometry": {"westBoundingCoordinate": -99, "eastBoundingCoordinate": -95.5, "northBoundingCoordinate": 38, "southBoundingCoordinate": 35}, "sizeMB": 2648.08, "format": "Not Provided"}, "mc3e_npol_2011_0502_volume.tgz": {"temporal": ["2011-05-02T00:00:00.000Z", "2011-05-02T23:59:59.000Z"], "wnes_geometry": {"westBoundingCoordinate": -99, "eastBoundingCoordinate": -95.5, "northBoundingCoordinate": 38, "southBoundingCoordinate": 35}, "sizeMB": 2714.22, "format": "Not Provided"}, "mc3e_npol_2011_0503_volume.tgz": {"temporal": ["2011-05-03T00:00:00.000Z", "2011-05-03T23:59:59.000Z"], "wnes_geometry": {"westBoundingCoordinate": -99, "eastBoundingCoordinate": -95.5, "northBoundingCoordinate": 38, "southBoundingCoordinate": 35}, "sizeMB": 1979.62, "format": "Not Provided"}, "mc3e_npol_2011_0505_volume.tgz": {"temporal": ["2011-05-05T00:00:00.000Z", "2011-05-05T23:59:59.000Z"], "wnes_geometry": {"westBoundingCoordinate": -99, "eastBoundingCoordinate": -95.5, "northBoundingCoordinate": 38, "southBoundingCoordinate": 35}, "sizeMB": 2454.69, "format": "Not Provided"}, "mc3e_npol_2011_0506_volume.tgz": {"temporal": ["2011-05-06T00:00:00.000Z", "2011-05-06T23:59:59.000Z"], "wnes_geometry": {"westBoundingCoordinate": -99, "eastBoundingCoordinate": -95.5, "northBoundingCoordinate": 38, "southBoundingCoordinate": 35}, "sizeMB": 2433.7, "format": "Not Provided"}, "mc3e_npol_2011_0508_volume.tgz": {"temporal": ["2011-05-08T00:00:00.000Z", "2011-05-08T23:59:59.000Z"], "wnes_geometry": {"westBoundingCoordinate": -99, "eastBoundingCoordinate": -95.5, "northBoundingCoordinate": 38, "southBoundingCoordinate": 35}, "sizeMB": 2413.49, "format": "Not Provided"}, "mc3e_npol_2011_0509_volume.tgz": {"temporal": ["2011-05-09T00:00:00.000Z", "2011-05-09T23:59:59.000Z"], "wnes_geometry": {"westBoundingCoordinate": -99, "eastBoundingCoordinate": -95.5, "northBoundingCoordinate": 38, "southBoundingCoordinate": 35}, "sizeMB": 2331.39, "format": "Not Provided"}, "MC3E_NPOL_UF_HID_2011_0510.tar": {"temporal": ["2011-05-10T00:00:00.000Z", "2011-05-10T23:59:59.000Z"], "wnes_geometry": {"westBoundingCoordinate": -99, "eastBoundingCoordinate": -95.5, "northBoundingCoordinate": 38, "southBoundingCoordinate": 35}, "sizeMB": 2459.05, "format": "Not Provided"}, "mc3e_npol_2011_0510_volume.tgz": {"temporal": ["2011-05-10T00:00:00.000Z", "2011-05-10T23:59:59.000Z"], "wnes_geometry": {"westBoundingCoordinate": -99, "eastBoundingCoordinate": -95.5, "northBoundingCoordinate": 38, "southBoundingCoordinate": 35}, "sizeMB": 2426.7, "format": "Not Provided"}, "mc3e_npol_2011_0511_volume.tgz": {"temporal": ["2011-05-11T00:00:00.000Z", "2011-05-11T23:59:59.000Z"], "wnes_geometry": {"westBoundingCoordinate": -99, "eastBoundingCoordinate": -95.5, "northBoundingCoordinate": 38, "southBoundingCoordinate": 35}, "sizeMB": 2921.87, "format": "Not Provided"}, "MC3E_NPOL_UF_HID_2011_0511.tar": {"temporal": ["2011-05-11T00:00:00.000Z", "2011-05-11T23:59:59.000Z"], "wnes_geometry": {"westBoundingCoordinate": -99, "eastBoundingCoordinate": -95.5, "northBoundingCoordinate": 38, "southBoundingCoordinate": 35}, "sizeMB": 2372.67, "format": "Not Provided"}, "mc3e_npol_2011_0512_volume.tgz": {"temporal": ["2011-05-12T00:00:00.000Z", "2011-05-12T23:59:59.000Z"], "wnes_geometry": {"westBoundingCoordinate": -99, "eastBoundingCoordinate": -95.5, "northBoundingCoordinate": 38, "southBoundingCoordinate": 35}, "sizeMB": 2474.53, "format": "Not Provided"}, "mc3e_npol_2011_0513_volume.tgz": {"temporal": ["2011-05-13T00:00:00.000Z", "2011-05-13T23:59:59.000Z"], "wnes_geometry": {"westBoundingCoordinate": -99, "eastBoundingCoordinate": -95.5, "northBoundingCoordinate": 38, "southBoundingCoordinate": 35}, "sizeMB": 1764.54, "format": "Not Provided"}, "mc3e_npol_2011_0517_volume.tgz": {"temporal": ["2011-05-17T00:00:00.000Z", "2011-05-17T23:59:59.000Z"], "wnes_geometry": {"westBoundingCoordinate": -99, "eastBoundingCoordinate": -95.5, "northBoundingCoordinate": 38, "southBoundingCoordinate": 35}, "sizeMB": 2367.2, "format": "Not Provided"}, "mc3e_npol_2011_0518_volume.tgz": {"temporal": ["2011-05-18T00:00:00.000Z", "2011-05-18T23:59:59.000Z"], "wnes_geometry": {"westBoundingCoordinate": -99, "eastBoundingCoordinate": -95.5, "northBoundingCoordinate": 38, "southBoundingCoordinate": 35}, "sizeMB": 2198.7, "format": "Not Provided"}, "MC3E_NPOL_UF_HID_2011_0518.tar": {"temporal": ["2011-05-18T00:00:00.000Z", "2011-05-18T23:59:59.000Z"], "wnes_geometry": {"westBoundingCoordinate": -99, "eastBoundingCoordinate": -95.5, "northBoundingCoordinate": 38, "southBoundingCoordinate": 35}, "sizeMB": 2214.82, "format": "Not Provided"}, "mc3e_npol_2011_0519_volume.tgz": {"temporal": ["2011-05-19T00:00:00.000Z", "2011-05-19T23:59:59.000Z"], "wnes_geometry": {"westBoundingCoordinate": -99, "eastBoundingCoordinate": -95.5, "northBoundingCoordinate": 38, "southBoundingCoordinate": 35}, "sizeMB": 1248.34, "format": "Not Provided"}, "MC3E_NPOL_UF_HID_2011_0520.tar": {"temporal": ["2011-05-20T00:00:00.000Z", "2011-05-20T23:59:59.000Z"], "wnes_geometry": {"westBoundingCoordinate": -99, "eastBoundingCoordinate": -95.5, "northBoundingCoordinate": 38, "southBoundingCoordinate": 35}, "sizeMB": 40.96, "format": "Not Provided"}, "mc3e_npol_2011_0520_volume.tgz": {"temporal": ["2011-05-20T00:00:00.000Z", "2011-05-20T23:59:59.000Z"], "wnes_geometry": {"westBoundingCoordinate": -99, "eastBoundingCoordinate": -95.5, "northBoundingCoordinate": 38, "southBoundingCoordinate": 35}, "sizeMB": 40.3, "format": "Not Provided"}, "mc3e_npol_2011_0523_volume.tgz": {"temporal": ["2011-05-23T00:00:00.000Z", "2011-05-23T23:59:59.000Z"], "wnes_geometry": {"westBoundingCoordinate": -99, "eastBoundingCoordinate": -95.5, "northBoundingCoordinate": 38, "southBoundingCoordinate": 35}, "sizeMB": 383.72, "format": "Not Provided"}, "MC3E_NPOL_UF_HID_2011_0523.tar": {"temporal": ["2011-05-23T00:00:00.000Z", "2011-05-23T23:59:59.000Z"], "wnes_geometry": {"westBoundingCoordinate": -99, "eastBoundingCoordinate": -95.5, "northBoundingCoordinate": 38, "southBoundingCoordinate": 35}, "sizeMB": 391.66, "format": "Not Provided"}, "mc3e_npol_2011_0524_volume.tgz": {"temporal": ["2011-05-24T00:00:00.000Z", "2011-05-24T23:59:59.000Z"], "wnes_geometry": {"westBoundingCoordinate": -99, "eastBoundingCoordinate": -95.5, "northBoundingCoordinate": 38, "southBoundingCoordinate": 35}, "sizeMB": 3447.24, "format": "Not Provided"}, "MC3E_NPOL_UF_HID_2011_0524.tar": {"temporal": ["2011-05-24T00:00:00.000Z", "2011-05-24T23:59:59.000Z"], "wnes_geometry": {"westBoundingCoordinate": -99, "eastBoundingCoordinate": -95.5, "northBoundingCoordinate": 38, "southBoundingCoordinate": 35}, "sizeMB": 3516.56, "format": "Not Provided"}, "mc3e_npol_2011_0525_volume.tgz": {"temporal": ["2011-05-25T00:00:00.000Z", "2011-05-25T23:59:59.000Z"], "wnes_geometry": {"westBoundingCoordinate": -99, "eastBoundingCoordinate": -95.5, "northBoundingCoordinate": 38, "southBoundingCoordinate": 35}, "sizeMB": 3579.82, "format": "Not Provided"}, "mc3e_npol_2011_0526_volume.tgz": {"temporal": ["2011-05-26T00:00:00.000Z", "2011-05-26T23:59:59.000Z"], "wnes_geometry": {"westBoundingCoordinate": -99, "eastBoundingCoordinate": -95.5, "northBoundingCoordinate": 38, "southBoundingCoordinate": 35}, "sizeMB": 4767.86, "format": "Not Provided"}, "MC3E_NPOL_UF_HID_2011_0527.tar": {"temporal": ["2011-05-27T00:00:00.000Z", "2011-05-27T23:59:59.000Z"], "wnes_geometry": {"westBoundingCoordinate": -99, "eastBoundingCoordinate": -95.5, "northBoundingCoordinate": 38, "southBoundingCoordinate": 35}, "sizeMB": 4301.98, "format": "Not Provided"}, "mc3e_npol_2011_0527_volume.tgz": {"temporal": ["2011-05-27T00:00:00.000Z", "2011-05-27T23:59:59.000Z"], "wnes_geometry": {"westBoundingCoordinate": -99, "eastBoundingCoordinate": -95.5, "northBoundingCoordinate": 38, "southBoundingCoordinate": 35}, "sizeMB": 4192.86, "format": "Not Provided"}, "mc3e_npol_2011_0528_volume.tgz": {"temporal": ["2011-05-28T00:00:00.000Z", "2011-05-28T23:59:59.000Z"], "wnes_geometry": {"westBoundingCoordinate": -99, "eastBoundingCoordinate": -95.5, "northBoundingCoordinate": 38, "southBoundingCoordinate": 35}, "sizeMB": 4772.89, "format": "Not Provided"}, "mc3e_npol_2011_0529_volume.tgz": {"temporal": ["2011-05-29T00:00:00.000Z", "2011-05-29T23:59:59.000Z"], "wnes_geometry": {"westBoundingCoordinate": -99, "eastBoundingCoordinate": -95.5, "northBoundingCoordinate": 38, "southBoundingCoordinate": 35}, "sizeMB": 4978.99, "format": "Not Provided"}, "mc3e_npol_2011_0530_volume.tgz": {"temporal": ["2011-05-30T00:00:00.000Z", "2011-05-30T23:59:59.000Z"], "wnes_geometry": {"westBoundingCoordinate": -99, "eastBoundingCoordinate": -95.5, "northBoundingCoordinate": 38, "southBoundingCoordinate": 35}, "sizeMB": 3623.86, "format": "Not Provided"}, "mc3e_npol_2011_0531_volume.tgz": {"temporal": ["2011-05-31T00:00:00.000Z", "2011-05-31T23:59:59.000Z"], "wnes_geometry": {"westBoundingCoordinate": -99, "eastBoundingCoordinate": -95.5, "northBoundingCoordinate": 38, "southBoundingCoordinate": 35}, "sizeMB": 3965.52, "format": "Not Provided"}, "mc3e_npol_2011_0601_volume.tgz": {"temporal": ["2011-06-01T00:00:00.000Z", "2011-06-01T23:59:59.000Z"], "wnes_geometry": {"westBoundingCoordinate": -99, "eastBoundingCoordinate": -95.5, "northBoundingCoordinate": 38, "southBoundingCoordinate": 35}, "sizeMB": 4932.98, "format": "Not Provided"}, "mc3e_npol_2011_0602_volume.tgz": {"temporal": ["2011-06-02T00:00:00.000Z", "2011-06-02T23:59:59.000Z"], "wnes_geometry": {"westBoundingCoordinate": -99, "eastBoundingCoordinate": -95.5, "northBoundingCoordinate": 38, "southBoundingCoordinate": 35}, "sizeMB": 5125.22, "format": "Not Provided"}, "mc3e_npol_2011_0603_volume.tgz": {"temporal": ["2011-06-03T00:00:00.000Z", "2011-06-03T23:59:59.000Z"], "wnes_geometry": {"westBoundingCoordinate": -99, "eastBoundingCoordinate": -95.5, "northBoundingCoordinate": 38, "southBoundingCoordinate": 35}, "sizeMB": 5202.2, "format": "Not Provided"}}