{"GCPEX.20120115.0_noaa15.1_noaa16.1_noaa17.1_noaa18.1_noaa19.png": {"temporal": ["2012-01-15T00:00:00.000Z", "2012-01-15T23:59:59.000Z"], "wnes_geometry": {"westBoundingCoordinate": -87, "eastBoundingCoordinate": -73, "northBoundingCoordinate": 47.5, "southBoundingCoordinate": 41}, "sizeMB": 0.2, "format": "Not provided"}, "GCPEX.20120116.1_noaa15.1_noaa16.1_noaa17.1_noaa18.1_noaa19.png": {"temporal": ["2012-01-16T00:00:00.000Z", "2012-01-16T23:59:59.000Z"], "wnes_geometry": {"westBoundingCoordinate": -87, "eastBoundingCoordinate": -73, "northBoundingCoordinate": 47.5, "southBoundingCoordinate": 41}, "sizeMB": 0.22, "format": "Not provided"}, "GCPEX.20120117.1_noaa15.1_noaa16.1_noaa17.1_noaa18.1_noaa19.png": {"temporal": ["2012-01-17T00:00:00.000Z", "2012-01-17T23:59:59.000Z"], "wnes_geometry": {"westBoundingCoordinate": -87, "eastBoundingCoordinate": -73, "northBoundingCoordinate": 47.5, "southBoundingCoordinate": 41}, "sizeMB": 0.24, "format": "Not provided"}, "GCPEX.20120118.1_noaa15.1_noaa16.1_noaa17.1_noaa18.1_noaa19.png": {"temporal": ["2012-01-18T00:00:00.000Z", "2012-01-18T23:59:59.000Z"], "wnes_geometry": {"westBoundingCoordinate": -87, "eastBoundingCoordinate": -73, "northBoundingCoordinate": 47.5, "southBoundingCoordinate": 41}, "sizeMB": 0.22, "format": "Not provided"}, "GCPEX.20120119.0_noaa15.1_noaa16.1_noaa17.1_noaa18.1_noaa19.png": {"temporal": ["2012-01-19T00:00:00.000Z", "2012-01-19T23:59:59.000Z"], "wnes_geometry": {"westBoundingCoordinate": -87, "eastBoundingCoordinate": -73, "northBoundingCoordinate": 47.5, "southBoundingCoordinate": 41}, "sizeMB": 0.2, "format": "Not provided"}, "GCPEX.20120120.1_noaa15.1_noaa16.1_noaa17.1_noaa18.1_noaa19.png": {"temporal": ["2012-01-20T00:00:00.000Z", "2012-01-20T23:59:59.000Z"], "wnes_geometry": {"westBoundingCoordinate": -87, "eastBoundingCoordinate": -73, "northBoundingCoordinate": 47.5, "southBoundingCoordinate": 41}, "sizeMB": 0.22, "format": "Not provided"}, "GCPEX.20120121.1_noaa15.1_noaa16.1_noaa17.1_noaa18.1_noaa19.png": {"temporal": ["2012-01-21T00:00:00.000Z", "2012-01-21T23:59:59.000Z"], "wnes_geometry": {"westBoundingCoordinate": -87, "eastBoundingCoordinate": -73, "northBoundingCoordinate": 47.5, "southBoundingCoordinate": 41}, "sizeMB": 0.23, "format": "Not provided"}, "GCPEX.20120122.1_noaa15.1_noaa16.1_noaa17.1_noaa18.1_noaa19.png": {"temporal": ["2012-01-22T00:00:00.000Z", "2012-01-22T23:59:59.000Z"], "wnes_geometry": {"westBoundingCoordinate": -87, "eastBoundingCoordinate": -73, "northBoundingCoordinate": 47.5, "southBoundingCoordinate": 41}, "sizeMB": 0.2, "format": "Not provided"}, "GCPEX.20120123.0_noaa15.1_noaa16.1_noaa17.1_noaa18.1_noaa19.png": {"temporal": ["2012-01-23T00:00:00.000Z", "2012-01-23T23:59:59.000Z"], "wnes_geometry": {"westBoundingCoordinate": -87, "eastBoundingCoordinate": -73, "northBoundingCoordinate": 47.5, "southBoundingCoordinate": 41}, "sizeMB": 0.19, "format": "Not provided"}, "GCPEX.20120124.1_noaa15.1_noaa16.1_noaa17.1_noaa18.1_noaa19.png": {"temporal": ["2012-01-24T00:00:00.000Z", "2012-01-24T23:59:59.000Z"], "wnes_geometry": {"westBoundingCoordinate": -87, "eastBoundingCoordinate": -73, "northBoundingCoordinate": 47.5, "southBoundingCoordinate": 41}, "sizeMB": 0.22, "format": "Not provided"}, "GCPEX.20120125.1_noaa15.1_noaa16.2_noaa17.1_noaa18.1_noaa19.png": {"temporal": ["2012-01-25T00:00:00.000Z", "2012-01-25T23:59:59.000Z"], "wnes_geometry": {"westBoundingCoordinate": -87, "eastBoundingCoordinate": -73, "northBoundingCoordinate": 47.5, "southBoundingCoordinate": 41}, "sizeMB": 0.24, "format": "Not provided"}, "GCPEX.20120126.1_noaa15.1_noaa16.1_noaa17.1_noaa18.1_noaa19.png": {"temporal": ["2012-01-26T00:00:00.000Z", "2012-01-26T23:59:59.000Z"], "wnes_geometry": {"westBoundingCoordinate": -87, "eastBoundingCoordinate": -73, "northBoundingCoordinate": 47.5, "southBoundingCoordinate": 41}, "sizeMB": 0.22, "format": "Not provided"}, "GCPEX.20120127.1_noaa15.2_noaa16.1_noaa17.1_noaa18.1_noaa19.png": {"temporal": ["2012-01-27T00:00:00.000Z", "2012-01-27T23:59:59.000Z"], "wnes_geometry": {"westBoundingCoordinate": -87, "eastBoundingCoordinate": -73, "northBoundingCoordinate": 47.5, "southBoundingCoordinate": 41}, "sizeMB": 0.23, "format": "Not provided"}, "GCPEX.20120128.1_noaa15.1_noaa16.1_noaa17.1_noaa18.1_noaa19.png": {"temporal": ["2012-01-28T00:00:00.000Z", "2012-01-28T23:59:59.000Z"], "wnes_geometry": {"westBoundingCoordinate": -87, "eastBoundingCoordinate": -73, "northBoundingCoordinate": 47.5, "southBoundingCoordinate": 41}, "sizeMB": 0.21, "format": "Not provided"}, "GCPEX.20120129.1_noaa15.1_noaa16.2_noaa17.1_noaa18.1_noaa19.png": {"temporal": ["2012-01-29T00:00:00.000Z", "2012-01-29T23:59:59.000Z"], "wnes_geometry": {"westBoundingCoordinate": -87, "eastBoundingCoordinate": -73, "northBoundingCoordinate": 47.5, "southBoundingCoordinate": 41}, "sizeMB": 0.24, "format": "Not provided"}, "GCPEX.20120130.1_noaa15.1_noaa16.1_noaa17.1_noaa18.1_noaa19.png": {"temporal": ["2012-01-30T00:00:00.000Z", "2012-01-30T23:59:59.000Z"], "wnes_geometry": {"westBoundingCoordinate": -87, "eastBoundingCoordinate": -73, "northBoundingCoordinate": 47.5, "southBoundingCoordinate": 41}, "sizeMB": 0.22, "format": "Not provided"}, "GCPEX.20120131.1_noaa15.1_noaa16.1_noaa17.1_noaa18.1_noaa19.png": {"temporal": ["2012-01-31T00:00:00.000Z", "2012-01-31T23:59:59.000Z"], "wnes_geometry": {"westBoundingCoordinate": -87, "eastBoundingCoordinate": -73, "northBoundingCoordinate": 47.5, "southBoundingCoordinate": 41}, "sizeMB": 0.21, "format": "Not provided"}, "GCPEX.20120201.1_noaa15.1_noaa16.1_noaa17.1_noaa18.1_noaa19.png": {"temporal": ["2012-02-01T00:00:00.000Z", "2012-02-01T23:59:59.000Z"], "wnes_geometry": {"westBoundingCoordinate": -87, "eastBoundingCoordinate": -73, "northBoundingCoordinate": 47.5, "southBoundingCoordinate": 41}, "sizeMB": 0.21, "format": "Not provided"}, "GCPEX.20120202.1_noaa15.1_noaa16.1_noaa17.1_noaa18.1_noaa19.png": {"temporal": ["2012-02-02T00:00:00.000Z", "2012-02-02T23:59:59.000Z"], "wnes_geometry": {"westBoundingCoordinate": -87, "eastBoundingCoordinate": -73, "northBoundingCoordinate": 47.5, "southBoundingCoordinate": 41}, "sizeMB": 0.23, "format": "Not provided"}, "GCPEX.20120203.1_noaa15.1_noaa16.1_noaa17.1_noaa18.1_noaa19.png": {"temporal": ["2012-02-03T00:00:00.000Z", "2012-02-03T23:59:59.000Z"], "wnes_geometry": {"westBoundingCoordinate": -87, "eastBoundingCoordinate": -73, "northBoundingCoordinate": 47.5, "southBoundingCoordinate": 41}, "sizeMB": 0.23, "format": "Not provided"}, "GCPEX.20120204.1_noaa15.1_noaa16.1_noaa17.1_noaa18.1_noaa19.png": {"temporal": ["2012-02-04T00:00:00.000Z", "2012-02-04T23:59:59.000Z"], "wnes_geometry": {"westBoundingCoordinate": -87, "eastBoundingCoordinate": -73, "northBoundingCoordinate": 47.5, "southBoundingCoordinate": 41}, "sizeMB": 0.21, "format": "Not provided"}, "GCPEX.20120205.1_noaa15.1_noaa16.1_noaa17.1_noaa18.1_noaa19.png": {"temporal": ["2012-02-05T00:00:00.000Z", "2012-02-05T23:59:59.000Z"], "wnes_geometry": {"westBoundingCoordinate": -87, "eastBoundingCoordinate": -73, "northBoundingCoordinate": 47.5, "southBoundingCoordinate": 41}, "sizeMB": 0.23, "format": "Not provided"}, "GCPEX.20120206.1_noaa15.1_noaa16.1_noaa17.1_noaa18.1_noaa19.png": {"temporal": ["2012-02-06T00:00:00.000Z", "2012-02-06T23:59:59.000Z"], "wnes_geometry": {"westBoundingCoordinate": -87, "eastBoundingCoordinate": -73, "northBoundingCoordinate": 47.5, "southBoundingCoordinate": 41}, "sizeMB": 0.22, "format": "Not provided"}, "GCPEX.20120207.1_noaa15.1_noaa16.1_noaa17.1_noaa18.1_noaa19.png": {"temporal": ["2012-02-07T00:00:00.000Z", "2012-02-07T23:59:59.000Z"], "wnes_geometry": {"westBoundingCoordinate": -87, "eastBoundingCoordinate": -73, "northBoundingCoordinate": 47.5, "southBoundingCoordinate": 41}, "sizeMB": 0.23, "format": "Not provided"}, "GCPEX.20120208.1_noaa15.1_noaa16.2_noaa17.1_noaa18.1_noaa19.png": {"temporal": ["2012-02-08T00:00:00.000Z", "2012-02-08T23:59:59.000Z"], "wnes_geometry": {"westBoundingCoordinate": -87, "eastBoundingCoordinate": -73, "northBoundingCoordinate": 47.5, "southBoundingCoordinate": 41}, "sizeMB": 0.23, "format": "Not provided"}, "GCPEX.20120209.1_noaa15.1_noaa16.1_noaa17.1_noaa18.1_noaa19.png": {"temporal": ["2012-02-09T00:00:00.000Z", "2012-02-09T23:59:59.000Z"], "wnes_geometry": {"westBoundingCoordinate": -87, "eastBoundingCoordinate": -73, "northBoundingCoordinate": 47.5, "southBoundingCoordinate": 41}, "sizeMB": 0.21, "format": "Not provided"}, "GCPEX.20120210.1_noaa15.1_noaa16.1_noaa17.1_noaa18.1_noaa19.png": {"temporal": ["2012-02-10T00:00:00.000Z", "2012-02-10T23:59:59.000Z"], "wnes_geometry": {"westBoundingCoordinate": -87, "eastBoundingCoordinate": -73, "northBoundingCoordinate": 47.5, "southBoundingCoordinate": 41}, "sizeMB": 0.21, "format": "Not provided"}, "GCPEX.20120211.1_noaa15.1_noaa16.2_noaa17.1_noaa18.1_noaa19.png": {"temporal": ["2012-02-11T00:00:00.000Z", "2012-02-11T23:59:59.000Z"], "wnes_geometry": {"westBoundingCoordinate": -87, "eastBoundingCoordinate": -73, "northBoundingCoordinate": 47.5, "southBoundingCoordinate": 41}, "sizeMB": 0.24, "format": "Not provided"}, "GCPEX.20120212.1_noaa15.1_noaa16.1_noaa17.1_noaa18.1_noaa19.png": {"temporal": ["2012-02-12T00:00:00.000Z", "2012-02-12T23:59:59.000Z"], "wnes_geometry": {"westBoundingCoordinate": -87, "eastBoundingCoordinate": -73, "northBoundingCoordinate": 47.5, "southBoundingCoordinate": 41}, "sizeMB": 0.21, "format": "Not provided"}, "GCPEX.20120213.1_noaa15.2_noaa16.1_noaa17.1_noaa18.1_noaa19.png": {"temporal": ["2012-02-13T00:00:00.000Z", "2012-02-13T23:59:59.000Z"], "wnes_geometry": {"westBoundingCoordinate": -87, "eastBoundingCoordinate": -73, "northBoundingCoordinate": 47.5, "southBoundingCoordinate": 41}, "sizeMB": 0.21, "format": "Not provided"}, "GCPEX.20120214.1_noaa15.1_noaa16.1_noaa17.1_noaa18.1_noaa19.png": {"temporal": ["2012-02-14T00:00:00.000Z", "2012-02-14T23:59:59.000Z"], "wnes_geometry": {"westBoundingCoordinate": -87, "eastBoundingCoordinate": -73, "northBoundingCoordinate": 47.5, "southBoundingCoordinate": 41}, "sizeMB": 0.23, "format": "Not provided"}, "GCPEX.20120215.1_noaa15.1_noaa16.1_noaa17.1_noaa18.1_noaa19.png": {"temporal": ["2012-02-15T00:00:00.000Z", "2012-02-15T23:59:59.000Z"], "wnes_geometry": {"westBoundingCoordinate": -87, "eastBoundingCoordinate": -73, "northBoundingCoordinate": 47.5, "southBoundingCoordinate": 41}, "sizeMB": 0.22, "format": "Not provided"}, "GCPEX.20120216.1_noaa15.1_noaa16.1_noaa17.1_noaa18.1_noaa19.png": {"temporal": ["2012-02-16T00:00:00.000Z", "2012-02-16T23:59:59.000Z"], "wnes_geometry": {"westBoundingCoordinate": -87, "eastBoundingCoordinate": -73, "northBoundingCoordinate": 47.5, "southBoundingCoordinate": 41}, "sizeMB": 0.21, "format": "Not provided"}, "GCPEX.20120217.0_noaa15.1_noaa16.1_noaa17.1_noaa18.1_noaa19.png": {"temporal": ["2012-02-17T00:00:00.000Z", "2012-02-17T23:59:59.000Z"], "wnes_geometry": {"westBoundingCoordinate": -87, "eastBoundingCoordinate": -73, "northBoundingCoordinate": 47.5, "southBoundingCoordinate": 41}, "sizeMB": 0.2, "format": "Not provided"}, "GCPEX.20120218.1_noaa15.1_noaa16.1_noaa17.1_noaa18.1_noaa19.png": {"temporal": ["2012-02-18T00:00:00.000Z", "2012-02-18T23:59:59.000Z"], "wnes_geometry": {"westBoundingCoordinate": -87, "eastBoundingCoordinate": -73, "northBoundingCoordinate": 47.5, "southBoundingCoordinate": 41}, "sizeMB": 0.22, "format": "Not provided"}, "GCPEX.20120219.1_noaa15.1_noaa16.1_noaa17.1_noaa18.1_noaa19.png": {"temporal": ["2012-02-19T00:00:00.000Z", "2012-02-19T23:59:59.000Z"], "wnes_geometry": {"westBoundingCoordinate": -87, "eastBoundingCoordinate": -73, "northBoundingCoordinate": 47.5, "southBoundingCoordinate": 41}, "sizeMB": 0.22, "format": "Not provided"}, "GCPEX.20120220.1_noaa15.1_noaa16.1_noaa17.1_noaa18.1_noaa19.png": {"temporal": ["2012-02-20T00:00:00.000Z", "2012-02-20T23:59:59.000Z"], "wnes_geometry": {"westBoundingCoordinate": -87, "eastBoundingCoordinate": -73, "northBoundingCoordinate": 47.5, "southBoundingCoordinate": 41}, "sizeMB": 0.22, "format": "Not provided"}, "GCPEX.20120221.0_noaa15.2_noaa16.1_noaa17.1_noaa18.1_noaa19.png": {"temporal": ["2012-02-21T00:00:00.000Z", "2012-02-21T23:59:59.000Z"], "wnes_geometry": {"westBoundingCoordinate": -87, "eastBoundingCoordinate": -73, "northBoundingCoordinate": 47.5, "southBoundingCoordinate": 41}, "sizeMB": 0.2, "format": "Not provided"}, "GCPEX.20120222.1_noaa15.1_noaa16.1_noaa17.1_noaa18.1_noaa19.png": {"temporal": ["2012-02-22T00:00:00.000Z", "2012-02-22T23:59:59.000Z"], "wnes_geometry": {"westBoundingCoordinate": -87, "eastBoundingCoordinate": -73, "northBoundingCoordinate": 47.5, "southBoundingCoordinate": 41}, "sizeMB": 0.22, "format": "Not provided"}, "GCPEX.20120223.1_noaa15.1_noaa16.1_noaa17.1_noaa18.0_noaa19.png": {"temporal": ["2012-02-23T00:00:00.000Z", "2012-02-23T23:59:59.000Z"], "wnes_geometry": {"westBoundingCoordinate": -87, "eastBoundingCoordinate": -73, "northBoundingCoordinate": 47.5, "southBoundingCoordinate": 41}, "sizeMB": 0.24, "format": "Not provided"}, "GCPEX.20120224.1_noaa15.1_noaa16.2_noaa17.1_noaa18.1_noaa19.png": {"temporal": ["2012-02-24T00:00:00.000Z", "2012-02-24T23:59:59.000Z"], "wnes_geometry": {"westBoundingCoordinate": -87, "eastBoundingCoordinate": -73, "northBoundingCoordinate": 47.5, "southBoundingCoordinate": 41}, "sizeMB": 0.23, "format": "Not provided"}, "GCPEX.20120225.1_noaa15.1_noaa16.2_noaa17.1_noaa18.1_noaa19.png": {"temporal": ["2012-02-25T00:00:00.000Z", "2012-02-25T23:59:59.000Z"], "wnes_geometry": {"westBoundingCoordinate": -87, "eastBoundingCoordinate": -73, "northBoundingCoordinate": 47.5, "southBoundingCoordinate": 41}, "sizeMB": 0.23, "format": "Not provided"}, "GCPEX.20120226.1_noaa15.1_noaa16.1_noaa17.1_noaa18.1_noaa19.png": {"temporal": ["2012-02-26T00:00:00.000Z", "2012-02-26T23:59:59.000Z"], "wnes_geometry": {"westBoundingCoordinate": -87, "eastBoundingCoordinate": -73, "northBoundingCoordinate": 47.5, "southBoundingCoordinate": 41}, "sizeMB": 0.22, "format": "Not provided"}, "GCPEX.20120227.1_noaa15.1_noaa16.1_noaa17.1_noaa18.1_noaa19.png": {"temporal": ["2012-02-27T00:00:00.000Z", "2012-02-27T23:59:59.000Z"], "wnes_geometry": {"westBoundingCoordinate": -87, "eastBoundingCoordinate": -73, "northBoundingCoordinate": 47.5, "southBoundingCoordinate": 41}, "sizeMB": 0.24, "format": "Not provided"}, "GCPEX.20120228.0_noaa15.0_noaa16.1_noaa17.0_noaa18.0_noaa19.png": {"temporal": ["2012-02-28T00:00:00.000Z", "2012-02-28T23:59:59.000Z"], "wnes_geometry": {"westBoundingCoordinate": -87, "eastBoundingCoordinate": -73, "northBoundingCoordinate": 47.5, "southBoundingCoordinate": 41}, "sizeMB": 0.12, "format": "Not provided"}}