{"pluvio_Harmaja_20100915_1min.txt": {"temporal": ["2010-09-15T00:00:00.000Z", "2010-09-15T23:59:00.000Z"], "wnes_geometry": {"westBoundingCoordinate": 24.04, "eastBoundingCoordinate": 25.37, "northBoundingCoordinate": 60.29, "southBoundingCoordinate": 60.12}, "sizeMB": 0.01, "format": "Not provided"}, "pluvio_Emasalo_20100915_1min.txt": {"temporal": ["2010-09-15T00:00:00.000Z", "2010-09-15T23:59:00.000Z"], "wnes_geometry": {"westBoundingCoordinate": 24.04, "eastBoundingCoordinate": 25.37, "northBoundingCoordinate": 60.29, "southBoundingCoordinate": 60.12}, "sizeMB": 0.01, "format": "Not provided"}, "pluvio_Emasalo_raintable.txt": {"temporal": ["2010-09-15T06:15:00.000Z", "2010-10-21T09:40:00.000Z"], "wnes_geometry": {"westBoundingCoordinate": 24.04, "eastBoundingCoordinate": 25.37, "northBoundingCoordinate": 60.29, "southBoundingCoordinate": 60.12}, "sizeMB": 0, "format": "Not provided"}, "pluvio_Harmaja_raintable.txt": {"temporal": ["2010-09-15T13:55:00.000Z", "2010-10-21T06:28:00.000Z"], "wnes_geometry": {"westBoundingCoordinate": 24.04, "eastBoundingCoordinate": 25.37, "northBoundingCoordinate": 60.29, "southBoundingCoordinate": 60.12}, "sizeMB": 0, "format": "Not provided"}, "pluvio_Emasalo_20100916_1min.txt": {"temporal": ["2010-09-16T00:00:00.000Z", "2010-09-16T23:59:00.000Z"], "wnes_geometry": {"westBoundingCoordinate": 24.04, "eastBoundingCoordinate": 25.37, "northBoundingCoordinate": 60.29, "southBoundingCoordinate": 60.12}, "sizeMB": 0.01, "format": "Not provided"}, "pluvio_Harmaja_20100916_1min.txt": {"temporal": ["2010-09-16T00:00:00.000Z", "2010-09-16T23:59:00.000Z"], "wnes_geometry": {"westBoundingCoordinate": 24.04, "eastBoundingCoordinate": 25.37, "northBoundingCoordinate": 60.29, "southBoundingCoordinate": 60.12}, "sizeMB": 0.02, "format": "Not provided"}, "pluvio_Emasalo_20100917_1min.txt": {"temporal": ["2010-09-17T00:00:00.000Z", "2010-09-17T23:59:00.000Z"], "wnes_geometry": {"westBoundingCoordinate": 24.04, "eastBoundingCoordinate": 25.37, "northBoundingCoordinate": 60.29, "southBoundingCoordinate": 60.12}, "sizeMB": 0.01, "format": "Not provided"}, "pluvio_Harmaja_20100917_1min.txt": {"temporal": ["2010-09-17T00:00:00.000Z", "2010-09-17T23:59:00.000Z"], "wnes_geometry": {"westBoundingCoordinate": 24.04, "eastBoundingCoordinate": 25.37, "northBoundingCoordinate": 60.29, "southBoundingCoordinate": 60.12}, "sizeMB": 0.01, "format": "Not provided"}, "pluvio_Emasalo_20100918_1min.txt": {"temporal": ["2010-09-18T00:00:00.000Z", "2010-09-18T23:59:00.000Z"], "wnes_geometry": {"westBoundingCoordinate": 24.04, "eastBoundingCoordinate": 25.37, "northBoundingCoordinate": 60.29, "southBoundingCoordinate": 60.12}, "sizeMB": 0.01, "format": "Not provided"}, "pluvio_Jarvenpaa_20100919_1min.txt": {"temporal": ["2010-09-19T00:00:00.000Z", "2010-09-19T23:59:00.000Z"], "wnes_geometry": {"westBoundingCoordinate": 24.04, "eastBoundingCoordinate": 25.37, "northBoundingCoordinate": 60.29, "southBoundingCoordinate": 60.12}, "sizeMB": 0.01, "format": "Not provided"}, "pluvio_Emasalo_20100919_1min.txt": {"temporal": ["2010-09-19T00:00:00.000Z", "2010-09-19T23:59:00.000Z"], "wnes_geometry": {"westBoundingCoordinate": 24.04, "eastBoundingCoordinate": 25.37, "northBoundingCoordinate": 60.29, "southBoundingCoordinate": 60.12}, "sizeMB": 0.02, "format": "Not provided"}, "pluvio_Jarvenpaa_raintable.txt": {"temporal": ["2010-09-19T14:10:00.000Z", "2010-10-13T01:32:00.000Z"], "wnes_geometry": {"westBoundingCoordinate": 24.04, "eastBoundingCoordinate": 25.37, "northBoundingCoordinate": 60.29, "southBoundingCoordinate": 60.12}, "sizeMB": 0, "format": "Not provided"}, "pluvio_Jarvenpaa_20100920_1min.txt": {"temporal": ["2010-09-20T00:00:00.000Z", "2010-09-20T23:59:00.000Z"], "wnes_geometry": {"westBoundingCoordinate": 24.04, "eastBoundingCoordinate": 25.37, "northBoundingCoordinate": 60.29, "southBoundingCoordinate": 60.12}, "sizeMB": 0.01, "format": "Not provided"}, "pluvio_Emasalo_20100920_1min.txt": {"temporal": ["2010-09-20T00:00:00.000Z", "2010-09-20T23:59:00.000Z"], "wnes_geometry": {"westBoundingCoordinate": 24.04, "eastBoundingCoordinate": 25.37, "northBoundingCoordinate": 60.29, "southBoundingCoordinate": 60.12}, "sizeMB": 0.01, "format": "Not provided"}, "pluvio_Harmaja_20100921_1min.txt": {"temporal": ["2010-09-21T00:00:00.000Z", "2010-09-21T23:59:00.000Z"], "wnes_geometry": {"westBoundingCoordinate": 24.04, "eastBoundingCoordinate": 25.37, "northBoundingCoordinate": 60.29, "southBoundingCoordinate": 60.12}, "sizeMB": 0.01, "format": "Not provided"}, "pluvio_Emasalo_20100922_1min.txt": {"temporal": ["2010-09-22T00:00:00.000Z", "2010-09-22T23:59:00.000Z"], "wnes_geometry": {"westBoundingCoordinate": 24.04, "eastBoundingCoordinate": 25.37, "northBoundingCoordinate": 60.29, "southBoundingCoordinate": 60.12}, "sizeMB": 0.01, "format": "Not provided"}, "pluvio_Emasalo_20100923_1min.txt": {"temporal": ["2010-09-23T00:00:00.000Z", "2010-09-23T23:59:00.000Z"], "wnes_geometry": {"westBoundingCoordinate": 24.04, "eastBoundingCoordinate": 25.37, "northBoundingCoordinate": 60.29, "southBoundingCoordinate": 60.12}, "sizeMB": 0.02, "format": "Not provided"}, "pluvio_Jarvenpaa_20100923_1min.txt": {"temporal": ["2010-09-23T00:00:00.000Z", "2010-09-23T23:59:00.000Z"], "wnes_geometry": {"westBoundingCoordinate": 24.04, "eastBoundingCoordinate": 25.37, "northBoundingCoordinate": 60.29, "southBoundingCoordinate": 60.12}, "sizeMB": 0, "format": "Not provided"}, "pluvio_Harmaja_20100924_1min.txt": {"temporal": ["2010-09-24T00:00:00.000Z", "2010-09-24T23:59:00.000Z"], "wnes_geometry": {"westBoundingCoordinate": 24.04, "eastBoundingCoordinate": 25.37, "northBoundingCoordinate": 60.29, "southBoundingCoordinate": 60.12}, "sizeMB": 0.07, "format": "Not provided"}, "pluvio_Emasalo_20100924_1min.txt": {"temporal": ["2010-09-24T00:00:00.000Z", "2010-09-24T23:59:00.000Z"], "wnes_geometry": {"westBoundingCoordinate": 24.04, "eastBoundingCoordinate": 25.37, "northBoundingCoordinate": 60.29, "southBoundingCoordinate": 60.12}, "sizeMB": 0.01, "format": "Not provided"}, "pluvio_Harmaja_20100925_1min.txt": {"temporal": ["2010-09-25T00:00:00.000Z", "2010-09-25T23:59:00.000Z"], "wnes_geometry": {"westBoundingCoordinate": 24.04, "eastBoundingCoordinate": 25.37, "northBoundingCoordinate": 60.29, "southBoundingCoordinate": 60.12}, "sizeMB": 0.05, "format": "Not provided"}, "pluvio_Emasalo_20100927_1min.txt": {"temporal": ["2010-09-27T00:00:00.000Z", "2010-09-27T23:59:00.000Z"], "wnes_geometry": {"westBoundingCoordinate": 24.04, "eastBoundingCoordinate": 25.37, "northBoundingCoordinate": 60.29, "southBoundingCoordinate": 60.12}, "sizeMB": 0.04, "format": "Not provided"}, "pluvio_Jarvenpaa_20100927_1min.txt": {"temporal": ["2010-09-27T00:00:00.000Z", "2010-09-27T23:59:00.000Z"], "wnes_geometry": {"westBoundingCoordinate": 24.04, "eastBoundingCoordinate": 25.37, "northBoundingCoordinate": 60.29, "southBoundingCoordinate": 60.12}, "sizeMB": 0, "format": "Not provided"}, "pluvio_Emasalo_20100928_1min.txt": {"temporal": ["2010-09-28T00:00:00.000Z", "2010-09-28T23:59:00.000Z"], "wnes_geometry": {"westBoundingCoordinate": 24.04, "eastBoundingCoordinate": 25.37, "northBoundingCoordinate": 60.29, "southBoundingCoordinate": 60.12}, "sizeMB": 0.06, "format": "Not provided"}, "pluvio_Jarvenpaa_20100929_1min.txt": {"temporal": ["2010-09-29T00:00:00.000Z", "2010-09-29T23:59:00.000Z"], "wnes_geometry": {"westBoundingCoordinate": 24.04, "eastBoundingCoordinate": 25.37, "northBoundingCoordinate": 60.29, "southBoundingCoordinate": 60.12}, "sizeMB": 0.05, "format": "Not provided"}, "pluvio_Jarvenpaa_20100930_1min.txt": {"temporal": ["2010-09-30T00:00:00.000Z", "2010-09-30T23:59:00.000Z"], "wnes_geometry": {"westBoundingCoordinate": 24.04, "eastBoundingCoordinate": 25.37, "northBoundingCoordinate": 60.29, "southBoundingCoordinate": 60.12}, "sizeMB": 0.06, "format": "Not provided"}, "pluvio_Emasalo_20100930_1min.txt": {"temporal": ["2010-09-30T00:00:00.000Z", "2010-09-30T23:59:00.000Z"], "wnes_geometry": {"westBoundingCoordinate": 24.04, "eastBoundingCoordinate": 25.37, "northBoundingCoordinate": 60.29, "southBoundingCoordinate": 60.12}, "sizeMB": 0.02, "format": "Not provided"}, "pluvio_Harmaja_20101001_1min.txt": {"temporal": ["2010-10-01T00:00:00.000Z", "2010-10-01T23:59:00.000Z"], "wnes_geometry": {"westBoundingCoordinate": 24.04, "eastBoundingCoordinate": 25.37, "northBoundingCoordinate": 60.29, "southBoundingCoordinate": 60.12}, "sizeMB": 0, "format": "Not provided"}, "pluvio_Emasalo_20101007_1min.txt": {"temporal": ["2010-10-07T00:00:00.000Z", "2010-10-07T23:59:00.000Z"], "wnes_geometry": {"westBoundingCoordinate": 24.04, "eastBoundingCoordinate": 25.37, "northBoundingCoordinate": 60.29, "southBoundingCoordinate": 60.12}, "sizeMB": 0.05, "format": "Not provided"}, "pluvio_Harmaja_20101008_1min.txt": {"temporal": ["2010-10-08T00:00:00.000Z", "2010-10-08T23:59:00.000Z"], "wnes_geometry": {"westBoundingCoordinate": 24.04, "eastBoundingCoordinate": 25.37, "northBoundingCoordinate": 60.29, "southBoundingCoordinate": 60.12}, "sizeMB": 0.07, "format": "Not provided"}, "pluvio_Emasalo_20101008_1min.txt": {"temporal": ["2010-10-08T00:00:00.000Z", "2010-10-08T23:59:00.000Z"], "wnes_geometry": {"westBoundingCoordinate": 24.04, "eastBoundingCoordinate": 25.37, "northBoundingCoordinate": 60.29, "southBoundingCoordinate": 60.12}, "sizeMB": 0.1, "format": "Not provided"}, "pluvio_Harmaja_20101009_1min.txt": {"temporal": ["2010-10-09T00:00:00.000Z", "2010-10-09T23:59:00.000Z"], "wnes_geometry": {"westBoundingCoordinate": 24.04, "eastBoundingCoordinate": 25.37, "northBoundingCoordinate": 60.29, "southBoundingCoordinate": 60.12}, "sizeMB": 0.1, "format": "Not provided"}, "pluvio_Emasalo_20101009_1min.txt": {"temporal": ["2010-10-09T00:00:00.000Z", "2010-10-09T23:59:00.000Z"], "wnes_geometry": {"westBoundingCoordinate": 24.04, "eastBoundingCoordinate": 25.37, "northBoundingCoordinate": 60.29, "southBoundingCoordinate": 60.12}, "sizeMB": 0.1, "format": "Not provided"}, "pluvio_Emasalo_20101010_1min.txt": {"temporal": ["2010-10-10T00:00:00.000Z", "2010-10-10T23:59:00.000Z"], "wnes_geometry": {"westBoundingCoordinate": 24.04, "eastBoundingCoordinate": 25.37, "northBoundingCoordinate": 60.29, "southBoundingCoordinate": 60.12}, "sizeMB": 0.1, "format": "Not provided"}, "pluvio_Harmaja_20101010_1min.txt": {"temporal": ["2010-10-10T00:00:00.000Z", "2010-10-10T23:59:00.000Z"], "wnes_geometry": {"westBoundingCoordinate": 24.04, "eastBoundingCoordinate": 25.37, "northBoundingCoordinate": 60.29, "southBoundingCoordinate": 60.12}, "sizeMB": 0.1, "format": "Not provided"}, "pluvio_Harmaja_20101011_1min.txt": {"temporal": ["2010-10-11T00:00:00.000Z", "2010-10-11T23:59:00.000Z"], "wnes_geometry": {"westBoundingCoordinate": 24.04, "eastBoundingCoordinate": 25.37, "northBoundingCoordinate": 60.29, "southBoundingCoordinate": 60.12}, "sizeMB": 0.1, "format": "Not provided"}, "pluvio_Jarvenpaa_20101011_1min.txt": {"temporal": ["2010-10-11T00:00:00.000Z", "2010-10-11T23:59:00.000Z"], "wnes_geometry": {"westBoundingCoordinate": 24.04, "eastBoundingCoordinate": 25.37, "northBoundingCoordinate": 60.29, "southBoundingCoordinate": 60.12}, "sizeMB": 0.06, "format": "Not provided"}, "pluvio_Emasalo_20101011_1min.txt": {"temporal": ["2010-10-11T00:00:00.000Z", "2010-10-11T23:59:00.000Z"], "wnes_geometry": {"westBoundingCoordinate": 24.04, "eastBoundingCoordinate": 25.37, "northBoundingCoordinate": 60.29, "southBoundingCoordinate": 60.12}, "sizeMB": 0.09, "format": "Not provided"}, "pluvio_Emasalo_20101012_1min.txt": {"temporal": ["2010-10-12T00:00:00.000Z", "2010-10-12T23:59:00.000Z"], "wnes_geometry": {"westBoundingCoordinate": 24.04, "eastBoundingCoordinate": 25.37, "northBoundingCoordinate": 60.29, "southBoundingCoordinate": 60.12}, "sizeMB": 0.1, "format": "Not provided"}, "pluvio_Jarvenpaa_20101012_1min.txt": {"temporal": ["2010-10-12T00:00:00.000Z", "2010-10-12T23:59:00.000Z"], "wnes_geometry": {"westBoundingCoordinate": 24.04, "eastBoundingCoordinate": 25.37, "northBoundingCoordinate": 60.29, "southBoundingCoordinate": 60.12}, "sizeMB": 0.1, "format": "Not provided"}, "pluvio_Harmaja_20101012_1min.txt": {"temporal": ["2010-10-12T00:00:00.000Z", "2010-10-12T23:59:00.000Z"], "wnes_geometry": {"westBoundingCoordinate": 24.04, "eastBoundingCoordinate": 25.37, "northBoundingCoordinate": 60.29, "southBoundingCoordinate": 60.12}, "sizeMB": 0.1, "format": "Not provided"}, "pluvio_Harmaja_20101013_1min.txt": {"temporal": ["2010-10-13T00:00:00.000Z", "2010-10-13T23:59:00.000Z"], "wnes_geometry": {"westBoundingCoordinate": 24.04, "eastBoundingCoordinate": 25.37, "northBoundingCoordinate": 60.29, "southBoundingCoordinate": 60.12}, "sizeMB": 0.1, "format": "Not provided"}, "pluvio_Jarvenpaa_20101013_1min.txt": {"temporal": ["2010-10-13T00:00:00.000Z", "2010-10-13T23:59:00.000Z"], "wnes_geometry": {"westBoundingCoordinate": 24.04, "eastBoundingCoordinate": 25.37, "northBoundingCoordinate": 60.29, "southBoundingCoordinate": 60.12}, "sizeMB": 0.1, "format": "Not provided"}, "pluvio_Emasalo_20101013_1min.txt": {"temporal": ["2010-10-13T00:00:00.000Z", "2010-10-13T23:59:00.000Z"], "wnes_geometry": {"westBoundingCoordinate": 24.04, "eastBoundingCoordinate": 25.37, "northBoundingCoordinate": 60.29, "southBoundingCoordinate": 60.12}, "sizeMB": 0.1, "format": "Not provided"}, "pluvio_Jarvenpaa_20101014_1min.txt": {"temporal": ["2010-10-14T00:00:00.000Z", "2010-10-14T23:59:00.000Z"], "wnes_geometry": {"westBoundingCoordinate": 24.04, "eastBoundingCoordinate": 25.37, "northBoundingCoordinate": 60.29, "southBoundingCoordinate": 60.12}, "sizeMB": 0.1, "format": "Not provided"}, "pluvio_Harmaja_20101014_1min.txt": {"temporal": ["2010-10-14T00:00:00.000Z", "2010-10-14T23:59:00.000Z"], "wnes_geometry": {"westBoundingCoordinate": 24.04, "eastBoundingCoordinate": 25.37, "northBoundingCoordinate": 60.29, "southBoundingCoordinate": 60.12}, "sizeMB": 0.1, "format": "Not provided"}, "pluvio_Emasalo_20101014_1min.txt": {"temporal": ["2010-10-14T00:00:00.000Z", "2010-10-14T23:59:00.000Z"], "wnes_geometry": {"westBoundingCoordinate": 24.04, "eastBoundingCoordinate": 25.37, "northBoundingCoordinate": 60.29, "southBoundingCoordinate": 60.12}, "sizeMB": 0.1, "format": "Not provided"}, "pluvio_Harmaja_20101015_1min.txt": {"temporal": ["2010-10-15T00:00:00.000Z", "2010-10-15T23:59:00.000Z"], "wnes_geometry": {"westBoundingCoordinate": 24.04, "eastBoundingCoordinate": 25.37, "northBoundingCoordinate": 60.29, "southBoundingCoordinate": 60.12}, "sizeMB": 0.1, "format": "Not provided"}, "pluvio_Jarvenpaa_20101015_1min.txt": {"temporal": ["2010-10-15T00:00:00.000Z", "2010-10-15T23:59:00.000Z"], "wnes_geometry": {"westBoundingCoordinate": 24.04, "eastBoundingCoordinate": 25.37, "northBoundingCoordinate": 60.29, "southBoundingCoordinate": 60.12}, "sizeMB": 0.1, "format": "Not provided"}, "pluvio_Emasalo_20101015_1min.txt": {"temporal": ["2010-10-15T00:00:00.000Z", "2010-10-15T23:59:00.000Z"], "wnes_geometry": {"westBoundingCoordinate": 24.04, "eastBoundingCoordinate": 25.37, "northBoundingCoordinate": 60.29, "southBoundingCoordinate": 60.12}, "sizeMB": 0.1, "format": "Not provided"}, "pluvio_Jarvenpaa_20101016_1min.txt": {"temporal": ["2010-10-16T00:00:00.000Z", "2010-10-16T23:59:00.000Z"], "wnes_geometry": {"westBoundingCoordinate": 24.04, "eastBoundingCoordinate": 25.37, "northBoundingCoordinate": 60.29, "southBoundingCoordinate": 60.12}, "sizeMB": 0.1, "format": "Not provided"}, "pluvio_Harmaja_20101016_1min.txt": {"temporal": ["2010-10-16T00:00:00.000Z", "2010-10-16T23:59:00.000Z"], "wnes_geometry": {"westBoundingCoordinate": 24.04, "eastBoundingCoordinate": 25.37, "northBoundingCoordinate": 60.29, "southBoundingCoordinate": 60.12}, "sizeMB": 0.1, "format": "Not provided"}, "pluvio_Emasalo_20101016_1min.txt": {"temporal": ["2010-10-16T00:00:00.000Z", "2010-10-16T23:59:00.000Z"], "wnes_geometry": {"westBoundingCoordinate": 24.04, "eastBoundingCoordinate": 25.37, "northBoundingCoordinate": 60.29, "southBoundingCoordinate": 60.12}, "sizeMB": 0.1, "format": "Not provided"}, "pluvio_Harmaja_20101017_1min.txt": {"temporal": ["2010-10-17T00:00:00.000Z", "2010-10-17T23:59:00.000Z"], "wnes_geometry": {"westBoundingCoordinate": 24.04, "eastBoundingCoordinate": 25.37, "northBoundingCoordinate": 60.29, "southBoundingCoordinate": 60.12}, "sizeMB": 0.1, "format": "Not provided"}, "pluvio_Emasalo_20101017_1min.txt": {"temporal": ["2010-10-17T00:00:00.000Z", "2010-10-17T23:59:00.000Z"], "wnes_geometry": {"westBoundingCoordinate": 24.04, "eastBoundingCoordinate": 25.37, "northBoundingCoordinate": 60.29, "southBoundingCoordinate": 60.12}, "sizeMB": 0.1, "format": "Not provided"}, "pluvio_Jarvenpaa_20101017_1min.txt": {"temporal": ["2010-10-17T00:00:00.000Z", "2010-10-17T23:59:00.000Z"], "wnes_geometry": {"westBoundingCoordinate": 24.04, "eastBoundingCoordinate": 25.37, "northBoundingCoordinate": 60.29, "southBoundingCoordinate": 60.12}, "sizeMB": 0.1, "format": "Not provided"}, "pluvio_Jarvenpaa_20101018_1min.txt": {"temporal": ["2010-10-18T00:00:00.000Z", "2010-10-18T23:59:00.000Z"], "wnes_geometry": {"westBoundingCoordinate": 24.04, "eastBoundingCoordinate": 25.37, "northBoundingCoordinate": 60.29, "southBoundingCoordinate": 60.12}, "sizeMB": 0.1, "format": "Not provided"}, "pluvio_Harmaja_20101018_1min.txt": {"temporal": ["2010-10-18T00:00:00.000Z", "2010-10-18T23:59:00.000Z"], "wnes_geometry": {"westBoundingCoordinate": 24.04, "eastBoundingCoordinate": 25.37, "northBoundingCoordinate": 60.29, "southBoundingCoordinate": 60.12}, "sizeMB": 0.1, "format": "Not provided"}, "pluvio_Emasalo_20101018_1min.txt": {"temporal": ["2010-10-18T00:00:00.000Z", "2010-10-18T23:59:00.000Z"], "wnes_geometry": {"westBoundingCoordinate": 24.04, "eastBoundingCoordinate": 25.37, "northBoundingCoordinate": 60.29, "southBoundingCoordinate": 60.12}, "sizeMB": 0.1, "format": "Not provided"}, "pluvio_Harmaja_20101019_1min.txt": {"temporal": ["2010-10-19T00:00:00.000Z", "2010-10-19T23:59:00.000Z"], "wnes_geometry": {"westBoundingCoordinate": 24.04, "eastBoundingCoordinate": 25.37, "northBoundingCoordinate": 60.29, "southBoundingCoordinate": 60.12}, "sizeMB": 0.1, "format": "Not provided"}, "pluvio_Jarvenpaa_20101019_1min.txt": {"temporal": ["2010-10-19T00:00:00.000Z", "2010-10-19T23:59:00.000Z"], "wnes_geometry": {"westBoundingCoordinate": 24.04, "eastBoundingCoordinate": 25.37, "northBoundingCoordinate": 60.29, "southBoundingCoordinate": 60.12}, "sizeMB": 0.1, "format": "Not provided"}, "pluvio_Emasalo_20101019_1min.txt": {"temporal": ["2010-10-19T00:00:00.000Z", "2010-10-19T23:59:00.000Z"], "wnes_geometry": {"westBoundingCoordinate": 24.04, "eastBoundingCoordinate": 25.37, "northBoundingCoordinate": 60.29, "southBoundingCoordinate": 60.12}, "sizeMB": 0.1, "format": "Not provided"}, "pluvio_Jarvenpaa_20101020_1min.txt": {"temporal": ["2010-10-20T00:00:00.000Z", "2010-10-20T23:59:00.000Z"], "wnes_geometry": {"westBoundingCoordinate": 24.04, "eastBoundingCoordinate": 25.37, "northBoundingCoordinate": 60.29, "southBoundingCoordinate": 60.12}, "sizeMB": 0.1, "format": "Not provided"}, "pluvio_Emasalo_20101020_1min.txt": {"temporal": ["2010-10-20T00:00:00.000Z", "2010-10-20T23:59:00.000Z"], "wnes_geometry": {"westBoundingCoordinate": 24.04, "eastBoundingCoordinate": 25.37, "northBoundingCoordinate": 60.29, "southBoundingCoordinate": 60.12}, "sizeMB": 0.1, "format": "Not provided"}, "pluvio_Harmaja_20101020_1min.txt": {"temporal": ["2010-10-20T00:00:00.000Z", "2010-10-20T23:59:00.000Z"], "wnes_geometry": {"westBoundingCoordinate": 24.04, "eastBoundingCoordinate": 25.37, "northBoundingCoordinate": 60.29, "southBoundingCoordinate": 60.12}, "sizeMB": 0.1, "format": "Not provided"}, "pluvio_Jarvenpaa_snowtable.txt": {"temporal": ["2010-10-20T00:43:00.000Z", "2011-01-13T09:18:00.000Z"], "wnes_geometry": {"westBoundingCoordinate": 24.04, "eastBoundingCoordinate": 25.37, "northBoundingCoordinate": 60.29, "southBoundingCoordinate": 60.12}, "sizeMB": 0.01, "format": "Not provided"}, "pluvio_Jarvenpaa_20101021_1min.txt": {"temporal": ["2010-10-21T00:00:00.000Z", "2010-10-21T23:59:00.000Z"], "wnes_geometry": {"westBoundingCoordinate": 24.04, "eastBoundingCoordinate": 25.37, "northBoundingCoordinate": 60.29, "southBoundingCoordinate": 60.12}, "sizeMB": 0.1, "format": "Not provided"}, "pluvio_Jarvenpaa_20101022_1min.txt": {"temporal": ["2010-10-22T00:00:00.000Z", "2010-10-22T23:59:00.000Z"], "wnes_geometry": {"westBoundingCoordinate": 24.04, "eastBoundingCoordinate": 25.37, "northBoundingCoordinate": 60.29, "southBoundingCoordinate": 60.12}, "sizeMB": 0.1, "format": "Not provided"}, "pluvio_Jarvenpaa_20101023_1min.txt": {"temporal": ["2010-10-23T00:00:00.000Z", "2010-10-23T23:59:00.000Z"], "wnes_geometry": {"westBoundingCoordinate": 24.04, "eastBoundingCoordinate": 25.37, "northBoundingCoordinate": 60.29, "southBoundingCoordinate": 60.12}, "sizeMB": 0.1, "format": "Not provided"}, "pluvio_Jarvenpaa_20101024_1min.txt": {"temporal": ["2010-10-24T00:00:00.000Z", "2010-10-24T23:59:00.000Z"], "wnes_geometry": {"westBoundingCoordinate": 24.04, "eastBoundingCoordinate": 25.37, "northBoundingCoordinate": 60.29, "southBoundingCoordinate": 60.12}, "sizeMB": 0.1, "format": "Not provided"}, "pluvio_Jarvenpaa_20101025_1min.txt": {"temporal": ["2010-10-25T00:00:00.000Z", "2010-10-25T23:59:00.000Z"], "wnes_geometry": {"westBoundingCoordinate": 24.04, "eastBoundingCoordinate": 25.37, "northBoundingCoordinate": 60.29, "southBoundingCoordinate": 60.12}, "sizeMB": 0.1, "format": "Not provided"}, "pluvio_Jarvenpaa_20101026_1min.txt": {"temporal": ["2010-10-26T00:00:00.000Z", "2010-10-26T23:59:00.000Z"], "wnes_geometry": {"westBoundingCoordinate": 24.04, "eastBoundingCoordinate": 25.37, "northBoundingCoordinate": 60.29, "southBoundingCoordinate": 60.12}, "sizeMB": 0.1, "format": "Not provided"}, "pluvio_Jarvenpaa_20101027_1min.txt": {"temporal": ["2010-10-27T00:00:00.000Z", "2010-10-27T23:59:00.000Z"], "wnes_geometry": {"westBoundingCoordinate": 24.04, "eastBoundingCoordinate": 25.37, "northBoundingCoordinate": 60.29, "southBoundingCoordinate": 60.12}, "sizeMB": 0.1, "format": "Not provided"}, "pluvio_Jarvenpaa_20101028_1min.txt": {"temporal": ["2010-10-28T00:00:00.000Z", "2010-10-28T23:59:00.000Z"], "wnes_geometry": {"westBoundingCoordinate": 24.04, "eastBoundingCoordinate": 25.37, "northBoundingCoordinate": 60.29, "southBoundingCoordinate": 60.12}, "sizeMB": 0.1, "format": "Not provided"}, "pluvio_Jarvenpaa_20101029_1min.txt": {"temporal": ["2010-10-29T00:00:00.000Z", "2010-10-29T23:59:00.000Z"], "wnes_geometry": {"westBoundingCoordinate": 24.04, "eastBoundingCoordinate": 25.37, "northBoundingCoordinate": 60.29, "southBoundingCoordinate": 60.12}, "sizeMB": 0.1, "format": "Not provided"}, "pluvio_Jarvenpaa_20101030_1min.txt": {"temporal": ["2010-10-30T00:00:00.000Z", "2010-10-30T23:59:00.000Z"], "wnes_geometry": {"westBoundingCoordinate": 24.04, "eastBoundingCoordinate": 25.37, "northBoundingCoordinate": 60.29, "southBoundingCoordinate": 60.12}, "sizeMB": 0.1, "format": "Not provided"}, "pluvio_Jarvenpaa_20101031_1min.txt": {"temporal": ["2010-10-31T00:00:00.000Z", "2010-10-31T23:59:00.000Z"], "wnes_geometry": {"westBoundingCoordinate": 24.04, "eastBoundingCoordinate": 25.37, "northBoundingCoordinate": 60.29, "southBoundingCoordinate": 60.12}, "sizeMB": 0.1, "format": "Not provided"}, "pluvio_Jarvenpaa_20101101_1min.txt": {"temporal": ["2010-11-01T00:00:00.000Z", "2010-11-01T23:59:00.000Z"], "wnes_geometry": {"westBoundingCoordinate": 24.04, "eastBoundingCoordinate": 25.37, "northBoundingCoordinate": 60.29, "southBoundingCoordinate": 60.12}, "sizeMB": 0.1, "format": "Not provided"}, "pluvio_Jarvenpaa_20101102_1min.txt": {"temporal": ["2010-11-02T00:00:00.000Z", "2010-11-02T23:59:00.000Z"], "wnes_geometry": {"westBoundingCoordinate": 24.04, "eastBoundingCoordinate": 25.37, "northBoundingCoordinate": 60.29, "southBoundingCoordinate": 60.12}, "sizeMB": 0.1, "format": "Not provided"}, "pluvio_Jarvenpaa_20101103_1min.txt": {"temporal": ["2010-11-03T00:00:00.000Z", "2010-11-03T23:59:00.000Z"], "wnes_geometry": {"westBoundingCoordinate": 24.04, "eastBoundingCoordinate": 25.37, "northBoundingCoordinate": 60.29, "southBoundingCoordinate": 60.12}, "sizeMB": 0.1, "format": "Not provided"}, "pluvio_Jarvenpaa_20101104_1min.txt": {"temporal": ["2010-11-04T00:00:00.000Z", "2010-11-04T23:59:00.000Z"], "wnes_geometry": {"westBoundingCoordinate": 24.04, "eastBoundingCoordinate": 25.37, "northBoundingCoordinate": 60.29, "southBoundingCoordinate": 60.12}, "sizeMB": 0.1, "format": "Not provided"}, "pluvio_Jarvenpaa_20101105_1min.txt": {"temporal": ["2010-11-05T00:00:00.000Z", "2010-11-05T23:59:00.000Z"], "wnes_geometry": {"westBoundingCoordinate": 24.04, "eastBoundingCoordinate": 25.37, "northBoundingCoordinate": 60.29, "southBoundingCoordinate": 60.12}, "sizeMB": 0.1, "format": "Not provided"}, "pluvio_Jarvenpaa_20101106_1min.txt": {"temporal": ["2010-11-06T00:00:00.000Z", "2010-11-06T23:59:00.000Z"], "wnes_geometry": {"westBoundingCoordinate": 24.04, "eastBoundingCoordinate": 25.37, "northBoundingCoordinate": 60.29, "southBoundingCoordinate": 60.12}, "sizeMB": 0.1, "format": "Not provided"}, "pluvio_Jarvenpaa_20101107_1min.txt": {"temporal": ["2010-11-07T00:00:00.000Z", "2010-11-07T23:59:00.000Z"], "wnes_geometry": {"westBoundingCoordinate": 24.04, "eastBoundingCoordinate": 25.37, "northBoundingCoordinate": 60.29, "southBoundingCoordinate": 60.12}, "sizeMB": 0.1, "format": "Not provided"}, "pluvio_Jarvenpaa_20101108_1min.txt": {"temporal": ["2010-11-08T00:00:00.000Z", "2010-11-08T23:59:00.000Z"], "wnes_geometry": {"westBoundingCoordinate": 24.04, "eastBoundingCoordinate": 25.37, "northBoundingCoordinate": 60.29, "southBoundingCoordinate": 60.12}, "sizeMB": 0.1, "format": "Not provided"}, "pluvio_Jarvenpaa_20101109_1min.txt": {"temporal": ["2010-11-09T00:00:00.000Z", "2010-11-09T23:59:00.000Z"], "wnes_geometry": {"westBoundingCoordinate": 24.04, "eastBoundingCoordinate": 25.37, "northBoundingCoordinate": 60.29, "southBoundingCoordinate": 60.12}, "sizeMB": 0.1, "format": "Not provided"}, "pluvio_Jarvenpaa_20101110_1min.txt": {"temporal": ["2010-11-10T00:00:00.000Z", "2010-11-10T23:59:00.000Z"], "wnes_geometry": {"westBoundingCoordinate": 24.04, "eastBoundingCoordinate": 25.37, "northBoundingCoordinate": 60.29, "southBoundingCoordinate": 60.12}, "sizeMB": 0.1, "format": "Not provided"}, "pluvio_Jarvenpaa_20101111_1min.txt": {"temporal": ["2010-11-11T00:00:00.000Z", "2010-11-11T23:59:00.000Z"], "wnes_geometry": {"westBoundingCoordinate": 24.04, "eastBoundingCoordinate": 25.37, "northBoundingCoordinate": 60.29, "southBoundingCoordinate": 60.12}, "sizeMB": 0.1, "format": "Not provided"}, "pluvio_Jarvenpaa_20101112_1min.txt": {"temporal": ["2010-11-12T00:00:00.000Z", "2010-11-12T23:59:00.000Z"], "wnes_geometry": {"westBoundingCoordinate": 24.04, "eastBoundingCoordinate": 25.37, "northBoundingCoordinate": 60.29, "southBoundingCoordinate": 60.12}, "sizeMB": 0.1, "format": "Not provided"}, "pluvio_Jarvenpaa_20101113_1min.txt": {"temporal": ["2010-11-13T00:00:00.000Z", "2010-11-13T23:59:00.000Z"], "wnes_geometry": {"westBoundingCoordinate": 24.04, "eastBoundingCoordinate": 25.37, "northBoundingCoordinate": 60.29, "southBoundingCoordinate": 60.12}, "sizeMB": 0.1, "format": "Not provided"}, "pluvio_Jarvenpaa_20101114_1min.txt": {"temporal": ["2010-11-14T00:00:00.000Z", "2010-11-14T23:59:00.000Z"], "wnes_geometry": {"westBoundingCoordinate": 24.04, "eastBoundingCoordinate": 25.37, "northBoundingCoordinate": 60.29, "southBoundingCoordinate": 60.12}, "sizeMB": 0.1, "format": "Not provided"}, "pluvio_Jarvenpaa_20101115_1min.txt": {"temporal": ["2010-11-15T00:00:00.000Z", "2010-11-15T23:59:00.000Z"], "wnes_geometry": {"westBoundingCoordinate": 24.04, "eastBoundingCoordinate": 25.37, "northBoundingCoordinate": 60.29, "southBoundingCoordinate": 60.12}, "sizeMB": 0.1, "format": "Not provided"}, "pluvio_Jarvenpaa_20101116_1min.txt": {"temporal": ["2010-11-16T00:00:00.000Z", "2010-11-16T23:59:00.000Z"], "wnes_geometry": {"westBoundingCoordinate": 24.04, "eastBoundingCoordinate": 25.37, "northBoundingCoordinate": 60.29, "southBoundingCoordinate": 60.12}, "sizeMB": 0.1, "format": "Not provided"}, "pluvio_Jarvenpaa_20101117_1min.txt": {"temporal": ["2010-11-17T00:00:00.000Z", "2010-11-17T23:59:00.000Z"], "wnes_geometry": {"westBoundingCoordinate": 24.04, "eastBoundingCoordinate": 25.37, "northBoundingCoordinate": 60.29, "southBoundingCoordinate": 60.12}, "sizeMB": 0.1, "format": "Not provided"}, "pluvio_Jarvenpaa_20101118_1min.txt": {"temporal": ["2010-11-18T00:00:00.000Z", "2010-11-18T23:59:00.000Z"], "wnes_geometry": {"westBoundingCoordinate": 24.04, "eastBoundingCoordinate": 25.37, "northBoundingCoordinate": 60.29, "southBoundingCoordinate": 60.12}, "sizeMB": 0.1, "format": "Not provided"}, "pluvio_Jarvenpaa_20101119_1min.txt": {"temporal": ["2010-11-19T00:00:00.000Z", "2010-11-19T23:59:00.000Z"], "wnes_geometry": {"westBoundingCoordinate": 24.04, "eastBoundingCoordinate": 25.37, "northBoundingCoordinate": 60.29, "southBoundingCoordinate": 60.12}, "sizeMB": 0.1, "format": "Not provided"}, "pluvio_Jarvenpaa_20101120_1min.txt": {"temporal": ["2010-11-20T00:00:00.000Z", "2010-11-20T23:59:00.000Z"], "wnes_geometry": {"westBoundingCoordinate": 24.04, "eastBoundingCoordinate": 25.37, "northBoundingCoordinate": 60.29, "southBoundingCoordinate": 60.12}, "sizeMB": 0.1, "format": "Not provided"}, "pluvio_Jarvenpaa_20101121_1min.txt": {"temporal": ["2010-11-21T00:00:00.000Z", "2010-11-21T23:59:00.000Z"], "wnes_geometry": {"westBoundingCoordinate": 24.04, "eastBoundingCoordinate": 25.37, "northBoundingCoordinate": 60.29, "southBoundingCoordinate": 60.12}, "sizeMB": 0.1, "format": "Not provided"}, "pluvio_Jarvenpaa_20101122_1min.txt": {"temporal": ["2010-11-22T00:00:00.000Z", "2010-11-22T23:59:00.000Z"], "wnes_geometry": {"westBoundingCoordinate": 24.04, "eastBoundingCoordinate": 25.37, "northBoundingCoordinate": 60.29, "southBoundingCoordinate": 60.12}, "sizeMB": 0.1, "format": "Not provided"}, "pluvio_Jarvenpaa_20101123_1min.txt": {"temporal": ["2010-11-23T00:00:00.000Z", "2010-11-23T23:59:00.000Z"], "wnes_geometry": {"westBoundingCoordinate": 24.04, "eastBoundingCoordinate": 25.37, "northBoundingCoordinate": 60.29, "southBoundingCoordinate": 60.12}, "sizeMB": 0.1, "format": "Not provided"}, "pluvio_Jarvenpaa_20101124_1min.txt": {"temporal": ["2010-11-24T00:00:00.000Z", "2010-11-24T23:59:00.000Z"], "wnes_geometry": {"westBoundingCoordinate": 24.04, "eastBoundingCoordinate": 25.37, "northBoundingCoordinate": 60.29, "southBoundingCoordinate": 60.12}, "sizeMB": 0.1, "format": "Not provided"}, "pluvio_Jarvenpaa_20101125_1min.txt": {"temporal": ["2010-11-25T00:00:00.000Z", "2010-11-25T23:59:00.000Z"], "wnes_geometry": {"westBoundingCoordinate": 24.04, "eastBoundingCoordinate": 25.37, "northBoundingCoordinate": 60.29, "southBoundingCoordinate": 60.12}, "sizeMB": 0.1, "format": "Not provided"}, "pluvio_Jarvenpaa_20101126_1min.txt": {"temporal": ["2010-11-26T00:00:00.000Z", "2010-11-26T23:59:00.000Z"], "wnes_geometry": {"westBoundingCoordinate": 24.04, "eastBoundingCoordinate": 25.37, "northBoundingCoordinate": 60.29, "southBoundingCoordinate": 60.12}, "sizeMB": 0.1, "format": "Not provided"}, "pluvio_Jarvenpaa_20101127_1min.txt": {"temporal": ["2010-11-27T00:00:00.000Z", "2010-11-27T23:59:00.000Z"], "wnes_geometry": {"westBoundingCoordinate": 24.04, "eastBoundingCoordinate": 25.37, "northBoundingCoordinate": 60.29, "southBoundingCoordinate": 60.12}, "sizeMB": 0.1, "format": "Not provided"}, "pluvio_Jarvenpaa_20101128_1min.txt": {"temporal": ["2010-11-28T00:00:00.000Z", "2010-11-28T23:59:00.000Z"], "wnes_geometry": {"westBoundingCoordinate": 24.04, "eastBoundingCoordinate": 25.37, "northBoundingCoordinate": 60.29, "southBoundingCoordinate": 60.12}, "sizeMB": 0.1, "format": "Not provided"}, "pluvio_Jarvenpaa_20101129_1min.txt": {"temporal": ["2010-11-29T00:00:00.000Z", "2010-11-29T23:59:00.000Z"], "wnes_geometry": {"westBoundingCoordinate": 24.04, "eastBoundingCoordinate": 25.37, "northBoundingCoordinate": 60.29, "southBoundingCoordinate": 60.12}, "sizeMB": 0.1, "format": "Not provided"}, "pluvio_Jarvenpaa_20101130_1min.txt": {"temporal": ["2010-11-30T00:00:00.000Z", "2010-11-30T23:59:00.000Z"], "wnes_geometry": {"westBoundingCoordinate": 24.04, "eastBoundingCoordinate": 25.37, "northBoundingCoordinate": 60.29, "southBoundingCoordinate": 60.12}, "sizeMB": 0.1, "format": "Not provided"}, "pluvio_Jarvenpaa_20101201_1min.txt": {"temporal": ["2010-12-01T00:00:00.000Z", "2010-12-01T23:59:00.000Z"], "wnes_geometry": {"westBoundingCoordinate": 24.04, "eastBoundingCoordinate": 25.37, "northBoundingCoordinate": 60.29, "southBoundingCoordinate": 60.12}, "sizeMB": 0.1, "format": "Not provided"}, "pluvio_Jarvenpaa_20101202_1min.txt": {"temporal": ["2010-12-02T00:00:00.000Z", "2010-12-02T23:59:00.000Z"], "wnes_geometry": {"westBoundingCoordinate": 24.04, "eastBoundingCoordinate": 25.37, "northBoundingCoordinate": 60.29, "southBoundingCoordinate": 60.12}, "sizeMB": 0.1, "format": "Not provided"}, "pluvio_Jarvenpaa_20101203_1min.txt": {"temporal": ["2010-12-03T00:00:00.000Z", "2010-12-03T23:59:00.000Z"], "wnes_geometry": {"westBoundingCoordinate": 24.04, "eastBoundingCoordinate": 25.37, "northBoundingCoordinate": 60.29, "southBoundingCoordinate": 60.12}, "sizeMB": 0.1, "format": "Not provided"}, "pluvio_Jarvenpaa_20101204_1min.txt": {"temporal": ["2010-12-04T00:00:00.000Z", "2010-12-04T23:59:00.000Z"], "wnes_geometry": {"westBoundingCoordinate": 24.04, "eastBoundingCoordinate": 25.37, "northBoundingCoordinate": 60.29, "southBoundingCoordinate": 60.12}, "sizeMB": 0.1, "format": "Not provided"}, "pluvio_Jarvenpaa_20101205_1min.txt": {"temporal": ["2010-12-05T00:00:00.000Z", "2010-12-05T23:59:00.000Z"], "wnes_geometry": {"westBoundingCoordinate": 24.04, "eastBoundingCoordinate": 25.37, "northBoundingCoordinate": 60.29, "southBoundingCoordinate": 60.12}, "sizeMB": 0.1, "format": "Not provided"}, "pluvio_Jarvenpaa_20101206_1min.txt": {"temporal": ["2010-12-06T00:00:00.000Z", "2010-12-06T23:59:00.000Z"], "wnes_geometry": {"westBoundingCoordinate": 24.04, "eastBoundingCoordinate": 25.37, "northBoundingCoordinate": 60.29, "southBoundingCoordinate": 60.12}, "sizeMB": 0.1, "format": "Not provided"}, "pluvio_Jarvenpaa_20101207_1min.txt": {"temporal": ["2010-12-07T00:00:00.000Z", "2010-12-07T23:59:00.000Z"], "wnes_geometry": {"westBoundingCoordinate": 24.04, "eastBoundingCoordinate": 25.37, "northBoundingCoordinate": 60.29, "southBoundingCoordinate": 60.12}, "sizeMB": 0.1, "format": "Not provided"}, "pluvio_Jarvenpaa_20101208_1min.txt": {"temporal": ["2010-12-08T00:00:00.000Z", "2010-12-08T23:59:00.000Z"], "wnes_geometry": {"westBoundingCoordinate": 24.04, "eastBoundingCoordinate": 25.37, "northBoundingCoordinate": 60.29, "southBoundingCoordinate": 60.12}, "sizeMB": 0.1, "format": "Not provided"}, "pluvio_Jarvenpaa_20101209_1min.txt": {"temporal": ["2010-12-09T00:00:00.000Z", "2010-12-09T23:59:00.000Z"], "wnes_geometry": {"westBoundingCoordinate": 24.04, "eastBoundingCoordinate": 25.37, "northBoundingCoordinate": 60.29, "southBoundingCoordinate": 60.12}, "sizeMB": 0.1, "format": "Not provided"}, "pluvio_Jarvenpaa_20101210_1min.txt": {"temporal": ["2010-12-10T00:00:00.000Z", "2010-12-10T23:59:00.000Z"], "wnes_geometry": {"westBoundingCoordinate": 24.04, "eastBoundingCoordinate": 25.37, "northBoundingCoordinate": 60.29, "southBoundingCoordinate": 60.12}, "sizeMB": 0.1, "format": "Not provided"}, "pluvio_Jarvenpaa_20101211_1min.txt": {"temporal": ["2010-12-11T00:00:00.000Z", "2010-12-11T23:59:00.000Z"], "wnes_geometry": {"westBoundingCoordinate": 24.04, "eastBoundingCoordinate": 25.37, "northBoundingCoordinate": 60.29, "southBoundingCoordinate": 60.12}, "sizeMB": 0.1, "format": "Not provided"}, "pluvio_Jarvenpaa_20101212_1min.txt": {"temporal": ["2010-12-12T00:00:00.000Z", "2010-12-12T23:59:00.000Z"], "wnes_geometry": {"westBoundingCoordinate": 24.04, "eastBoundingCoordinate": 25.37, "northBoundingCoordinate": 60.29, "southBoundingCoordinate": 60.12}, "sizeMB": 0.1, "format": "Not provided"}, "pluvio_Jarvenpaa_20101213_1min.txt": {"temporal": ["2010-12-13T00:00:00.000Z", "2010-12-13T23:59:00.000Z"], "wnes_geometry": {"westBoundingCoordinate": 24.04, "eastBoundingCoordinate": 25.37, "northBoundingCoordinate": 60.29, "southBoundingCoordinate": 60.12}, "sizeMB": 0.1, "format": "Not provided"}, "pluvio_Jarvenpaa_20101214_1min.txt": {"temporal": ["2010-12-14T00:00:00.000Z", "2010-12-14T23:59:00.000Z"], "wnes_geometry": {"westBoundingCoordinate": 24.04, "eastBoundingCoordinate": 25.37, "northBoundingCoordinate": 60.29, "southBoundingCoordinate": 60.12}, "sizeMB": 0.1, "format": "Not provided"}, "pluvio_Jarvenpaa_20101215_1min.txt": {"temporal": ["2010-12-15T00:00:00.000Z", "2010-12-15T23:59:00.000Z"], "wnes_geometry": {"westBoundingCoordinate": 24.04, "eastBoundingCoordinate": 25.37, "northBoundingCoordinate": 60.29, "southBoundingCoordinate": 60.12}, "sizeMB": 0.1, "format": "Not provided"}, "pluvio_Jarvenpaa_20101216_1min.txt": {"temporal": ["2010-12-16T00:00:00.000Z", "2010-12-16T23:59:00.000Z"], "wnes_geometry": {"westBoundingCoordinate": 24.04, "eastBoundingCoordinate": 25.37, "northBoundingCoordinate": 60.29, "southBoundingCoordinate": 60.12}, "sizeMB": 0.1, "format": "Not provided"}, "pluvio_Jarvenpaa_20101217_1min.txt": {"temporal": ["2010-12-17T00:00:00.000Z", "2010-12-17T23:59:00.000Z"], "wnes_geometry": {"westBoundingCoordinate": 24.04, "eastBoundingCoordinate": 25.37, "northBoundingCoordinate": 60.29, "southBoundingCoordinate": 60.12}, "sizeMB": 0.1, "format": "Not provided"}, "pluvio_Jarvenpaa_20101218_1min.txt": {"temporal": ["2010-12-18T00:00:00.000Z", "2010-12-18T23:59:00.000Z"], "wnes_geometry": {"westBoundingCoordinate": 24.04, "eastBoundingCoordinate": 25.37, "northBoundingCoordinate": 60.29, "southBoundingCoordinate": 60.12}, "sizeMB": 0.1, "format": "Not provided"}, "pluvio_Jarvenpaa_20101219_1min.txt": {"temporal": ["2010-12-19T00:00:00.000Z", "2010-12-19T23:59:00.000Z"], "wnes_geometry": {"westBoundingCoordinate": 24.04, "eastBoundingCoordinate": 25.37, "northBoundingCoordinate": 60.29, "southBoundingCoordinate": 60.12}, "sizeMB": 0.1, "format": "Not provided"}, "pluvio_Jarvenpaa_20101220_1min.txt": {"temporal": ["2010-12-20T00:00:00.000Z", "2010-12-20T23:59:00.000Z"], "wnes_geometry": {"westBoundingCoordinate": 24.04, "eastBoundingCoordinate": 25.37, "northBoundingCoordinate": 60.29, "southBoundingCoordinate": 60.12}, "sizeMB": 0.1, "format": "Not provided"}, "pluvio_Jarvenpaa_20101221_1min.txt": {"temporal": ["2010-12-21T00:00:00.000Z", "2010-12-21T23:59:00.000Z"], "wnes_geometry": {"westBoundingCoordinate": 24.04, "eastBoundingCoordinate": 25.37, "northBoundingCoordinate": 60.29, "southBoundingCoordinate": 60.12}, "sizeMB": 0.1, "format": "Not provided"}, "pluvio_Jarvenpaa_20101222_1min.txt": {"temporal": ["2010-12-22T00:00:00.000Z", "2010-12-22T23:59:00.000Z"], "wnes_geometry": {"westBoundingCoordinate": 24.04, "eastBoundingCoordinate": 25.37, "northBoundingCoordinate": 60.29, "southBoundingCoordinate": 60.12}, "sizeMB": 0.1, "format": "Not provided"}, "pluvio_Jarvenpaa_20101223_1min.txt": {"temporal": ["2010-12-23T00:00:00.000Z", "2010-12-23T23:59:00.000Z"], "wnes_geometry": {"westBoundingCoordinate": 24.04, "eastBoundingCoordinate": 25.37, "northBoundingCoordinate": 60.29, "southBoundingCoordinate": 60.12}, "sizeMB": 0.1, "format": "Not provided"}, "pluvio_Jarvenpaa_20101224_1min.txt": {"temporal": ["2010-12-24T00:00:00.000Z", "2010-12-24T23:59:00.000Z"], "wnes_geometry": {"westBoundingCoordinate": 24.04, "eastBoundingCoordinate": 25.37, "northBoundingCoordinate": 60.29, "southBoundingCoordinate": 60.12}, "sizeMB": 0.1, "format": "Not provided"}, "pluvio_Jarvenpaa_20101225_1min.txt": {"temporal": ["2010-12-25T00:00:00.000Z", "2010-12-25T23:59:00.000Z"], "wnes_geometry": {"westBoundingCoordinate": 24.04, "eastBoundingCoordinate": 25.37, "northBoundingCoordinate": 60.29, "southBoundingCoordinate": 60.12}, "sizeMB": 0.1, "format": "Not provided"}, "pluvio_Jarvenpaa_20101226_1min.txt": {"temporal": ["2010-12-26T00:00:00.000Z", "2010-12-26T23:59:00.000Z"], "wnes_geometry": {"westBoundingCoordinate": 24.04, "eastBoundingCoordinate": 25.37, "northBoundingCoordinate": 60.29, "southBoundingCoordinate": 60.12}, "sizeMB": 0.1, "format": "Not provided"}, "pluvio_Jarvenpaa_20101227_1min.txt": {"temporal": ["2010-12-27T00:00:00.000Z", "2010-12-27T23:59:00.000Z"], "wnes_geometry": {"westBoundingCoordinate": 24.04, "eastBoundingCoordinate": 25.37, "northBoundingCoordinate": 60.29, "southBoundingCoordinate": 60.12}, "sizeMB": 0.1, "format": "Not provided"}, "pluvio_Jarvenpaa_20101228_1min.txt": {"temporal": ["2010-12-28T00:00:00.000Z", "2010-12-28T23:59:00.000Z"], "wnes_geometry": {"westBoundingCoordinate": 24.04, "eastBoundingCoordinate": 25.37, "northBoundingCoordinate": 60.29, "southBoundingCoordinate": 60.12}, "sizeMB": 0.1, "format": "Not provided"}, "pluvio_Jarvenpaa_20101229_1min.txt": {"temporal": ["2010-12-29T00:00:00.000Z", "2010-12-29T23:59:00.000Z"], "wnes_geometry": {"westBoundingCoordinate": 24.04, "eastBoundingCoordinate": 25.37, "northBoundingCoordinate": 60.29, "southBoundingCoordinate": 60.12}, "sizeMB": 0.1, "format": "Not provided"}, "pluvio_Jarvenpaa_20101230_1min.txt": {"temporal": ["2010-12-30T00:00:00.000Z", "2010-12-30T23:59:00.000Z"], "wnes_geometry": {"westBoundingCoordinate": 24.04, "eastBoundingCoordinate": 25.37, "northBoundingCoordinate": 60.29, "southBoundingCoordinate": 60.12}, "sizeMB": 0.1, "format": "Not provided"}, "pluvio_Jarvenpaa_20101231_1min.txt": {"temporal": ["2010-12-31T00:00:00.000Z", "2010-12-31T23:59:00.000Z"], "wnes_geometry": {"westBoundingCoordinate": 24.04, "eastBoundingCoordinate": 25.37, "northBoundingCoordinate": 60.29, "southBoundingCoordinate": 60.12}, "sizeMB": 0.1, "format": "Not provided"}, "pluvio_Jarvenpaa_20110101_1min.txt": {"temporal": ["2011-01-01T00:00:00.000Z", "2011-01-01T23:59:00.000Z"], "wnes_geometry": {"westBoundingCoordinate": 24.04, "eastBoundingCoordinate": 25.37, "northBoundingCoordinate": 60.29, "southBoundingCoordinate": 60.12}, "sizeMB": 0.1, "format": "Not provided"}, "pluvio_Jarvenpaa_20110102_1min.txt": {"temporal": ["2011-01-02T00:00:00.000Z", "2011-01-02T23:59:00.000Z"], "wnes_geometry": {"westBoundingCoordinate": 24.04, "eastBoundingCoordinate": 25.37, "northBoundingCoordinate": 60.29, "southBoundingCoordinate": 60.12}, "sizeMB": 0.1, "format": "Not provided"}, "pluvio_Jarvenpaa_20110103_1min.txt": {"temporal": ["2011-01-03T00:00:00.000Z", "2011-01-03T23:59:00.000Z"], "wnes_geometry": {"westBoundingCoordinate": 24.04, "eastBoundingCoordinate": 25.37, "northBoundingCoordinate": 60.29, "southBoundingCoordinate": 60.12}, "sizeMB": 0.1, "format": "Not provided"}, "pluvio_Jarvenpaa_20110104_1min.txt": {"temporal": ["2011-01-04T00:00:00.000Z", "2011-01-04T23:59:00.000Z"], "wnes_geometry": {"westBoundingCoordinate": 24.04, "eastBoundingCoordinate": 25.37, "northBoundingCoordinate": 60.29, "southBoundingCoordinate": 60.12}, "sizeMB": 0.1, "format": "Not provided"}, "pluvio_Jarvenpaa_20110105_1min.txt": {"temporal": ["2011-01-05T00:00:00.000Z", "2011-01-05T23:59:00.000Z"], "wnes_geometry": {"westBoundingCoordinate": 24.04, "eastBoundingCoordinate": 25.37, "northBoundingCoordinate": 60.29, "southBoundingCoordinate": 60.12}, "sizeMB": 0.1, "format": "Not provided"}, "pluvio_Jarvenpaa_20110106_1min.txt": {"temporal": ["2011-01-06T00:00:00.000Z", "2011-01-06T23:59:00.000Z"], "wnes_geometry": {"westBoundingCoordinate": 24.04, "eastBoundingCoordinate": 25.37, "northBoundingCoordinate": 60.29, "southBoundingCoordinate": 60.12}, "sizeMB": 0.1, "format": "Not provided"}, "pluvio_Jarvenpaa_20110107_1min.txt": {"temporal": ["2011-01-07T00:00:00.000Z", "2011-01-07T23:59:00.000Z"], "wnes_geometry": {"westBoundingCoordinate": 24.04, "eastBoundingCoordinate": 25.37, "northBoundingCoordinate": 60.29, "southBoundingCoordinate": 60.12}, "sizeMB": 0.1, "format": "Not provided"}, "pluvio_Jarvenpaa_20110108_1min.txt": {"temporal": ["2011-01-08T00:00:00.000Z", "2011-01-08T23:59:00.000Z"], "wnes_geometry": {"westBoundingCoordinate": 24.04, "eastBoundingCoordinate": 25.37, "northBoundingCoordinate": 60.29, "southBoundingCoordinate": 60.12}, "sizeMB": 0.1, "format": "Not provided"}, "pluvio_Jarvenpaa_20110109_1min.txt": {"temporal": ["2011-01-09T00:00:00.000Z", "2011-01-09T23:59:00.000Z"], "wnes_geometry": {"westBoundingCoordinate": 24.04, "eastBoundingCoordinate": 25.37, "northBoundingCoordinate": 60.29, "southBoundingCoordinate": 60.12}, "sizeMB": 0.1, "format": "Not provided"}, "pluvio_Jarvenpaa_20110110_1min.txt": {"temporal": ["2011-01-10T00:00:00.000Z", "2011-01-10T23:59:00.000Z"], "wnes_geometry": {"westBoundingCoordinate": 24.04, "eastBoundingCoordinate": 25.37, "northBoundingCoordinate": 60.29, "southBoundingCoordinate": 60.12}, "sizeMB": 0.1, "format": "Not provided"}, "pluvio_Jarvenpaa_20110111_1min.txt": {"temporal": ["2011-01-11T00:00:00.000Z", "2011-01-11T23:59:00.000Z"], "wnes_geometry": {"westBoundingCoordinate": 24.04, "eastBoundingCoordinate": 25.37, "northBoundingCoordinate": 60.29, "southBoundingCoordinate": 60.12}, "sizeMB": 0.1, "format": "Not provided"}, "pluvio_Jarvenpaa_20110112_1min.txt": {"temporal": ["2011-01-12T00:00:00.000Z", "2011-01-12T23:59:00.000Z"], "wnes_geometry": {"westBoundingCoordinate": 24.04, "eastBoundingCoordinate": 25.37, "northBoundingCoordinate": 60.29, "southBoundingCoordinate": 60.12}, "sizeMB": 0.1, "format": "Not provided"}, "pluvio_Jarvenpaa_20110113_1min.txt": {"temporal": ["2011-01-13T00:00:00.000Z", "2011-01-13T23:59:00.000Z"], "wnes_geometry": {"westBoundingCoordinate": 24.04, "eastBoundingCoordinate": 25.37, "northBoundingCoordinate": 60.29, "southBoundingCoordinate": 60.12}, "sizeMB": 0.04, "format": "Not provided"}}