{"20140509_190010.HVPS3.1Hz": {"temporal": ["2014-05-09T19:00:10.000Z", "2014-05-09T21:50:40.000Z"], "wnes_geometry": {"westBoundingCoordinate": -82.811, "eastBoundingCoordinate": -82.094, "northBoundingCoordinate": 36.041, "southBoundingCoordinate": 35.385}, "sizeMB": 3.14, "format": "Not provided"}, "20140509_190010.2DS_H.1Hz": {"temporal": ["2014-05-09T19:00:10.000Z", "2014-05-09T21:50:40.000Z"], "wnes_geometry": {"westBoundingCoordinate": -82.811, "eastBoundingCoordinate": -82.094, "northBoundingCoordinate": 36.041, "southBoundingCoordinate": 35.385}, "sizeMB": 2.53, "format": "Not provided"}, "20140509_190010.comb.spectrum.1Hz": {"temporal": ["2014-05-09T19:00:10.000Z", "2014-05-09T21:50:40.000Z"], "wnes_geometry": {"westBoundingCoordinate": -82.811, "eastBoundingCoordinate": -82.094, "northBoundingCoordinate": 36.041, "southBoundingCoordinate": 35.385}, "sizeMB": 4.47, "format": "Not provided"}, "20140509_190010.2DS_V.1Hz": {"temporal": ["2014-05-09T19:00:10.000Z", "2014-05-09T21:50:40.000Z"], "wnes_geometry": {"westBoundingCoordinate": -82.811, "eastBoundingCoordinate": -82.094, "northBoundingCoordinate": 36.041, "southBoundingCoordinate": 35.385}, "sizeMB": 2.53, "format": "Not provided"}, "20140509_190010.2DC.1Hz": {"temporal": ["2014-05-09T19:00:10.000Z", "2014-05-09T21:50:40.000Z"], "wnes_geometry": {"westBoundingCoordinate": -82.811, "eastBoundingCoordinate": -82.094, "northBoundingCoordinate": 36.041, "southBoundingCoordinate": 35.385}, "sizeMB": 2.22, "format": "Not provided"}, "20140510_155310.2DS_H.1Hz": {"temporal": ["2014-05-10T15:53:10.000Z", "2014-05-10T17:57:40.000Z"], "wnes_geometry": {"westBoundingCoordinate": -83.716, "eastBoundingCoordinate": -82.527, "northBoundingCoordinate": 35.637, "southBoundingCoordinate": 35.35}, "sizeMB": 1.85, "format": "Not provided"}, "20140510_155310.comb.spectrum.1Hz": {"temporal": ["2014-05-10T15:53:10.000Z", "2014-05-10T17:57:40.000Z"], "wnes_geometry": {"westBoundingCoordinate": -83.716, "eastBoundingCoordinate": -82.527, "northBoundingCoordinate": 35.637, "southBoundingCoordinate": 35.35}, "sizeMB": 3.27, "format": "Not provided"}, "20140510_155310.HVPS3.1Hz": {"temporal": ["2014-05-10T15:53:10.000Z", "2014-05-10T17:57:40.000Z"], "wnes_geometry": {"westBoundingCoordinate": -83.716, "eastBoundingCoordinate": -82.527, "northBoundingCoordinate": 35.637, "southBoundingCoordinate": 35.35}, "sizeMB": 2.29, "format": "Not provided"}, "20140510_155310.2DC.1Hz": {"temporal": ["2014-05-10T15:53:10.000Z", "2014-05-10T17:57:40.000Z"], "wnes_geometry": {"westBoundingCoordinate": -83.716, "eastBoundingCoordinate": -82.527, "northBoundingCoordinate": 35.637, "southBoundingCoordinate": 35.35}, "sizeMB": 1.62, "format": "Not provided"}, "20140510_155310.2DS_V.1Hz": {"temporal": ["2014-05-10T15:53:10.000Z", "2014-05-10T17:57:40.000Z"], "wnes_geometry": {"westBoundingCoordinate": -83.716, "eastBoundingCoordinate": -82.527, "northBoundingCoordinate": 35.637, "southBoundingCoordinate": 35.35}, "sizeMB": 1.85, "format": "Not provided"}, "20140512_092800.2DS_H.1Hz": {"temporal": ["2014-05-12T09:28:00.000Z", "2014-05-12T10:31:20.000Z"], "wnes_geometry": {"westBoundingCoordinate": -82.546, "eastBoundingCoordinate": -77.767, "northBoundingCoordinate": 35.444, "southBoundingCoordinate": 34.274}, "sizeMB": 0.94, "format": "Not provided"}, "20140512_092800.comb.spectrum.1Hz": {"temporal": ["2014-05-12T09:28:00.000Z", "2014-05-12T10:31:20.000Z"], "wnes_geometry": {"westBoundingCoordinate": -82.546, "eastBoundingCoordinate": -77.767, "northBoundingCoordinate": 35.444, "southBoundingCoordinate": 34.274}, "sizeMB": 1.66, "format": "Not provided"}, "20140512_092800.2DS_V.1Hz": {"temporal": ["2014-05-12T09:28:00.000Z", "2014-05-12T10:31:20.000Z"], "wnes_geometry": {"westBoundingCoordinate": -82.546, "eastBoundingCoordinate": -77.767, "northBoundingCoordinate": 35.444, "southBoundingCoordinate": 34.274}, "sizeMB": 0.94, "format": "Not provided"}, "20140512_092800.HVPS3.1Hz": {"temporal": ["2014-05-12T09:28:00.000Z", "2014-05-12T10:31:20.000Z"], "wnes_geometry": {"westBoundingCoordinate": -82.546, "eastBoundingCoordinate": -77.767, "northBoundingCoordinate": 35.444, "southBoundingCoordinate": 34.274}, "sizeMB": 1.17, "format": "Not provided"}, "20140512_092800.2DC.1Hz": {"temporal": ["2014-05-12T09:28:00.000Z", "2014-05-12T10:31:20.000Z"], "wnes_geometry": {"westBoundingCoordinate": -82.546, "eastBoundingCoordinate": -77.767, "northBoundingCoordinate": 35.444, "southBoundingCoordinate": 34.274}, "sizeMB": 0.83, "format": "Not provided"}, "20140512_122330.2DC.1Hz": {"temporal": ["2014-05-12T12:23:30.000Z", "2014-05-12T15:24:20.000Z"], "wnes_geometry": {"westBoundingCoordinate": -77.947, "eastBoundingCoordinate": -75.654, "northBoundingCoordinate": 34.34, "southBoundingCoordinate": 33.727}, "sizeMB": 2.36, "format": "Not provided"}, "20140512_122330.2DS_H.1Hz": {"temporal": ["2014-05-12T12:23:30.000Z", "2014-05-12T15:24:20.000Z"], "wnes_geometry": {"westBoundingCoordinate": -77.947, "eastBoundingCoordinate": -75.654, "northBoundingCoordinate": 34.34, "southBoundingCoordinate": 33.727}, "sizeMB": 2.68, "format": "Not provided"}, "20140512_122330.comb.spectrum.1Hz": {"temporal": ["2014-05-12T12:23:30.000Z", "2014-05-12T15:24:20.000Z"], "wnes_geometry": {"westBoundingCoordinate": -77.947, "eastBoundingCoordinate": -75.654, "northBoundingCoordinate": 34.34, "southBoundingCoordinate": 33.727}, "sizeMB": 4.74, "format": "Not provided"}, "20140512_122330.HVPS3.1Hz": {"temporal": ["2014-05-12T12:23:30.000Z", "2014-05-12T15:24:20.000Z"], "wnes_geometry": {"westBoundingCoordinate": -77.947, "eastBoundingCoordinate": -75.654, "northBoundingCoordinate": 34.34, "southBoundingCoordinate": 33.727}, "sizeMB": 3.33, "format": "Not provided"}, "20140512_122330.2DS_V.1Hz": {"temporal": ["2014-05-12T12:23:30.000Z", "2014-05-12T15:24:20.000Z"], "wnes_geometry": {"westBoundingCoordinate": -77.947, "eastBoundingCoordinate": -75.654, "northBoundingCoordinate": 34.34, "southBoundingCoordinate": 33.727}, "sizeMB": 2.68, "format": "Not provided"}, "20140512_175400.2DC.1Hz": {"temporal": ["2014-05-12T17:54:00.000Z", "2014-05-12T19:01:40.000Z"], "wnes_geometry": {"westBoundingCoordinate": -82.561, "eastBoundingCoordinate": -77.837, "northBoundingCoordinate": 35.498, "southBoundingCoordinate": 34.223}, "sizeMB": 0.88, "format": "Not provided"}, "20140512_175400.comb.spectrum.1Hz": {"temporal": ["2014-05-12T17:54:00.000Z", "2014-05-12T19:01:40.000Z"], "wnes_geometry": {"westBoundingCoordinate": -82.561, "eastBoundingCoordinate": -77.837, "northBoundingCoordinate": 35.498, "southBoundingCoordinate": 34.223}, "sizeMB": 1.78, "format": "Not provided"}, "20140512_175400.2DS_H.1Hz": {"temporal": ["2014-05-12T17:54:00.000Z", "2014-05-12T19:01:40.000Z"], "wnes_geometry": {"westBoundingCoordinate": -82.561, "eastBoundingCoordinate": -77.837, "northBoundingCoordinate": 35.498, "southBoundingCoordinate": 34.223}, "sizeMB": 1, "format": "Not provided"}, "20140512_175400.HVPS3.1Hz": {"temporal": ["2014-05-12T17:54:00.000Z", "2014-05-12T19:01:40.000Z"], "wnes_geometry": {"westBoundingCoordinate": -82.561, "eastBoundingCoordinate": -77.837, "northBoundingCoordinate": 35.498, "southBoundingCoordinate": 34.223}, "sizeMB": 1.25, "format": "Not provided"}, "20140512_175400.2DS_V.1Hz": {"temporal": ["2014-05-12T17:54:00.000Z", "2014-05-12T19:01:40.000Z"], "wnes_geometry": {"westBoundingCoordinate": -82.561, "eastBoundingCoordinate": -77.837, "northBoundingCoordinate": 35.498, "southBoundingCoordinate": 34.223}, "sizeMB": 1, "format": "Not provided"}, "20140515_130820.comb.spectrum.1Hz": {"temporal": ["2014-05-15T13:08:20.000Z", "2014-05-15T16:48:30.000Z"], "wnes_geometry": {"westBoundingCoordinate": -83.304, "eastBoundingCoordinate": -81.46, "northBoundingCoordinate": 35.713, "southBoundingCoordinate": 34.774}, "sizeMB": 5.78, "format": "Not provided"}, "20140515_130820.HVPS3.1Hz": {"temporal": ["2014-05-15T13:08:20.000Z", "2014-05-15T16:48:30.000Z"], "wnes_geometry": {"westBoundingCoordinate": -83.304, "eastBoundingCoordinate": -81.46, "northBoundingCoordinate": 35.713, "southBoundingCoordinate": 34.774}, "sizeMB": 4.06, "format": "Not provided"}, "20140515_130820.2DS_H.1Hz": {"temporal": ["2014-05-15T13:08:20.000Z", "2014-05-15T16:48:30.000Z"], "wnes_geometry": {"westBoundingCoordinate": -83.304, "eastBoundingCoordinate": -81.46, "northBoundingCoordinate": 35.713, "southBoundingCoordinate": 34.774}, "sizeMB": 3.27, "format": "Not provided"}, "20140515_130820.2DC.1Hz": {"temporal": ["2014-05-15T13:08:20.000Z", "2014-05-15T16:48:30.000Z"], "wnes_geometry": {"westBoundingCoordinate": -83.304, "eastBoundingCoordinate": -81.46, "northBoundingCoordinate": 35.713, "southBoundingCoordinate": 34.774}, "sizeMB": 2.87, "format": "Not provided"}, "20140515_130820.2DS_V.1Hz": {"temporal": ["2014-05-15T13:08:20.000Z", "2014-05-15T16:48:30.000Z"], "wnes_geometry": {"westBoundingCoordinate": -83.304, "eastBoundingCoordinate": -81.46, "northBoundingCoordinate": 35.713, "southBoundingCoordinate": 34.774}, "sizeMB": 3.27, "format": "Not provided"}, "20140516_103340.2DS_H.1Hz": {"temporal": ["2014-05-16T10:33:40.000Z", "2014-05-16T11:41:30.000Z"], "wnes_geometry": {"westBoundingCoordinate": -82.566, "eastBoundingCoordinate": -77.758, "northBoundingCoordinate": 35.513, "southBoundingCoordinate": 34.274}, "sizeMB": 1.01, "format": "Not provided"}, "20140516_103340.comb.spectrum.1Hz": {"temporal": ["2014-05-16T10:33:40.000Z", "2014-05-16T11:41:30.000Z"], "wnes_geometry": {"westBoundingCoordinate": -82.566, "eastBoundingCoordinate": -77.758, "northBoundingCoordinate": 35.513, "southBoundingCoordinate": 34.274}, "sizeMB": 1.78, "format": "Not provided"}, "20140516_103340.2DS_V.1Hz": {"temporal": ["2014-05-16T10:33:40.000Z", "2014-05-16T11:41:30.000Z"], "wnes_geometry": {"westBoundingCoordinate": -82.566, "eastBoundingCoordinate": -77.758, "northBoundingCoordinate": 35.513, "southBoundingCoordinate": 34.274}, "sizeMB": 1.01, "format": "Not provided"}, "20140516_103340.HVPS3.1Hz": {"temporal": ["2014-05-16T10:33:40.000Z", "2014-05-16T11:41:30.000Z"], "wnes_geometry": {"westBoundingCoordinate": -82.566, "eastBoundingCoordinate": -77.758, "northBoundingCoordinate": 35.513, "southBoundingCoordinate": 34.274}, "sizeMB": 1.25, "format": "Not provided"}, "20140516_103340.2DC.1Hz": {"temporal": ["2014-05-16T10:33:40.000Z", "2014-05-16T11:41:30.000Z"], "wnes_geometry": {"westBoundingCoordinate": -82.566, "eastBoundingCoordinate": -77.758, "northBoundingCoordinate": 35.513, "southBoundingCoordinate": 34.274}, "sizeMB": 0.89, "format": "Not provided"}, "20140516_125130.comb.spectrum.1Hz": {"temporal": ["2014-05-16T12:51:30.000Z", "2014-05-16T15:57:20.000Z"], "wnes_geometry": {"westBoundingCoordinate": -77.965, "eastBoundingCoordinate": -75.491, "northBoundingCoordinate": 35.071, "southBoundingCoordinate": 34.031}, "sizeMB": 4.88, "format": "Not provided"}, "20140516_125130.2DC.1Hz": {"temporal": ["2014-05-16T12:51:30.000Z", "2014-05-16T15:57:20.000Z"], "wnes_geometry": {"westBoundingCoordinate": -77.965, "eastBoundingCoordinate": -75.491, "northBoundingCoordinate": 35.071, "southBoundingCoordinate": 34.031}, "sizeMB": 2.42, "format": "Not provided"}, "20140516_125130.HVPS3.1Hz": {"temporal": ["2014-05-16T12:51:30.000Z", "2014-05-16T15:57:20.000Z"], "wnes_geometry": {"westBoundingCoordinate": -77.965, "eastBoundingCoordinate": -75.491, "northBoundingCoordinate": 35.071, "southBoundingCoordinate": 34.031}, "sizeMB": 3.42, "format": "Not provided"}, "20140516_125130.2DS_H.1Hz": {"temporal": ["2014-05-16T12:51:30.000Z", "2014-05-16T15:57:20.000Z"], "wnes_geometry": {"westBoundingCoordinate": -77.965, "eastBoundingCoordinate": -75.491, "northBoundingCoordinate": 35.071, "southBoundingCoordinate": 34.031}, "sizeMB": 2.76, "format": "Not provided"}, "20140516_125130.2DS_V.1Hz": {"temporal": ["2014-05-16T12:51:30.000Z", "2014-05-16T15:57:20.000Z"], "wnes_geometry": {"westBoundingCoordinate": -77.965, "eastBoundingCoordinate": -75.491, "northBoundingCoordinate": 35.071, "southBoundingCoordinate": 34.031}, "sizeMB": 2.76, "format": "Not provided"}, "20140516_171020.HVPS3.1Hz": {"temporal": ["2014-05-16T17:10:20.000Z", "2014-05-16T19:51:10.000Z"], "wnes_geometry": {"westBoundingCoordinate": -82.54, "eastBoundingCoordinate": -75.58, "northBoundingCoordinate": 35.434, "southBoundingCoordinate": 33.295}, "sizeMB": 2.96, "format": "Not provided"}, "20140516_171020.2DS_V.1Hz": {"temporal": ["2014-05-16T17:10:20.000Z", "2014-05-16T19:51:10.000Z"], "wnes_geometry": {"westBoundingCoordinate": -82.54, "eastBoundingCoordinate": -75.58, "northBoundingCoordinate": 35.434, "southBoundingCoordinate": 33.295}, "sizeMB": 2.39, "format": "Not provided"}, "20140516_171020.2DC.1Hz": {"temporal": ["2014-05-16T17:10:20.000Z", "2014-05-16T19:51:10.000Z"], "wnes_geometry": {"westBoundingCoordinate": -82.54, "eastBoundingCoordinate": -75.58, "northBoundingCoordinate": 35.434, "southBoundingCoordinate": 33.295}, "sizeMB": 2.1, "format": "Not provided"}, "20140516_171020.comb.spectrum.1Hz": {"temporal": ["2014-05-16T17:10:20.000Z", "2014-05-16T19:51:10.000Z"], "wnes_geometry": {"westBoundingCoordinate": -82.54, "eastBoundingCoordinate": -75.58, "northBoundingCoordinate": 35.434, "southBoundingCoordinate": 33.295}, "sizeMB": 4.22, "format": "Not provided"}, "20140516_171020.2DS_H.1Hz": {"temporal": ["2014-05-16T17:10:20.000Z", "2014-05-16T19:51:10.000Z"], "wnes_geometry": {"westBoundingCoordinate": -82.54, "eastBoundingCoordinate": -75.58, "northBoundingCoordinate": 35.434, "southBoundingCoordinate": 33.295}, "sizeMB": 2.39, "format": "Not provided"}, "20140518_111130.comb.spectrum.1Hz": {"temporal": ["2014-05-18T11:11:30.000Z", "2014-05-18T14:36:40.000Z"], "wnes_geometry": {"westBoundingCoordinate": -83.181, "eastBoundingCoordinate": -81.886, "northBoundingCoordinate": 35.625, "southBoundingCoordinate": 34.82}, "sizeMB": 5.38, "format": "Not provided"}, "20140518_111130.2DS_H.1Hz": {"temporal": ["2014-05-18T11:11:30.000Z", "2014-05-18T14:36:40.000Z"], "wnes_geometry": {"westBoundingCoordinate": -83.181, "eastBoundingCoordinate": -81.886, "northBoundingCoordinate": 35.625, "southBoundingCoordinate": 34.82}, "sizeMB": 3.04, "format": "Not provided"}, "20140518_111130.2DS_V.1Hz": {"temporal": ["2014-05-18T11:11:30.000Z", "2014-05-18T14:36:40.000Z"], "wnes_geometry": {"westBoundingCoordinate": -83.181, "eastBoundingCoordinate": -81.886, "northBoundingCoordinate": 35.625, "southBoundingCoordinate": 34.82}, "sizeMB": 3.04, "format": "Not provided"}, "20140518_111130.HVPS3.1Hz": {"temporal": ["2014-05-18T11:11:30.000Z", "2014-05-18T14:36:40.000Z"], "wnes_geometry": {"westBoundingCoordinate": -83.181, "eastBoundingCoordinate": -81.886, "northBoundingCoordinate": 35.625, "southBoundingCoordinate": 34.82}, "sizeMB": 3.78, "format": "Not provided"}, "20140518_111130.2DC.1Hz": {"temporal": ["2014-05-18T11:11:30.000Z", "2014-05-18T14:36:40.000Z"], "wnes_geometry": {"westBoundingCoordinate": -83.181, "eastBoundingCoordinate": -81.886, "northBoundingCoordinate": 35.625, "southBoundingCoordinate": 34.82}, "sizeMB": 2.67, "format": "Not provided"}, "20140519_062150.2DS_V.1Hz": {"temporal": ["2014-05-19T06:21:50.000Z", "2014-05-19T07:16:10.000Z"], "wnes_geometry": {"westBoundingCoordinate": -82.545, "eastBoundingCoordinate": -81.213, "northBoundingCoordinate": 35.443, "southBoundingCoordinate": 32.12}, "sizeMB": 0.81, "format": "Not provided"}, "20140519_062150.comb.spectrum.1Hz": {"temporal": ["2014-05-19T06:21:50.000Z", "2014-05-19T07:16:10.000Z"], "wnes_geometry": {"westBoundingCoordinate": -82.545, "eastBoundingCoordinate": -81.213, "northBoundingCoordinate": 35.443, "southBoundingCoordinate": 32.12}, "sizeMB": 1.43, "format": "Not provided"}, "20140519_062150.HVPS3.1Hz": {"temporal": ["2014-05-19T06:21:50.000Z", "2014-05-19T07:16:10.000Z"], "wnes_geometry": {"westBoundingCoordinate": -82.545, "eastBoundingCoordinate": -81.213, "northBoundingCoordinate": 35.443, "southBoundingCoordinate": 32.12}, "sizeMB": 1, "format": "Not provided"}, "20140519_062150.2DC.1Hz": {"temporal": ["2014-05-19T06:21:50.000Z", "2014-05-19T07:16:10.000Z"], "wnes_geometry": {"westBoundingCoordinate": -82.545, "eastBoundingCoordinate": -81.213, "northBoundingCoordinate": 35.443, "southBoundingCoordinate": 32.12}, "sizeMB": 0.71, "format": "Not provided"}, "20140519_062150.2DS_H.1Hz": {"temporal": ["2014-05-19T06:21:50.000Z", "2014-05-19T07:16:10.000Z"], "wnes_geometry": {"westBoundingCoordinate": -82.545, "eastBoundingCoordinate": -81.213, "northBoundingCoordinate": 35.443, "southBoundingCoordinate": 32.12}, "sizeMB": 0.81, "format": "Not provided"}, "20140519_092440.comb.spectrum.1Hz": {"temporal": ["2014-05-19T09:24:40.000Z", "2014-05-19T12:48:40.000Z"], "wnes_geometry": {"westBoundingCoordinate": -81.774, "eastBoundingCoordinate": -79.334, "northBoundingCoordinate": 32.129, "southBoundingCoordinate": 30.397}, "sizeMB": 5.35, "format": "Not provided"}, "20140519_092440.2DC.1Hz": {"temporal": ["2014-05-19T09:24:40.000Z", "2014-05-19T12:48:40.000Z"], "wnes_geometry": {"westBoundingCoordinate": -81.774, "eastBoundingCoordinate": -79.334, "northBoundingCoordinate": 32.129, "southBoundingCoordinate": 30.397}, "sizeMB": 2.66, "format": "Not provided"}, "20140519_092440.HVPS3.1Hz": {"temporal": ["2014-05-19T09:24:40.000Z", "2014-05-19T12:48:40.000Z"], "wnes_geometry": {"westBoundingCoordinate": -81.774, "eastBoundingCoordinate": -79.334, "northBoundingCoordinate": 32.129, "southBoundingCoordinate": 30.397}, "sizeMB": 3.76, "format": "Not provided"}, "20140519_092440.2DS_H.1Hz": {"temporal": ["2014-05-19T09:24:40.000Z", "2014-05-19T12:48:40.000Z"], "wnes_geometry": {"westBoundingCoordinate": -81.774, "eastBoundingCoordinate": -79.334, "northBoundingCoordinate": 32.129, "southBoundingCoordinate": 30.397}, "sizeMB": 3.02, "format": "Not provided"}, "20140519_092440.2DS_V.1Hz": {"temporal": ["2014-05-19T09:24:40.000Z", "2014-05-19T12:48:40.000Z"], "wnes_geometry": {"westBoundingCoordinate": -81.774, "eastBoundingCoordinate": -79.334, "northBoundingCoordinate": 32.129, "southBoundingCoordinate": 30.397}, "sizeMB": 3.02, "format": "Not provided"}, "20140519_154230.2DS_H.1Hz": {"temporal": ["2014-05-19T15:42:30.000Z", "2014-05-19T17:08:30.000Z"], "wnes_geometry": {"westBoundingCoordinate": -82.649, "eastBoundingCoordinate": -81.629, "northBoundingCoordinate": 35.498, "southBoundingCoordinate": 30.497}, "sizeMB": 1.28, "format": "Not provided"}, "20140519_154230.2DS_V.1Hz": {"temporal": ["2014-05-19T15:42:30.000Z", "2014-05-19T17:08:30.000Z"], "wnes_geometry": {"westBoundingCoordinate": -82.649, "eastBoundingCoordinate": -81.629, "northBoundingCoordinate": 35.498, "southBoundingCoordinate": 30.497}, "sizeMB": 1.28, "format": "Not provided"}, "20140519_154230.HVPS3.1Hz": {"temporal": ["2014-05-19T15:42:30.000Z", "2014-05-19T17:08:30.000Z"], "wnes_geometry": {"westBoundingCoordinate": -82.649, "eastBoundingCoordinate": -81.629, "northBoundingCoordinate": 35.498, "southBoundingCoordinate": 30.497}, "sizeMB": 1.59, "format": "Not provided"}, "20140519_154230.comb.spectrum.1Hz": {"temporal": ["2014-05-19T15:42:30.000Z", "2014-05-19T17:08:30.000Z"], "wnes_geometry": {"westBoundingCoordinate": -82.649, "eastBoundingCoordinate": -81.629, "northBoundingCoordinate": 35.498, "southBoundingCoordinate": 30.497}, "sizeMB": 2.26, "format": "Not provided"}, "20140523_132930.2DC.1Hz": {"temporal": ["2014-05-23T13:29:30.000Z", "2014-05-23T14:59:10.000Z"], "wnes_geometry": {"westBoundingCoordinate": -82.545, "eastBoundingCoordinate": -81.297, "northBoundingCoordinate": 35.89, "southBoundingCoordinate": 35.124}, "sizeMB": 1.17, "format": "Not provided"}, "20140523_132930.2DS_V.1Hz": {"temporal": ["2014-05-23T13:29:30.000Z", "2014-05-23T14:59:10.000Z"], "wnes_geometry": {"westBoundingCoordinate": -82.545, "eastBoundingCoordinate": -81.297, "northBoundingCoordinate": 35.89, "southBoundingCoordinate": 35.124}, "sizeMB": 1.33, "format": "Not provided"}, "20140523_132930.comb.spectrum.1Hz": {"temporal": ["2014-05-23T13:29:30.000Z", "2014-05-23T14:59:10.000Z"], "wnes_geometry": {"westBoundingCoordinate": -82.545, "eastBoundingCoordinate": -81.297, "northBoundingCoordinate": 35.89, "southBoundingCoordinate": 35.124}, "sizeMB": 2.35, "format": "Not provided"}, "20140523_132930.2DS_H.1Hz": {"temporal": ["2014-05-23T13:29:30.000Z", "2014-05-23T14:59:10.000Z"], "wnes_geometry": {"westBoundingCoordinate": -82.545, "eastBoundingCoordinate": -81.297, "northBoundingCoordinate": 35.89, "southBoundingCoordinate": 35.124}, "sizeMB": 1.33, "format": "Not provided"}, "20140523_132930.HVPS3.1Hz": {"temporal": ["2014-05-23T13:29:30.000Z", "2014-05-23T14:59:10.000Z"], "wnes_geometry": {"westBoundingCoordinate": -82.545, "eastBoundingCoordinate": -81.297, "northBoundingCoordinate": 35.89, "southBoundingCoordinate": 35.124}, "sizeMB": 1.65, "format": "Not provided"}, "20140523_183250.HVPS3.1Hz": {"temporal": ["2014-05-23T18:32:50.000Z", "2014-05-23T19:29:00.000Z"], "wnes_geometry": {"westBoundingCoordinate": -82.578, "eastBoundingCoordinate": -80.043, "northBoundingCoordinate": 35.55, "southBoundingCoordinate": 32.826}, "sizeMB": 1.04, "format": "Not provided"}, "20140523_183250.comb.spectrum.1Hz": {"temporal": ["2014-05-23T18:32:50.000Z", "2014-05-23T19:29:00.000Z"], "wnes_geometry": {"westBoundingCoordinate": -82.578, "eastBoundingCoordinate": -80.043, "northBoundingCoordinate": 35.55, "southBoundingCoordinate": 32.826}, "sizeMB": 1.48, "format": "Not provided"}, "20140523_183250.2DS_H.1Hz": {"temporal": ["2014-05-23T18:32:50.000Z", "2014-05-23T19:29:00.000Z"], "wnes_geometry": {"westBoundingCoordinate": -82.578, "eastBoundingCoordinate": -80.043, "northBoundingCoordinate": 35.55, "southBoundingCoordinate": 32.826}, "sizeMB": 0.83, "format": "Not provided"}, "20140523_183250.2DS_V.1Hz": {"temporal": ["2014-05-23T18:32:50.000Z", "2014-05-23T19:29:00.000Z"], "wnes_geometry": {"westBoundingCoordinate": -82.578, "eastBoundingCoordinate": -80.043, "northBoundingCoordinate": 35.55, "southBoundingCoordinate": 32.826}, "sizeMB": 0.83, "format": "Not provided"}, "20140523_221820.HVPS3.1Hz": {"temporal": ["2014-05-23T22:18:20.000Z", "2014-05-24T01:14:00.000Z"], "wnes_geometry": {"westBoundingCoordinate": -82.54, "eastBoundingCoordinate": -79.587, "northBoundingCoordinate": 35.432, "southBoundingCoordinate": 32.835}, "sizeMB": 3.24, "format": "Not provided"}, "20140523_221820.2DS_V.1Hz": {"temporal": ["2014-05-23T22:18:20.000Z", "2014-05-24T01:14:00.000Z"], "wnes_geometry": {"westBoundingCoordinate": -82.54, "eastBoundingCoordinate": -79.587, "northBoundingCoordinate": 35.432, "southBoundingCoordinate": 32.835}, "sizeMB": 2.6, "format": "Not provided"}, "20140523_221820.comb.spectrum.1Hz": {"temporal": ["2014-05-23T22:18:20.000Z", "2014-05-24T01:14:00.000Z"], "wnes_geometry": {"westBoundingCoordinate": -82.54, "eastBoundingCoordinate": -79.587, "northBoundingCoordinate": 35.432, "southBoundingCoordinate": 32.835}, "sizeMB": 4.61, "format": "Not provided"}, "20140523_221820.2DS_H.1Hz": {"temporal": ["2014-05-23T22:18:20.000Z", "2014-05-24T01:14:00.000Z"], "wnes_geometry": {"westBoundingCoordinate": -82.54, "eastBoundingCoordinate": -79.587, "northBoundingCoordinate": 35.432, "southBoundingCoordinate": 32.835}, "sizeMB": 2.6, "format": "Not provided"}, "20140525_191640.2DC.1Hz": {"temporal": ["2014-05-25T19:16:40.000Z", "2014-05-25T22:36:20.000Z"], "wnes_geometry": {"westBoundingCoordinate": -83.94, "eastBoundingCoordinate": -81.855, "northBoundingCoordinate": 35.951, "southBoundingCoordinate": 35.129}, "sizeMB": 2.6, "format": "Not provided"}, "20140525_191640.2DS_H.1Hz": {"temporal": ["2014-05-25T19:16:40.000Z", "2014-05-25T22:36:20.000Z"], "wnes_geometry": {"westBoundingCoordinate": -83.94, "eastBoundingCoordinate": -81.855, "northBoundingCoordinate": 35.951, "southBoundingCoordinate": 35.129}, "sizeMB": 2.96, "format": "Not provided"}, "20140525_191640.2DS_V.1Hz": {"temporal": ["2014-05-25T19:16:40.000Z", "2014-05-25T22:36:20.000Z"], "wnes_geometry": {"westBoundingCoordinate": -83.94, "eastBoundingCoordinate": -81.855, "northBoundingCoordinate": 35.951, "southBoundingCoordinate": 35.129}, "sizeMB": 2.96, "format": "Not provided"}, "20140525_191640.HVPS3.1Hz": {"temporal": ["2014-05-25T19:16:40.000Z", "2014-05-25T22:36:20.000Z"], "wnes_geometry": {"westBoundingCoordinate": -83.94, "eastBoundingCoordinate": -81.855, "northBoundingCoordinate": 35.951, "southBoundingCoordinate": 35.129}, "sizeMB": 3.68, "format": "Not provided"}, "20140525_191640.comb.spectrum.1Hz": {"temporal": ["2014-05-25T19:16:40.000Z", "2014-05-25T22:36:20.000Z"], "wnes_geometry": {"westBoundingCoordinate": -83.94, "eastBoundingCoordinate": -81.855, "northBoundingCoordinate": 35.951, "southBoundingCoordinate": 35.129}, "sizeMB": 5.24, "format": "Not provided"}, "20140526_201200.HVPS3.1Hz": {"temporal": ["2014-05-26T20:12:00.000Z", "2014-05-26T22:41:50.000Z"], "wnes_geometry": {"westBoundingCoordinate": -83.368, "eastBoundingCoordinate": -81.529, "northBoundingCoordinate": 35.648, "southBoundingCoordinate": 35.137}, "sizeMB": 2.76, "format": "Not provided"}, "20140526_201200.comb.spectrum.1Hz": {"temporal": ["2014-05-26T20:12:00.000Z", "2014-05-26T22:41:50.000Z"], "wnes_geometry": {"westBoundingCoordinate": -83.368, "eastBoundingCoordinate": -81.529, "northBoundingCoordinate": 35.648, "southBoundingCoordinate": 35.137}, "sizeMB": 3.93, "format": "Not provided"}, "20140526_201200.2DS_H.1Hz": {"temporal": ["2014-05-26T20:12:00.000Z", "2014-05-26T22:41:50.000Z"], "wnes_geometry": {"westBoundingCoordinate": -83.368, "eastBoundingCoordinate": -81.529, "northBoundingCoordinate": 35.648, "southBoundingCoordinate": 35.137}, "sizeMB": 2.22, "format": "Not provided"}, "20140526_201200.2DS_V.1Hz": {"temporal": ["2014-05-26T20:12:00.000Z", "2014-05-26T22:41:50.000Z"], "wnes_geometry": {"westBoundingCoordinate": -83.368, "eastBoundingCoordinate": -81.529, "northBoundingCoordinate": 35.648, "southBoundingCoordinate": 35.137}, "sizeMB": 2.22, "format": "Not provided"}, "20140526_201200.2DC.1Hz": {"temporal": ["2014-05-26T20:12:00.000Z", "2014-05-26T22:41:50.000Z"], "wnes_geometry": {"westBoundingCoordinate": -83.368, "eastBoundingCoordinate": -81.529, "northBoundingCoordinate": 35.648, "southBoundingCoordinate": 35.137}, "sizeMB": 1.95, "format": "Not provided"}, "20140527_135700.2DS_H.1Hz": {"temporal": ["2014-05-27T13:57:00.000Z", "2014-05-27T15:44:10.000Z"], "wnes_geometry": {"westBoundingCoordinate": -82.994, "eastBoundingCoordinate": -82.199, "northBoundingCoordinate": 35.957, "southBoundingCoordinate": 35.324}, "sizeMB": 1.59, "format": "Not provided"}, "20140527_135700.comb.spectrum.1Hz": {"temporal": ["2014-05-27T13:57:00.000Z", "2014-05-27T15:44:10.000Z"], "wnes_geometry": {"westBoundingCoordinate": -82.994, "eastBoundingCoordinate": -82.199, "northBoundingCoordinate": 35.957, "southBoundingCoordinate": 35.324}, "sizeMB": 2.81, "format": "Not provided"}, "20140527_135700.HVPS3.1Hz": {"temporal": ["2014-05-27T13:57:00.000Z", "2014-05-27T15:44:10.000Z"], "wnes_geometry": {"westBoundingCoordinate": -82.994, "eastBoundingCoordinate": -82.199, "northBoundingCoordinate": 35.957, "southBoundingCoordinate": 35.324}, "sizeMB": 1.98, "format": "Not provided"}, "20140527_135700.2DC.1Hz": {"temporal": ["2014-05-27T13:57:00.000Z", "2014-05-27T15:44:10.000Z"], "wnes_geometry": {"westBoundingCoordinate": -82.994, "eastBoundingCoordinate": -82.199, "northBoundingCoordinate": 35.957, "southBoundingCoordinate": 35.324}, "sizeMB": 1.4, "format": "Not provided"}, "20140527_135700.2DS_V.1Hz": {"temporal": ["2014-05-27T13:57:00.000Z", "2014-05-27T15:44:10.000Z"], "wnes_geometry": {"westBoundingCoordinate": -82.994, "eastBoundingCoordinate": -82.199, "northBoundingCoordinate": 35.957, "southBoundingCoordinate": 35.324}, "sizeMB": 1.59, "format": "Not provided"}, "20140527_212150.2DS_H.1Hz": {"temporal": ["2014-05-27T21:21:50.000Z", "2014-05-27T22:16:00.000Z"], "wnes_geometry": {"westBoundingCoordinate": -82.546, "eastBoundingCoordinate": -78.93, "northBoundingCoordinate": 35.445, "southBoundingCoordinate": 33.685}, "sizeMB": 0.81, "format": "Not provided"}, "20140527_212150.2DS_V.1Hz": {"temporal": ["2014-05-27T21:21:50.000Z", "2014-05-27T22:16:00.000Z"], "wnes_geometry": {"westBoundingCoordinate": -82.546, "eastBoundingCoordinate": -78.93, "northBoundingCoordinate": 35.445, "southBoundingCoordinate": 33.685}, "sizeMB": 0.81, "format": "Not provided"}, "20140527_212150.comb.spectrum.1Hz": {"temporal": ["2014-05-27T21:21:50.000Z", "2014-05-27T22:16:00.000Z"], "wnes_geometry": {"westBoundingCoordinate": -82.546, "eastBoundingCoordinate": -78.93, "northBoundingCoordinate": 35.445, "southBoundingCoordinate": 33.685}, "sizeMB": 1.42, "format": "Not provided"}, "20140527_212150.2DC.1Hz": {"temporal": ["2014-05-27T21:21:50.000Z", "2014-05-27T22:16:00.000Z"], "wnes_geometry": {"westBoundingCoordinate": -82.546, "eastBoundingCoordinate": -78.93, "northBoundingCoordinate": 35.445, "southBoundingCoordinate": 33.685}, "sizeMB": 0.71, "format": "Not provided"}, "20140527_212150.HVPS3.1Hz": {"temporal": ["2014-05-27T21:21:50.000Z", "2014-05-27T22:16:00.000Z"], "wnes_geometry": {"westBoundingCoordinate": -82.546, "eastBoundingCoordinate": -78.93, "northBoundingCoordinate": 35.445, "southBoundingCoordinate": 33.685}, "sizeMB": 1, "format": "Not provided"}, "20140528_132400.2DS_H.1Hz": {"temporal": ["2014-05-28T13:24:00.000Z", "2014-05-28T16:35:40.000Z"], "wnes_geometry": {"westBoundingCoordinate": -78.931, "eastBoundingCoordinate": -75.323, "northBoundingCoordinate": 34.301, "southBoundingCoordinate": 32.978}, "sizeMB": 2.84, "format": "Not provided"}, "20140528_132400.comb.spectrum.1Hz": {"temporal": ["2014-05-28T13:24:00.000Z", "2014-05-28T16:35:40.000Z"], "wnes_geometry": {"westBoundingCoordinate": -78.931, "eastBoundingCoordinate": -75.323, "northBoundingCoordinate": 34.301, "southBoundingCoordinate": 32.978}, "sizeMB": 5.03, "format": "Not provided"}, "20140528_132400.2DC.1Hz": {"temporal": ["2014-05-28T13:24:00.000Z", "2014-05-28T16:35:40.000Z"], "wnes_geometry": {"westBoundingCoordinate": -78.931, "eastBoundingCoordinate": -75.323, "northBoundingCoordinate": 34.301, "southBoundingCoordinate": 32.978}, "sizeMB": 2.5, "format": "Not provided"}, "20140528_132400.HVPS3.1Hz": {"temporal": ["2014-05-28T13:24:00.000Z", "2014-05-28T16:35:40.000Z"], "wnes_geometry": {"westBoundingCoordinate": -78.931, "eastBoundingCoordinate": -75.323, "northBoundingCoordinate": 34.301, "southBoundingCoordinate": 32.978}, "sizeMB": 3.53, "format": "Not provided"}, "20140528_132400.2DS_V.1Hz": {"temporal": ["2014-05-28T13:24:00.000Z", "2014-05-28T16:35:40.000Z"], "wnes_geometry": {"westBoundingCoordinate": -78.931, "eastBoundingCoordinate": -75.323, "northBoundingCoordinate": 34.301, "southBoundingCoordinate": 32.978}, "sizeMB": 2.84, "format": "Not provided"}, "20140528_191440.2DC.1Hz": {"temporal": ["2014-05-28T19:14:40.000Z", "2014-05-28T20:20:50.000Z"], "wnes_geometry": {"westBoundingCoordinate": -82.559, "eastBoundingCoordinate": -77.892, "northBoundingCoordinate": 35.487, "southBoundingCoordinate": 34.235}, "sizeMB": 0.86, "format": "Not provided"}, "20140528_191440.HVPS3.1Hz": {"temporal": ["2014-05-28T19:14:40.000Z", "2014-05-28T20:20:50.000Z"], "wnes_geometry": {"westBoundingCoordinate": -82.559, "eastBoundingCoordinate": -77.892, "northBoundingCoordinate": 35.487, "southBoundingCoordinate": 34.235}, "sizeMB": 1.22, "format": "Not provided"}, "20140528_191440.2DS_V.1Hz": {"temporal": ["2014-05-28T19:14:40.000Z", "2014-05-28T20:20:50.000Z"], "wnes_geometry": {"westBoundingCoordinate": -82.559, "eastBoundingCoordinate": -77.892, "northBoundingCoordinate": 35.487, "southBoundingCoordinate": 34.235}, "sizeMB": 0.98, "format": "Not provided"}, "20140528_191440.2DS_H.1Hz": {"temporal": ["2014-05-28T19:14:40.000Z", "2014-05-28T20:20:50.000Z"], "wnes_geometry": {"westBoundingCoordinate": -82.559, "eastBoundingCoordinate": -77.892, "northBoundingCoordinate": 35.487, "southBoundingCoordinate": 34.235}, "sizeMB": 0.98, "format": "Not provided"}, "20140528_191440.comb.spectrum.1Hz": {"temporal": ["2014-05-28T19:14:40.000Z", "2014-05-28T20:20:50.000Z"], "wnes_geometry": {"westBoundingCoordinate": -82.559, "eastBoundingCoordinate": -77.892, "northBoundingCoordinate": 35.487, "southBoundingCoordinate": 34.235}, "sizeMB": 1.74, "format": "Not provided"}, "20140529_173440.HVPS3.1Hz": {"temporal": ["2014-05-29T17:34:40.000Z", "2014-05-29T20:50:40.000Z"], "wnes_geometry": {"westBoundingCoordinate": -83.533, "eastBoundingCoordinate": -82.483, "northBoundingCoordinate": 35.845, "southBoundingCoordinate": 35.256}, "sizeMB": 3.61, "format": "Not provided"}, "20140529_173440.2DC.1Hz": {"temporal": ["2014-05-29T17:34:40.000Z", "2014-05-29T20:50:40.000Z"], "wnes_geometry": {"westBoundingCoordinate": -83.533, "eastBoundingCoordinate": -82.483, "northBoundingCoordinate": 35.845, "southBoundingCoordinate": 35.256}, "sizeMB": 2.55, "format": "Not provided"}, "20140529_173440.2DS_V.1Hz": {"temporal": ["2014-05-29T17:34:40.000Z", "2014-05-29T20:50:40.000Z"], "wnes_geometry": {"westBoundingCoordinate": -83.533, "eastBoundingCoordinate": -82.483, "northBoundingCoordinate": 35.845, "southBoundingCoordinate": 35.256}, "sizeMB": 2.91, "format": "Not provided"}, "20140529_173440.comb.spectrum.1Hz": {"temporal": ["2014-05-29T17:34:40.000Z", "2014-05-29T20:50:40.000Z"], "wnes_geometry": {"westBoundingCoordinate": -83.533, "eastBoundingCoordinate": -82.483, "northBoundingCoordinate": 35.845, "southBoundingCoordinate": 35.256}, "sizeMB": 5.14, "format": "Not provided"}, "20140529_173440.2DS_H.1Hz": {"temporal": ["2014-05-29T17:34:40.000Z", "2014-05-29T20:50:40.000Z"], "wnes_geometry": {"westBoundingCoordinate": -83.533, "eastBoundingCoordinate": -82.483, "northBoundingCoordinate": 35.845, "southBoundingCoordinate": 35.256}, "sizeMB": 2.91, "format": "Not provided"}, "20140605_072610.comb.spectrum.1Hz": {"temporal": ["2014-06-05T07:26:10.000Z", "2014-06-05T09:52:20.000Z"], "wnes_geometry": {"westBoundingCoordinate": -84.934, "eastBoundingCoordinate": -82.484, "northBoundingCoordinate": 35.571, "southBoundingCoordinate": 35.073}, "sizeMB": 3.83, "format": "Not provided"}, "20140605_072610.2DS_V.1Hz": {"temporal": ["2014-06-05T07:26:10.000Z", "2014-06-05T09:52:20.000Z"], "wnes_geometry": {"westBoundingCoordinate": -84.934, "eastBoundingCoordinate": -82.484, "northBoundingCoordinate": 35.571, "southBoundingCoordinate": 35.073}, "sizeMB": 2.17, "format": "Not provided"}, "20140605_072610.2DC.1Hz": {"temporal": ["2014-06-05T07:26:10.000Z", "2014-06-05T09:52:20.000Z"], "wnes_geometry": {"westBoundingCoordinate": -84.934, "eastBoundingCoordinate": -82.484, "northBoundingCoordinate": 35.571, "southBoundingCoordinate": 35.073}, "sizeMB": 1.91, "format": "Not provided"}, "20140605_072610.HVPS3.1Hz": {"temporal": ["2014-06-05T07:26:10.000Z", "2014-06-05T09:52:20.000Z"], "wnes_geometry": {"westBoundingCoordinate": -84.934, "eastBoundingCoordinate": -82.484, "northBoundingCoordinate": 35.571, "southBoundingCoordinate": 35.073}, "sizeMB": 2.69, "format": "Not provided"}, "20140605_072610.2DS_H.1Hz": {"temporal": ["2014-06-05T07:26:10.000Z", "2014-06-05T09:52:20.000Z"], "wnes_geometry": {"westBoundingCoordinate": -84.934, "eastBoundingCoordinate": -82.484, "northBoundingCoordinate": 35.571, "southBoundingCoordinate": 35.073}, "sizeMB": 2.17, "format": "Not provided"}, "20140606_183340.2DS_H.1Hz": {"temporal": ["2014-06-06T18:33:40.000Z", "2014-06-06T20:10:30.000Z"], "wnes_geometry": {"westBoundingCoordinate": -83.342, "eastBoundingCoordinate": -82.514, "northBoundingCoordinate": 35.615, "southBoundingCoordinate": 35.354}, "sizeMB": 1.44, "format": "Not provided"}, "20140606_183340.2DC.1Hz": {"temporal": ["2014-06-06T18:33:40.000Z", "2014-06-06T20:10:30.000Z"], "wnes_geometry": {"westBoundingCoordinate": -83.342, "eastBoundingCoordinate": -82.514, "northBoundingCoordinate": 35.615, "southBoundingCoordinate": 35.354}, "sizeMB": 1.26, "format": "Not provided"}, "20140606_183340.2DS_V.1Hz": {"temporal": ["2014-06-06T18:33:40.000Z", "2014-06-06T20:10:30.000Z"], "wnes_geometry": {"westBoundingCoordinate": -83.342, "eastBoundingCoordinate": -82.514, "northBoundingCoordinate": 35.615, "southBoundingCoordinate": 35.354}, "sizeMB": 1.44, "format": "Not provided"}, "20140606_183340.comb.spectrum.1Hz": {"temporal": ["2014-06-06T18:33:40.000Z", "2014-06-06T20:10:30.000Z"], "wnes_geometry": {"westBoundingCoordinate": -83.342, "eastBoundingCoordinate": -82.514, "northBoundingCoordinate": 35.615, "southBoundingCoordinate": 35.354}, "sizeMB": 2.54, "format": "Not provided"}, "20140606_183340.HVPS3.1Hz": {"temporal": ["2014-06-06T18:33:40.000Z", "2014-06-06T20:10:30.000Z"], "wnes_geometry": {"westBoundingCoordinate": -83.342, "eastBoundingCoordinate": -82.514, "northBoundingCoordinate": 35.615, "southBoundingCoordinate": 35.354}, "sizeMB": 1.79, "format": "Not provided"}, "20140608_181640.2DS_V.1Hz": {"temporal": ["2014-06-08T18:16:40.000Z", "2014-06-08T21:09:00.000Z"], "wnes_geometry": {"westBoundingCoordinate": -82.545, "eastBoundingCoordinate": -79.559, "northBoundingCoordinate": 35.951, "southBoundingCoordinate": 35.237}, "sizeMB": 2.56, "format": "Not provided"}, "20140608_181640.2DC.1Hz": {"temporal": ["2014-06-08T18:16:40.000Z", "2014-06-08T21:09:00.000Z"], "wnes_geometry": {"westBoundingCoordinate": -82.545, "eastBoundingCoordinate": -79.559, "northBoundingCoordinate": 35.951, "southBoundingCoordinate": 35.237}, "sizeMB": 2.25, "format": "Not provided"}, "20140608_181640.HVPS3.1Hz": {"temporal": ["2014-06-08T18:16:40.000Z", "2014-06-08T21:09:00.000Z"], "wnes_geometry": {"westBoundingCoordinate": -82.545, "eastBoundingCoordinate": -79.559, "northBoundingCoordinate": 35.951, "southBoundingCoordinate": 35.237}, "sizeMB": 3.18, "format": "Not provided"}, "20140608_181640.comb.spectrum.1Hz": {"temporal": ["2014-06-08T18:16:40.000Z", "2014-06-08T21:09:00.000Z"], "wnes_geometry": {"westBoundingCoordinate": -82.545, "eastBoundingCoordinate": -79.559, "northBoundingCoordinate": 35.951, "southBoundingCoordinate": 35.237}, "sizeMB": 4.52, "format": "Not provided"}, "20140608_181640.2DS_H.1Hz": {"temporal": ["2014-06-08T18:16:40.000Z", "2014-06-08T21:09:00.000Z"], "wnes_geometry": {"westBoundingCoordinate": -82.545, "eastBoundingCoordinate": -79.559, "northBoundingCoordinate": 35.951, "southBoundingCoordinate": 35.237}, "sizeMB": 2.56, "format": "Not provided"}, "20140611_165210.2DS_V.1Hz": {"temporal": ["2014-06-11T16:52:10.000Z", "2014-06-11T20:50:40.000Z"], "wnes_geometry": {"westBoundingCoordinate": -82.637, "eastBoundingCoordinate": -81.517, "northBoundingCoordinate": 36.484, "southBoundingCoordinate": 35.072}, "sizeMB": 3.54, "format": "Not provided"}, "20140611_165210.comb.spectrum.1Hz": {"temporal": ["2014-06-11T16:52:10.000Z", "2014-06-11T20:50:40.000Z"], "wnes_geometry": {"westBoundingCoordinate": -82.637, "eastBoundingCoordinate": -81.517, "northBoundingCoordinate": 36.484, "southBoundingCoordinate": 35.072}, "sizeMB": 6.26, "format": "Not provided"}, "20140611_165210.2DC.1Hz": {"temporal": ["2014-06-11T16:52:10.000Z", "2014-06-11T20:50:40.000Z"], "wnes_geometry": {"westBoundingCoordinate": -82.637, "eastBoundingCoordinate": -81.517, "northBoundingCoordinate": 36.484, "southBoundingCoordinate": 35.072}, "sizeMB": 3.11, "format": "Not provided"}, "20140611_165210.2DS_H.1Hz": {"temporal": ["2014-06-11T16:52:10.000Z", "2014-06-11T20:50:40.000Z"], "wnes_geometry": {"westBoundingCoordinate": -82.637, "eastBoundingCoordinate": -81.517, "northBoundingCoordinate": 36.484, "southBoundingCoordinate": 35.072}, "sizeMB": 3.54, "format": "Not provided"}, "20140611_165210.HVPS3.1Hz": {"temporal": ["2014-06-11T16:52:10.000Z", "2014-06-11T20:50:40.000Z"], "wnes_geometry": {"westBoundingCoordinate": -82.637, "eastBoundingCoordinate": -81.517, "northBoundingCoordinate": 36.484, "southBoundingCoordinate": 35.072}, "sizeMB": 4.39, "format": "Not provided"}, "20140612_161340.2DC.1Hz": {"temporal": ["2014-06-12T16:13:40.000Z", "2014-06-12T19:51:10.000Z"], "wnes_geometry": {"westBoundingCoordinate": -83.689, "eastBoundingCoordinate": -82.407, "northBoundingCoordinate": 35.932, "southBoundingCoordinate": 35.262}, "sizeMB": 2.83, "format": "Not provided"}, "20140612_161340.2DS_V.1Hz": {"temporal": ["2014-06-12T16:13:40.000Z", "2014-06-12T19:51:10.000Z"], "wnes_geometry": {"westBoundingCoordinate": -83.689, "eastBoundingCoordinate": -82.407, "northBoundingCoordinate": 35.932, "southBoundingCoordinate": 35.262}, "sizeMB": 3.23, "format": "Not provided"}, "20140612_161340.comb.spectrum.1Hz": {"temporal": ["2014-06-12T16:13:40.000Z", "2014-06-12T19:51:10.000Z"], "wnes_geometry": {"westBoundingCoordinate": -83.689, "eastBoundingCoordinate": -82.407, "northBoundingCoordinate": 35.932, "southBoundingCoordinate": 35.262}, "sizeMB": 5.71, "format": "Not provided"}, "20140612_161340.2DS_H.1Hz": {"temporal": ["2014-06-12T16:13:40.000Z", "2014-06-12T19:51:10.000Z"], "wnes_geometry": {"westBoundingCoordinate": -83.689, "eastBoundingCoordinate": -82.407, "northBoundingCoordinate": 35.932, "southBoundingCoordinate": 35.262}, "sizeMB": 3.23, "format": "Not provided"}, "20140612_161340.HVPS3.1Hz": {"temporal": ["2014-06-12T16:13:40.000Z", "2014-06-12T19:51:10.000Z"], "wnes_geometry": {"westBoundingCoordinate": -83.689, "eastBoundingCoordinate": -82.407, "northBoundingCoordinate": 35.932, "southBoundingCoordinate": 35.262}, "sizeMB": 4.01, "format": "Not provided"}}