{"PAW20110524_194726.uf": {"temporal": ["2011-05-24T19:47:26.000Z", "2011-05-24T19:52:26.000Z"], "wnes_geometry": {"westBoundingCoordinate": -121, "eastBoundingCoordinate": -91, "northBoundingCoordinate": 43, "southBoundingCoordinate": 28}, "sizeMB": 28.38, "format": "Not Provided"}, "PAW20110524_195255.uf": {"temporal": ["2011-05-24T19:52:55.000Z", "2011-05-24T19:57:55.000Z"], "wnes_geometry": {"westBoundingCoordinate": -121, "eastBoundingCoordinate": -91, "northBoundingCoordinate": 43, "southBoundingCoordinate": 28}, "sizeMB": 25.36, "format": "Not Provided"}, "PAW20110524_195749.uf": {"temporal": ["2011-05-24T19:57:49.000Z", "2011-05-24T20:02:49.000Z"], "wnes_geometry": {"westBoundingCoordinate": -121, "eastBoundingCoordinate": -91, "northBoundingCoordinate": 43, "southBoundingCoordinate": 28}, "sizeMB": 25.38, "format": "Not Provided"}, "PAW20110524_200242.uf": {"temporal": ["2011-05-24T20:02:42.000Z", "2011-05-24T20:07:42.000Z"], "wnes_geometry": {"westBoundingCoordinate": -121, "eastBoundingCoordinate": -91, "northBoundingCoordinate": 43, "southBoundingCoordinate": 28}, "sizeMB": 25.38, "format": "Not Provided"}, "PAW20110524_200736.uf": {"temporal": ["2011-05-24T20:07:36.000Z", "2011-05-24T20:12:36.000Z"], "wnes_geometry": {"westBoundingCoordinate": -121, "eastBoundingCoordinate": -91, "northBoundingCoordinate": 43, "southBoundingCoordinate": 28}, "sizeMB": 1.91, "format": "Not Provided"}, "PAW20110524_200816.uf": {"temporal": ["2011-05-24T20:08:16.000Z", "2011-05-24T20:13:16.000Z"], "wnes_geometry": {"westBoundingCoordinate": -121, "eastBoundingCoordinate": -91, "northBoundingCoordinate": 43, "southBoundingCoordinate": 28}, "sizeMB": 25.39, "format": "Not Provided"}, "PAW20110524_201310.uf": {"temporal": ["2011-05-24T20:13:10.000Z", "2011-05-24T20:18:10.000Z"], "wnes_geometry": {"westBoundingCoordinate": -121, "eastBoundingCoordinate": -91, "northBoundingCoordinate": 43, "southBoundingCoordinate": 28}, "sizeMB": 25.34, "format": "Not Provided"}, "PAW20110524_201804.uf": {"temporal": ["2011-05-24T20:18:04.000Z", "2011-05-24T20:23:04.000Z"], "wnes_geometry": {"westBoundingCoordinate": -121, "eastBoundingCoordinate": -91, "northBoundingCoordinate": 43, "southBoundingCoordinate": 28}, "sizeMB": 25.4, "format": "Not Provided"}, "PAW20110524_202258.uf": {"temporal": ["2011-05-24T20:22:58.000Z", "2011-05-24T20:27:58.000Z"], "wnes_geometry": {"westBoundingCoordinate": -121, "eastBoundingCoordinate": -91, "northBoundingCoordinate": 43, "southBoundingCoordinate": 28}, "sizeMB": 1.88, "format": "Not Provided"}, "PAW20110524_202357.uf": {"temporal": ["2011-05-24T20:23:57.000Z", "2011-05-24T20:28:57.000Z"], "wnes_geometry": {"westBoundingCoordinate": -121, "eastBoundingCoordinate": -91, "northBoundingCoordinate": 43, "southBoundingCoordinate": 28}, "sizeMB": 25.32, "format": "Not Provided"}, "PAW20110524_202850.uf": {"temporal": ["2011-05-24T20:28:50.000Z", "2011-05-24T20:33:50.000Z"], "wnes_geometry": {"westBoundingCoordinate": -121, "eastBoundingCoordinate": -91, "northBoundingCoordinate": 43, "southBoundingCoordinate": 28}, "sizeMB": 25.44, "format": "Not Provided"}, "PAW20110524_203344.uf": {"temporal": ["2011-05-24T20:33:44.000Z", "2011-05-24T20:38:44.000Z"], "wnes_geometry": {"westBoundingCoordinate": -121, "eastBoundingCoordinate": -91, "northBoundingCoordinate": 43, "southBoundingCoordinate": 28}, "sizeMB": 25.45, "format": "Not Provided"}, "PAW20110524_203837.uf": {"temporal": ["2011-05-24T20:38:37.000Z", "2011-05-24T20:43:37.000Z"], "wnes_geometry": {"westBoundingCoordinate": -121, "eastBoundingCoordinate": -91, "northBoundingCoordinate": 43, "southBoundingCoordinate": 28}, "sizeMB": 14.02, "format": "Not Provided"}, "PAW20110524_204148.uf": {"temporal": ["2011-05-24T20:41:48.000Z", "2011-05-24T20:46:48.000Z"], "wnes_geometry": {"westBoundingCoordinate": -121, "eastBoundingCoordinate": -91, "northBoundingCoordinate": 43, "southBoundingCoordinate": 28}, "sizeMB": 25.37, "format": "Not Provided"}, "PAW20110524_204642.uf": {"temporal": ["2011-05-24T20:46:42.000Z", "2011-05-24T20:51:42.000Z"], "wnes_geometry": {"westBoundingCoordinate": -121, "eastBoundingCoordinate": -91, "northBoundingCoordinate": 43, "southBoundingCoordinate": 28}, "sizeMB": 25.4, "format": "Not Provided"}, "PAW20110524_205136.uf": {"temporal": ["2011-05-24T20:51:36.000Z", "2011-05-24T20:56:36.000Z"], "wnes_geometry": {"westBoundingCoordinate": -121, "eastBoundingCoordinate": -91, "northBoundingCoordinate": 43, "southBoundingCoordinate": 28}, "sizeMB": 25.44, "format": "Not Provided"}, "PAW20110524_205630.uf": {"temporal": ["2011-05-24T20:56:30.000Z", "2011-05-24T21:01:30.000Z"], "wnes_geometry": {"westBoundingCoordinate": -121, "eastBoundingCoordinate": -91, "northBoundingCoordinate": 43, "southBoundingCoordinate": 28}, "sizeMB": 15.24, "format": "Not Provided"}, "PAW20110524_210000.uf": {"temporal": ["2011-05-24T21:00:00.000Z", "2011-05-24T21:05:00.000Z"], "wnes_geometry": {"westBoundingCoordinate": -121, "eastBoundingCoordinate": -91, "northBoundingCoordinate": 43, "southBoundingCoordinate": 28}, "sizeMB": 46.73, "format": "Not Provided"}}