{"lpvex_poss_PR_20100917_JAR.csv": {"temporal": ["2010-09-17T13:49:00.000Z", "2010-09-17T23:59:00.000Z"], "wnes_geometry": {"westBoundingCoordinate": 25.082, "eastBoundingCoordinate": 25.082, "northBoundingCoordinate": 60.485, "southBoundingCoordinate": 60.485}, "sizeMB": 0.29, "format": "Not provided"}, "lpvex_poss_PR_20100918_JAR.csv": {"temporal": ["2010-09-18T00:00:00.000Z", "2010-09-18T23:59:00.000Z"], "wnes_geometry": {"westBoundingCoordinate": 25.082, "eastBoundingCoordinate": 25.082, "northBoundingCoordinate": 60.485, "southBoundingCoordinate": 60.485}, "sizeMB": 0.68, "format": "Not provided"}, "lpvex_poss_PR_20100918_EMA.csv": {"temporal": ["2010-09-18T07:16:00.000Z", "2010-09-18T07:22:00.000Z"], "wnes_geometry": {"westBoundingCoordinate": 25.625, "eastBoundingCoordinate": 25.625, "northBoundingCoordinate": 60.204, "southBoundingCoordinate": 60.204}, "sizeMB": 0.01, "format": "Not provided"}, "lpvex_poss_PR_20100919_JAR.csv": {"temporal": ["2010-09-19T00:00:00.000Z", "2010-09-19T23:59:00.000Z"], "wnes_geometry": {"westBoundingCoordinate": 25.082, "eastBoundingCoordinate": 25.082, "northBoundingCoordinate": 60.485, "southBoundingCoordinate": 60.485}, "sizeMB": 0.63, "format": "Not provided"}, "lpvex_poss_PR_20100920_JAR.csv": {"temporal": ["2010-09-20T00:00:00.000Z", "2010-09-20T23:59:00.000Z"], "wnes_geometry": {"westBoundingCoordinate": 25.082, "eastBoundingCoordinate": 25.082, "northBoundingCoordinate": 60.485, "southBoundingCoordinate": 60.485}, "sizeMB": 0.62, "format": "Not provided"}, "lpvex_poss_PR_20100921_JAR.csv": {"temporal": ["2010-09-21T00:00:00.000Z", "2010-09-21T23:59:00.000Z"], "wnes_geometry": {"westBoundingCoordinate": 25.082, "eastBoundingCoordinate": 25.082, "northBoundingCoordinate": 60.485, "southBoundingCoordinate": 60.485}, "sizeMB": 0.81, "format": "Not provided"}, "lpvex_poss_PR_20100922_JAR.csv": {"temporal": ["2010-09-22T00:00:00.000Z", "2010-09-22T07:42:00.000Z"], "wnes_geometry": {"westBoundingCoordinate": 25.082, "eastBoundingCoordinate": 25.082, "northBoundingCoordinate": 60.485, "southBoundingCoordinate": 60.485}, "sizeMB": 0.21, "format": "Not provided"}, "lpvex_poss_PR_20100922_EMA.csv": {"temporal": ["2010-09-22T04:04:00.000Z", "2010-09-22T08:20:00.000Z"], "wnes_geometry": {"westBoundingCoordinate": 25.625, "eastBoundingCoordinate": 25.625, "northBoundingCoordinate": 60.204, "southBoundingCoordinate": 60.204}, "sizeMB": 0.01, "format": "Not provided"}, "lpvex_poss_PR_20100923_JAR.csv": {"temporal": ["2010-09-23T12:06:00.000Z", "2010-09-23T23:59:00.000Z"], "wnes_geometry": {"westBoundingCoordinate": 25.082, "eastBoundingCoordinate": 25.082, "northBoundingCoordinate": 60.485, "southBoundingCoordinate": 60.485}, "sizeMB": 0.31, "format": "Not provided"}, "lpvex_poss_PR_20100924_JAR.csv": {"temporal": ["2010-09-24T00:00:00.000Z", "2010-09-24T23:59:00.000Z"], "wnes_geometry": {"westBoundingCoordinate": 25.082, "eastBoundingCoordinate": 25.082, "northBoundingCoordinate": 60.485, "southBoundingCoordinate": 60.485}, "sizeMB": 0.61, "format": "Not provided"}, "lpvex_poss_PR_20100925_JAR.csv": {"temporal": ["2010-09-25T00:00:00.000Z", "2010-09-25T23:59:00.000Z"], "wnes_geometry": {"westBoundingCoordinate": 25.082, "eastBoundingCoordinate": 25.082, "northBoundingCoordinate": 60.485, "southBoundingCoordinate": 60.485}, "sizeMB": 0.56, "format": "Not provided"}, "lpvex_poss_PR_20100926_JAR.csv": {"temporal": ["2010-09-26T00:00:00.000Z", "2010-09-26T23:59:00.000Z"], "wnes_geometry": {"westBoundingCoordinate": 25.082, "eastBoundingCoordinate": 25.082, "northBoundingCoordinate": 60.485, "southBoundingCoordinate": 60.485}, "sizeMB": 0.61, "format": "Not provided"}, "lpvex_poss_PR_20100927_JAR.csv": {"temporal": ["2010-09-27T00:00:00.000Z", "2010-09-27T23:59:00.000Z"], "wnes_geometry": {"westBoundingCoordinate": 25.082, "eastBoundingCoordinate": 25.082, "northBoundingCoordinate": 60.485, "southBoundingCoordinate": 60.485}, "sizeMB": 0.61, "format": "Not provided"}, "lpvex_poss_PR_20100927_EMA.csv": {"temporal": ["2010-09-27T08:31:00.000Z", "2010-09-27T23:59:00.000Z"], "wnes_geometry": {"westBoundingCoordinate": 25.625, "eastBoundingCoordinate": 25.625, "northBoundingCoordinate": 60.204, "southBoundingCoordinate": 60.204}, "sizeMB": 0.4, "format": "Not provided"}, "lpvex_poss_PR_20100928_EMA.csv": {"temporal": ["2010-09-28T00:00:00.000Z", "2010-09-28T01:59:00.000Z"], "wnes_geometry": {"westBoundingCoordinate": 25.625, "eastBoundingCoordinate": 25.625, "northBoundingCoordinate": 60.204, "southBoundingCoordinate": 60.204}, "sizeMB": 0.05, "format": "Not provided"}, "lpvex_poss_PR_20100928_JAR.csv": {"temporal": ["2010-09-28T00:00:00.000Z", "2010-09-28T23:59:00.000Z"], "wnes_geometry": {"westBoundingCoordinate": 25.082, "eastBoundingCoordinate": 25.082, "northBoundingCoordinate": 60.485, "southBoundingCoordinate": 60.485}, "sizeMB": 0.61, "format": "Not provided"}, "lpvex_poss_PR_20100929_JAR.csv": {"temporal": ["2010-09-29T00:00:00.000Z", "2010-09-29T23:59:00.000Z"], "wnes_geometry": {"westBoundingCoordinate": 25.082, "eastBoundingCoordinate": 25.082, "northBoundingCoordinate": 60.485, "southBoundingCoordinate": 60.485}, "sizeMB": 0.61, "format": "Not provided"}, "lpvex_poss_PR_20100930_JAR.csv": {"temporal": ["2010-09-30T00:00:00.000Z", "2010-09-30T23:59:00.000Z"], "wnes_geometry": {"westBoundingCoordinate": 25.082, "eastBoundingCoordinate": 25.082, "northBoundingCoordinate": 60.485, "southBoundingCoordinate": 60.485}, "sizeMB": 0.61, "format": "Not provided"}, "lpvex_poss_PR_20100930_EMA.csv": {"temporal": ["2010-09-30T08:28:00.000Z", "2010-09-30T21:38:00.000Z"], "wnes_geometry": {"westBoundingCoordinate": 25.625, "eastBoundingCoordinate": 25.625, "northBoundingCoordinate": 60.204, "southBoundingCoordinate": 60.204}, "sizeMB": 0.08, "format": "Not provided"}, "lpvex_poss_PR_20101001_JAR.csv": {"temporal": ["2010-10-01T00:00:00.000Z", "2010-10-01T23:59:00.000Z"], "wnes_geometry": {"westBoundingCoordinate": 25.082, "eastBoundingCoordinate": 25.082, "northBoundingCoordinate": 60.485, "southBoundingCoordinate": 60.485}, "sizeMB": 0.61, "format": "Not provided"}, "lpvex_poss_PR_20101001_EMA.csv": {"temporal": ["2010-10-01T00:01:00.000Z", "2010-10-01T02:56:00.000Z"], "wnes_geometry": {"westBoundingCoordinate": 25.625, "eastBoundingCoordinate": 25.625, "northBoundingCoordinate": 60.204, "southBoundingCoordinate": 60.204}, "sizeMB": 0.02, "format": "Not provided"}, "lpvex_poss_PR_20101002_JAR.csv": {"temporal": ["2010-10-02T00:00:00.000Z", "2010-10-02T13:12:00.000Z"], "wnes_geometry": {"westBoundingCoordinate": 25.082, "eastBoundingCoordinate": 25.082, "northBoundingCoordinate": 60.485, "southBoundingCoordinate": 60.485}, "sizeMB": 0.32, "format": "Not provided"}, "lpvex_poss_PR_20101003_JAR.csv": {"temporal": ["2010-10-03T00:00:00.000Z", "2010-10-03T23:59:00.000Z"], "wnes_geometry": {"westBoundingCoordinate": 25.082, "eastBoundingCoordinate": 25.082, "northBoundingCoordinate": 60.485, "southBoundingCoordinate": 60.485}, "sizeMB": 0.61, "format": "Not provided"}, "lpvex_poss_PR_20101004_JAR.csv": {"temporal": ["2010-10-04T00:00:00.000Z", "2010-10-04T23:59:00.000Z"], "wnes_geometry": {"westBoundingCoordinate": 25.082, "eastBoundingCoordinate": 25.082, "northBoundingCoordinate": 60.485, "southBoundingCoordinate": 60.485}, "sizeMB": 0.61, "format": "Not provided"}, "lpvex_poss_PR_20101005_JAR.csv": {"temporal": ["2010-10-05T00:00:00.000Z", "2010-10-05T23:59:00.000Z"], "wnes_geometry": {"westBoundingCoordinate": 25.082, "eastBoundingCoordinate": 25.082, "northBoundingCoordinate": 60.485, "southBoundingCoordinate": 60.485}, "sizeMB": 0.61, "format": "Not provided"}, "lpvex_poss_PR_20101006_JAR.csv": {"temporal": ["2010-10-06T00:00:00.000Z", "2010-10-06T23:59:00.000Z"], "wnes_geometry": {"westBoundingCoordinate": 25.082, "eastBoundingCoordinate": 25.082, "northBoundingCoordinate": 60.485, "southBoundingCoordinate": 60.485}, "sizeMB": 0.61, "format": "Not provided"}, "lpvex_poss_PR_20101007_JAR.csv": {"temporal": ["2010-10-07T00:00:00.000Z", "2010-10-07T23:59:00.000Z"], "wnes_geometry": {"westBoundingCoordinate": 25.082, "eastBoundingCoordinate": 25.082, "northBoundingCoordinate": 60.485, "southBoundingCoordinate": 60.485}, "sizeMB": 0.61, "format": "Not provided"}, "lpvex_poss_PR_20101007_EMA.csv": {"temporal": ["2010-10-07T05:30:00.000Z", "2010-10-07T23:59:00.000Z"], "wnes_geometry": {"westBoundingCoordinate": 25.625, "eastBoundingCoordinate": 25.625, "northBoundingCoordinate": 60.204, "southBoundingCoordinate": 60.204}, "sizeMB": 0.47, "format": "Not provided"}, "lpvex_poss_PR_20101008_EMA.csv": {"temporal": ["2010-10-08T00:00:00.000Z", "2010-10-08T23:59:00.000Z"], "wnes_geometry": {"westBoundingCoordinate": 25.625, "eastBoundingCoordinate": 25.625, "northBoundingCoordinate": 60.204, "southBoundingCoordinate": 60.204}, "sizeMB": 0.61, "format": "Not provided"}, "lpvex_poss_PR_20101008_JAR.csv": {"temporal": ["2010-10-08T00:00:00.000Z", "2010-10-08T23:59:00.000Z"], "wnes_geometry": {"westBoundingCoordinate": 25.082, "eastBoundingCoordinate": 25.082, "northBoundingCoordinate": 60.485, "southBoundingCoordinate": 60.485}, "sizeMB": 0.61, "format": "Not provided"}, "lpvex_poss_PR_20101009_EMA.csv": {"temporal": ["2010-10-09T00:00:00.000Z", "2010-10-09T23:59:00.000Z"], "wnes_geometry": {"westBoundingCoordinate": 25.625, "eastBoundingCoordinate": 25.625, "northBoundingCoordinate": 60.204, "southBoundingCoordinate": 60.204}, "sizeMB": 0.61, "format": "Not provided"}, "lpvex_poss_PR_20101009_JAR.csv": {"temporal": ["2010-10-09T00:00:00.000Z", "2010-10-09T23:59:00.000Z"], "wnes_geometry": {"westBoundingCoordinate": 25.082, "eastBoundingCoordinate": 25.082, "northBoundingCoordinate": 60.485, "southBoundingCoordinate": 60.485}, "sizeMB": 0.61, "format": "Not provided"}, "lpvex_poss_PR_20101010_JAR.csv": {"temporal": ["2010-10-10T00:00:00.000Z", "2010-10-10T23:59:00.000Z"], "wnes_geometry": {"westBoundingCoordinate": 25.082, "eastBoundingCoordinate": 25.082, "northBoundingCoordinate": 60.485, "southBoundingCoordinate": 60.485}, "sizeMB": 0.61, "format": "Not provided"}, "lpvex_poss_PR_20101010_EMA.csv": {"temporal": ["2010-10-10T00:00:00.000Z", "2010-10-10T23:59:00.000Z"], "wnes_geometry": {"westBoundingCoordinate": 25.625, "eastBoundingCoordinate": 25.625, "northBoundingCoordinate": 60.204, "southBoundingCoordinate": 60.204}, "sizeMB": 0.62, "format": "Not provided"}, "lpvex_poss_PR_20101011_EMA.csv": {"temporal": ["2010-10-11T00:00:00.000Z", "2010-10-11T23:59:00.000Z"], "wnes_geometry": {"westBoundingCoordinate": 25.625, "eastBoundingCoordinate": 25.625, "northBoundingCoordinate": 60.204, "southBoundingCoordinate": 60.204}, "sizeMB": 0.59, "format": "Not provided"}, "lpvex_poss_PR_20101011_JAR.csv": {"temporal": ["2010-10-11T00:00:00.000Z", "2010-10-11T23:59:00.000Z"], "wnes_geometry": {"westBoundingCoordinate": 25.082, "eastBoundingCoordinate": 25.082, "northBoundingCoordinate": 60.485, "southBoundingCoordinate": 60.485}, "sizeMB": 0.62, "format": "Not provided"}, "lpvex_poss_PR_20101012_EMA.csv": {"temporal": ["2010-10-12T00:00:00.000Z", "2010-10-12T23:59:00.000Z"], "wnes_geometry": {"westBoundingCoordinate": 25.625, "eastBoundingCoordinate": 25.625, "northBoundingCoordinate": 60.204, "southBoundingCoordinate": 60.204}, "sizeMB": 0.67, "format": "Not provided"}, "lpvex_poss_PR_20101012_JAR.csv": {"temporal": ["2010-10-12T00:00:00.000Z", "2010-10-12T23:59:00.000Z"], "wnes_geometry": {"westBoundingCoordinate": 25.082, "eastBoundingCoordinate": 25.082, "northBoundingCoordinate": 60.485, "southBoundingCoordinate": 60.485}, "sizeMB": 0.65, "format": "Not provided"}, "lpvex_poss_PR_20101013_JAR.csv": {"temporal": ["2010-10-13T00:00:00.000Z", "2010-10-13T23:59:00.000Z"], "wnes_geometry": {"westBoundingCoordinate": 25.082, "eastBoundingCoordinate": 25.082, "northBoundingCoordinate": 60.485, "southBoundingCoordinate": 60.485}, "sizeMB": 0.61, "format": "Not provided"}, "lpvex_poss_PR_20101013_EMA.csv": {"temporal": ["2010-10-13T00:00:00.000Z", "2010-10-13T23:59:00.000Z"], "wnes_geometry": {"westBoundingCoordinate": 25.625, "eastBoundingCoordinate": 25.625, "northBoundingCoordinate": 60.204, "southBoundingCoordinate": 60.204}, "sizeMB": 0.29, "format": "Not provided"}, "lpvex_poss_PR_20101014_EMA.csv": {"temporal": ["2010-10-14T00:00:00.000Z", "2010-10-14T23:59:00.000Z"], "wnes_geometry": {"westBoundingCoordinate": 25.625, "eastBoundingCoordinate": 25.625, "northBoundingCoordinate": 60.204, "southBoundingCoordinate": 60.204}, "sizeMB": 0.79, "format": "Not provided"}, "lpvex_poss_PR_20101014_JAR.csv": {"temporal": ["2010-10-14T00:00:00.000Z", "2010-10-14T23:59:00.000Z"], "wnes_geometry": {"westBoundingCoordinate": 25.082, "eastBoundingCoordinate": 25.082, "northBoundingCoordinate": 60.485, "southBoundingCoordinate": 60.485}, "sizeMB": 0.78, "format": "Not provided"}, "lpvex_poss_PR_20101015_EMA.csv": {"temporal": ["2010-10-15T00:00:00.000Z", "2010-10-15T23:59:00.000Z"], "wnes_geometry": {"westBoundingCoordinate": 25.625, "eastBoundingCoordinate": 25.625, "northBoundingCoordinate": 60.204, "southBoundingCoordinate": 60.204}, "sizeMB": 0.67, "format": "Not provided"}, "lpvex_poss_PR_20101015_JAR.csv": {"temporal": ["2010-10-15T00:00:00.000Z", "2010-10-15T23:59:00.000Z"], "wnes_geometry": {"westBoundingCoordinate": 25.082, "eastBoundingCoordinate": 25.082, "northBoundingCoordinate": 60.485, "southBoundingCoordinate": 60.485}, "sizeMB": 0.65, "format": "Not provided"}, "lpvex_poss_PR_20101016_EMA.csv": {"temporal": ["2010-10-16T00:00:00.000Z", "2010-10-16T23:59:00.000Z"], "wnes_geometry": {"westBoundingCoordinate": 25.625, "eastBoundingCoordinate": 25.625, "northBoundingCoordinate": 60.204, "southBoundingCoordinate": 60.204}, "sizeMB": 0.63, "format": "Not provided"}, "lpvex_poss_PR_20101016_JAR.csv": {"temporal": ["2010-10-16T00:00:00.000Z", "2010-10-16T23:59:00.000Z"], "wnes_geometry": {"westBoundingCoordinate": 25.082, "eastBoundingCoordinate": 25.082, "northBoundingCoordinate": 60.485, "southBoundingCoordinate": 60.485}, "sizeMB": 0.62, "format": "Not provided"}, "lpvex_poss_PR_20101017_EMA.csv": {"temporal": ["2010-10-17T00:00:00.000Z", "2010-10-17T23:59:00.000Z"], "wnes_geometry": {"westBoundingCoordinate": 25.625, "eastBoundingCoordinate": 25.625, "northBoundingCoordinate": 60.204, "southBoundingCoordinate": 60.204}, "sizeMB": 0.63, "format": "Not provided"}, "lpvex_poss_PR_20101017_JAR.csv": {"temporal": ["2010-10-17T00:00:00.000Z", "2010-10-17T23:59:00.000Z"], "wnes_geometry": {"westBoundingCoordinate": 25.082, "eastBoundingCoordinate": 25.082, "northBoundingCoordinate": 60.485, "southBoundingCoordinate": 60.485}, "sizeMB": 0.62, "format": "Not provided"}, "lpvex_poss_PR_20101018_JAR.csv": {"temporal": ["2010-10-18T00:00:00.000Z", "2010-10-18T23:59:00.000Z"], "wnes_geometry": {"westBoundingCoordinate": 25.082, "eastBoundingCoordinate": 25.082, "northBoundingCoordinate": 60.485, "southBoundingCoordinate": 60.485}, "sizeMB": 0.64, "format": "Not provided"}, "lpvex_poss_PR_20101018_EMA.csv": {"temporal": ["2010-10-18T00:00:00.000Z", "2010-10-18T23:59:00.000Z"], "wnes_geometry": {"westBoundingCoordinate": 25.625, "eastBoundingCoordinate": 25.625, "northBoundingCoordinate": 60.204, "southBoundingCoordinate": 60.204}, "sizeMB": 0.62, "format": "Not provided"}, "lpvex_poss_PR_20101019_EMA.csv": {"temporal": ["2010-10-19T00:00:00.000Z", "2010-10-19T23:59:00.000Z"], "wnes_geometry": {"westBoundingCoordinate": 25.625, "eastBoundingCoordinate": 25.625, "northBoundingCoordinate": 60.204, "southBoundingCoordinate": 60.204}, "sizeMB": 0.66, "format": "Not provided"}, "lpvex_poss_PR_20101019_JAR.csv": {"temporal": ["2010-10-19T00:00:00.000Z", "2010-10-19T23:59:00.000Z"], "wnes_geometry": {"westBoundingCoordinate": 25.082, "eastBoundingCoordinate": 25.082, "northBoundingCoordinate": 60.485, "southBoundingCoordinate": 60.485}, "sizeMB": 0.64, "format": "Not provided"}, "lpvex_poss_PR_20101020_JAR.csv": {"temporal": ["2010-10-20T00:00:00.000Z", "2010-10-20T23:59:00.000Z"], "wnes_geometry": {"westBoundingCoordinate": 25.082, "eastBoundingCoordinate": 25.082, "northBoundingCoordinate": 60.485, "southBoundingCoordinate": 60.485}, "sizeMB": 0.79, "format": "Not provided"}, "lpvex_poss_PR_20101020_EMA.csv": {"temporal": ["2010-10-20T00:00:00.000Z", "2010-10-20T23:59:00.000Z"], "wnes_geometry": {"westBoundingCoordinate": 25.625, "eastBoundingCoordinate": 25.625, "northBoundingCoordinate": 60.204, "southBoundingCoordinate": 60.204}, "sizeMB": 0.87, "format": "Not provided"}, "lpvex_poss_PR_20101021_EMA.csv": {"temporal": ["2010-10-21T00:00:00.000Z", "2010-10-21T23:59:00.000Z"], "wnes_geometry": {"westBoundingCoordinate": 25.625, "eastBoundingCoordinate": 25.625, "northBoundingCoordinate": 60.204, "southBoundingCoordinate": 60.204}, "sizeMB": 0.73, "format": "Not provided"}, "lpvex_poss_PR_20101021_JAR.csv": {"temporal": ["2010-10-21T00:00:00.000Z", "2010-10-21T23:59:00.000Z"], "wnes_geometry": {"westBoundingCoordinate": 25.082, "eastBoundingCoordinate": 25.082, "northBoundingCoordinate": 60.485, "southBoundingCoordinate": 60.485}, "sizeMB": 0.72, "format": "Not provided"}, "lpvex_poss_PR_20101022_EMA.csv": {"temporal": ["2010-10-22T00:00:00.000Z", "2010-10-22T01:27:00.000Z"], "wnes_geometry": {"westBoundingCoordinate": 25.625, "eastBoundingCoordinate": 25.625, "northBoundingCoordinate": 60.204, "southBoundingCoordinate": 60.204}, "sizeMB": 0.04, "format": "Not provided"}, "lpvex_poss_PR_20101022_JAR.csv": {"temporal": ["2010-10-22T00:00:00.000Z", "2010-10-22T23:59:00.000Z"], "wnes_geometry": {"westBoundingCoordinate": 25.082, "eastBoundingCoordinate": 25.082, "northBoundingCoordinate": 60.485, "southBoundingCoordinate": 60.485}, "sizeMB": 0.61, "format": "Not provided"}, "lpvex_poss_PR_20101023_JAR.csv": {"temporal": ["2010-10-23T00:00:00.000Z", "2010-10-23T23:59:00.000Z"], "wnes_geometry": {"westBoundingCoordinate": 25.082, "eastBoundingCoordinate": 25.082, "northBoundingCoordinate": 60.485, "southBoundingCoordinate": 60.485}, "sizeMB": 0.61, "format": "Not provided"}, "lpvex_poss_PR_20101024_JAR.csv": {"temporal": ["2010-10-24T00:00:00.000Z", "2010-10-24T23:59:00.000Z"], "wnes_geometry": {"westBoundingCoordinate": 25.082, "eastBoundingCoordinate": 25.082, "northBoundingCoordinate": 60.485, "southBoundingCoordinate": 60.485}, "sizeMB": 0.74, "format": "Not provided"}, "lpvex_poss_PR_20101025_JAR.csv": {"temporal": ["2010-10-25T00:00:00.000Z", "2010-10-25T23:59:00.000Z"], "wnes_geometry": {"westBoundingCoordinate": 25.082, "eastBoundingCoordinate": 25.082, "northBoundingCoordinate": 60.485, "southBoundingCoordinate": 60.485}, "sizeMB": 0.63, "format": "Not provided"}, "lpvex_poss_PR_20101026_JAR.csv": {"temporal": ["2010-10-26T00:00:00.000Z", "2010-10-26T23:59:00.000Z"], "wnes_geometry": {"westBoundingCoordinate": 25.082, "eastBoundingCoordinate": 25.082, "northBoundingCoordinate": 60.485, "southBoundingCoordinate": 60.485}, "sizeMB": 0.65, "format": "Not provided"}, "lpvex_poss_PR_20101027_JAR.csv": {"temporal": ["2010-10-27T00:00:00.000Z", "2010-10-27T23:59:00.000Z"], "wnes_geometry": {"westBoundingCoordinate": 25.082, "eastBoundingCoordinate": 25.082, "northBoundingCoordinate": 60.485, "southBoundingCoordinate": 60.485}, "sizeMB": 0.63, "format": "Not provided"}, "lpvex_poss_PR_20101028_JAR.csv": {"temporal": ["2010-10-28T00:00:00.000Z", "2010-10-28T23:59:00.000Z"], "wnes_geometry": {"westBoundingCoordinate": 25.082, "eastBoundingCoordinate": 25.082, "northBoundingCoordinate": 60.485, "southBoundingCoordinate": 60.485}, "sizeMB": 0.7, "format": "Not provided"}, "lpvex_poss_PR_20101029_JAR.csv": {"temporal": ["2010-10-29T00:00:00.000Z", "2010-10-29T23:59:00.000Z"], "wnes_geometry": {"westBoundingCoordinate": 25.082, "eastBoundingCoordinate": 25.082, "northBoundingCoordinate": 60.485, "southBoundingCoordinate": 60.485}, "sizeMB": 0.62, "format": "Not provided"}, "lpvex_poss_PR_20101030_JAR.csv": {"temporal": ["2010-10-30T00:00:00.000Z", "2010-10-30T23:59:00.000Z"], "wnes_geometry": {"westBoundingCoordinate": 25.082, "eastBoundingCoordinate": 25.082, "northBoundingCoordinate": 60.485, "southBoundingCoordinate": 60.485}, "sizeMB": 0.65, "format": "Not provided"}, "lpvex_poss_PR_20101031_JAR.csv": {"temporal": ["2010-10-31T00:00:00.000Z", "2010-10-31T23:59:00.000Z"], "wnes_geometry": {"westBoundingCoordinate": 25.082, "eastBoundingCoordinate": 25.082, "northBoundingCoordinate": 60.485, "southBoundingCoordinate": 60.485}, "sizeMB": 0.61, "format": "Not provided"}, "lpvex_poss_PR_20101101_JAR.csv": {"temporal": ["2010-11-01T00:00:00.000Z", "2010-11-01T23:59:00.000Z"], "wnes_geometry": {"westBoundingCoordinate": 25.082, "eastBoundingCoordinate": 25.082, "northBoundingCoordinate": 60.485, "southBoundingCoordinate": 60.485}, "sizeMB": 0.61, "format": "Not provided"}, "lpvex_poss_PR_20101102_JAR.csv": {"temporal": ["2010-11-02T00:00:00.000Z", "2010-11-02T23:59:00.000Z"], "wnes_geometry": {"westBoundingCoordinate": 25.082, "eastBoundingCoordinate": 25.082, "northBoundingCoordinate": 60.485, "southBoundingCoordinate": 60.485}, "sizeMB": 0.61, "format": "Not provided"}, "lpvex_poss_PR_20101103_JAR.csv": {"temporal": ["2010-11-03T00:00:00.000Z", "2010-11-03T23:59:00.000Z"], "wnes_geometry": {"westBoundingCoordinate": 25.082, "eastBoundingCoordinate": 25.082, "northBoundingCoordinate": 60.485, "southBoundingCoordinate": 60.485}, "sizeMB": 0.8, "format": "Not provided"}, "lpvex_poss_PR_20101104_JAR.csv": {"temporal": ["2010-11-04T00:00:00.000Z", "2010-11-04T23:59:00.000Z"], "wnes_geometry": {"westBoundingCoordinate": 25.082, "eastBoundingCoordinate": 25.082, "northBoundingCoordinate": 60.485, "southBoundingCoordinate": 60.485}, "sizeMB": 0.65, "format": "Not provided"}, "lpvex_poss_PR_20101105_JAR.csv": {"temporal": ["2010-11-05T00:00:00.000Z", "2010-11-05T23:59:00.000Z"], "wnes_geometry": {"westBoundingCoordinate": 25.082, "eastBoundingCoordinate": 25.082, "northBoundingCoordinate": 60.485, "southBoundingCoordinate": 60.485}, "sizeMB": 0.63, "format": "Not provided"}, "lpvex_poss_PR_20101106_JAR.csv": {"temporal": ["2010-11-06T00:00:00.000Z", "2010-11-06T23:59:00.000Z"], "wnes_geometry": {"westBoundingCoordinate": 25.082, "eastBoundingCoordinate": 25.082, "northBoundingCoordinate": 60.485, "southBoundingCoordinate": 60.485}, "sizeMB": 0.68, "format": "Not provided"}, "lpvex_poss_PR_20101107_JAR.csv": {"temporal": ["2010-11-07T00:00:00.000Z", "2010-11-07T23:59:00.000Z"], "wnes_geometry": {"westBoundingCoordinate": 25.082, "eastBoundingCoordinate": 25.082, "northBoundingCoordinate": 60.485, "southBoundingCoordinate": 60.485}, "sizeMB": 0.62, "format": "Not provided"}, "lpvex_poss_PR_20101108_JAR.csv": {"temporal": ["2010-11-08T00:00:00.000Z", "2010-11-08T23:59:00.000Z"], "wnes_geometry": {"westBoundingCoordinate": 25.082, "eastBoundingCoordinate": 25.082, "northBoundingCoordinate": 60.485, "southBoundingCoordinate": 60.485}, "sizeMB": 0.61, "format": "Not provided"}, "lpvex_poss_PR_20101109_JAR.csv": {"temporal": ["2010-11-09T00:00:00.000Z", "2010-11-09T23:59:00.000Z"], "wnes_geometry": {"westBoundingCoordinate": 25.082, "eastBoundingCoordinate": 25.082, "northBoundingCoordinate": 60.485, "southBoundingCoordinate": 60.485}, "sizeMB": 0.71, "format": "Not provided"}, "lpvex_poss_PR_20101110_JAR.csv": {"temporal": ["2010-11-10T00:00:00.000Z", "2010-11-10T23:59:00.000Z"], "wnes_geometry": {"westBoundingCoordinate": 25.082, "eastBoundingCoordinate": 25.082, "northBoundingCoordinate": 60.485, "southBoundingCoordinate": 60.485}, "sizeMB": 0.64, "format": "Not provided"}, "lpvex_poss_PR_20101111_JAR.csv": {"temporal": ["2010-11-11T00:01:00.000Z", "2010-11-11T23:59:00.000Z"], "wnes_geometry": {"westBoundingCoordinate": 25.082, "eastBoundingCoordinate": 25.082, "northBoundingCoordinate": 60.485, "southBoundingCoordinate": 60.485}, "sizeMB": 0.68, "format": "Not provided"}, "lpvex_poss_PR_20101112_JAR.csv": {"temporal": ["2010-11-12T00:00:00.000Z", "2010-11-12T23:59:00.000Z"], "wnes_geometry": {"westBoundingCoordinate": 25.082, "eastBoundingCoordinate": 25.082, "northBoundingCoordinate": 60.485, "southBoundingCoordinate": 60.485}, "sizeMB": 0.68, "format": "Not provided"}, "lpvex_poss_PR_20101113_JAR.csv": {"temporal": ["2010-11-13T00:00:00.000Z", "2010-11-13T23:59:00.000Z"], "wnes_geometry": {"westBoundingCoordinate": 25.082, "eastBoundingCoordinate": 25.082, "northBoundingCoordinate": 60.485, "southBoundingCoordinate": 60.485}, "sizeMB": 0.78, "format": "Not provided"}, "lpvex_poss_PR_20101114_JAR.csv": {"temporal": ["2010-11-14T00:00:00.000Z", "2010-11-14T23:59:00.000Z"], "wnes_geometry": {"westBoundingCoordinate": 25.082, "eastBoundingCoordinate": 25.082, "northBoundingCoordinate": 60.485, "southBoundingCoordinate": 60.485}, "sizeMB": 0.66, "format": "Not provided"}, "lpvex_poss_PR_20101115_JAR.csv": {"temporal": ["2010-11-15T00:00:00.000Z", "2010-11-15T23:59:00.000Z"], "wnes_geometry": {"westBoundingCoordinate": 25.082, "eastBoundingCoordinate": 25.082, "northBoundingCoordinate": 60.485, "southBoundingCoordinate": 60.485}, "sizeMB": 0.74, "format": "Not provided"}, "lpvex_poss_PR_20101116_JAR.csv": {"temporal": ["2010-11-16T00:00:00.000Z", "2010-11-16T23:59:00.000Z"], "wnes_geometry": {"westBoundingCoordinate": 25.082, "eastBoundingCoordinate": 25.082, "northBoundingCoordinate": 60.485, "southBoundingCoordinate": 60.485}, "sizeMB": 0.67, "format": "Not provided"}, "lpvex_poss_PR_20101117_JAR.csv": {"temporal": ["2010-11-17T00:00:00.000Z", "2010-11-17T23:59:00.000Z"], "wnes_geometry": {"westBoundingCoordinate": 25.082, "eastBoundingCoordinate": 25.082, "northBoundingCoordinate": 60.485, "southBoundingCoordinate": 60.485}, "sizeMB": 0.62, "format": "Not provided"}, "lpvex_poss_PR_20101118_JAR.csv": {"temporal": ["2010-11-18T00:00:00.000Z", "2010-11-18T23:59:00.000Z"], "wnes_geometry": {"westBoundingCoordinate": 25.082, "eastBoundingCoordinate": 25.082, "northBoundingCoordinate": 60.485, "southBoundingCoordinate": 60.485}, "sizeMB": 0.67, "format": "Not provided"}, "lpvex_poss_PR_20101119_JAR.csv": {"temporal": ["2010-11-19T00:00:00.000Z", "2010-11-19T23:59:00.000Z"], "wnes_geometry": {"westBoundingCoordinate": 25.082, "eastBoundingCoordinate": 25.082, "northBoundingCoordinate": 60.485, "southBoundingCoordinate": 60.485}, "sizeMB": 0.62, "format": "Not provided"}, "lpvex_poss_PR_20101120_JAR.csv": {"temporal": ["2010-11-20T00:00:00.000Z", "2010-11-20T23:59:00.000Z"], "wnes_geometry": {"westBoundingCoordinate": 25.082, "eastBoundingCoordinate": 25.082, "northBoundingCoordinate": 60.485, "southBoundingCoordinate": 60.485}, "sizeMB": 0.63, "format": "Not provided"}, "lpvex_poss_PR_20101121_JAR.csv": {"temporal": ["2010-11-21T00:00:00.000Z", "2010-11-21T23:59:00.000Z"], "wnes_geometry": {"westBoundingCoordinate": 25.082, "eastBoundingCoordinate": 25.082, "northBoundingCoordinate": 60.485, "southBoundingCoordinate": 60.485}, "sizeMB": 0.62, "format": "Not provided"}, "lpvex_poss_PR_20101122_JAR.csv": {"temporal": ["2010-11-22T00:00:00.000Z", "2010-11-22T23:59:00.000Z"], "wnes_geometry": {"westBoundingCoordinate": 25.082, "eastBoundingCoordinate": 25.082, "northBoundingCoordinate": 60.485, "southBoundingCoordinate": 60.485}, "sizeMB": 0.62, "format": "Not provided"}, "lpvex_poss_PR_20101123_JAR.csv": {"temporal": ["2010-11-23T00:00:00.000Z", "2010-11-23T23:59:00.000Z"], "wnes_geometry": {"westBoundingCoordinate": 25.082, "eastBoundingCoordinate": 25.082, "northBoundingCoordinate": 60.485, "southBoundingCoordinate": 60.485}, "sizeMB": 0.63, "format": "Not provided"}, "lpvex_poss_PR_20101124_JAR.csv": {"temporal": ["2010-11-24T00:00:00.000Z", "2010-11-24T23:59:00.000Z"], "wnes_geometry": {"westBoundingCoordinate": 25.082, "eastBoundingCoordinate": 25.082, "northBoundingCoordinate": 60.485, "southBoundingCoordinate": 60.485}, "sizeMB": 0.67, "format": "Not provided"}, "lpvex_poss_PR_20101125_JAR.csv": {"temporal": ["2010-11-25T00:00:00.000Z", "2010-11-25T23:59:00.000Z"], "wnes_geometry": {"westBoundingCoordinate": 25.082, "eastBoundingCoordinate": 25.082, "northBoundingCoordinate": 60.485, "southBoundingCoordinate": 60.485}, "sizeMB": 0.62, "format": "Not provided"}, "lpvex_poss_PR_20101126_JAR.csv": {"temporal": ["2010-11-26T00:00:00.000Z", "2010-11-26T23:59:00.000Z"], "wnes_geometry": {"westBoundingCoordinate": 25.082, "eastBoundingCoordinate": 25.082, "northBoundingCoordinate": 60.485, "southBoundingCoordinate": 60.485}, "sizeMB": 0.62, "format": "Not provided"}, "lpvex_poss_PR_20101127_JAR.csv": {"temporal": ["2010-11-27T00:00:00.000Z", "2010-11-27T23:59:00.000Z"], "wnes_geometry": {"westBoundingCoordinate": 25.082, "eastBoundingCoordinate": 25.082, "northBoundingCoordinate": 60.485, "southBoundingCoordinate": 60.485}, "sizeMB": 0.65, "format": "Not provided"}, "lpvex_poss_PR_20101128_JAR.csv": {"temporal": ["2010-11-28T00:00:00.000Z", "2010-11-28T23:59:00.000Z"], "wnes_geometry": {"westBoundingCoordinate": 25.082, "eastBoundingCoordinate": 25.082, "northBoundingCoordinate": 60.485, "southBoundingCoordinate": 60.485}, "sizeMB": 0.62, "format": "Not provided"}, "lpvex_poss_PR_20101129_JAR.csv": {"temporal": ["2010-11-29T00:00:00.000Z", "2010-11-29T23:59:00.000Z"], "wnes_geometry": {"westBoundingCoordinate": 25.082, "eastBoundingCoordinate": 25.082, "northBoundingCoordinate": 60.485, "southBoundingCoordinate": 60.485}, "sizeMB": 0.62, "format": "Not provided"}, "lpvex_poss_PR_20101130_JAR.csv": {"temporal": ["2010-11-30T00:00:00.000Z", "2010-11-30T23:59:00.000Z"], "wnes_geometry": {"westBoundingCoordinate": 25.082, "eastBoundingCoordinate": 25.082, "northBoundingCoordinate": 60.485, "southBoundingCoordinate": 60.485}, "sizeMB": 0.62, "format": "Not provided"}, "lpvex_poss_PR_20101201_JAR.csv": {"temporal": ["2010-12-01T00:00:00.000Z", "2010-12-01T23:59:00.000Z"], "wnes_geometry": {"westBoundingCoordinate": 25.082, "eastBoundingCoordinate": 25.082, "northBoundingCoordinate": 60.485, "southBoundingCoordinate": 60.485}, "sizeMB": 0.63, "format": "Not provided"}, "lpvex_poss_PR_20101202_JAR.csv": {"temporal": ["2010-12-02T00:00:00.000Z", "2010-12-02T23:59:00.000Z"], "wnes_geometry": {"westBoundingCoordinate": 25.082, "eastBoundingCoordinate": 25.082, "northBoundingCoordinate": 60.485, "southBoundingCoordinate": 60.485}, "sizeMB": 0.63, "format": "Not provided"}, "lpvex_poss_PR_20101203_JAR.csv": {"temporal": ["2010-12-03T00:00:00.000Z", "2010-12-03T23:59:00.000Z"], "wnes_geometry": {"westBoundingCoordinate": 25.082, "eastBoundingCoordinate": 25.082, "northBoundingCoordinate": 60.485, "southBoundingCoordinate": 60.485}, "sizeMB": 0.66, "format": "Not provided"}, "lpvex_poss_PR_20101204_JAR.csv": {"temporal": ["2010-12-04T00:00:00.000Z", "2010-12-04T23:59:00.000Z"], "wnes_geometry": {"westBoundingCoordinate": 25.082, "eastBoundingCoordinate": 25.082, "northBoundingCoordinate": 60.485, "southBoundingCoordinate": 60.485}, "sizeMB": 0.62, "format": "Not provided"}, "lpvex_poss_PR_20101205_JAR.csv": {"temporal": ["2010-12-05T00:00:00.000Z", "2010-12-05T23:59:00.000Z"], "wnes_geometry": {"westBoundingCoordinate": 25.082, "eastBoundingCoordinate": 25.082, "northBoundingCoordinate": 60.485, "southBoundingCoordinate": 60.485}, "sizeMB": 0.63, "format": "Not provided"}, "lpvex_poss_PR_20101206_JAR.csv": {"temporal": ["2010-12-06T00:00:00.000Z", "2010-12-06T23:59:00.000Z"], "wnes_geometry": {"westBoundingCoordinate": 25.082, "eastBoundingCoordinate": 25.082, "northBoundingCoordinate": 60.485, "southBoundingCoordinate": 60.485}, "sizeMB": 0.66, "format": "Not provided"}, "lpvex_poss_PR_20101207_JAR.csv": {"temporal": ["2010-12-07T00:00:00.000Z", "2010-12-07T23:59:00.000Z"], "wnes_geometry": {"westBoundingCoordinate": 25.082, "eastBoundingCoordinate": 25.082, "northBoundingCoordinate": 60.485, "southBoundingCoordinate": 60.485}, "sizeMB": 0.62, "format": "Not provided"}, "lpvex_poss_PR_20101208_JAR.csv": {"temporal": ["2010-12-08T00:00:00.000Z", "2010-12-08T23:59:00.000Z"], "wnes_geometry": {"westBoundingCoordinate": 25.082, "eastBoundingCoordinate": 25.082, "northBoundingCoordinate": 60.485, "southBoundingCoordinate": 60.485}, "sizeMB": 0.62, "format": "Not provided"}, "lpvex_poss_PR_20101209_JAR.csv": {"temporal": ["2010-12-09T00:00:00.000Z", "2010-12-09T23:59:00.000Z"], "wnes_geometry": {"westBoundingCoordinate": 25.082, "eastBoundingCoordinate": 25.082, "northBoundingCoordinate": 60.485, "southBoundingCoordinate": 60.485}, "sizeMB": 0.64, "format": "Not provided"}, "lpvex_poss_PR_20101210_JAR.csv": {"temporal": ["2010-12-10T00:00:00.000Z", "2010-12-10T23:59:00.000Z"], "wnes_geometry": {"westBoundingCoordinate": 25.082, "eastBoundingCoordinate": 25.082, "northBoundingCoordinate": 60.485, "southBoundingCoordinate": 60.485}, "sizeMB": 0.62, "format": "Not provided"}, "lpvex_poss_PR_20101211_JAR.csv": {"temporal": ["2010-12-11T00:00:00.000Z", "2010-12-11T23:59:00.000Z"], "wnes_geometry": {"westBoundingCoordinate": 25.082, "eastBoundingCoordinate": 25.082, "northBoundingCoordinate": 60.485, "southBoundingCoordinate": 60.485}, "sizeMB": 0.64, "format": "Not provided"}, "lpvex_poss_PR_20101212_JAR.csv": {"temporal": ["2010-12-12T00:00:00.000Z", "2010-12-12T23:59:00.000Z"], "wnes_geometry": {"westBoundingCoordinate": 25.082, "eastBoundingCoordinate": 25.082, "northBoundingCoordinate": 60.485, "southBoundingCoordinate": 60.485}, "sizeMB": 0.62, "format": "Not provided"}, "lpvex_poss_PR_20101213_JAR.csv": {"temporal": ["2010-12-13T00:00:00.000Z", "2010-12-13T23:59:00.000Z"], "wnes_geometry": {"westBoundingCoordinate": 25.082, "eastBoundingCoordinate": 25.082, "northBoundingCoordinate": 60.485, "southBoundingCoordinate": 60.485}, "sizeMB": 0.63, "format": "Not provided"}, "lpvex_poss_PR_20101214_JAR.csv": {"temporal": ["2010-12-14T00:00:00.000Z", "2010-12-14T23:59:00.000Z"], "wnes_geometry": {"westBoundingCoordinate": 25.082, "eastBoundingCoordinate": 25.082, "northBoundingCoordinate": 60.485, "southBoundingCoordinate": 60.485}, "sizeMB": 0.62, "format": "Not provided"}, "lpvex_poss_PR_20101215_JAR.csv": {"temporal": ["2010-12-15T00:00:00.000Z", "2010-12-15T05:58:00.000Z"], "wnes_geometry": {"westBoundingCoordinate": 25.082, "eastBoundingCoordinate": 25.082, "northBoundingCoordinate": 60.485, "southBoundingCoordinate": 60.485}, "sizeMB": 0.16, "format": "Not provided"}, "lpvex_poss_PR_20101220_JAR.csv": {"temporal": ["2010-12-20T08:13:00.000Z", "2010-12-20T23:59:00.000Z"], "wnes_geometry": {"westBoundingCoordinate": 25.082, "eastBoundingCoordinate": 25.082, "northBoundingCoordinate": 60.485, "southBoundingCoordinate": 60.485}, "sizeMB": 0.43, "format": "Not provided"}, "lpvex_poss_PR_20101221_JAR.csv": {"temporal": ["2010-12-21T00:00:00.000Z", "2010-12-21T23:59:00.000Z"], "wnes_geometry": {"westBoundingCoordinate": 25.082, "eastBoundingCoordinate": 25.082, "northBoundingCoordinate": 60.485, "southBoundingCoordinate": 60.485}, "sizeMB": 0.66, "format": "Not provided"}, "lpvex_poss_PR_20101222_JAR.csv": {"temporal": ["2010-12-22T00:00:00.000Z", "2010-12-22T06:17:00.000Z"], "wnes_geometry": {"westBoundingCoordinate": 25.082, "eastBoundingCoordinate": 25.082, "northBoundingCoordinate": 60.485, "southBoundingCoordinate": 60.485}, "sizeMB": 0.18, "format": "Not provided"}, "lpvex_poss_PR_20101228_JAR.csv": {"temporal": ["2010-12-28T08:26:00.000Z", "2010-12-28T23:59:00.000Z"], "wnes_geometry": {"westBoundingCoordinate": 25.082, "eastBoundingCoordinate": 25.082, "northBoundingCoordinate": 60.485, "southBoundingCoordinate": 60.485}, "sizeMB": 0.41, "format": "Not provided"}, "lpvex_poss_PR_20101229_JAR.csv": {"temporal": ["2010-12-29T00:00:00.000Z", "2010-12-29T23:59:00.000Z"], "wnes_geometry": {"westBoundingCoordinate": 25.082, "eastBoundingCoordinate": 25.082, "northBoundingCoordinate": 60.485, "southBoundingCoordinate": 60.485}, "sizeMB": 0.63, "format": "Not provided"}, "lpvex_poss_PR_20101230_JAR.csv": {"temporal": ["2010-12-30T00:00:00.000Z", "2010-12-30T23:59:00.000Z"], "wnes_geometry": {"westBoundingCoordinate": 25.082, "eastBoundingCoordinate": 25.082, "northBoundingCoordinate": 60.485, "southBoundingCoordinate": 60.485}, "sizeMB": 0.65, "format": "Not provided"}, "lpvex_poss_PR_20101231_JAR.csv": {"temporal": ["2010-12-31T00:00:00.000Z", "2010-12-31T23:59:00.000Z"], "wnes_geometry": {"westBoundingCoordinate": 25.082, "eastBoundingCoordinate": 25.082, "northBoundingCoordinate": 60.485, "southBoundingCoordinate": 60.485}, "sizeMB": 0.64, "format": "Not provided"}, "lpvex_poss_PR_20110101_JAR.csv": {"temporal": ["2011-01-01T00:00:00.000Z", "2011-01-01T23:59:00.000Z"], "wnes_geometry": {"westBoundingCoordinate": 25.082, "eastBoundingCoordinate": 25.082, "northBoundingCoordinate": 60.485, "southBoundingCoordinate": 60.485}, "sizeMB": 0.64, "format": "Not provided"}, "lpvex_poss_PR_20110102_JAR.csv": {"temporal": ["2011-01-02T00:00:00.000Z", "2011-01-02T23:59:00.000Z"], "wnes_geometry": {"westBoundingCoordinate": 25.082, "eastBoundingCoordinate": 25.082, "northBoundingCoordinate": 60.485, "southBoundingCoordinate": 60.485}, "sizeMB": 0.64, "format": "Not provided"}, "lpvex_poss_PR_20110103_JAR.csv": {"temporal": ["2011-01-03T00:00:00.000Z", "2011-01-03T23:59:00.000Z"], "wnes_geometry": {"westBoundingCoordinate": 25.082, "eastBoundingCoordinate": 25.082, "northBoundingCoordinate": 60.485, "southBoundingCoordinate": 60.485}, "sizeMB": 0.64, "format": "Not provided"}, "lpvex_poss_PR_20110104_JAR.csv": {"temporal": ["2011-01-04T00:00:00.000Z", "2011-01-04T23:59:00.000Z"], "wnes_geometry": {"westBoundingCoordinate": 25.082, "eastBoundingCoordinate": 25.082, "northBoundingCoordinate": 60.485, "southBoundingCoordinate": 60.485}, "sizeMB": 0.65, "format": "Not provided"}, "lpvex_poss_PR_20110105_JAR.csv": {"temporal": ["2011-01-05T00:00:00.000Z", "2011-01-05T23:59:00.000Z"], "wnes_geometry": {"westBoundingCoordinate": 25.082, "eastBoundingCoordinate": 25.082, "northBoundingCoordinate": 60.485, "southBoundingCoordinate": 60.485}, "sizeMB": 0.63, "format": "Not provided"}, "lpvex_poss_PR_20110106_JAR.csv": {"temporal": ["2011-01-06T00:00:00.000Z", "2011-01-06T23:59:00.000Z"], "wnes_geometry": {"westBoundingCoordinate": 25.082, "eastBoundingCoordinate": 25.082, "northBoundingCoordinate": 60.485, "southBoundingCoordinate": 60.485}, "sizeMB": 0.65, "format": "Not provided"}, "lpvex_poss_PR_20110107_JAR.csv": {"temporal": ["2011-01-07T00:00:00.000Z", "2011-01-07T23:59:00.000Z"], "wnes_geometry": {"westBoundingCoordinate": 25.082, "eastBoundingCoordinate": 25.082, "northBoundingCoordinate": 60.485, "southBoundingCoordinate": 60.485}, "sizeMB": 0.65, "format": "Not provided"}, "lpvex_poss_PR_20110108_JAR.csv": {"temporal": ["2011-01-08T00:00:00.000Z", "2011-01-08T23:59:00.000Z"], "wnes_geometry": {"westBoundingCoordinate": 25.082, "eastBoundingCoordinate": 25.082, "northBoundingCoordinate": 60.485, "southBoundingCoordinate": 60.485}, "sizeMB": 0.62, "format": "Not provided"}, "lpvex_poss_PR_20110109_JAR.csv": {"temporal": ["2011-01-09T00:00:00.000Z", "2011-01-09T23:59:00.000Z"], "wnes_geometry": {"westBoundingCoordinate": 25.082, "eastBoundingCoordinate": 25.082, "northBoundingCoordinate": 60.485, "southBoundingCoordinate": 60.485}, "sizeMB": 0.75, "format": "Not provided"}, "lpvex_poss_PR_20110110_JAR.csv": {"temporal": ["2011-01-10T00:00:00.000Z", "2011-01-10T23:59:00.000Z"], "wnes_geometry": {"westBoundingCoordinate": 25.082, "eastBoundingCoordinate": 25.082, "northBoundingCoordinate": 60.485, "southBoundingCoordinate": 60.485}, "sizeMB": 0.68, "format": "Not provided"}, "lpvex_poss_PR_20110111_JAR.csv": {"temporal": ["2011-01-11T00:00:00.000Z", "2011-01-11T06:24:00.000Z"], "wnes_geometry": {"westBoundingCoordinate": 25.082, "eastBoundingCoordinate": 25.082, "northBoundingCoordinate": 60.485, "southBoundingCoordinate": 60.485}, "sizeMB": 0.17, "format": "Not provided"}, "lpvex_poss_PR_20110117_JAR.csv": {"temporal": ["2011-01-17T11:11:00.000Z", "2011-01-17T23:59:00.000Z"], "wnes_geometry": {"westBoundingCoordinate": 25.082, "eastBoundingCoordinate": 25.082, "northBoundingCoordinate": 60.485, "southBoundingCoordinate": 60.485}, "sizeMB": 0.38, "format": "Not provided"}, "lpvex_poss_PR_20110118_JAR.csv": {"temporal": ["2011-01-18T00:00:00.000Z", "2011-01-18T23:59:00.000Z"], "wnes_geometry": {"westBoundingCoordinate": 25.082, "eastBoundingCoordinate": 25.082, "northBoundingCoordinate": 60.485, "southBoundingCoordinate": 60.485}, "sizeMB": 0.67, "format": "Not provided"}, "lpvex_poss_PR_20110119_JAR.csv": {"temporal": ["2011-01-19T00:00:00.000Z", "2011-01-19T05:55:00.000Z"], "wnes_geometry": {"westBoundingCoordinate": 25.082, "eastBoundingCoordinate": 25.082, "northBoundingCoordinate": 60.485, "southBoundingCoordinate": 60.485}, "sizeMB": 0.19, "format": "Not provided"}, "lpvex_poss_PR_20110120_JAR.csv": {"temporal": ["2011-01-20T09:25:00.000Z", "2011-01-20T23:59:00.000Z"], "wnes_geometry": {"westBoundingCoordinate": 25.082, "eastBoundingCoordinate": 25.082, "northBoundingCoordinate": 60.485, "southBoundingCoordinate": 60.485}, "sizeMB": 0.4, "format": "Not provided"}, "lpvex_poss_PR_20110121_JAR.csv": {"temporal": ["2011-01-21T00:00:00.000Z", "2011-01-21T23:59:00.000Z"], "wnes_geometry": {"westBoundingCoordinate": 25.082, "eastBoundingCoordinate": 25.082, "northBoundingCoordinate": 60.485, "southBoundingCoordinate": 60.485}, "sizeMB": 0.62, "format": "Not provided"}, "lpvex_poss_PR_20110122_JAR.csv": {"temporal": ["2011-01-22T00:00:00.000Z", "2011-01-22T23:59:00.000Z"], "wnes_geometry": {"westBoundingCoordinate": 25.082, "eastBoundingCoordinate": 25.082, "northBoundingCoordinate": 60.485, "southBoundingCoordinate": 60.485}, "sizeMB": 0.65, "format": "Not provided"}, "lpvex_poss_PR_20110123_JAR.csv": {"temporal": ["2011-01-23T00:00:00.000Z", "2011-01-23T23:59:00.000Z"], "wnes_geometry": {"westBoundingCoordinate": 25.082, "eastBoundingCoordinate": 25.082, "northBoundingCoordinate": 60.485, "southBoundingCoordinate": 60.485}, "sizeMB": 0.64, "format": "Not provided"}, "lpvex_poss_PR_20110124_JAR.csv": {"temporal": ["2011-01-24T00:00:00.000Z", "2011-01-24T23:59:00.000Z"], "wnes_geometry": {"westBoundingCoordinate": 25.082, "eastBoundingCoordinate": 25.082, "northBoundingCoordinate": 60.485, "southBoundingCoordinate": 60.485}, "sizeMB": 0.64, "format": "Not provided"}, "lpvex_poss_PR_20110125_JAR.csv": {"temporal": ["2011-01-25T00:00:00.000Z", "2011-01-25T06:41:00.000Z"], "wnes_geometry": {"westBoundingCoordinate": 25.082, "eastBoundingCoordinate": 25.082, "northBoundingCoordinate": 60.485, "southBoundingCoordinate": 60.485}, "sizeMB": 0.19, "format": "Not provided"}, "lpvex_poss_PR_20110127_JAR.csv": {"temporal": ["2011-01-27T00:00:00.000Z", "2011-01-27T06:14:00.000Z"], "wnes_geometry": {"westBoundingCoordinate": 25.082, "eastBoundingCoordinate": 25.082, "northBoundingCoordinate": 60.485, "southBoundingCoordinate": 60.485}, "sizeMB": 0.16, "format": "Not provided"}, "lpvex_poss_PR_20110202_JAR.csv": {"temporal": ["2011-02-02T07:49:00.000Z", "2011-02-02T23:59:00.000Z"], "wnes_geometry": {"westBoundingCoordinate": 25.082, "eastBoundingCoordinate": 25.082, "northBoundingCoordinate": 60.485, "southBoundingCoordinate": 60.485}, "sizeMB": 0.44, "format": "Not provided"}, "lpvex_poss_PR_20110203_JAR.csv": {"temporal": ["2011-02-03T00:00:00.000Z", "2011-02-03T06:37:00.000Z"], "wnes_geometry": {"westBoundingCoordinate": 25.082, "eastBoundingCoordinate": 25.082, "northBoundingCoordinate": 60.485, "southBoundingCoordinate": 60.485}, "sizeMB": 0.17, "format": "Not provided"}, "lpvex_poss_PR_20110204_JAR.csv": {"temporal": ["2011-02-04T08:37:00.000Z", "2011-02-04T23:59:00.000Z"], "wnes_geometry": {"westBoundingCoordinate": 25.082, "eastBoundingCoordinate": 25.082, "northBoundingCoordinate": 60.485, "southBoundingCoordinate": 60.485}, "sizeMB": 0.45, "format": "Not provided"}, "lpvex_poss_PR_20110205_JAR.csv": {"temporal": ["2011-02-05T00:00:00.000Z", "2011-02-05T23:59:00.000Z"], "wnes_geometry": {"westBoundingCoordinate": 25.082, "eastBoundingCoordinate": 25.082, "northBoundingCoordinate": 60.485, "southBoundingCoordinate": 60.485}, "sizeMB": 0.7, "format": "Not provided"}, "lpvex_poss_PR_20110206_JAR.csv": {"temporal": ["2011-02-06T00:00:00.000Z", "2011-02-06T23:59:00.000Z"], "wnes_geometry": {"westBoundingCoordinate": 25.082, "eastBoundingCoordinate": 25.082, "northBoundingCoordinate": 60.485, "southBoundingCoordinate": 60.485}, "sizeMB": 0.62, "format": "Not provided"}, "lpvex_poss_PR_20110207_JAR.csv": {"temporal": ["2011-02-07T00:00:00.000Z", "2011-02-07T23:59:00.000Z"], "wnes_geometry": {"westBoundingCoordinate": 25.082, "eastBoundingCoordinate": 25.082, "northBoundingCoordinate": 60.485, "southBoundingCoordinate": 60.485}, "sizeMB": 0.62, "format": "Not provided"}, "lpvex_poss_PR_20110208_JAR.csv": {"temporal": ["2011-02-08T00:00:00.000Z", "2011-02-08T23:59:00.000Z"], "wnes_geometry": {"westBoundingCoordinate": 25.082, "eastBoundingCoordinate": 25.082, "northBoundingCoordinate": 60.485, "southBoundingCoordinate": 60.485}, "sizeMB": 0.66, "format": "Not provided"}, "lpvex_poss_PR_20110209_JAR.csv": {"temporal": ["2011-02-09T00:00:00.000Z", "2011-02-09T06:42:00.000Z"], "wnes_geometry": {"westBoundingCoordinate": 25.082, "eastBoundingCoordinate": 25.082, "northBoundingCoordinate": 60.485, "southBoundingCoordinate": 60.485}, "sizeMB": 0.17, "format": "Not provided"}, "lpvex_poss_PR_20110210_JAR.csv": {"temporal": ["2011-02-10T08:19:00.000Z", "2011-02-10T23:59:00.000Z"], "wnes_geometry": {"westBoundingCoordinate": 25.082, "eastBoundingCoordinate": 25.082, "northBoundingCoordinate": 60.485, "southBoundingCoordinate": 60.485}, "sizeMB": 0.39, "format": "Not provided"}, "lpvex_poss_PR_20110211_JAR.csv": {"temporal": ["2011-02-11T00:00:00.000Z", "2011-02-11T23:59:00.000Z"], "wnes_geometry": {"westBoundingCoordinate": 25.082, "eastBoundingCoordinate": 25.082, "northBoundingCoordinate": 60.485, "southBoundingCoordinate": 60.485}, "sizeMB": 0.61, "format": "Not provided"}, "lpvex_poss_PR_20110212_JAR.csv": {"temporal": ["2011-02-12T00:00:00.000Z", "2011-02-12T23:59:00.000Z"], "wnes_geometry": {"westBoundingCoordinate": 25.082, "eastBoundingCoordinate": 25.082, "northBoundingCoordinate": 60.485, "southBoundingCoordinate": 60.485}, "sizeMB": 0.64, "format": "Not provided"}, "lpvex_poss_PR_20110213_JAR.csv": {"temporal": ["2011-02-13T00:00:00.000Z", "2011-02-13T23:59:00.000Z"], "wnes_geometry": {"westBoundingCoordinate": 25.082, "eastBoundingCoordinate": 25.082, "northBoundingCoordinate": 60.485, "southBoundingCoordinate": 60.485}, "sizeMB": 0.62, "format": "Not provided"}, "lpvex_poss_PR_20110214_JAR.csv": {"temporal": ["2011-02-14T00:00:00.000Z", "2011-02-14T23:59:00.000Z"], "wnes_geometry": {"westBoundingCoordinate": 25.082, "eastBoundingCoordinate": 25.082, "northBoundingCoordinate": 60.485, "southBoundingCoordinate": 60.485}, "sizeMB": 0.62, "format": "Not provided"}, "lpvex_poss_PR_20110215_JAR.csv": {"temporal": ["2011-02-15T00:00:00.000Z", "2011-02-15T23:59:00.000Z"], "wnes_geometry": {"westBoundingCoordinate": 25.082, "eastBoundingCoordinate": 25.082, "northBoundingCoordinate": 60.485, "southBoundingCoordinate": 60.485}, "sizeMB": 0.56, "format": "Not provided"}, "lpvex_poss_PR_20110216_JAR.csv": {"temporal": ["2011-02-16T00:00:00.000Z", "2011-02-16T23:59:00.000Z"], "wnes_geometry": {"westBoundingCoordinate": 25.082, "eastBoundingCoordinate": 25.082, "northBoundingCoordinate": 60.485, "southBoundingCoordinate": 60.485}, "sizeMB": 0.62, "format": "Not provided"}, "lpvex_poss_PR_20110217_JAR.csv": {"temporal": ["2011-02-17T00:00:00.000Z", "2011-02-17T06:45:00.000Z"], "wnes_geometry": {"westBoundingCoordinate": 25.082, "eastBoundingCoordinate": 25.082, "northBoundingCoordinate": 60.485, "southBoundingCoordinate": 60.485}, "sizeMB": 0.18, "format": "Not provided"}, "lpvex_poss_PR_20110224_JAR.csv": {"temporal": ["2011-02-24T06:54:00.000Z", "2011-02-24T23:59:00.000Z"], "wnes_geometry": {"westBoundingCoordinate": 25.082, "eastBoundingCoordinate": 25.082, "northBoundingCoordinate": 60.485, "southBoundingCoordinate": 60.485}, "sizeMB": 0.44, "format": "Not provided"}, "lpvex_poss_PR_20110225_JAR.csv": {"temporal": ["2011-02-25T00:00:00.000Z", "2011-02-25T23:59:00.000Z"], "wnes_geometry": {"westBoundingCoordinate": 25.082, "eastBoundingCoordinate": 25.082, "northBoundingCoordinate": 60.485, "southBoundingCoordinate": 60.485}, "sizeMB": 0.63, "format": "Not provided"}, "lpvex_poss_PR_20110226_JAR.csv": {"temporal": ["2011-02-26T00:00:00.000Z", "2011-02-26T23:59:00.000Z"], "wnes_geometry": {"westBoundingCoordinate": 25.082, "eastBoundingCoordinate": 25.082, "northBoundingCoordinate": 60.485, "southBoundingCoordinate": 60.485}, "sizeMB": 0.62, "format": "Not provided"}, "lpvex_poss_PR_20110227_JAR.csv": {"temporal": ["2011-02-27T00:00:00.000Z", "2011-02-27T23:59:00.000Z"], "wnes_geometry": {"westBoundingCoordinate": 25.082, "eastBoundingCoordinate": 25.082, "northBoundingCoordinate": 60.485, "southBoundingCoordinate": 60.485}, "sizeMB": 0.61, "format": "Not provided"}, "lpvex_poss_PR_20110228_JAR.csv": {"temporal": ["2011-02-28T00:00:00.000Z", "2011-02-28T23:59:00.000Z"], "wnes_geometry": {"westBoundingCoordinate": 25.082, "eastBoundingCoordinate": 25.082, "northBoundingCoordinate": 60.485, "southBoundingCoordinate": 60.485}, "sizeMB": 0.62, "format": "Not provided"}, "lpvex_poss_PR_20110301_JAR.csv": {"temporal": ["2011-03-01T00:00:00.000Z", "2011-03-01T06:16:00.000Z"], "wnes_geometry": {"westBoundingCoordinate": 25.082, "eastBoundingCoordinate": 25.082, "northBoundingCoordinate": 60.485, "southBoundingCoordinate": 60.485}, "sizeMB": 0.17, "format": "Not provided"}, "lpvex_poss_PR_20110303_JAR.csv": {"temporal": ["2011-03-03T07:49:00.000Z", "2011-03-03T23:59:00.000Z"], "wnes_geometry": {"westBoundingCoordinate": 25.082, "eastBoundingCoordinate": 25.082, "northBoundingCoordinate": 60.485, "southBoundingCoordinate": 60.485}, "sizeMB": 0.42, "format": "Not provided"}, "lpvex_poss_PR_20110304_JAR.csv": {"temporal": ["2011-03-04T00:00:00.000Z", "2011-03-04T23:59:00.000Z"], "wnes_geometry": {"westBoundingCoordinate": 25.082, "eastBoundingCoordinate": 25.082, "northBoundingCoordinate": 60.485, "southBoundingCoordinate": 60.485}, "sizeMB": 0.65, "format": "Not provided"}, "lpvex_poss_PR_20110305_JAR.csv": {"temporal": ["2011-03-05T00:00:00.000Z", "2011-03-05T23:59:00.000Z"], "wnes_geometry": {"westBoundingCoordinate": 25.082, "eastBoundingCoordinate": 25.082, "northBoundingCoordinate": 60.485, "southBoundingCoordinate": 60.485}, "sizeMB": 0.63, "format": "Not provided"}, "lpvex_poss_PR_20110306_JAR.csv": {"temporal": ["2011-03-06T00:00:00.000Z", "2011-03-06T23:59:00.000Z"], "wnes_geometry": {"westBoundingCoordinate": 25.082, "eastBoundingCoordinate": 25.082, "northBoundingCoordinate": 60.485, "southBoundingCoordinate": 60.485}, "sizeMB": 0.62, "format": "Not provided"}, "lpvex_poss_PR_20110307_JAR.csv": {"temporal": ["2011-03-07T00:00:00.000Z", "2011-03-07T05:51:00.000Z"], "wnes_geometry": {"westBoundingCoordinate": 25.082, "eastBoundingCoordinate": 25.082, "northBoundingCoordinate": 60.485, "southBoundingCoordinate": 60.485}, "sizeMB": 0.15, "format": "Not provided"}, "lpvex_poss_PR_20110308_JAR.csv": {"temporal": ["2011-03-08T07:47:00.000Z", "2011-03-08T23:59:00.000Z"], "wnes_geometry": {"westBoundingCoordinate": 25.082, "eastBoundingCoordinate": 25.082, "northBoundingCoordinate": 60.485, "southBoundingCoordinate": 60.485}, "sizeMB": 0.42, "format": "Not provided"}, "lpvex_poss_PR_20110309_JAR.csv": {"temporal": ["2011-03-09T00:00:00.000Z", "2011-03-09T23:59:00.000Z"], "wnes_geometry": {"westBoundingCoordinate": 25.082, "eastBoundingCoordinate": 25.082, "northBoundingCoordinate": 60.485, "southBoundingCoordinate": 60.485}, "sizeMB": 0.63, "format": "Not provided"}, "lpvex_poss_PR_20110310_JAR.csv": {"temporal": ["2011-03-10T00:00:00.000Z", "2011-03-10T23:59:00.000Z"], "wnes_geometry": {"westBoundingCoordinate": 25.082, "eastBoundingCoordinate": 25.082, "northBoundingCoordinate": 60.485, "southBoundingCoordinate": 60.485}, "sizeMB": 0.68, "format": "Not provided"}, "lpvex_poss_PR_20110311_JAR.csv": {"temporal": ["2011-03-11T00:00:00.000Z", "2011-03-11T06:17:00.000Z"], "wnes_geometry": {"westBoundingCoordinate": 25.082, "eastBoundingCoordinate": 25.082, "northBoundingCoordinate": 60.485, "southBoundingCoordinate": 60.485}, "sizeMB": 0.22, "format": "Not provided"}, "lpvex_poss_PR_20110314_JAR.csv": {"temporal": ["2011-03-14T08:02:00.000Z", "2011-03-14T23:59:00.000Z"], "wnes_geometry": {"westBoundingCoordinate": 25.082, "eastBoundingCoordinate": 25.082, "northBoundingCoordinate": 60.485, "southBoundingCoordinate": 60.485}, "sizeMB": 0.43, "format": "Not provided"}, "lpvex_poss_PR_20110315_JAR.csv": {"temporal": ["2011-03-15T00:00:00.000Z", "2011-03-15T23:59:00.000Z"], "wnes_geometry": {"westBoundingCoordinate": 25.082, "eastBoundingCoordinate": 25.082, "northBoundingCoordinate": 60.485, "southBoundingCoordinate": 60.485}, "sizeMB": 0.62, "format": "Not provided"}, "lpvex_poss_PR_20110316_JAR.csv": {"temporal": ["2011-03-16T00:00:00.000Z", "2011-03-16T23:59:00.000Z"], "wnes_geometry": {"westBoundingCoordinate": 25.082, "eastBoundingCoordinate": 25.082, "northBoundingCoordinate": 60.485, "southBoundingCoordinate": 60.485}, "sizeMB": 0.61, "format": "Not provided"}, "lpvex_poss_PR_20110317_JAR.csv": {"temporal": ["2011-03-17T00:00:00.000Z", "2011-03-17T23:59:00.000Z"], "wnes_geometry": {"westBoundingCoordinate": 25.082, "eastBoundingCoordinate": 25.082, "northBoundingCoordinate": 60.485, "southBoundingCoordinate": 60.485}, "sizeMB": 0.61, "format": "Not provided"}, "lpvex_poss_PR_20110318_JAR.csv": {"temporal": ["2011-03-18T00:00:00.000Z", "2011-03-18T23:59:00.000Z"], "wnes_geometry": {"westBoundingCoordinate": 25.082, "eastBoundingCoordinate": 25.082, "northBoundingCoordinate": 60.485, "southBoundingCoordinate": 60.485}, "sizeMB": 0.62, "format": "Not provided"}, "lpvex_poss_PR_20110319_JAR.csv": {"temporal": ["2011-03-19T00:00:00.000Z", "2011-03-19T23:59:00.000Z"], "wnes_geometry": {"westBoundingCoordinate": 25.082, "eastBoundingCoordinate": 25.082, "northBoundingCoordinate": 60.485, "southBoundingCoordinate": 60.485}, "sizeMB": 0.65, "format": "Not provided"}, "lpvex_poss_PR_20110320_JAR.csv": {"temporal": ["2011-03-20T00:00:00.000Z", "2011-03-20T23:59:00.000Z"], "wnes_geometry": {"westBoundingCoordinate": 25.082, "eastBoundingCoordinate": 25.082, "northBoundingCoordinate": 60.485, "southBoundingCoordinate": 60.485}, "sizeMB": 0.63, "format": "Not provided"}, "lpvex_poss_PR_20110321_JAR.csv": {"temporal": ["2011-03-21T00:00:00.000Z", "2011-03-21T23:59:00.000Z"], "wnes_geometry": {"westBoundingCoordinate": 25.082, "eastBoundingCoordinate": 25.082, "northBoundingCoordinate": 60.485, "southBoundingCoordinate": 60.485}, "sizeMB": 0.6, "format": "Not provided"}, "lpvex_poss_PR_20110322_JAR.csv": {"temporal": ["2011-03-22T00:00:00.000Z", "2011-03-22T23:59:00.000Z"], "wnes_geometry": {"westBoundingCoordinate": 25.082, "eastBoundingCoordinate": 25.082, "northBoundingCoordinate": 60.485, "southBoundingCoordinate": 60.485}, "sizeMB": 0.62, "format": "Not provided"}, "lpvex_poss_PR_20110323_JAR.csv": {"temporal": ["2011-03-23T00:00:00.000Z", "2011-03-23T23:59:00.000Z"], "wnes_geometry": {"westBoundingCoordinate": 25.082, "eastBoundingCoordinate": 25.082, "northBoundingCoordinate": 60.485, "southBoundingCoordinate": 60.485}, "sizeMB": 0.64, "format": "Not provided"}, "lpvex_poss_PR_20110324_JAR.csv": {"temporal": ["2011-03-24T00:00:00.000Z", "2011-03-24T05:56:00.000Z"], "wnes_geometry": {"westBoundingCoordinate": 25.082, "eastBoundingCoordinate": 25.082, "northBoundingCoordinate": 60.485, "southBoundingCoordinate": 60.485}, "sizeMB": 0.16, "format": "Not provided"}, "lpvex_poss_PR_20110329_JAR.csv": {"temporal": ["2011-03-29T07:13:00.000Z", "2011-03-29T23:59:00.000Z"], "wnes_geometry": {"westBoundingCoordinate": 25.082, "eastBoundingCoordinate": 25.082, "northBoundingCoordinate": 60.485, "southBoundingCoordinate": 60.485}, "sizeMB": 0.48, "format": "Not provided"}, "lpvex_poss_PR_20110330_JAR.csv": {"temporal": ["2011-03-30T00:00:00.000Z", "2011-03-30T23:59:00.000Z"], "wnes_geometry": {"westBoundingCoordinate": 25.082, "eastBoundingCoordinate": 25.082, "northBoundingCoordinate": 60.485, "southBoundingCoordinate": 60.485}, "sizeMB": 0.62, "format": "Not provided"}, "lpvex_poss_PR_20110331_JAR.csv": {"temporal": ["2011-03-31T00:00:00.000Z", "2011-03-31T23:59:00.000Z"], "wnes_geometry": {"westBoundingCoordinate": 25.082, "eastBoundingCoordinate": 25.082, "northBoundingCoordinate": 60.485, "southBoundingCoordinate": 60.485}, "sizeMB": 0.61, "format": "Not provided"}, "lpvex_poss_PR_20110401_JAR.csv": {"temporal": ["2011-04-01T00:00:00.000Z", "2011-04-01T23:59:00.000Z"], "wnes_geometry": {"westBoundingCoordinate": 25.082, "eastBoundingCoordinate": 25.082, "northBoundingCoordinate": 60.485, "southBoundingCoordinate": 60.485}, "sizeMB": 0.7, "format": "Not provided"}, "lpvex_poss_PR_20110402_JAR.csv": {"temporal": ["2011-04-02T00:00:00.000Z", "2011-04-02T23:59:00.000Z"], "wnes_geometry": {"westBoundingCoordinate": 25.082, "eastBoundingCoordinate": 25.082, "northBoundingCoordinate": 60.485, "southBoundingCoordinate": 60.485}, "sizeMB": 0.62, "format": "Not provided"}, "lpvex_poss_PR_20110403_JAR.csv": {"temporal": ["2011-04-03T00:00:00.000Z", "2011-04-03T23:59:00.000Z"], "wnes_geometry": {"westBoundingCoordinate": 25.082, "eastBoundingCoordinate": 25.082, "northBoundingCoordinate": 60.485, "southBoundingCoordinate": 60.485}, "sizeMB": 0.65, "format": "Not provided"}, "lpvex_poss_PR_20110404_JAR.csv": {"temporal": ["2011-04-04T00:00:00.000Z", "2011-04-04T04:40:00.000Z"], "wnes_geometry": {"westBoundingCoordinate": 25.082, "eastBoundingCoordinate": 25.082, "northBoundingCoordinate": 60.485, "southBoundingCoordinate": 60.485}, "sizeMB": 0.16, "format": "Not provided"}, "lpvex_poss_PR_20110405_JAR.csv": {"temporal": ["2011-04-05T06:43:00.000Z", "2011-04-05T23:59:00.000Z"], "wnes_geometry": {"westBoundingCoordinate": 25.082, "eastBoundingCoordinate": 25.082, "northBoundingCoordinate": 60.485, "southBoundingCoordinate": 60.485}, "sizeMB": 0.44, "format": "Not provided"}, "lpvex_poss_PR_20110406_JAR.csv": {"temporal": ["2011-04-06T00:00:00.000Z", "2011-04-06T23:59:00.000Z"], "wnes_geometry": {"westBoundingCoordinate": 25.082, "eastBoundingCoordinate": 25.082, "northBoundingCoordinate": 60.485, "southBoundingCoordinate": 60.485}, "sizeMB": 0.7, "format": "Not provided"}, "lpvex_poss_PR_20110407_JAR.csv": {"temporal": ["2011-04-07T00:00:00.000Z", "2011-04-07T23:59:00.000Z"], "wnes_geometry": {"westBoundingCoordinate": 25.082, "eastBoundingCoordinate": 25.082, "northBoundingCoordinate": 60.485, "southBoundingCoordinate": 60.485}, "sizeMB": 0.76, "format": "Not provided"}, "lpvex_poss_PR_20110408_JAR.csv": {"temporal": ["2011-04-08T00:00:00.000Z", "2011-04-08T23:59:00.000Z"], "wnes_geometry": {"westBoundingCoordinate": 25.082, "eastBoundingCoordinate": 25.082, "northBoundingCoordinate": 60.485, "southBoundingCoordinate": 60.485}, "sizeMB": 0.64, "format": "Not provided"}, "lpvex_poss_PR_20110409_JAR.csv": {"temporal": ["2011-04-09T00:00:00.000Z", "2011-04-09T23:59:00.000Z"], "wnes_geometry": {"westBoundingCoordinate": 25.082, "eastBoundingCoordinate": 25.082, "northBoundingCoordinate": 60.485, "southBoundingCoordinate": 60.485}, "sizeMB": 0.61, "format": "Not provided"}, "lpvex_poss_PR_20110410_JAR.csv": {"temporal": ["2011-04-10T00:00:00.000Z", "2011-04-10T23:59:00.000Z"], "wnes_geometry": {"westBoundingCoordinate": 25.082, "eastBoundingCoordinate": 25.082, "northBoundingCoordinate": 60.485, "southBoundingCoordinate": 60.485}, "sizeMB": 0.62, "format": "Not provided"}, "lpvex_poss_PR_20110411_JAR.csv": {"temporal": ["2011-04-11T00:00:00.000Z", "2011-04-11T23:59:00.000Z"], "wnes_geometry": {"westBoundingCoordinate": 25.082, "eastBoundingCoordinate": 25.082, "northBoundingCoordinate": 60.485, "southBoundingCoordinate": 60.485}, "sizeMB": 0.55, "format": "Not provided"}, "lpvex_poss_PR_20110412_JAR.csv": {"temporal": ["2011-04-12T00:00:00.000Z", "2011-04-12T23:59:00.000Z"], "wnes_geometry": {"westBoundingCoordinate": 25.082, "eastBoundingCoordinate": 25.082, "northBoundingCoordinate": 60.485, "southBoundingCoordinate": 60.485}, "sizeMB": 0.61, "format": "Not provided"}, "lpvex_poss_PR_20110413_JAR.csv": {"temporal": ["2011-04-13T00:00:00.000Z", "2011-04-13T05:08:00.000Z"], "wnes_geometry": {"westBoundingCoordinate": 25.082, "eastBoundingCoordinate": 25.082, "northBoundingCoordinate": 60.485, "southBoundingCoordinate": 60.485}, "sizeMB": 0.13, "format": "Not provided"}, "lpvex_poss_PR_20110419_JAR.csv": {"temporal": ["2011-04-19T07:00:00.000Z", "2011-04-19T23:59:00.000Z"], "wnes_geometry": {"westBoundingCoordinate": 25.082, "eastBoundingCoordinate": 25.082, "northBoundingCoordinate": 60.485, "southBoundingCoordinate": 60.485}, "sizeMB": 0.44, "format": "Not provided"}, "lpvex_poss_PR_20110420_JAR.csv": {"temporal": ["2011-04-20T00:00:00.000Z", "2011-04-20T05:36:00.000Z"], "wnes_geometry": {"westBoundingCoordinate": 25.082, "eastBoundingCoordinate": 25.082, "northBoundingCoordinate": 60.485, "southBoundingCoordinate": 60.485}, "sizeMB": 0.15, "format": "Not provided"}}