{"olympex_apu10_pluvio400_201511_data.txt": {"temporal": ["2015-10-31T23:55:00.000Z", "2015-11-30T23:54:00.000Z"], "wnes_geometry": {"westBoundingCoordinate": -123.581, "eastBoundingCoordinate": -123.581, "northBoundingCoordinate": 47.497, "southBoundingCoordinate": 47.497}, "sizeMB": 0.74, "format": "Not provided"}, "olympex_apu10_pluvio400_201511_precip.txt": {"temporal": ["2015-11-01T03:08:00.000Z", "2015-11-30T23:54:00.000Z"], "wnes_geometry": {"westBoundingCoordinate": -123.581, "eastBoundingCoordinate": -123.581, "northBoundingCoordinate": 47.497, "southBoundingCoordinate": 47.497}, "sizeMB": 0.65, "format": "Not provided"}, "olympex_apu10_pluvio400_201511_preciptable.txt": {"temporal": ["2015-11-01T03:08:00.000Z", "2015-11-30T23:54:00.000Z"], "wnes_geometry": {"westBoundingCoordinate": -123.581, "eastBoundingCoordinate": -123.581, "northBoundingCoordinate": 47.497, "southBoundingCoordinate": 47.497}, "sizeMB": 0, "format": "Not provided"}, "olympex_apu10_pluvio400_201511_preciprate.txt": {"temporal": ["2015-11-01T03:13:00.000Z", "2015-11-30T23:54:00.000Z"], "wnes_geometry": {"westBoundingCoordinate": -123.581, "eastBoundingCoordinate": -123.581, "northBoundingCoordinate": 47.497, "southBoundingCoordinate": 47.497}, "sizeMB": 0.32, "format": "Not provided"}, "olympex_apu30_pluvio400_201511_preciptable.txt": {"temporal": ["2015-11-03T01:39:00.000Z", "2015-11-30T23:53:00.000Z"], "wnes_geometry": {"westBoundingCoordinate": -123.841, "eastBoundingCoordinate": -123.841, "northBoundingCoordinate": 47.68, "southBoundingCoordinate": 47.68}, "sizeMB": 0, "format": "Not provided"}, "olympex_apu30_pluvio400_201511_data.txt": {"temporal": ["2015-11-03T01:39:00.000Z", "2015-11-30T23:54:00.000Z"], "wnes_geometry": {"westBoundingCoordinate": -123.841, "eastBoundingCoordinate": -123.841, "northBoundingCoordinate": 47.68, "southBoundingCoordinate": 47.68}, "sizeMB": 0.55, "format": "Not provided"}, "olympex_apu30_pluvio400_201511_precip.txt": {"temporal": ["2015-11-03T01:39:00.000Z", "2015-11-30T23:53:00.000Z"], "wnes_geometry": {"westBoundingCoordinate": -123.841, "eastBoundingCoordinate": -123.841, "northBoundingCoordinate": 47.68, "southBoundingCoordinate": 47.68}, "sizeMB": 0.2, "format": "Not provided"}, "olympex_apu30_pluvio400_201511_preciprate.txt": {"temporal": ["2015-11-05T01:17:00.000Z", "2015-11-30T23:53:00.000Z"], "wnes_geometry": {"westBoundingCoordinate": -123.841, "eastBoundingCoordinate": -123.841, "northBoundingCoordinate": 47.68, "southBoundingCoordinate": 47.68}, "sizeMB": 0.09, "format": "Not provided"}, "olympex_apu04_pluvio400_201511_data.txt": {"temporal": ["2015-11-09T23:37:00.000Z", "2015-11-30T23:54:00.000Z"], "wnes_geometry": {"westBoundingCoordinate": -123.867, "eastBoundingCoordinate": -123.867, "northBoundingCoordinate": 47.39, "southBoundingCoordinate": 47.39}, "sizeMB": 0.49, "format": "Not provided"}, "olympex_apu04_pluvio400_201511_preciptable.txt": {"temporal": ["2015-11-10T20:53:00.000Z", "2015-11-30T21:41:00.000Z"], "wnes_geometry": {"westBoundingCoordinate": -123.867, "eastBoundingCoordinate": -123.867, "northBoundingCoordinate": 47.39, "southBoundingCoordinate": 47.39}, "sizeMB": 0, "format": "Not provided"}, "olympex_apu04_pluvio400_201511_precip.txt": {"temporal": ["2015-11-10T20:53:00.000Z", "2015-11-30T21:41:00.000Z"], "wnes_geometry": {"westBoundingCoordinate": -123.867, "eastBoundingCoordinate": -123.867, "northBoundingCoordinate": 47.39, "southBoundingCoordinate": 47.39}, "sizeMB": 0.42, "format": "Not provided"}, "olympex_apu04_pluvio400_201511_preciprate.txt": {"temporal": ["2015-11-10T20:54:00.000Z", "2015-11-30T21:41:00.000Z"], "wnes_geometry": {"westBoundingCoordinate": -123.867, "eastBoundingCoordinate": -123.867, "northBoundingCoordinate": 47.39, "southBoundingCoordinate": 47.39}, "sizeMB": 0.15, "format": "Not provided"}, "olympex_apu30_pluvio400_201512_data.txt": {"temporal": ["2015-11-30T23:55:00.000Z", "2015-12-19T16:54:00.000Z"], "wnes_geometry": {"westBoundingCoordinate": -123.841, "eastBoundingCoordinate": -123.841, "northBoundingCoordinate": 47.68, "southBoundingCoordinate": 47.68}, "sizeMB": 0.54, "format": "Not provided"}, "olympex_apu10_pluvio400_201512_preciptable.txt": {"temporal": ["2015-11-30T23:55:00.000Z", "2015-12-31T22:02:00.000Z"], "wnes_geometry": {"westBoundingCoordinate": -123.581, "eastBoundingCoordinate": -123.581, "northBoundingCoordinate": 47.497, "southBoundingCoordinate": 47.497}, "sizeMB": 0, "format": "Not provided"}, "olympex_apu04_pluvio400_201512_data.txt": {"temporal": ["2015-11-30T23:55:00.000Z", "2015-12-17T21:54:00.000Z"], "wnes_geometry": {"westBoundingCoordinate": -123.867, "eastBoundingCoordinate": -123.867, "northBoundingCoordinate": 47.39, "southBoundingCoordinate": 47.39}, "sizeMB": 0.47, "format": "Not provided"}, "olympex_apu10_pluvio400_201512_data.txt": {"temporal": ["2015-11-30T23:55:00.000Z", "2015-12-31T23:54:00.000Z"], "wnes_geometry": {"westBoundingCoordinate": -123.581, "eastBoundingCoordinate": -123.581, "northBoundingCoordinate": 47.497, "southBoundingCoordinate": 47.497}, "sizeMB": 0.94, "format": "Not provided"}, "olympex_apu10_pluvio400_201512_precip.txt": {"temporal": ["2015-11-30T23:55:00.000Z", "2015-12-31T22:02:00.000Z"], "wnes_geometry": {"westBoundingCoordinate": -123.581, "eastBoundingCoordinate": -123.581, "northBoundingCoordinate": 47.497, "southBoundingCoordinate": 47.497}, "sizeMB": 1.28, "format": "Not provided"}, "olympex_apu30_pluvio400_201512_precip.txt": {"temporal": ["2015-11-30T23:55:00.000Z", "2015-12-19T16:32:00.000Z"], "wnes_geometry": {"westBoundingCoordinate": -123.841, "eastBoundingCoordinate": -123.841, "northBoundingCoordinate": 47.68, "southBoundingCoordinate": 47.68}, "sizeMB": 0.83, "format": "Not provided"}, "olympex_apu30_pluvio400_201512_preciptable.txt": {"temporal": ["2015-11-30T23:55:00.000Z", "2015-12-19T16:32:00.000Z"], "wnes_geometry": {"westBoundingCoordinate": -123.841, "eastBoundingCoordinate": -123.841, "northBoundingCoordinate": 47.68, "southBoundingCoordinate": 47.68}, "sizeMB": 0, "format": "Not provided"}, "olympex_apu30_pluvio400_201512_preciprate.txt": {"temporal": ["2015-11-30T23:56:00.000Z", "2015-12-19T16:32:00.000Z"], "wnes_geometry": {"westBoundingCoordinate": -123.841, "eastBoundingCoordinate": -123.841, "northBoundingCoordinate": 47.68, "southBoundingCoordinate": 47.68}, "sizeMB": 0.4, "format": "Not provided"}, "olympex_apu10_pluvio400_201512_preciprate.txt": {"temporal": ["2015-11-30T23:56:00.000Z", "2015-12-31T22:02:00.000Z"], "wnes_geometry": {"westBoundingCoordinate": -123.581, "eastBoundingCoordinate": -123.581, "northBoundingCoordinate": 47.497, "southBoundingCoordinate": 47.497}, "sizeMB": 0.62, "format": "Not provided"}, "olympex_apu04_pluvio400_201512_precip.txt": {"temporal": ["2015-12-01T02:14:00.000Z", "2015-12-17T21:53:00.000Z"], "wnes_geometry": {"westBoundingCoordinate": -123.867, "eastBoundingCoordinate": -123.867, "northBoundingCoordinate": 47.39, "southBoundingCoordinate": 47.39}, "sizeMB": 0.55, "format": "Not provided"}, "olympex_apu04_pluvio400_201512_preciptable.txt": {"temporal": ["2015-12-01T02:14:00.000Z", "2015-12-17T21:53:00.000Z"], "wnes_geometry": {"westBoundingCoordinate": -123.867, "eastBoundingCoordinate": -123.867, "northBoundingCoordinate": 47.39, "southBoundingCoordinate": 47.39}, "sizeMB": 0, "format": "Not provided"}, "olympex_apu04_pluvio400_201512_preciprate.txt": {"temporal": ["2015-12-01T02:16:00.000Z", "2015-12-17T21:53:00.000Z"], "wnes_geometry": {"westBoundingCoordinate": -123.867, "eastBoundingCoordinate": -123.867, "northBoundingCoordinate": 47.39, "southBoundingCoordinate": 47.39}, "sizeMB": 0.27, "format": "Not provided"}, "olympex_apu10_pluvio400_201601_data.txt": {"temporal": ["2015-12-31T23:55:00.000Z", "2016-01-31T23:54:00.000Z"], "wnes_geometry": {"westBoundingCoordinate": -123.581, "eastBoundingCoordinate": -123.581, "northBoundingCoordinate": 47.497, "southBoundingCoordinate": 47.497}, "sizeMB": 0.66, "format": "Not provided"}, "olympex_apu10_pluvio400_201601_preciptable.txt": {"temporal": ["2016-01-04T04:19:00.000Z", "2016-01-31T23:20:00.000Z"], "wnes_geometry": {"westBoundingCoordinate": -123.581, "eastBoundingCoordinate": -123.581, "northBoundingCoordinate": 47.497, "southBoundingCoordinate": 47.497}, "sizeMB": 0, "format": "Not provided"}, "olympex_apu10_pluvio400_201601_precip.txt": {"temporal": ["2016-01-04T04:19:00.000Z", "2016-01-31T23:20:00.000Z"], "wnes_geometry": {"westBoundingCoordinate": -123.581, "eastBoundingCoordinate": -123.581, "northBoundingCoordinate": 47.497, "southBoundingCoordinate": 47.497}, "sizeMB": 0.9, "format": "Not provided"}, "olympex_apu10_pluvio400_201601_preciprate.txt": {"temporal": ["2016-01-04T04:32:00.000Z", "2016-01-31T23:20:00.000Z"], "wnes_geometry": {"westBoundingCoordinate": -123.581, "eastBoundingCoordinate": -123.581, "northBoundingCoordinate": 47.497, "southBoundingCoordinate": 47.497}, "sizeMB": 0.26, "format": "Not provided"}, "olympex_apu04_pluvio400_201601_data.txt": {"temporal": ["2016-01-06T22:53:00.000Z", "2016-01-13T17:54:00.000Z"], "wnes_geometry": {"westBoundingCoordinate": -123.867, "eastBoundingCoordinate": -123.867, "northBoundingCoordinate": 47.39, "southBoundingCoordinate": 47.39}, "sizeMB": 0.2, "format": "Not provided"}, "olympex_apu04_pluvio400_201601_preciptable.txt": {"temporal": ["2016-01-07T18:23:00.000Z", "2016-01-13T12:04:00.000Z"], "wnes_geometry": {"westBoundingCoordinate": -123.867, "eastBoundingCoordinate": -123.867, "northBoundingCoordinate": 47.39, "southBoundingCoordinate": 47.39}, "sizeMB": 0, "format": "Not provided"}, "olympex_apu04_pluvio400_201601_precip.txt": {"temporal": ["2016-01-07T18:23:00.000Z", "2016-01-13T12:04:00.000Z"], "wnes_geometry": {"westBoundingCoordinate": -123.867, "eastBoundingCoordinate": -123.867, "northBoundingCoordinate": 47.39, "southBoundingCoordinate": 47.39}, "sizeMB": 0.14, "format": "Not provided"}, "olympex_apu30_pluvio400_201601_data.txt": {"temporal": ["2016-01-10T20:37:00.000Z", "2016-01-31T23:54:00.000Z"], "wnes_geometry": {"westBoundingCoordinate": -123.841, "eastBoundingCoordinate": -123.841, "northBoundingCoordinate": 47.68, "southBoundingCoordinate": 47.68}, "sizeMB": 0.64, "format": "Not provided"}, "olympex_apu30_pluvio400_201601_precip.txt": {"temporal": ["2016-01-10T21:06:00.000Z", "2016-01-31T23:45:00.000Z"], "wnes_geometry": {"westBoundingCoordinate": -123.841, "eastBoundingCoordinate": -123.841, "northBoundingCoordinate": 47.68, "southBoundingCoordinate": 47.68}, "sizeMB": 0.67, "format": "Not provided"}, "olympex_apu04_pluvio400_201601_preciprate.txt": {"temporal": ["2016-01-11T13:11:00.000Z", "2016-01-13T12:04:00.000Z"], "wnes_geometry": {"westBoundingCoordinate": -123.867, "eastBoundingCoordinate": -123.867, "northBoundingCoordinate": 47.39, "southBoundingCoordinate": 47.39}, "sizeMB": 0.07, "format": "Not provided"}, "olympex_apu30_pluvio400_201601_preciptable.txt": {"temporal": ["2016-01-11T15:20:00.000Z", "2016-01-31T23:45:00.000Z"], "wnes_geometry": {"westBoundingCoordinate": -123.841, "eastBoundingCoordinate": -123.841, "northBoundingCoordinate": 47.68, "southBoundingCoordinate": 47.68}, "sizeMB": 0, "format": "Not provided"}, "olympex_apu30_pluvio400_201601_preciprate.txt": {"temporal": ["2016-01-11T15:20:00.000Z", "2016-01-31T23:45:00.000Z"], "wnes_geometry": {"westBoundingCoordinate": -123.841, "eastBoundingCoordinate": -123.841, "northBoundingCoordinate": 47.68, "southBoundingCoordinate": 47.68}, "sizeMB": 0.33, "format": "Not provided"}}