{"iphex_raingauge_NASA0026_A_20130911_20131229_gag.txt": {"temporal": ["2013-09-11T19:20:59.000Z", "2013-12-29T16:54:12.000Z"], "wnes_geometry": {"westBoundingCoordinate": -83.114, "eastBoundingCoordinate": -83.114, "northBoundingCoordinate": 35.464, "southBoundingCoordinate": 35.464}, "sizeMB": 0.21, "format": "Not provided"}, "iphex_raingauge_NASA0026_A_20130911_20131229_gmin.txt": {"temporal": ["2013-09-11T19:21:00.000Z", "2013-12-29T16:56:00.000Z"], "wnes_geometry": {"westBoundingCoordinate": -83.114, "eastBoundingCoordinate": -83.114, "northBoundingCoordinate": 35.464, "southBoundingCoordinate": 35.464}, "sizeMB": 0.58, "format": "Not provided"}, "iphex_raingauge_NASA0026_B_20130911_20131229_gag.txt": {"temporal": ["2013-09-11T19:21:36.000Z", "2013-12-29T15:09:09.000Z"], "wnes_geometry": {"westBoundingCoordinate": -83.114, "eastBoundingCoordinate": -83.114, "northBoundingCoordinate": 35.464, "southBoundingCoordinate": 35.464}, "sizeMB": 0.28, "format": "Not provided"}, "iphex_raingauge_NASA0026_B_20130911_20131229_gmin.txt": {"temporal": ["2013-09-11T19:22:00.000Z", "2013-12-29T15:11:00.000Z"], "wnes_geometry": {"westBoundingCoordinate": -83.114, "eastBoundingCoordinate": -83.114, "northBoundingCoordinate": 35.464, "southBoundingCoordinate": 35.464}, "sizeMB": 0.63, "format": "Not provided"}, "iphex_raingauge_NASA0033_A_20130911_20131229_gmin.txt": {"temporal": ["2013-09-11T21:46:00.000Z", "2013-12-29T14:02:00.000Z"], "wnes_geometry": {"westBoundingCoordinate": -83.074, "eastBoundingCoordinate": -83.074, "northBoundingCoordinate": 35.441, "southBoundingCoordinate": 35.441}, "sizeMB": 0.41, "format": "Not provided"}, "iphex_raingauge_NASA0033_A_20130911_20131229_gag.txt": {"temporal": ["2013-09-11T21:48:38.000Z", "2013-12-29T14:00:02.000Z"], "wnes_geometry": {"westBoundingCoordinate": -83.074, "eastBoundingCoordinate": -83.074, "northBoundingCoordinate": 35.441, "southBoundingCoordinate": 35.441}, "sizeMB": 0.12, "format": "Not provided"}, "iphex_raingauge_NASA0033_B_20130913_20131229_gmin.txt": {"temporal": ["2013-09-13T01:41:00.000Z", "2013-12-29T14:14:00.000Z"], "wnes_geometry": {"westBoundingCoordinate": -83.074, "eastBoundingCoordinate": -83.074, "northBoundingCoordinate": 35.441, "southBoundingCoordinate": 35.441}, "sizeMB": 0.41, "format": "Not provided"}, "iphex_raingauge_NASA0033_B_20130913_20131229_gag.txt": {"temporal": ["2013-09-13T01:42:12.000Z", "2013-12-29T14:12:59.000Z"], "wnes_geometry": {"westBoundingCoordinate": -83.074, "eastBoundingCoordinate": -83.074, "northBoundingCoordinate": 35.441, "southBoundingCoordinate": 35.441}, "sizeMB": 0.12, "format": "Not provided"}, "iphex_raingauge_NASA0043_A_20130913_20131229_gmin.txt": {"temporal": ["2013-09-13T18:40:00.000Z", "2013-12-29T12:05:00.000Z"], "wnes_geometry": {"westBoundingCoordinate": -82.871, "eastBoundingCoordinate": -82.599, "northBoundingCoordinate": 35.625, "southBoundingCoordinate": 35.083}, "sizeMB": 0.42, "format": "Not provided"}, "iphex_raingauge_NASA0043_B_20130913_20131229_gmin.txt": {"temporal": ["2013-09-13T18:41:00.000Z", "2013-12-29T12:02:00.000Z"], "wnes_geometry": {"westBoundingCoordinate": -82.871, "eastBoundingCoordinate": -82.599, "northBoundingCoordinate": 35.625, "southBoundingCoordinate": 35.083}, "sizeMB": 0.41, "format": "Not provided"}, "iphex_raingauge_NASA0043_A_20130913_20131229_gag.txt": {"temporal": ["2013-09-13T18:42:47.000Z", "2013-12-29T12:03:27.000Z"], "wnes_geometry": {"westBoundingCoordinate": -82.871, "eastBoundingCoordinate": -82.599, "northBoundingCoordinate": 35.625, "southBoundingCoordinate": 35.083}, "sizeMB": 0.15, "format": "Not provided"}, "iphex_raingauge_NASA0043_B_20130913_20131229_gag.txt": {"temporal": ["2013-09-13T18:43:16.000Z", "2013-12-29T12:00:28.000Z"], "wnes_geometry": {"westBoundingCoordinate": -82.871, "eastBoundingCoordinate": -82.599, "northBoundingCoordinate": 35.625, "southBoundingCoordinate": 35.083}, "sizeMB": 0.14, "format": "Not provided"}, "iphex_raingauge_NASA0044_B_20130913_20131229_gmin.txt": {"temporal": ["2013-09-13T21:05:00.000Z", "2013-12-29T14:26:00.000Z"], "wnes_geometry": {"westBoundingCoordinate": -82.873, "eastBoundingCoordinate": -82.873, "northBoundingCoordinate": 35.195, "southBoundingCoordinate": 35.195}, "sizeMB": 0.44, "format": "Not provided"}, "iphex_raingauge_NASA0044_B_20130913_20131229_gag.txt": {"temporal": ["2013-09-13T21:07:49.000Z", "2013-12-29T14:24:59.000Z"], "wnes_geometry": {"westBoundingCoordinate": -82.873, "eastBoundingCoordinate": -82.873, "northBoundingCoordinate": 35.195, "southBoundingCoordinate": 35.195}, "sizeMB": 0.14, "format": "Not provided"}, "iphex_raingauge_NASA0027_B_20130917_20131229_gmin.txt": {"temporal": ["2013-09-17T22:47:00.000Z", "2013-12-29T12:05:00.000Z"], "wnes_geometry": {"westBoundingCoordinate": -82.773, "eastBoundingCoordinate": -82.773, "northBoundingCoordinate": 35.578, "southBoundingCoordinate": 35.578}, "sizeMB": 0.27, "format": "Not provided"}, "iphex_raingauge_NASA0027_B_20130917_20131229_gag.txt": {"temporal": ["2013-09-17T22:49:41.000Z", "2013-12-29T12:03:53.000Z"], "wnes_geometry": {"westBoundingCoordinate": -82.773, "eastBoundingCoordinate": -82.773, "northBoundingCoordinate": 35.578, "southBoundingCoordinate": 35.578}, "sizeMB": 0.07, "format": "Not provided"}, "iphex_raingauge_NASA0044_A_20130919_20131229_gmin.txt": {"temporal": ["2013-09-19T17:58:00.000Z", "2013-12-29T15:38:00.000Z"], "wnes_geometry": {"westBoundingCoordinate": -82.873, "eastBoundingCoordinate": -82.873, "northBoundingCoordinate": 35.195, "southBoundingCoordinate": 35.195}, "sizeMB": 0.44, "format": "Not provided"}, "iphex_raingauge_NASA0044_A_20130919_20131229_gag.txt": {"temporal": ["2013-09-19T18:00:23.000Z", "2013-12-29T15:36:48.000Z"], "wnes_geometry": {"westBoundingCoordinate": -82.873, "eastBoundingCoordinate": -82.873, "northBoundingCoordinate": 35.195, "southBoundingCoordinate": 35.195}, "sizeMB": 0.15, "format": "Not provided"}, "iphex_raingauge_NASA0045_B_20130919_20131229_gmin.txt": {"temporal": ["2013-09-19T21:16:00.000Z", "2013-12-29T13:25:00.000Z"], "wnes_geometry": {"westBoundingCoordinate": -82.872, "eastBoundingCoordinate": -82.872, "northBoundingCoordinate": 35.315, "southBoundingCoordinate": 35.315}, "sizeMB": 0.55, "format": "Not provided"}, "iphex_raingauge_NASA0045_A_20130919_20131229_gmin.txt": {"temporal": ["2013-09-19T21:16:00.000Z", "2013-12-29T15:07:00.000Z"], "wnes_geometry": {"westBoundingCoordinate": -82.872, "eastBoundingCoordinate": -82.872, "northBoundingCoordinate": 35.315, "southBoundingCoordinate": 35.315}, "sizeMB": 0.54, "format": "Not provided"}, "iphex_raingauge_NASA0045_A_20130919_20131229_gag.txt": {"temporal": ["2013-09-19T21:18:38.000Z", "2013-12-29T15:05:43.000Z"], "wnes_geometry": {"westBoundingCoordinate": -82.872, "eastBoundingCoordinate": -82.872, "northBoundingCoordinate": 35.315, "southBoundingCoordinate": 35.315}, "sizeMB": 0.16, "format": "Not provided"}, "iphex_raingauge_NASA0045_B_20130919_20131229_gag.txt": {"temporal": ["2013-09-19T21:18:39.000Z", "2013-12-29T13:23:40.000Z"], "wnes_geometry": {"westBoundingCoordinate": -82.872, "eastBoundingCoordinate": -82.872, "northBoundingCoordinate": 35.315, "southBoundingCoordinate": 35.315}, "sizeMB": 0.16, "format": "Not provided"}, "iphex_raingauge_NASA0042_A_20130921_20131229_gmin.txt": {"temporal": ["2013-09-21T15:18:00.000Z", "2013-12-29T13:21:00.000Z"], "wnes_geometry": {"westBoundingCoordinate": -82.966, "eastBoundingCoordinate": -82.966, "northBoundingCoordinate": 35.518, "southBoundingCoordinate": 35.518}, "sizeMB": 0.31, "format": "Not provided"}, "iphex_raingauge_NASA0042_B_20130921_20131229_gmin.txt": {"temporal": ["2013-09-21T15:20:00.000Z", "2013-12-29T14:18:00.000Z"], "wnes_geometry": {"westBoundingCoordinate": -82.966, "eastBoundingCoordinate": -82.966, "northBoundingCoordinate": 35.518, "southBoundingCoordinate": 35.518}, "sizeMB": 0.3, "format": "Not provided"}, "iphex_raingauge_NASA0042_A_20130921_20131229_gag.txt": {"temporal": ["2013-09-21T15:23:50.000Z", "2013-12-29T13:19:28.000Z"], "wnes_geometry": {"westBoundingCoordinate": -82.966, "eastBoundingCoordinate": -82.966, "northBoundingCoordinate": 35.518, "southBoundingCoordinate": 35.518}, "sizeMB": 0.09, "format": "Not provided"}, "iphex_raingauge_NASA0042_B_20130921_20131229_gag.txt": {"temporal": ["2013-09-21T15:24:46.000Z", "2013-12-29T14:16:54.000Z"], "wnes_geometry": {"westBoundingCoordinate": -82.966, "eastBoundingCoordinate": -82.966, "northBoundingCoordinate": 35.518, "southBoundingCoordinate": 35.518}, "sizeMB": 0.08, "format": "Not provided"}, "iphex_raingauge_NASA0027_A_20130921_20131229_gmin.txt": {"temporal": ["2013-09-21T15:59:00.000Z", "2013-12-29T13:28:00.000Z"], "wnes_geometry": {"westBoundingCoordinate": -82.773, "eastBoundingCoordinate": -82.773, "northBoundingCoordinate": 35.578, "southBoundingCoordinate": 35.578}, "sizeMB": 0.27, "format": "Not provided"}, "iphex_raingauge_NASA0027_A_20130921_20131229_gag.txt": {"temporal": ["2013-09-21T16:01:01.000Z", "2013-12-29T13:26:43.000Z"], "wnes_geometry": {"westBoundingCoordinate": -82.773, "eastBoundingCoordinate": -82.773, "northBoundingCoordinate": 35.578, "southBoundingCoordinate": 35.578}, "sizeMB": 0.07, "format": "Not provided"}, "iphex_raingauge_NASA0029_B_20131003_20131229_gmin.txt": {"temporal": ["2013-10-03T16:32:00.000Z", "2013-12-29T15:19:00.000Z"], "wnes_geometry": {"westBoundingCoordinate": -83.506, "eastBoundingCoordinate": -83.506, "northBoundingCoordinate": 35.374, "southBoundingCoordinate": 35.374}, "sizeMB": 0.3, "format": "Not provided"}, "iphex_raingauge_NASA0029_A_20131003_20131229_gmin.txt": {"temporal": ["2013-10-03T16:32:00.000Z", "2013-12-29T15:14:00.000Z"], "wnes_geometry": {"westBoundingCoordinate": -83.506, "eastBoundingCoordinate": -83.506, "northBoundingCoordinate": 35.374, "southBoundingCoordinate": 35.374}, "sizeMB": 0.3, "format": "Not provided"}, "iphex_raingauge_NASA0029_A_20131003_20131229_gag.txt": {"temporal": ["2013-10-03T16:34:41.000Z", "2013-12-29T15:12:12.000Z"], "wnes_geometry": {"westBoundingCoordinate": -83.506, "eastBoundingCoordinate": -83.506, "northBoundingCoordinate": 35.374, "southBoundingCoordinate": 35.374}, "sizeMB": 0.08, "format": "Not provided"}, "iphex_raingauge_NASA0029_B_20131003_20131229_gag.txt": {"temporal": ["2013-10-03T16:34:49.000Z", "2013-12-29T15:17:22.000Z"], "wnes_geometry": {"westBoundingCoordinate": -83.506, "eastBoundingCoordinate": -83.506, "northBoundingCoordinate": 35.374, "southBoundingCoordinate": 35.374}, "sizeMB": 0.09, "format": "Not provided"}, "iphex_raingauge_NASA0028_B_20131003_20131229_gmin.txt": {"temporal": ["2013-10-03T18:39:00.000Z", "2013-12-29T12:52:00.000Z"], "wnes_geometry": {"westBoundingCoordinate": -83.203, "eastBoundingCoordinate": -83.202, "northBoundingCoordinate": 35.306, "southBoundingCoordinate": 35.306}, "sizeMB": 0.28, "format": "Not provided"}, "iphex_raingauge_NASA0028_A_20131003_20131229_gmin.txt": {"temporal": ["2013-10-03T18:39:00.000Z", "2013-12-29T12:52:00.000Z"], "wnes_geometry": {"westBoundingCoordinate": -83.203, "eastBoundingCoordinate": -83.202, "northBoundingCoordinate": 35.306, "southBoundingCoordinate": 35.306}, "sizeMB": 0.28, "format": "Not provided"}, "iphex_raingauge_NASA0028_B_20131003_20131229_gag.txt": {"temporal": ["2013-10-03T18:41:05.000Z", "2013-12-29T12:50:27.000Z"], "wnes_geometry": {"westBoundingCoordinate": -83.203, "eastBoundingCoordinate": -83.202, "northBoundingCoordinate": 35.306, "southBoundingCoordinate": 35.306}, "sizeMB": 0.08, "format": "Not provided"}, "iphex_raingauge_NASA0028_A_20131003_20131229_gag.txt": {"temporal": ["2013-10-03T18:41:05.000Z", "2013-12-29T12:50:43.000Z"], "wnes_geometry": {"westBoundingCoordinate": -83.203, "eastBoundingCoordinate": -83.202, "northBoundingCoordinate": 35.306, "southBoundingCoordinate": 35.306}, "sizeMB": 0.07, "format": "Not provided"}, "iphex_raingauge_NASA0031_B_20131007_20131230_gmin.txt": {"temporal": ["2013-10-07T04:14:00.000Z", "2013-12-30T12:14:00.000Z"], "wnes_geometry": {"westBoundingCoordinate": -82.585, "eastBoundingCoordinate": -82.584, "northBoundingCoordinate": 35.886, "southBoundingCoordinate": 35.886}, "sizeMB": 0.26, "format": "Not provided"}, "iphex_raingauge_NASA0031_A_20131007_20131230_gmin.txt": {"temporal": ["2013-10-07T04:14:00.000Z", "2013-12-30T13:56:00.000Z"], "wnes_geometry": {"westBoundingCoordinate": -82.585, "eastBoundingCoordinate": -82.584, "northBoundingCoordinate": 35.886, "southBoundingCoordinate": 35.886}, "sizeMB": 0.27, "format": "Not provided"}, "iphex_raingauge_NASA0031_B_20131007_20131230_gag.txt": {"temporal": ["2013-10-07T04:16:00.000Z", "2013-12-30T12:12:41.000Z"], "wnes_geometry": {"westBoundingCoordinate": -82.585, "eastBoundingCoordinate": -82.584, "northBoundingCoordinate": 35.886, "southBoundingCoordinate": 35.886}, "sizeMB": 0.06, "format": "Not provided"}, "iphex_raingauge_NASA0031_A_20131007_20131230_gag.txt": {"temporal": ["2013-10-07T04:16:29.000Z", "2013-12-30T13:54:09.000Z"], "wnes_geometry": {"westBoundingCoordinate": -82.585, "eastBoundingCoordinate": -82.584, "northBoundingCoordinate": 35.886, "southBoundingCoordinate": 35.886}, "sizeMB": 0.07, "format": "Not provided"}, "iphex_raingauge_NASA0030_B_20131017_20131229_gmin.txt": {"temporal": ["2013-10-17T12:58:00.000Z", "2013-12-29T13:58:00.000Z"], "wnes_geometry": {"westBoundingCoordinate": -82.66, "eastBoundingCoordinate": -82.66, "northBoundingCoordinate": 35.805, "southBoundingCoordinate": 35.804}, "sizeMB": 0.19, "format": "Not provided"}, "iphex_raingauge_NASA0030_A_20131017_20131229_gmin.txt": {"temporal": ["2013-10-17T13:00:00.000Z", "2013-12-29T13:48:00.000Z"], "wnes_geometry": {"westBoundingCoordinate": -82.66, "eastBoundingCoordinate": -82.66, "northBoundingCoordinate": 35.805, "southBoundingCoordinate": 35.804}, "sizeMB": 0.19, "format": "Not provided"}, "iphex_raingauge_NASA0030_B_20131017_20131229_gag.txt": {"temporal": ["2013-10-17T13:00:03.000Z", "2013-12-29T13:56:27.000Z"], "wnes_geometry": {"westBoundingCoordinate": -82.66, "eastBoundingCoordinate": -82.66, "northBoundingCoordinate": 35.805, "southBoundingCoordinate": 35.804}, "sizeMB": 0.04, "format": "Not provided"}, "iphex_raingauge_NASA0030_A_20131017_20131229_gag.txt": {"temporal": ["2013-10-17T13:02:05.000Z", "2013-12-29T13:46:22.000Z"], "wnes_geometry": {"westBoundingCoordinate": -82.66, "eastBoundingCoordinate": -82.66, "northBoundingCoordinate": 35.805, "southBoundingCoordinate": 35.804}, "sizeMB": 0.04, "format": "Not provided"}, "iphex_raingauge_NASA0040_B_20131023_20131222_gmin.txt": {"temporal": ["2013-10-23T17:19:00.000Z", "2013-12-22T11:41:00.000Z"], "wnes_geometry": {"westBoundingCoordinate": -83.591, "eastBoundingCoordinate": -82.599, "northBoundingCoordinate": 35.664, "southBoundingCoordinate": 35.625}, "sizeMB": 0.22, "format": "Not provided"}, "iphex_raingauge_NASA0040_B_20131023_20131222_gag.txt": {"temporal": ["2013-10-23T17:21:56.000Z", "2013-12-22T11:40:36.000Z"], "wnes_geometry": {"westBoundingCoordinate": -83.591, "eastBoundingCoordinate": -82.599, "northBoundingCoordinate": 35.664, "southBoundingCoordinate": 35.625}, "sizeMB": 0.06, "format": "Not provided"}, "iphex_raingauge_NASA0041_B_20131023_20131222_gmin.txt": {"temporal": ["2013-10-23T19:55:00.000Z", "2013-12-22T11:13:00.000Z"], "wnes_geometry": {"westBoundingCoordinate": -83.501, "eastBoundingCoordinate": -83.501, "northBoundingCoordinate": 35.686, "southBoundingCoordinate": 35.686}, "sizeMB": 0.22, "format": "Not provided"}, "iphex_raingauge_NASA0041_B_20131023_20131222_gag.txt": {"temporal": ["2013-10-23T19:57:18.000Z", "2013-12-22T11:14:59.000Z"], "wnes_geometry": {"westBoundingCoordinate": -83.501, "eastBoundingCoordinate": -83.501, "northBoundingCoordinate": 35.686, "southBoundingCoordinate": 35.686}, "sizeMB": 0.05, "format": "Not provided"}, "iphex_raingauge_NASA0034_A_20131025_20131229_gmin.txt": {"temporal": ["2013-10-25T19:10:00.000Z", "2013-12-29T15:18:00.000Z"], "wnes_geometry": {"westBoundingCoordinate": -83.497, "eastBoundingCoordinate": -83.497, "northBoundingCoordinate": 35.562, "southBoundingCoordinate": 35.562}, "sizeMB": 0.42, "format": "Not provided"}, "iphex_raingauge_NASA0034_A_20131025_20131229_gag.txt": {"temporal": ["2013-10-25T19:12:31.000Z", "2013-12-29T15:16:18.000Z"], "wnes_geometry": {"westBoundingCoordinate": -83.497, "eastBoundingCoordinate": -83.497, "northBoundingCoordinate": 35.562, "southBoundingCoordinate": 35.562}, "sizeMB": 0.14, "format": "Not provided"}, "iphex_raingauge_NASA0034_B_20131025_20131229_gmin.txt": {"temporal": ["2013-10-25T19:32:00.000Z", "2013-12-29T15:27:00.000Z"], "wnes_geometry": {"westBoundingCoordinate": -83.497, "eastBoundingCoordinate": -83.497, "northBoundingCoordinate": 35.562, "southBoundingCoordinate": 35.562}, "sizeMB": 0.42, "format": "Not provided"}, "iphex_raingauge_NASA0034_B_20131025_20131229_gag.txt": {"temporal": ["2013-10-25T19:34:47.000Z", "2013-12-29T15:25:50.000Z"], "wnes_geometry": {"westBoundingCoordinate": -83.497, "eastBoundingCoordinate": -83.497, "northBoundingCoordinate": 35.562, "southBoundingCoordinate": 35.562}, "sizeMB": 0.13, "format": "Not provided"}, "iphex_raingauge_NASA0040_A_20131028_20131222_gmin.txt": {"temporal": ["2013-10-28T08:58:00.000Z", "2013-12-22T11:46:00.000Z"], "wnes_geometry": {"westBoundingCoordinate": -83.591, "eastBoundingCoordinate": -83.59, "northBoundingCoordinate": 35.664, "southBoundingCoordinate": 35.664}, "sizeMB": 0.23, "format": "Not provided"}, "iphex_raingauge_NASA0040_A_20131028_20131222_gag.txt": {"temporal": ["2013-10-28T09:00:02.000Z", "2013-12-22T11:44:50.000Z"], "wnes_geometry": {"westBoundingCoordinate": -83.591, "eastBoundingCoordinate": -83.59, "northBoundingCoordinate": 35.664, "southBoundingCoordinate": 35.664}, "sizeMB": 0.06, "format": "Not provided"}, "iphex_raingauge_NASA0032_A_20131030_20131223_gmin.txt": {"temporal": ["2013-10-30T17:27:00.000Z", "2013-12-23T03:36:00.000Z"], "wnes_geometry": {"westBoundingCoordinate": -83.117, "eastBoundingCoordinate": -83.117, "northBoundingCoordinate": 35.621, "southBoundingCoordinate": 35.62}, "sizeMB": 0.02, "format": "Not provided"}, "iphex_raingauge_NASA0032_A_20131030_20131223_gag.txt": {"temporal": ["2013-10-30T17:29:27.000Z", "2013-12-23T03:34:08.000Z"], "wnes_geometry": {"westBoundingCoordinate": -83.117, "eastBoundingCoordinate": -83.117, "northBoundingCoordinate": 35.621, "southBoundingCoordinate": 35.62}, "sizeMB": 0.01, "format": "Not provided"}, "iphex_raingauge_NASA0039_B_20131030_20131229_gag.txt": {"temporal": ["2013-10-30T20:26:30.000Z", "2013-12-29T15:53:06.000Z"], "wnes_geometry": {"westBoundingCoordinate": -83.215, "eastBoundingCoordinate": -83.214, "northBoundingCoordinate": 35.779, "southBoundingCoordinate": 35.779}, "sizeMB": 0.07, "format": "Not provided"}, "iphex_raingauge_NASA0039_B_20131030_20131229_gmin.txt": {"temporal": ["2013-10-30T20:27:00.000Z", "2013-12-29T15:55:00.000Z"], "wnes_geometry": {"westBoundingCoordinate": -83.215, "eastBoundingCoordinate": -83.214, "northBoundingCoordinate": 35.779, "southBoundingCoordinate": 35.779}, "sizeMB": 0.3, "format": "Not provided"}, "iphex_raingauge_NASA0032_B_20131101_20131223_gmin.txt": {"temporal": ["2013-11-01T02:07:00.000Z", "2013-12-23T10:20:00.000Z"], "wnes_geometry": {"westBoundingCoordinate": -83.117, "eastBoundingCoordinate": -83.117, "northBoundingCoordinate": 35.621, "southBoundingCoordinate": 35.62}, "sizeMB": 0.24, "format": "Not provided"}, "iphex_raingauge_NASA0032_B_20131101_20131223_gag.txt": {"temporal": ["2013-11-01T02:09:34.000Z", "2013-12-23T10:18:50.000Z"], "wnes_geometry": {"westBoundingCoordinate": -83.117, "eastBoundingCoordinate": -83.117, "northBoundingCoordinate": 35.621, "southBoundingCoordinate": 35.62}, "sizeMB": 0.07, "format": "Not provided"}, "iphex_raingauge_NASA0041_A_20131101_20131222_gmin.txt": {"temporal": ["2013-11-01T02:16:00.000Z", "2013-12-22T11:12:00.000Z"], "wnes_geometry": {"westBoundingCoordinate": -83.501, "eastBoundingCoordinate": -83.501, "northBoundingCoordinate": 35.686, "southBoundingCoordinate": 35.686}, "sizeMB": 0.22, "format": "Not provided"}, "iphex_raingauge_NASA0041_A_20131101_20131222_gag.txt": {"temporal": ["2013-11-01T02:19:54.000Z", "2013-12-22T11:14:50.000Z"], "wnes_geometry": {"westBoundingCoordinate": -83.501, "eastBoundingCoordinate": -83.501, "northBoundingCoordinate": 35.686, "southBoundingCoordinate": 35.686}, "sizeMB": 0.05, "format": "Not provided"}, "iphex_raingauge_NASA0039_A_20131101_20131231_gag.txt": {"temporal": ["2013-11-01T09:34:54.000Z", "2013-12-31T04:29:24.000Z"], "wnes_geometry": {"westBoundingCoordinate": -83.215, "eastBoundingCoordinate": -83.214, "northBoundingCoordinate": 35.779, "southBoundingCoordinate": 35.778}, "sizeMB": 0.07, "format": "Not provided"}, "iphex_raingauge_NASA0039_A_20131101_20131231_gmin.txt": {"temporal": ["2013-11-01T09:37:00.000Z", "2013-12-31T04:31:00.000Z"], "wnes_geometry": {"westBoundingCoordinate": -83.215, "eastBoundingCoordinate": -83.214, "northBoundingCoordinate": 35.779, "southBoundingCoordinate": 35.778}, "sizeMB": 0.31, "format": "Not provided"}, "iphex_raingauge_NASA0035_A_20131115_20131229_gmin.txt": {"temporal": ["2013-11-15T19:32:00.000Z", "2013-12-29T13:31:00.000Z"], "wnes_geometry": {"westBoundingCoordinate": -82.565, "eastBoundingCoordinate": -82.565, "northBoundingCoordinate": 35.616, "southBoundingCoordinate": 35.616}, "sizeMB": 0.18, "format": "Not provided"}, "iphex_raingauge_NASA0035_A_20131115_20131229_gag.txt": {"temporal": ["2013-11-15T19:34:53.000Z", "2013-12-29T13:29:31.000Z"], "wnes_geometry": {"westBoundingCoordinate": -82.565, "eastBoundingCoordinate": -82.565, "northBoundingCoordinate": 35.616, "southBoundingCoordinate": 35.616}, "sizeMB": 0.04, "format": "Not provided"}, "iphex_raingauge_NASA0035_B_20131115_20131229_gmin.txt": {"temporal": ["2013-11-15T19:35:00.000Z", "2013-12-29T12:15:00.000Z"], "wnes_geometry": {"westBoundingCoordinate": -82.565, "eastBoundingCoordinate": -82.565, "northBoundingCoordinate": 35.616, "southBoundingCoordinate": 35.616}, "sizeMB": 0.19, "format": "Not provided"}, "iphex_raingauge_NASA0035_B_20131115_20131229_gag.txt": {"temporal": ["2013-11-15T19:37:11.000Z", "2013-12-29T12:13:46.000Z"], "wnes_geometry": {"westBoundingCoordinate": -82.565, "eastBoundingCoordinate": -82.565, "northBoundingCoordinate": 35.616, "southBoundingCoordinate": 35.616}, "sizeMB": 0.04, "format": "Not provided"}, "iphex_raingauge_NASA0036_A_20131205_20131229_gmin.txt": {"temporal": ["2013-12-05T22:02:00.000Z", "2013-12-29T15:09:00.000Z"], "wnes_geometry": {"westBoundingCoordinate": -83.025, "eastBoundingCoordinate": -83.025, "northBoundingCoordinate": 35.568, "southBoundingCoordinate": 35.568}, "sizeMB": 0.15, "format": "Not provided"}, "iphex_raingauge_NASA0036_B_20131205_20131229_gmin.txt": {"temporal": ["2013-12-05T22:03:00.000Z", "2013-12-29T14:31:00.000Z"], "wnes_geometry": {"westBoundingCoordinate": -83.025, "eastBoundingCoordinate": -83.025, "northBoundingCoordinate": 35.568, "southBoundingCoordinate": 35.568}, "sizeMB": 0.16, "format": "Not provided"}, "iphex_raingauge_NASA0036_A_20131205_20131229_gag.txt": {"temporal": ["2013-12-05T22:04:10.000Z", "2013-12-29T15:07:21.000Z"], "wnes_geometry": {"westBoundingCoordinate": -83.025, "eastBoundingCoordinate": -83.025, "northBoundingCoordinate": 35.568, "southBoundingCoordinate": 35.568}, "sizeMB": 0.05, "format": "Not provided"}, "iphex_raingauge_NASA0036_B_20131205_20131229_gag.txt": {"temporal": ["2013-12-05T22:05:33.000Z", "2013-12-29T14:29:29.000Z"], "wnes_geometry": {"westBoundingCoordinate": -83.025, "eastBoundingCoordinate": -83.025, "northBoundingCoordinate": 35.568, "southBoundingCoordinate": 35.568}, "sizeMB": 0.05, "format": "Not provided"}, "iphex_raingauge_NASA0037_A_20131215_20131229_gmin.txt": {"temporal": ["2013-12-15T20:31:00.000Z", "2013-12-29T16:16:00.000Z"], "wnes_geometry": {"westBoundingCoordinate": -82.847, "eastBoundingCoordinate": -82.847, "northBoundingCoordinate": 35.614, "southBoundingCoordinate": 35.614}, "sizeMB": 0.07, "format": "Not provided"}, "iphex_raingauge_NASA0037_B_20131215_20131229_gag.txt": {"temporal": ["2013-12-15T20:33:40.000Z", "2013-12-29T15:32:34.000Z"], "wnes_geometry": {"westBoundingCoordinate": -82.847, "eastBoundingCoordinate": -82.847, "northBoundingCoordinate": 35.614, "southBoundingCoordinate": 35.614}, "sizeMB": 0, "format": "Not provided"}, "iphex_raingauge_NASA0037_A_20131215_20131229_gag.txt": {"temporal": ["2013-12-15T20:33:40.000Z", "2013-12-29T16:14:45.000Z"], "wnes_geometry": {"westBoundingCoordinate": -82.847, "eastBoundingCoordinate": -82.847, "northBoundingCoordinate": 35.614, "southBoundingCoordinate": 35.614}, "sizeMB": 0.02, "format": "Not provided"}, "iphex_raingauge_NASA0037_B_20131215_20131229_gmin.txt": {"temporal": ["2013-12-15T20:34:00.000Z", "2013-12-29T15:34:00.000Z"], "wnes_geometry": {"westBoundingCoordinate": -82.847, "eastBoundingCoordinate": -82.847, "northBoundingCoordinate": 35.614, "southBoundingCoordinate": 35.614}, "sizeMB": 0.02, "format": "Not provided"}, "iphex_raingauge_NASA0029_A_20140102_20141013_gmin.txt": {"temporal": ["2014-01-02T10:47:00.000Z", "2014-10-13T11:09:00.000Z"], "wnes_geometry": {"westBoundingCoordinate": -83.506, "eastBoundingCoordinate": -83.506, "northBoundingCoordinate": 35.374, "southBoundingCoordinate": 35.373}, "sizeMB": 0.67, "format": "Not provided"}, "iphex_raingauge_NASA0041_A_20140102_20141015_gmin.txt": {"temporal": ["2014-01-02T10:49:00.000Z", "2014-10-15T16:44:00.000Z"], "wnes_geometry": {"westBoundingCoordinate": -83.501, "eastBoundingCoordinate": -83.501, "northBoundingCoordinate": 35.687, "southBoundingCoordinate": 35.686}, "sizeMB": 0.67, "format": "Not provided"}, "iphex_raingauge_NASA0029_A_20140102_20141013_gag.txt": {"temporal": ["2014-01-02T10:49:55.000Z", "2014-10-13T11:07:37.000Z"], "wnes_geometry": {"westBoundingCoordinate": -83.506, "eastBoundingCoordinate": -83.506, "northBoundingCoordinate": 35.374, "southBoundingCoordinate": 35.373}, "sizeMB": 0.22, "format": "Not provided"}, "iphex_raingauge_NASA0041_A_20140102_20141015_gag.txt": {"temporal": ["2014-01-02T10:51:48.000Z", "2014-10-15T16:42:47.000Z"], "wnes_geometry": {"westBoundingCoordinate": -83.501, "eastBoundingCoordinate": -83.501, "northBoundingCoordinate": 35.687, "southBoundingCoordinate": 35.686}, "sizeMB": 0.22, "format": "Not provided"}, "iphex_raingauge_NASA0026_B_20140102_20141017_gmin.txt": {"temporal": ["2014-01-02T11:00:00.000Z", "2014-10-17T14:05:00.000Z"], "wnes_geometry": {"westBoundingCoordinate": -83.114, "eastBoundingCoordinate": -83.114, "northBoundingCoordinate": 35.464, "southBoundingCoordinate": 35.464}, "sizeMB": 1.03, "format": "Not provided"}, "iphex_raingauge_NASA0026_B_20140102_20141017_gag.txt": {"temporal": ["2014-01-02T11:02:14.000Z", "2014-10-17T14:04:56.000Z"], "wnes_geometry": {"westBoundingCoordinate": -83.114, "eastBoundingCoordinate": -83.114, "northBoundingCoordinate": 35.464, "southBoundingCoordinate": 35.464}, "sizeMB": 0.33, "format": "Not provided"}, "iphex_raingauge_NASA0029_B_20140102_20141013_gmin.txt": {"temporal": ["2014-01-02T11:04:00.000Z", "2014-10-13T12:14:00.000Z"], "wnes_geometry": {"westBoundingCoordinate": -83.506, "eastBoundingCoordinate": -83.506, "northBoundingCoordinate": 35.374, "southBoundingCoordinate": 35.373}, "sizeMB": 0.68, "format": "Not provided"}, "iphex_raingauge_NASA0033_A_20140102_20141016_gmin.txt": {"temporal": ["2014-01-02T11:06:00.000Z", "2014-10-16T17:30:00.000Z"], "wnes_geometry": {"westBoundingCoordinate": -83.074, "eastBoundingCoordinate": -83.074, "northBoundingCoordinate": 35.442, "southBoundingCoordinate": 35.441}, "sizeMB": 0.85, "format": "Not provided"}, "iphex_raingauge_NASA0029_B_20140102_20141013_gag.txt": {"temporal": ["2014-01-02T11:06:16.000Z", "2014-10-13T12:12:16.000Z"], "wnes_geometry": {"westBoundingCoordinate": -83.506, "eastBoundingCoordinate": -83.506, "northBoundingCoordinate": 35.374, "southBoundingCoordinate": 35.373}, "sizeMB": 0.23, "format": "Not provided"}, "iphex_raingauge_NASA0033_A_20140102_20141016_gag.txt": {"temporal": ["2014-01-02T11:08:35.000Z", "2014-10-16T17:28:13.000Z"], "wnes_geometry": {"westBoundingCoordinate": -83.074, "eastBoundingCoordinate": -83.074, "northBoundingCoordinate": 35.442, "southBoundingCoordinate": 35.441}, "sizeMB": 0.27, "format": "Not provided"}, "iphex_raingauge_NASA0026_A_20140102_20141017_gmin.txt": {"temporal": ["2014-01-02T11:13:00.000Z", "2014-10-17T13:58:00.000Z"], "wnes_geometry": {"westBoundingCoordinate": -83.114, "eastBoundingCoordinate": -83.114, "northBoundingCoordinate": 35.464, "southBoundingCoordinate": 35.464}, "sizeMB": 0.96, "format": "Not provided"}, "iphex_raingauge_NASA0026_A_20140102_20141017_gag.txt": {"temporal": ["2014-01-02T11:15:07.000Z", "2014-10-17T13:57:00.000Z"], "wnes_geometry": {"westBoundingCoordinate": -83.114, "eastBoundingCoordinate": -83.114, "northBoundingCoordinate": 35.464, "southBoundingCoordinate": 35.464}, "sizeMB": 0.3, "format": "Not provided"}, "iphex_raingauge_NASA0041_B_20140102_20141015_gmin.txt": {"temporal": ["2014-01-02T11:27:00.000Z", "2014-10-15T16:43:00.000Z"], "wnes_geometry": {"westBoundingCoordinate": -83.501, "eastBoundingCoordinate": -83.501, "northBoundingCoordinate": 35.687, "southBoundingCoordinate": 35.686}, "sizeMB": 0.69, "format": "Not provided"}, "iphex_raingauge_NASA0041_B_20140102_20141015_gag.txt": {"temporal": ["2014-01-02T11:29:33.000Z", "2014-10-15T16:41:58.000Z"], "wnes_geometry": {"westBoundingCoordinate": -83.501, "eastBoundingCoordinate": -83.501, "northBoundingCoordinate": 35.687, "southBoundingCoordinate": 35.686}, "sizeMB": 0.23, "format": "Not provided"}, "iphex_raingauge_NASA0033_B_20140102_20141016_gmin.txt": {"temporal": ["2014-01-02T11:42:00.000Z", "2014-10-16T11:32:00.000Z"], "wnes_geometry": {"westBoundingCoordinate": -83.074, "eastBoundingCoordinate": -83.074, "northBoundingCoordinate": 35.442, "southBoundingCoordinate": 35.441}, "sizeMB": 0.86, "format": "Not provided"}, "iphex_raingauge_NASA0033_B_20140102_20141016_gag.txt": {"temporal": ["2014-01-02T11:44:42.000Z", "2014-10-16T11:30:41.000Z"], "wnes_geometry": {"westBoundingCoordinate": -83.074, "eastBoundingCoordinate": -83.074, "northBoundingCoordinate": 35.442, "southBoundingCoordinate": 35.441}, "sizeMB": 0.28, "format": "Not provided"}, "iphex_raingauge_NASA0045_B_20140102_20141016_gmin.txt": {"temporal": ["2014-01-02T12:05:00.000Z", "2014-10-16T07:59:00.000Z"], "wnes_geometry": {"westBoundingCoordinate": -82.872, "eastBoundingCoordinate": -82.872, "northBoundingCoordinate": 35.315, "southBoundingCoordinate": 35.315}, "sizeMB": 1.15, "format": "Not provided"}, "iphex_raingauge_NASA0045_A_20140102_20141016_gmin.txt": {"temporal": ["2014-01-02T12:06:00.000Z", "2014-10-16T07:36:00.000Z"], "wnes_geometry": {"westBoundingCoordinate": -82.872, "eastBoundingCoordinate": -82.872, "northBoundingCoordinate": 35.315, "southBoundingCoordinate": 35.315}, "sizeMB": 1.18, "format": "Not provided"}, "iphex_raingauge_NASA0045_B_20140102_20141016_gag.txt": {"temporal": ["2014-01-02T12:07:33.000Z", "2014-10-16T07:57:11.000Z"], "wnes_geometry": {"westBoundingCoordinate": -82.872, "eastBoundingCoordinate": -82.872, "northBoundingCoordinate": 35.315, "southBoundingCoordinate": 35.315}, "sizeMB": 0.39, "format": "Not provided"}, "iphex_raingauge_NASA0045_A_20140102_20141016_gag.txt": {"temporal": ["2014-01-02T12:08:53.000Z", "2014-10-16T07:34:00.000Z"], "wnes_geometry": {"westBoundingCoordinate": -82.872, "eastBoundingCoordinate": -82.872, "northBoundingCoordinate": 35.315, "southBoundingCoordinate": 35.315}, "sizeMB": 0.4, "format": "Not provided"}, "iphex_raingauge_NASA0039_B_20140102_20141015_gmin.txt": {"temporal": ["2014-01-02T12:16:00.000Z", "2014-10-15T04:30:00.000Z"], "wnes_geometry": {"westBoundingCoordinate": -83.215, "eastBoundingCoordinate": -83.214, "northBoundingCoordinate": 35.779, "southBoundingCoordinate": 35.778}, "sizeMB": 0.67, "format": "Not provided"}, "iphex_raingauge_NASA0039_B_20140102_20141015_gag.txt": {"temporal": ["2014-01-02T12:18:08.000Z", "2014-10-15T04:28:11.000Z"], "wnes_geometry": {"westBoundingCoordinate": -83.215, "eastBoundingCoordinate": -83.214, "northBoundingCoordinate": 35.779, "southBoundingCoordinate": 35.778}, "sizeMB": 0.24, "format": "Not provided"}, "iphex_raingauge_NASA0039_A_20140102_20141015_gmin.txt": {"temporal": ["2014-01-02T12:45:00.000Z", "2014-10-15T10:49:00.000Z"], "wnes_geometry": {"westBoundingCoordinate": -83.215, "eastBoundingCoordinate": -83.214, "northBoundingCoordinate": 35.779, "southBoundingCoordinate": 35.778}, "sizeMB": 0.67, "format": "Not provided"}, "iphex_raingauge_NASA0039_A_20140102_20141015_gag.txt": {"temporal": ["2014-01-02T12:47:21.000Z", "2014-10-15T10:47:26.000Z"], "wnes_geometry": {"westBoundingCoordinate": -83.215, "eastBoundingCoordinate": -83.214, "northBoundingCoordinate": 35.779, "southBoundingCoordinate": 35.778}, "sizeMB": 0.25, "format": "Not provided"}, "iphex_raingauge_NASA0028_B_20140102_20141013_gmin.txt": {"temporal": ["2014-01-02T13:37:00.000Z", "2014-10-13T07:47:00.000Z"], "wnes_geometry": {"westBoundingCoordinate": -83.203, "eastBoundingCoordinate": -83.202, "northBoundingCoordinate": 35.306, "southBoundingCoordinate": 35.306}, "sizeMB": 0.65, "format": "Not provided"}, "iphex_raingauge_NASA0028_A_20140102_20141013_gmin.txt": {"temporal": ["2014-01-02T13:38:00.000Z", "2014-10-13T08:04:00.000Z"], "wnes_geometry": {"westBoundingCoordinate": -83.203, "eastBoundingCoordinate": -83.202, "northBoundingCoordinate": 35.306, "southBoundingCoordinate": 35.306}, "sizeMB": 0.65, "format": "Not provided"}, "iphex_raingauge_NASA0028_B_20140102_20141013_gag.txt": {"temporal": ["2014-01-02T13:41:50.000Z", "2014-10-13T07:45:53.000Z"], "wnes_geometry": {"westBoundingCoordinate": -83.203, "eastBoundingCoordinate": -83.202, "northBoundingCoordinate": 35.306, "southBoundingCoordinate": 35.306}, "sizeMB": 0.22, "format": "Not provided"}, "iphex_raingauge_NASA0028_A_20140102_20141013_gag.txt": {"temporal": ["2014-01-02T13:42:13.000Z", "2014-10-13T07:57:04.000Z"], "wnes_geometry": {"westBoundingCoordinate": -83.203, "eastBoundingCoordinate": -83.202, "northBoundingCoordinate": 35.306, "southBoundingCoordinate": 35.306}, "sizeMB": 0.23, "format": "Not provided"}, "iphex_raingauge_NASA0042_B_20140102_20141013_gmin.txt": {"temporal": ["2014-01-02T13:49:00.000Z", "2014-10-13T08:23:00.000Z"], "wnes_geometry": {"westBoundingCoordinate": -82.966, "eastBoundingCoordinate": -82.965, "northBoundingCoordinate": 35.518, "southBoundingCoordinate": 35.518}, "sizeMB": 0.57, "format": "Not provided"}, "iphex_raingauge_NASA0042_A_20140102_20141013_gmin.txt": {"temporal": ["2014-01-02T13:50:00.000Z", "2014-10-13T08:23:00.000Z"], "wnes_geometry": {"westBoundingCoordinate": -82.966, "eastBoundingCoordinate": -82.965, "northBoundingCoordinate": 35.518, "southBoundingCoordinate": 35.518}, "sizeMB": 0.57, "format": "Not provided"}, "iphex_raingauge_NASA0042_B_20140102_20141013_gag.txt": {"temporal": ["2014-01-02T13:51:18.000Z", "2014-10-13T08:21:33.000Z"], "wnes_geometry": {"westBoundingCoordinate": -82.966, "eastBoundingCoordinate": -82.965, "northBoundingCoordinate": 35.518, "southBoundingCoordinate": 35.518}, "sizeMB": 0.17, "format": "Not provided"}, "iphex_raingauge_NASA0036_B_20140102_20141016_gmin.txt": {"temporal": ["2014-01-02T13:52:00.000Z", "2014-10-16T07:37:00.000Z"], "wnes_geometry": {"westBoundingCoordinate": -83.025, "eastBoundingCoordinate": -83.025, "northBoundingCoordinate": 35.568, "southBoundingCoordinate": 35.568}, "sizeMB": 0.67, "format": "Not provided"}, "iphex_raingauge_NASA0042_A_20140102_20141013_gag.txt": {"temporal": ["2014-01-02T13:52:58.000Z", "2014-10-13T08:21:26.000Z"], "wnes_geometry": {"westBoundingCoordinate": -82.966, "eastBoundingCoordinate": -82.965, "northBoundingCoordinate": 35.518, "southBoundingCoordinate": 35.518}, "sizeMB": 0.18, "format": "Not provided"}, "iphex_raingauge_NASA0036_A_20140102_20141016_gmin.txt": {"temporal": ["2014-01-02T13:53:00.000Z", "2014-10-16T07:35:00.000Z"], "wnes_geometry": {"westBoundingCoordinate": -83.025, "eastBoundingCoordinate": -83.025, "northBoundingCoordinate": 35.568, "southBoundingCoordinate": 35.568}, "sizeMB": 0.66, "format": "Not provided"}, "iphex_raingauge_NASA0031_B_20140102_20141013_gmin.txt": {"temporal": ["2014-01-02T13:57:00.000Z", "2014-10-13T19:41:00.000Z"], "wnes_geometry": {"westBoundingCoordinate": -82.585, "eastBoundingCoordinate": -82.584, "northBoundingCoordinate": 35.886, "southBoundingCoordinate": 35.886}, "sizeMB": 0.54, "format": "Not provided"}, "iphex_raingauge_NASA0036_B_20140102_20141016_gag.txt": {"temporal": ["2014-01-02T13:57:25.000Z", "2014-10-16T07:35:01.000Z"], "wnes_geometry": {"westBoundingCoordinate": -83.025, "eastBoundingCoordinate": -83.025, "northBoundingCoordinate": 35.568, "southBoundingCoordinate": 35.568}, "sizeMB": 0.23, "format": "Not provided"}, "iphex_raingauge_NASA0036_A_20140102_20141016_gag.txt": {"temporal": ["2014-01-02T13:58:54.000Z", "2014-10-16T07:33:57.000Z"], "wnes_geometry": {"westBoundingCoordinate": -83.025, "eastBoundingCoordinate": -83.025, "northBoundingCoordinate": 35.568, "southBoundingCoordinate": 35.568}, "sizeMB": 0.22, "format": "Not provided"}, "iphex_raingauge_NASA0031_A_20140102_20141013_gmin.txt": {"temporal": ["2014-01-02T13:59:00.000Z", "2014-10-13T19:45:00.000Z"], "wnes_geometry": {"westBoundingCoordinate": -82.585, "eastBoundingCoordinate": -82.584, "northBoundingCoordinate": 35.886, "southBoundingCoordinate": 35.886}, "sizeMB": 0.52, "format": "Not provided"}, "iphex_raingauge_NASA0031_B_20140102_20141013_gag.txt": {"temporal": ["2014-01-02T13:59:28.000Z", "2014-10-13T19:39:26.000Z"], "wnes_geometry": {"westBoundingCoordinate": -82.585, "eastBoundingCoordinate": -82.584, "northBoundingCoordinate": 35.886, "southBoundingCoordinate": 35.886}, "sizeMB": 0.19, "format": "Not provided"}, "iphex_raingauge_NASA0031_A_20140102_20141013_gag.txt": {"temporal": ["2014-01-02T14:01:17.000Z", "2014-10-13T19:44:31.000Z"], "wnes_geometry": {"westBoundingCoordinate": -82.585, "eastBoundingCoordinate": -82.584, "northBoundingCoordinate": 35.886, "southBoundingCoordinate": 35.886}, "sizeMB": 0.18, "format": "Not provided"}, "iphex_raingauge_NASA0043_A_20140102_20141016_gmin.txt": {"temporal": ["2014-01-02T14:21:00.000Z", "2014-10-16T06:50:00.000Z"], "wnes_geometry": {"westBoundingCoordinate": -82.871, "eastBoundingCoordinate": -82.871, "northBoundingCoordinate": 35.084, "southBoundingCoordinate": 35.083}, "sizeMB": 0.8, "format": "Not provided"}, "iphex_raingauge_NASA0043_B_20140102_20141016_gmin.txt": {"temporal": ["2014-01-02T14:22:00.000Z", "2014-10-16T07:02:00.000Z"], "wnes_geometry": {"westBoundingCoordinate": -82.871, "eastBoundingCoordinate": -82.871, "northBoundingCoordinate": 35.084, "southBoundingCoordinate": 35.083}, "sizeMB": 0.82, "format": "Not provided"}, "iphex_raingauge_NASA0043_A_20140102_20141016_gag.txt": {"temporal": ["2014-01-02T14:26:07.000Z", "2014-10-16T06:47:52.000Z"], "wnes_geometry": {"westBoundingCoordinate": -82.871, "eastBoundingCoordinate": -82.871, "northBoundingCoordinate": 35.084, "southBoundingCoordinate": 35.083}, "sizeMB": 0.28, "format": "Not provided"}, "iphex_raingauge_NASA0043_B_20140102_20141016_gag.txt": {"temporal": ["2014-01-02T14:27:03.000Z", "2014-10-16T06:55:00.000Z"], "wnes_geometry": {"westBoundingCoordinate": -82.871, "eastBoundingCoordinate": -82.871, "northBoundingCoordinate": 35.084, "southBoundingCoordinate": 35.083}, "sizeMB": 0.28, "format": "Not provided"}, "iphex_raingauge_NASA0037_B_20140102_20141014_gmin.txt": {"temporal": ["2014-01-02T14:34:00.000Z", "2014-10-14T12:33:00.000Z"], "wnes_geometry": {"westBoundingCoordinate": -82.847, "eastBoundingCoordinate": -82.847, "northBoundingCoordinate": 35.614, "southBoundingCoordinate": 35.614}, "sizeMB": 0.56, "format": "Not provided"}, "iphex_raingauge_NASA0044_B_20140102_20141016_gmin.txt": {"temporal": ["2014-01-02T14:34:00.000Z", "2014-10-16T04:20:00.000Z"], "wnes_geometry": {"westBoundingCoordinate": -82.873, "eastBoundingCoordinate": -82.873, "northBoundingCoordinate": 35.195, "southBoundingCoordinate": 35.195}, "sizeMB": 0.83, "format": "Not provided"}, "iphex_raingauge_NASA0044_B_20140102_20141016_gag.txt": {"temporal": ["2014-01-02T14:36:40.000Z", "2014-10-16T04:18:50.000Z"], "wnes_geometry": {"westBoundingCoordinate": -82.873, "eastBoundingCoordinate": -82.873, "northBoundingCoordinate": 35.195, "southBoundingCoordinate": 35.195}, "sizeMB": 0.29, "format": "Not provided"}, "iphex_raingauge_NASA0037_B_20140102_20141014_gag.txt": {"temporal": ["2014-01-02T14:36:52.000Z", "2014-10-14T12:28:06.000Z"], "wnes_geometry": {"westBoundingCoordinate": -82.847, "eastBoundingCoordinate": -82.847, "northBoundingCoordinate": 35.614, "southBoundingCoordinate": 35.614}, "sizeMB": 0.17, "format": "Not provided"}, "iphex_raingauge_NASA0027_B_20140102_20141014_gmin.txt": {"temporal": ["2014-01-02T14:37:00.000Z", "2014-10-14T11:47:00.000Z"], "wnes_geometry": {"westBoundingCoordinate": -82.773, "eastBoundingCoordinate": -82.772, "northBoundingCoordinate": 35.578, "southBoundingCoordinate": 35.577}, "sizeMB": 0.58, "format": "Not provided"}, "iphex_raingauge_NASA0044_A_20140102_20141016_gmin.txt": {"temporal": ["2014-01-02T14:37:00.000Z", "2014-10-16T06:23:00.000Z"], "wnes_geometry": {"westBoundingCoordinate": -82.873, "eastBoundingCoordinate": -82.873, "northBoundingCoordinate": 35.195, "southBoundingCoordinate": 35.195}, "sizeMB": 0.83, "format": "Not provided"}, "iphex_raingauge_NASA0037_A_20140102_20141014_gmin.txt": {"temporal": ["2014-01-02T14:39:00.000Z", "2014-10-14T12:32:00.000Z"], "wnes_geometry": {"westBoundingCoordinate": -82.847, "eastBoundingCoordinate": -82.847, "northBoundingCoordinate": 35.614, "southBoundingCoordinate": 35.614}, "sizeMB": 0.52, "format": "Not provided"}, "iphex_raingauge_NASA0044_A_20140102_20141016_gag.txt": {"temporal": ["2014-01-02T14:39:22.000Z", "2014-10-16T06:21:23.000Z"], "wnes_geometry": {"westBoundingCoordinate": -82.873, "eastBoundingCoordinate": -82.873, "northBoundingCoordinate": 35.195, "southBoundingCoordinate": 35.195}, "sizeMB": 0.29, "format": "Not provided"}, "iphex_raingauge_NASA0027_B_20140102_20141014_gag.txt": {"temporal": ["2014-01-02T14:39:51.000Z", "2014-10-14T11:40:41.000Z"], "wnes_geometry": {"westBoundingCoordinate": -82.773, "eastBoundingCoordinate": -82.772, "northBoundingCoordinate": 35.578, "southBoundingCoordinate": 35.577}, "sizeMB": 0.18, "format": "Not provided"}, "iphex_raingauge_NASA0037_A_20140102_20141014_gag.txt": {"temporal": ["2014-01-02T14:41:14.000Z", "2014-10-14T12:28:55.000Z"], "wnes_geometry": {"westBoundingCoordinate": -82.847, "eastBoundingCoordinate": -82.847, "northBoundingCoordinate": 35.614, "southBoundingCoordinate": 35.614}, "sizeMB": 0.17, "format": "Not provided"}, "iphex_raingauge_NASA0027_A_20140102_20141014_gmin.txt": {"temporal": ["2014-01-02T14:43:00.000Z", "2014-10-14T11:46:00.000Z"], "wnes_geometry": {"westBoundingCoordinate": -82.773, "eastBoundingCoordinate": -82.772, "northBoundingCoordinate": 35.578, "southBoundingCoordinate": 35.577}, "sizeMB": 0.58, "format": "Not provided"}, "iphex_raingauge_NASA0027_A_20140102_20141014_gag.txt": {"temporal": ["2014-01-02T14:45:25.000Z", "2014-10-14T11:41:13.000Z"], "wnes_geometry": {"westBoundingCoordinate": -82.773, "eastBoundingCoordinate": -82.772, "northBoundingCoordinate": 35.578, "southBoundingCoordinate": 35.577}, "sizeMB": 0.18, "format": "Not provided"}, "iphex_raingauge_NASA0030_A_20140102_20141030_gmin.txt": {"temporal": ["2014-01-02T15:48:00.000Z", "2014-10-30T15:03:00.000Z"], "wnes_geometry": {"westBoundingCoordinate": -82.661, "eastBoundingCoordinate": -82.66, "northBoundingCoordinate": 35.805, "southBoundingCoordinate": 35.804}, "sizeMB": 0.45, "format": "Not provided"}, "iphex_raingauge_NASA0030_B_20140102_20141030_gmin.txt": {"temporal": ["2014-01-02T15:50:00.000Z", "2014-10-30T15:06:00.000Z"], "wnes_geometry": {"westBoundingCoordinate": -82.661, "eastBoundingCoordinate": -82.66, "northBoundingCoordinate": 35.805, "southBoundingCoordinate": 35.804}, "sizeMB": 0.43, "format": "Not provided"}, "iphex_raingauge_NASA0030_A_20140102_20141030_gag.txt": {"temporal": ["2014-01-02T15:50:20.000Z", "2014-10-30T15:58:45.000Z"], "wnes_geometry": {"westBoundingCoordinate": -82.661, "eastBoundingCoordinate": -82.66, "northBoundingCoordinate": 35.805, "southBoundingCoordinate": 35.804}, "sizeMB": 0.12, "format": "Not provided"}, "iphex_raingauge_NASA0035_B_20140102_20140810_gmin.txt": {"temporal": ["2014-01-02T15:52:00.000Z", "2014-08-10T02:25:00.000Z"], "wnes_geometry": {"westBoundingCoordinate": -82.565, "eastBoundingCoordinate": -82.565, "northBoundingCoordinate": 35.616, "southBoundingCoordinate": 35.616}, "sizeMB": 0.42, "format": "Not provided"}, "iphex_raingauge_NASA0030_B_20140102_20141030_gag.txt": {"temporal": ["2014-01-02T15:52:43.000Z", "2014-10-30T15:56:30.000Z"], "wnes_geometry": {"westBoundingCoordinate": -82.661, "eastBoundingCoordinate": -82.66, "northBoundingCoordinate": 35.805, "southBoundingCoordinate": 35.804}, "sizeMB": 0.12, "format": "Not provided"}, "iphex_raingauge_NASA0035_B_20140102_20140810_gag.txt": {"temporal": ["2014-01-02T15:54:48.000Z", "2014-08-10T02:21:00.000Z"], "wnes_geometry": {"westBoundingCoordinate": -82.565, "eastBoundingCoordinate": -82.565, "northBoundingCoordinate": 35.616, "southBoundingCoordinate": 35.616}, "sizeMB": 0.12, "format": "Not provided"}, "iphex_raingauge_NASA0035_A_20140102_20140810_gmin.txt": {"temporal": ["2014-01-02T15:57:00.000Z", "2014-08-10T02:44:00.000Z"], "wnes_geometry": {"westBoundingCoordinate": -82.565, "eastBoundingCoordinate": -82.565, "northBoundingCoordinate": 35.616, "southBoundingCoordinate": 35.616}, "sizeMB": 0.42, "format": "Not provided"}, "iphex_raingauge_NASA0035_A_20140102_20140810_gag.txt": {"temporal": ["2014-01-02T15:59:59.000Z", "2014-08-10T02:42:23.000Z"], "wnes_geometry": {"westBoundingCoordinate": -82.565, "eastBoundingCoordinate": -82.565, "northBoundingCoordinate": 35.616, "southBoundingCoordinate": 35.616}, "sizeMB": 0.13, "format": "Not provided"}, "iphex_raingauge_NASA0040_A_20140104_20141015_gmin.txt": {"temporal": ["2014-01-04T19:05:00.000Z", "2014-10-15T15:50:00.000Z"], "wnes_geometry": {"westBoundingCoordinate": -83.591, "eastBoundingCoordinate": -83.59, "northBoundingCoordinate": 35.665, "southBoundingCoordinate": 35.664}, "sizeMB": 0.67, "format": "Not provided"}, "iphex_raingauge_NASA0040_A_20140104_20141015_gag.txt": {"temporal": ["2014-01-04T19:07:26.000Z", "2014-10-15T15:49:28.000Z"], "wnes_geometry": {"westBoundingCoordinate": -83.591, "eastBoundingCoordinate": -83.59, "northBoundingCoordinate": 35.665, "southBoundingCoordinate": 35.664}, "sizeMB": 0.24, "format": "Not provided"}, "iphex_raingauge_NASA0032_A_20140106_20141015_gmin.txt": {"temporal": ["2014-01-06T02:36:00.000Z", "2014-10-15T20:25:00.000Z"], "wnes_geometry": {"westBoundingCoordinate": -83.117, "eastBoundingCoordinate": -83.117, "northBoundingCoordinate": 35.621, "southBoundingCoordinate": 35.62}, "sizeMB": 0.55, "format": "Not provided"}, "iphex_raingauge_NASA0032_A_20140106_20141015_gag.txt": {"temporal": ["2014-01-06T02:38:12.000Z", "2014-10-15T20:24:08.000Z"], "wnes_geometry": {"westBoundingCoordinate": -83.117, "eastBoundingCoordinate": -83.117, "northBoundingCoordinate": 35.621, "southBoundingCoordinate": 35.62}, "sizeMB": 0.18, "format": "Not provided"}, "iphex_raingauge_NASA0032_B_20140106_20141015_gmin.txt": {"temporal": ["2014-01-06T02:40:00.000Z", "2014-10-15T20:25:00.000Z"], "wnes_geometry": {"westBoundingCoordinate": -83.117, "eastBoundingCoordinate": -83.117, "northBoundingCoordinate": 35.621, "southBoundingCoordinate": 35.62}, "sizeMB": 0.66, "format": "Not provided"}, "iphex_raingauge_NASA0032_B_20140106_20141015_gag.txt": {"temporal": ["2014-01-06T02:42:11.000Z", "2014-10-15T20:24:55.000Z"], "wnes_geometry": {"westBoundingCoordinate": -83.117, "eastBoundingCoordinate": -83.117, "northBoundingCoordinate": 35.621, "southBoundingCoordinate": 35.62}, "sizeMB": 0.21, "format": "Not provided"}, "iphex_raingauge_NASA0034_A_20140110_20141015_gmin.txt": {"temporal": ["2014-01-10T17:31:00.000Z", "2014-10-15T02:05:00.000Z"], "wnes_geometry": {"westBoundingCoordinate": -83.498, "eastBoundingCoordinate": -83.497, "northBoundingCoordinate": 35.562, "southBoundingCoordinate": 35.562}, "sizeMB": 0.94, "format": "Not provided"}, "iphex_raingauge_NASA0034_B_20140110_20141015_gmin.txt": {"temporal": ["2014-01-10T17:32:00.000Z", "2014-10-15T05:18:00.000Z"], "wnes_geometry": {"westBoundingCoordinate": -83.498, "eastBoundingCoordinate": -83.497, "northBoundingCoordinate": 35.562, "southBoundingCoordinate": 35.562}, "sizeMB": 0.94, "format": "Not provided"}, "iphex_raingauge_NASA0034_A_20140110_20141015_gag.txt": {"temporal": ["2014-01-10T17:33:45.000Z", "2014-10-15T02:03:20.000Z"], "wnes_geometry": {"westBoundingCoordinate": -83.498, "eastBoundingCoordinate": -83.497, "northBoundingCoordinate": 35.562, "southBoundingCoordinate": 35.562}, "sizeMB": 0.35, "format": "Not provided"}, "iphex_raingauge_NASA0034_B_20140110_20141015_gag.txt": {"temporal": ["2014-01-10T17:35:54.000Z", "2014-10-15T05:16:29.000Z"], "wnes_geometry": {"westBoundingCoordinate": -83.498, "eastBoundingCoordinate": -83.497, "northBoundingCoordinate": 35.562, "southBoundingCoordinate": 35.562}, "sizeMB": 0.34, "format": "Not provided"}, "iphex_raingauge_NASA0040_B_20140115_20141015_gmin.txt": {"temporal": ["2014-01-15T11:12:00.000Z", "2014-10-15T15:51:00.000Z"], "wnes_geometry": {"westBoundingCoordinate": -83.591, "eastBoundingCoordinate": -83.59, "northBoundingCoordinate": 35.665, "southBoundingCoordinate": 35.664}, "sizeMB": 0.67, "format": "Not provided"}, "iphex_raingauge_NASA0040_B_20140115_20141015_gag.txt": {"temporal": ["2014-01-15T11:14:45.000Z", "2014-10-15T15:51:44.000Z"], "wnes_geometry": {"westBoundingCoordinate": -83.591, "eastBoundingCoordinate": -83.59, "northBoundingCoordinate": 35.665, "southBoundingCoordinate": 35.664}, "sizeMB": 0.23, "format": "Not provided"}, "iphex_raingauge_NASA0038_A_20140305_20141016_gmin.txt": {"temporal": ["2014-03-05T18:35:00.000Z", "2014-10-16T16:47:00.000Z"], "wnes_geometry": {"westBoundingCoordinate": -82.757, "eastBoundingCoordinate": -82.757, "northBoundingCoordinate": 35.426, "southBoundingCoordinate": 35.426}, "sizeMB": 0.65, "format": "Not provided"}, "iphex_raingauge_NASA0038_A_20140305_20141016_gag.txt": {"temporal": ["2014-03-05T18:37:58.000Z", "2014-10-16T16:46:15.000Z"], "wnes_geometry": {"westBoundingCoordinate": -82.757, "eastBoundingCoordinate": -82.757, "northBoundingCoordinate": 35.426, "southBoundingCoordinate": 35.426}, "sizeMB": 0.23, "format": "Not provided"}, "iphex_raingauge_NASA0038_B_20140327_20141016_gmin.txt": {"temporal": ["2014-03-27T16:26:00.000Z", "2014-10-16T16:48:00.000Z"], "wnes_geometry": {"westBoundingCoordinate": -82.757, "eastBoundingCoordinate": -82.757, "northBoundingCoordinate": 35.426, "southBoundingCoordinate": 35.426}, "sizeMB": 0.59, "format": "Not provided"}, "iphex_raingauge_NASA0038_B_20140327_20141016_gag.txt": {"temporal": ["2014-03-27T16:28:07.000Z", "2014-10-16T16:47:29.000Z"], "wnes_geometry": {"westBoundingCoordinate": -82.757, "eastBoundingCoordinate": -82.757, "northBoundingCoordinate": 35.426, "southBoundingCoordinate": 35.426}, "sizeMB": 0.23, "format": "Not provided"}}