{"iphex_radiosonde_20140429_iop01_001_001_LOG.txt": {"temporal": ["2014-04-29T23:58:00.000Z", "2014-04-30T01:06:04.000Z"], "wnes_geometry": {"westBoundingCoordinate": -82.572, "eastBoundingCoordinate": -81.588, "northBoundingCoordinate": 36.193, "southBoundingCoordinate": 35.62}, "sizeMB": 0.6, "format": "ASCII"}, "iphex_radiosonde_20140429_iop01_snd01.txt": {"temporal": ["2014-04-29T23:58:00.000Z", "2014-04-30T01:06:04.000Z"], "wnes_geometry": {"westBoundingCoordinate": -82.572, "eastBoundingCoordinate": -81.588, "northBoundingCoordinate": 36.193, "southBoundingCoordinate": 35.62}, "sizeMB": 0.6, "format": "ASCII"}, "iphex_radiosonde_20140429_iop01_001_001_STD.txt": {"temporal": ["2014-04-29T23:58:00.000Z", "2014-04-30T01:06:04.000Z"], "wnes_geometry": {"westBoundingCoordinate": -82.572, "eastBoundingCoordinate": -81.588, "northBoundingCoordinate": 36.193, "southBoundingCoordinate": 35.62}, "sizeMB": 0, "format": "ASCII"}, "iphex_radiosonde_20140430_iop01_001_002_LOG.txt": {"temporal": ["2014-04-30T02:59:00.000Z", "2014-04-30T03:36:21.000Z"], "wnes_geometry": {"westBoundingCoordinate": -82.572, "eastBoundingCoordinate": -82.112, "northBoundingCoordinate": 36.049, "southBoundingCoordinate": 35.62}, "sizeMB": 0.3, "format": "ASCII"}, "iphex_radiosonde_20140430_iop01_snd02.txt": {"temporal": ["2014-04-30T02:59:00.000Z", "2014-04-30T03:36:21.000Z"], "wnes_geometry": {"westBoundingCoordinate": -82.572, "eastBoundingCoordinate": -82.112, "northBoundingCoordinate": 36.049, "southBoundingCoordinate": 35.62}, "sizeMB": 0.31, "format": "ASCII"}, "iphex_radiosonde_20140430_iop01_001_002_STD.txt": {"temporal": ["2014-04-30T02:59:00.000Z", "2014-04-30T03:36:21.000Z"], "wnes_geometry": {"westBoundingCoordinate": -82.572, "eastBoundingCoordinate": -82.112, "northBoundingCoordinate": 36.049, "southBoundingCoordinate": 35.62}, "sizeMB": 0, "format": "ASCII"}, "iphex_radiosonde_20140430_iop01_snd03.txt": {"temporal": ["2014-04-30T05:58:00.000Z", "2014-04-30T07:09:49.000Z"], "wnes_geometry": {"westBoundingCoordinate": -82.571, "eastBoundingCoordinate": -82.184, "northBoundingCoordinate": 35.986, "southBoundingCoordinate": 35.62}, "sizeMB": 0.3, "format": "ASCII"}, "iphex_radiosonde_20140430_iop01_001_003_STD.txt": {"temporal": ["2014-04-30T05:58:00.000Z", "2014-04-30T07:09:49.000Z"], "wnes_geometry": {"westBoundingCoordinate": -82.571, "eastBoundingCoordinate": -82.184, "northBoundingCoordinate": 35.986, "southBoundingCoordinate": 35.62}, "sizeMB": 0, "format": "ASCII"}, "iphex_radiosonde_20140430_iop01_001_003_LOG.txt": {"temporal": ["2014-04-30T05:58:00.000Z", "2014-04-30T07:09:49.000Z"], "wnes_geometry": {"westBoundingCoordinate": -82.571, "eastBoundingCoordinate": -82.184, "northBoundingCoordinate": 35.986, "southBoundingCoordinate": 35.62}, "sizeMB": 0.3, "format": "ASCII"}, "iphex_radiosonde_20140504_csop1_101_001_STD.txt": {"temporal": ["2014-05-04T16:01:00.000Z", "2014-05-04T17:26:33.000Z"], "wnes_geometry": {"westBoundingCoordinate": -82.567, "eastBoundingCoordinate": -81.55, "northBoundingCoordinate": 35.62, "southBoundingCoordinate": 35.253}, "sizeMB": 0, "format": "ASCII"}, "iphex_radiosonde_20140504_csop1_snd01.txt": {"temporal": ["2014-05-04T16:01:00.000Z", "2014-05-04T17:26:33.000Z"], "wnes_geometry": {"westBoundingCoordinate": -82.567, "eastBoundingCoordinate": -81.55, "northBoundingCoordinate": 35.62, "southBoundingCoordinate": 35.253}, "sizeMB": 0.71, "format": "ASCII"}, "iphex_radiosonde_20140504_csop1_101_001_SIG.txt": {"temporal": ["2014-05-04T16:01:00.000Z", "2014-05-04T17:26:33.000Z"], "wnes_geometry": {"westBoundingCoordinate": -82.567, "eastBoundingCoordinate": -81.55, "northBoundingCoordinate": 35.62, "southBoundingCoordinate": 35.253}, "sizeMB": 0.01, "format": "ASCII"}, "iphex_radiosonde_20140504_csop1_101_001_LOG.txt": {"temporal": ["2014-05-04T16:01:00.000Z", "2014-05-04T17:26:33.000Z"], "wnes_geometry": {"westBoundingCoordinate": -82.567, "eastBoundingCoordinate": -81.55, "northBoundingCoordinate": 35.62, "southBoundingCoordinate": 35.253}, "sizeMB": 0.7, "format": "ASCII"}, "iphex_radiosonde_20140505_csop2_102_001_LOG.txt": {"temporal": ["2014-05-05T15:01:00.000Z", "2014-05-05T16:23:58.000Z"], "wnes_geometry": {"westBoundingCoordinate": -82.567, "eastBoundingCoordinate": -81.694, "northBoundingCoordinate": 35.62, "southBoundingCoordinate": 35.247}, "sizeMB": 0.69, "format": "ASCII"}, "iphex_radiosonde_20140505_csop2_102_001_SIG.txt": {"temporal": ["2014-05-05T15:01:00.000Z", "2014-05-05T16:23:58.000Z"], "wnes_geometry": {"westBoundingCoordinate": -82.567, "eastBoundingCoordinate": -81.694, "northBoundingCoordinate": 35.62, "southBoundingCoordinate": 35.247}, "sizeMB": 0.01, "format": "ASCII"}, "iphex_radiosonde_20140505_csop2_snd01.txt": {"temporal": ["2014-05-05T15:01:00.000Z", "2014-05-05T16:23:58.000Z"], "wnes_geometry": {"westBoundingCoordinate": -82.567, "eastBoundingCoordinate": -81.694, "northBoundingCoordinate": 35.62, "southBoundingCoordinate": 35.247}, "sizeMB": 0.7, "format": "ASCII"}, "iphex_radiosonde_20140505_csop2_102_001_STD.txt": {"temporal": ["2014-05-05T15:01:00.000Z", "2014-05-05T16:23:58.000Z"], "wnes_geometry": {"westBoundingCoordinate": -82.567, "eastBoundingCoordinate": -81.694, "northBoundingCoordinate": 35.62, "southBoundingCoordinate": 35.247}, "sizeMB": 0, "format": "ASCII"}, "iphex_radiosonde_20140509_iop02_snd01.txt": {"temporal": ["2014-05-09T17:59:00.000Z", "2014-05-09T19:22:46.000Z"], "wnes_geometry": {"westBoundingCoordinate": -82.568, "eastBoundingCoordinate": -81.597, "northBoundingCoordinate": 35.804, "southBoundingCoordinate": 35.62}, "sizeMB": 0.7, "format": "ASCII"}, "iphex_radiosonde_20140509_iop02_002_001_SIG.txt": {"temporal": ["2014-05-09T17:59:00.000Z", "2014-05-09T19:22:46.000Z"], "wnes_geometry": {"westBoundingCoordinate": -82.568, "eastBoundingCoordinate": -81.597, "northBoundingCoordinate": 35.804, "southBoundingCoordinate": 35.62}, "sizeMB": 0.01, "format": "ASCII"}, "iphex_radiosonde_20140509_iop02_002_001_STD.txt": {"temporal": ["2014-05-09T17:59:00.000Z", "2014-05-09T19:22:46.000Z"], "wnes_geometry": {"westBoundingCoordinate": -82.568, "eastBoundingCoordinate": -81.597, "northBoundingCoordinate": 35.804, "southBoundingCoordinate": 35.62}, "sizeMB": 0, "format": "ASCII"}, "iphex_radiosonde_20140509_iop02_002_001_LOG.txt": {"temporal": ["2014-05-09T17:59:00.000Z", "2014-05-09T19:22:46.000Z"], "wnes_geometry": {"westBoundingCoordinate": -82.568, "eastBoundingCoordinate": -81.597, "northBoundingCoordinate": 35.804, "southBoundingCoordinate": 35.62}, "sizeMB": 0.7, "format": "ASCII"}, "iphex_radiosonde_20140510_iop03_003_001_STD.txt": {"temporal": ["2014-05-10T15:59:00.000Z", "2014-05-10T17:23:12.000Z"], "wnes_geometry": {"westBoundingCoordinate": -82.569, "eastBoundingCoordinate": -81.512, "northBoundingCoordinate": 36.029, "southBoundingCoordinate": 35.62}, "sizeMB": 0, "format": "ASCII"}, "iphex_radiosonde_20140510_iop03_snd01.txt": {"temporal": ["2014-05-10T15:59:00.000Z", "2014-05-10T17:23:12.000Z"], "wnes_geometry": {"westBoundingCoordinate": -82.569, "eastBoundingCoordinate": -81.512, "northBoundingCoordinate": 36.029, "southBoundingCoordinate": 35.62}, "sizeMB": 0.7, "format": "ASCII"}, "iphex_radiosonde_20140510_iop03_003_001_SIG.txt": {"temporal": ["2014-05-10T15:59:00.000Z", "2014-05-10T17:23:12.000Z"], "wnes_geometry": {"westBoundingCoordinate": -82.569, "eastBoundingCoordinate": -81.512, "northBoundingCoordinate": 36.029, "southBoundingCoordinate": 35.62}, "sizeMB": 0.01, "format": "ASCII"}, "iphex_radiosonde_20140510_iop03_003_001_LOG.txt": {"temporal": ["2014-05-10T15:59:00.000Z", "2014-05-10T17:23:12.000Z"], "wnes_geometry": {"westBoundingCoordinate": -82.569, "eastBoundingCoordinate": -81.512, "northBoundingCoordinate": 36.029, "southBoundingCoordinate": 35.62}, "sizeMB": 0.7, "format": "ASCII"}, "iphex_radiosonde_20140515_iop04_004_001_STD.txt": {"temporal": ["2014-05-15T11:58:00.000Z", "2014-05-15T13:01:11.000Z"], "wnes_geometry": {"westBoundingCoordinate": -82.57, "eastBoundingCoordinate": -82.222, "northBoundingCoordinate": 36.468, "southBoundingCoordinate": 35.62}, "sizeMB": 0, "format": "ASCII"}, "iphex_radiosonde_20140515_iop04_004_001_LOG.txt": {"temporal": ["2014-05-15T11:58:00.000Z", "2014-05-15T13:01:11.000Z"], "wnes_geometry": {"westBoundingCoordinate": -82.57, "eastBoundingCoordinate": -82.222, "northBoundingCoordinate": 36.468, "southBoundingCoordinate": 35.62}, "sizeMB": 0.52, "format": "ASCII"}, "iphex_radiosonde_20140515_iop04_004_001_SIG.txt": {"temporal": ["2014-05-15T11:58:00.000Z", "2014-05-15T13:01:11.000Z"], "wnes_geometry": {"westBoundingCoordinate": -82.57, "eastBoundingCoordinate": -82.222, "northBoundingCoordinate": 36.468, "southBoundingCoordinate": 35.62}, "sizeMB": 0, "format": "ASCII"}, "iphex_radiosonde_20140515_iop04_snd01.txt": {"temporal": ["2014-05-15T11:58:00.000Z", "2014-05-15T13:01:11.000Z"], "wnes_geometry": {"westBoundingCoordinate": -82.57, "eastBoundingCoordinate": -82.222, "northBoundingCoordinate": 36.468, "southBoundingCoordinate": 35.62}, "sizeMB": 0.52, "format": "ASCII"}, "iphex_radiosonde_20140515_iop04_004_002_LOG.txt": {"temporal": ["2014-05-15T14:57:00.000Z", "2014-05-15T16:07:17.000Z"], "wnes_geometry": {"westBoundingCoordinate": -82.576, "eastBoundingCoordinate": -82.225, "northBoundingCoordinate": 36.427, "southBoundingCoordinate": 35.62}, "sizeMB": 0.57, "format": "ASCII"}, "iphex_radiosonde_20140515_iop04_004_002_STD.txt": {"temporal": ["2014-05-15T14:57:00.000Z", "2014-05-15T16:07:17.000Z"], "wnes_geometry": {"westBoundingCoordinate": -82.576, "eastBoundingCoordinate": -82.225, "northBoundingCoordinate": 36.427, "southBoundingCoordinate": 35.62}, "sizeMB": 0, "format": "ASCII"}, "iphex_radiosonde_20140515_iop04_snd02.txt": {"temporal": ["2014-05-15T14:57:00.000Z", "2014-05-15T16:07:17.000Z"], "wnes_geometry": {"westBoundingCoordinate": -82.576, "eastBoundingCoordinate": -82.225, "northBoundingCoordinate": 36.427, "southBoundingCoordinate": 35.62}, "sizeMB": 0.58, "format": "ASCII"}, "iphex_radiosonde_20140515_iop04_004_002_SIG.txt": {"temporal": ["2014-05-15T14:57:00.000Z", "2014-05-15T16:07:17.000Z"], "wnes_geometry": {"westBoundingCoordinate": -82.576, "eastBoundingCoordinate": -82.225, "northBoundingCoordinate": 36.427, "southBoundingCoordinate": 35.62}, "sizeMB": 0, "format": "ASCII"}, "iphex_radiosonde_20140515_iop04_004_003_STD.txt": {"temporal": ["2014-05-15T17:58:00.000Z", "2014-05-15T18:58:52.000Z"], "wnes_geometry": {"westBoundingCoordinate": -82.569, "eastBoundingCoordinate": -82.287, "northBoundingCoordinate": 36.511, "southBoundingCoordinate": 35.62}, "sizeMB": 0, "format": "ASCII"}, "iphex_radiosonde_20140515_iop04_004_003_LOG.txt": {"temporal": ["2014-05-15T17:58:00.000Z", "2014-05-15T18:58:52.000Z"], "wnes_geometry": {"westBoundingCoordinate": -82.569, "eastBoundingCoordinate": -82.287, "northBoundingCoordinate": 36.511, "southBoundingCoordinate": 35.62}, "sizeMB": 0.5, "format": "ASCII"}, "iphex_radiosonde_20140515_iop04_004_003_SIG.txt": {"temporal": ["2014-05-15T17:58:00.000Z", "2014-05-15T18:58:52.000Z"], "wnes_geometry": {"westBoundingCoordinate": -82.569, "eastBoundingCoordinate": -82.287, "northBoundingCoordinate": 36.511, "southBoundingCoordinate": 35.62}, "sizeMB": 0, "format": "ASCII"}, "iphex_radiosonde_20140515_iop04_snd03.txt": {"temporal": ["2014-05-15T17:58:00.000Z", "2014-05-15T18:58:52.000Z"], "wnes_geometry": {"westBoundingCoordinate": -82.569, "eastBoundingCoordinate": -82.287, "northBoundingCoordinate": 36.511, "southBoundingCoordinate": 35.62}, "sizeMB": 0.5, "format": "ASCII"}, "iphex_radiosonde_20140518_iop05_005_001_STD.txt": {"temporal": ["2014-05-18T12:00:00.000Z", "2014-05-18T13:22:40.000Z"], "wnes_geometry": {"westBoundingCoordinate": -82.569, "eastBoundingCoordinate": -81.455, "northBoundingCoordinate": 35.677, "southBoundingCoordinate": 35.603}, "sizeMB": 0, "format": "ASCII"}, "iphex_radiosonde_20140518_iop05_005_001_SIG.txt": {"temporal": ["2014-05-18T12:00:00.000Z", "2014-05-18T13:22:40.000Z"], "wnes_geometry": {"westBoundingCoordinate": -82.569, "eastBoundingCoordinate": -81.455, "northBoundingCoordinate": 35.677, "southBoundingCoordinate": 35.603}, "sizeMB": 0.01, "format": "ASCII"}, "iphex_radiosonde_20140518_iop05_snd01.txt": {"temporal": ["2014-05-18T12:00:00.000Z", "2014-05-18T13:22:40.000Z"], "wnes_geometry": {"westBoundingCoordinate": -82.569, "eastBoundingCoordinate": -81.455, "northBoundingCoordinate": 35.677, "southBoundingCoordinate": 35.603}, "sizeMB": 0.72, "format": "ASCII"}, "iphex_radiosonde_20140518_iop05_005_001_LOG.txt": {"temporal": ["2014-05-18T12:00:00.000Z", "2014-05-18T13:22:40.000Z"], "wnes_geometry": {"westBoundingCoordinate": -82.569, "eastBoundingCoordinate": -81.455, "northBoundingCoordinate": 35.677, "southBoundingCoordinate": 35.603}, "sizeMB": 0.72, "format": "ASCII"}, "iphex_radiosonde_20140518_iop05_005_002_SIG.txt": {"temporal": ["2014-05-18T17:59:00.000Z", "2014-05-18T19:21:44.000Z"], "wnes_geometry": {"westBoundingCoordinate": -82.57, "eastBoundingCoordinate": -81.615, "northBoundingCoordinate": 35.622, "southBoundingCoordinate": 35.579}, "sizeMB": 0.01, "format": "ASCII"}, "iphex_radiosonde_20140518_iop05_005_002_STD.txt": {"temporal": ["2014-05-18T17:59:00.000Z", "2014-05-18T19:21:44.000Z"], "wnes_geometry": {"westBoundingCoordinate": -82.57, "eastBoundingCoordinate": -81.615, "northBoundingCoordinate": 35.622, "southBoundingCoordinate": 35.579}, "sizeMB": 0, "format": "ASCII"}, "iphex_radiosonde_20140518_iop05_005_002_LOG.txt": {"temporal": ["2014-05-18T17:59:00.000Z", "2014-05-18T19:21:44.000Z"], "wnes_geometry": {"westBoundingCoordinate": -82.57, "eastBoundingCoordinate": -81.615, "northBoundingCoordinate": 35.622, "southBoundingCoordinate": 35.579}, "sizeMB": 0.69, "format": "ASCII"}, "iphex_radiosonde_20140518_iop05_snd02.txt": {"temporal": ["2014-05-18T17:59:00.000Z", "2014-05-18T19:21:44.000Z"], "wnes_geometry": {"westBoundingCoordinate": -82.57, "eastBoundingCoordinate": -81.615, "northBoundingCoordinate": 35.622, "southBoundingCoordinate": 35.579}, "sizeMB": 0.7, "format": "ASCII"}, "iphex_radiosonde_20140522_iop06_006_001_SIG.txt": {"temporal": ["2014-05-22T20:01:00.000Z", "2014-05-22T21:32:58.000Z"], "wnes_geometry": {"westBoundingCoordinate": -82.567, "eastBoundingCoordinate": -81.998, "northBoundingCoordinate": 35.62, "southBoundingCoordinate": 35.185}, "sizeMB": 0.01, "format": "ASCII"}, "iphex_radiosonde_20140522_iop06_006_001_LOG.txt": {"temporal": ["2014-05-22T20:01:00.000Z", "2014-05-22T21:32:58.000Z"], "wnes_geometry": {"westBoundingCoordinate": -82.567, "eastBoundingCoordinate": -81.998, "northBoundingCoordinate": 35.62, "southBoundingCoordinate": 35.185}, "sizeMB": 0.76, "format": "ASCII"}, "iphex_radiosonde_20140522_iop06_snd01.txt": {"temporal": ["2014-05-22T20:01:00.000Z", "2014-05-22T21:32:58.000Z"], "wnes_geometry": {"westBoundingCoordinate": -82.567, "eastBoundingCoordinate": -81.998, "northBoundingCoordinate": 35.62, "southBoundingCoordinate": 35.185}, "sizeMB": 0.77, "format": "ASCII"}, "iphex_radiosonde_20140522_iop06_006_001_STD.txt": {"temporal": ["2014-05-22T20:01:00.000Z", "2014-05-22T21:32:58.000Z"], "wnes_geometry": {"westBoundingCoordinate": -82.567, "eastBoundingCoordinate": -81.998, "northBoundingCoordinate": 35.62, "southBoundingCoordinate": 35.185}, "sizeMB": 0, "format": "ASCII"}, "iphex_radiosonde_20140524_csop3_103_001_SIG.txt": {"temporal": ["2014-05-24T23:27:00.000Z", "2014-05-25T00:56:34.000Z"], "wnes_geometry": {"westBoundingCoordinate": -82.567, "eastBoundingCoordinate": -81.839, "northBoundingCoordinate": 35.62, "southBoundingCoordinate": 35.228}, "sizeMB": 0.01, "format": "ASCII"}, "iphex_radiosonde_20140524_csop3_103_001_LOG.txt": {"temporal": ["2014-05-24T23:27:00.000Z", "2014-05-25T00:56:34.000Z"], "wnes_geometry": {"westBoundingCoordinate": -82.567, "eastBoundingCoordinate": -81.839, "northBoundingCoordinate": 35.62, "southBoundingCoordinate": 35.228}, "sizeMB": 0.74, "format": "ASCII"}, "iphex_radiosonde_20140524_csop3_103_001_STD.txt": {"temporal": ["2014-05-24T23:27:00.000Z", "2014-05-25T00:56:34.000Z"], "wnes_geometry": {"westBoundingCoordinate": -82.567, "eastBoundingCoordinate": -81.839, "northBoundingCoordinate": 35.62, "southBoundingCoordinate": 35.228}, "sizeMB": 0, "format": "ASCII"}, "iphex_radiosonde_20140524_csop3_snd01.txt": {"temporal": ["2014-05-24T23:27:00.000Z", "2014-05-25T00:56:34.000Z"], "wnes_geometry": {"westBoundingCoordinate": -82.567, "eastBoundingCoordinate": -81.839, "northBoundingCoordinate": 35.62, "southBoundingCoordinate": 35.228}, "sizeMB": 0.74, "format": "ASCII"}, "iphex_radiosonde_20140525_iop07_007_001_SIG.txt": {"temporal": ["2014-05-25T17:59:00.000Z", "2014-05-25T19:38:15.000Z"], "wnes_geometry": {"westBoundingCoordinate": -82.568, "eastBoundingCoordinate": -81.912, "northBoundingCoordinate": 35.622, "southBoundingCoordinate": 35.218}, "sizeMB": 0.01, "format": "ASCII"}, "iphex_radiosonde_20140525_iop07_007_001_STD.txt": {"temporal": ["2014-05-25T17:59:00.000Z", "2014-05-25T19:38:15.000Z"], "wnes_geometry": {"westBoundingCoordinate": -82.568, "eastBoundingCoordinate": -81.912, "northBoundingCoordinate": 35.622, "southBoundingCoordinate": 35.218}, "sizeMB": 0, "format": "ASCII"}, "iphex_radiosonde_20140525_iop07_snd01.txt": {"temporal": ["2014-05-25T17:59:00.000Z", "2014-05-25T19:38:15.000Z"], "wnes_geometry": {"westBoundingCoordinate": -82.568, "eastBoundingCoordinate": -81.912, "northBoundingCoordinate": 35.622, "southBoundingCoordinate": 35.218}, "sizeMB": 0.82, "format": "ASCII"}, "iphex_radiosonde_20140525_iop07_007_001_LOG.txt": {"temporal": ["2014-05-25T17:59:00.000Z", "2014-05-25T19:38:15.000Z"], "wnes_geometry": {"westBoundingCoordinate": -82.568, "eastBoundingCoordinate": -81.912, "northBoundingCoordinate": 35.622, "southBoundingCoordinate": 35.218}, "sizeMB": 0.82, "format": "ASCII"}, "iphex_radiosonde_20140526_iop08_008_001_LOG.txt": {"temporal": ["2014-05-26T18:01:00.000Z", "2014-05-26T19:44:30.000Z"], "wnes_geometry": {"westBoundingCoordinate": -82.568, "eastBoundingCoordinate": -82.285, "northBoundingCoordinate": 35.622, "southBoundingCoordinate": 35.166}, "sizeMB": 0.85, "format": "ASCII"}, "iphex_radiosonde_20140526_iop08_008_001_SIG.txt": {"temporal": ["2014-05-26T18:01:00.000Z", "2014-05-26T19:44:30.000Z"], "wnes_geometry": {"westBoundingCoordinate": -82.568, "eastBoundingCoordinate": -82.285, "northBoundingCoordinate": 35.622, "southBoundingCoordinate": 35.166}, "sizeMB": 0.01, "format": "ASCII"}, "iphex_radiosonde_20140526_iop08_snd01.txt": {"temporal": ["2014-05-26T18:01:00.000Z", "2014-05-26T19:44:30.000Z"], "wnes_geometry": {"westBoundingCoordinate": -82.568, "eastBoundingCoordinate": -82.285, "northBoundingCoordinate": 35.622, "southBoundingCoordinate": 35.166}, "sizeMB": 0.86, "format": "ASCII"}, "iphex_radiosonde_20140526_iop08_008_001_STD.txt": {"temporal": ["2014-05-26T18:01:00.000Z", "2014-05-26T19:44:30.000Z"], "wnes_geometry": {"westBoundingCoordinate": -82.568, "eastBoundingCoordinate": -82.285, "northBoundingCoordinate": 35.622, "southBoundingCoordinate": 35.166}, "sizeMB": 0, "format": "ASCII"}, "iphex_radiosonde_20140529_iop09_009_001_SIG.txt": {"temporal": ["2014-05-29T16:01:00.000Z", "2014-05-29T17:34:09.000Z"], "wnes_geometry": {"westBoundingCoordinate": -82.578, "eastBoundingCoordinate": -82.35, "northBoundingCoordinate": 35.659, "southBoundingCoordinate": 35.528}, "sizeMB": 0.01, "format": "ASCII"}, "iphex_radiosonde_20140529_iop09_snd01.txt": {"temporal": ["2014-05-29T16:01:00.000Z", "2014-05-29T17:34:09.000Z"], "wnes_geometry": {"westBoundingCoordinate": -82.578, "eastBoundingCoordinate": -82.35, "northBoundingCoordinate": 35.659, "southBoundingCoordinate": 35.528}, "sizeMB": 0.78, "format": "ASCII"}, "iphex_radiosonde_20140529_iop09_009_001_STD.txt": {"temporal": ["2014-05-29T16:01:00.000Z", "2014-05-29T17:34:09.000Z"], "wnes_geometry": {"westBoundingCoordinate": -82.578, "eastBoundingCoordinate": -82.35, "northBoundingCoordinate": 35.659, "southBoundingCoordinate": 35.528}, "sizeMB": 0, "format": "ASCII"}, "iphex_radiosonde_20140529_iop09_009_001_LOG.txt": {"temporal": ["2014-05-29T16:01:00.000Z", "2014-05-29T17:34:09.000Z"], "wnes_geometry": {"westBoundingCoordinate": -82.578, "eastBoundingCoordinate": -82.35, "northBoundingCoordinate": 35.659, "southBoundingCoordinate": 35.528}, "sizeMB": 0.77, "format": "ASCII"}, "iphex_radiosonde_20140529_iop09_snd02.txt": {"temporal": ["2014-05-29T20:00:00.000Z", "2014-05-29T21:49:05.000Z"], "wnes_geometry": {"westBoundingCoordinate": -82.571, "eastBoundingCoordinate": -82.3, "northBoundingCoordinate": 35.647, "southBoundingCoordinate": 35.496}, "sizeMB": 0.9, "format": "ASCII"}, "iphex_radiosonde_20140529_iop09_009_002_SIG.txt": {"temporal": ["2014-05-29T20:00:00.000Z", "2014-05-29T21:49:05.000Z"], "wnes_geometry": {"westBoundingCoordinate": -82.571, "eastBoundingCoordinate": -82.3, "northBoundingCoordinate": 35.647, "southBoundingCoordinate": 35.496}, "sizeMB": 0.01, "format": "ASCII"}, "iphex_radiosonde_20140529_iop09_009_002_LOG.txt": {"temporal": ["2014-05-29T20:00:00.000Z", "2014-05-29T21:49:05.000Z"], "wnes_geometry": {"westBoundingCoordinate": -82.571, "eastBoundingCoordinate": -82.3, "northBoundingCoordinate": 35.647, "southBoundingCoordinate": 35.496}, "sizeMB": 0.89, "format": "ASCII"}, "iphex_radiosonde_20140529_iop09_009_002_STD.txt": {"temporal": ["2014-05-29T20:00:00.000Z", "2014-05-29T21:49:05.000Z"], "wnes_geometry": {"westBoundingCoordinate": -82.571, "eastBoundingCoordinate": -82.3, "northBoundingCoordinate": 35.647, "southBoundingCoordinate": 35.496}, "sizeMB": 0, "format": "ASCII"}, "iphex_radiosonde_20140530_iop09_009_003_STD.txt": {"temporal": ["2014-05-30T00:00:00.000Z", "2014-05-30T01:35:45.000Z"], "wnes_geometry": {"westBoundingCoordinate": -82.568, "eastBoundingCoordinate": -82.35, "northBoundingCoordinate": 35.628, "southBoundingCoordinate": 35.467}, "sizeMB": 0, "format": "ASCII"}, "iphex_radiosonde_20140530_iop09_009_003_SIG.txt": {"temporal": ["2014-05-30T00:00:00.000Z", "2014-05-30T01:35:45.000Z"], "wnes_geometry": {"westBoundingCoordinate": -82.568, "eastBoundingCoordinate": -82.35, "northBoundingCoordinate": 35.628, "southBoundingCoordinate": 35.467}, "sizeMB": 0.01, "format": "ASCII"}, "iphex_radiosonde_20140530_iop09_snd03.txt": {"temporal": ["2014-05-30T00:00:00.000Z", "2014-05-30T01:35:45.000Z"], "wnes_geometry": {"westBoundingCoordinate": -82.568, "eastBoundingCoordinate": -82.35, "northBoundingCoordinate": 35.628, "southBoundingCoordinate": 35.467}, "sizeMB": 0.81, "format": "ASCII"}, "iphex_radiosonde_20140530_iop09_009_003_LOG.txt": {"temporal": ["2014-05-30T00:00:00.000Z", "2014-05-30T01:35:45.000Z"], "wnes_geometry": {"westBoundingCoordinate": -82.568, "eastBoundingCoordinate": -82.35, "northBoundingCoordinate": 35.628, "southBoundingCoordinate": 35.467}, "sizeMB": 0.8, "format": "ASCII"}, "iphex_radiosonde_20140602_csop4_104_001_STD.txt": {"temporal": ["2014-06-02T15:01:00.000Z", "2014-06-02T16:52:05.000Z"], "wnes_geometry": {"westBoundingCoordinate": -82.594, "eastBoundingCoordinate": -82.332, "northBoundingCoordinate": 35.649, "southBoundingCoordinate": 35.482}, "sizeMB": 0, "format": "ASCII"}, "iphex_radiosonde_20140602_csop4_snd01.txt": {"temporal": ["2014-06-02T15:01:00.000Z", "2014-06-02T16:52:05.000Z"], "wnes_geometry": {"westBoundingCoordinate": -82.594, "eastBoundingCoordinate": -82.332, "northBoundingCoordinate": 35.649, "southBoundingCoordinate": 35.482}, "sizeMB": 0.92, "format": "ASCII"}, "iphex_radiosonde_20140602_csop4_104_001_LOG.txt": {"temporal": ["2014-06-02T15:01:00.000Z", "2014-06-02T16:52:05.000Z"], "wnes_geometry": {"westBoundingCoordinate": -82.594, "eastBoundingCoordinate": -82.332, "northBoundingCoordinate": 35.649, "southBoundingCoordinate": 35.482}, "sizeMB": 0.91, "format": "ASCII"}, "iphex_radiosonde_20140602_csop4_104_001_SIG.txt": {"temporal": ["2014-06-02T15:01:00.000Z", "2014-06-02T16:52:05.000Z"], "wnes_geometry": {"westBoundingCoordinate": -82.594, "eastBoundingCoordinate": -82.332, "northBoundingCoordinate": 35.649, "southBoundingCoordinate": 35.482}, "sizeMB": 0.01, "format": "ASCII"}, "iphex_radiosonde_20140603_iop10_010_001_SIG.txt": {"temporal": ["2014-06-03T18:00:00.000Z", "2014-06-03T19:26:37.000Z"], "wnes_geometry": {"westBoundingCoordinate": -82.567, "eastBoundingCoordinate": -82.09, "northBoundingCoordinate": 35.62, "southBoundingCoordinate": 35.406}, "sizeMB": 0.01, "format": "ASCII"}, "iphex_radiosonde_20140603_iop10_010_001_STD.txt": {"temporal": ["2014-06-03T18:00:00.000Z", "2014-06-03T19:26:37.000Z"], "wnes_geometry": {"westBoundingCoordinate": -82.567, "eastBoundingCoordinate": -82.09, "northBoundingCoordinate": 35.62, "southBoundingCoordinate": 35.406}, "sizeMB": 0, "format": "ASCII"}, "iphex_radiosonde_20140603_iop10_snd01.txt": {"temporal": ["2014-06-03T18:00:00.000Z", "2014-06-03T19:26:37.000Z"], "wnes_geometry": {"westBoundingCoordinate": -82.567, "eastBoundingCoordinate": -82.09, "northBoundingCoordinate": 35.62, "southBoundingCoordinate": 35.406}, "sizeMB": 0.76, "format": "ASCII"}, "iphex_radiosonde_20140603_iop10_010_001_LOG.txt": {"temporal": ["2014-06-03T18:00:00.000Z", "2014-06-03T19:26:37.000Z"], "wnes_geometry": {"westBoundingCoordinate": -82.567, "eastBoundingCoordinate": -82.09, "northBoundingCoordinate": 35.62, "southBoundingCoordinate": 35.406}, "sizeMB": 0.74, "format": "ASCII"}, "iphex_radiosonde_20140604_iop11_011_001_STD.txt": {"temporal": ["2014-06-04T13:59:00.000Z", "2014-06-04T15:19:07.000Z"], "wnes_geometry": {"westBoundingCoordinate": -82.567, "eastBoundingCoordinate": -82.228, "northBoundingCoordinate": 35.62, "southBoundingCoordinate": 35.525}, "sizeMB": 0, "format": "ASCII"}, "iphex_radiosonde_20140604_iop11_011_001_SIG.txt": {"temporal": ["2014-06-04T13:59:00.000Z", "2014-06-04T15:19:07.000Z"], "wnes_geometry": {"westBoundingCoordinate": -82.567, "eastBoundingCoordinate": -82.228, "northBoundingCoordinate": 35.62, "southBoundingCoordinate": 35.525}, "sizeMB": 0.01, "format": "ASCII"}, "iphex_radiosonde_20140604_iop11_011_001_LOG.txt": {"temporal": ["2014-06-04T13:59:00.000Z", "2014-06-04T15:19:07.000Z"], "wnes_geometry": {"westBoundingCoordinate": -82.567, "eastBoundingCoordinate": -82.228, "northBoundingCoordinate": 35.62, "southBoundingCoordinate": 35.525}, "sizeMB": 0.73, "format": "ASCII"}, "iphex_radiosonde_20140604_iop11_snd01.txt": {"temporal": ["2014-06-04T13:59:00.000Z", "2014-06-04T15:19:07.000Z"], "wnes_geometry": {"westBoundingCoordinate": -82.567, "eastBoundingCoordinate": -82.228, "northBoundingCoordinate": 35.62, "southBoundingCoordinate": 35.525}, "sizeMB": 0.74, "format": "ASCII"}, "iphex_radiosonde_20140604_iop12_012_001_STD.txt": {"temporal": ["2014-06-04T22:00:00.000Z", "2014-06-04T23:20:28.000Z"], "wnes_geometry": {"westBoundingCoordinate": -82.569, "eastBoundingCoordinate": -82.034, "northBoundingCoordinate": 35.63, "southBoundingCoordinate": 35.411}, "sizeMB": 0, "format": "ASCII"}, "iphex_radiosonde_20140604_iop12_snd01.txt": {"temporal": ["2014-06-04T22:00:00.000Z", "2014-06-04T23:20:28.000Z"], "wnes_geometry": {"westBoundingCoordinate": -82.569, "eastBoundingCoordinate": -82.034, "northBoundingCoordinate": 35.63, "southBoundingCoordinate": 35.411}, "sizeMB": 0.73, "format": "ASCII"}, "iphex_radiosonde_20140604_iop12_012_001_LOG.txt": {"temporal": ["2014-06-04T22:00:00.000Z", "2014-06-04T23:20:28.000Z"], "wnes_geometry": {"westBoundingCoordinate": -82.569, "eastBoundingCoordinate": -82.034, "northBoundingCoordinate": 35.63, "southBoundingCoordinate": 35.411}, "sizeMB": 0.72, "format": "ASCII"}, "iphex_radiosonde_20140604_iop12_012_001_SIG.txt": {"temporal": ["2014-06-04T22:00:00.000Z", "2014-06-04T23:20:28.000Z"], "wnes_geometry": {"westBoundingCoordinate": -82.569, "eastBoundingCoordinate": -82.034, "northBoundingCoordinate": 35.63, "southBoundingCoordinate": 35.411}, "sizeMB": 0.01, "format": "ASCII"}, "iphex_radiosonde_20140605_iop12_snd02.txt": {"temporal": ["2014-06-05T00:59:00.000Z", "2014-06-05T02:31:42.000Z"], "wnes_geometry": {"westBoundingCoordinate": -82.567, "eastBoundingCoordinate": -81.871, "northBoundingCoordinate": 35.622, "southBoundingCoordinate": 35.46}, "sizeMB": 0.77, "format": "ASCII"}, "iphex_radiosonde_20140605_iop12_012_002_STD.txt": {"temporal": ["2014-06-05T00:59:00.000Z", "2014-06-05T02:31:42.000Z"], "wnes_geometry": {"westBoundingCoordinate": -82.567, "eastBoundingCoordinate": -81.871, "northBoundingCoordinate": 35.622, "southBoundingCoordinate": 35.46}, "sizeMB": 0, "format": "ASCII"}, "iphex_radiosonde_20140605_iop12_012_002_SIG.txt": {"temporal": ["2014-06-05T00:59:00.000Z", "2014-06-05T02:31:42.000Z"], "wnes_geometry": {"westBoundingCoordinate": -82.567, "eastBoundingCoordinate": -81.871, "northBoundingCoordinate": 35.622, "southBoundingCoordinate": 35.46}, "sizeMB": 0.01, "format": "ASCII"}, "iphex_radiosonde_20140605_iop12_012_002_LOG.txt": {"temporal": ["2014-06-05T00:59:00.000Z", "2014-06-05T02:31:42.000Z"], "wnes_geometry": {"westBoundingCoordinate": -82.567, "eastBoundingCoordinate": -81.871, "northBoundingCoordinate": 35.622, "southBoundingCoordinate": 35.46}, "sizeMB": 0.76, "format": "ASCII"}, "iphex_radiosonde_20140605_iop12_snd03.txt": {"temporal": ["2014-06-05T03:59:00.000Z", "2014-06-05T06:08:32.000Z"], "wnes_geometry": {"westBoundingCoordinate": -82.568, "eastBoundingCoordinate": -81.599, "northBoundingCoordinate": 35.621, "southBoundingCoordinate": 35.498}, "sizeMB": 1.07, "format": "ASCII"}, "iphex_radiosonde_20140605_iop12_012_003_LOG.txt": {"temporal": ["2014-06-05T03:59:00.000Z", "2014-06-05T06:08:32.000Z"], "wnes_geometry": {"westBoundingCoordinate": -82.568, "eastBoundingCoordinate": -81.599, "northBoundingCoordinate": 35.621, "southBoundingCoordinate": 35.498}, "sizeMB": 1.06, "format": "ASCII"}, "iphex_radiosonde_20140605_iop12_012_003_STD.txt": {"temporal": ["2014-06-05T03:59:00.000Z", "2014-06-05T06:08:32.000Z"], "wnes_geometry": {"westBoundingCoordinate": -82.568, "eastBoundingCoordinate": -81.599, "northBoundingCoordinate": 35.621, "southBoundingCoordinate": 35.498}, "sizeMB": 0, "format": "ASCII"}, "iphex_radiosonde_20140605_iop12_012_003_SIG.txt": {"temporal": ["2014-06-05T03:59:00.000Z", "2014-06-05T06:08:32.000Z"], "wnes_geometry": {"westBoundingCoordinate": -82.568, "eastBoundingCoordinate": -81.599, "northBoundingCoordinate": 35.621, "southBoundingCoordinate": 35.498}, "sizeMB": 0.01, "format": "ASCII"}, "iphex_radiosonde_20140605_iop12_snd04.txt": {"temporal": ["2014-06-05T07:00:00.000Z", "2014-06-05T08:20:52.000Z"], "wnes_geometry": {"westBoundingCoordinate": -82.568, "eastBoundingCoordinate": -81.817, "northBoundingCoordinate": 35.62, "southBoundingCoordinate": 35.54}, "sizeMB": 0.7, "format": "ASCII"}, "iphex_radiosonde_20140605_iop12_012_004_SIG.txt": {"temporal": ["2014-06-05T07:00:00.000Z", "2014-06-05T08:20:52.000Z"], "wnes_geometry": {"westBoundingCoordinate": -82.568, "eastBoundingCoordinate": -81.817, "northBoundingCoordinate": 35.62, "southBoundingCoordinate": 35.54}, "sizeMB": 0.01, "format": "ASCII"}, "iphex_radiosonde_20140605_iop12_012_004_LOG.txt": {"temporal": ["2014-06-05T07:00:00.000Z", "2014-06-05T08:20:52.000Z"], "wnes_geometry": {"westBoundingCoordinate": -82.568, "eastBoundingCoordinate": -81.817, "northBoundingCoordinate": 35.62, "southBoundingCoordinate": 35.54}, "sizeMB": 0.69, "format": "ASCII"}, "iphex_radiosonde_20140605_iop12_012_004_STD.txt": {"temporal": ["2014-06-05T07:00:00.000Z", "2014-06-05T08:20:52.000Z"], "wnes_geometry": {"westBoundingCoordinate": -82.568, "eastBoundingCoordinate": -81.817, "northBoundingCoordinate": 35.62, "southBoundingCoordinate": 35.54}, "sizeMB": 0, "format": "ASCII"}, "iphex_radiosonde_20140605_iop12_snd05.txt": {"temporal": ["2014-06-05T10:00:00.000Z", "2014-06-05T11:18:58.000Z"], "wnes_geometry": {"westBoundingCoordinate": -82.567, "eastBoundingCoordinate": -81.925, "northBoundingCoordinate": 35.62, "southBoundingCoordinate": 35.449}, "sizeMB": 0.66, "format": "ASCII"}, "iphex_radiosonde_20140605_iop12_012_005_SIG.txt": {"temporal": ["2014-06-05T10:00:00.000Z", "2014-06-05T11:18:58.000Z"], "wnes_geometry": {"westBoundingCoordinate": -82.567, "eastBoundingCoordinate": -81.925, "northBoundingCoordinate": 35.62, "southBoundingCoordinate": 35.449}, "sizeMB": 0.01, "format": "ASCII"}, "iphex_radiosonde_20140605_iop12_012_005_STD.txt": {"temporal": ["2014-06-05T10:00:00.000Z", "2014-06-05T11:18:58.000Z"], "wnes_geometry": {"westBoundingCoordinate": -82.567, "eastBoundingCoordinate": -81.925, "northBoundingCoordinate": 35.62, "southBoundingCoordinate": 35.449}, "sizeMB": 0, "format": "ASCII"}, "iphex_radiosonde_20140605_iop12_012_005_LOG.txt": {"temporal": ["2014-06-05T10:00:00.000Z", "2014-06-05T11:18:58.000Z"], "wnes_geometry": {"westBoundingCoordinate": -82.567, "eastBoundingCoordinate": -81.925, "northBoundingCoordinate": 35.62, "southBoundingCoordinate": 35.449}, "sizeMB": 0.65, "format": "ASCII"}, "iphex_radiosonde_20140606_iop13_013_001_SIG.txt": {"temporal": ["2014-06-06T18:00:00.000Z", "2014-06-06T19:20:25.000Z"], "wnes_geometry": {"westBoundingCoordinate": -82.567, "eastBoundingCoordinate": -81.979, "northBoundingCoordinate": 35.62, "southBoundingCoordinate": 35.543}, "sizeMB": 0.01, "format": "ASCII"}, "iphex_radiosonde_20140606_iop13_013_001_STD.txt": {"temporal": ["2014-06-06T18:00:00.000Z", "2014-06-06T19:20:25.000Z"], "wnes_geometry": {"westBoundingCoordinate": -82.567, "eastBoundingCoordinate": -81.979, "northBoundingCoordinate": 35.62, "southBoundingCoordinate": 35.543}, "sizeMB": 0, "format": "ASCII"}, "iphex_radiosonde_20140606_iop13_snd01.txt": {"temporal": ["2014-06-06T18:00:00.000Z", "2014-06-06T19:20:25.000Z"], "wnes_geometry": {"westBoundingCoordinate": -82.567, "eastBoundingCoordinate": -81.979, "northBoundingCoordinate": 35.62, "southBoundingCoordinate": 35.543}, "sizeMB": 0.68, "format": "ASCII"}, "iphex_radiosonde_20140606_iop13_013_001_LOG.txt": {"temporal": ["2014-06-06T18:00:00.000Z", "2014-06-06T19:20:25.000Z"], "wnes_geometry": {"westBoundingCoordinate": -82.567, "eastBoundingCoordinate": -81.979, "northBoundingCoordinate": 35.62, "southBoundingCoordinate": 35.543}, "sizeMB": 0.67, "format": "ASCII"}, "iphex_radiosonde_20140607_iop14_snd01.txt": {"temporal": ["2014-06-07T11:59:00.000Z", "2014-06-07T13:11:41.000Z"], "wnes_geometry": {"westBoundingCoordinate": -82.573, "eastBoundingCoordinate": -82.136, "northBoundingCoordinate": 35.624, "southBoundingCoordinate": 35.462}, "sizeMB": 0.61, "format": "ASCII"}, "iphex_radiosonde_20140607_iop14_014_001_SIG.txt": {"temporal": ["2014-06-07T11:59:00.000Z", "2014-06-07T13:11:41.000Z"], "wnes_geometry": {"westBoundingCoordinate": -82.573, "eastBoundingCoordinate": -82.136, "northBoundingCoordinate": 35.624, "southBoundingCoordinate": 35.462}, "sizeMB": 0.01, "format": "ASCII"}, "iphex_radiosonde_20140607_iop14_014_001_LOG.txt": {"temporal": ["2014-06-07T11:59:00.000Z", "2014-06-07T13:11:41.000Z"], "wnes_geometry": {"westBoundingCoordinate": -82.573, "eastBoundingCoordinate": -82.136, "northBoundingCoordinate": 35.624, "southBoundingCoordinate": 35.462}, "sizeMB": 0.6, "format": "ASCII"}, "iphex_radiosonde_20140607_iop14_014_001_STD.txt": {"temporal": ["2014-06-07T11:59:00.000Z", "2014-06-07T13:11:41.000Z"], "wnes_geometry": {"westBoundingCoordinate": -82.573, "eastBoundingCoordinate": -82.136, "northBoundingCoordinate": 35.624, "southBoundingCoordinate": 35.462}, "sizeMB": 0, "format": "ASCII"}, "iphex_radiosonde_20140608_iop15_snd01.txt": {"temporal": ["2014-06-08T12:00:00.000Z", "2014-06-08T13:36:48.000Z"], "wnes_geometry": {"westBoundingCoordinate": -82.57, "eastBoundingCoordinate": -81.895, "northBoundingCoordinate": 35.73, "southBoundingCoordinate": 35.62}, "sizeMB": 0.8, "format": "ASCII"}, "iphex_radiosonde_20140608_iop15_015_001_SIG.txt": {"temporal": ["2014-06-08T12:00:00.000Z", "2014-06-08T13:36:48.000Z"], "wnes_geometry": {"westBoundingCoordinate": -82.57, "eastBoundingCoordinate": -81.895, "northBoundingCoordinate": 35.73, "southBoundingCoordinate": 35.62}, "sizeMB": 0.01, "format": "ASCII"}, "iphex_radiosonde_20140608_iop15_015_001_STD.txt": {"temporal": ["2014-06-08T12:00:00.000Z", "2014-06-08T13:36:48.000Z"], "wnes_geometry": {"westBoundingCoordinate": -82.57, "eastBoundingCoordinate": -81.895, "northBoundingCoordinate": 35.73, "southBoundingCoordinate": 35.62}, "sizeMB": 0, "format": "ASCII"}, "iphex_radiosonde_20140608_iop15_015_001_LOG.txt": {"temporal": ["2014-06-08T12:00:00.000Z", "2014-06-08T13:36:48.000Z"], "wnes_geometry": {"westBoundingCoordinate": -82.57, "eastBoundingCoordinate": -81.895, "northBoundingCoordinate": 35.73, "southBoundingCoordinate": 35.62}, "sizeMB": 0.79, "format": "ASCII"}, "iphex_radiosonde_20140608_iop15_snd02.txt": {"temporal": ["2014-06-08T15:00:00.000Z", "2014-06-08T16:36:57.000Z"], "wnes_geometry": {"westBoundingCoordinate": -82.571, "eastBoundingCoordinate": -82.028, "northBoundingCoordinate": 35.627, "southBoundingCoordinate": 35.459}, "sizeMB": 0.81, "format": "ASCII"}, "iphex_radiosonde_20140608_iop15_015_002_LOG.txt": {"temporal": ["2014-06-08T15:00:00.000Z", "2014-06-08T16:36:57.000Z"], "wnes_geometry": {"westBoundingCoordinate": -82.571, "eastBoundingCoordinate": -82.028, "northBoundingCoordinate": 35.627, "southBoundingCoordinate": 35.459}, "sizeMB": 0.8, "format": "ASCII"}, "iphex_radiosonde_20140608_iop15_015_002_STD.txt": {"temporal": ["2014-06-08T15:00:00.000Z", "2014-06-08T16:36:57.000Z"], "wnes_geometry": {"westBoundingCoordinate": -82.571, "eastBoundingCoordinate": -82.028, "northBoundingCoordinate": 35.627, "southBoundingCoordinate": 35.459}, "sizeMB": 0, "format": "ASCII"}, "iphex_radiosonde_20140608_iop15_015_002_SIG.txt": {"temporal": ["2014-06-08T15:00:00.000Z", "2014-06-08T16:36:57.000Z"], "wnes_geometry": {"westBoundingCoordinate": -82.571, "eastBoundingCoordinate": -82.028, "northBoundingCoordinate": 35.627, "southBoundingCoordinate": 35.459}, "sizeMB": 0.01, "format": "ASCII"}, "iphex_radiosonde_20140608_iop15_015_003_LOG.txt": {"temporal": ["2014-06-08T18:00:00.000Z", "2014-06-08T19:28:50.000Z"], "wnes_geometry": {"westBoundingCoordinate": -82.568, "eastBoundingCoordinate": -82.143, "northBoundingCoordinate": 35.623, "southBoundingCoordinate": 35.398}, "sizeMB": 0.75, "format": "ASCII"}, "iphex_radiosonde_20140608_iop15_015_003_STD.txt": {"temporal": ["2014-06-08T18:00:00.000Z", "2014-06-08T19:28:50.000Z"], "wnes_geometry": {"westBoundingCoordinate": -82.568, "eastBoundingCoordinate": -82.143, "northBoundingCoordinate": 35.623, "southBoundingCoordinate": 35.398}, "sizeMB": 0, "format": "ASCII"}, "iphex_radiosonde_20140608_iop15_015_003_SIG.txt": {"temporal": ["2014-06-08T18:00:00.000Z", "2014-06-08T19:28:50.000Z"], "wnes_geometry": {"westBoundingCoordinate": -82.568, "eastBoundingCoordinate": -82.143, "northBoundingCoordinate": 35.623, "southBoundingCoordinate": 35.398}, "sizeMB": 0.01, "format": "ASCII"}, "iphex_radiosonde_20140608_iop15_snd03.txt": {"temporal": ["2014-06-08T18:00:00.000Z", "2014-06-08T19:28:50.000Z"], "wnes_geometry": {"westBoundingCoordinate": -82.568, "eastBoundingCoordinate": -82.143, "northBoundingCoordinate": 35.623, "southBoundingCoordinate": 35.398}, "sizeMB": 0.76, "format": "ASCII"}, "iphex_radiosonde_20140610_iop16_snd01.txt": {"temporal": ["2014-06-10T12:00:00.000Z", "2014-06-10T13:37:25.000Z"], "wnes_geometry": {"westBoundingCoordinate": -82.567, "eastBoundingCoordinate": -81.994, "northBoundingCoordinate": 35.902, "southBoundingCoordinate": 35.618}, "sizeMB": 0.81, "format": "ASCII"}, "iphex_radiosonde_20140610_iop16_016_001_STD.txt": {"temporal": ["2014-06-10T12:00:00.000Z", "2014-06-10T13:37:25.000Z"], "wnes_geometry": {"westBoundingCoordinate": -82.567, "eastBoundingCoordinate": -81.994, "northBoundingCoordinate": 35.902, "southBoundingCoordinate": 35.618}, "sizeMB": 0, "format": "ASCII"}, "iphex_radiosonde_20140610_iop16_016_001_LOG.txt": {"temporal": ["2014-06-10T12:00:00.000Z", "2014-06-10T13:37:25.000Z"], "wnes_geometry": {"westBoundingCoordinate": -82.567, "eastBoundingCoordinate": -81.994, "northBoundingCoordinate": 35.902, "southBoundingCoordinate": 35.618}, "sizeMB": 0.8, "format": "ASCII"}, "iphex_radiosonde_20140610_iop16_016_001_SIG.txt": {"temporal": ["2014-06-10T12:00:00.000Z", "2014-06-10T13:37:25.000Z"], "wnes_geometry": {"westBoundingCoordinate": -82.567, "eastBoundingCoordinate": -81.994, "northBoundingCoordinate": 35.902, "southBoundingCoordinate": 35.618}, "sizeMB": 0.01, "format": "ASCII"}, "iphex_radiosonde_20140610_iop16_snd02.txt": {"temporal": ["2014-06-10T15:01:00.000Z", "2014-06-10T16:41:57.000Z"], "wnes_geometry": {"westBoundingCoordinate": -82.567, "eastBoundingCoordinate": -81.981, "northBoundingCoordinate": 36.045, "southBoundingCoordinate": 35.617}, "sizeMB": 0.84, "format": "ASCII"}, "iphex_radiosonde_20140610_iop16_016_002_SIG.txt": {"temporal": ["2014-06-10T15:01:00.000Z", "2014-06-10T16:41:57.000Z"], "wnes_geometry": {"westBoundingCoordinate": -82.567, "eastBoundingCoordinate": -81.981, "northBoundingCoordinate": 36.045, "southBoundingCoordinate": 35.617}, "sizeMB": 0.01, "format": "ASCII"}, "iphex_radiosonde_20140610_iop16_016_002_LOG.txt": {"temporal": ["2014-06-10T15:01:00.000Z", "2014-06-10T16:41:57.000Z"], "wnes_geometry": {"westBoundingCoordinate": -82.567, "eastBoundingCoordinate": -81.981, "northBoundingCoordinate": 36.045, "southBoundingCoordinate": 35.617}, "sizeMB": 0.83, "format": "ASCII"}, "iphex_radiosonde_20140610_iop16_016_002_STD.txt": {"temporal": ["2014-06-10T15:01:00.000Z", "2014-06-10T16:41:57.000Z"], "wnes_geometry": {"westBoundingCoordinate": -82.567, "eastBoundingCoordinate": -81.981, "northBoundingCoordinate": 36.045, "southBoundingCoordinate": 35.617}, "sizeMB": 0, "format": "ASCII"}, "iphex_radiosonde_20140611_iop17_017_001_LOG.txt": {"temporal": ["2014-06-11T12:00:00.000Z", "2014-06-11T13:16:35.000Z"], "wnes_geometry": {"westBoundingCoordinate": -82.57, "eastBoundingCoordinate": -82.255, "northBoundingCoordinate": 36.254, "southBoundingCoordinate": 35.62}, "sizeMB": 0.62, "format": "ASCII"}, "iphex_radiosonde_20140611_iop17_snd01.txt": {"temporal": ["2014-06-11T12:00:00.000Z", "2014-06-11T13:16:35.000Z"], "wnes_geometry": {"westBoundingCoordinate": -82.57, "eastBoundingCoordinate": -82.255, "northBoundingCoordinate": 36.254, "southBoundingCoordinate": 35.62}, "sizeMB": 0.63, "format": "ASCII"}, "iphex_radiosonde_20140611_iop17_017_001_STD.txt": {"temporal": ["2014-06-11T12:00:00.000Z", "2014-06-11T13:16:35.000Z"], "wnes_geometry": {"westBoundingCoordinate": -82.57, "eastBoundingCoordinate": -82.255, "northBoundingCoordinate": 36.254, "southBoundingCoordinate": 35.62}, "sizeMB": 0, "format": "ASCII"}, "iphex_radiosonde_20140611_iop17_017_001_SIG.txt": {"temporal": ["2014-06-11T12:00:00.000Z", "2014-06-11T13:16:35.000Z"], "wnes_geometry": {"westBoundingCoordinate": -82.57, "eastBoundingCoordinate": -82.255, "northBoundingCoordinate": 36.254, "southBoundingCoordinate": 35.62}, "sizeMB": 0.01, "format": "ASCII"}, "iphex_radiosonde_20140611_iop17_snd02.txt": {"temporal": ["2014-06-11T15:00:00.000Z", "2014-06-11T16:12:00.000Z"], "wnes_geometry": {"westBoundingCoordinate": -82.572, "eastBoundingCoordinate": -82.272, "northBoundingCoordinate": 36.338, "southBoundingCoordinate": 35.62}, "sizeMB": 0.59, "format": "ASCII"}, "iphex_radiosonde_20140611_iop17_017_002_LOG.txt": {"temporal": ["2014-06-11T15:00:00.000Z", "2014-06-11T16:12:00.000Z"], "wnes_geometry": {"westBoundingCoordinate": -82.572, "eastBoundingCoordinate": -82.272, "northBoundingCoordinate": 36.338, "southBoundingCoordinate": 35.62}, "sizeMB": 0.59, "format": "ASCII"}, "iphex_radiosonde_20140611_iop17_017_002_STD.txt": {"temporal": ["2014-06-11T15:00:00.000Z", "2014-06-11T16:12:00.000Z"], "wnes_geometry": {"westBoundingCoordinate": -82.572, "eastBoundingCoordinate": -82.272, "northBoundingCoordinate": 36.338, "southBoundingCoordinate": 35.62}, "sizeMB": 0, "format": "ASCII"}, "iphex_radiosonde_20140611_iop17_017_002_SIG.txt": {"temporal": ["2014-06-11T15:00:00.000Z", "2014-06-11T16:12:00.000Z"], "wnes_geometry": {"westBoundingCoordinate": -82.572, "eastBoundingCoordinate": -82.272, "northBoundingCoordinate": 36.338, "southBoundingCoordinate": 35.62}, "sizeMB": 0.01, "format": "ASCII"}, "iphex_radiosonde_20140611_iop17_017_003_STD.txt": {"temporal": ["2014-06-11T18:01:00.000Z", "2014-06-11T19:45:22.000Z"], "wnes_geometry": {"westBoundingCoordinate": -82.568, "eastBoundingCoordinate": -82.123, "northBoundingCoordinate": 36.53, "southBoundingCoordinate": 35.62}, "sizeMB": 0, "format": "ASCII"}, "iphex_radiosonde_20140611_iop17_017_003_LOG.txt": {"temporal": ["2014-06-11T18:01:00.000Z", "2014-06-11T19:45:22.000Z"], "wnes_geometry": {"westBoundingCoordinate": -82.568, "eastBoundingCoordinate": -82.123, "northBoundingCoordinate": 36.53, "southBoundingCoordinate": 35.62}, "sizeMB": 0.85, "format": "ASCII"}, "iphex_radiosonde_20140611_iop17_017_003_SIG.txt": {"temporal": ["2014-06-11T18:01:00.000Z", "2014-06-11T19:45:22.000Z"], "wnes_geometry": {"westBoundingCoordinate": -82.568, "eastBoundingCoordinate": -82.123, "northBoundingCoordinate": 36.53, "southBoundingCoordinate": 35.62}, "sizeMB": 0.01, "format": "ASCII"}, "iphex_radiosonde_20140611_iop17_snd03.txt": {"temporal": ["2014-06-11T18:01:00.000Z", "2014-06-11T19:45:22.000Z"], "wnes_geometry": {"westBoundingCoordinate": -82.568, "eastBoundingCoordinate": -82.123, "northBoundingCoordinate": 36.53, "southBoundingCoordinate": 35.62}, "sizeMB": 0.86, "format": "ASCII"}, "iphex_radiosonde_20140611_iop17_017_004_SIG.txt": {"temporal": ["2014-06-11T20:59:00.000Z", "2014-06-11T22:14:55.000Z"], "wnes_geometry": {"westBoundingCoordinate": -82.568, "eastBoundingCoordinate": -82.217, "northBoundingCoordinate": 36.335, "southBoundingCoordinate": 35.62}, "sizeMB": 0.01, "format": "ASCII"}, "iphex_radiosonde_20140611_iop17_017_004_STD.txt": {"temporal": ["2014-06-11T20:59:00.000Z", "2014-06-11T22:14:55.000Z"], "wnes_geometry": {"westBoundingCoordinate": -82.568, "eastBoundingCoordinate": -82.217, "northBoundingCoordinate": 36.335, "southBoundingCoordinate": 35.62}, "sizeMB": 0, "format": "ASCII"}, "iphex_radiosonde_20140611_iop17_017_004_LOG.txt": {"temporal": ["2014-06-11T20:59:00.000Z", "2014-06-11T22:14:55.000Z"], "wnes_geometry": {"westBoundingCoordinate": -82.568, "eastBoundingCoordinate": -82.217, "northBoundingCoordinate": 36.335, "southBoundingCoordinate": 35.62}, "sizeMB": 0.64, "format": "ASCII"}, "iphex_radiosonde_20140611_iop17_snd04.txt": {"temporal": ["2014-06-11T20:59:00.000Z", "2014-06-11T22:14:55.000Z"], "wnes_geometry": {"westBoundingCoordinate": -82.568, "eastBoundingCoordinate": -82.217, "northBoundingCoordinate": 36.335, "southBoundingCoordinate": 35.62}, "sizeMB": 0.65, "format": "ASCII"}, "iphex_radiosonde_20140612_iop17_017_005_SIG.txt": {"temporal": ["2014-06-12T00:00:00.000Z", "2014-06-12T01:26:46.000Z"], "wnes_geometry": {"westBoundingCoordinate": -82.574, "eastBoundingCoordinate": -82.227, "northBoundingCoordinate": 36.423, "southBoundingCoordinate": 35.62}, "sizeMB": 0, "format": "ASCII"}, "iphex_radiosonde_20140612_iop17_017_005_STD.txt": {"temporal": ["2014-06-12T00:00:00.000Z", "2014-06-12T01:26:46.000Z"], "wnes_geometry": {"westBoundingCoordinate": -82.574, "eastBoundingCoordinate": -82.227, "northBoundingCoordinate": 36.423, "southBoundingCoordinate": 35.62}, "sizeMB": 0, "format": "ASCII"}, "iphex_radiosonde_20140612_iop17_snd05.txt": {"temporal": ["2014-06-12T00:00:00.000Z", "2014-06-12T01:26:46.000Z"], "wnes_geometry": {"westBoundingCoordinate": -82.574, "eastBoundingCoordinate": -82.227, "northBoundingCoordinate": 36.423, "southBoundingCoordinate": 35.62}, "sizeMB": 0.71, "format": "ASCII"}, "iphex_radiosonde_20140612_iop17_017_005_LOG.txt": {"temporal": ["2014-06-12T00:00:00.000Z", "2014-06-12T01:26:46.000Z"], "wnes_geometry": {"westBoundingCoordinate": -82.574, "eastBoundingCoordinate": -82.227, "northBoundingCoordinate": 36.423, "southBoundingCoordinate": 35.62}, "sizeMB": 0.71, "format": "ASCII"}, "iphex_radiosonde_20140612_iop18_018_001_SIG.txt": {"temporal": ["2014-06-12T12:00:00.000Z", "2014-06-12T13:31:06.000Z"], "wnes_geometry": {"westBoundingCoordinate": -82.568, "eastBoundingCoordinate": -82.398, "northBoundingCoordinate": 36.196, "southBoundingCoordinate": 35.62}, "sizeMB": 0.01, "format": "ASCII"}, "iphex_radiosonde_20140612_iop18_snd01.txt": {"temporal": ["2014-06-12T12:00:00.000Z", "2014-06-12T13:31:06.000Z"], "wnes_geometry": {"westBoundingCoordinate": -82.568, "eastBoundingCoordinate": -82.398, "northBoundingCoordinate": 36.196, "southBoundingCoordinate": 35.62}, "sizeMB": 0.76, "format": "ASCII"}, "iphex_radiosonde_20140612_iop18_018_001_LOG.txt": {"temporal": ["2014-06-12T12:00:00.000Z", "2014-06-12T13:31:06.000Z"], "wnes_geometry": {"westBoundingCoordinate": -82.568, "eastBoundingCoordinate": -82.398, "northBoundingCoordinate": 36.196, "southBoundingCoordinate": 35.62}, "sizeMB": 0.75, "format": "ASCII"}, "iphex_radiosonde_20140612_iop18_018_001_STD.txt": {"temporal": ["2014-06-12T12:00:00.000Z", "2014-06-12T13:31:06.000Z"], "wnes_geometry": {"westBoundingCoordinate": -82.568, "eastBoundingCoordinate": -82.398, "northBoundingCoordinate": 36.196, "southBoundingCoordinate": 35.62}, "sizeMB": 0, "format": "ASCII"}, "iphex_radiosonde_20140612_iop18_018_002_STD.txt": {"temporal": ["2014-06-12T15:00:00.000Z", "2014-06-12T15:00:00.000Z"], "wnes_geometry": {"westBoundingCoordinate": -82.568, "eastBoundingCoordinate": -82.519, "northBoundingCoordinate": 35.668, "southBoundingCoordinate": 35.62}, "sizeMB": 0, "format": "ASCII"}, "iphex_radiosonde_20140612_iop18_018_002_LOG.txt": {"temporal": ["2014-06-12T15:00:00.000Z", "2014-06-12T15:00:00.000Z"], "wnes_geometry": {"westBoundingCoordinate": -82.568, "eastBoundingCoordinate": -82.519, "northBoundingCoordinate": 35.668, "southBoundingCoordinate": 35.62}, "sizeMB": 0.19, "format": "ASCII"}, "iphex_radiosonde_20140612_iop18_snd02.txt": {"temporal": ["2014-06-12T15:00:00.000Z", "2014-06-12T15:00:00.000Z"], "wnes_geometry": {"westBoundingCoordinate": -82.568, "eastBoundingCoordinate": -82.519, "northBoundingCoordinate": 35.668, "southBoundingCoordinate": 35.62}, "sizeMB": 0.19, "format": "ASCII"}, "iphex_radiosonde_20140612_iop18_018_003_SIG.txt": {"temporal": ["2014-06-12T18:00:00.000Z", "2014-06-12T19:29:26.000Z"], "wnes_geometry": {"westBoundingCoordinate": -82.568, "eastBoundingCoordinate": -82.42, "northBoundingCoordinate": 35.935, "southBoundingCoordinate": 35.62}, "sizeMB": 0.01, "format": "ASCII"}, "iphex_radiosonde_20140612_iop18_snd03.txt": {"temporal": ["2014-06-12T18:00:00.000Z", "2014-06-12T19:29:26.000Z"], "wnes_geometry": {"westBoundingCoordinate": -82.568, "eastBoundingCoordinate": -82.42, "northBoundingCoordinate": 35.935, "southBoundingCoordinate": 35.62}, "sizeMB": 0.75, "format": "ASCII"}, "iphex_radiosonde_20140612_iop18_018_003_STD.txt": {"temporal": ["2014-06-12T18:00:00.000Z", "2014-06-12T19:29:26.000Z"], "wnes_geometry": {"westBoundingCoordinate": -82.568, "eastBoundingCoordinate": -82.42, "northBoundingCoordinate": 35.935, "southBoundingCoordinate": 35.62}, "sizeMB": 0, "format": "ASCII"}, "iphex_radiosonde_20140612_iop18_018_003_LOG.txt": {"temporal": ["2014-06-12T18:00:00.000Z", "2014-06-12T19:29:26.000Z"], "wnes_geometry": {"westBoundingCoordinate": -82.568, "eastBoundingCoordinate": -82.42, "northBoundingCoordinate": 35.935, "southBoundingCoordinate": 35.62}, "sizeMB": 0.74, "format": "ASCII"}, "iphex_radiosonde_20140612_iop18_018_004_SIG.txt": {"temporal": ["2014-06-12T21:00:00.000Z", "2014-06-12T22:28:33.000Z"], "wnes_geometry": {"westBoundingCoordinate": -82.567, "eastBoundingCoordinate": -82.349, "northBoundingCoordinate": 35.882, "southBoundingCoordinate": 35.611}, "sizeMB": 0.01, "format": "ASCII"}, "iphex_radiosonde_20140612_iop18_018_004_STD.txt": {"temporal": ["2014-06-12T21:00:00.000Z", "2014-06-12T22:28:33.000Z"], "wnes_geometry": {"westBoundingCoordinate": -82.567, "eastBoundingCoordinate": -82.349, "northBoundingCoordinate": 35.882, "southBoundingCoordinate": 35.611}, "sizeMB": 0, "format": "ASCII"}, "iphex_radiosonde_20140612_iop18_018_004_LOG.txt": {"temporal": ["2014-06-12T21:00:00.000Z", "2014-06-12T22:28:33.000Z"], "wnes_geometry": {"westBoundingCoordinate": -82.567, "eastBoundingCoordinate": -82.349, "northBoundingCoordinate": 35.882, "southBoundingCoordinate": 35.611}, "sizeMB": 0.74, "format": "ASCII"}, "iphex_radiosonde_20140612_iop18_snd04.txt": {"temporal": ["2014-06-12T21:00:00.000Z", "2014-06-12T22:28:33.000Z"], "wnes_geometry": {"westBoundingCoordinate": -82.567, "eastBoundingCoordinate": -82.349, "northBoundingCoordinate": 35.882, "southBoundingCoordinate": 35.611}, "sizeMB": 0.75, "format": "ASCII"}}