{"radiometer_CARE_2012-02-14_12-51-10_lv2.csv": {"temporal": ["2012-02-14T12:52:19.000Z", "2012-02-14T18:42:19.000Z"], "wnes_geometry": {"westBoundingCoordinate": -79.781, "eastBoundingCoordinate": -79.781, "northBoundingCoordinate": 44.233, "southBoundingCoordinate": 44.233}, "sizeMB": 0.49, "format": "ASCII"}, "radiometer_CARE_2012-02-14_19-08-47_lv2.csv": {"temporal": ["2012-02-14T19:10:20.000Z", "2012-02-14T23:58:19.000Z"], "wnes_geometry": {"westBoundingCoordinate": -79.781, "eastBoundingCoordinate": -79.781, "northBoundingCoordinate": 44.233, "southBoundingCoordinate": 44.233}, "sizeMB": 0.41, "format": "ASCII"}, "radiometer_CARE_2012-02-15_00-02-06_lv2.csv": {"temporal": ["2012-02-15T00:03:19.000Z", "2012-02-15T23:58:19.000Z"], "wnes_geometry": {"westBoundingCoordinate": -79.781, "eastBoundingCoordinate": -79.781, "northBoundingCoordinate": 44.233, "southBoundingCoordinate": 44.233}, "sizeMB": 2.01, "format": "ASCII"}, "radiometer_CARE_2012-02-16_00-02-05_lv2.csv": {"temporal": ["2012-02-16T00:03:19.000Z", "2012-02-16T23:58:19.000Z"], "wnes_geometry": {"westBoundingCoordinate": -79.781, "eastBoundingCoordinate": -79.781, "northBoundingCoordinate": 44.233, "southBoundingCoordinate": 44.233}, "sizeMB": 2.01, "format": "ASCII"}, "radiometer_CARE_2012-02-17_00-02-00_lv2.csv": {"temporal": ["2012-02-17T00:03:19.000Z", "2012-02-17T23:58:19.000Z"], "wnes_geometry": {"westBoundingCoordinate": -79.781, "eastBoundingCoordinate": -79.781, "northBoundingCoordinate": 44.233, "southBoundingCoordinate": 44.233}, "sizeMB": 2.01, "format": "ASCII"}, "radiometer_CARE_2012-02-18_00-02-00_lv2.csv": {"temporal": ["2012-02-18T00:03:20.000Z", "2012-02-18T23:58:19.000Z"], "wnes_geometry": {"westBoundingCoordinate": -79.781, "eastBoundingCoordinate": -79.781, "northBoundingCoordinate": 44.233, "southBoundingCoordinate": 44.233}, "sizeMB": 2.01, "format": "ASCII"}, "radiometer_CARE_2012-02-19_00-02-01_lv2.csv": {"temporal": ["2012-02-19T00:03:20.000Z", "2012-02-19T23:58:19.000Z"], "wnes_geometry": {"westBoundingCoordinate": -79.781, "eastBoundingCoordinate": -79.781, "northBoundingCoordinate": 44.233, "southBoundingCoordinate": 44.233}, "sizeMB": 2.01, "format": "ASCII"}, "radiometer_CARE_2012-02-20_00-02-00_lv2.csv": {"temporal": ["2012-02-20T00:03:19.000Z", "2012-02-20T23:58:19.000Z"], "wnes_geometry": {"westBoundingCoordinate": -79.781, "eastBoundingCoordinate": -79.781, "northBoundingCoordinate": 44.233, "southBoundingCoordinate": 44.233}, "sizeMB": 2.01, "format": "ASCII"}, "radiometer_CARE_2012-02-21_00-02-01_lv2.csv": {"temporal": ["2012-02-21T00:03:20.000Z", "2012-02-21T23:58:19.000Z"], "wnes_geometry": {"westBoundingCoordinate": -79.781, "eastBoundingCoordinate": -79.781, "northBoundingCoordinate": 44.233, "southBoundingCoordinate": 44.233}, "sizeMB": 2.01, "format": "ASCII"}, "radiometer_CARE_2012-02-22_00-02-01_lv2.csv": {"temporal": ["2012-02-22T00:03:19.000Z", "2012-02-22T23:58:19.000Z"], "wnes_geometry": {"westBoundingCoordinate": -79.781, "eastBoundingCoordinate": -79.781, "northBoundingCoordinate": 44.233, "southBoundingCoordinate": 44.233}, "sizeMB": 2.01, "format": "ASCII"}, "radiometer_CARE_2012-02-23_00-02-00_lv2.csv": {"temporal": ["2012-02-23T00:03:20.000Z", "2012-02-23T23:58:19.000Z"], "wnes_geometry": {"westBoundingCoordinate": -79.781, "eastBoundingCoordinate": -79.781, "northBoundingCoordinate": 44.233, "southBoundingCoordinate": 44.233}, "sizeMB": 2.01, "format": "ASCII"}, "radiometer_CARE_2012-02-24_00-02-00_lv2.csv": {"temporal": ["2012-02-24T00:03:20.000Z", "2012-02-24T22:07:19.000Z"], "wnes_geometry": {"westBoundingCoordinate": -79.781, "eastBoundingCoordinate": -79.781, "northBoundingCoordinate": 44.233, "southBoundingCoordinate": 44.233}, "sizeMB": 1.85, "format": "ASCII"}, "radiometer_CARE_2012-02-24_22-10-14_lv2.csv": {"temporal": ["2012-02-24T22:11:19.000Z", "2012-02-24T23:58:19.000Z"], "wnes_geometry": {"westBoundingCoordinate": -79.781, "eastBoundingCoordinate": -79.781, "northBoundingCoordinate": 44.233, "southBoundingCoordinate": 44.233}, "sizeMB": 0.15, "format": "ASCII"}, "radiometer_CARE_2012-02-25_00-02-00_lv2.csv": {"temporal": ["2012-02-25T00:03:19.000Z", "2012-02-25T23:58:19.000Z"], "wnes_geometry": {"westBoundingCoordinate": -79.781, "eastBoundingCoordinate": -79.781, "northBoundingCoordinate": 44.233, "southBoundingCoordinate": 44.233}, "sizeMB": 2.01, "format": "ASCII"}, "radiometer_CARE_2012-02-26_00-02-00_lv2.csv": {"temporal": ["2012-02-26T00:03:19.000Z", "2012-02-26T23:58:19.000Z"], "wnes_geometry": {"westBoundingCoordinate": -79.781, "eastBoundingCoordinate": -79.781, "northBoundingCoordinate": 44.233, "southBoundingCoordinate": 44.233}, "sizeMB": 2.01, "format": "ASCII"}, "radiometer_CARE_2012-02-27_00-02-00_lv2.csv": {"temporal": ["2012-02-27T00:03:19.000Z", "2012-02-27T23:58:19.000Z"], "wnes_geometry": {"westBoundingCoordinate": -79.781, "eastBoundingCoordinate": -79.781, "northBoundingCoordinate": 44.233, "southBoundingCoordinate": 44.233}, "sizeMB": 2.01, "format": "ASCII"}, "radiometer_CARE_2012-02-28_00-02-00_lv2.csv": {"temporal": ["2012-02-28T00:03:19.000Z", "2012-02-28T14:54:19.000Z"], "wnes_geometry": {"westBoundingCoordinate": -79.781, "eastBoundingCoordinate": -79.781, "northBoundingCoordinate": 44.233, "southBoundingCoordinate": 44.233}, "sizeMB": 1.25, "format": "ASCII"}, "radiometer_CARE_2012-02-28_17-00-04_lv2.csv": {"temporal": ["2012-02-28T17:01:19.000Z", "2012-02-28T23:58:19.000Z"], "wnes_geometry": {"westBoundingCoordinate": -79.781, "eastBoundingCoordinate": -79.781, "northBoundingCoordinate": 44.233, "southBoundingCoordinate": 44.233}, "sizeMB": 0.59, "format": "ASCII"}, "radiometer_CARE_2012-02-29_00-02-00_lv2.csv": {"temporal": ["2012-02-29T00:03:19.000Z", "2012-02-29T23:58:19.000Z"], "wnes_geometry": {"westBoundingCoordinate": -79.781, "eastBoundingCoordinate": -79.781, "northBoundingCoordinate": 44.233, "southBoundingCoordinate": 44.233}, "sizeMB": 2.01, "format": "ASCII"}, "radiometer_CARE_2012-03-01_00-02-01_lv2.csv": {"temporal": ["2012-03-01T00:03:19.000Z", "2012-03-01T23:58:19.000Z"], "wnes_geometry": {"westBoundingCoordinate": -79.781, "eastBoundingCoordinate": -79.781, "northBoundingCoordinate": 44.233, "southBoundingCoordinate": 44.233}, "sizeMB": 2.01, "format": "ASCII"}}