{"gcpex_radiosonde_CARE-20120117_1810z_edt_002.tsv": {"temporal": ["2012-01-17T18:10:00.000Z", "2012-01-17T19:14:18.000Z"], "wnes_geometry": {"westBoundingCoordinate": -79.79, "eastBoundingCoordinate": -78.44, "northBoundingCoordinate": 44.6, "southBoundingCoordinate": 44.23}, "sizeMB": 0.37, "format": "ASCII"}, "gcpex_radiosonde_CARE-20120118_2233z_edt_003.tsv": {"temporal": ["2012-01-18T22:33:00.000Z", "2012-01-19T01:05:52.000Z"], "wnes_geometry": {"westBoundingCoordinate": -79.78, "eastBoundingCoordinate": -78.7, "northBoundingCoordinate": 44.45, "southBoundingCoordinate": 44.18}, "sizeMB": 0.88, "format": "ASCII"}, "gcpex_radiosonde_CARE-20120119_1356z_edt_004.tsv": {"temporal": ["2012-01-19T13:56:00.000Z", "2012-01-19T14:46:44.000Z"], "wnes_geometry": {"westBoundingCoordinate": -79.78, "eastBoundingCoordinate": -78.93, "northBoundingCoordinate": 44.46, "southBoundingCoordinate": 44.23}, "sizeMB": 0.29, "format": "ASCII"}, "gcpex_radiosonde_CARE-20120119_1851z_edt_005.tsv": {"temporal": ["2012-01-19T18:51:00.000Z", "2012-01-19T20:00:44.000Z"], "wnes_geometry": {"westBoundingCoordinate": -79.78, "eastBoundingCoordinate": -78.46, "northBoundingCoordinate": 44.42, "southBoundingCoordinate": 44.23}, "sizeMB": 0.4, "format": "ASCII"}, "gcpex_radiosonde_CARE-20120121_1809z_edt_006.tsv": {"temporal": ["2012-01-21T18:09:00.000Z", "2012-01-21T19:07:24.000Z"], "wnes_geometry": {"westBoundingCoordinate": -79.78, "eastBoundingCoordinate": -78.44, "northBoundingCoordinate": 44.23, "southBoundingCoordinate": 44.08}, "sizeMB": 0.34, "format": "ASCII"}, "gcpex_radiosonde_CARE-20120123_1400z_edt_007.tsv": {"temporal": ["2012-01-23T14:00:00.000Z", "2012-01-23T15:08:34.000Z"], "wnes_geometry": {"westBoundingCoordinate": -79.79, "eastBoundingCoordinate": -79.19, "northBoundingCoordinate": 44.96, "southBoundingCoordinate": 44.23}, "sizeMB": 0.4, "format": "ASCII"}, "gcpex_radiosonde_CARE-20120126_2353z_edt_008.tsv": {"temporal": ["2012-01-26T23:53:00.000Z", "2012-01-27T00:54:04.000Z"], "wnes_geometry": {"westBoundingCoordinate": -79.79, "eastBoundingCoordinate": -78.58, "northBoundingCoordinate": 44.63, "southBoundingCoordinate": 44.23}, "sizeMB": 0.35, "format": "ASCII"}, "gcpex_radiosonde_CARE-20120127_0601z_edt_009.tsv": {"temporal": ["2012-01-27T06:01:00.000Z", "2012-01-27T07:00:48.000Z"], "wnes_geometry": {"westBoundingCoordinate": -79.81, "eastBoundingCoordinate": -78.78, "northBoundingCoordinate": 44.89, "southBoundingCoordinate": 44.23}, "sizeMB": 0.35, "format": "ASCII"}, "gcpex_radiosonde_CARE-20120128_1500z_edt_010.tsv": {"temporal": ["2012-01-28T15:00:00.000Z", "2012-01-28T15:56:44.000Z"], "wnes_geometry": {"westBoundingCoordinate": -79.78, "eastBoundingCoordinate": -78.65, "northBoundingCoordinate": 44.9, "southBoundingCoordinate": 44.23}, "sizeMB": 0.33, "format": "ASCII"}, "gcpex_radiosonde_CARE-20120128_1937z_edt_011.tsv": {"temporal": ["2012-01-28T19:37:00.000Z", "2012-01-28T20:45:20.000Z"], "wnes_geometry": {"westBoundingCoordinate": -79.78, "eastBoundingCoordinate": -78.4, "northBoundingCoordinate": 44.91, "southBoundingCoordinate": 44.23}, "sizeMB": 0.4, "format": "ASCII"}, "gcpex_radiosonde_CARE-20120130_2218z_edt_012.tsv": {"temporal": ["2012-01-30T22:18:00.000Z", "2012-01-30T23:09:18.000Z"], "wnes_geometry": {"westBoundingCoordinate": -79.78, "eastBoundingCoordinate": -78.53, "northBoundingCoordinate": 44.25, "southBoundingCoordinate": 43.95}, "sizeMB": 0.3, "format": "ASCII"}, "gcpex_radiosonde_CARE-20120131_0357z_edt_013.tsv": {"temporal": ["2012-01-31T03:57:00.000Z", "2012-01-31T04:52:04.000Z"], "wnes_geometry": {"westBoundingCoordinate": -79.78, "eastBoundingCoordinate": -78.43, "northBoundingCoordinate": 44.26, "southBoundingCoordinate": 43.86}, "sizeMB": 0.32, "format": "ASCII"}, "gcpex_radiosonde_CARE-20120204_1407z_edt_014.tsv": {"temporal": ["2012-02-04T14:07:00.000Z", "2012-02-04T15:42:36.000Z"], "wnes_geometry": {"westBoundingCoordinate": -79.78, "eastBoundingCoordinate": -78.03, "northBoundingCoordinate": 44.23, "southBoundingCoordinate": 43.74}, "sizeMB": 0.55, "format": "ASCII"}, "gcpex_radiosonde_CARE-20120207_0051z_edt_015.tsv": {"temporal": ["2012-02-07T00:51:00.000Z", "2012-02-07T02:07:36.000Z"], "wnes_geometry": {"westBoundingCoordinate": -79.78, "eastBoundingCoordinate": -78.5, "northBoundingCoordinate": 44.23, "southBoundingCoordinate": 44.09}, "sizeMB": 0.44, "format": "ASCII"}, "gcpex_radiosonde_CARE-20120207_0220z_edt_016.tsv": {"temporal": ["2012-02-07T02:20:00.000Z", "2012-02-07T03:46:42.000Z"], "wnes_geometry": {"westBoundingCoordinate": -79.78, "eastBoundingCoordinate": -78.23, "northBoundingCoordinate": 44.23, "southBoundingCoordinate": 44.06}, "sizeMB": 0.5, "format": "ASCII"}, "gcpex_radiosonde_CARE-20120209_0025z_edt_017.tsv": {"temporal": ["2012-02-09T00:25:00.000Z", "2012-02-09T01:44:24.000Z"], "wnes_geometry": {"westBoundingCoordinate": -79.78, "eastBoundingCoordinate": -79.1, "northBoundingCoordinate": 44.23, "southBoundingCoordinate": 44.07}, "sizeMB": 0.46, "format": "ASCII"}, "gcpex_radiosonde_CARE-20120209_1935z_edt_018.tsv": {"temporal": ["2012-02-09T19:35:00.000Z", "2012-02-09T21:04:48.000Z"], "wnes_geometry": {"westBoundingCoordinate": -79.78, "eastBoundingCoordinate": -78.47, "northBoundingCoordinate": 44.35, "southBoundingCoordinate": 44.23}, "sizeMB": 0.52, "format": "ASCII"}, "gcpex_radiosonde_CARE-20120209_2115z_edt_019.tsv": {"temporal": ["2012-02-09T21:15:00.000Z", "2012-02-09T22:48:02.000Z"], "wnes_geometry": {"westBoundingCoordinate": -79.78, "eastBoundingCoordinate": -78.39, "northBoundingCoordinate": 44.33, "southBoundingCoordinate": 44.23}, "sizeMB": 0.54, "format": "ASCII"}, "gcpex_radiosonde_CARE-20120210_1808z_edt_020.tsv": {"temporal": ["2012-02-10T18:08:00.000Z", "2012-02-10T19:32:48.000Z"], "wnes_geometry": {"westBoundingCoordinate": -79.78, "eastBoundingCoordinate": -78, "northBoundingCoordinate": 44.66, "southBoundingCoordinate": 44.23}, "sizeMB": 0.49, "format": "ASCII"}, "gcpex_radiosonde_CARE-20120210_2238z_edt_021.tsv": {"temporal": ["2012-02-10T22:38:00.000Z", "2012-02-10T23:52:36.000Z"], "wnes_geometry": {"westBoundingCoordinate": -79.78, "eastBoundingCoordinate": -78.2, "northBoundingCoordinate": 44.62, "southBoundingCoordinate": 44.23}, "sizeMB": 0.43, "format": "ASCII"}, "gcpex_radiosonde_CARE-20120212_0000z_edt_022.tsv": {"temporal": ["2012-02-12T00:00:00.000Z", "2012-02-12T01:19:14.000Z"], "wnes_geometry": {"westBoundingCoordinate": -79.78, "eastBoundingCoordinate": -79.06, "northBoundingCoordinate": 44.23, "southBoundingCoordinate": 43.91}, "sizeMB": 0.46, "format": "ASCII"}, "gcpex_radiosonde_CARE-20120212_0640z_edt_023.tsv": {"temporal": ["2012-02-12T06:40:00.000Z", "2012-02-12T08:02:46.000Z"], "wnes_geometry": {"westBoundingCoordinate": -79.78, "eastBoundingCoordinate": -79.11, "northBoundingCoordinate": 44.23, "southBoundingCoordinate": 43.39}, "sizeMB": 0.48, "format": "ASCII"}, "gcpex_radiosonde_CARE-20120212_2324z_edt_024.tsv": {"temporal": ["2012-02-12T23:24:00.000Z", "2012-02-13T00:44:00.000Z"], "wnes_geometry": {"westBoundingCoordinate": -79.78, "eastBoundingCoordinate": -78.61, "northBoundingCoordinate": 44.23, "southBoundingCoordinate": 43.38}, "sizeMB": 0.46, "format": "ASCII"}, "gcpex_radiosonde_CARE-20120213_1357z_edt_025.tsv": {"temporal": ["2012-02-13T13:57:00.000Z", "2012-02-13T15:00:10.000Z"], "wnes_geometry": {"westBoundingCoordinate": -79.78, "eastBoundingCoordinate": -78.65, "northBoundingCoordinate": 44.23, "southBoundingCoordinate": 43.8}, "sizeMB": 0.37, "format": "ASCII"}, "gcpex_radiosonde_CARE-20120214_1550z_edt_026.tsv": {"temporal": ["2012-02-14T15:50:00.000Z", "2012-02-14T17:22:54.000Z"], "wnes_geometry": {"westBoundingCoordinate": -79.78, "eastBoundingCoordinate": -78.88, "northBoundingCoordinate": 44.31, "southBoundingCoordinate": 44.13}, "sizeMB": 0.54, "format": "ASCII"}, "gcpex_radiosonde_CARE-20120214_2013z_edt_027.tsv": {"temporal": ["2012-02-14T20:13:00.000Z", "2012-02-14T21:43:06.000Z"], "wnes_geometry": {"westBoundingCoordinate": -79.78, "eastBoundingCoordinate": -78.88, "northBoundingCoordinate": 44.32, "southBoundingCoordinate": 44.16}, "sizeMB": 0.52, "format": "ASCII"}, "gcpex_radiosonde_CARE-20120216_1330z_edt_028.tsv": {"temporal": ["2012-02-16T13:30:00.000Z", "2012-02-16T14:47:32.000Z"], "wnes_geometry": {"westBoundingCoordinate": -79.79, "eastBoundingCoordinate": -78.53, "northBoundingCoordinate": 44.42, "southBoundingCoordinate": 44.23}, "sizeMB": 0.45, "format": "ASCII"}, "gcpex_radiosonde_CARE-20120216_1821z_edt_029.tsv": {"temporal": ["2012-02-16T18:21:00.000Z", "2012-02-16T19:48:06.000Z"], "wnes_geometry": {"westBoundingCoordinate": -79.78, "eastBoundingCoordinate": -78.49, "northBoundingCoordinate": 44.32, "southBoundingCoordinate": 44.23}, "sizeMB": 0.5, "format": "ASCII"}, "gcpex_radiosonde_CARE-20120218_0924z_edt_030.tsv": {"temporal": ["2012-02-18T09:24:00.000Z", "2012-02-18T10:49:12.000Z"], "wnes_geometry": {"westBoundingCoordinate": -79.78, "eastBoundingCoordinate": -78.37, "northBoundingCoordinate": 44.28, "southBoundingCoordinate": 44.21}, "sizeMB": 0.49, "format": "ASCII"}, "gcpex_radiosonde_CARE-20120218_1329z_edt_031.tsv": {"temporal": ["2012-02-18T13:29:00.000Z", "2012-02-18T15:02:06.000Z"], "wnes_geometry": {"westBoundingCoordinate": -79.79, "eastBoundingCoordinate": -78.48, "northBoundingCoordinate": 44.28, "southBoundingCoordinate": 44.19}, "sizeMB": 0.54, "format": "ASCII"}, "gcpex_radiosonde_CARE-20120218_1902z_edt_032.tsv": {"temporal": ["2012-02-18T19:02:00.000Z", "2012-02-18T20:31:46.000Z"], "wnes_geometry": {"westBoundingCoordinate": -79.8, "eastBoundingCoordinate": -78.49, "northBoundingCoordinate": 44.23, "southBoundingCoordinate": 43.99}, "sizeMB": 0.52, "format": "ASCII"}, "gcpex_radiosonde_CARE-20120220_1425z_edt_033.tsv": {"temporal": ["2012-02-20T14:25:00.000Z", "2012-02-20T15:53:14.000Z"], "wnes_geometry": {"westBoundingCoordinate": -79.78, "eastBoundingCoordinate": -79.03, "northBoundingCoordinate": 44.23, "southBoundingCoordinate": 43.95}, "sizeMB": 0.51, "format": "ASCII"}, "gcpex_radiosonde_CARE-20120221_1656z_edt_035.tsv": {"temporal": ["2012-02-21T16:56:00.000Z", "2012-02-21T18:11:26.000Z"], "wnes_geometry": {"westBoundingCoordinate": -79.78, "eastBoundingCoordinate": -79.09, "northBoundingCoordinate": 44.74, "southBoundingCoordinate": 44.23}, "sizeMB": 0.44, "format": "ASCII"}, "gcpex_radiosonde_CARE-20120221_2054z_edt_036.tsv": {"temporal": ["2012-02-21T20:54:00.000Z", "2012-02-21T22:00:40.000Z"], "wnes_geometry": {"westBoundingCoordinate": -79.78, "eastBoundingCoordinate": -78.92, "northBoundingCoordinate": 44.49, "southBoundingCoordinate": 44.23}, "sizeMB": 0.39, "format": "ASCII"}, "gcpex_radiosonde_CARE-20120224_1049z_edt_037.tsv": {"temporal": ["2012-02-24T10:49:00.000Z", "2012-02-24T11:13:36.000Z"], "wnes_geometry": {"westBoundingCoordinate": -79.82, "eastBoundingCoordinate": -79.65, "northBoundingCoordinate": 44.35, "southBoundingCoordinate": 44.23}, "sizeMB": 0.14, "format": "ASCII"}, "gcpex_radiosonde_CARE-20120224_1955z_edt_038.tsv": {"temporal": ["2012-02-24T19:55:00.000Z", "2012-02-24T20:18:42.000Z"], "wnes_geometry": {"westBoundingCoordinate": -79.79, "eastBoundingCoordinate": -79.67, "northBoundingCoordinate": 44.38, "southBoundingCoordinate": 44.23}, "sizeMB": 0.14, "format": "ASCII"}, "gcpex_radiosonde_CARE-20120224_2127z_edt_039.tsv": {"temporal": ["2012-02-24T21:27:00.000Z", "2012-02-24T21:59:14.000Z"], "wnes_geometry": {"westBoundingCoordinate": -79.78, "eastBoundingCoordinate": -79.57, "northBoundingCoordinate": 44.31, "southBoundingCoordinate": 44.23}, "sizeMB": 0.2, "format": "ASCII"}, "gcpex_radiosonde_CARE-20120229_1457z_edt_040.tsv": {"temporal": ["2012-02-29T14:57:00.000Z", "2012-02-29T15:27:06.000Z"], "wnes_geometry": {"westBoundingCoordinate": -79.85, "eastBoundingCoordinate": -79.56, "northBoundingCoordinate": 44.32, "southBoundingCoordinate": 44.23}, "sizeMB": 0.18, "format": "ASCII"}, "gcpex_radiosonde_CARE-20120229_1754z_edt_041.tsv": {"temporal": ["2012-02-29T17:54:00.000Z", "2012-02-29T18:20:14.000Z"], "wnes_geometry": {"westBoundingCoordinate": -79.85, "eastBoundingCoordinate": -79.61, "northBoundingCoordinate": 44.32, "southBoundingCoordinate": 44.23}, "sizeMB": 0.15, "format": "ASCII"}}