{"IPHEx_TRG260_raingauge_20140501.L1b.nc": {"temporal": ["2014-05-01T00:00:00.000Z", "2014-05-01T23:59:59.000Z"], "wnes_geometry": {"westBoundingCoordinate": -83.1, "eastBoundingCoordinate": -83.08, "northBoundingCoordinate": 35.52, "southBoundingCoordinate": 35.51}, "sizeMB": 0.02, "format": "Not provided"}, "IPHEx_TRG260_raingauge_20140502.L1b.nc": {"temporal": ["2014-05-02T00:00:00.000Z", "2014-05-02T23:59:59.000Z"], "wnes_geometry": {"westBoundingCoordinate": -83.1, "eastBoundingCoordinate": -83.08, "northBoundingCoordinate": 35.52, "southBoundingCoordinate": 35.51}, "sizeMB": 0.04, "format": "Not provided"}, "IPHEx_TRG260_raingauge_20140503.L1b.nc": {"temporal": ["2014-05-03T00:00:00.000Z", "2014-05-03T23:59:59.000Z"], "wnes_geometry": {"westBoundingCoordinate": -83.1, "eastBoundingCoordinate": -83.08, "northBoundingCoordinate": 35.52, "southBoundingCoordinate": 35.51}, "sizeMB": 0.04, "format": "Not provided"}, "IPHEx_TRG260_raingauge_20140504.L1b.nc": {"temporal": ["2014-05-04T00:00:00.000Z", "2014-05-04T23:59:59.000Z"], "wnes_geometry": {"westBoundingCoordinate": -83.1, "eastBoundingCoordinate": -83.08, "northBoundingCoordinate": 35.52, "southBoundingCoordinate": 35.51}, "sizeMB": 0.04, "format": "Not provided"}, "IPHEx_TRG260_raingauge_20140505.L1b.nc": {"temporal": ["2014-05-05T00:00:00.000Z", "2014-05-05T23:59:59.000Z"], "wnes_geometry": {"westBoundingCoordinate": -83.1, "eastBoundingCoordinate": -83.08, "northBoundingCoordinate": 35.52, "southBoundingCoordinate": 35.51}, "sizeMB": 0.04, "format": "Not provided"}, "IPHEX_ORG815_raingauge_20140506.L1b.nc": {"temporal": ["2014-05-06T00:00:00.000Z", "2014-05-06T23:59:59.000Z"], "wnes_geometry": {"westBoundingCoordinate": -83.1, "eastBoundingCoordinate": -83.08, "northBoundingCoordinate": 35.52, "southBoundingCoordinate": 35.51}, "sizeMB": 0.01, "format": "Not provided"}, "IPHEx_TRG260_raingauge_20140506.L1b.nc": {"temporal": ["2014-05-06T00:00:00.000Z", "2014-05-06T23:59:59.000Z"], "wnes_geometry": {"westBoundingCoordinate": -83.1, "eastBoundingCoordinate": -83.08, "northBoundingCoordinate": 35.52, "southBoundingCoordinate": 35.51}, "sizeMB": 0.04, "format": "Not provided"}, "IPHEx_TRG260_raingauge_20140507.L1b.nc": {"temporal": ["2014-05-07T00:00:00.000Z", "2014-05-07T23:59:59.000Z"], "wnes_geometry": {"westBoundingCoordinate": -83.1, "eastBoundingCoordinate": -83.08, "northBoundingCoordinate": 35.52, "southBoundingCoordinate": 35.51}, "sizeMB": 0.04, "format": "Not provided"}, "IPHEX_ORG815_raingauge_20140507.L1b.nc": {"temporal": ["2014-05-07T00:00:00.000Z", "2014-05-07T23:59:59.000Z"], "wnes_geometry": {"westBoundingCoordinate": -83.1, "eastBoundingCoordinate": -83.08, "northBoundingCoordinate": 35.52, "southBoundingCoordinate": 35.51}, "sizeMB": 0.02, "format": "Not provided"}, "IPHEx_TRG260_raingauge_20140508.L1b.nc": {"temporal": ["2014-05-08T00:00:00.000Z", "2014-05-08T23:59:59.000Z"], "wnes_geometry": {"westBoundingCoordinate": -83.1, "eastBoundingCoordinate": -83.08, "northBoundingCoordinate": 35.52, "southBoundingCoordinate": 35.51}, "sizeMB": 0.04, "format": "Not provided"}, "IPHEX_ORG815_raingauge_20140508.L1b.nc": {"temporal": ["2014-05-08T00:00:00.000Z", "2014-05-08T23:59:59.000Z"], "wnes_geometry": {"westBoundingCoordinate": -83.1, "eastBoundingCoordinate": -83.08, "northBoundingCoordinate": 35.52, "southBoundingCoordinate": 35.51}, "sizeMB": 0.07, "format": "Not provided"}, "IPHEX_ORG815_raingauge_20140509.L1b.nc": {"temporal": ["2014-05-09T00:00:00.000Z", "2014-05-09T23:59:59.000Z"], "wnes_geometry": {"westBoundingCoordinate": -83.1, "eastBoundingCoordinate": -83.08, "northBoundingCoordinate": 35.52, "southBoundingCoordinate": 35.51}, "sizeMB": 0.11, "format": "Not provided"}, "IPHEx_TRG260_raingauge_20140509.L1b.nc": {"temporal": ["2014-05-09T00:00:00.000Z", "2014-05-09T23:59:59.000Z"], "wnes_geometry": {"westBoundingCoordinate": -83.1, "eastBoundingCoordinate": -83.08, "northBoundingCoordinate": 35.52, "southBoundingCoordinate": 35.51}, "sizeMB": 0.04, "format": "Not provided"}, "IPHEX_ORG815_raingauge_20140510.L1b.nc": {"temporal": ["2014-05-10T00:00:00.000Z", "2014-05-10T23:59:59.000Z"], "wnes_geometry": {"westBoundingCoordinate": -83.1, "eastBoundingCoordinate": -83.08, "northBoundingCoordinate": 35.52, "southBoundingCoordinate": 35.51}, "sizeMB": 0.11, "format": "Not provided"}, "IPHEx_TRG260_raingauge_20140510.L1b.nc": {"temporal": ["2014-05-10T00:00:00.000Z", "2014-05-10T23:59:59.000Z"], "wnes_geometry": {"westBoundingCoordinate": -83.1, "eastBoundingCoordinate": -83.08, "northBoundingCoordinate": 35.52, "southBoundingCoordinate": 35.51}, "sizeMB": 0.04, "format": "Not provided"}, "IPHEx_TRG260_raingauge_20140511.L1b.nc": {"temporal": ["2014-05-11T00:00:00.000Z", "2014-05-11T23:59:59.000Z"], "wnes_geometry": {"westBoundingCoordinate": -83.1, "eastBoundingCoordinate": -83.08, "northBoundingCoordinate": 35.52, "southBoundingCoordinate": 35.51}, "sizeMB": 0.04, "format": "Not provided"}, "IPHEX_ORG815_raingauge_20140511.L1b.nc": {"temporal": ["2014-05-11T00:00:00.000Z", "2014-05-11T23:59:59.000Z"], "wnes_geometry": {"westBoundingCoordinate": -83.1, "eastBoundingCoordinate": -83.08, "northBoundingCoordinate": 35.52, "southBoundingCoordinate": 35.51}, "sizeMB": 0.11, "format": "Not provided"}, "IPHEX_ORG815_raingauge_20140512.L1b.nc": {"temporal": ["2014-05-12T00:00:00.000Z", "2014-05-12T23:59:59.000Z"], "wnes_geometry": {"westBoundingCoordinate": -83.1, "eastBoundingCoordinate": -83.08, "northBoundingCoordinate": 35.52, "southBoundingCoordinate": 35.51}, "sizeMB": 0.11, "format": "Not provided"}, "IPHEx_TRG260_raingauge_20140512.L1b.nc": {"temporal": ["2014-05-12T00:00:00.000Z", "2014-05-12T23:59:59.000Z"], "wnes_geometry": {"westBoundingCoordinate": -83.1, "eastBoundingCoordinate": -83.08, "northBoundingCoordinate": 35.52, "southBoundingCoordinate": 35.51}, "sizeMB": 0.04, "format": "Not provided"}, "IPHEx_TRG260_raingauge_20140513.L1b.nc": {"temporal": ["2014-05-13T00:00:00.000Z", "2014-05-13T23:59:59.000Z"], "wnes_geometry": {"westBoundingCoordinate": -83.1, "eastBoundingCoordinate": -83.08, "northBoundingCoordinate": 35.52, "southBoundingCoordinate": 35.51}, "sizeMB": 0.04, "format": "Not provided"}, "IPHEX_ORG815_raingauge_20140513.L1b.nc": {"temporal": ["2014-05-13T00:00:00.000Z", "2014-05-13T23:59:59.000Z"], "wnes_geometry": {"westBoundingCoordinate": -83.1, "eastBoundingCoordinate": -83.08, "northBoundingCoordinate": 35.52, "southBoundingCoordinate": 35.51}, "sizeMB": 0.11, "format": "Not provided"}, "IPHEx_TRG260_raingauge_20140514.L1b.nc": {"temporal": ["2014-05-14T00:00:00.000Z", "2014-05-14T23:59:59.000Z"], "wnes_geometry": {"westBoundingCoordinate": -83.1, "eastBoundingCoordinate": -83.08, "northBoundingCoordinate": 35.52, "southBoundingCoordinate": 35.51}, "sizeMB": 0.05, "format": "Not provided"}, "IPHEX_ORG815_raingauge_20140514.L1b.nc": {"temporal": ["2014-05-14T00:00:00.000Z", "2014-05-14T23:59:59.000Z"], "wnes_geometry": {"westBoundingCoordinate": -83.1, "eastBoundingCoordinate": -83.08, "northBoundingCoordinate": 35.52, "southBoundingCoordinate": 35.51}, "sizeMB": 0.11, "format": "Not provided"}, "IPHEx_TRG260_raingauge_20140515.L1b.nc": {"temporal": ["2014-05-15T00:00:00.000Z", "2014-05-15T23:59:59.000Z"], "wnes_geometry": {"westBoundingCoordinate": -83.1, "eastBoundingCoordinate": -83.08, "northBoundingCoordinate": 35.52, "southBoundingCoordinate": 35.51}, "sizeMB": 0.05, "format": "Not provided"}, "IPHEX_ORG815_raingauge_20140515.L1b.nc": {"temporal": ["2014-05-15T00:00:00.000Z", "2014-05-15T23:59:59.000Z"], "wnes_geometry": {"westBoundingCoordinate": -83.1, "eastBoundingCoordinate": -83.08, "northBoundingCoordinate": 35.52, "southBoundingCoordinate": 35.51}, "sizeMB": 0.11, "format": "Not provided"}, "IPHEx_TRG260_raingauge_20140516.L1b.nc": {"temporal": ["2014-05-16T00:00:00.000Z", "2014-05-16T23:59:59.000Z"], "wnes_geometry": {"westBoundingCoordinate": -83.1, "eastBoundingCoordinate": -83.08, "northBoundingCoordinate": 35.52, "southBoundingCoordinate": 35.51}, "sizeMB": 0.04, "format": "Not provided"}, "IPHEX_ORG815_raingauge_20140516.L1b.nc": {"temporal": ["2014-05-16T00:00:00.000Z", "2014-05-16T23:59:59.000Z"], "wnes_geometry": {"westBoundingCoordinate": -83.1, "eastBoundingCoordinate": -83.08, "northBoundingCoordinate": 35.52, "southBoundingCoordinate": 35.51}, "sizeMB": 0.11, "format": "Not provided"}, "IPHEX_ORG815_raingauge_20140517.L1b.nc": {"temporal": ["2014-05-17T00:00:00.000Z", "2014-05-17T23:59:59.000Z"], "wnes_geometry": {"westBoundingCoordinate": -83.1, "eastBoundingCoordinate": -83.08, "northBoundingCoordinate": 35.52, "southBoundingCoordinate": 35.51}, "sizeMB": 0.11, "format": "Not provided"}, "IPHEx_TRG260_raingauge_20140517.L1b.nc": {"temporal": ["2014-05-17T00:00:00.000Z", "2014-05-17T23:59:59.000Z"], "wnes_geometry": {"westBoundingCoordinate": -83.1, "eastBoundingCoordinate": -83.08, "northBoundingCoordinate": 35.52, "southBoundingCoordinate": 35.51}, "sizeMB": 0.04, "format": "Not provided"}, "IPHEX_ORG815_raingauge_20140518.L1b.nc": {"temporal": ["2014-05-18T00:00:00.000Z", "2014-05-18T23:59:59.000Z"], "wnes_geometry": {"westBoundingCoordinate": -83.1, "eastBoundingCoordinate": -83.08, "northBoundingCoordinate": 35.52, "southBoundingCoordinate": 35.51}, "sizeMB": 0.11, "format": "Not provided"}, "IPHEx_TRG260_raingauge_20140518.L1b.nc": {"temporal": ["2014-05-18T00:00:00.000Z", "2014-05-18T23:59:59.000Z"], "wnes_geometry": {"westBoundingCoordinate": -83.1, "eastBoundingCoordinate": -83.08, "northBoundingCoordinate": 35.52, "southBoundingCoordinate": 35.51}, "sizeMB": 0.04, "format": "Not provided"}, "IPHEx_TRG260_raingauge_20140519.L1b.nc": {"temporal": ["2014-05-19T00:00:00.000Z", "2014-05-19T23:59:59.000Z"], "wnes_geometry": {"westBoundingCoordinate": -83.1, "eastBoundingCoordinate": -83.08, "northBoundingCoordinate": 35.52, "southBoundingCoordinate": 35.51}, "sizeMB": 0.04, "format": "Not provided"}, "IPHEX_ORG815_raingauge_20140519.L1b.nc": {"temporal": ["2014-05-19T00:00:00.000Z", "2014-05-19T23:59:59.000Z"], "wnes_geometry": {"westBoundingCoordinate": -83.1, "eastBoundingCoordinate": -83.08, "northBoundingCoordinate": 35.52, "southBoundingCoordinate": 35.51}, "sizeMB": 0.09, "format": "Not provided"}, "IPHEx_TRG260_raingauge_20140520.L1b.nc": {"temporal": ["2014-05-20T00:00:00.000Z", "2014-05-20T23:59:59.000Z"], "wnes_geometry": {"westBoundingCoordinate": -83.1, "eastBoundingCoordinate": -83.08, "northBoundingCoordinate": 35.52, "southBoundingCoordinate": 35.51}, "sizeMB": 0.04, "format": "Not provided"}, "IPHEx_TRG260_raingauge_20140521.L1b.nc": {"temporal": ["2014-05-21T00:00:00.000Z", "2014-05-21T23:59:59.000Z"], "wnes_geometry": {"westBoundingCoordinate": -83.1, "eastBoundingCoordinate": -83.08, "northBoundingCoordinate": 35.52, "southBoundingCoordinate": 35.51}, "sizeMB": 0.04, "format": "Not provided"}, "IPHEx_TRG260_raingauge_20140522.L1b.nc": {"temporal": ["2014-05-22T00:00:00.000Z", "2014-05-22T23:59:59.000Z"], "wnes_geometry": {"westBoundingCoordinate": -83.1, "eastBoundingCoordinate": -83.08, "northBoundingCoordinate": 35.52, "southBoundingCoordinate": 35.51}, "sizeMB": 0.04, "format": "Not provided"}, "IPHEX_ORG815_raingauge_20140522.L1b.nc": {"temporal": ["2014-05-22T00:00:00.000Z", "2014-05-22T23:59:59.000Z"], "wnes_geometry": {"westBoundingCoordinate": -83.1, "eastBoundingCoordinate": -83.08, "northBoundingCoordinate": 35.52, "southBoundingCoordinate": 35.51}, "sizeMB": 0.03, "format": "Not provided"}, "IPHEX_ORG815_raingauge_20140523.L1b.nc": {"temporal": ["2014-05-23T00:00:00.000Z", "2014-05-23T23:59:59.000Z"], "wnes_geometry": {"westBoundingCoordinate": -83.1, "eastBoundingCoordinate": -83.08, "northBoundingCoordinate": 35.52, "southBoundingCoordinate": 35.51}, "sizeMB": 0.11, "format": "Not provided"}, "IPHEx_TRG260_raingauge_20140523.L1b.nc": {"temporal": ["2014-05-23T00:00:00.000Z", "2014-05-23T23:59:59.000Z"], "wnes_geometry": {"westBoundingCoordinate": -83.1, "eastBoundingCoordinate": -83.08, "northBoundingCoordinate": 35.52, "southBoundingCoordinate": 35.51}, "sizeMB": 0.04, "format": "Not provided"}, "IPHEx_TRG260_raingauge_20140524.L1b.nc": {"temporal": ["2014-05-24T00:00:00.000Z", "2014-05-24T23:59:59.000Z"], "wnes_geometry": {"westBoundingCoordinate": -83.1, "eastBoundingCoordinate": -83.08, "northBoundingCoordinate": 35.52, "southBoundingCoordinate": 35.51}, "sizeMB": 0.04, "format": "Not provided"}, "IPHEX_ORG815_raingauge_20140524.L1b.nc": {"temporal": ["2014-05-24T00:00:00.000Z", "2014-05-24T23:59:59.000Z"], "wnes_geometry": {"westBoundingCoordinate": -83.1, "eastBoundingCoordinate": -83.08, "northBoundingCoordinate": 35.52, "southBoundingCoordinate": 35.51}, "sizeMB": 0.11, "format": "Not provided"}, "IPHEx_TRG260_raingauge_20140525.L1b.nc": {"temporal": ["2014-05-25T00:00:00.000Z", "2014-05-25T23:59:59.000Z"], "wnes_geometry": {"westBoundingCoordinate": -83.1, "eastBoundingCoordinate": -83.08, "northBoundingCoordinate": 35.52, "southBoundingCoordinate": 35.51}, "sizeMB": 0.04, "format": "Not provided"}, "IPHEX_ORG815_raingauge_20140525.L1b.nc": {"temporal": ["2014-05-25T00:00:00.000Z", "2014-05-25T23:59:59.000Z"], "wnes_geometry": {"westBoundingCoordinate": -83.1, "eastBoundingCoordinate": -83.08, "northBoundingCoordinate": 35.52, "southBoundingCoordinate": 35.51}, "sizeMB": 0.11, "format": "Not provided"}, "IPHEX_ORG815_raingauge_20140526.L1b.nc": {"temporal": ["2014-05-26T00:00:00.000Z", "2014-05-26T23:59:59.000Z"], "wnes_geometry": {"westBoundingCoordinate": -83.1, "eastBoundingCoordinate": -83.08, "northBoundingCoordinate": 35.52, "southBoundingCoordinate": 35.51}, "sizeMB": 0.11, "format": "Not provided"}, "IPHEx_TRG260_raingauge_20140526.L1b.nc": {"temporal": ["2014-05-26T00:00:00.000Z", "2014-05-26T23:59:59.000Z"], "wnes_geometry": {"westBoundingCoordinate": -83.1, "eastBoundingCoordinate": -83.08, "northBoundingCoordinate": 35.52, "southBoundingCoordinate": 35.51}, "sizeMB": 0.04, "format": "Not provided"}, "IPHEx_TRG260_raingauge_20140527.L1b.nc": {"temporal": ["2014-05-27T00:00:00.000Z", "2014-05-27T23:59:59.000Z"], "wnes_geometry": {"westBoundingCoordinate": -83.1, "eastBoundingCoordinate": -83.08, "northBoundingCoordinate": 35.52, "southBoundingCoordinate": 35.51}, "sizeMB": 0.04, "format": "Not provided"}, "IPHEX_ORG815_raingauge_20140527.L1b.nc": {"temporal": ["2014-05-27T00:00:00.000Z", "2014-05-27T23:59:59.000Z"], "wnes_geometry": {"westBoundingCoordinate": -83.1, "eastBoundingCoordinate": -83.08, "northBoundingCoordinate": 35.52, "southBoundingCoordinate": 35.51}, "sizeMB": 0.11, "format": "Not provided"}, "IPHEx_TRG260_raingauge_20140528.L1b.nc": {"temporal": ["2014-05-28T00:00:00.000Z", "2014-05-28T23:59:59.000Z"], "wnes_geometry": {"westBoundingCoordinate": -83.1, "eastBoundingCoordinate": -83.08, "northBoundingCoordinate": 35.52, "southBoundingCoordinate": 35.51}, "sizeMB": 0.04, "format": "Not provided"}, "IPHEX_ORG815_raingauge_20140528.L1b.nc": {"temporal": ["2014-05-28T00:00:00.000Z", "2014-05-28T23:59:59.000Z"], "wnes_geometry": {"westBoundingCoordinate": -83.1, "eastBoundingCoordinate": -83.08, "northBoundingCoordinate": 35.52, "southBoundingCoordinate": 35.51}, "sizeMB": 0.11, "format": "Not provided"}, "IPHEX_ORG815_raingauge_20140529.L1b.nc": {"temporal": ["2014-05-29T00:00:00.000Z", "2014-05-29T23:59:59.000Z"], "wnes_geometry": {"westBoundingCoordinate": -83.1, "eastBoundingCoordinate": -83.08, "northBoundingCoordinate": 35.52, "southBoundingCoordinate": 35.51}, "sizeMB": 0.11, "format": "Not provided"}, "IPHEx_TRG260_raingauge_20140529.L1b.nc": {"temporal": ["2014-05-29T00:00:00.000Z", "2014-05-29T23:59:59.000Z"], "wnes_geometry": {"westBoundingCoordinate": -83.1, "eastBoundingCoordinate": -83.08, "northBoundingCoordinate": 35.52, "southBoundingCoordinate": 35.51}, "sizeMB": 0.04, "format": "Not provided"}, "IPHEX_ORG815_raingauge_20140530.L1b.nc": {"temporal": ["2014-05-30T00:00:00.000Z", "2014-05-30T23:59:59.000Z"], "wnes_geometry": {"westBoundingCoordinate": -83.1, "eastBoundingCoordinate": -83.08, "northBoundingCoordinate": 35.52, "southBoundingCoordinate": 35.51}, "sizeMB": 0.11, "format": "Not provided"}, "IPHEx_TRG260_raingauge_20140530.L1b.nc": {"temporal": ["2014-05-30T00:00:00.000Z", "2014-05-30T23:59:59.000Z"], "wnes_geometry": {"westBoundingCoordinate": -83.1, "eastBoundingCoordinate": -83.08, "northBoundingCoordinate": 35.52, "southBoundingCoordinate": 35.51}, "sizeMB": 0.05, "format": "Not provided"}, "IPHEX_ORG815_raingauge_20140531.L1b.nc": {"temporal": ["2014-05-31T00:00:00.000Z", "2014-05-31T23:59:59.000Z"], "wnes_geometry": {"westBoundingCoordinate": -83.1, "eastBoundingCoordinate": -83.08, "northBoundingCoordinate": 35.52, "southBoundingCoordinate": 35.51}, "sizeMB": 0.11, "format": "Not provided"}, "IPHEx_TRG260_raingauge_20140531.L1b.nc": {"temporal": ["2014-05-31T00:00:00.000Z", "2014-05-31T23:59:59.000Z"], "wnes_geometry": {"westBoundingCoordinate": -83.1, "eastBoundingCoordinate": -83.08, "northBoundingCoordinate": 35.52, "southBoundingCoordinate": 35.51}, "sizeMB": 0.04, "format": "Not provided"}, "IPHEX_ORG815_raingauge_20140601.L1b.nc": {"temporal": ["2014-06-01T00:00:00.000Z", "2014-06-01T23:59:59.000Z"], "wnes_geometry": {"westBoundingCoordinate": -83.1, "eastBoundingCoordinate": -83.08, "northBoundingCoordinate": 35.52, "southBoundingCoordinate": 35.51}, "sizeMB": 0.11, "format": "Not provided"}, "IPHEx_TRG260_raingauge_20140601.L1b.nc": {"temporal": ["2014-06-01T00:00:00.000Z", "2014-06-01T23:59:59.000Z"], "wnes_geometry": {"westBoundingCoordinate": -83.1, "eastBoundingCoordinate": -83.08, "northBoundingCoordinate": 35.52, "southBoundingCoordinate": 35.51}, "sizeMB": 0.04, "format": "Not provided"}, "IPHEX_ORG815_raingauge_20140602.L1b.nc": {"temporal": ["2014-06-02T00:00:00.000Z", "2014-06-02T23:59:59.000Z"], "wnes_geometry": {"westBoundingCoordinate": -83.1, "eastBoundingCoordinate": -83.08, "northBoundingCoordinate": 35.52, "southBoundingCoordinate": 35.51}, "sizeMB": 0.11, "format": "Not provided"}, "IPHEx_TRG260_raingauge_20140602.L1b.nc": {"temporal": ["2014-06-02T00:00:00.000Z", "2014-06-02T23:59:59.000Z"], "wnes_geometry": {"westBoundingCoordinate": -83.1, "eastBoundingCoordinate": -83.08, "northBoundingCoordinate": 35.52, "southBoundingCoordinate": 35.51}, "sizeMB": 0.04, "format": "Not provided"}, "IPHEx_TRG260_raingauge_20140603.L1b.nc": {"temporal": ["2014-06-03T00:00:00.000Z", "2014-06-03T23:59:59.000Z"], "wnes_geometry": {"westBoundingCoordinate": -83.1, "eastBoundingCoordinate": -83.08, "northBoundingCoordinate": 35.52, "southBoundingCoordinate": 35.51}, "sizeMB": 0.04, "format": "Not provided"}, "IPHEX_ORG815_raingauge_20140603.L1b.nc": {"temporal": ["2014-06-03T00:00:00.000Z", "2014-06-03T23:59:59.000Z"], "wnes_geometry": {"westBoundingCoordinate": -83.1, "eastBoundingCoordinate": -83.08, "northBoundingCoordinate": 35.52, "southBoundingCoordinate": 35.51}, "sizeMB": 0.11, "format": "Not provided"}, "IPHEX_ORG815_raingauge_20140604.L1b.nc": {"temporal": ["2014-06-04T00:00:00.000Z", "2014-06-04T23:59:59.000Z"], "wnes_geometry": {"westBoundingCoordinate": -83.1, "eastBoundingCoordinate": -83.08, "northBoundingCoordinate": 35.52, "southBoundingCoordinate": 35.51}, "sizeMB": 0.11, "format": "Not provided"}, "IPHEx_TRG260_raingauge_20140604.L1b.nc": {"temporal": ["2014-06-04T00:00:00.000Z", "2014-06-04T23:59:59.000Z"], "wnes_geometry": {"westBoundingCoordinate": -83.1, "eastBoundingCoordinate": -83.08, "northBoundingCoordinate": 35.52, "southBoundingCoordinate": 35.51}, "sizeMB": 0.04, "format": "Not provided"}, "IPHEx_TRG260_raingauge_20140605.L1b.nc": {"temporal": ["2014-06-05T00:00:00.000Z", "2014-06-05T23:59:59.000Z"], "wnes_geometry": {"westBoundingCoordinate": -83.1, "eastBoundingCoordinate": -83.08, "northBoundingCoordinate": 35.52, "southBoundingCoordinate": 35.51}, "sizeMB": 0.04, "format": "Not provided"}, "IPHEX_ORG815_raingauge_20140605.L1b.nc": {"temporal": ["2014-06-05T00:00:00.000Z", "2014-06-05T23:59:59.000Z"], "wnes_geometry": {"westBoundingCoordinate": -83.1, "eastBoundingCoordinate": -83.08, "northBoundingCoordinate": 35.52, "southBoundingCoordinate": 35.51}, "sizeMB": 0.11, "format": "Not provided"}, "IPHEx_TRG260_raingauge_20140606.L1b.nc": {"temporal": ["2014-06-06T00:00:00.000Z", "2014-06-06T23:59:59.000Z"], "wnes_geometry": {"westBoundingCoordinate": -83.1, "eastBoundingCoordinate": -83.08, "northBoundingCoordinate": 35.52, "southBoundingCoordinate": 35.51}, "sizeMB": 0.04, "format": "Not provided"}, "IPHEX_ORG815_raingauge_20140606.L1b.nc": {"temporal": ["2014-06-06T00:00:00.000Z", "2014-06-06T23:59:59.000Z"], "wnes_geometry": {"westBoundingCoordinate": -83.1, "eastBoundingCoordinate": -83.08, "northBoundingCoordinate": 35.52, "southBoundingCoordinate": 35.51}, "sizeMB": 0.11, "format": "Not provided"}, "IPHEx_TRG260_raingauge_20140607.L1b.nc": {"temporal": ["2014-06-07T00:00:00.000Z", "2014-06-07T23:59:59.000Z"], "wnes_geometry": {"westBoundingCoordinate": -83.1, "eastBoundingCoordinate": -83.08, "northBoundingCoordinate": 35.52, "southBoundingCoordinate": 35.51}, "sizeMB": 0.04, "format": "Not provided"}, "IPHEX_ORG815_raingauge_20140607.L1b.nc": {"temporal": ["2014-06-07T00:00:00.000Z", "2014-06-07T23:59:59.000Z"], "wnes_geometry": {"westBoundingCoordinate": -83.1, "eastBoundingCoordinate": -83.08, "northBoundingCoordinate": 35.52, "southBoundingCoordinate": 35.51}, "sizeMB": 0.11, "format": "Not provided"}, "IPHEX_ORG815_raingauge_20140608.L1b.nc": {"temporal": ["2014-06-08T00:00:00.000Z", "2014-06-08T23:59:59.000Z"], "wnes_geometry": {"westBoundingCoordinate": -83.1, "eastBoundingCoordinate": -83.08, "northBoundingCoordinate": 35.52, "southBoundingCoordinate": 35.51}, "sizeMB": 0.11, "format": "Not provided"}, "IPHEx_TRG260_raingauge_20140608.L1b.nc": {"temporal": ["2014-06-08T00:00:00.000Z", "2014-06-08T23:59:59.000Z"], "wnes_geometry": {"westBoundingCoordinate": -83.1, "eastBoundingCoordinate": -83.08, "northBoundingCoordinate": 35.52, "southBoundingCoordinate": 35.51}, "sizeMB": 0.04, "format": "Not provided"}, "IPHEX_ORG815_raingauge_20140609.L1b.nc": {"temporal": ["2014-06-09T00:00:00.000Z", "2014-06-09T23:59:59.000Z"], "wnes_geometry": {"westBoundingCoordinate": -83.1, "eastBoundingCoordinate": -83.08, "northBoundingCoordinate": 35.52, "southBoundingCoordinate": 35.51}, "sizeMB": 0.11, "format": "Not provided"}, "IPHEx_TRG260_raingauge_20140609.L1b.nc": {"temporal": ["2014-06-09T00:00:00.000Z", "2014-06-09T23:59:59.000Z"], "wnes_geometry": {"westBoundingCoordinate": -83.1, "eastBoundingCoordinate": -83.08, "northBoundingCoordinate": 35.52, "southBoundingCoordinate": 35.51}, "sizeMB": 0.04, "format": "Not provided"}, "IPHEx_TRG260_raingauge_20140610.L1b.nc": {"temporal": ["2014-06-10T00:00:00.000Z", "2014-06-10T23:59:59.000Z"], "wnes_geometry": {"westBoundingCoordinate": -83.1, "eastBoundingCoordinate": -83.08, "northBoundingCoordinate": 35.52, "southBoundingCoordinate": 35.51}, "sizeMB": 0.04, "format": "Not provided"}, "IPHEX_ORG815_raingauge_20140610.L1b.nc": {"temporal": ["2014-06-10T00:00:00.000Z", "2014-06-10T23:59:59.000Z"], "wnes_geometry": {"westBoundingCoordinate": -83.1, "eastBoundingCoordinate": -83.08, "northBoundingCoordinate": 35.52, "southBoundingCoordinate": 35.51}, "sizeMB": 0.11, "format": "Not provided"}, "IPHEx_TRG260_raingauge_20140611.L1b.nc": {"temporal": ["2014-06-11T00:00:00.000Z", "2014-06-11T23:59:59.000Z"], "wnes_geometry": {"westBoundingCoordinate": -83.1, "eastBoundingCoordinate": -83.08, "northBoundingCoordinate": 35.52, "southBoundingCoordinate": 35.51}, "sizeMB": 0.04, "format": "Not provided"}, "IPHEX_ORG815_raingauge_20140611.L1b.nc": {"temporal": ["2014-06-11T00:00:00.000Z", "2014-06-11T23:59:59.000Z"], "wnes_geometry": {"westBoundingCoordinate": -83.1, "eastBoundingCoordinate": -83.08, "northBoundingCoordinate": 35.52, "southBoundingCoordinate": 35.51}, "sizeMB": 0.11, "format": "Not provided"}, "IPHEx_TRG260_raingauge_20140612.L1b.nc": {"temporal": ["2014-06-12T00:00:00.000Z", "2014-06-12T23:59:59.000Z"], "wnes_geometry": {"westBoundingCoordinate": -83.1, "eastBoundingCoordinate": -83.08, "northBoundingCoordinate": 35.52, "southBoundingCoordinate": 35.51}, "sizeMB": 0.04, "format": "Not provided"}, "IPHEX_ORG815_raingauge_20140612.L1b.nc": {"temporal": ["2014-06-12T00:00:00.000Z", "2014-06-12T23:59:59.000Z"], "wnes_geometry": {"westBoundingCoordinate": -83.1, "eastBoundingCoordinate": -83.08, "northBoundingCoordinate": 35.52, "southBoundingCoordinate": 35.51}, "sizeMB": 0.11, "format": "Not provided"}, "IPHEx_TRG260_raingauge_20140613.L1b.nc": {"temporal": ["2014-06-13T00:00:00.000Z", "2014-06-13T23:59:59.000Z"], "wnes_geometry": {"westBoundingCoordinate": -83.1, "eastBoundingCoordinate": -83.08, "northBoundingCoordinate": 35.52, "southBoundingCoordinate": 35.51}, "sizeMB": 0.03, "format": "Not provided"}, "IPHEX_ORG815_raingauge_20140613.L1b.nc": {"temporal": ["2014-06-13T00:00:00.000Z", "2014-06-13T23:59:59.000Z"], "wnes_geometry": {"westBoundingCoordinate": -83.1, "eastBoundingCoordinate": -83.08, "northBoundingCoordinate": 35.52, "southBoundingCoordinate": 35.51}, "sizeMB": 0.11, "format": "Not provided"}, "IPHEX_ORG815_raingauge_20140614.L1b.nc": {"temporal": ["2014-06-14T00:00:00.000Z", "2014-06-14T23:59:59.000Z"], "wnes_geometry": {"westBoundingCoordinate": -83.1, "eastBoundingCoordinate": -83.08, "northBoundingCoordinate": 35.52, "southBoundingCoordinate": 35.51}, "sizeMB": 0.11, "format": "Not provided"}, "IPHEX_ORG815_raingauge_20140615.L1b.nc": {"temporal": ["2014-06-15T00:00:00.000Z", "2014-06-15T23:59:59.000Z"], "wnes_geometry": {"westBoundingCoordinate": -83.1, "eastBoundingCoordinate": -83.08, "northBoundingCoordinate": 35.52, "southBoundingCoordinate": 35.51}, "sizeMB": 0.09, "format": "Not provided"}}