{"wrfout_d02_2007-01-20_000000.DPR_Ka_HS.ORBITAL.TESTBED_SPHE.nc": {"temporal": ["2007-01-20T00:00:00.000Z", "2007-01-20T00:59:59.000Z"], "wnes_geometry": {"westBoundingCoordinate": 25, "eastBoundingCoordinate": 23, "northBoundingCoordinate": 75, "southBoundingCoordinate": 34}, "sizeMB": 26.79, "format": "Not provided"}, "wrfout_d02_2007-01-20_000000.DPR_Ka_MA.ORBITAL.TESTBED_SPHE.nc": {"temporal": ["2007-01-20T00:00:00.000Z", "2007-01-20T00:59:59.000Z"], "wnes_geometry": {"westBoundingCoordinate": 25, "eastBoundingCoordinate": 23, "northBoundingCoordinate": 75, "southBoundingCoordinate": 34}, "sizeMB": 55.71, "format": "Not provided"}, "wrfout_d02_2007-01-20_000000.DPR_Ku.ORBITAL.TESTBED_SPHE.nc": {"temporal": ["2007-01-20T00:00:00.000Z", "2007-01-20T00:59:59.000Z"], "wnes_geometry": {"westBoundingCoordinate": 25, "eastBoundingCoordinate": 23, "northBoundingCoordinate": 75, "southBoundingCoordinate": 34}, "sizeMB": 111.25, "format": "Not provided"}, "wrfout_d02_2007-01-20_000000.GMI_LF.ORBITAL.TESTBED_TEL-SPHE.nc": {"temporal": ["2007-01-20T00:00:00.000Z", "2007-01-20T00:59:59.000Z"], "wnes_geometry": {"westBoundingCoordinate": 25, "eastBoundingCoordinate": 23, "northBoundingCoordinate": 75, "southBoundingCoordinate": 34}, "sizeMB": 1.41, "format": "Not provided"}, "wrfout_d02_2007-01-20_000000.GMI_HF.ORBITAL.TESTBED_TEL-SPHE.nc": {"temporal": ["2007-01-20T00:00:00.000Z", "2007-01-20T00:59:59.000Z"], "wnes_geometry": {"westBoundingCoordinate": 25, "eastBoundingCoordinate": 23, "northBoundingCoordinate": 75, "southBoundingCoordinate": 34}, "sizeMB": 1, "format": "Not provided"}, "wrfout_d02_2007-01-20_010000.GMI_LF.ORBITAL.TESTBED_TEL-SPHE.nc": {"temporal": ["2007-01-20T01:00:00.000Z", "2007-01-20T01:59:59.000Z"], "wnes_geometry": {"westBoundingCoordinate": 25, "eastBoundingCoordinate": 23, "northBoundingCoordinate": 75, "southBoundingCoordinate": 34}, "sizeMB": 1.41, "format": "Not provided"}, "wrfout_d02_2007-01-20_010000.GMI_HF.ORBITAL.TESTBED_TEL-SPHE.nc": {"temporal": ["2007-01-20T01:00:00.000Z", "2007-01-20T01:59:59.000Z"], "wnes_geometry": {"westBoundingCoordinate": 25, "eastBoundingCoordinate": 23, "northBoundingCoordinate": 75, "southBoundingCoordinate": 34}, "sizeMB": 1, "format": "Not provided"}, "wrfout_d02_2007-01-20_010000.DPR_Ka_MA.ORBITAL.TESTBED_SPHE.nc": {"temporal": ["2007-01-20T01:00:00.000Z", "2007-01-20T01:59:59.000Z"], "wnes_geometry": {"westBoundingCoordinate": 25, "eastBoundingCoordinate": 23, "northBoundingCoordinate": 75, "southBoundingCoordinate": 34}, "sizeMB": 55.71, "format": "Not provided"}, "wrfout_d02_2007-01-20_010000.DPR_Ka_HS.ORBITAL.TESTBED_SPHE.nc": {"temporal": ["2007-01-20T01:00:00.000Z", "2007-01-20T01:59:59.000Z"], "wnes_geometry": {"westBoundingCoordinate": 25, "eastBoundingCoordinate": 23, "northBoundingCoordinate": 75, "southBoundingCoordinate": 34}, "sizeMB": 26.79, "format": "Not provided"}, "wrfout_d02_2007-01-20_010000.DPR_Ku.ORBITAL.TESTBED_SPHE.nc": {"temporal": ["2007-01-20T01:00:00.000Z", "2007-01-20T01:59:59.000Z"], "wnes_geometry": {"westBoundingCoordinate": 25, "eastBoundingCoordinate": 23, "northBoundingCoordinate": 75, "southBoundingCoordinate": 34}, "sizeMB": 111.25, "format": "Not provided"}, "wrfout_d02_2007-01-20_020000.DPR_Ku.ORBITAL.TESTBED_SPHE.nc": {"temporal": ["2007-01-20T02:00:00.000Z", "2007-01-20T02:59:59.000Z"], "wnes_geometry": {"westBoundingCoordinate": 25, "eastBoundingCoordinate": 23, "northBoundingCoordinate": 75, "southBoundingCoordinate": 34}, "sizeMB": 111.25, "format": "Not provided"}, "wrfout_d02_2007-01-20_020000.DPR_Ka_MA.ORBITAL.TESTBED_SPHE.nc": {"temporal": ["2007-01-20T02:00:00.000Z", "2007-01-20T02:59:59.000Z"], "wnes_geometry": {"westBoundingCoordinate": 25, "eastBoundingCoordinate": 23, "northBoundingCoordinate": 75, "southBoundingCoordinate": 34}, "sizeMB": 55.71, "format": "Not provided"}, "wrfout_d02_2007-01-20_020000.GMI_LF.ORBITAL.TESTBED_TEL-SPHE.nc": {"temporal": ["2007-01-20T02:00:00.000Z", "2007-01-20T02:59:59.000Z"], "wnes_geometry": {"westBoundingCoordinate": 25, "eastBoundingCoordinate": 23, "northBoundingCoordinate": 75, "southBoundingCoordinate": 34}, "sizeMB": 1.41, "format": "Not provided"}, "wrfout_d02_2007-01-20_020000.DPR_Ka_HS.ORBITAL.TESTBED_SPHE.nc": {"temporal": ["2007-01-20T02:00:00.000Z", "2007-01-20T02:59:59.000Z"], "wnes_geometry": {"westBoundingCoordinate": 25, "eastBoundingCoordinate": 23, "northBoundingCoordinate": 75, "southBoundingCoordinate": 34}, "sizeMB": 26.79, "format": "Not provided"}, "wrfout_d02_2007-01-20_020000.GMI_HF.ORBITAL.TESTBED_TEL-SPHE.nc": {"temporal": ["2007-01-20T02:00:00.000Z", "2007-01-20T02:59:59.000Z"], "wnes_geometry": {"westBoundingCoordinate": 25, "eastBoundingCoordinate": 23, "northBoundingCoordinate": 75, "southBoundingCoordinate": 34}, "sizeMB": 1, "format": "Not provided"}, "wrfout_d02_2007-01-20_030000.DPR_Ka_HS.ORBITAL.TESTBED_SPHE.nc": {"temporal": ["2007-01-20T03:00:00.000Z", "2007-01-20T03:59:59.000Z"], "wnes_geometry": {"westBoundingCoordinate": 25, "eastBoundingCoordinate": 23, "northBoundingCoordinate": 75, "southBoundingCoordinate": 34}, "sizeMB": 26.79, "format": "Not provided"}, "wrfout_d02_2007-01-20_030000.GMI_HF.ORBITAL.TESTBED_TEL-SPHE.nc": {"temporal": ["2007-01-20T03:00:00.000Z", "2007-01-20T03:59:59.000Z"], "wnes_geometry": {"westBoundingCoordinate": 25, "eastBoundingCoordinate": 23, "northBoundingCoordinate": 75, "southBoundingCoordinate": 34}, "sizeMB": 1, "format": "Not provided"}, "wrfout_d02_2007-01-20_030000.DPR_Ka_MA.ORBITAL.TESTBED_SPHE.nc": {"temporal": ["2007-01-20T03:00:00.000Z", "2007-01-20T03:59:59.000Z"], "wnes_geometry": {"westBoundingCoordinate": 25, "eastBoundingCoordinate": 23, "northBoundingCoordinate": 75, "southBoundingCoordinate": 34}, "sizeMB": 55.71, "format": "Not provided"}, "wrfout_d02_2007-01-20_030000.DPR_Ku.ORBITAL.TESTBED_SPHE.nc": {"temporal": ["2007-01-20T03:00:00.000Z", "2007-01-20T03:59:59.000Z"], "wnes_geometry": {"westBoundingCoordinate": 25, "eastBoundingCoordinate": 23, "northBoundingCoordinate": 75, "southBoundingCoordinate": 34}, "sizeMB": 111.25, "format": "Not provided"}, "wrfout_d02_2007-01-20_030000.GMI_LF.ORBITAL.TESTBED_TEL-SPHE.nc": {"temporal": ["2007-01-20T03:00:00.000Z", "2007-01-20T03:59:59.000Z"], "wnes_geometry": {"westBoundingCoordinate": 25, "eastBoundingCoordinate": 23, "northBoundingCoordinate": 75, "southBoundingCoordinate": 34}, "sizeMB": 1.41, "format": "Not provided"}, "wrfout_d02_2007-01-20_040000.DPR_Ka_MA.ORBITAL.TESTBED_SPHE.nc": {"temporal": ["2007-01-20T04:00:00.000Z", "2007-01-20T04:59:59.000Z"], "wnes_geometry": {"westBoundingCoordinate": 25, "eastBoundingCoordinate": 23, "northBoundingCoordinate": 75, "southBoundingCoordinate": 34}, "sizeMB": 55.71, "format": "Not provided"}, "wrfout_d02_2007-01-20_040000.GMI_LF.ORBITAL.TESTBED_TEL-SPHE.nc": {"temporal": ["2007-01-20T04:00:00.000Z", "2007-01-20T04:59:59.000Z"], "wnes_geometry": {"westBoundingCoordinate": 25, "eastBoundingCoordinate": 23, "northBoundingCoordinate": 75, "southBoundingCoordinate": 34}, "sizeMB": 1.41, "format": "Not provided"}, "wrfout_d02_2007-01-20_040000.DPR_Ka_HS.ORBITAL.TESTBED_SPHE.nc": {"temporal": ["2007-01-20T04:00:00.000Z", "2007-01-20T04:59:59.000Z"], "wnes_geometry": {"westBoundingCoordinate": 25, "eastBoundingCoordinate": 23, "northBoundingCoordinate": 75, "southBoundingCoordinate": 34}, "sizeMB": 26.79, "format": "Not provided"}, "wrfout_d02_2007-01-20_040000.DPR_Ku.ORBITAL.TESTBED_SPHE.nc": {"temporal": ["2007-01-20T04:00:00.000Z", "2007-01-20T04:59:59.000Z"], "wnes_geometry": {"westBoundingCoordinate": 25, "eastBoundingCoordinate": 23, "northBoundingCoordinate": 75, "southBoundingCoordinate": 34}, "sizeMB": 111.25, "format": "Not provided"}, "wrfout_d02_2007-01-20_040000.GMI_HF.ORBITAL.TESTBED_TEL-SPHE.nc": {"temporal": ["2007-01-20T04:00:00.000Z", "2007-01-20T04:59:59.000Z"], "wnes_geometry": {"westBoundingCoordinate": 25, "eastBoundingCoordinate": 23, "northBoundingCoordinate": 75, "southBoundingCoordinate": 34}, "sizeMB": 1, "format": "Not provided"}, "wrfout_d02_2007-01-20_050000.DPR_Ka_MA.ORBITAL.TESTBED_SPHE.nc": {"temporal": ["2007-01-20T05:00:00.000Z", "2007-01-20T05:59:59.000Z"], "wnes_geometry": {"westBoundingCoordinate": 25, "eastBoundingCoordinate": 23, "northBoundingCoordinate": 75, "southBoundingCoordinate": 34}, "sizeMB": 55.71, "format": "Not provided"}, "wrfout_d02_2007-01-20_050000.GMI_HF.ORBITAL.TESTBED_TEL-SPHE.nc": {"temporal": ["2007-01-20T05:00:00.000Z", "2007-01-20T05:59:59.000Z"], "wnes_geometry": {"westBoundingCoordinate": 25, "eastBoundingCoordinate": 23, "northBoundingCoordinate": 75, "southBoundingCoordinate": 34}, "sizeMB": 1, "format": "Not provided"}, "wrfout_d02_2007-01-20_050000.DPR_Ku.ORBITAL.TESTBED_SPHE.nc": {"temporal": ["2007-01-20T05:00:00.000Z", "2007-01-20T05:59:59.000Z"], "wnes_geometry": {"westBoundingCoordinate": 25, "eastBoundingCoordinate": 23, "northBoundingCoordinate": 75, "southBoundingCoordinate": 34}, "sizeMB": 111.25, "format": "Not provided"}, "wrfout_d02_2007-01-20_050000.GMI_LF.ORBITAL.TESTBED_TEL-SPHE.nc": {"temporal": ["2007-01-20T05:00:00.000Z", "2007-01-20T05:59:59.000Z"], "wnes_geometry": {"westBoundingCoordinate": 25, "eastBoundingCoordinate": 23, "northBoundingCoordinate": 75, "southBoundingCoordinate": 34}, "sizeMB": 1.41, "format": "Not provided"}, "wrfout_d02_2007-01-20_050000.DPR_Ka_HS.ORBITAL.TESTBED_SPHE.nc": {"temporal": ["2007-01-20T05:00:00.000Z", "2007-01-20T05:59:59.000Z"], "wnes_geometry": {"westBoundingCoordinate": 25, "eastBoundingCoordinate": 23, "northBoundingCoordinate": 75, "southBoundingCoordinate": 34}, "sizeMB": 26.79, "format": "Not provided"}, "wrfout_d02_2007-01-20_060000.DPR_Ka_MA.ORBITAL.TESTBED_SPHE.nc": {"temporal": ["2007-01-20T06:00:00.000Z", "2007-01-20T06:59:59.000Z"], "wnes_geometry": {"westBoundingCoordinate": 25, "eastBoundingCoordinate": 23, "northBoundingCoordinate": 75, "southBoundingCoordinate": 34}, "sizeMB": 55.71, "format": "Not provided"}, "wrfout_d02_2007-01-20_060000.DPR_Ku.ORBITAL.TESTBED_SPHE.nc": {"temporal": ["2007-01-20T06:00:00.000Z", "2007-01-20T06:59:59.000Z"], "wnes_geometry": {"westBoundingCoordinate": 25, "eastBoundingCoordinate": 23, "northBoundingCoordinate": 75, "southBoundingCoordinate": 34}, "sizeMB": 111.25, "format": "Not provided"}, "wrfout_d02_2007-01-20_060000.GMI_HF.ORBITAL.TESTBED_TEL-SPHE.nc": {"temporal": ["2007-01-20T06:00:00.000Z", "2007-01-20T06:59:59.000Z"], "wnes_geometry": {"westBoundingCoordinate": 25, "eastBoundingCoordinate": 23, "northBoundingCoordinate": 75, "southBoundingCoordinate": 34}, "sizeMB": 1, "format": "Not provided"}, "wrfout_d02_2007-01-20_060000.GMI_LF.ORBITAL.TESTBED_TEL-SPHE.nc": {"temporal": ["2007-01-20T06:00:00.000Z", "2007-01-20T06:59:59.000Z"], "wnes_geometry": {"westBoundingCoordinate": 25, "eastBoundingCoordinate": 23, "northBoundingCoordinate": 75, "southBoundingCoordinate": 34}, "sizeMB": 1.41, "format": "Not provided"}, "wrfout_d02_2007-01-20_060000.DPR_Ka_HS.ORBITAL.TESTBED_SPHE.nc": {"temporal": ["2007-01-20T06:00:00.000Z", "2007-01-20T06:59:59.000Z"], "wnes_geometry": {"westBoundingCoordinate": 25, "eastBoundingCoordinate": 23, "northBoundingCoordinate": 75, "southBoundingCoordinate": 34}, "sizeMB": 26.79, "format": "Not provided"}, "wrfout_d02_2007-01-20_070000.DPR_Ka_MA.ORBITAL.TESTBED_SPHE.nc": {"temporal": ["2007-01-20T07:00:00.000Z", "2007-01-20T07:59:59.000Z"], "wnes_geometry": {"westBoundingCoordinate": 25, "eastBoundingCoordinate": 23, "northBoundingCoordinate": 75, "southBoundingCoordinate": 34}, "sizeMB": 55.71, "format": "Not provided"}, "wrfout_d02_2007-01-20_070000.DPR_Ku.ORBITAL.TESTBED_SPHE.nc": {"temporal": ["2007-01-20T07:00:00.000Z", "2007-01-20T07:59:59.000Z"], "wnes_geometry": {"westBoundingCoordinate": 25, "eastBoundingCoordinate": 23, "northBoundingCoordinate": 75, "southBoundingCoordinate": 34}, "sizeMB": 111.25, "format": "Not provided"}, "wrfout_d02_2007-01-20_070000.DPR_Ka_HS.ORBITAL.TESTBED_SPHE.nc": {"temporal": ["2007-01-20T07:00:00.000Z", "2007-01-20T07:59:59.000Z"], "wnes_geometry": {"westBoundingCoordinate": 25, "eastBoundingCoordinate": 23, "northBoundingCoordinate": 75, "southBoundingCoordinate": 34}, "sizeMB": 26.79, "format": "Not provided"}, "wrfout_d02_2007-01-20_070000.GMI_HF.ORBITAL.TESTBED_TEL-SPHE.nc": {"temporal": ["2007-01-20T07:00:00.000Z", "2007-01-20T07:59:59.000Z"], "wnes_geometry": {"westBoundingCoordinate": 25, "eastBoundingCoordinate": 23, "northBoundingCoordinate": 75, "southBoundingCoordinate": 34}, "sizeMB": 1, "format": "Not provided"}, "wrfout_d02_2007-01-20_070000.GMI_LF.ORBITAL.TESTBED_TEL-SPHE.nc": {"temporal": ["2007-01-20T07:00:00.000Z", "2007-01-20T07:59:59.000Z"], "wnes_geometry": {"westBoundingCoordinate": 25, "eastBoundingCoordinate": 23, "northBoundingCoordinate": 75, "southBoundingCoordinate": 34}, "sizeMB": 1.41, "format": "Not provided"}, "wrfout_d02_2007-01-20_080000.GMI_LF.ORBITAL.TESTBED_TEL-SPHE.nc": {"temporal": ["2007-01-20T08:00:00.000Z", "2007-01-20T08:59:59.000Z"], "wnes_geometry": {"westBoundingCoordinate": 25, "eastBoundingCoordinate": 23, "northBoundingCoordinate": 75, "southBoundingCoordinate": 34}, "sizeMB": 1.41, "format": "Not provided"}, "wrfout_d02_2007-01-20_080000.GMI_HF.ORBITAL.TESTBED_TEL-SPHE.nc": {"temporal": ["2007-01-20T08:00:00.000Z", "2007-01-20T08:59:59.000Z"], "wnes_geometry": {"westBoundingCoordinate": 25, "eastBoundingCoordinate": 23, "northBoundingCoordinate": 75, "southBoundingCoordinate": 34}, "sizeMB": 1, "format": "Not provided"}, "wrfout_d02_2007-01-20_080000.DPR_Ku.ORBITAL.TESTBED_SPHE.nc": {"temporal": ["2007-01-20T08:00:00.000Z", "2007-01-20T08:59:59.000Z"], "wnes_geometry": {"westBoundingCoordinate": 25, "eastBoundingCoordinate": 23, "northBoundingCoordinate": 75, "southBoundingCoordinate": 34}, "sizeMB": 111.25, "format": "Not provided"}, "wrfout_d02_2007-01-20_080000.DPR_Ka_HS.ORBITAL.TESTBED_SPHE.nc": {"temporal": ["2007-01-20T08:00:00.000Z", "2007-01-20T08:59:59.000Z"], "wnes_geometry": {"westBoundingCoordinate": 25, "eastBoundingCoordinate": 23, "northBoundingCoordinate": 75, "southBoundingCoordinate": 34}, "sizeMB": 26.79, "format": "Not provided"}, "wrfout_d02_2007-01-20_080000.DPR_Ka_MA.ORBITAL.TESTBED_SPHE.nc": {"temporal": ["2007-01-20T08:00:00.000Z", "2007-01-20T08:59:59.000Z"], "wnes_geometry": {"westBoundingCoordinate": 25, "eastBoundingCoordinate": 23, "northBoundingCoordinate": 75, "southBoundingCoordinate": 34}, "sizeMB": 55.71, "format": "Not provided"}, "wrfout_d02_2007-01-20_090000.DPR_Ku.ORBITAL.TESTBED_SPHE.nc": {"temporal": ["2007-01-20T09:00:00.000Z", "2007-01-20T09:59:59.000Z"], "wnes_geometry": {"westBoundingCoordinate": 25, "eastBoundingCoordinate": 23, "northBoundingCoordinate": 75, "southBoundingCoordinate": 34}, "sizeMB": 111.25, "format": "Not provided"}, "wrfout_d02_2007-01-20_090000.GMI_LF.ORBITAL.TESTBED_TEL-SPHE.nc": {"temporal": ["2007-01-20T09:00:00.000Z", "2007-01-20T09:59:59.000Z"], "wnes_geometry": {"westBoundingCoordinate": 25, "eastBoundingCoordinate": 23, "northBoundingCoordinate": 75, "southBoundingCoordinate": 34}, "sizeMB": 1.41, "format": "Not provided"}, "wrfout_d02_2007-01-20_090000.DPR_Ka_MA.ORBITAL.TESTBED_SPHE.nc": {"temporal": ["2007-01-20T09:00:00.000Z", "2007-01-20T09:59:59.000Z"], "wnes_geometry": {"westBoundingCoordinate": 25, "eastBoundingCoordinate": 23, "northBoundingCoordinate": 75, "southBoundingCoordinate": 34}, "sizeMB": 55.71, "format": "Not provided"}, "wrfout_d02_2007-01-20_090000.GMI_HF.ORBITAL.TESTBED_TEL-SPHE.nc": {"temporal": ["2007-01-20T09:00:00.000Z", "2007-01-20T09:59:59.000Z"], "wnes_geometry": {"westBoundingCoordinate": 25, "eastBoundingCoordinate": 23, "northBoundingCoordinate": 75, "southBoundingCoordinate": 34}, "sizeMB": 1, "format": "Not provided"}, "wrfout_d02_2007-01-20_090000.DPR_Ka_HS.ORBITAL.TESTBED_SPHE.nc": {"temporal": ["2007-01-20T09:00:00.000Z", "2007-01-20T09:59:59.000Z"], "wnes_geometry": {"westBoundingCoordinate": 25, "eastBoundingCoordinate": 23, "northBoundingCoordinate": 75, "southBoundingCoordinate": 34}, "sizeMB": 26.79, "format": "Not provided"}, "wrfout_d02_2007-01-20_100000.DPR_Ku.ORBITAL.TESTBED_SPHE.nc": {"temporal": ["2007-01-20T10:00:00.000Z", "2007-01-20T10:59:59.000Z"], "wnes_geometry": {"westBoundingCoordinate": 25, "eastBoundingCoordinate": 23, "northBoundingCoordinate": 75, "southBoundingCoordinate": 34}, "sizeMB": 111.25, "format": "Not provided"}, "wrfout_d02_2007-01-20_100000.DPR_Ka_HS.ORBITAL.TESTBED_SPHE.nc": {"temporal": ["2007-01-20T10:00:00.000Z", "2007-01-20T10:59:59.000Z"], "wnes_geometry": {"westBoundingCoordinate": 25, "eastBoundingCoordinate": 23, "northBoundingCoordinate": 75, "southBoundingCoordinate": 34}, "sizeMB": 26.79, "format": "Not provided"}, "wrfout_d02_2007-01-20_100000.GMI_HF.ORBITAL.TESTBED_TEL-SPHE.nc": {"temporal": ["2007-01-20T10:00:00.000Z", "2007-01-20T10:59:59.000Z"], "wnes_geometry": {"westBoundingCoordinate": 25, "eastBoundingCoordinate": 23, "northBoundingCoordinate": 75, "southBoundingCoordinate": 34}, "sizeMB": 1, "format": "Not provided"}, "wrfout_d02_2007-01-20_100000.GMI_LF.ORBITAL.TESTBED_TEL-SPHE.nc": {"temporal": ["2007-01-20T10:00:00.000Z", "2007-01-20T10:59:59.000Z"], "wnes_geometry": {"westBoundingCoordinate": 25, "eastBoundingCoordinate": 23, "northBoundingCoordinate": 75, "southBoundingCoordinate": 34}, "sizeMB": 1.41, "format": "Not provided"}, "wrfout_d02_2007-01-20_100000.DPR_Ka_MA.ORBITAL.TESTBED_SPHE.nc": {"temporal": ["2007-01-20T10:00:00.000Z", "2007-01-20T10:59:59.000Z"], "wnes_geometry": {"westBoundingCoordinate": 25, "eastBoundingCoordinate": 23, "northBoundingCoordinate": 75, "southBoundingCoordinate": 34}, "sizeMB": 55.71, "format": "Not provided"}, "wrfout_d02_2007-01-20_110000.GMI_HF.ORBITAL.TESTBED_TEL-SPHE.nc": {"temporal": ["2007-01-20T11:00:00.000Z", "2007-01-20T11:59:59.000Z"], "wnes_geometry": {"westBoundingCoordinate": 25, "eastBoundingCoordinate": 23, "northBoundingCoordinate": 75, "southBoundingCoordinate": 34}, "sizeMB": 1, "format": "Not provided"}, "wrfout_d02_2007-01-20_110000.DPR_Ka_MA.ORBITAL.TESTBED_SPHE.nc": {"temporal": ["2007-01-20T11:00:00.000Z", "2007-01-20T11:59:59.000Z"], "wnes_geometry": {"westBoundingCoordinate": 25, "eastBoundingCoordinate": 23, "northBoundingCoordinate": 75, "southBoundingCoordinate": 34}, "sizeMB": 55.71, "format": "Not provided"}, "wrfout_d02_2007-01-20_110000.GMI_LF.ORBITAL.TESTBED_TEL-SPHE.nc": {"temporal": ["2007-01-20T11:00:00.000Z", "2007-01-20T11:59:59.000Z"], "wnes_geometry": {"westBoundingCoordinate": 25, "eastBoundingCoordinate": 23, "northBoundingCoordinate": 75, "southBoundingCoordinate": 34}, "sizeMB": 1.41, "format": "Not provided"}, "wrfout_d02_2007-01-20_110000.DPR_Ka_HS.ORBITAL.TESTBED_SPHE.nc": {"temporal": ["2007-01-20T11:00:00.000Z", "2007-01-20T11:59:59.000Z"], "wnes_geometry": {"westBoundingCoordinate": 25, "eastBoundingCoordinate": 23, "northBoundingCoordinate": 75, "southBoundingCoordinate": 34}, "sizeMB": 26.79, "format": "Not provided"}, "wrfout_d02_2007-01-20_110000.DPR_Ku.ORBITAL.TESTBED_SPHE.nc": {"temporal": ["2007-01-20T11:00:00.000Z", "2007-01-20T11:59:59.000Z"], "wnes_geometry": {"westBoundingCoordinate": 25, "eastBoundingCoordinate": 23, "northBoundingCoordinate": 75, "southBoundingCoordinate": 34}, "sizeMB": 111.25, "format": "Not provided"}, "wrfout_d02_2007-01-20_120000.DPR_Ku.ORBITAL.TESTBED_SPHE.nc": {"temporal": ["2007-01-20T12:00:00.000Z", "2007-01-20T12:59:59.000Z"], "wnes_geometry": {"westBoundingCoordinate": 25, "eastBoundingCoordinate": 23, "northBoundingCoordinate": 75, "southBoundingCoordinate": 34}, "sizeMB": 111.25, "format": "Not provided"}, "wrfout_d02_2007-01-20_120000.GMI_HF.ORBITAL.TESTBED_TEL-SPHE.nc": {"temporal": ["2007-01-20T12:00:00.000Z", "2007-01-20T12:59:59.000Z"], "wnes_geometry": {"westBoundingCoordinate": 25, "eastBoundingCoordinate": 23, "northBoundingCoordinate": 75, "southBoundingCoordinate": 34}, "sizeMB": 1, "format": "Not provided"}, "wrfout_d02_2007-01-20_120000.DPR_Ka_HS.ORBITAL.TESTBED_SPHE.nc": {"temporal": ["2007-01-20T12:00:00.000Z", "2007-01-20T12:59:59.000Z"], "wnes_geometry": {"westBoundingCoordinate": 25, "eastBoundingCoordinate": 23, "northBoundingCoordinate": 75, "southBoundingCoordinate": 34}, "sizeMB": 26.79, "format": "Not provided"}, "wrfout_d02_2007-01-20_120000.DPR_Ka_MA.ORBITAL.TESTBED_SPHE.nc": {"temporal": ["2007-01-20T12:00:00.000Z", "2007-01-20T12:59:59.000Z"], "wnes_geometry": {"westBoundingCoordinate": 25, "eastBoundingCoordinate": 23, "northBoundingCoordinate": 75, "southBoundingCoordinate": 34}, "sizeMB": 55.71, "format": "Not provided"}, "wrfout_d02_2007-01-20_120000.GMI_LF.ORBITAL.TESTBED_TEL-SPHE.nc": {"temporal": ["2007-01-20T12:00:00.000Z", "2007-01-20T12:59:59.000Z"], "wnes_geometry": {"westBoundingCoordinate": 25, "eastBoundingCoordinate": 23, "northBoundingCoordinate": 75, "southBoundingCoordinate": 34}, "sizeMB": 1.41, "format": "Not provided"}, "wrfout_d02_2007-01-20_130000.GMI_HF.ORBITAL.TESTBED_TEL-SPHE.nc": {"temporal": ["2007-01-20T13:00:00.000Z", "2007-01-20T13:59:59.000Z"], "wnes_geometry": {"westBoundingCoordinate": 25, "eastBoundingCoordinate": 23, "northBoundingCoordinate": 75, "southBoundingCoordinate": 34}, "sizeMB": 1, "format": "Not provided"}, "wrfout_d02_2007-01-20_130000.GMI_LF.ORBITAL.TESTBED_TEL-SPHE.nc": {"temporal": ["2007-01-20T13:00:00.000Z", "2007-01-20T13:59:59.000Z"], "wnes_geometry": {"westBoundingCoordinate": 25, "eastBoundingCoordinate": 23, "northBoundingCoordinate": 75, "southBoundingCoordinate": 34}, "sizeMB": 1.41, "format": "Not provided"}, "wrfout_d02_2007-01-20_130000.DPR_Ka_MA.ORBITAL.TESTBED_SPHE.nc": {"temporal": ["2007-01-20T13:00:00.000Z", "2007-01-20T13:59:59.000Z"], "wnes_geometry": {"westBoundingCoordinate": 25, "eastBoundingCoordinate": 23, "northBoundingCoordinate": 75, "southBoundingCoordinate": 34}, "sizeMB": 55.71, "format": "Not provided"}, "wrfout_d02_2007-01-20_130000.DPR_Ka_HS.ORBITAL.TESTBED_SPHE.nc": {"temporal": ["2007-01-20T13:00:00.000Z", "2007-01-20T13:59:59.000Z"], "wnes_geometry": {"westBoundingCoordinate": 25, "eastBoundingCoordinate": 23, "northBoundingCoordinate": 75, "southBoundingCoordinate": 34}, "sizeMB": 26.79, "format": "Not provided"}, "wrfout_d02_2007-01-20_130000.DPR_Ku.ORBITAL.TESTBED_SPHE.nc": {"temporal": ["2007-01-20T13:00:00.000Z", "2007-01-20T13:59:59.000Z"], "wnes_geometry": {"westBoundingCoordinate": 25, "eastBoundingCoordinate": 23, "northBoundingCoordinate": 75, "southBoundingCoordinate": 34}, "sizeMB": 111.25, "format": "Not provided"}, "wrfout_d02_2007-01-20_140000.DPR_Ka_HS.ORBITAL.TESTBED_SPHE.nc": {"temporal": ["2007-01-20T14:00:00.000Z", "2007-01-20T14:59:59.000Z"], "wnes_geometry": {"westBoundingCoordinate": 25, "eastBoundingCoordinate": 23, "northBoundingCoordinate": 75, "southBoundingCoordinate": 34}, "sizeMB": 26.79, "format": "Not provided"}, "wrfout_d02_2007-01-20_140000.GMI_LF.ORBITAL.TESTBED_TEL-SPHE.nc": {"temporal": ["2007-01-20T14:00:00.000Z", "2007-01-20T14:59:59.000Z"], "wnes_geometry": {"westBoundingCoordinate": 25, "eastBoundingCoordinate": 23, "northBoundingCoordinate": 75, "southBoundingCoordinate": 34}, "sizeMB": 1.41, "format": "Not provided"}, "wrfout_d02_2007-01-20_140000.GMI_HF.ORBITAL.TESTBED_TEL-SPHE.nc": {"temporal": ["2007-01-20T14:00:00.000Z", "2007-01-20T14:59:59.000Z"], "wnes_geometry": {"westBoundingCoordinate": 25, "eastBoundingCoordinate": 23, "northBoundingCoordinate": 75, "southBoundingCoordinate": 34}, "sizeMB": 1, "format": "Not provided"}, "wrfout_d02_2007-01-20_140000.DPR_Ku.ORBITAL.TESTBED_SPHE.nc": {"temporal": ["2007-01-20T14:00:00.000Z", "2007-01-20T14:59:59.000Z"], "wnes_geometry": {"westBoundingCoordinate": 25, "eastBoundingCoordinate": 23, "northBoundingCoordinate": 75, "southBoundingCoordinate": 34}, "sizeMB": 111.25, "format": "Not provided"}, "wrfout_d02_2007-01-20_140000.DPR_Ka_MA.ORBITAL.TESTBED_SPHE.nc": {"temporal": ["2007-01-20T14:00:00.000Z", "2007-01-20T14:59:59.000Z"], "wnes_geometry": {"westBoundingCoordinate": 25, "eastBoundingCoordinate": 23, "northBoundingCoordinate": 75, "southBoundingCoordinate": 34}, "sizeMB": 55.71, "format": "Not provided"}, "wrfout_d02_2007-01-20_150000.GMI_HF.ORBITAL.TESTBED_TEL-SPHE.nc": {"temporal": ["2007-01-20T15:00:00.000Z", "2007-01-20T15:59:59.000Z"], "wnes_geometry": {"westBoundingCoordinate": 25, "eastBoundingCoordinate": 23, "northBoundingCoordinate": 75, "southBoundingCoordinate": 34}, "sizeMB": 1, "format": "Not provided"}, "wrfout_d02_2007-01-20_150000.GMI_LF.ORBITAL.TESTBED_TEL-SPHE.nc": {"temporal": ["2007-01-20T15:00:00.000Z", "2007-01-20T15:59:59.000Z"], "wnes_geometry": {"westBoundingCoordinate": 25, "eastBoundingCoordinate": 23, "northBoundingCoordinate": 75, "southBoundingCoordinate": 34}, "sizeMB": 1.41, "format": "Not provided"}, "wrfout_d02_2007-01-20_150000.DPR_Ku.ORBITAL.TESTBED_SPHE.nc": {"temporal": ["2007-01-20T15:00:00.000Z", "2007-01-20T15:59:59.000Z"], "wnes_geometry": {"westBoundingCoordinate": 25, "eastBoundingCoordinate": 23, "northBoundingCoordinate": 75, "southBoundingCoordinate": 34}, "sizeMB": 111.25, "format": "Not provided"}, "wrfout_d02_2007-01-20_150000.DPR_Ka_HS.ORBITAL.TESTBED_SPHE.nc": {"temporal": ["2007-01-20T15:00:00.000Z", "2007-01-20T15:59:59.000Z"], "wnes_geometry": {"westBoundingCoordinate": 25, "eastBoundingCoordinate": 23, "northBoundingCoordinate": 75, "southBoundingCoordinate": 34}, "sizeMB": 26.79, "format": "Not provided"}, "wrfout_d02_2007-01-20_150000.DPR_Ka_MA.ORBITAL.TESTBED_SPHE.nc": {"temporal": ["2007-01-20T15:00:00.000Z", "2007-01-20T15:59:59.000Z"], "wnes_geometry": {"westBoundingCoordinate": 25, "eastBoundingCoordinate": 23, "northBoundingCoordinate": 75, "southBoundingCoordinate": 34}, "sizeMB": 55.71, "format": "Not provided"}, "wrfout_d02_2007-01-20_160000.DPR_Ku.ORBITAL.TESTBED_SPHE.nc": {"temporal": ["2007-01-20T16:00:00.000Z", "2007-01-20T16:59:59.000Z"], "wnes_geometry": {"westBoundingCoordinate": 25, "eastBoundingCoordinate": 23, "northBoundingCoordinate": 75, "southBoundingCoordinate": 34}, "sizeMB": 111.25, "format": "Not provided"}, "wrfout_d02_2007-01-20_160000.DPR_Ka_HS.ORBITAL.TESTBED_SPHE.nc": {"temporal": ["2007-01-20T16:00:00.000Z", "2007-01-20T16:59:59.000Z"], "wnes_geometry": {"westBoundingCoordinate": 25, "eastBoundingCoordinate": 23, "northBoundingCoordinate": 75, "southBoundingCoordinate": 34}, "sizeMB": 26.79, "format": "Not provided"}, "wrfout_d02_2007-01-20_160000.DPR_Ka_MA.ORBITAL.TESTBED_SPHE.nc": {"temporal": ["2007-01-20T16:00:00.000Z", "2007-01-20T16:59:59.000Z"], "wnes_geometry": {"westBoundingCoordinate": 25, "eastBoundingCoordinate": 23, "northBoundingCoordinate": 75, "southBoundingCoordinate": 34}, "sizeMB": 55.71, "format": "Not provided"}, "wrfout_d02_2007-01-20_160000.GMI_HF.ORBITAL.TESTBED_TEL-SPHE.nc": {"temporal": ["2007-01-20T16:00:00.000Z", "2007-01-20T16:59:59.000Z"], "wnes_geometry": {"westBoundingCoordinate": 25, "eastBoundingCoordinate": 23, "northBoundingCoordinate": 75, "southBoundingCoordinate": 34}, "sizeMB": 1, "format": "Not provided"}, "wrfout_d02_2007-01-20_160000.GMI_LF.ORBITAL.TESTBED_TEL-SPHE.nc": {"temporal": ["2007-01-20T16:00:00.000Z", "2007-01-20T16:59:59.000Z"], "wnes_geometry": {"westBoundingCoordinate": 25, "eastBoundingCoordinate": 23, "northBoundingCoordinate": 75, "southBoundingCoordinate": 34}, "sizeMB": 1.41, "format": "Not provided"}, "wrfout_d02_2007-01-20_170000.DPR_Ka_HS.ORBITAL.TESTBED_SPHE.nc": {"temporal": ["2007-01-20T17:00:00.000Z", "2007-01-20T17:59:59.000Z"], "wnes_geometry": {"westBoundingCoordinate": 25, "eastBoundingCoordinate": 23, "northBoundingCoordinate": 75, "southBoundingCoordinate": 34}, "sizeMB": 26.79, "format": "Not provided"}, "wrfout_d02_2007-01-20_170000.DPR_Ku.ORBITAL.TESTBED_SPHE.nc": {"temporal": ["2007-01-20T17:00:00.000Z", "2007-01-20T17:59:59.000Z"], "wnes_geometry": {"westBoundingCoordinate": 25, "eastBoundingCoordinate": 23, "northBoundingCoordinate": 75, "southBoundingCoordinate": 34}, "sizeMB": 111.25, "format": "Not provided"}, "wrfout_d02_2007-01-20_170000.GMI_LF.ORBITAL.TESTBED_TEL-SPHE.nc": {"temporal": ["2007-01-20T17:00:00.000Z", "2007-01-20T17:59:59.000Z"], "wnes_geometry": {"westBoundingCoordinate": 25, "eastBoundingCoordinate": 23, "northBoundingCoordinate": 75, "southBoundingCoordinate": 34}, "sizeMB": 1.41, "format": "Not provided"}, "wrfout_d02_2007-01-20_170000.GMI_HF.ORBITAL.TESTBED_TEL-SPHE.nc": {"temporal": ["2007-01-20T17:00:00.000Z", "2007-01-20T17:59:59.000Z"], "wnes_geometry": {"westBoundingCoordinate": 25, "eastBoundingCoordinate": 23, "northBoundingCoordinate": 75, "southBoundingCoordinate": 34}, "sizeMB": 1, "format": "Not provided"}, "wrfout_d02_2007-01-20_170000.DPR_Ka_MA.ORBITAL.TESTBED_SPHE.nc": {"temporal": ["2007-01-20T17:00:00.000Z", "2007-01-20T17:59:59.000Z"], "wnes_geometry": {"westBoundingCoordinate": 25, "eastBoundingCoordinate": 23, "northBoundingCoordinate": 75, "southBoundingCoordinate": 34}, "sizeMB": 55.71, "format": "Not provided"}, "wrfout_d02_2007-01-20_180000.DPR_Ku.ORBITAL.TESTBED_SPHE.nc": {"temporal": ["2007-01-20T18:00:00.000Z", "2007-01-20T18:59:59.000Z"], "wnes_geometry": {"westBoundingCoordinate": 25, "eastBoundingCoordinate": 23, "northBoundingCoordinate": 75, "southBoundingCoordinate": 34}, "sizeMB": 111.25, "format": "Not provided"}, "wrfout_d02_2007-01-20_180000.GMI_HF.ORBITAL.TESTBED_TEL-SPHE.nc": {"temporal": ["2007-01-20T18:00:00.000Z", "2007-01-20T18:59:59.000Z"], "wnes_geometry": {"westBoundingCoordinate": 25, "eastBoundingCoordinate": 23, "northBoundingCoordinate": 75, "southBoundingCoordinate": 34}, "sizeMB": 1, "format": "Not provided"}, "wrfout_d02_2007-01-20_180000.DPR_Ka_MA.ORBITAL.TESTBED_SPHE.nc": {"temporal": ["2007-01-20T18:00:00.000Z", "2007-01-20T18:59:59.000Z"], "wnes_geometry": {"westBoundingCoordinate": 25, "eastBoundingCoordinate": 23, "northBoundingCoordinate": 75, "southBoundingCoordinate": 34}, "sizeMB": 55.71, "format": "Not provided"}, "wrfout_d02_2007-01-20_180000.GMI_LF.ORBITAL.TESTBED_TEL-SPHE.nc": {"temporal": ["2007-01-20T18:00:00.000Z", "2007-01-20T18:59:59.000Z"], "wnes_geometry": {"westBoundingCoordinate": 25, "eastBoundingCoordinate": 23, "northBoundingCoordinate": 75, "southBoundingCoordinate": 34}, "sizeMB": 1.41, "format": "Not provided"}, "wrfout_d02_2007-01-20_180000.DPR_Ka_HS.ORBITAL.TESTBED_SPHE.nc": {"temporal": ["2007-01-20T18:00:00.000Z", "2007-01-20T18:59:59.000Z"], "wnes_geometry": {"westBoundingCoordinate": 25, "eastBoundingCoordinate": 23, "northBoundingCoordinate": 75, "southBoundingCoordinate": 34}, "sizeMB": 26.79, "format": "Not provided"}, "wrfout_d02_2007-01-20_190000.DPR_Ku.ORBITAL.TESTBED_SPHE.nc": {"temporal": ["2007-01-20T19:00:00.000Z", "2007-01-20T19:59:59.000Z"], "wnes_geometry": {"westBoundingCoordinate": 25, "eastBoundingCoordinate": 23, "northBoundingCoordinate": 75, "southBoundingCoordinate": 34}, "sizeMB": 111.25, "format": "Not provided"}, "wrfout_d02_2007-01-20_190000.GMI_LF.ORBITAL.TESTBED_TEL-SPHE.nc": {"temporal": ["2007-01-20T19:00:00.000Z", "2007-01-20T19:59:59.000Z"], "wnes_geometry": {"westBoundingCoordinate": 25, "eastBoundingCoordinate": 23, "northBoundingCoordinate": 75, "southBoundingCoordinate": 34}, "sizeMB": 1.41, "format": "Not provided"}, "wrfout_d02_2007-01-20_190000.DPR_Ka_MA.ORBITAL.TESTBED_SPHE.nc": {"temporal": ["2007-01-20T19:00:00.000Z", "2007-01-20T19:59:59.000Z"], "wnes_geometry": {"westBoundingCoordinate": 25, "eastBoundingCoordinate": 23, "northBoundingCoordinate": 75, "southBoundingCoordinate": 34}, "sizeMB": 55.71, "format": "Not provided"}, "wrfout_d02_2007-01-20_190000.GMI_HF.ORBITAL.TESTBED_TEL-SPHE.nc": {"temporal": ["2007-01-20T19:00:00.000Z", "2007-01-20T19:59:59.000Z"], "wnes_geometry": {"westBoundingCoordinate": 25, "eastBoundingCoordinate": 23, "northBoundingCoordinate": 75, "southBoundingCoordinate": 34}, "sizeMB": 1, "format": "Not provided"}, "wrfout_d02_2007-01-20_190000.DPR_Ka_HS.ORBITAL.TESTBED_SPHE.nc": {"temporal": ["2007-01-20T19:00:00.000Z", "2007-01-20T19:59:59.000Z"], "wnes_geometry": {"westBoundingCoordinate": 25, "eastBoundingCoordinate": 23, "northBoundingCoordinate": 75, "southBoundingCoordinate": 34}, "sizeMB": 26.79, "format": "Not provided"}, "wrfout_d02_2007-01-20_200000.DPR_Ka_HS.ORBITAL.TESTBED_SPHE.nc": {"temporal": ["2007-01-20T20:00:00.000Z", "2007-01-20T20:59:59.000Z"], "wnes_geometry": {"westBoundingCoordinate": 25, "eastBoundingCoordinate": 23, "northBoundingCoordinate": 75, "southBoundingCoordinate": 34}, "sizeMB": 26.79, "format": "Not provided"}, "wrfout_d02_2007-01-20_200000.GMI_HF.ORBITAL.TESTBED_TEL-SPHE.nc": {"temporal": ["2007-01-20T20:00:00.000Z", "2007-01-20T20:59:59.000Z"], "wnes_geometry": {"westBoundingCoordinate": 25, "eastBoundingCoordinate": 23, "northBoundingCoordinate": 75, "southBoundingCoordinate": 34}, "sizeMB": 1, "format": "Not provided"}, "wrfout_d02_2007-01-20_200000.GMI_LF.ORBITAL.TESTBED_TEL-SPHE.nc": {"temporal": ["2007-01-20T20:00:00.000Z", "2007-01-20T20:59:59.000Z"], "wnes_geometry": {"westBoundingCoordinate": 25, "eastBoundingCoordinate": 23, "northBoundingCoordinate": 75, "southBoundingCoordinate": 34}, "sizeMB": 1.41, "format": "Not provided"}, "wrfout_d02_2007-01-20_200000.DPR_Ka_MA.ORBITAL.TESTBED_SPHE.nc": {"temporal": ["2007-01-20T20:00:00.000Z", "2007-01-20T20:59:59.000Z"], "wnes_geometry": {"westBoundingCoordinate": 25, "eastBoundingCoordinate": 23, "northBoundingCoordinate": 75, "southBoundingCoordinate": 34}, "sizeMB": 55.71, "format": "Not provided"}, "wrfout_d02_2007-01-20_200000.DPR_Ku.ORBITAL.TESTBED_SPHE.nc": {"temporal": ["2007-01-20T20:00:00.000Z", "2007-01-20T20:59:59.000Z"], "wnes_geometry": {"westBoundingCoordinate": 25, "eastBoundingCoordinate": 23, "northBoundingCoordinate": 75, "southBoundingCoordinate": 34}, "sizeMB": 111.25, "format": "Not provided"}, "wrfout_d02_2007-01-20_210000.DPR_Ku.ORBITAL.TESTBED_SPHE.nc": {"temporal": ["2007-01-20T21:00:00.000Z", "2007-01-20T21:59:59.000Z"], "wnes_geometry": {"westBoundingCoordinate": 25, "eastBoundingCoordinate": 23, "northBoundingCoordinate": 75, "southBoundingCoordinate": 34}, "sizeMB": 111.25, "format": "Not provided"}, "wrfout_d02_2007-01-20_210000.DPR_Ka_HS.ORBITAL.TESTBED_SPHE.nc": {"temporal": ["2007-01-20T21:00:00.000Z", "2007-01-20T21:59:59.000Z"], "wnes_geometry": {"westBoundingCoordinate": 25, "eastBoundingCoordinate": 23, "northBoundingCoordinate": 75, "southBoundingCoordinate": 34}, "sizeMB": 26.79, "format": "Not provided"}, "wrfout_d02_2007-01-20_210000.GMI_LF.ORBITAL.TESTBED_TEL-SPHE.nc": {"temporal": ["2007-01-20T21:00:00.000Z", "2007-01-20T21:59:59.000Z"], "wnes_geometry": {"westBoundingCoordinate": 25, "eastBoundingCoordinate": 23, "northBoundingCoordinate": 75, "southBoundingCoordinate": 34}, "sizeMB": 1.41, "format": "Not provided"}, "wrfout_d02_2007-01-20_210000.GMI_HF.ORBITAL.TESTBED_TEL-SPHE.nc": {"temporal": ["2007-01-20T21:00:00.000Z", "2007-01-20T21:59:59.000Z"], "wnes_geometry": {"westBoundingCoordinate": 25, "eastBoundingCoordinate": 23, "northBoundingCoordinate": 75, "southBoundingCoordinate": 34}, "sizeMB": 1, "format": "Not provided"}, "wrfout_d02_2007-01-20_210000.DPR_Ka_MA.ORBITAL.TESTBED_SPHE.nc": {"temporal": ["2007-01-20T21:00:00.000Z", "2007-01-20T21:59:59.000Z"], "wnes_geometry": {"westBoundingCoordinate": 25, "eastBoundingCoordinate": 23, "northBoundingCoordinate": 75, "southBoundingCoordinate": 34}, "sizeMB": 55.71, "format": "Not provided"}, "wrfout_d02_2007-01-20_220000.DPR_Ku.ORBITAL.TESTBED_SPHE.nc": {"temporal": ["2007-01-20T22:00:00.000Z", "2007-01-20T22:59:59.000Z"], "wnes_geometry": {"westBoundingCoordinate": 25, "eastBoundingCoordinate": 23, "northBoundingCoordinate": 75, "southBoundingCoordinate": 34}, "sizeMB": 111.25, "format": "Not provided"}, "wrfout_d02_2007-01-20_220000.DPR_Ka_MA.ORBITAL.TESTBED_SPHE.nc": {"temporal": ["2007-01-20T22:00:00.000Z", "2007-01-20T22:59:59.000Z"], "wnes_geometry": {"westBoundingCoordinate": 25, "eastBoundingCoordinate": 23, "northBoundingCoordinate": 75, "southBoundingCoordinate": 34}, "sizeMB": 55.71, "format": "Not provided"}, "wrfout_d02_2007-01-20_220000.DPR_Ka_HS.ORBITAL.TESTBED_SPHE.nc": {"temporal": ["2007-01-20T22:00:00.000Z", "2007-01-20T22:59:59.000Z"], "wnes_geometry": {"westBoundingCoordinate": 25, "eastBoundingCoordinate": 23, "northBoundingCoordinate": 75, "southBoundingCoordinate": 34}, "sizeMB": 26.79, "format": "Not provided"}, "wrfout_d02_2007-01-20_220000.GMI_HF.ORBITAL.TESTBED_TEL-SPHE.nc": {"temporal": ["2007-01-20T22:00:00.000Z", "2007-01-20T22:59:59.000Z"], "wnes_geometry": {"westBoundingCoordinate": 25, "eastBoundingCoordinate": 23, "northBoundingCoordinate": 75, "southBoundingCoordinate": 34}, "sizeMB": 1, "format": "Not provided"}, "wrfout_d02_2007-01-20_220000.GMI_LF.ORBITAL.TESTBED_TEL-SPHE.nc": {"temporal": ["2007-01-20T22:00:00.000Z", "2007-01-20T22:59:59.000Z"], "wnes_geometry": {"westBoundingCoordinate": 25, "eastBoundingCoordinate": 23, "northBoundingCoordinate": 75, "southBoundingCoordinate": 34}, "sizeMB": 1.41, "format": "Not provided"}, "wrfout_d02_2007-01-20_230000.GMI_HF.ORBITAL.TESTBED_TEL-SPHE.nc": {"temporal": ["2007-01-20T23:00:00.000Z", "2007-01-20T23:59:59.000Z"], "wnes_geometry": {"westBoundingCoordinate": 25, "eastBoundingCoordinate": 23, "northBoundingCoordinate": 75, "southBoundingCoordinate": 34}, "sizeMB": 1, "format": "Not provided"}, "wrfout_d02_2007-01-20_230000.DPR_Ku.ORBITAL.TESTBED_SPHE.nc": {"temporal": ["2007-01-20T23:00:00.000Z", "2007-01-20T23:59:59.000Z"], "wnes_geometry": {"westBoundingCoordinate": 25, "eastBoundingCoordinate": 23, "northBoundingCoordinate": 75, "southBoundingCoordinate": 34}, "sizeMB": 111.25, "format": "Not provided"}, "wrfout_d02_2007-01-20_230000.DPR_Ka_MA.ORBITAL.TESTBED_SPHE.nc": {"temporal": ["2007-01-20T23:00:00.000Z", "2007-01-20T23:59:59.000Z"], "wnes_geometry": {"westBoundingCoordinate": 25, "eastBoundingCoordinate": 23, "northBoundingCoordinate": 75, "southBoundingCoordinate": 34}, "sizeMB": 55.71, "format": "Not provided"}, "wrfout_d02_2007-01-20_230000.DPR_Ka_HS.ORBITAL.TESTBED_SPHE.nc": {"temporal": ["2007-01-20T23:00:00.000Z", "2007-01-20T23:59:59.000Z"], "wnes_geometry": {"westBoundingCoordinate": 25, "eastBoundingCoordinate": 23, "northBoundingCoordinate": 75, "southBoundingCoordinate": 34}, "sizeMB": 26.79, "format": "Not provided"}, "wrfout_d02_2007-01-20_230000.GMI_LF.ORBITAL.TESTBED_TEL-SPHE.nc": {"temporal": ["2007-01-20T23:00:00.000Z", "2007-01-20T23:59:59.000Z"], "wnes_geometry": {"westBoundingCoordinate": 25, "eastBoundingCoordinate": 23, "northBoundingCoordinate": 75, "southBoundingCoordinate": 34}, "sizeMB": 1.41, "format": "Not provided"}, "wrfout_d02_2007-01-21_000000.DPR_Ka_HS.ORBITAL.TESTBED_SPHE.nc": {"temporal": ["2007-01-21T00:00:00.000Z", "2007-01-21T00:59:59.000Z"], "wnes_geometry": {"westBoundingCoordinate": 25, "eastBoundingCoordinate": 23, "northBoundingCoordinate": 75, "southBoundingCoordinate": 34}, "sizeMB": 26.79, "format": "Not provided"}, "wrfout_d02_2007-01-21_000000.GMI_LF.ORBITAL.TESTBED_TEL-SPHE.nc": {"temporal": ["2007-01-21T00:00:00.000Z", "2007-01-21T00:59:59.000Z"], "wnes_geometry": {"westBoundingCoordinate": 25, "eastBoundingCoordinate": 23, "northBoundingCoordinate": 75, "southBoundingCoordinate": 34}, "sizeMB": 1.41, "format": "Not provided"}, "wrfout_d02_2007-01-21_000000.GMI_HF.ORBITAL.TESTBED_TEL-SPHE.nc": {"temporal": ["2007-01-21T00:00:00.000Z", "2007-01-21T00:59:59.000Z"], "wnes_geometry": {"westBoundingCoordinate": 25, "eastBoundingCoordinate": 23, "northBoundingCoordinate": 75, "southBoundingCoordinate": 34}, "sizeMB": 1, "format": "Not provided"}, "wrfout_d02_2007-01-21_000000.DPR_Ku.ORBITAL.TESTBED_SPHE.nc": {"temporal": ["2007-01-21T00:00:00.000Z", "2007-01-21T00:59:59.000Z"], "wnes_geometry": {"westBoundingCoordinate": 25, "eastBoundingCoordinate": 23, "northBoundingCoordinate": 75, "southBoundingCoordinate": 34}, "sizeMB": 111.25, "format": "Not provided"}, "wrfout_d02_2007-01-21_000000.DPR_Ka_MA.ORBITAL.TESTBED_SPHE.nc": {"temporal": ["2007-01-21T00:00:00.000Z", "2007-01-21T00:59:59.000Z"], "wnes_geometry": {"westBoundingCoordinate": 25, "eastBoundingCoordinate": 23, "northBoundingCoordinate": 75, "southBoundingCoordinate": 34}, "sizeMB": 55.71, "format": "Not provided"}, "wrfout_d02_2007-01-22_000000.DPR_Ka_HS.ORBITAL.TESTBED_SPHE.nc": {"temporal": ["2007-01-22T00:00:00.000Z", "2007-01-22T00:59:59.000Z"], "wnes_geometry": {"westBoundingCoordinate": 25, "eastBoundingCoordinate": 23, "northBoundingCoordinate": 75, "southBoundingCoordinate": 34}, "sizeMB": 26.79, "format": "Not provided"}, "wrfout_d02_2007-01-22_000000.DPR_Ka_MA.ORBITAL.TESTBED_SPHE.nc": {"temporal": ["2007-01-22T00:00:00.000Z", "2007-01-22T00:59:59.000Z"], "wnes_geometry": {"westBoundingCoordinate": 25, "eastBoundingCoordinate": 23, "northBoundingCoordinate": 75, "southBoundingCoordinate": 34}, "sizeMB": 55.71, "format": "Not provided"}, "wrfout_d02_2007-01-22_000000.GMI_HF.ORBITAL.TESTBED_TEL-SPHE.nc": {"temporal": ["2007-01-22T00:00:00.000Z", "2007-01-22T00:59:59.000Z"], "wnes_geometry": {"westBoundingCoordinate": 25, "eastBoundingCoordinate": 23, "northBoundingCoordinate": 75, "southBoundingCoordinate": 34}, "sizeMB": 1, "format": "Not provided"}, "wrfout_d02_2007-01-22_000000.DPR_Ku.ORBITAL.TESTBED_SPHE.nc": {"temporal": ["2007-01-22T00:00:00.000Z", "2007-01-22T00:59:59.000Z"], "wnes_geometry": {"westBoundingCoordinate": 25, "eastBoundingCoordinate": 23, "northBoundingCoordinate": 75, "southBoundingCoordinate": 34}, "sizeMB": 111.25, "format": "Not provided"}, "wrfout_d02_2007-01-22_000000.GMI_LF.ORBITAL.TESTBED_TEL-SPHE.nc": {"temporal": ["2007-01-22T00:00:00.000Z", "2007-01-22T00:59:59.000Z"], "wnes_geometry": {"westBoundingCoordinate": 25, "eastBoundingCoordinate": 23, "northBoundingCoordinate": 75, "southBoundingCoordinate": 34}, "sizeMB": 1.41, "format": "Not provided"}, "wrfout_d02_2007-01-22_010000.DPR_Ka_HS.ORBITAL.TESTBED_SPHE.nc": {"temporal": ["2007-01-22T01:00:00.000Z", "2007-01-22T01:59:59.000Z"], "wnes_geometry": {"westBoundingCoordinate": 25, "eastBoundingCoordinate": 23, "northBoundingCoordinate": 75, "southBoundingCoordinate": 34}, "sizeMB": 26.79, "format": "Not provided"}, "wrfout_d02_2007-01-22_010000.GMI_HF.ORBITAL.TESTBED_TEL-SPHE.nc": {"temporal": ["2007-01-22T01:00:00.000Z", "2007-01-22T01:59:59.000Z"], "wnes_geometry": {"westBoundingCoordinate": 25, "eastBoundingCoordinate": 23, "northBoundingCoordinate": 75, "southBoundingCoordinate": 34}, "sizeMB": 1, "format": "Not provided"}, "wrfout_d02_2007-01-22_010000.DPR_Ku.ORBITAL.TESTBED_SPHE.nc": {"temporal": ["2007-01-22T01:00:00.000Z", "2007-01-22T01:59:59.000Z"], "wnes_geometry": {"westBoundingCoordinate": 25, "eastBoundingCoordinate": 23, "northBoundingCoordinate": 75, "southBoundingCoordinate": 34}, "sizeMB": 111.25, "format": "Not provided"}, "wrfout_d02_2007-01-22_010000.DPR_Ka_MA.ORBITAL.TESTBED_SPHE.nc": {"temporal": ["2007-01-22T01:00:00.000Z", "2007-01-22T01:59:59.000Z"], "wnes_geometry": {"westBoundingCoordinate": 25, "eastBoundingCoordinate": 23, "northBoundingCoordinate": 75, "southBoundingCoordinate": 34}, "sizeMB": 55.71, "format": "Not provided"}, "wrfout_d02_2007-01-22_010000.GMI_LF.ORBITAL.TESTBED_TEL-SPHE.nc": {"temporal": ["2007-01-22T01:00:00.000Z", "2007-01-22T01:59:59.000Z"], "wnes_geometry": {"westBoundingCoordinate": 25, "eastBoundingCoordinate": 23, "northBoundingCoordinate": 75, "southBoundingCoordinate": 34}, "sizeMB": 1.41, "format": "Not provided"}, "wrfout_d02_2007-01-22_020000.DPR_Ka_MA.ORBITAL.TESTBED_SPHE.nc": {"temporal": ["2007-01-22T02:00:00.000Z", "2007-01-22T02:59:59.000Z"], "wnes_geometry": {"westBoundingCoordinate": 25, "eastBoundingCoordinate": 23, "northBoundingCoordinate": 75, "southBoundingCoordinate": 34}, "sizeMB": 55.71, "format": "Not provided"}, "wrfout_d02_2007-01-22_020000.GMI_HF.ORBITAL.TESTBED_TEL-SPHE.nc": {"temporal": ["2007-01-22T02:00:00.000Z", "2007-01-22T02:59:59.000Z"], "wnes_geometry": {"westBoundingCoordinate": 25, "eastBoundingCoordinate": 23, "northBoundingCoordinate": 75, "southBoundingCoordinate": 34}, "sizeMB": 1, "format": "Not provided"}, "wrfout_d02_2007-01-22_020000.DPR_Ku.ORBITAL.TESTBED_SPHE.nc": {"temporal": ["2007-01-22T02:00:00.000Z", "2007-01-22T02:59:59.000Z"], "wnes_geometry": {"westBoundingCoordinate": 25, "eastBoundingCoordinate": 23, "northBoundingCoordinate": 75, "southBoundingCoordinate": 34}, "sizeMB": 111.25, "format": "Not provided"}, "wrfout_d02_2007-01-22_020000.DPR_Ka_HS.ORBITAL.TESTBED_SPHE.nc": {"temporal": ["2007-01-22T02:00:00.000Z", "2007-01-22T02:59:59.000Z"], "wnes_geometry": {"westBoundingCoordinate": 25, "eastBoundingCoordinate": 23, "northBoundingCoordinate": 75, "southBoundingCoordinate": 34}, "sizeMB": 26.79, "format": "Not provided"}, "wrfout_d02_2007-01-22_020000.GMI_LF.ORBITAL.TESTBED_TEL-SPHE.nc": {"temporal": ["2007-01-22T02:00:00.000Z", "2007-01-22T02:59:59.000Z"], "wnes_geometry": {"westBoundingCoordinate": 25, "eastBoundingCoordinate": 23, "northBoundingCoordinate": 75, "southBoundingCoordinate": 34}, "sizeMB": 1.41, "format": "Not provided"}, "wrfout_d02_2007-01-22_030000.DPR_Ka_MA.ORBITAL.TESTBED_SPHE.nc": {"temporal": ["2007-01-22T03:00:00.000Z", "2007-01-22T03:59:59.000Z"], "wnes_geometry": {"westBoundingCoordinate": 25, "eastBoundingCoordinate": 23, "northBoundingCoordinate": 75, "southBoundingCoordinate": 34}, "sizeMB": 55.71, "format": "Not provided"}, "wrfout_d02_2007-01-22_030000.GMI_HF.ORBITAL.TESTBED_TEL-SPHE.nc": {"temporal": ["2007-01-22T03:00:00.000Z", "2007-01-22T03:59:59.000Z"], "wnes_geometry": {"westBoundingCoordinate": 25, "eastBoundingCoordinate": 23, "northBoundingCoordinate": 75, "southBoundingCoordinate": 34}, "sizeMB": 1, "format": "Not provided"}, "wrfout_d02_2007-01-22_030000.DPR_Ku.ORBITAL.TESTBED_SPHE.nc": {"temporal": ["2007-01-22T03:00:00.000Z", "2007-01-22T03:59:59.000Z"], "wnes_geometry": {"westBoundingCoordinate": 25, "eastBoundingCoordinate": 23, "northBoundingCoordinate": 75, "southBoundingCoordinate": 34}, "sizeMB": 111.25, "format": "Not provided"}, "wrfout_d02_2007-01-22_030000.DPR_Ka_HS.ORBITAL.TESTBED_SPHE.nc": {"temporal": ["2007-01-22T03:00:00.000Z", "2007-01-22T03:59:59.000Z"], "wnes_geometry": {"westBoundingCoordinate": 25, "eastBoundingCoordinate": 23, "northBoundingCoordinate": 75, "southBoundingCoordinate": 34}, "sizeMB": 26.79, "format": "Not provided"}, "wrfout_d02_2007-01-22_030000.GMI_LF.ORBITAL.TESTBED_TEL-SPHE.nc": {"temporal": ["2007-01-22T03:00:00.000Z", "2007-01-22T03:59:59.000Z"], "wnes_geometry": {"westBoundingCoordinate": 25, "eastBoundingCoordinate": 23, "northBoundingCoordinate": 75, "southBoundingCoordinate": 34}, "sizeMB": 1.41, "format": "Not provided"}, "wrfout_d02_2007-01-22_040000.GMI_LF.ORBITAL.TESTBED_TEL-SPHE.nc": {"temporal": ["2007-01-22T04:00:00.000Z", "2007-01-22T04:59:59.000Z"], "wnes_geometry": {"westBoundingCoordinate": 25, "eastBoundingCoordinate": 23, "northBoundingCoordinate": 75, "southBoundingCoordinate": 34}, "sizeMB": 1.41, "format": "Not provided"}, "wrfout_d02_2007-01-22_040000.DPR_Ka_MA.ORBITAL.TESTBED_SPHE.nc": {"temporal": ["2007-01-22T04:00:00.000Z", "2007-01-22T04:59:59.000Z"], "wnes_geometry": {"westBoundingCoordinate": 25, "eastBoundingCoordinate": 23, "northBoundingCoordinate": 75, "southBoundingCoordinate": 34}, "sizeMB": 55.71, "format": "Not provided"}, "wrfout_d02_2007-01-22_040000.DPR_Ku.ORBITAL.TESTBED_SPHE.nc": {"temporal": ["2007-01-22T04:00:00.000Z", "2007-01-22T04:59:59.000Z"], "wnes_geometry": {"westBoundingCoordinate": 25, "eastBoundingCoordinate": 23, "northBoundingCoordinate": 75, "southBoundingCoordinate": 34}, "sizeMB": 111.25, "format": "Not provided"}, "wrfout_d02_2007-01-22_040000.GMI_HF.ORBITAL.TESTBED_TEL-SPHE.nc": {"temporal": ["2007-01-22T04:00:00.000Z", "2007-01-22T04:59:59.000Z"], "wnes_geometry": {"westBoundingCoordinate": 25, "eastBoundingCoordinate": 23, "northBoundingCoordinate": 75, "southBoundingCoordinate": 34}, "sizeMB": 1, "format": "Not provided"}, "wrfout_d02_2007-01-22_040000.DPR_Ka_HS.ORBITAL.TESTBED_SPHE.nc": {"temporal": ["2007-01-22T04:00:00.000Z", "2007-01-22T04:59:59.000Z"], "wnes_geometry": {"westBoundingCoordinate": 25, "eastBoundingCoordinate": 23, "northBoundingCoordinate": 75, "southBoundingCoordinate": 34}, "sizeMB": 26.79, "format": "Not provided"}, "wrfout_d02_2007-01-22_050000.DPR_Ka_HS.ORBITAL.TESTBED_SPHE.nc": {"temporal": ["2007-01-22T05:00:00.000Z", "2007-01-22T05:59:59.000Z"], "wnes_geometry": {"westBoundingCoordinate": 25, "eastBoundingCoordinate": 23, "northBoundingCoordinate": 75, "southBoundingCoordinate": 34}, "sizeMB": 26.79, "format": "Not provided"}, "wrfout_d02_2007-01-22_050000.GMI_LF.ORBITAL.TESTBED_TEL-SPHE.nc": {"temporal": ["2007-01-22T05:00:00.000Z", "2007-01-22T05:59:59.000Z"], "wnes_geometry": {"westBoundingCoordinate": 25, "eastBoundingCoordinate": 23, "northBoundingCoordinate": 75, "southBoundingCoordinate": 34}, "sizeMB": 1.41, "format": "Not provided"}, "wrfout_d02_2007-01-22_050000.DPR_Ka_MA.ORBITAL.TESTBED_SPHE.nc": {"temporal": ["2007-01-22T05:00:00.000Z", "2007-01-22T05:59:59.000Z"], "wnes_geometry": {"westBoundingCoordinate": 25, "eastBoundingCoordinate": 23, "northBoundingCoordinate": 75, "southBoundingCoordinate": 34}, "sizeMB": 55.71, "format": "Not provided"}, "wrfout_d02_2007-01-22_050000.DPR_Ku.ORBITAL.TESTBED_SPHE.nc": {"temporal": ["2007-01-22T05:00:00.000Z", "2007-01-22T05:59:59.000Z"], "wnes_geometry": {"westBoundingCoordinate": 25, "eastBoundingCoordinate": 23, "northBoundingCoordinate": 75, "southBoundingCoordinate": 34}, "sizeMB": 111.25, "format": "Not provided"}, "wrfout_d02_2007-01-22_050000.GMI_HF.ORBITAL.TESTBED_TEL-SPHE.nc": {"temporal": ["2007-01-22T05:00:00.000Z", "2007-01-22T05:59:59.000Z"], "wnes_geometry": {"westBoundingCoordinate": 25, "eastBoundingCoordinate": 23, "northBoundingCoordinate": 75, "southBoundingCoordinate": 34}, "sizeMB": 1, "format": "Not provided"}, "wrfout_d02_2007-01-22_060000.GMI_LF.ORBITAL.TESTBED_TEL-SPHE.nc": {"temporal": ["2007-01-22T06:00:00.000Z", "2007-01-22T06:59:59.000Z"], "wnes_geometry": {"westBoundingCoordinate": 25, "eastBoundingCoordinate": 23, "northBoundingCoordinate": 75, "southBoundingCoordinate": 34}, "sizeMB": 1.41, "format": "Not provided"}, "wrfout_d02_2007-01-22_060000.DPR_Ka_HS.ORBITAL.TESTBED_SPHE.nc": {"temporal": ["2007-01-22T06:00:00.000Z", "2007-01-22T06:59:59.000Z"], "wnes_geometry": {"westBoundingCoordinate": 25, "eastBoundingCoordinate": 23, "northBoundingCoordinate": 75, "southBoundingCoordinate": 34}, "sizeMB": 26.79, "format": "Not provided"}, "wrfout_d02_2007-01-22_060000.DPR_Ka_MA.ORBITAL.TESTBED_SPHE.nc": {"temporal": ["2007-01-22T06:00:00.000Z", "2007-01-22T06:59:59.000Z"], "wnes_geometry": {"westBoundingCoordinate": 25, "eastBoundingCoordinate": 23, "northBoundingCoordinate": 75, "southBoundingCoordinate": 34}, "sizeMB": 55.71, "format": "Not provided"}, "wrfout_d02_2007-01-22_060000.GMI_HF.ORBITAL.TESTBED_TEL-SPHE.nc": {"temporal": ["2007-01-22T06:00:00.000Z", "2007-01-22T06:59:59.000Z"], "wnes_geometry": {"westBoundingCoordinate": 25, "eastBoundingCoordinate": 23, "northBoundingCoordinate": 75, "southBoundingCoordinate": 34}, "sizeMB": 1, "format": "Not provided"}, "wrfout_d02_2007-01-22_060000.DPR_Ku.ORBITAL.TESTBED_SPHE.nc": {"temporal": ["2007-01-22T06:00:00.000Z", "2007-01-22T06:59:59.000Z"], "wnes_geometry": {"westBoundingCoordinate": 25, "eastBoundingCoordinate": 23, "northBoundingCoordinate": 75, "southBoundingCoordinate": 34}, "sizeMB": 111.25, "format": "Not provided"}, "wrfout_d02_2007-01-22_070000.DPR_Ka_MA.ORBITAL.TESTBED_SPHE.nc": {"temporal": ["2007-01-22T07:00:00.000Z", "2007-01-22T07:59:59.000Z"], "wnes_geometry": {"westBoundingCoordinate": 25, "eastBoundingCoordinate": 23, "northBoundingCoordinate": 75, "southBoundingCoordinate": 34}, "sizeMB": 55.71, "format": "Not provided"}, "wrfout_d02_2007-01-22_070000.GMI_HF.ORBITAL.TESTBED_TEL-SPHE.nc": {"temporal": ["2007-01-22T07:00:00.000Z", "2007-01-22T07:59:59.000Z"], "wnes_geometry": {"westBoundingCoordinate": 25, "eastBoundingCoordinate": 23, "northBoundingCoordinate": 75, "southBoundingCoordinate": 34}, "sizeMB": 1, "format": "Not provided"}, "wrfout_d02_2007-01-22_070000.DPR_Ku.ORBITAL.TESTBED_SPHE.nc": {"temporal": ["2007-01-22T07:00:00.000Z", "2007-01-22T07:59:59.000Z"], "wnes_geometry": {"westBoundingCoordinate": 25, "eastBoundingCoordinate": 23, "northBoundingCoordinate": 75, "southBoundingCoordinate": 34}, "sizeMB": 111.25, "format": "Not provided"}, "wrfout_d02_2007-01-22_070000.GMI_LF.ORBITAL.TESTBED_TEL-SPHE.nc": {"temporal": ["2007-01-22T07:00:00.000Z", "2007-01-22T07:59:59.000Z"], "wnes_geometry": {"westBoundingCoordinate": 25, "eastBoundingCoordinate": 23, "northBoundingCoordinate": 75, "southBoundingCoordinate": 34}, "sizeMB": 1.41, "format": "Not provided"}, "wrfout_d02_2007-01-22_070000.DPR_Ka_HS.ORBITAL.TESTBED_SPHE.nc": {"temporal": ["2007-01-22T07:00:00.000Z", "2007-01-22T07:59:59.000Z"], "wnes_geometry": {"westBoundingCoordinate": 25, "eastBoundingCoordinate": 23, "northBoundingCoordinate": 75, "southBoundingCoordinate": 34}, "sizeMB": 26.79, "format": "Not provided"}, "wrfout_d02_2007-01-22_080000.DPR_Ka_MA.ORBITAL.TESTBED_SPHE.nc": {"temporal": ["2007-01-22T08:00:00.000Z", "2007-01-22T08:59:59.000Z"], "wnes_geometry": {"westBoundingCoordinate": 25, "eastBoundingCoordinate": 23, "northBoundingCoordinate": 75, "southBoundingCoordinate": 34}, "sizeMB": 55.71, "format": "Not provided"}, "wrfout_d02_2007-01-22_080000.GMI_LF.ORBITAL.TESTBED_TEL-SPHE.nc": {"temporal": ["2007-01-22T08:00:00.000Z", "2007-01-22T08:59:59.000Z"], "wnes_geometry": {"westBoundingCoordinate": 25, "eastBoundingCoordinate": 23, "northBoundingCoordinate": 75, "southBoundingCoordinate": 34}, "sizeMB": 1.41, "format": "Not provided"}, "wrfout_d02_2007-01-22_080000.DPR_Ka_HS.ORBITAL.TESTBED_SPHE.nc": {"temporal": ["2007-01-22T08:00:00.000Z", "2007-01-22T08:59:59.000Z"], "wnes_geometry": {"westBoundingCoordinate": 25, "eastBoundingCoordinate": 23, "northBoundingCoordinate": 75, "southBoundingCoordinate": 34}, "sizeMB": 26.79, "format": "Not provided"}, "wrfout_d02_2007-01-22_080000.DPR_Ku.ORBITAL.TESTBED_SPHE.nc": {"temporal": ["2007-01-22T08:00:00.000Z", "2007-01-22T08:59:59.000Z"], "wnes_geometry": {"westBoundingCoordinate": 25, "eastBoundingCoordinate": 23, "northBoundingCoordinate": 75, "southBoundingCoordinate": 34}, "sizeMB": 111.25, "format": "Not provided"}, "wrfout_d02_2007-01-22_080000.GMI_HF.ORBITAL.TESTBED_TEL-SPHE.nc": {"temporal": ["2007-01-22T08:00:00.000Z", "2007-01-22T08:59:59.000Z"], "wnes_geometry": {"westBoundingCoordinate": 25, "eastBoundingCoordinate": 23, "northBoundingCoordinate": 75, "southBoundingCoordinate": 34}, "sizeMB": 1, "format": "Not provided"}, "wrfout_d02_2007-01-22_090000.DPR_Ka_MA.ORBITAL.TESTBED_SPHE.nc": {"temporal": ["2007-01-22T09:00:00.000Z", "2007-01-22T09:59:59.000Z"], "wnes_geometry": {"westBoundingCoordinate": 25, "eastBoundingCoordinate": 23, "northBoundingCoordinate": 75, "southBoundingCoordinate": 34}, "sizeMB": 55.71, "format": "Not provided"}, "wrfout_d02_2007-01-22_090000.DPR_Ku.ORBITAL.TESTBED_SPHE.nc": {"temporal": ["2007-01-22T09:00:00.000Z", "2007-01-22T09:59:59.000Z"], "wnes_geometry": {"westBoundingCoordinate": 25, "eastBoundingCoordinate": 23, "northBoundingCoordinate": 75, "southBoundingCoordinate": 34}, "sizeMB": 111.25, "format": "Not provided"}, "wrfout_d02_2007-01-22_090000.DPR_Ka_HS.ORBITAL.TESTBED_SPHE.nc": {"temporal": ["2007-01-22T09:00:00.000Z", "2007-01-22T09:59:59.000Z"], "wnes_geometry": {"westBoundingCoordinate": 25, "eastBoundingCoordinate": 23, "northBoundingCoordinate": 75, "southBoundingCoordinate": 34}, "sizeMB": 26.79, "format": "Not provided"}, "wrfout_d02_2007-01-22_090000.GMI_LF.ORBITAL.TESTBED_TEL-SPHE.nc": {"temporal": ["2007-01-22T09:00:00.000Z", "2007-01-22T09:59:59.000Z"], "wnes_geometry": {"westBoundingCoordinate": 25, "eastBoundingCoordinate": 23, "northBoundingCoordinate": 75, "southBoundingCoordinate": 34}, "sizeMB": 1.41, "format": "Not provided"}, "wrfout_d02_2007-01-22_090000.GMI_HF.ORBITAL.TESTBED_TEL-SPHE.nc": {"temporal": ["2007-01-22T09:00:00.000Z", "2007-01-22T09:59:59.000Z"], "wnes_geometry": {"westBoundingCoordinate": 25, "eastBoundingCoordinate": 23, "northBoundingCoordinate": 75, "southBoundingCoordinate": 34}, "sizeMB": 1, "format": "Not provided"}, "wrfout_d02_2007-01-22_100000.DPR_Ka_MA.ORBITAL.TESTBED_SPHE.nc": {"temporal": ["2007-01-22T10:00:00.000Z", "2007-01-22T10:59:59.000Z"], "wnes_geometry": {"westBoundingCoordinate": 25, "eastBoundingCoordinate": 23, "northBoundingCoordinate": 75, "southBoundingCoordinate": 34}, "sizeMB": 55.71, "format": "Not provided"}, "wrfout_d02_2007-01-22_100000.DPR_Ka_HS.ORBITAL.TESTBED_SPHE.nc": {"temporal": ["2007-01-22T10:00:00.000Z", "2007-01-22T10:59:59.000Z"], "wnes_geometry": {"westBoundingCoordinate": 25, "eastBoundingCoordinate": 23, "northBoundingCoordinate": 75, "southBoundingCoordinate": 34}, "sizeMB": 26.79, "format": "Not provided"}, "wrfout_d02_2007-01-22_100000.DPR_Ku.ORBITAL.TESTBED_SPHE.nc": {"temporal": ["2007-01-22T10:00:00.000Z", "2007-01-22T10:59:59.000Z"], "wnes_geometry": {"westBoundingCoordinate": 25, "eastBoundingCoordinate": 23, "northBoundingCoordinate": 75, "southBoundingCoordinate": 34}, "sizeMB": 111.25, "format": "Not provided"}, "wrfout_d02_2007-01-22_100000.GMI_HF.ORBITAL.TESTBED_TEL-SPHE.nc": {"temporal": ["2007-01-22T10:00:00.000Z", "2007-01-22T10:59:59.000Z"], "wnes_geometry": {"westBoundingCoordinate": 25, "eastBoundingCoordinate": 23, "northBoundingCoordinate": 75, "southBoundingCoordinate": 34}, "sizeMB": 1, "format": "Not provided"}, "wrfout_d02_2007-01-22_100000.GMI_LF.ORBITAL.TESTBED_TEL-SPHE.nc": {"temporal": ["2007-01-22T10:00:00.000Z", "2007-01-22T10:59:59.000Z"], "wnes_geometry": {"westBoundingCoordinate": 25, "eastBoundingCoordinate": 23, "northBoundingCoordinate": 75, "southBoundingCoordinate": 34}, "sizeMB": 1.41, "format": "Not provided"}, "wrfout_d02_2007-01-22_110000.DPR_Ku.ORBITAL.TESTBED_SPHE.nc": {"temporal": ["2007-01-22T11:00:00.000Z", "2007-01-22T11:59:59.000Z"], "wnes_geometry": {"westBoundingCoordinate": 25, "eastBoundingCoordinate": 23, "northBoundingCoordinate": 75, "southBoundingCoordinate": 34}, "sizeMB": 111.25, "format": "Not provided"}, "wrfout_d02_2007-01-22_110000.DPR_Ka_MA.ORBITAL.TESTBED_SPHE.nc": {"temporal": ["2007-01-22T11:00:00.000Z", "2007-01-22T11:59:59.000Z"], "wnes_geometry": {"westBoundingCoordinate": 25, "eastBoundingCoordinate": 23, "northBoundingCoordinate": 75, "southBoundingCoordinate": 34}, "sizeMB": 55.71, "format": "Not provided"}, "wrfout_d02_2007-01-22_110000.DPR_Ka_HS.ORBITAL.TESTBED_SPHE.nc": {"temporal": ["2007-01-22T11:00:00.000Z", "2007-01-22T11:59:59.000Z"], "wnes_geometry": {"westBoundingCoordinate": 25, "eastBoundingCoordinate": 23, "northBoundingCoordinate": 75, "southBoundingCoordinate": 34}, "sizeMB": 26.79, "format": "Not provided"}, "wrfout_d02_2007-01-22_110000.GMI_LF.ORBITAL.TESTBED_TEL-SPHE.nc": {"temporal": ["2007-01-22T11:00:00.000Z", "2007-01-22T11:59:59.000Z"], "wnes_geometry": {"westBoundingCoordinate": 25, "eastBoundingCoordinate": 23, "northBoundingCoordinate": 75, "southBoundingCoordinate": 34}, "sizeMB": 1.41, "format": "Not provided"}, "wrfout_d02_2007-01-22_110000.GMI_HF.ORBITAL.TESTBED_TEL-SPHE.nc": {"temporal": ["2007-01-22T11:00:00.000Z", "2007-01-22T11:59:59.000Z"], "wnes_geometry": {"westBoundingCoordinate": 25, "eastBoundingCoordinate": 23, "northBoundingCoordinate": 75, "southBoundingCoordinate": 34}, "sizeMB": 1, "format": "Not provided"}, "wrfout_d02_2007-01-22_120000.DPR_Ka_HS.ORBITAL.TESTBED_SPHE.nc": {"temporal": ["2007-01-22T12:00:00.000Z", "2007-01-22T12:59:59.000Z"], "wnes_geometry": {"westBoundingCoordinate": 25, "eastBoundingCoordinate": 23, "northBoundingCoordinate": 75, "southBoundingCoordinate": 34}, "sizeMB": 26.79, "format": "Not provided"}, "wrfout_d02_2007-01-22_120000.GMI_HF.ORBITAL.TESTBED_TEL-SPHE.nc": {"temporal": ["2007-01-22T12:00:00.000Z", "2007-01-22T12:59:59.000Z"], "wnes_geometry": {"westBoundingCoordinate": 25, "eastBoundingCoordinate": 23, "northBoundingCoordinate": 75, "southBoundingCoordinate": 34}, "sizeMB": 1, "format": "Not provided"}, "wrfout_d02_2007-01-22_120000.DPR_Ka_MA.ORBITAL.TESTBED_SPHE.nc": {"temporal": ["2007-01-22T12:00:00.000Z", "2007-01-22T12:59:59.000Z"], "wnes_geometry": {"westBoundingCoordinate": 25, "eastBoundingCoordinate": 23, "northBoundingCoordinate": 75, "southBoundingCoordinate": 34}, "sizeMB": 55.71, "format": "Not provided"}, "wrfout_d02_2007-01-22_120000.GMI_LF.ORBITAL.TESTBED_TEL-SPHE.nc": {"temporal": ["2007-01-22T12:00:00.000Z", "2007-01-22T12:59:59.000Z"], "wnes_geometry": {"westBoundingCoordinate": 25, "eastBoundingCoordinate": 23, "northBoundingCoordinate": 75, "southBoundingCoordinate": 34}, "sizeMB": 1.41, "format": "Not provided"}, "wrfout_d02_2007-01-22_120000.DPR_Ku.ORBITAL.TESTBED_SPHE.nc": {"temporal": ["2007-01-22T12:00:00.000Z", "2007-01-22T12:59:59.000Z"], "wnes_geometry": {"westBoundingCoordinate": 25, "eastBoundingCoordinate": 23, "northBoundingCoordinate": 75, "southBoundingCoordinate": 34}, "sizeMB": 111.25, "format": "Not provided"}, "wrfout_d02_2007-01-22_130000.GMI_HF.ORBITAL.TESTBED_TEL-SPHE.nc": {"temporal": ["2007-01-22T13:00:00.000Z", "2007-01-22T13:59:59.000Z"], "wnes_geometry": {"westBoundingCoordinate": 25, "eastBoundingCoordinate": 23, "northBoundingCoordinate": 75, "southBoundingCoordinate": 34}, "sizeMB": 1, "format": "Not provided"}, "wrfout_d02_2007-01-22_130000.DPR_Ka_HS.ORBITAL.TESTBED_SPHE.nc": {"temporal": ["2007-01-22T13:00:00.000Z", "2007-01-22T13:59:59.000Z"], "wnes_geometry": {"westBoundingCoordinate": 25, "eastBoundingCoordinate": 23, "northBoundingCoordinate": 75, "southBoundingCoordinate": 34}, "sizeMB": 26.79, "format": "Not provided"}, "wrfout_d02_2007-01-22_130000.DPR_Ka_MA.ORBITAL.TESTBED_SPHE.nc": {"temporal": ["2007-01-22T13:00:00.000Z", "2007-01-22T13:59:59.000Z"], "wnes_geometry": {"westBoundingCoordinate": 25, "eastBoundingCoordinate": 23, "northBoundingCoordinate": 75, "southBoundingCoordinate": 34}, "sizeMB": 55.71, "format": "Not provided"}, "wrfout_d02_2007-01-22_130000.GMI_LF.ORBITAL.TESTBED_TEL-SPHE.nc": {"temporal": ["2007-01-22T13:00:00.000Z", "2007-01-22T13:59:59.000Z"], "wnes_geometry": {"westBoundingCoordinate": 25, "eastBoundingCoordinate": 23, "northBoundingCoordinate": 75, "southBoundingCoordinate": 34}, "sizeMB": 1.41, "format": "Not provided"}, "wrfout_d02_2007-01-22_130000.DPR_Ku.ORBITAL.TESTBED_SPHE.nc": {"temporal": ["2007-01-22T13:00:00.000Z", "2007-01-22T13:59:59.000Z"], "wnes_geometry": {"westBoundingCoordinate": 25, "eastBoundingCoordinate": 23, "northBoundingCoordinate": 75, "southBoundingCoordinate": 34}, "sizeMB": 111.25, "format": "Not provided"}, "wrfout_d02_2007-01-22_140000.DPR_Ka_HS.ORBITAL.TESTBED_SPHE.nc": {"temporal": ["2007-01-22T14:00:00.000Z", "2007-01-22T14:59:59.000Z"], "wnes_geometry": {"westBoundingCoordinate": 25, "eastBoundingCoordinate": 23, "northBoundingCoordinate": 75, "southBoundingCoordinate": 34}, "sizeMB": 26.79, "format": "Not provided"}, "wrfout_d02_2007-01-22_140000.DPR_Ku.ORBITAL.TESTBED_SPHE.nc": {"temporal": ["2007-01-22T14:00:00.000Z", "2007-01-22T14:59:59.000Z"], "wnes_geometry": {"westBoundingCoordinate": 25, "eastBoundingCoordinate": 23, "northBoundingCoordinate": 75, "southBoundingCoordinate": 34}, "sizeMB": 111.25, "format": "Not provided"}, "wrfout_d02_2007-01-22_140000.DPR_Ka_MA.ORBITAL.TESTBED_SPHE.nc": {"temporal": ["2007-01-22T14:00:00.000Z", "2007-01-22T14:59:59.000Z"], "wnes_geometry": {"westBoundingCoordinate": 25, "eastBoundingCoordinate": 23, "northBoundingCoordinate": 75, "southBoundingCoordinate": 34}, "sizeMB": 55.71, "format": "Not provided"}, "wrfout_d02_2007-01-22_140000.GMI_LF.ORBITAL.TESTBED_TEL-SPHE.nc": {"temporal": ["2007-01-22T14:00:00.000Z", "2007-01-22T14:59:59.000Z"], "wnes_geometry": {"westBoundingCoordinate": 25, "eastBoundingCoordinate": 23, "northBoundingCoordinate": 75, "southBoundingCoordinate": 34}, "sizeMB": 1.41, "format": "Not provided"}, "wrfout_d02_2007-01-22_140000.GMI_HF.ORBITAL.TESTBED_TEL-SPHE.nc": {"temporal": ["2007-01-22T14:00:00.000Z", "2007-01-22T14:59:59.000Z"], "wnes_geometry": {"westBoundingCoordinate": 25, "eastBoundingCoordinate": 23, "northBoundingCoordinate": 75, "southBoundingCoordinate": 34}, "sizeMB": 1, "format": "Not provided"}, "wrfout_d02_2007-01-22_150000.GMI_LF.ORBITAL.TESTBED_TEL-SPHE.nc": {"temporal": ["2007-01-22T15:00:00.000Z", "2007-01-22T15:59:59.000Z"], "wnes_geometry": {"westBoundingCoordinate": 25, "eastBoundingCoordinate": 23, "northBoundingCoordinate": 75, "southBoundingCoordinate": 34}, "sizeMB": 1.41, "format": "Not provided"}, "wrfout_d02_2007-01-22_150000.DPR_Ku.ORBITAL.TESTBED_SPHE.nc": {"temporal": ["2007-01-22T15:00:00.000Z", "2007-01-22T15:59:59.000Z"], "wnes_geometry": {"westBoundingCoordinate": 25, "eastBoundingCoordinate": 23, "northBoundingCoordinate": 75, "southBoundingCoordinate": 34}, "sizeMB": 111.25, "format": "Not provided"}, "wrfout_d02_2007-01-22_150000.GMI_HF.ORBITAL.TESTBED_TEL-SPHE.nc": {"temporal": ["2007-01-22T15:00:00.000Z", "2007-01-22T15:59:59.000Z"], "wnes_geometry": {"westBoundingCoordinate": 25, "eastBoundingCoordinate": 23, "northBoundingCoordinate": 75, "southBoundingCoordinate": 34}, "sizeMB": 1, "format": "Not provided"}, "wrfout_d02_2007-01-22_150000.DPR_Ka_MA.ORBITAL.TESTBED_SPHE.nc": {"temporal": ["2007-01-22T15:00:00.000Z", "2007-01-22T15:59:59.000Z"], "wnes_geometry": {"westBoundingCoordinate": 25, "eastBoundingCoordinate": 23, "northBoundingCoordinate": 75, "southBoundingCoordinate": 34}, "sizeMB": 55.71, "format": "Not provided"}, "wrfout_d02_2007-01-22_150000.DPR_Ka_HS.ORBITAL.TESTBED_SPHE.nc": {"temporal": ["2007-01-22T15:00:00.000Z", "2007-01-22T15:59:59.000Z"], "wnes_geometry": {"westBoundingCoordinate": 25, "eastBoundingCoordinate": 23, "northBoundingCoordinate": 75, "southBoundingCoordinate": 34}, "sizeMB": 26.79, "format": "Not provided"}, "wrfout_d02_2007-01-22_160000.DPR_Ku.ORBITAL.TESTBED_SPHE.nc": {"temporal": ["2007-01-22T16:00:00.000Z", "2007-01-22T16:59:59.000Z"], "wnes_geometry": {"westBoundingCoordinate": 25, "eastBoundingCoordinate": 23, "northBoundingCoordinate": 75, "southBoundingCoordinate": 34}, "sizeMB": 111.25, "format": "Not provided"}, "wrfout_d02_2007-01-22_160000.DPR_Ka_MA.ORBITAL.TESTBED_SPHE.nc": {"temporal": ["2007-01-22T16:00:00.000Z", "2007-01-22T16:59:59.000Z"], "wnes_geometry": {"westBoundingCoordinate": 25, "eastBoundingCoordinate": 23, "northBoundingCoordinate": 75, "southBoundingCoordinate": 34}, "sizeMB": 55.71, "format": "Not provided"}, "wrfout_d02_2007-01-22_160000.GMI_HF.ORBITAL.TESTBED_TEL-SPHE.nc": {"temporal": ["2007-01-22T16:00:00.000Z", "2007-01-22T16:59:59.000Z"], "wnes_geometry": {"westBoundingCoordinate": 25, "eastBoundingCoordinate": 23, "northBoundingCoordinate": 75, "southBoundingCoordinate": 34}, "sizeMB": 1, "format": "Not provided"}, "wrfout_d02_2007-01-22_160000.DPR_Ka_HS.ORBITAL.TESTBED_SPHE.nc": {"temporal": ["2007-01-22T16:00:00.000Z", "2007-01-22T16:59:59.000Z"], "wnes_geometry": {"westBoundingCoordinate": 25, "eastBoundingCoordinate": 23, "northBoundingCoordinate": 75, "southBoundingCoordinate": 34}, "sizeMB": 26.79, "format": "Not provided"}, "wrfout_d02_2007-01-22_160000.GMI_LF.ORBITAL.TESTBED_TEL-SPHE.nc": {"temporal": ["2007-01-22T16:00:00.000Z", "2007-01-22T16:59:59.000Z"], "wnes_geometry": {"westBoundingCoordinate": 25, "eastBoundingCoordinate": 23, "northBoundingCoordinate": 75, "southBoundingCoordinate": 34}, "sizeMB": 1.41, "format": "Not provided"}, "wrfout_d02_2007-01-22_170000.DPR_Ka_MA.ORBITAL.TESTBED_SPHE.nc": {"temporal": ["2007-01-22T17:00:00.000Z", "2007-01-22T17:59:59.000Z"], "wnes_geometry": {"westBoundingCoordinate": 25, "eastBoundingCoordinate": 23, "northBoundingCoordinate": 75, "southBoundingCoordinate": 34}, "sizeMB": 55.71, "format": "Not provided"}, "wrfout_d02_2007-01-22_170000.GMI_LF.ORBITAL.TESTBED_TEL-SPHE.nc": {"temporal": ["2007-01-22T17:00:00.000Z", "2007-01-22T17:59:59.000Z"], "wnes_geometry": {"westBoundingCoordinate": 25, "eastBoundingCoordinate": 23, "northBoundingCoordinate": 75, "southBoundingCoordinate": 34}, "sizeMB": 1.41, "format": "Not provided"}, "wrfout_d02_2007-01-22_170000.GMI_HF.ORBITAL.TESTBED_TEL-SPHE.nc": {"temporal": ["2007-01-22T17:00:00.000Z", "2007-01-22T17:59:59.000Z"], "wnes_geometry": {"westBoundingCoordinate": 25, "eastBoundingCoordinate": 23, "northBoundingCoordinate": 75, "southBoundingCoordinate": 34}, "sizeMB": 1, "format": "Not provided"}, "wrfout_d02_2007-01-22_170000.DPR_Ka_HS.ORBITAL.TESTBED_SPHE.nc": {"temporal": ["2007-01-22T17:00:00.000Z", "2007-01-22T17:59:59.000Z"], "wnes_geometry": {"westBoundingCoordinate": 25, "eastBoundingCoordinate": 23, "northBoundingCoordinate": 75, "southBoundingCoordinate": 34}, "sizeMB": 26.79, "format": "Not provided"}, "wrfout_d02_2007-01-22_170000.DPR_Ku.ORBITAL.TESTBED_SPHE.nc": {"temporal": ["2007-01-22T17:00:00.000Z", "2007-01-22T17:59:59.000Z"], "wnes_geometry": {"westBoundingCoordinate": 25, "eastBoundingCoordinate": 23, "northBoundingCoordinate": 75, "southBoundingCoordinate": 34}, "sizeMB": 111.25, "format": "Not provided"}, "wrfout_d02_2007-01-22_180000.GMI_LF.ORBITAL.TESTBED_TEL-SPHE.nc": {"temporal": ["2007-01-22T18:00:00.000Z", "2007-01-22T18:59:59.000Z"], "wnes_geometry": {"westBoundingCoordinate": 25, "eastBoundingCoordinate": 23, "northBoundingCoordinate": 75, "southBoundingCoordinate": 34}, "sizeMB": 1.41, "format": "Not provided"}, "wrfout_d02_2007-01-22_180000.GMI_HF.ORBITAL.TESTBED_TEL-SPHE.nc": {"temporal": ["2007-01-22T18:00:00.000Z", "2007-01-22T18:59:59.000Z"], "wnes_geometry": {"westBoundingCoordinate": 25, "eastBoundingCoordinate": 23, "northBoundingCoordinate": 75, "southBoundingCoordinate": 34}, "sizeMB": 1, "format": "Not provided"}, "wrfout_d02_2007-01-22_180000.DPR_Ku.ORBITAL.TESTBED_SPHE.nc": {"temporal": ["2007-01-22T18:00:00.000Z", "2007-01-22T18:59:59.000Z"], "wnes_geometry": {"westBoundingCoordinate": 25, "eastBoundingCoordinate": 23, "northBoundingCoordinate": 75, "southBoundingCoordinate": 34}, "sizeMB": 111.25, "format": "Not provided"}, "wrfout_d02_2007-01-22_180000.DPR_Ka_HS.ORBITAL.TESTBED_SPHE.nc": {"temporal": ["2007-01-22T18:00:00.000Z", "2007-01-22T18:59:59.000Z"], "wnes_geometry": {"westBoundingCoordinate": 25, "eastBoundingCoordinate": 23, "northBoundingCoordinate": 75, "southBoundingCoordinate": 34}, "sizeMB": 26.79, "format": "Not provided"}, "wrfout_d02_2007-01-22_180000.DPR_Ka_MA.ORBITAL.TESTBED_SPHE.nc": {"temporal": ["2007-01-22T18:00:00.000Z", "2007-01-22T18:59:59.000Z"], "wnes_geometry": {"westBoundingCoordinate": 25, "eastBoundingCoordinate": 23, "northBoundingCoordinate": 75, "southBoundingCoordinate": 34}, "sizeMB": 55.71, "format": "Not provided"}, "wrfout_d02_2007-01-22_190000.DPR_Ka_HS.ORBITAL.TESTBED_SPHE.nc": {"temporal": ["2007-01-22T19:00:00.000Z", "2007-01-22T19:59:59.000Z"], "wnes_geometry": {"westBoundingCoordinate": 25, "eastBoundingCoordinate": 23, "northBoundingCoordinate": 75, "southBoundingCoordinate": 34}, "sizeMB": 26.79, "format": "Not provided"}, "wrfout_d02_2007-01-22_190000.GMI_LF.ORBITAL.TESTBED_TEL-SPHE.nc": {"temporal": ["2007-01-22T19:00:00.000Z", "2007-01-22T19:59:59.000Z"], "wnes_geometry": {"westBoundingCoordinate": 25, "eastBoundingCoordinate": 23, "northBoundingCoordinate": 75, "southBoundingCoordinate": 34}, "sizeMB": 1.41, "format": "Not provided"}, "wrfout_d02_2007-01-22_190000.GMI_HF.ORBITAL.TESTBED_TEL-SPHE.nc": {"temporal": ["2007-01-22T19:00:00.000Z", "2007-01-22T19:59:59.000Z"], "wnes_geometry": {"westBoundingCoordinate": 25, "eastBoundingCoordinate": 23, "northBoundingCoordinate": 75, "southBoundingCoordinate": 34}, "sizeMB": 1, "format": "Not provided"}, "wrfout_d02_2007-01-22_190000.DPR_Ku.ORBITAL.TESTBED_SPHE.nc": {"temporal": ["2007-01-22T19:00:00.000Z", "2007-01-22T19:59:59.000Z"], "wnes_geometry": {"westBoundingCoordinate": 25, "eastBoundingCoordinate": 23, "northBoundingCoordinate": 75, "southBoundingCoordinate": 34}, "sizeMB": 111.25, "format": "Not provided"}, "wrfout_d02_2007-01-22_190000.DPR_Ka_MA.ORBITAL.TESTBED_SPHE.nc": {"temporal": ["2007-01-22T19:00:00.000Z", "2007-01-22T19:59:59.000Z"], "wnes_geometry": {"westBoundingCoordinate": 25, "eastBoundingCoordinate": 23, "northBoundingCoordinate": 75, "southBoundingCoordinate": 34}, "sizeMB": 55.71, "format": "Not provided"}, "wrfout_d02_2007-01-22_200000.DPR_Ka_MA.ORBITAL.TESTBED_SPHE.nc": {"temporal": ["2007-01-22T20:00:00.000Z", "2007-01-22T20:59:59.000Z"], "wnes_geometry": {"westBoundingCoordinate": 25, "eastBoundingCoordinate": 23, "northBoundingCoordinate": 75, "southBoundingCoordinate": 34}, "sizeMB": 55.71, "format": "Not provided"}, "wrfout_d02_2007-01-22_200000.DPR_Ka_HS.ORBITAL.TESTBED_SPHE.nc": {"temporal": ["2007-01-22T20:00:00.000Z", "2007-01-22T20:59:59.000Z"], "wnes_geometry": {"westBoundingCoordinate": 25, "eastBoundingCoordinate": 23, "northBoundingCoordinate": 75, "southBoundingCoordinate": 34}, "sizeMB": 26.79, "format": "Not provided"}, "wrfout_d02_2007-01-22_200000.DPR_Ku.ORBITAL.TESTBED_SPHE.nc": {"temporal": ["2007-01-22T20:00:00.000Z", "2007-01-22T20:59:59.000Z"], "wnes_geometry": {"westBoundingCoordinate": 25, "eastBoundingCoordinate": 23, "northBoundingCoordinate": 75, "southBoundingCoordinate": 34}, "sizeMB": 111.25, "format": "Not provided"}, "wrfout_d02_2007-01-22_200000.GMI_HF.ORBITAL.TESTBED_TEL-SPHE.nc": {"temporal": ["2007-01-22T20:00:00.000Z", "2007-01-22T20:59:59.000Z"], "wnes_geometry": {"westBoundingCoordinate": 25, "eastBoundingCoordinate": 23, "northBoundingCoordinate": 75, "southBoundingCoordinate": 34}, "sizeMB": 1, "format": "Not provided"}, "wrfout_d02_2007-01-22_200000.GMI_LF.ORBITAL.TESTBED_TEL-SPHE.nc": {"temporal": ["2007-01-22T20:00:00.000Z", "2007-01-22T20:59:59.000Z"], "wnes_geometry": {"westBoundingCoordinate": 25, "eastBoundingCoordinate": 23, "northBoundingCoordinate": 75, "southBoundingCoordinate": 34}, "sizeMB": 1.41, "format": "Not provided"}, "wrfout_d02_2007-01-22_210000.DPR_Ka_HS.ORBITAL.TESTBED_SPHE.nc": {"temporal": ["2007-01-22T21:00:00.000Z", "2007-01-22T21:59:59.000Z"], "wnes_geometry": {"westBoundingCoordinate": 25, "eastBoundingCoordinate": 23, "northBoundingCoordinate": 75, "southBoundingCoordinate": 34}, "sizeMB": 26.79, "format": "Not provided"}, "wrfout_d02_2007-01-22_210000.GMI_HF.ORBITAL.TESTBED_TEL-SPHE.nc": {"temporal": ["2007-01-22T21:00:00.000Z", "2007-01-22T21:59:59.000Z"], "wnes_geometry": {"westBoundingCoordinate": 25, "eastBoundingCoordinate": 23, "northBoundingCoordinate": 75, "southBoundingCoordinate": 34}, "sizeMB": 1, "format": "Not provided"}, "wrfout_d02_2007-01-22_210000.DPR_Ku.ORBITAL.TESTBED_SPHE.nc": {"temporal": ["2007-01-22T21:00:00.000Z", "2007-01-22T21:59:59.000Z"], "wnes_geometry": {"westBoundingCoordinate": 25, "eastBoundingCoordinate": 23, "northBoundingCoordinate": 75, "southBoundingCoordinate": 34}, "sizeMB": 111.25, "format": "Not provided"}, "wrfout_d02_2007-01-22_210000.DPR_Ka_MA.ORBITAL.TESTBED_SPHE.nc": {"temporal": ["2007-01-22T21:00:00.000Z", "2007-01-22T21:59:59.000Z"], "wnes_geometry": {"westBoundingCoordinate": 25, "eastBoundingCoordinate": 23, "northBoundingCoordinate": 75, "southBoundingCoordinate": 34}, "sizeMB": 55.71, "format": "Not provided"}, "wrfout_d02_2007-01-22_210000.GMI_LF.ORBITAL.TESTBED_TEL-SPHE.nc": {"temporal": ["2007-01-22T21:00:00.000Z", "2007-01-22T21:59:59.000Z"], "wnes_geometry": {"westBoundingCoordinate": 25, "eastBoundingCoordinate": 23, "northBoundingCoordinate": 75, "southBoundingCoordinate": 34}, "sizeMB": 1.41, "format": "Not provided"}, "wrfout_d02_2007-01-22_220000.DPR_Ku.ORBITAL.TESTBED_SPHE.nc": {"temporal": ["2007-01-22T22:00:00.000Z", "2007-01-22T22:59:59.000Z"], "wnes_geometry": {"westBoundingCoordinate": 25, "eastBoundingCoordinate": 23, "northBoundingCoordinate": 75, "southBoundingCoordinate": 34}, "sizeMB": 111.25, "format": "Not provided"}, "wrfout_d02_2007-01-22_220000.DPR_Ka_MA.ORBITAL.TESTBED_SPHE.nc": {"temporal": ["2007-01-22T22:00:00.000Z", "2007-01-22T22:59:59.000Z"], "wnes_geometry": {"westBoundingCoordinate": 25, "eastBoundingCoordinate": 23, "northBoundingCoordinate": 75, "southBoundingCoordinate": 34}, "sizeMB": 55.71, "format": "Not provided"}, "wrfout_d02_2007-01-22_220000.DPR_Ka_HS.ORBITAL.TESTBED_SPHE.nc": {"temporal": ["2007-01-22T22:00:00.000Z", "2007-01-22T22:59:59.000Z"], "wnes_geometry": {"westBoundingCoordinate": 25, "eastBoundingCoordinate": 23, "northBoundingCoordinate": 75, "southBoundingCoordinate": 34}, "sizeMB": 26.79, "format": "Not provided"}, "wrfout_d02_2007-01-22_220000.GMI_HF.ORBITAL.TESTBED_TEL-SPHE.nc": {"temporal": ["2007-01-22T22:00:00.000Z", "2007-01-22T22:59:59.000Z"], "wnes_geometry": {"westBoundingCoordinate": 25, "eastBoundingCoordinate": 23, "northBoundingCoordinate": 75, "southBoundingCoordinate": 34}, "sizeMB": 1, "format": "Not provided"}, "wrfout_d02_2007-01-22_220000.GMI_LF.ORBITAL.TESTBED_TEL-SPHE.nc": {"temporal": ["2007-01-22T22:00:00.000Z", "2007-01-22T22:59:59.000Z"], "wnes_geometry": {"westBoundingCoordinate": 25, "eastBoundingCoordinate": 23, "northBoundingCoordinate": 75, "southBoundingCoordinate": 34}, "sizeMB": 1.41, "format": "Not provided"}, "wrfout_d02_2007-01-22_230000.DPR_Ka_HS.ORBITAL.TESTBED_SPHE.nc": {"temporal": ["2007-01-22T23:00:00.000Z", "2007-01-22T23:59:59.000Z"], "wnes_geometry": {"westBoundingCoordinate": 25, "eastBoundingCoordinate": 23, "northBoundingCoordinate": 75, "southBoundingCoordinate": 34}, "sizeMB": 26.79, "format": "Not provided"}, "wrfout_d02_2007-01-22_230000.DPR_Ku.ORBITAL.TESTBED_SPHE.nc": {"temporal": ["2007-01-22T23:00:00.000Z", "2007-01-22T23:59:59.000Z"], "wnes_geometry": {"westBoundingCoordinate": 25, "eastBoundingCoordinate": 23, "northBoundingCoordinate": 75, "southBoundingCoordinate": 34}, "sizeMB": 111.25, "format": "Not provided"}, "wrfout_d02_2007-01-22_230000.GMI_LF.ORBITAL.TESTBED_TEL-SPHE.nc": {"temporal": ["2007-01-22T23:00:00.000Z", "2007-01-22T23:59:59.000Z"], "wnes_geometry": {"westBoundingCoordinate": 25, "eastBoundingCoordinate": 23, "northBoundingCoordinate": 75, "southBoundingCoordinate": 34}, "sizeMB": 1.41, "format": "Not provided"}, "wrfout_d02_2007-01-22_230000.GMI_HF.ORBITAL.TESTBED_TEL-SPHE.nc": {"temporal": ["2007-01-22T23:00:00.000Z", "2007-01-22T23:59:59.000Z"], "wnes_geometry": {"westBoundingCoordinate": 25, "eastBoundingCoordinate": 23, "northBoundingCoordinate": 75, "southBoundingCoordinate": 34}, "sizeMB": 1, "format": "Not provided"}, "wrfout_d02_2007-01-22_230000.DPR_Ka_MA.ORBITAL.TESTBED_SPHE.nc": {"temporal": ["2007-01-22T23:00:00.000Z", "2007-01-22T23:59:59.000Z"], "wnes_geometry": {"westBoundingCoordinate": 25, "eastBoundingCoordinate": 23, "northBoundingCoordinate": 75, "southBoundingCoordinate": 34}, "sizeMB": 55.71, "format": "Not provided"}, "wrfout_d02_2007-01-23_000000.GMI_HF.ORBITAL.TESTBED_TEL-SPHE.nc": {"temporal": ["2007-01-23T00:00:00.000Z", "2007-01-23T00:59:59.000Z"], "wnes_geometry": {"westBoundingCoordinate": 25, "eastBoundingCoordinate": 23, "northBoundingCoordinate": 75, "southBoundingCoordinate": 34}, "sizeMB": 1, "format": "Not provided"}, "wrfout_d02_2007-01-23_000000.GMI_LF.ORBITAL.TESTBED_TEL-SPHE.nc": {"temporal": ["2007-01-23T00:00:00.000Z", "2007-01-23T00:59:59.000Z"], "wnes_geometry": {"westBoundingCoordinate": 25, "eastBoundingCoordinate": 23, "northBoundingCoordinate": 75, "southBoundingCoordinate": 34}, "sizeMB": 1.41, "format": "Not provided"}, "wrfout_d02_2007-01-23_000000.DPR_Ka_MA.ORBITAL.TESTBED_SPHE.nc": {"temporal": ["2007-01-23T00:00:00.000Z", "2007-01-23T00:59:59.000Z"], "wnes_geometry": {"westBoundingCoordinate": 25, "eastBoundingCoordinate": 23, "northBoundingCoordinate": 75, "southBoundingCoordinate": 34}, "sizeMB": 55.71, "format": "Not provided"}, "wrfout_d02_2007-01-23_000000.DPR_Ka_HS.ORBITAL.TESTBED_SPHE.nc": {"temporal": ["2007-01-23T00:00:00.000Z", "2007-01-23T00:59:59.000Z"], "wnes_geometry": {"westBoundingCoordinate": 25, "eastBoundingCoordinate": 23, "northBoundingCoordinate": 75, "southBoundingCoordinate": 34}, "sizeMB": 26.79, "format": "Not provided"}, "wrfout_d02_2007-01-23_000000.DPR_Ku.ORBITAL.TESTBED_SPHE.nc": {"temporal": ["2007-01-23T00:00:00.000Z", "2007-01-23T00:59:59.000Z"], "wnes_geometry": {"westBoundingCoordinate": 25, "eastBoundingCoordinate": 23, "northBoundingCoordinate": 75, "southBoundingCoordinate": 34}, "sizeMB": 111.25, "format": "Not provided"}}