{"GCEBN3D_TWPICE_2006-01-23_000000.GMI_HF.ORBITAL.TESTBED_TEL-SPHE.nc": {"temporal": ["2006-01-23T00:00:00.000Z", "2006-01-23T00:59:59.000Z"], "wnes_geometry": {"westBoundingCoordinate": 125, "eastBoundingCoordinate": 140, "northBoundingCoordinate": -10, "southBoundingCoordinate": -25}, "sizeMB": 0.47, "format": "Not provided"}, "GCEBN3D_TWPICE_2006-01-23_000000.DPR_Ku.ORBITAL.TESTBED_SPHE.nc": {"temporal": ["2006-01-23T00:00:00.000Z", "2006-01-23T00:59:59.000Z"], "wnes_geometry": {"westBoundingCoordinate": 125, "eastBoundingCoordinate": 140, "northBoundingCoordinate": -10, "southBoundingCoordinate": -25}, "sizeMB": 51.14, "format": "Not provided"}, "GCEBN3D_TWPICE_2006-01-23_000000.GMI_LF.ORBITAL.TESTBED_TEL-SPHE.nc": {"temporal": ["2006-01-23T00:00:00.000Z", "2006-01-23T00:59:59.000Z"], "wnes_geometry": {"westBoundingCoordinate": 125, "eastBoundingCoordinate": 140, "northBoundingCoordinate": -10, "southBoundingCoordinate": -25}, "sizeMB": 0.61, "format": "Not provided"}, "GCEBN3D_TWPICE_2006-01-23_000000.DPR_Ka_HS.ORBITAL.TESTBED_SPHE.nc": {"temporal": ["2006-01-23T00:00:00.000Z", "2006-01-23T00:59:59.000Z"], "wnes_geometry": {"westBoundingCoordinate": 125, "eastBoundingCoordinate": 140, "northBoundingCoordinate": -10, "southBoundingCoordinate": -25}, "sizeMB": 12.55, "format": "Not provided"}, "GCEBN3D_TWPICE_2006-01-23_000000.DPR_Ka_MA.ORBITAL.TESTBED_SPHE.nc": {"temporal": ["2006-01-23T00:00:00.000Z", "2006-01-23T00:59:59.000Z"], "wnes_geometry": {"westBoundingCoordinate": 125, "eastBoundingCoordinate": 140, "northBoundingCoordinate": -10, "southBoundingCoordinate": -25}, "sizeMB": 26.1, "format": "Not provided"}, "GCEBN3D_TWPICE_2006-01-23_010000.GMI_LF.ORBITAL.TESTBED_TEL-SPHE.nc": {"temporal": ["2006-01-23T01:00:00.000Z", "2006-01-23T01:59:59.000Z"], "wnes_geometry": {"westBoundingCoordinate": 125, "eastBoundingCoordinate": 140, "northBoundingCoordinate": -10, "southBoundingCoordinate": -25}, "sizeMB": 0.61, "format": "Not provided"}, "GCEBN3D_TWPICE_2006-01-23_010000.DPR_Ka_MA.ORBITAL.TESTBED_SPHE.nc": {"temporal": ["2006-01-23T01:00:00.000Z", "2006-01-23T01:59:59.000Z"], "wnes_geometry": {"westBoundingCoordinate": 125, "eastBoundingCoordinate": 140, "northBoundingCoordinate": -10, "southBoundingCoordinate": -25}, "sizeMB": 26.1, "format": "Not provided"}, "GCEBN3D_TWPICE_2006-01-23_010000.GMI_HF.ORBITAL.TESTBED_TEL-SPHE.nc": {"temporal": ["2006-01-23T01:00:00.000Z", "2006-01-23T01:59:59.000Z"], "wnes_geometry": {"westBoundingCoordinate": 125, "eastBoundingCoordinate": 140, "northBoundingCoordinate": -10, "southBoundingCoordinate": -25}, "sizeMB": 0.47, "format": "Not provided"}, "GCEBN3D_TWPICE_2006-01-23_010000.DPR_Ku.ORBITAL.TESTBED_SPHE.nc": {"temporal": ["2006-01-23T01:00:00.000Z", "2006-01-23T01:59:59.000Z"], "wnes_geometry": {"westBoundingCoordinate": 125, "eastBoundingCoordinate": 140, "northBoundingCoordinate": -10, "southBoundingCoordinate": -25}, "sizeMB": 51.14, "format": "Not provided"}, "GCEBN3D_TWPICE_2006-01-23_010000.DPR_Ka_HS.ORBITAL.TESTBED_SPHE.nc": {"temporal": ["2006-01-23T01:00:00.000Z", "2006-01-23T01:59:59.000Z"], "wnes_geometry": {"westBoundingCoordinate": 125, "eastBoundingCoordinate": 140, "northBoundingCoordinate": -10, "southBoundingCoordinate": -25}, "sizeMB": 12.55, "format": "Not provided"}, "GCEBN3D_TWPICE_2006-01-23_020000.GMI_LF.ORBITAL.TESTBED_TEL-SPHE.nc": {"temporal": ["2006-01-23T02:00:00.000Z", "2006-01-23T02:59:59.000Z"], "wnes_geometry": {"westBoundingCoordinate": 125, "eastBoundingCoordinate": 140, "northBoundingCoordinate": -10, "southBoundingCoordinate": -25}, "sizeMB": 0.61, "format": "Not provided"}, "GCEBN3D_TWPICE_2006-01-23_020000.GMI_HF.ORBITAL.TESTBED_TEL-SPHE.nc": {"temporal": ["2006-01-23T02:00:00.000Z", "2006-01-23T02:59:59.000Z"], "wnes_geometry": {"westBoundingCoordinate": 125, "eastBoundingCoordinate": 140, "northBoundingCoordinate": -10, "southBoundingCoordinate": -25}, "sizeMB": 0.47, "format": "Not provided"}, "GCEBN3D_TWPICE_2006-01-23_020000.DPR_Ka_MA.ORBITAL.TESTBED_SPHE.nc": {"temporal": ["2006-01-23T02:00:00.000Z", "2006-01-23T02:59:59.000Z"], "wnes_geometry": {"westBoundingCoordinate": 125, "eastBoundingCoordinate": 140, "northBoundingCoordinate": -10, "southBoundingCoordinate": -25}, "sizeMB": 26.1, "format": "Not provided"}, "GCEBN3D_TWPICE_2006-01-23_020000.DPR_Ka_HS.ORBITAL.TESTBED_SPHE.nc": {"temporal": ["2006-01-23T02:00:00.000Z", "2006-01-23T02:59:59.000Z"], "wnes_geometry": {"westBoundingCoordinate": 125, "eastBoundingCoordinate": 140, "northBoundingCoordinate": -10, "southBoundingCoordinate": -25}, "sizeMB": 12.55, "format": "Not provided"}, "GCEBN3D_TWPICE_2006-01-23_020000.DPR_Ku.ORBITAL.TESTBED_SPHE.nc": {"temporal": ["2006-01-23T02:00:00.000Z", "2006-01-23T02:59:59.000Z"], "wnes_geometry": {"westBoundingCoordinate": 125, "eastBoundingCoordinate": 140, "northBoundingCoordinate": -10, "southBoundingCoordinate": -25}, "sizeMB": 51.14, "format": "Not provided"}, "GCEBN3D_TWPICE_2006-01-23_030000.GMI_LF.ORBITAL.TESTBED_TEL-SPHE.nc": {"temporal": ["2006-01-23T03:00:00.000Z", "2006-01-23T03:59:59.000Z"], "wnes_geometry": {"westBoundingCoordinate": 125, "eastBoundingCoordinate": 140, "northBoundingCoordinate": -10, "southBoundingCoordinate": -25}, "sizeMB": 0.61, "format": "Not provided"}, "GCEBN3D_TWPICE_2006-01-23_030000.DPR_Ka_HS.ORBITAL.TESTBED_SPHE.nc": {"temporal": ["2006-01-23T03:00:00.000Z", "2006-01-23T03:59:59.000Z"], "wnes_geometry": {"westBoundingCoordinate": 125, "eastBoundingCoordinate": 140, "northBoundingCoordinate": -10, "southBoundingCoordinate": -25}, "sizeMB": 12.55, "format": "Not provided"}, "GCEBN3D_TWPICE_2006-01-23_030000.DPR_Ka_MA.ORBITAL.TESTBED_SPHE.nc": {"temporal": ["2006-01-23T03:00:00.000Z", "2006-01-23T03:59:59.000Z"], "wnes_geometry": {"westBoundingCoordinate": 125, "eastBoundingCoordinate": 140, "northBoundingCoordinate": -10, "southBoundingCoordinate": -25}, "sizeMB": 26.1, "format": "Not provided"}, "GCEBN3D_TWPICE_2006-01-23_030000.DPR_Ku.ORBITAL.TESTBED_SPHE.nc": {"temporal": ["2006-01-23T03:00:00.000Z", "2006-01-23T03:59:59.000Z"], "wnes_geometry": {"westBoundingCoordinate": 125, "eastBoundingCoordinate": 140, "northBoundingCoordinate": -10, "southBoundingCoordinate": -25}, "sizeMB": 51.14, "format": "Not provided"}, "GCEBN3D_TWPICE_2006-01-23_030000.GMI_HF.ORBITAL.TESTBED_TEL-SPHE.nc": {"temporal": ["2006-01-23T03:00:00.000Z", "2006-01-23T03:59:59.000Z"], "wnes_geometry": {"westBoundingCoordinate": 125, "eastBoundingCoordinate": 140, "northBoundingCoordinate": -10, "southBoundingCoordinate": -25}, "sizeMB": 0.47, "format": "Not provided"}, "GCEBN3D_TWPICE_2006-01-23_040000.GMI_HF.ORBITAL.TESTBED_TEL-SPHE.nc": {"temporal": ["2006-01-23T04:00:00.000Z", "2006-01-23T04:59:59.000Z"], "wnes_geometry": {"westBoundingCoordinate": 125, "eastBoundingCoordinate": 140, "northBoundingCoordinate": -10, "southBoundingCoordinate": -25}, "sizeMB": 0.47, "format": "Not provided"}, "GCEBN3D_TWPICE_2006-01-23_040000.GMI_LF.ORBITAL.TESTBED_TEL-SPHE.nc": {"temporal": ["2006-01-23T04:00:00.000Z", "2006-01-23T04:59:59.000Z"], "wnes_geometry": {"westBoundingCoordinate": 125, "eastBoundingCoordinate": 140, "northBoundingCoordinate": -10, "southBoundingCoordinate": -25}, "sizeMB": 0.61, "format": "Not provided"}, "GCEBN3D_TWPICE_2006-01-23_040000.DPR_Ka_HS.ORBITAL.TESTBED_SPHE.nc": {"temporal": ["2006-01-23T04:00:00.000Z", "2006-01-23T04:59:59.000Z"], "wnes_geometry": {"westBoundingCoordinate": 125, "eastBoundingCoordinate": 140, "northBoundingCoordinate": -10, "southBoundingCoordinate": -25}, "sizeMB": 12.55, "format": "Not provided"}, "GCEBN3D_TWPICE_2006-01-23_040000.DPR_Ku.ORBITAL.TESTBED_SPHE.nc": {"temporal": ["2006-01-23T04:00:00.000Z", "2006-01-23T04:59:59.000Z"], "wnes_geometry": {"westBoundingCoordinate": 125, "eastBoundingCoordinate": 140, "northBoundingCoordinate": -10, "southBoundingCoordinate": -25}, "sizeMB": 51.14, "format": "Not provided"}, "GCEBN3D_TWPICE_2006-01-23_040000.DPR_Ka_MA.ORBITAL.TESTBED_SPHE.nc": {"temporal": ["2006-01-23T04:00:00.000Z", "2006-01-23T04:59:59.000Z"], "wnes_geometry": {"westBoundingCoordinate": 125, "eastBoundingCoordinate": 140, "northBoundingCoordinate": -10, "southBoundingCoordinate": -25}, "sizeMB": 26.1, "format": "Not provided"}, "GCEBN3D_TWPICE_2006-01-23_050000.DPR_Ka_HS.ORBITAL.TESTBED_SPHE.nc": {"temporal": ["2006-01-23T05:00:00.000Z", "2006-01-23T05:59:59.000Z"], "wnes_geometry": {"westBoundingCoordinate": 125, "eastBoundingCoordinate": 140, "northBoundingCoordinate": -10, "southBoundingCoordinate": -25}, "sizeMB": 12.55, "format": "Not provided"}, "GCEBN3D_TWPICE_2006-01-23_050000.DPR_Ka_MA.ORBITAL.TESTBED_SPHE.nc": {"temporal": ["2006-01-23T05:00:00.000Z", "2006-01-23T05:59:59.000Z"], "wnes_geometry": {"westBoundingCoordinate": 125, "eastBoundingCoordinate": 140, "northBoundingCoordinate": -10, "southBoundingCoordinate": -25}, "sizeMB": 26.1, "format": "Not provided"}, "GCEBN3D_TWPICE_2006-01-23_050000.DPR_Ku.ORBITAL.TESTBED_SPHE.nc": {"temporal": ["2006-01-23T05:00:00.000Z", "2006-01-23T05:59:59.000Z"], "wnes_geometry": {"westBoundingCoordinate": 125, "eastBoundingCoordinate": 140, "northBoundingCoordinate": -10, "southBoundingCoordinate": -25}, "sizeMB": 51.14, "format": "Not provided"}, "GCEBN3D_TWPICE_2006-01-23_050000.GMI_LF.ORBITAL.TESTBED_TEL-SPHE.nc": {"temporal": ["2006-01-23T05:00:00.000Z", "2006-01-23T05:59:59.000Z"], "wnes_geometry": {"westBoundingCoordinate": 125, "eastBoundingCoordinate": 140, "northBoundingCoordinate": -10, "southBoundingCoordinate": -25}, "sizeMB": 0.61, "format": "Not provided"}, "GCEBN3D_TWPICE_2006-01-23_050000.GMI_HF.ORBITAL.TESTBED_TEL-SPHE.nc": {"temporal": ["2006-01-23T05:00:00.000Z", "2006-01-23T05:59:59.000Z"], "wnes_geometry": {"westBoundingCoordinate": 125, "eastBoundingCoordinate": 140, "northBoundingCoordinate": -10, "southBoundingCoordinate": -25}, "sizeMB": 0.47, "format": "Not provided"}, "GCEBN3D_TWPICE_2006-01-23_060000.DPR_Ka_MA.ORBITAL.TESTBED_SPHE.nc": {"temporal": ["2006-01-23T06:00:00.000Z", "2006-01-23T06:59:59.000Z"], "wnes_geometry": {"westBoundingCoordinate": 125, "eastBoundingCoordinate": 140, "northBoundingCoordinate": -10, "southBoundingCoordinate": -25}, "sizeMB": 26.1, "format": "Not provided"}, "GCEBN3D_TWPICE_2006-01-23_060000.DPR_Ka_HS.ORBITAL.TESTBED_SPHE.nc": {"temporal": ["2006-01-23T06:00:00.000Z", "2006-01-23T06:59:59.000Z"], "wnes_geometry": {"westBoundingCoordinate": 125, "eastBoundingCoordinate": 140, "northBoundingCoordinate": -10, "southBoundingCoordinate": -25}, "sizeMB": 12.55, "format": "Not provided"}, "GCEBN3D_TWPICE_2006-01-23_060000.DPR_Ku.ORBITAL.TESTBED_SPHE.nc": {"temporal": ["2006-01-23T06:00:00.000Z", "2006-01-23T06:59:59.000Z"], "wnes_geometry": {"westBoundingCoordinate": 125, "eastBoundingCoordinate": 140, "northBoundingCoordinate": -10, "southBoundingCoordinate": -25}, "sizeMB": 51.14, "format": "Not provided"}, "GCEBN3D_TWPICE_2006-01-23_060000.GMI_HF.ORBITAL.TESTBED_TEL-SPHE.nc": {"temporal": ["2006-01-23T06:00:00.000Z", "2006-01-23T06:59:59.000Z"], "wnes_geometry": {"westBoundingCoordinate": 125, "eastBoundingCoordinate": 140, "northBoundingCoordinate": -10, "southBoundingCoordinate": -25}, "sizeMB": 0.47, "format": "Not provided"}, "GCEBN3D_TWPICE_2006-01-23_060000.GMI_LF.ORBITAL.TESTBED_TEL-SPHE.nc": {"temporal": ["2006-01-23T06:00:00.000Z", "2006-01-23T06:59:59.000Z"], "wnes_geometry": {"westBoundingCoordinate": 125, "eastBoundingCoordinate": 140, "northBoundingCoordinate": -10, "southBoundingCoordinate": -25}, "sizeMB": 0.61, "format": "Not provided"}, "GCEBN3D_TWPICE_2006-01-23_070000.GMI_LF.ORBITAL.TESTBED_TEL-SPHE.nc": {"temporal": ["2006-01-23T07:00:00.000Z", "2006-01-23T07:59:59.000Z"], "wnes_geometry": {"westBoundingCoordinate": 125, "eastBoundingCoordinate": 140, "northBoundingCoordinate": -10, "southBoundingCoordinate": -25}, "sizeMB": 0.61, "format": "Not provided"}, "GCEBN3D_TWPICE_2006-01-23_070000.DPR_Ku.ORBITAL.TESTBED_SPHE.nc": {"temporal": ["2006-01-23T07:00:00.000Z", "2006-01-23T07:59:59.000Z"], "wnes_geometry": {"westBoundingCoordinate": 125, "eastBoundingCoordinate": 140, "northBoundingCoordinate": -10, "southBoundingCoordinate": -25}, "sizeMB": 51.14, "format": "Not provided"}, "GCEBN3D_TWPICE_2006-01-23_070000.DPR_Ka_MA.ORBITAL.TESTBED_SPHE.nc": {"temporal": ["2006-01-23T07:00:00.000Z", "2006-01-23T07:59:59.000Z"], "wnes_geometry": {"westBoundingCoordinate": 125, "eastBoundingCoordinate": 140, "northBoundingCoordinate": -10, "southBoundingCoordinate": -25}, "sizeMB": 26.1, "format": "Not provided"}, "GCEBN3D_TWPICE_2006-01-23_070000.DPR_Ka_HS.ORBITAL.TESTBED_SPHE.nc": {"temporal": ["2006-01-23T07:00:00.000Z", "2006-01-23T07:59:59.000Z"], "wnes_geometry": {"westBoundingCoordinate": 125, "eastBoundingCoordinate": 140, "northBoundingCoordinate": -10, "southBoundingCoordinate": -25}, "sizeMB": 12.55, "format": "Not provided"}, "GCEBN3D_TWPICE_2006-01-23_070000.GMI_HF.ORBITAL.TESTBED_TEL-SPHE.nc": {"temporal": ["2006-01-23T07:00:00.000Z", "2006-01-23T07:59:59.000Z"], "wnes_geometry": {"westBoundingCoordinate": 125, "eastBoundingCoordinate": 140, "northBoundingCoordinate": -10, "southBoundingCoordinate": -25}, "sizeMB": 0.47, "format": "Not provided"}, "GCEBN3D_TWPICE_2006-01-23_080000.DPR_Ku.ORBITAL.TESTBED_SPHE.nc": {"temporal": ["2006-01-23T08:00:00.000Z", "2006-01-23T08:59:59.000Z"], "wnes_geometry": {"westBoundingCoordinate": 125, "eastBoundingCoordinate": 140, "northBoundingCoordinate": -10, "southBoundingCoordinate": -25}, "sizeMB": 51.14, "format": "Not provided"}, "GCEBN3D_TWPICE_2006-01-23_080000.DPR_Ka_HS.ORBITAL.TESTBED_SPHE.nc": {"temporal": ["2006-01-23T08:00:00.000Z", "2006-01-23T08:59:59.000Z"], "wnes_geometry": {"westBoundingCoordinate": 125, "eastBoundingCoordinate": 140, "northBoundingCoordinate": -10, "southBoundingCoordinate": -25}, "sizeMB": 12.55, "format": "Not provided"}, "GCEBN3D_TWPICE_2006-01-23_080000.DPR_Ka_MA.ORBITAL.TESTBED_SPHE.nc": {"temporal": ["2006-01-23T08:00:00.000Z", "2006-01-23T08:59:59.000Z"], "wnes_geometry": {"westBoundingCoordinate": 125, "eastBoundingCoordinate": 140, "northBoundingCoordinate": -10, "southBoundingCoordinate": -25}, "sizeMB": 26.1, "format": "Not provided"}, "GCEBN3D_TWPICE_2006-01-23_080000.GMI_HF.ORBITAL.TESTBED_TEL-SPHE.nc": {"temporal": ["2006-01-23T08:00:00.000Z", "2006-01-23T08:59:59.000Z"], "wnes_geometry": {"westBoundingCoordinate": 125, "eastBoundingCoordinate": 140, "northBoundingCoordinate": -10, "southBoundingCoordinate": -25}, "sizeMB": 0.47, "format": "Not provided"}, "GCEBN3D_TWPICE_2006-01-23_080000.GMI_LF.ORBITAL.TESTBED_TEL-SPHE.nc": {"temporal": ["2006-01-23T08:00:00.000Z", "2006-01-23T08:59:59.000Z"], "wnes_geometry": {"westBoundingCoordinate": 125, "eastBoundingCoordinate": 140, "northBoundingCoordinate": -10, "southBoundingCoordinate": -25}, "sizeMB": 0.61, "format": "Not provided"}, "GCEBN3D_TWPICE_2006-01-23_090000.DPR_Ka_MA.ORBITAL.TESTBED_SPHE.nc": {"temporal": ["2006-01-23T09:00:00.000Z", "2006-01-23T09:59:59.000Z"], "wnes_geometry": {"westBoundingCoordinate": 125, "eastBoundingCoordinate": 140, "northBoundingCoordinate": -10, "southBoundingCoordinate": -25}, "sizeMB": 26.1, "format": "Not provided"}, "GCEBN3D_TWPICE_2006-01-23_090000.DPR_Ka_HS.ORBITAL.TESTBED_SPHE.nc": {"temporal": ["2006-01-23T09:00:00.000Z", "2006-01-23T09:59:59.000Z"], "wnes_geometry": {"westBoundingCoordinate": 125, "eastBoundingCoordinate": 140, "northBoundingCoordinate": -10, "southBoundingCoordinate": -25}, "sizeMB": 12.55, "format": "Not provided"}, "GCEBN3D_TWPICE_2006-01-23_090000.GMI_LF.ORBITAL.TESTBED_TEL-SPHE.nc": {"temporal": ["2006-01-23T09:00:00.000Z", "2006-01-23T09:59:59.000Z"], "wnes_geometry": {"westBoundingCoordinate": 125, "eastBoundingCoordinate": 140, "northBoundingCoordinate": -10, "southBoundingCoordinate": -25}, "sizeMB": 0.61, "format": "Not provided"}, "GCEBN3D_TWPICE_2006-01-23_090000.DPR_Ku.ORBITAL.TESTBED_SPHE.nc": {"temporal": ["2006-01-23T09:00:00.000Z", "2006-01-23T09:59:59.000Z"], "wnes_geometry": {"westBoundingCoordinate": 125, "eastBoundingCoordinate": 140, "northBoundingCoordinate": -10, "southBoundingCoordinate": -25}, "sizeMB": 51.14, "format": "Not provided"}, "GCEBN3D_TWPICE_2006-01-23_090000.GMI_HF.ORBITAL.TESTBED_TEL-SPHE.nc": {"temporal": ["2006-01-23T09:00:00.000Z", "2006-01-23T09:59:59.000Z"], "wnes_geometry": {"westBoundingCoordinate": 125, "eastBoundingCoordinate": 140, "northBoundingCoordinate": -10, "southBoundingCoordinate": -25}, "sizeMB": 0.47, "format": "Not provided"}, "GCEBN3D_TWPICE_2006-01-23_100000.DPR_Ku.ORBITAL.TESTBED_SPHE.nc": {"temporal": ["2006-01-23T10:00:00.000Z", "2006-01-23T10:59:59.000Z"], "wnes_geometry": {"westBoundingCoordinate": 125, "eastBoundingCoordinate": 140, "northBoundingCoordinate": -10, "southBoundingCoordinate": -25}, "sizeMB": 51.14, "format": "Not provided"}, "GCEBN3D_TWPICE_2006-01-23_100000.DPR_Ka_MA.ORBITAL.TESTBED_SPHE.nc": {"temporal": ["2006-01-23T10:00:00.000Z", "2006-01-23T10:59:59.000Z"], "wnes_geometry": {"westBoundingCoordinate": 125, "eastBoundingCoordinate": 140, "northBoundingCoordinate": -10, "southBoundingCoordinate": -25}, "sizeMB": 26.1, "format": "Not provided"}, "GCEBN3D_TWPICE_2006-01-23_100000.DPR_Ka_HS.ORBITAL.TESTBED_SPHE.nc": {"temporal": ["2006-01-23T10:00:00.000Z", "2006-01-23T10:59:59.000Z"], "wnes_geometry": {"westBoundingCoordinate": 125, "eastBoundingCoordinate": 140, "northBoundingCoordinate": -10, "southBoundingCoordinate": -25}, "sizeMB": 12.55, "format": "Not provided"}, "GCEBN3D_TWPICE_2006-01-23_100000.GMI_HF.ORBITAL.TESTBED_TEL-SPHE.nc": {"temporal": ["2006-01-23T10:00:00.000Z", "2006-01-23T10:59:59.000Z"], "wnes_geometry": {"westBoundingCoordinate": 125, "eastBoundingCoordinate": 140, "northBoundingCoordinate": -10, "southBoundingCoordinate": -25}, "sizeMB": 0.47, "format": "Not provided"}, "GCEBN3D_TWPICE_2006-01-23_100000.GMI_LF.ORBITAL.TESTBED_TEL-SPHE.nc": {"temporal": ["2006-01-23T10:00:00.000Z", "2006-01-23T10:59:59.000Z"], "wnes_geometry": {"westBoundingCoordinate": 125, "eastBoundingCoordinate": 140, "northBoundingCoordinate": -10, "southBoundingCoordinate": -25}, "sizeMB": 0.61, "format": "Not provided"}, "GCEBN3D_TWPICE_2006-01-23_110000.GMI_HF.ORBITAL.TESTBED_TEL-SPHE.nc": {"temporal": ["2006-01-23T11:00:00.000Z", "2006-01-23T11:59:59.000Z"], "wnes_geometry": {"westBoundingCoordinate": 125, "eastBoundingCoordinate": 140, "northBoundingCoordinate": -10, "southBoundingCoordinate": -25}, "sizeMB": 0.47, "format": "Not provided"}, "GCEBN3D_TWPICE_2006-01-23_110000.DPR_Ku.ORBITAL.TESTBED_SPHE.nc": {"temporal": ["2006-01-23T11:00:00.000Z", "2006-01-23T11:59:59.000Z"], "wnes_geometry": {"westBoundingCoordinate": 125, "eastBoundingCoordinate": 140, "northBoundingCoordinate": -10, "southBoundingCoordinate": -25}, "sizeMB": 51.14, "format": "Not provided"}, "GCEBN3D_TWPICE_2006-01-23_110000.DPR_Ka_MA.ORBITAL.TESTBED_SPHE.nc": {"temporal": ["2006-01-23T11:00:00.000Z", "2006-01-23T11:59:59.000Z"], "wnes_geometry": {"westBoundingCoordinate": 125, "eastBoundingCoordinate": 140, "northBoundingCoordinate": -10, "southBoundingCoordinate": -25}, "sizeMB": 26.1, "format": "Not provided"}, "GCEBN3D_TWPICE_2006-01-23_110000.DPR_Ka_HS.ORBITAL.TESTBED_SPHE.nc": {"temporal": ["2006-01-23T11:00:00.000Z", "2006-01-23T11:59:59.000Z"], "wnes_geometry": {"westBoundingCoordinate": 125, "eastBoundingCoordinate": 140, "northBoundingCoordinate": -10, "southBoundingCoordinate": -25}, "sizeMB": 12.55, "format": "Not provided"}, "GCEBN3D_TWPICE_2006-01-23_110000.GMI_LF.ORBITAL.TESTBED_TEL-SPHE.nc": {"temporal": ["2006-01-23T11:00:00.000Z", "2006-01-23T11:59:59.000Z"], "wnes_geometry": {"westBoundingCoordinate": 125, "eastBoundingCoordinate": 140, "northBoundingCoordinate": -10, "southBoundingCoordinate": -25}, "sizeMB": 0.61, "format": "Not provided"}, "GCEBN3D_TWPICE_2006-01-23_120000.DPR_Ku.ORBITAL.TESTBED_SPHE.nc": {"temporal": ["2006-01-23T12:00:00.000Z", "2006-01-23T12:59:59.000Z"], "wnes_geometry": {"westBoundingCoordinate": 125, "eastBoundingCoordinate": 140, "northBoundingCoordinate": -10, "southBoundingCoordinate": -25}, "sizeMB": 51.14, "format": "Not provided"}, "GCEBN3D_TWPICE_2006-01-23_120000.DPR_Ka_MA.ORBITAL.TESTBED_SPHE.nc": {"temporal": ["2006-01-23T12:00:00.000Z", "2006-01-23T12:59:59.000Z"], "wnes_geometry": {"westBoundingCoordinate": 125, "eastBoundingCoordinate": 140, "northBoundingCoordinate": -10, "southBoundingCoordinate": -25}, "sizeMB": 26.1, "format": "Not provided"}, "GCEBN3D_TWPICE_2006-01-23_120000.GMI_HF.ORBITAL.TESTBED_TEL-SPHE.nc": {"temporal": ["2006-01-23T12:00:00.000Z", "2006-01-23T12:59:59.000Z"], "wnes_geometry": {"westBoundingCoordinate": 125, "eastBoundingCoordinate": 140, "northBoundingCoordinate": -10, "southBoundingCoordinate": -25}, "sizeMB": 0.47, "format": "Not provided"}, "GCEBN3D_TWPICE_2006-01-23_120000.GMI_LF.ORBITAL.TESTBED_TEL-SPHE.nc": {"temporal": ["2006-01-23T12:00:00.000Z", "2006-01-23T12:59:59.000Z"], "wnes_geometry": {"westBoundingCoordinate": 125, "eastBoundingCoordinate": 140, "northBoundingCoordinate": -10, "southBoundingCoordinate": -25}, "sizeMB": 0.61, "format": "Not provided"}, "GCEBN3D_TWPICE_2006-01-23_120000.DPR_Ka_HS.ORBITAL.TESTBED_SPHE.nc": {"temporal": ["2006-01-23T12:00:00.000Z", "2006-01-23T12:59:59.000Z"], "wnes_geometry": {"westBoundingCoordinate": 125, "eastBoundingCoordinate": 140, "northBoundingCoordinate": -10, "southBoundingCoordinate": -25}, "sizeMB": 12.55, "format": "Not provided"}, "GCEBN3D_TWPICE_2006-01-23_130000.DPR_Ka_MA.ORBITAL.TESTBED_SPHE.nc": {"temporal": ["2006-01-23T13:00:00.000Z", "2006-01-23T13:59:59.000Z"], "wnes_geometry": {"westBoundingCoordinate": 125, "eastBoundingCoordinate": 140, "northBoundingCoordinate": -10, "southBoundingCoordinate": -25}, "sizeMB": 26.1, "format": "Not provided"}, "GCEBN3D_TWPICE_2006-01-23_130000.GMI_LF.ORBITAL.TESTBED_TEL-SPHE.nc": {"temporal": ["2006-01-23T13:00:00.000Z", "2006-01-23T13:59:59.000Z"], "wnes_geometry": {"westBoundingCoordinate": 125, "eastBoundingCoordinate": 140, "northBoundingCoordinate": -10, "southBoundingCoordinate": -25}, "sizeMB": 0.61, "format": "Not provided"}, "GCEBN3D_TWPICE_2006-01-23_130000.GMI_HF.ORBITAL.TESTBED_TEL-SPHE.nc": {"temporal": ["2006-01-23T13:00:00.000Z", "2006-01-23T13:59:59.000Z"], "wnes_geometry": {"westBoundingCoordinate": 125, "eastBoundingCoordinate": 140, "northBoundingCoordinate": -10, "southBoundingCoordinate": -25}, "sizeMB": 0.47, "format": "Not provided"}, "GCEBN3D_TWPICE_2006-01-23_130000.DPR_Ku.ORBITAL.TESTBED_SPHE.nc": {"temporal": ["2006-01-23T13:00:00.000Z", "2006-01-23T13:59:59.000Z"], "wnes_geometry": {"westBoundingCoordinate": 125, "eastBoundingCoordinate": 140, "northBoundingCoordinate": -10, "southBoundingCoordinate": -25}, "sizeMB": 51.14, "format": "Not provided"}, "GCEBN3D_TWPICE_2006-01-23_130000.DPR_Ka_HS.ORBITAL.TESTBED_SPHE.nc": {"temporal": ["2006-01-23T13:00:00.000Z", "2006-01-23T13:59:59.000Z"], "wnes_geometry": {"westBoundingCoordinate": 125, "eastBoundingCoordinate": 140, "northBoundingCoordinate": -10, "southBoundingCoordinate": -25}, "sizeMB": 12.55, "format": "Not provided"}, "GCEBN3D_TWPICE_2006-01-23_140000.DPR_Ku.ORBITAL.TESTBED_SPHE.nc": {"temporal": ["2006-01-23T14:00:00.000Z", "2006-01-23T14:59:59.000Z"], "wnes_geometry": {"westBoundingCoordinate": 125, "eastBoundingCoordinate": 140, "northBoundingCoordinate": -10, "southBoundingCoordinate": -25}, "sizeMB": 51.14, "format": "Not provided"}, "GCEBN3D_TWPICE_2006-01-23_140000.GMI_HF.ORBITAL.TESTBED_TEL-SPHE.nc": {"temporal": ["2006-01-23T14:00:00.000Z", "2006-01-23T14:59:59.000Z"], "wnes_geometry": {"westBoundingCoordinate": 125, "eastBoundingCoordinate": 140, "northBoundingCoordinate": -10, "southBoundingCoordinate": -25}, "sizeMB": 0.47, "format": "Not provided"}, "GCEBN3D_TWPICE_2006-01-23_140000.GMI_LF.ORBITAL.TESTBED_TEL-SPHE.nc": {"temporal": ["2006-01-23T14:00:00.000Z", "2006-01-23T14:59:59.000Z"], "wnes_geometry": {"westBoundingCoordinate": 125, "eastBoundingCoordinate": 140, "northBoundingCoordinate": -10, "southBoundingCoordinate": -25}, "sizeMB": 0.61, "format": "Not provided"}, "GCEBN3D_TWPICE_2006-01-23_140000.DPR_Ka_HS.ORBITAL.TESTBED_SPHE.nc": {"temporal": ["2006-01-23T14:00:00.000Z", "2006-01-23T14:59:59.000Z"], "wnes_geometry": {"westBoundingCoordinate": 125, "eastBoundingCoordinate": 140, "northBoundingCoordinate": -10, "southBoundingCoordinate": -25}, "sizeMB": 12.55, "format": "Not provided"}, "GCEBN3D_TWPICE_2006-01-23_140000.DPR_Ka_MA.ORBITAL.TESTBED_SPHE.nc": {"temporal": ["2006-01-23T14:00:00.000Z", "2006-01-23T14:59:59.000Z"], "wnes_geometry": {"westBoundingCoordinate": 125, "eastBoundingCoordinate": 140, "northBoundingCoordinate": -10, "southBoundingCoordinate": -25}, "sizeMB": 26.1, "format": "Not provided"}, "GCEBN3D_TWPICE_2006-01-23_150000.GMI_LF.ORBITAL.TESTBED_TEL-SPHE.nc": {"temporal": ["2006-01-23T15:00:00.000Z", "2006-01-23T15:59:59.000Z"], "wnes_geometry": {"westBoundingCoordinate": 125, "eastBoundingCoordinate": 140, "northBoundingCoordinate": -10, "southBoundingCoordinate": -25}, "sizeMB": 0.61, "format": "Not provided"}, "GCEBN3D_TWPICE_2006-01-23_150000.GMI_HF.ORBITAL.TESTBED_TEL-SPHE.nc": {"temporal": ["2006-01-23T15:00:00.000Z", "2006-01-23T15:59:59.000Z"], "wnes_geometry": {"westBoundingCoordinate": 125, "eastBoundingCoordinate": 140, "northBoundingCoordinate": -10, "southBoundingCoordinate": -25}, "sizeMB": 0.47, "format": "Not provided"}, "GCEBN3D_TWPICE_2006-01-23_150000.DPR_Ka_MA.ORBITAL.TESTBED_SPHE.nc": {"temporal": ["2006-01-23T15:00:00.000Z", "2006-01-23T15:59:59.000Z"], "wnes_geometry": {"westBoundingCoordinate": 125, "eastBoundingCoordinate": 140, "northBoundingCoordinate": -10, "southBoundingCoordinate": -25}, "sizeMB": 26.1, "format": "Not provided"}, "GCEBN3D_TWPICE_2006-01-23_150000.DPR_Ka_HS.ORBITAL.TESTBED_SPHE.nc": {"temporal": ["2006-01-23T15:00:00.000Z", "2006-01-23T15:59:59.000Z"], "wnes_geometry": {"westBoundingCoordinate": 125, "eastBoundingCoordinate": 140, "northBoundingCoordinate": -10, "southBoundingCoordinate": -25}, "sizeMB": 12.55, "format": "Not provided"}, "GCEBN3D_TWPICE_2006-01-23_150000.DPR_Ku.ORBITAL.TESTBED_SPHE.nc": {"temporal": ["2006-01-23T15:00:00.000Z", "2006-01-23T15:59:59.000Z"], "wnes_geometry": {"westBoundingCoordinate": 125, "eastBoundingCoordinate": 140, "northBoundingCoordinate": -10, "southBoundingCoordinate": -25}, "sizeMB": 51.14, "format": "Not provided"}, "GCEBN3D_TWPICE_2006-01-23_160000.GMI_HF.ORBITAL.TESTBED_TEL-SPHE.nc": {"temporal": ["2006-01-23T16:00:00.000Z", "2006-01-23T16:59:59.000Z"], "wnes_geometry": {"westBoundingCoordinate": 125, "eastBoundingCoordinate": 140, "northBoundingCoordinate": -10, "southBoundingCoordinate": -25}, "sizeMB": 0.47, "format": "Not provided"}, "GCEBN3D_TWPICE_2006-01-23_160000.DPR_Ku.ORBITAL.TESTBED_SPHE.nc": {"temporal": ["2006-01-23T16:00:00.000Z", "2006-01-23T16:59:59.000Z"], "wnes_geometry": {"westBoundingCoordinate": 125, "eastBoundingCoordinate": 140, "northBoundingCoordinate": -10, "southBoundingCoordinate": -25}, "sizeMB": 51.14, "format": "Not provided"}, "GCEBN3D_TWPICE_2006-01-23_160000.DPR_Ka_HS.ORBITAL.TESTBED_SPHE.nc": {"temporal": ["2006-01-23T16:00:00.000Z", "2006-01-23T16:59:59.000Z"], "wnes_geometry": {"westBoundingCoordinate": 125, "eastBoundingCoordinate": 140, "northBoundingCoordinate": -10, "southBoundingCoordinate": -25}, "sizeMB": 12.55, "format": "Not provided"}, "GCEBN3D_TWPICE_2006-01-23_160000.GMI_LF.ORBITAL.TESTBED_TEL-SPHE.nc": {"temporal": ["2006-01-23T16:00:00.000Z", "2006-01-23T16:59:59.000Z"], "wnes_geometry": {"westBoundingCoordinate": 125, "eastBoundingCoordinate": 140, "northBoundingCoordinate": -10, "southBoundingCoordinate": -25}, "sizeMB": 0.61, "format": "Not provided"}, "GCEBN3D_TWPICE_2006-01-23_160000.DPR_Ka_MA.ORBITAL.TESTBED_SPHE.nc": {"temporal": ["2006-01-23T16:00:00.000Z", "2006-01-23T16:59:59.000Z"], "wnes_geometry": {"westBoundingCoordinate": 125, "eastBoundingCoordinate": 140, "northBoundingCoordinate": -10, "southBoundingCoordinate": -25}, "sizeMB": 26.1, "format": "Not provided"}, "GCEBN3D_TWPICE_2006-01-23_170000.DPR_Ku.ORBITAL.TESTBED_SPHE.nc": {"temporal": ["2006-01-23T17:00:00.000Z", "2006-01-23T17:59:59.000Z"], "wnes_geometry": {"westBoundingCoordinate": 125, "eastBoundingCoordinate": 140, "northBoundingCoordinate": -10, "southBoundingCoordinate": -25}, "sizeMB": 51.14, "format": "Not provided"}, "GCEBN3D_TWPICE_2006-01-23_170000.DPR_Ka_HS.ORBITAL.TESTBED_SPHE.nc": {"temporal": ["2006-01-23T17:00:00.000Z", "2006-01-23T17:59:59.000Z"], "wnes_geometry": {"westBoundingCoordinate": 125, "eastBoundingCoordinate": 140, "northBoundingCoordinate": -10, "southBoundingCoordinate": -25}, "sizeMB": 12.55, "format": "Not provided"}, "GCEBN3D_TWPICE_2006-01-23_170000.DPR_Ka_MA.ORBITAL.TESTBED_SPHE.nc": {"temporal": ["2006-01-23T17:00:00.000Z", "2006-01-23T17:59:59.000Z"], "wnes_geometry": {"westBoundingCoordinate": 125, "eastBoundingCoordinate": 140, "northBoundingCoordinate": -10, "southBoundingCoordinate": -25}, "sizeMB": 26.1, "format": "Not provided"}, "GCEBN3D_TWPICE_2006-01-23_170000.GMI_HF.ORBITAL.TESTBED_TEL-SPHE.nc": {"temporal": ["2006-01-23T17:00:00.000Z", "2006-01-23T17:59:59.000Z"], "wnes_geometry": {"westBoundingCoordinate": 125, "eastBoundingCoordinate": 140, "northBoundingCoordinate": -10, "southBoundingCoordinate": -25}, "sizeMB": 0.47, "format": "Not provided"}, "GCEBN3D_TWPICE_2006-01-23_170000.GMI_LF.ORBITAL.TESTBED_TEL-SPHE.nc": {"temporal": ["2006-01-23T17:00:00.000Z", "2006-01-23T17:59:59.000Z"], "wnes_geometry": {"westBoundingCoordinate": 125, "eastBoundingCoordinate": 140, "northBoundingCoordinate": -10, "southBoundingCoordinate": -25}, "sizeMB": 0.61, "format": "Not provided"}, "GCEBN3D_TWPICE_2006-01-23_180000.GMI_LF.ORBITAL.TESTBED_TEL-SPHE.nc": {"temporal": ["2006-01-23T18:00:00.000Z", "2006-01-23T18:59:59.000Z"], "wnes_geometry": {"westBoundingCoordinate": 125, "eastBoundingCoordinate": 140, "northBoundingCoordinate": -10, "southBoundingCoordinate": -25}, "sizeMB": 0.61, "format": "Not provided"}, "GCEBN3D_TWPICE_2006-01-23_180000.GMI_HF.ORBITAL.TESTBED_TEL-SPHE.nc": {"temporal": ["2006-01-23T18:00:00.000Z", "2006-01-23T18:59:59.000Z"], "wnes_geometry": {"westBoundingCoordinate": 125, "eastBoundingCoordinate": 140, "northBoundingCoordinate": -10, "southBoundingCoordinate": -25}, "sizeMB": 0.47, "format": "Not provided"}, "GCEBN3D_TWPICE_2006-01-23_180000.DPR_Ka_HS.ORBITAL.TESTBED_SPHE.nc": {"temporal": ["2006-01-23T18:00:00.000Z", "2006-01-23T18:59:59.000Z"], "wnes_geometry": {"westBoundingCoordinate": 125, "eastBoundingCoordinate": 140, "northBoundingCoordinate": -10, "southBoundingCoordinate": -25}, "sizeMB": 12.55, "format": "Not provided"}, "GCEBN3D_TWPICE_2006-01-23_180000.DPR_Ku.ORBITAL.TESTBED_SPHE.nc": {"temporal": ["2006-01-23T18:00:00.000Z", "2006-01-23T18:59:59.000Z"], "wnes_geometry": {"westBoundingCoordinate": 125, "eastBoundingCoordinate": 140, "northBoundingCoordinate": -10, "southBoundingCoordinate": -25}, "sizeMB": 51.14, "format": "Not provided"}, "GCEBN3D_TWPICE_2006-01-23_180000.DPR_Ka_MA.ORBITAL.TESTBED_SPHE.nc": {"temporal": ["2006-01-23T18:00:00.000Z", "2006-01-23T18:59:59.000Z"], "wnes_geometry": {"westBoundingCoordinate": 125, "eastBoundingCoordinate": 140, "northBoundingCoordinate": -10, "southBoundingCoordinate": -25}, "sizeMB": 26.1, "format": "Not provided"}, "GCEBN3D_TWPICE_2006-01-23_190000.DPR_Ku.ORBITAL.TESTBED_SPHE.nc": {"temporal": ["2006-01-23T19:00:00.000Z", "2006-01-23T19:59:59.000Z"], "wnes_geometry": {"westBoundingCoordinate": 125, "eastBoundingCoordinate": 140, "northBoundingCoordinate": -10, "southBoundingCoordinate": -25}, "sizeMB": 51.14, "format": "Not provided"}, "GCEBN3D_TWPICE_2006-01-23_190000.DPR_Ka_HS.ORBITAL.TESTBED_SPHE.nc": {"temporal": ["2006-01-23T19:00:00.000Z", "2006-01-23T19:59:59.000Z"], "wnes_geometry": {"westBoundingCoordinate": 125, "eastBoundingCoordinate": 140, "northBoundingCoordinate": -10, "southBoundingCoordinate": -25}, "sizeMB": 12.55, "format": "Not provided"}, "GCEBN3D_TWPICE_2006-01-23_190000.DPR_Ka_MA.ORBITAL.TESTBED_SPHE.nc": {"temporal": ["2006-01-23T19:00:00.000Z", "2006-01-23T19:59:59.000Z"], "wnes_geometry": {"westBoundingCoordinate": 125, "eastBoundingCoordinate": 140, "northBoundingCoordinate": -10, "southBoundingCoordinate": -25}, "sizeMB": 26.1, "format": "Not provided"}, "GCEBN3D_TWPICE_2006-01-23_190000.GMI_HF.ORBITAL.TESTBED_TEL-SPHE.nc": {"temporal": ["2006-01-23T19:00:00.000Z", "2006-01-23T19:59:59.000Z"], "wnes_geometry": {"westBoundingCoordinate": 125, "eastBoundingCoordinate": 140, "northBoundingCoordinate": -10, "southBoundingCoordinate": -25}, "sizeMB": 0.47, "format": "Not provided"}, "GCEBN3D_TWPICE_2006-01-23_190000.GMI_LF.ORBITAL.TESTBED_TEL-SPHE.nc": {"temporal": ["2006-01-23T19:00:00.000Z", "2006-01-23T19:59:59.000Z"], "wnes_geometry": {"westBoundingCoordinate": 125, "eastBoundingCoordinate": 140, "northBoundingCoordinate": -10, "southBoundingCoordinate": -25}, "sizeMB": 0.61, "format": "Not provided"}, "GCEBN3D_TWPICE_2006-01-23_200000.DPR_Ka_MA.ORBITAL.TESTBED_SPHE.nc": {"temporal": ["2006-01-23T20:00:00.000Z", "2006-01-23T20:59:59.000Z"], "wnes_geometry": {"westBoundingCoordinate": 125, "eastBoundingCoordinate": 140, "northBoundingCoordinate": -10, "southBoundingCoordinate": -25}, "sizeMB": 26.1, "format": "Not provided"}, "GCEBN3D_TWPICE_2006-01-23_200000.GMI_HF.ORBITAL.TESTBED_TEL-SPHE.nc": {"temporal": ["2006-01-23T20:00:00.000Z", "2006-01-23T20:59:59.000Z"], "wnes_geometry": {"westBoundingCoordinate": 125, "eastBoundingCoordinate": 140, "northBoundingCoordinate": -10, "southBoundingCoordinate": -25}, "sizeMB": 0.47, "format": "Not provided"}, "GCEBN3D_TWPICE_2006-01-23_200000.DPR_Ka_HS.ORBITAL.TESTBED_SPHE.nc": {"temporal": ["2006-01-23T20:00:00.000Z", "2006-01-23T20:59:59.000Z"], "wnes_geometry": {"westBoundingCoordinate": 125, "eastBoundingCoordinate": 140, "northBoundingCoordinate": -10, "southBoundingCoordinate": -25}, "sizeMB": 12.55, "format": "Not provided"}, "GCEBN3D_TWPICE_2006-01-23_200000.GMI_LF.ORBITAL.TESTBED_TEL-SPHE.nc": {"temporal": ["2006-01-23T20:00:00.000Z", "2006-01-23T20:59:59.000Z"], "wnes_geometry": {"westBoundingCoordinate": 125, "eastBoundingCoordinate": 140, "northBoundingCoordinate": -10, "southBoundingCoordinate": -25}, "sizeMB": 0.61, "format": "Not provided"}, "GCEBN3D_TWPICE_2006-01-23_200000.DPR_Ku.ORBITAL.TESTBED_SPHE.nc": {"temporal": ["2006-01-23T20:00:00.000Z", "2006-01-23T20:59:59.000Z"], "wnes_geometry": {"westBoundingCoordinate": 125, "eastBoundingCoordinate": 140, "northBoundingCoordinate": -10, "southBoundingCoordinate": -25}, "sizeMB": 51.14, "format": "Not provided"}, "GCEBN3D_TWPICE_2006-01-23_210000.DPR_Ku.ORBITAL.TESTBED_SPHE.nc": {"temporal": ["2006-01-23T21:00:00.000Z", "2006-01-23T21:59:59.000Z"], "wnes_geometry": {"westBoundingCoordinate": 125, "eastBoundingCoordinate": 140, "northBoundingCoordinate": -10, "southBoundingCoordinate": -25}, "sizeMB": 51.14, "format": "Not provided"}, "GCEBN3D_TWPICE_2006-01-23_210000.GMI_LF.ORBITAL.TESTBED_TEL-SPHE.nc": {"temporal": ["2006-01-23T21:00:00.000Z", "2006-01-23T21:59:59.000Z"], "wnes_geometry": {"westBoundingCoordinate": 125, "eastBoundingCoordinate": 140, "northBoundingCoordinate": -10, "southBoundingCoordinate": -25}, "sizeMB": 0.61, "format": "Not provided"}, "GCEBN3D_TWPICE_2006-01-23_210000.DPR_Ka_MA.ORBITAL.TESTBED_SPHE.nc": {"temporal": ["2006-01-23T21:00:00.000Z", "2006-01-23T21:59:59.000Z"], "wnes_geometry": {"westBoundingCoordinate": 125, "eastBoundingCoordinate": 140, "northBoundingCoordinate": -10, "southBoundingCoordinate": -25}, "sizeMB": 26.1, "format": "Not provided"}, "GCEBN3D_TWPICE_2006-01-23_210000.GMI_HF.ORBITAL.TESTBED_TEL-SPHE.nc": {"temporal": ["2006-01-23T21:00:00.000Z", "2006-01-23T21:59:59.000Z"], "wnes_geometry": {"westBoundingCoordinate": 125, "eastBoundingCoordinate": 140, "northBoundingCoordinate": -10, "southBoundingCoordinate": -25}, "sizeMB": 0.47, "format": "Not provided"}, "GCEBN3D_TWPICE_2006-01-23_210000.DPR_Ka_HS.ORBITAL.TESTBED_SPHE.nc": {"temporal": ["2006-01-23T21:00:00.000Z", "2006-01-23T21:59:59.000Z"], "wnes_geometry": {"westBoundingCoordinate": 125, "eastBoundingCoordinate": 140, "northBoundingCoordinate": -10, "southBoundingCoordinate": -25}, "sizeMB": 12.55, "format": "Not provided"}, "GCEBN3D_TWPICE_2006-01-23_220000.GMI_HF.ORBITAL.TESTBED_TEL-SPHE.nc": {"temporal": ["2006-01-23T22:00:00.000Z", "2006-01-23T22:59:59.000Z"], "wnes_geometry": {"westBoundingCoordinate": 125, "eastBoundingCoordinate": 140, "northBoundingCoordinate": -10, "southBoundingCoordinate": -25}, "sizeMB": 0.47, "format": "Not provided"}, "GCEBN3D_TWPICE_2006-01-23_220000.DPR_Ka_MA.ORBITAL.TESTBED_SPHE.nc": {"temporal": ["2006-01-23T22:00:00.000Z", "2006-01-23T22:59:59.000Z"], "wnes_geometry": {"westBoundingCoordinate": 125, "eastBoundingCoordinate": 140, "northBoundingCoordinate": -10, "southBoundingCoordinate": -25}, "sizeMB": 26.1, "format": "Not provided"}, "GCEBN3D_TWPICE_2006-01-23_220000.GMI_LF.ORBITAL.TESTBED_TEL-SPHE.nc": {"temporal": ["2006-01-23T22:00:00.000Z", "2006-01-23T22:59:59.000Z"], "wnes_geometry": {"westBoundingCoordinate": 125, "eastBoundingCoordinate": 140, "northBoundingCoordinate": -10, "southBoundingCoordinate": -25}, "sizeMB": 0.61, "format": "Not provided"}, "GCEBN3D_TWPICE_2006-01-23_220000.DPR_Ku.ORBITAL.TESTBED_SPHE.nc": {"temporal": ["2006-01-23T22:00:00.000Z", "2006-01-23T22:59:59.000Z"], "wnes_geometry": {"westBoundingCoordinate": 125, "eastBoundingCoordinate": 140, "northBoundingCoordinate": -10, "southBoundingCoordinate": -25}, "sizeMB": 51.14, "format": "Not provided"}, "GCEBN3D_TWPICE_2006-01-23_220000.DPR_Ka_HS.ORBITAL.TESTBED_SPHE.nc": {"temporal": ["2006-01-23T22:00:00.000Z", "2006-01-23T22:59:59.000Z"], "wnes_geometry": {"westBoundingCoordinate": 125, "eastBoundingCoordinate": 140, "northBoundingCoordinate": -10, "southBoundingCoordinate": -25}, "sizeMB": 12.55, "format": "Not provided"}, "GCEBN3D_TWPICE_2006-01-23_230000.DPR_Ka_HS.ORBITAL.TESTBED_SPHE.nc": {"temporal": ["2006-01-23T23:00:00.000Z", "2006-01-23T23:59:59.000Z"], "wnes_geometry": {"westBoundingCoordinate": 125, "eastBoundingCoordinate": 140, "northBoundingCoordinate": -10, "southBoundingCoordinate": -25}, "sizeMB": 12.55, "format": "Not provided"}, "GCEBN3D_TWPICE_2006-01-23_230000.GMI_LF.ORBITAL.TESTBED_TEL-SPHE.nc": {"temporal": ["2006-01-23T23:00:00.000Z", "2006-01-23T23:59:59.000Z"], "wnes_geometry": {"westBoundingCoordinate": 125, "eastBoundingCoordinate": 140, "northBoundingCoordinate": -10, "southBoundingCoordinate": -25}, "sizeMB": 0.61, "format": "Not provided"}, "GCEBN3D_TWPICE_2006-01-23_230000.DPR_Ka_MA.ORBITAL.TESTBED_SPHE.nc": {"temporal": ["2006-01-23T23:00:00.000Z", "2006-01-23T23:59:59.000Z"], "wnes_geometry": {"westBoundingCoordinate": 125, "eastBoundingCoordinate": 140, "northBoundingCoordinate": -10, "southBoundingCoordinate": -25}, "sizeMB": 26.1, "format": "Not provided"}, "GCEBN3D_TWPICE_2006-01-23_230000.GMI_HF.ORBITAL.TESTBED_TEL-SPHE.nc": {"temporal": ["2006-01-23T23:00:00.000Z", "2006-01-23T23:59:59.000Z"], "wnes_geometry": {"westBoundingCoordinate": 125, "eastBoundingCoordinate": 140, "northBoundingCoordinate": -10, "southBoundingCoordinate": -25}, "sizeMB": 0.47, "format": "Not provided"}, "GCEBN3D_TWPICE_2006-01-23_230000.DPR_Ku.ORBITAL.TESTBED_SPHE.nc": {"temporal": ["2006-01-23T23:00:00.000Z", "2006-01-23T23:59:59.000Z"], "wnes_geometry": {"westBoundingCoordinate": 125, "eastBoundingCoordinate": 140, "northBoundingCoordinate": -10, "southBoundingCoordinate": -25}, "sizeMB": 51.14, "format": "Not provided"}, "GCEBN3D_TWPICE_2006-01-24_000000.DPR_Ka_MA.ORBITAL.TESTBED_SPHE.nc": {"temporal": ["2006-01-24T00:00:00.000Z", "2006-01-24T00:59:59.000Z"], "wnes_geometry": {"westBoundingCoordinate": 125, "eastBoundingCoordinate": 140, "northBoundingCoordinate": -10, "southBoundingCoordinate": -25}, "sizeMB": 26.1, "format": "Not provided"}, "GCEBN3D_TWPICE_2006-01-24_000000.DPR_Ka_HS.ORBITAL.TESTBED_SPHE.nc": {"temporal": ["2006-01-24T00:00:00.000Z", "2006-01-24T00:59:59.000Z"], "wnes_geometry": {"westBoundingCoordinate": 125, "eastBoundingCoordinate": 140, "northBoundingCoordinate": -10, "southBoundingCoordinate": -25}, "sizeMB": 12.55, "format": "Not provided"}, "GCEBN3D_TWPICE_2006-01-24_000000.GMI_LF.ORBITAL.TESTBED_TEL-SPHE.nc": {"temporal": ["2006-01-24T00:00:00.000Z", "2006-01-24T00:59:59.000Z"], "wnes_geometry": {"westBoundingCoordinate": 125, "eastBoundingCoordinate": 140, "northBoundingCoordinate": -10, "southBoundingCoordinate": -25}, "sizeMB": 0.61, "format": "Not provided"}, "GCEBN3D_TWPICE_2006-01-24_000000.DPR_Ku.ORBITAL.TESTBED_SPHE.nc": {"temporal": ["2006-01-24T00:00:00.000Z", "2006-01-24T00:59:59.000Z"], "wnes_geometry": {"westBoundingCoordinate": 125, "eastBoundingCoordinate": 140, "northBoundingCoordinate": -10, "southBoundingCoordinate": -25}, "sizeMB": 51.14, "format": "Not provided"}, "GCEBN3D_TWPICE_2006-01-24_000000.GMI_HF.ORBITAL.TESTBED_TEL-SPHE.nc": {"temporal": ["2006-01-24T00:00:00.000Z", "2006-01-24T00:59:59.000Z"], "wnes_geometry": {"westBoundingCoordinate": 125, "eastBoundingCoordinate": 140, "northBoundingCoordinate": -10, "southBoundingCoordinate": -25}, "sizeMB": 0.47, "format": "Not provided"}, "GCEBN3D_TWPICE_2006-02-05_190000.DPR_Ka_HS.ORBITAL.TESTBED_SPHE.nc": {"temporal": ["2006-02-05T19:00:00.000Z", "2006-02-05T19:59:59.000Z"], "wnes_geometry": {"westBoundingCoordinate": 125, "eastBoundingCoordinate": 140, "northBoundingCoordinate": -10, "southBoundingCoordinate": -25}, "sizeMB": 12.55, "format": "Not provided"}, "GCEBN3D_TWPICE_2006-02-05_190000.DPR_Ka_MA.ORBITAL.TESTBED_SPHE.nc": {"temporal": ["2006-02-05T19:00:00.000Z", "2006-02-05T19:59:59.000Z"], "wnes_geometry": {"westBoundingCoordinate": 125, "eastBoundingCoordinate": 140, "northBoundingCoordinate": -10, "southBoundingCoordinate": -25}, "sizeMB": 26.1, "format": "Not provided"}, "GCEBN3D_TWPICE_2006-02-05_190000.DPR_Ku.ORBITAL.TESTBED_SPHE.nc": {"temporal": ["2006-02-05T19:00:00.000Z", "2006-02-05T19:59:59.000Z"], "wnes_geometry": {"westBoundingCoordinate": 125, "eastBoundingCoordinate": 140, "northBoundingCoordinate": -10, "southBoundingCoordinate": -25}, "sizeMB": 51.14, "format": "Not provided"}, "GCEBN3D_TWPICE_2006-02-05_200000.DPR_Ku.ORBITAL.TESTBED_SPHE.nc": {"temporal": ["2006-02-05T20:00:00.000Z", "2006-02-05T20:59:59.000Z"], "wnes_geometry": {"westBoundingCoordinate": 125, "eastBoundingCoordinate": 140, "northBoundingCoordinate": -10, "southBoundingCoordinate": -25}, "sizeMB": 51.14, "format": "Not provided"}, "GCEBN3D_TWPICE_2006-02-05_200000.DPR_Ka_HS.ORBITAL.TESTBED_SPHE.nc": {"temporal": ["2006-02-05T20:00:00.000Z", "2006-02-05T20:59:59.000Z"], "wnes_geometry": {"westBoundingCoordinate": 125, "eastBoundingCoordinate": 140, "northBoundingCoordinate": -10, "southBoundingCoordinate": -25}, "sizeMB": 12.55, "format": "Not provided"}, "GCEBN3D_TWPICE_2006-02-05_200000.DPR_Ka_MA.ORBITAL.TESTBED_SPHE.nc": {"temporal": ["2006-02-05T20:00:00.000Z", "2006-02-05T20:59:59.000Z"], "wnes_geometry": {"westBoundingCoordinate": 125, "eastBoundingCoordinate": 140, "northBoundingCoordinate": -10, "southBoundingCoordinate": -25}, "sizeMB": 26.1, "format": "Not provided"}, "GCEBN3D_TWPICE_2006-02-05_210000.DPR_Ka_MA.ORBITAL.TESTBED_SPHE.nc": {"temporal": ["2006-02-05T21:00:00.000Z", "2006-02-05T21:59:59.000Z"], "wnes_geometry": {"westBoundingCoordinate": 125, "eastBoundingCoordinate": 140, "northBoundingCoordinate": -10, "southBoundingCoordinate": -25}, "sizeMB": 26.1, "format": "Not provided"}, "GCEBN3D_TWPICE_2006-02-05_210000.DPR_Ka_HS.ORBITAL.TESTBED_SPHE.nc": {"temporal": ["2006-02-05T21:00:00.000Z", "2006-02-05T21:59:59.000Z"], "wnes_geometry": {"westBoundingCoordinate": 125, "eastBoundingCoordinate": 140, "northBoundingCoordinate": -10, "southBoundingCoordinate": -25}, "sizeMB": 12.55, "format": "Not provided"}, "GCEBN3D_TWPICE_2006-02-05_210000.DPR_Ku.ORBITAL.TESTBED_SPHE.nc": {"temporal": ["2006-02-05T21:00:00.000Z", "2006-02-05T21:59:59.000Z"], "wnes_geometry": {"westBoundingCoordinate": 125, "eastBoundingCoordinate": 140, "northBoundingCoordinate": -10, "southBoundingCoordinate": -25}, "sizeMB": 51.14, "format": "Not provided"}, "GCEBN3D_TWPICE_2006-02-05_220000.DPR_Ka_MA.ORBITAL.TESTBED_SPHE.nc": {"temporal": ["2006-02-05T22:00:00.000Z", "2006-02-05T22:59:59.000Z"], "wnes_geometry": {"westBoundingCoordinate": 125, "eastBoundingCoordinate": 140, "northBoundingCoordinate": -10, "southBoundingCoordinate": -25}, "sizeMB": 26.1, "format": "Not provided"}, "GCEBN3D_TWPICE_2006-02-05_220000.DPR_Ka_HS.ORBITAL.TESTBED_SPHE.nc": {"temporal": ["2006-02-05T22:00:00.000Z", "2006-02-05T22:59:59.000Z"], "wnes_geometry": {"westBoundingCoordinate": 125, "eastBoundingCoordinate": 140, "northBoundingCoordinate": -10, "southBoundingCoordinate": -25}, "sizeMB": 12.55, "format": "Not provided"}, "GCEBN3D_TWPICE_2006-02-05_220000.DPR_Ku.ORBITAL.TESTBED_SPHE.nc": {"temporal": ["2006-02-05T22:00:00.000Z", "2006-02-05T22:59:59.000Z"], "wnes_geometry": {"westBoundingCoordinate": 125, "eastBoundingCoordinate": 140, "northBoundingCoordinate": -10, "southBoundingCoordinate": -25}, "sizeMB": 51.14, "format": "Not provided"}, "GCEBN3D_TWPICE_2006-02-05_230000.DPR_Ka_HS.ORBITAL.TESTBED_SPHE.nc": {"temporal": ["2006-02-05T23:00:00.000Z", "2006-02-05T23:59:59.000Z"], "wnes_geometry": {"westBoundingCoordinate": 125, "eastBoundingCoordinate": 140, "northBoundingCoordinate": -10, "southBoundingCoordinate": -25}, "sizeMB": 12.55, "format": "Not provided"}, "GCEBN3D_TWPICE_2006-02-05_230000.DPR_Ku.ORBITAL.TESTBED_SPHE.nc": {"temporal": ["2006-02-05T23:00:00.000Z", "2006-02-05T23:59:59.000Z"], "wnes_geometry": {"westBoundingCoordinate": 125, "eastBoundingCoordinate": 140, "northBoundingCoordinate": -10, "southBoundingCoordinate": -25}, "sizeMB": 51.14, "format": "Not provided"}, "GCEBN3D_TWPICE_2006-02-05_230000.DPR_Ka_MA.ORBITAL.TESTBED_SPHE.nc": {"temporal": ["2006-02-05T23:00:00.000Z", "2006-02-05T23:59:59.000Z"], "wnes_geometry": {"westBoundingCoordinate": 125, "eastBoundingCoordinate": 140, "northBoundingCoordinate": -10, "southBoundingCoordinate": -25}, "sizeMB": 26.1, "format": "Not provided"}, "GCEBN3D_TWPICE_2006-02-06_000000.DPR_Ka_HS.ORBITAL.TESTBED_SPHE.nc": {"temporal": ["2006-02-06T00:00:00.000Z", "2006-02-06T00:59:59.000Z"], "wnes_geometry": {"westBoundingCoordinate": 125, "eastBoundingCoordinate": 140, "northBoundingCoordinate": -10, "southBoundingCoordinate": -25}, "sizeMB": 12.55, "format": "Not provided"}, "GCEBN3D_TWPICE_2006-02-06_000000.DPR_Ka_MA.ORBITAL.TESTBED_SPHE.nc": {"temporal": ["2006-02-06T00:00:00.000Z", "2006-02-06T00:59:59.000Z"], "wnes_geometry": {"westBoundingCoordinate": 125, "eastBoundingCoordinate": 140, "northBoundingCoordinate": -10, "southBoundingCoordinate": -25}, "sizeMB": 26.1, "format": "Not provided"}, "GCEBN3D_TWPICE_2006-02-06_000000.DPR_Ku.ORBITAL.TESTBED_SPHE.nc": {"temporal": ["2006-02-06T00:00:00.000Z", "2006-02-06T00:59:59.000Z"], "wnes_geometry": {"westBoundingCoordinate": 125, "eastBoundingCoordinate": 140, "northBoundingCoordinate": -10, "southBoundingCoordinate": -25}, "sizeMB": 51.14, "format": "Not provided"}, "GCEBN3D_TWPICE_2006-02-06_010000.DPR_Ka_MA.ORBITAL.TESTBED_SPHE.nc": {"temporal": ["2006-02-06T01:00:00.000Z", "2006-02-06T01:59:59.000Z"], "wnes_geometry": {"westBoundingCoordinate": 125, "eastBoundingCoordinate": 140, "northBoundingCoordinate": -10, "southBoundingCoordinate": -25}, "sizeMB": 26.1, "format": "Not provided"}, "GCEBN3D_TWPICE_2006-02-06_010000.DPR_Ku.ORBITAL.TESTBED_SPHE.nc": {"temporal": ["2006-02-06T01:00:00.000Z", "2006-02-06T01:59:59.000Z"], "wnes_geometry": {"westBoundingCoordinate": 125, "eastBoundingCoordinate": 140, "northBoundingCoordinate": -10, "southBoundingCoordinate": -25}, "sizeMB": 51.14, "format": "Not provided"}, "GCEBN3D_TWPICE_2006-02-06_010000.DPR_Ka_HS.ORBITAL.TESTBED_SPHE.nc": {"temporal": ["2006-02-06T01:00:00.000Z", "2006-02-06T01:59:59.000Z"], "wnes_geometry": {"westBoundingCoordinate": 125, "eastBoundingCoordinate": 140, "northBoundingCoordinate": -10, "southBoundingCoordinate": -25}, "sizeMB": 12.55, "format": "Not provided"}, "GCEBN3D_TWPICE_2006-02-06_020000.DPR_Ka_HS.ORBITAL.TESTBED_SPHE.nc": {"temporal": ["2006-02-06T02:00:00.000Z", "2006-02-06T02:59:59.000Z"], "wnes_geometry": {"westBoundingCoordinate": 125, "eastBoundingCoordinate": 140, "northBoundingCoordinate": -10, "southBoundingCoordinate": -25}, "sizeMB": 12.55, "format": "Not provided"}, "GCEBN3D_TWPICE_2006-02-06_020000.DPR_Ku.ORBITAL.TESTBED_SPHE.nc": {"temporal": ["2006-02-06T02:00:00.000Z", "2006-02-06T02:59:59.000Z"], "wnes_geometry": {"westBoundingCoordinate": 125, "eastBoundingCoordinate": 140, "northBoundingCoordinate": -10, "southBoundingCoordinate": -25}, "sizeMB": 51.14, "format": "Not provided"}, "GCEBN3D_TWPICE_2006-02-06_020000.DPR_Ka_MA.ORBITAL.TESTBED_SPHE.nc": {"temporal": ["2006-02-06T02:00:00.000Z", "2006-02-06T02:59:59.000Z"], "wnes_geometry": {"westBoundingCoordinate": 125, "eastBoundingCoordinate": 140, "northBoundingCoordinate": -10, "southBoundingCoordinate": -25}, "sizeMB": 26.1, "format": "Not provided"}, "GCEBN3D_TWPICE_2006-02-06_030000.DPR_Ku.ORBITAL.TESTBED_SPHE.nc": {"temporal": ["2006-02-06T03:00:00.000Z", "2006-02-06T03:59:59.000Z"], "wnes_geometry": {"westBoundingCoordinate": 125, "eastBoundingCoordinate": 140, "northBoundingCoordinate": -10, "southBoundingCoordinate": -25}, "sizeMB": 51.14, "format": "Not provided"}, "GCEBN3D_TWPICE_2006-02-06_030000.DPR_Ka_HS.ORBITAL.TESTBED_SPHE.nc": {"temporal": ["2006-02-06T03:00:00.000Z", "2006-02-06T03:59:59.000Z"], "wnes_geometry": {"westBoundingCoordinate": 125, "eastBoundingCoordinate": 140, "northBoundingCoordinate": -10, "southBoundingCoordinate": -25}, "sizeMB": 12.55, "format": "Not provided"}, "GCEBN3D_TWPICE_2006-02-06_030000.DPR_Ka_MA.ORBITAL.TESTBED_SPHE.nc": {"temporal": ["2006-02-06T03:00:00.000Z", "2006-02-06T03:59:59.000Z"], "wnes_geometry": {"westBoundingCoordinate": 125, "eastBoundingCoordinate": 140, "northBoundingCoordinate": -10, "southBoundingCoordinate": -25}, "sizeMB": 26.1, "format": "Not provided"}, "GCEBN3D_TWPICE_2006-02-06_040000.DPR_Ka_MA.ORBITAL.TESTBED_SPHE.nc": {"temporal": ["2006-02-06T04:00:00.000Z", "2006-02-06T04:59:59.000Z"], "wnes_geometry": {"westBoundingCoordinate": 125, "eastBoundingCoordinate": 140, "northBoundingCoordinate": -10, "southBoundingCoordinate": -25}, "sizeMB": 26.1, "format": "Not provided"}, "GCEBN3D_TWPICE_2006-02-06_040000.DPR_Ka_HS.ORBITAL.TESTBED_SPHE.nc": {"temporal": ["2006-02-06T04:00:00.000Z", "2006-02-06T04:59:59.000Z"], "wnes_geometry": {"westBoundingCoordinate": 125, "eastBoundingCoordinate": 140, "northBoundingCoordinate": -10, "southBoundingCoordinate": -25}, "sizeMB": 12.55, "format": "Not provided"}, "GCEBN3D_TWPICE_2006-02-06_040000.DPR_Ku.ORBITAL.TESTBED_SPHE.nc": {"temporal": ["2006-02-06T04:00:00.000Z", "2006-02-06T04:59:59.000Z"], "wnes_geometry": {"westBoundingCoordinate": 125, "eastBoundingCoordinate": 140, "northBoundingCoordinate": -10, "southBoundingCoordinate": -25}, "sizeMB": 51.14, "format": "Not provided"}, "GCEBN3D_TWPICE_2006-02-06_050000.DPR_Ku.ORBITAL.TESTBED_SPHE.nc": {"temporal": ["2006-02-06T05:00:00.000Z", "2006-02-06T05:59:59.000Z"], "wnes_geometry": {"westBoundingCoordinate": 125, "eastBoundingCoordinate": 140, "northBoundingCoordinate": -10, "southBoundingCoordinate": -25}, "sizeMB": 51.14, "format": "Not provided"}, "GCEBN3D_TWPICE_2006-02-06_050000.DPR_Ka_HS.ORBITAL.TESTBED_SPHE.nc": {"temporal": ["2006-02-06T05:00:00.000Z", "2006-02-06T05:59:59.000Z"], "wnes_geometry": {"westBoundingCoordinate": 125, "eastBoundingCoordinate": 140, "northBoundingCoordinate": -10, "southBoundingCoordinate": -25}, "sizeMB": 12.55, "format": "Not provided"}, "GCEBN3D_TWPICE_2006-02-06_050000.DPR_Ka_MA.ORBITAL.TESTBED_SPHE.nc": {"temporal": ["2006-02-06T05:00:00.000Z", "2006-02-06T05:59:59.000Z"], "wnes_geometry": {"westBoundingCoordinate": 125, "eastBoundingCoordinate": 140, "northBoundingCoordinate": -10, "southBoundingCoordinate": -25}, "sizeMB": 26.1, "format": "Not provided"}, "GCEBN3D_TWPICE_2006-02-06_060000.DPR_Ku.ORBITAL.TESTBED_SPHE.nc": {"temporal": ["2006-02-06T06:00:00.000Z", "2006-02-06T06:59:59.000Z"], "wnes_geometry": {"westBoundingCoordinate": 125, "eastBoundingCoordinate": 140, "northBoundingCoordinate": -10, "southBoundingCoordinate": -25}, "sizeMB": 51.14, "format": "Not provided"}, "GCEBN3D_TWPICE_2006-02-06_060000.DPR_Ka_HS.ORBITAL.TESTBED_SPHE.nc": {"temporal": ["2006-02-06T06:00:00.000Z", "2006-02-06T06:59:59.000Z"], "wnes_geometry": {"westBoundingCoordinate": 125, "eastBoundingCoordinate": 140, "northBoundingCoordinate": -10, "southBoundingCoordinate": -25}, "sizeMB": 12.55, "format": "Not provided"}, "GCEBN3D_TWPICE_2006-02-06_060000.DPR_Ka_MA.ORBITAL.TESTBED_SPHE.nc": {"temporal": ["2006-02-06T06:00:00.000Z", "2006-02-06T06:59:59.000Z"], "wnes_geometry": {"westBoundingCoordinate": 125, "eastBoundingCoordinate": 140, "northBoundingCoordinate": -10, "southBoundingCoordinate": -25}, "sizeMB": 26.1, "format": "Not provided"}, "GCEBN3D_TWPICE_2006-02-06_070000.DPR_Ka_HS.ORBITAL.TESTBED_SPHE.nc": {"temporal": ["2006-02-06T07:00:00.000Z", "2006-02-06T07:59:59.000Z"], "wnes_geometry": {"westBoundingCoordinate": 125, "eastBoundingCoordinate": 140, "northBoundingCoordinate": -10, "southBoundingCoordinate": -25}, "sizeMB": 12.55, "format": "Not provided"}, "GCEBN3D_TWPICE_2006-02-06_070000.DPR_Ku.ORBITAL.TESTBED_SPHE.nc": {"temporal": ["2006-02-06T07:00:00.000Z", "2006-02-06T07:59:59.000Z"], "wnes_geometry": {"westBoundingCoordinate": 125, "eastBoundingCoordinate": 140, "northBoundingCoordinate": -10, "southBoundingCoordinate": -25}, "sizeMB": 51.14, "format": "Not provided"}, "GCEBN3D_TWPICE_2006-02-06_070000.DPR_Ka_MA.ORBITAL.TESTBED_SPHE.nc": {"temporal": ["2006-02-06T07:00:00.000Z", "2006-02-06T07:59:59.000Z"], "wnes_geometry": {"westBoundingCoordinate": 125, "eastBoundingCoordinate": 140, "northBoundingCoordinate": -10, "southBoundingCoordinate": -25}, "sizeMB": 26.1, "format": "Not provided"}, "GCEBN3D_TWPICE_2006-02-06_080000.DPR_Ka_HS.ORBITAL.TESTBED_SPHE.nc": {"temporal": ["2006-02-06T08:00:00.000Z", "2006-02-06T08:59:59.000Z"], "wnes_geometry": {"westBoundingCoordinate": 125, "eastBoundingCoordinate": 140, "northBoundingCoordinate": -10, "southBoundingCoordinate": -25}, "sizeMB": 12.55, "format": "Not provided"}, "GCEBN3D_TWPICE_2006-02-06_080000.DPR_Ku.ORBITAL.TESTBED_SPHE.nc": {"temporal": ["2006-02-06T08:00:00.000Z", "2006-02-06T08:59:59.000Z"], "wnes_geometry": {"westBoundingCoordinate": 125, "eastBoundingCoordinate": 140, "northBoundingCoordinate": -10, "southBoundingCoordinate": -25}, "sizeMB": 51.14, "format": "Not provided"}, "GCEBN3D_TWPICE_2006-02-06_080000.DPR_Ka_MA.ORBITAL.TESTBED_SPHE.nc": {"temporal": ["2006-02-06T08:00:00.000Z", "2006-02-06T08:59:59.000Z"], "wnes_geometry": {"westBoundingCoordinate": 125, "eastBoundingCoordinate": 140, "northBoundingCoordinate": -10, "southBoundingCoordinate": -25}, "sizeMB": 26.1, "format": "Not provided"}, "GCEBN3D_TWPICE_2006-02-06_090000.DPR_Ka_MA.ORBITAL.TESTBED_SPHE.nc": {"temporal": ["2006-02-06T09:00:00.000Z", "2006-02-06T09:59:59.000Z"], "wnes_geometry": {"westBoundingCoordinate": 125, "eastBoundingCoordinate": 140, "northBoundingCoordinate": -10, "southBoundingCoordinate": -25}, "sizeMB": 26.1, "format": "Not provided"}, "GCEBN3D_TWPICE_2006-02-06_090000.DPR_Ka_HS.ORBITAL.TESTBED_SPHE.nc": {"temporal": ["2006-02-06T09:00:00.000Z", "2006-02-06T09:59:59.000Z"], "wnes_geometry": {"westBoundingCoordinate": 125, "eastBoundingCoordinate": 140, "northBoundingCoordinate": -10, "southBoundingCoordinate": -25}, "sizeMB": 12.55, "format": "Not provided"}, "GCEBN3D_TWPICE_2006-02-06_090000.DPR_Ku.ORBITAL.TESTBED_SPHE.nc": {"temporal": ["2006-02-06T09:00:00.000Z", "2006-02-06T09:59:59.000Z"], "wnes_geometry": {"westBoundingCoordinate": 125, "eastBoundingCoordinate": 140, "northBoundingCoordinate": -10, "southBoundingCoordinate": -25}, "sizeMB": 51.14, "format": "Not provided"}, "GCEBN3D_TWPICE_2006-02-06_100000.DPR_Ka_MA.ORBITAL.TESTBED_SPHE.nc": {"temporal": ["2006-02-06T10:00:00.000Z", "2006-02-06T10:59:59.000Z"], "wnes_geometry": {"westBoundingCoordinate": 125, "eastBoundingCoordinate": 140, "northBoundingCoordinate": -10, "southBoundingCoordinate": -25}, "sizeMB": 26.1, "format": "Not provided"}, "GCEBN3D_TWPICE_2006-02-06_100000.DPR_Ka_HS.ORBITAL.TESTBED_SPHE.nc": {"temporal": ["2006-02-06T10:00:00.000Z", "2006-02-06T10:59:59.000Z"], "wnes_geometry": {"westBoundingCoordinate": 125, "eastBoundingCoordinate": 140, "northBoundingCoordinate": -10, "southBoundingCoordinate": -25}, "sizeMB": 12.55, "format": "Not provided"}, "GCEBN3D_TWPICE_2006-02-06_100000.DPR_Ku.ORBITAL.TESTBED_SPHE.nc": {"temporal": ["2006-02-06T10:00:00.000Z", "2006-02-06T10:59:59.000Z"], "wnes_geometry": {"westBoundingCoordinate": 125, "eastBoundingCoordinate": 140, "northBoundingCoordinate": -10, "southBoundingCoordinate": -25}, "sizeMB": 51.14, "format": "Not provided"}, "GCEBN3D_TWPICE_2006-02-06_110000.DPR_Ka_MA.ORBITAL.TESTBED_SPHE.nc": {"temporal": ["2006-02-06T11:00:00.000Z", "2006-02-06T11:59:59.000Z"], "wnes_geometry": {"westBoundingCoordinate": 125, "eastBoundingCoordinate": 140, "northBoundingCoordinate": -10, "southBoundingCoordinate": -25}, "sizeMB": 26.1, "format": "Not provided"}, "GCEBN3D_TWPICE_2006-02-06_110000.DPR_Ka_HS.ORBITAL.TESTBED_SPHE.nc": {"temporal": ["2006-02-06T11:00:00.000Z", "2006-02-06T11:59:59.000Z"], "wnes_geometry": {"westBoundingCoordinate": 125, "eastBoundingCoordinate": 140, "northBoundingCoordinate": -10, "southBoundingCoordinate": -25}, "sizeMB": 12.55, "format": "Not provided"}, "GCEBN3D_TWPICE_2006-02-06_110000.DPR_Ku.ORBITAL.TESTBED_SPHE.nc": {"temporal": ["2006-02-06T11:00:00.000Z", "2006-02-06T11:59:59.000Z"], "wnes_geometry": {"westBoundingCoordinate": 125, "eastBoundingCoordinate": 140, "northBoundingCoordinate": -10, "southBoundingCoordinate": -25}, "sizeMB": 51.14, "format": "Not provided"}, "GCEBN3D_TWPICE_2006-02-06_120000.DPR_Ku.ORBITAL.TESTBED_SPHE.nc": {"temporal": ["2006-02-06T12:00:00.000Z", "2006-02-06T12:59:59.000Z"], "wnes_geometry": {"westBoundingCoordinate": 125, "eastBoundingCoordinate": 140, "northBoundingCoordinate": -10, "southBoundingCoordinate": -25}, "sizeMB": 51.14, "format": "Not provided"}, "GCEBN3D_TWPICE_2006-02-06_120000.DPR_Ka_HS.ORBITAL.TESTBED_SPHE.nc": {"temporal": ["2006-02-06T12:00:00.000Z", "2006-02-06T12:59:59.000Z"], "wnes_geometry": {"westBoundingCoordinate": 125, "eastBoundingCoordinate": 140, "northBoundingCoordinate": -10, "southBoundingCoordinate": -25}, "sizeMB": 12.55, "format": "Not provided"}, "GCEBN3D_TWPICE_2006-02-06_120000.DPR_Ka_MA.ORBITAL.TESTBED_SPHE.nc": {"temporal": ["2006-02-06T12:00:00.000Z", "2006-02-06T12:59:59.000Z"], "wnes_geometry": {"westBoundingCoordinate": 125, "eastBoundingCoordinate": 140, "northBoundingCoordinate": -10, "southBoundingCoordinate": -25}, "sizeMB": 26.1, "format": "Not provided"}, "GCEBN3D_TWPICE_2006-02-06_130000.DPR_Ka_HS.ORBITAL.TESTBED_SPHE.nc": {"temporal": ["2006-02-06T13:00:00.000Z", "2006-02-06T13:59:59.000Z"], "wnes_geometry": {"westBoundingCoordinate": 125, "eastBoundingCoordinate": 140, "northBoundingCoordinate": -10, "southBoundingCoordinate": -25}, "sizeMB": 12.55, "format": "Not provided"}, "GCEBN3D_TWPICE_2006-02-06_130000.DPR_Ka_MA.ORBITAL.TESTBED_SPHE.nc": {"temporal": ["2006-02-06T13:00:00.000Z", "2006-02-06T13:59:59.000Z"], "wnes_geometry": {"westBoundingCoordinate": 125, "eastBoundingCoordinate": 140, "northBoundingCoordinate": -10, "southBoundingCoordinate": -25}, "sizeMB": 26.1, "format": "Not provided"}, "GCEBN3D_TWPICE_2006-02-06_130000.DPR_Ku.ORBITAL.TESTBED_SPHE.nc": {"temporal": ["2006-02-06T13:00:00.000Z", "2006-02-06T13:59:59.000Z"], "wnes_geometry": {"westBoundingCoordinate": 125, "eastBoundingCoordinate": 140, "northBoundingCoordinate": -10, "southBoundingCoordinate": -25}, "sizeMB": 51.14, "format": "Not provided"}, "GCEBN3D_TWPICE_2006-02-06_140000.DPR_Ku.ORBITAL.TESTBED_SPHE.nc": {"temporal": ["2006-02-06T14:00:00.000Z", "2006-02-06T14:59:59.000Z"], "wnes_geometry": {"westBoundingCoordinate": 125, "eastBoundingCoordinate": 140, "northBoundingCoordinate": -10, "southBoundingCoordinate": -25}, "sizeMB": 51.14, "format": "Not provided"}, "GCEBN3D_TWPICE_2006-02-06_140000.DPR_Ka_MA.ORBITAL.TESTBED_SPHE.nc": {"temporal": ["2006-02-06T14:00:00.000Z", "2006-02-06T14:59:59.000Z"], "wnes_geometry": {"westBoundingCoordinate": 125, "eastBoundingCoordinate": 140, "northBoundingCoordinate": -10, "southBoundingCoordinate": -25}, "sizeMB": 26.1, "format": "Not provided"}, "GCEBN3D_TWPICE_2006-02-06_140000.DPR_Ka_HS.ORBITAL.TESTBED_SPHE.nc": {"temporal": ["2006-02-06T14:00:00.000Z", "2006-02-06T14:59:59.000Z"], "wnes_geometry": {"westBoundingCoordinate": 125, "eastBoundingCoordinate": 140, "northBoundingCoordinate": -10, "southBoundingCoordinate": -25}, "sizeMB": 12.55, "format": "Not provided"}, "GCEBN3D_TWPICE_2006-02-06_150000.DPR_Ka_HS.ORBITAL.TESTBED_SPHE.nc": {"temporal": ["2006-02-06T15:00:00.000Z", "2006-02-06T15:59:59.000Z"], "wnes_geometry": {"westBoundingCoordinate": 125, "eastBoundingCoordinate": 140, "northBoundingCoordinate": -10, "southBoundingCoordinate": -25}, "sizeMB": 12.55, "format": "Not provided"}, "GCEBN3D_TWPICE_2006-02-06_150000.DPR_Ku.ORBITAL.TESTBED_SPHE.nc": {"temporal": ["2006-02-06T15:00:00.000Z", "2006-02-06T15:59:59.000Z"], "wnes_geometry": {"westBoundingCoordinate": 125, "eastBoundingCoordinate": 140, "northBoundingCoordinate": -10, "southBoundingCoordinate": -25}, "sizeMB": 51.14, "format": "Not provided"}, "GCEBN3D_TWPICE_2006-02-06_150000.DPR_Ka_MA.ORBITAL.TESTBED_SPHE.nc": {"temporal": ["2006-02-06T15:00:00.000Z", "2006-02-06T15:59:59.000Z"], "wnes_geometry": {"westBoundingCoordinate": 125, "eastBoundingCoordinate": 140, "northBoundingCoordinate": -10, "southBoundingCoordinate": -25}, "sizeMB": 26.1, "format": "Not provided"}, "GCEBN3D_TWPICE_2006-02-06_160000.DPR_Ka_MA.ORBITAL.TESTBED_SPHE.nc": {"temporal": ["2006-02-06T16:00:00.000Z", "2006-02-06T16:59:59.000Z"], "wnes_geometry": {"westBoundingCoordinate": 125, "eastBoundingCoordinate": 140, "northBoundingCoordinate": -10, "southBoundingCoordinate": -25}, "sizeMB": 26.1, "format": "Not provided"}, "GCEBN3D_TWPICE_2006-02-06_160000.DPR_Ku.ORBITAL.TESTBED_SPHE.nc": {"temporal": ["2006-02-06T16:00:00.000Z", "2006-02-06T16:59:59.000Z"], "wnes_geometry": {"westBoundingCoordinate": 125, "eastBoundingCoordinate": 140, "northBoundingCoordinate": -10, "southBoundingCoordinate": -25}, "sizeMB": 51.14, "format": "Not provided"}, "GCEBN3D_TWPICE_2006-02-06_160000.DPR_Ka_HS.ORBITAL.TESTBED_SPHE.nc": {"temporal": ["2006-02-06T16:00:00.000Z", "2006-02-06T16:59:59.000Z"], "wnes_geometry": {"westBoundingCoordinate": 125, "eastBoundingCoordinate": 140, "northBoundingCoordinate": -10, "southBoundingCoordinate": -25}, "sizeMB": 12.55, "format": "Not provided"}, "GCEBN3D_TWPICE_2006-02-06_170000.DPR_Ka_HS.ORBITAL.TESTBED_SPHE.nc": {"temporal": ["2006-02-06T17:00:00.000Z", "2006-02-06T17:59:59.000Z"], "wnes_geometry": {"westBoundingCoordinate": 125, "eastBoundingCoordinate": 140, "northBoundingCoordinate": -10, "southBoundingCoordinate": -25}, "sizeMB": 12.55, "format": "Not provided"}, "GCEBN3D_TWPICE_2006-02-06_170000.DPR_Ka_MA.ORBITAL.TESTBED_SPHE.nc": {"temporal": ["2006-02-06T17:00:00.000Z", "2006-02-06T17:59:59.000Z"], "wnes_geometry": {"westBoundingCoordinate": 125, "eastBoundingCoordinate": 140, "northBoundingCoordinate": -10, "southBoundingCoordinate": -25}, "sizeMB": 26.1, "format": "Not provided"}, "GCEBN3D_TWPICE_2006-02-06_170000.DPR_Ku.ORBITAL.TESTBED_SPHE.nc": {"temporal": ["2006-02-06T17:00:00.000Z", "2006-02-06T17:59:59.000Z"], "wnes_geometry": {"westBoundingCoordinate": 125, "eastBoundingCoordinate": 140, "northBoundingCoordinate": -10, "southBoundingCoordinate": -25}, "sizeMB": 51.14, "format": "Not provided"}, "GCEBN3D_TWPICE_2006-02-06_180000.DPR_Ka_MA.ORBITAL.TESTBED_SPHE.nc": {"temporal": ["2006-02-06T18:00:00.000Z", "2006-02-06T18:59:59.000Z"], "wnes_geometry": {"westBoundingCoordinate": 125, "eastBoundingCoordinate": 140, "northBoundingCoordinate": -10, "southBoundingCoordinate": -25}, "sizeMB": 26.1, "format": "Not provided"}, "GCEBN3D_TWPICE_2006-02-06_180000.DPR_Ka_HS.ORBITAL.TESTBED_SPHE.nc": {"temporal": ["2006-02-06T18:00:00.000Z", "2006-02-06T18:59:59.000Z"], "wnes_geometry": {"westBoundingCoordinate": 125, "eastBoundingCoordinate": 140, "northBoundingCoordinate": -10, "southBoundingCoordinate": -25}, "sizeMB": 12.55, "format": "Not provided"}, "GCEBN3D_TWPICE_2006-02-06_180000.DPR_Ku.ORBITAL.TESTBED_SPHE.nc": {"temporal": ["2006-02-06T18:00:00.000Z", "2006-02-06T18:59:59.000Z"], "wnes_geometry": {"westBoundingCoordinate": 125, "eastBoundingCoordinate": 140, "northBoundingCoordinate": -10, "southBoundingCoordinate": -25}, "sizeMB": 51.14, "format": "Not provided"}}