{"wrfout_d02_2011-04-25_000000.DPR_Ka_HS.ORBITAL.TESTBED_SPHE.nc": {"temporal": ["2011-04-25T00:00:00.000Z", "2011-04-25T00:59:59.000Z"], "wnes_geometry": {"westBoundingCoordinate": -121, "eastBoundingCoordinate": -91, "northBoundingCoordinate": 43, "southBoundingCoordinate": 28}, "sizeMB": 26.28, "format": "Not provided"}, "wrfout_d02_2011-04-25_000000.GMI_HF.ORBITAL.TESTBED_TEL-SPHE.nc": {"temporal": ["2011-04-25T00:00:00.000Z", "2011-04-25T00:59:59.000Z"], "wnes_geometry": {"westBoundingCoordinate": -121, "eastBoundingCoordinate": -91, "northBoundingCoordinate": 43, "southBoundingCoordinate": 28}, "sizeMB": 1.11, "format": "Not provided"}, "wrfout_d02_2011-04-25_000000.GMI_LF.ORBITAL.TESTBED_TEL-SPHE.nc": {"temporal": ["2011-04-25T00:00:00.000Z", "2011-04-25T00:59:59.000Z"], "wnes_geometry": {"westBoundingCoordinate": -121, "eastBoundingCoordinate": -91, "northBoundingCoordinate": 43, "southBoundingCoordinate": 28}, "sizeMB": 1.6, "format": "Not provided"}, "wrfout_d02_2011-04-25_000000.DPR_Ka_MA.ORBITAL.TESTBED_SPHE.nc": {"temporal": ["2011-04-25T00:00:00.000Z", "2011-04-25T00:59:59.000Z"], "wnes_geometry": {"westBoundingCoordinate": -121, "eastBoundingCoordinate": -91, "northBoundingCoordinate": 43, "southBoundingCoordinate": 28}, "sizeMB": 54.65, "format": "Not provided"}, "wrfout_d02_2011-04-25_000000.DPR_Ku.ORBITAL.TESTBED_SPHE.nc": {"temporal": ["2011-04-25T00:00:00.000Z", "2011-04-25T00:59:59.000Z"], "wnes_geometry": {"westBoundingCoordinate": -121, "eastBoundingCoordinate": -91, "northBoundingCoordinate": 43, "southBoundingCoordinate": 28}, "sizeMB": 119.54, "format": "Not provided"}, "wrfout_d02_2011-04-25_010000.GMI_HF.ORBITAL.TESTBED_TEL-SPHE.nc": {"temporal": ["2011-04-25T01:00:00.000Z", "2011-04-25T01:59:59.000Z"], "wnes_geometry": {"westBoundingCoordinate": -121, "eastBoundingCoordinate": -91, "northBoundingCoordinate": 43, "southBoundingCoordinate": 28}, "sizeMB": 1.11, "format": "Not provided"}, "wrfout_d02_2011-04-25_010000.GMI_LF.ORBITAL.TESTBED_TEL-SPHE.nc": {"temporal": ["2011-04-25T01:00:00.000Z", "2011-04-25T01:59:59.000Z"], "wnes_geometry": {"westBoundingCoordinate": -121, "eastBoundingCoordinate": -91, "northBoundingCoordinate": 43, "southBoundingCoordinate": 28}, "sizeMB": 1.6, "format": "Not provided"}, "wrfout_d02_2011-04-25_010000.DPR_Ka_HS.ORBITAL.TESTBED_SPHE.nc": {"temporal": ["2011-04-25T01:00:00.000Z", "2011-04-25T01:59:59.000Z"], "wnes_geometry": {"westBoundingCoordinate": -121, "eastBoundingCoordinate": -91, "northBoundingCoordinate": 43, "southBoundingCoordinate": 28}, "sizeMB": 26.28, "format": "Not provided"}, "wrfout_d02_2011-04-25_010000.DPR_Ka_MA.ORBITAL.TESTBED_SPHE.nc": {"temporal": ["2011-04-25T01:00:00.000Z", "2011-04-25T01:59:59.000Z"], "wnes_geometry": {"westBoundingCoordinate": -121, "eastBoundingCoordinate": -91, "northBoundingCoordinate": 43, "southBoundingCoordinate": 28}, "sizeMB": 54.65, "format": "Not provided"}, "wrfout_d02_2011-04-25_010000.DPR_Ku.ORBITAL.TESTBED_SPHE.nc": {"temporal": ["2011-04-25T01:00:00.000Z", "2011-04-25T01:59:59.000Z"], "wnes_geometry": {"westBoundingCoordinate": -121, "eastBoundingCoordinate": -91, "northBoundingCoordinate": 43, "southBoundingCoordinate": 28}, "sizeMB": 119.54, "format": "Not provided"}, "wrfout_d02_2011-04-25_020000.DPR_Ku.ORBITAL.TESTBED_SPHE.nc": {"temporal": ["2011-04-25T02:00:00.000Z", "2011-04-25T02:59:59.000Z"], "wnes_geometry": {"westBoundingCoordinate": -121, "eastBoundingCoordinate": -91, "northBoundingCoordinate": 43, "southBoundingCoordinate": 28}, "sizeMB": 119.54, "format": "Not provided"}, "wrfout_d02_2011-04-25_020000.DPR_Ka_MA.ORBITAL.TESTBED_SPHE.nc": {"temporal": ["2011-04-25T02:00:00.000Z", "2011-04-25T02:59:59.000Z"], "wnes_geometry": {"westBoundingCoordinate": -121, "eastBoundingCoordinate": -91, "northBoundingCoordinate": 43, "southBoundingCoordinate": 28}, "sizeMB": 54.65, "format": "Not provided"}, "wrfout_d02_2011-04-25_020000.DPR_Ka_HS.ORBITAL.TESTBED_SPHE.nc": {"temporal": ["2011-04-25T02:00:00.000Z", "2011-04-25T02:59:59.000Z"], "wnes_geometry": {"westBoundingCoordinate": -121, "eastBoundingCoordinate": -91, "northBoundingCoordinate": 43, "southBoundingCoordinate": 28}, "sizeMB": 26.28, "format": "Not provided"}, "wrfout_d02_2011-04-25_020000.GMI_HF.ORBITAL.TESTBED_TEL-SPHE.nc": {"temporal": ["2011-04-25T02:00:00.000Z", "2011-04-25T02:59:59.000Z"], "wnes_geometry": {"westBoundingCoordinate": -121, "eastBoundingCoordinate": -91, "northBoundingCoordinate": 43, "southBoundingCoordinate": 28}, "sizeMB": 1.11, "format": "Not provided"}, "wrfout_d02_2011-04-25_020000.GMI_LF.ORBITAL.TESTBED_TEL-SPHE.nc": {"temporal": ["2011-04-25T02:00:00.000Z", "2011-04-25T02:59:59.000Z"], "wnes_geometry": {"westBoundingCoordinate": -121, "eastBoundingCoordinate": -91, "northBoundingCoordinate": 43, "southBoundingCoordinate": 28}, "sizeMB": 1.6, "format": "Not provided"}, "wrfout_d02_2011-04-25_030000.GMI_HF.ORBITAL.TESTBED_TEL-SPHE.nc": {"temporal": ["2011-04-25T03:00:00.000Z", "2011-04-25T03:59:59.000Z"], "wnes_geometry": {"westBoundingCoordinate": -121, "eastBoundingCoordinate": -91, "northBoundingCoordinate": 43, "southBoundingCoordinate": 28}, "sizeMB": 1.11, "format": "Not provided"}, "wrfout_d02_2011-04-25_030000.GMI_LF.ORBITAL.TESTBED_TEL-SPHE.nc": {"temporal": ["2011-04-25T03:00:00.000Z", "2011-04-25T03:59:59.000Z"], "wnes_geometry": {"westBoundingCoordinate": -121, "eastBoundingCoordinate": -91, "northBoundingCoordinate": 43, "southBoundingCoordinate": 28}, "sizeMB": 1.6, "format": "Not provided"}, "wrfout_d02_2011-04-25_030000.DPR_Ku.ORBITAL.TESTBED_SPHE.nc": {"temporal": ["2011-04-25T03:00:00.000Z", "2011-04-25T03:59:59.000Z"], "wnes_geometry": {"westBoundingCoordinate": -121, "eastBoundingCoordinate": -91, "northBoundingCoordinate": 43, "southBoundingCoordinate": 28}, "sizeMB": 119.54, "format": "Not provided"}, "wrfout_d02_2011-04-25_030000.DPR_Ka_HS.ORBITAL.TESTBED_SPHE.nc": {"temporal": ["2011-04-25T03:00:00.000Z", "2011-04-25T03:59:59.000Z"], "wnes_geometry": {"westBoundingCoordinate": -121, "eastBoundingCoordinate": -91, "northBoundingCoordinate": 43, "southBoundingCoordinate": 28}, "sizeMB": 26.28, "format": "Not provided"}, "wrfout_d02_2011-04-25_030000.DPR_Ka_MA.ORBITAL.TESTBED_SPHE.nc": {"temporal": ["2011-04-25T03:00:00.000Z", "2011-04-25T03:59:59.000Z"], "wnes_geometry": {"westBoundingCoordinate": -121, "eastBoundingCoordinate": -91, "northBoundingCoordinate": 43, "southBoundingCoordinate": 28}, "sizeMB": 54.65, "format": "Not provided"}, "wrfout_d02_2011-04-25_040000.GMI_HF.ORBITAL.TESTBED_TEL-SPHE.nc": {"temporal": ["2011-04-25T04:00:00.000Z", "2011-04-25T04:59:59.000Z"], "wnes_geometry": {"westBoundingCoordinate": -121, "eastBoundingCoordinate": -91, "northBoundingCoordinate": 43, "southBoundingCoordinate": 28}, "sizeMB": 1.11, "format": "Not provided"}, "wrfout_d02_2011-04-25_040000.DPR_Ka_MA.ORBITAL.TESTBED_SPHE.nc": {"temporal": ["2011-04-25T04:00:00.000Z", "2011-04-25T04:59:59.000Z"], "wnes_geometry": {"westBoundingCoordinate": -121, "eastBoundingCoordinate": -91, "northBoundingCoordinate": 43, "southBoundingCoordinate": 28}, "sizeMB": 54.65, "format": "Not provided"}, "wrfout_d02_2011-04-25_040000.DPR_Ka_HS.ORBITAL.TESTBED_SPHE.nc": {"temporal": ["2011-04-25T04:00:00.000Z", "2011-04-25T04:59:59.000Z"], "wnes_geometry": {"westBoundingCoordinate": -121, "eastBoundingCoordinate": -91, "northBoundingCoordinate": 43, "southBoundingCoordinate": 28}, "sizeMB": 26.28, "format": "Not provided"}, "wrfout_d02_2011-04-25_040000.DPR_Ku.ORBITAL.TESTBED_SPHE.nc": {"temporal": ["2011-04-25T04:00:00.000Z", "2011-04-25T04:59:59.000Z"], "wnes_geometry": {"westBoundingCoordinate": -121, "eastBoundingCoordinate": -91, "northBoundingCoordinate": 43, "southBoundingCoordinate": 28}, "sizeMB": 119.54, "format": "Not provided"}, "wrfout_d02_2011-04-25_040000.GMI_LF.ORBITAL.TESTBED_TEL-SPHE.nc": {"temporal": ["2011-04-25T04:00:00.000Z", "2011-04-25T04:59:59.000Z"], "wnes_geometry": {"westBoundingCoordinate": -121, "eastBoundingCoordinate": -91, "northBoundingCoordinate": 43, "southBoundingCoordinate": 28}, "sizeMB": 1.6, "format": "Not provided"}, "wrfout_d02_2011-04-25_050000.GMI_HF.ORBITAL.TESTBED_TEL-SPHE.nc": {"temporal": ["2011-04-25T05:00:00.000Z", "2011-04-25T05:59:59.000Z"], "wnes_geometry": {"westBoundingCoordinate": -121, "eastBoundingCoordinate": -91, "northBoundingCoordinate": 43, "southBoundingCoordinate": 28}, "sizeMB": 1.11, "format": "Not provided"}, "wrfout_d02_2011-04-25_050000.DPR_Ku.ORBITAL.TESTBED_SPHE.nc": {"temporal": ["2011-04-25T05:00:00.000Z", "2011-04-25T05:59:59.000Z"], "wnes_geometry": {"westBoundingCoordinate": -121, "eastBoundingCoordinate": -91, "northBoundingCoordinate": 43, "southBoundingCoordinate": 28}, "sizeMB": 119.54, "format": "Not provided"}, "wrfout_d02_2011-04-25_050000.DPR_Ka_MA.ORBITAL.TESTBED_SPHE.nc": {"temporal": ["2011-04-25T05:00:00.000Z", "2011-04-25T05:59:59.000Z"], "wnes_geometry": {"westBoundingCoordinate": -121, "eastBoundingCoordinate": -91, "northBoundingCoordinate": 43, "southBoundingCoordinate": 28}, "sizeMB": 54.65, "format": "Not provided"}, "wrfout_d02_2011-04-25_050000.GMI_LF.ORBITAL.TESTBED_TEL-SPHE.nc": {"temporal": ["2011-04-25T05:00:00.000Z", "2011-04-25T05:59:59.000Z"], "wnes_geometry": {"westBoundingCoordinate": -121, "eastBoundingCoordinate": -91, "northBoundingCoordinate": 43, "southBoundingCoordinate": 28}, "sizeMB": 1.6, "format": "Not provided"}, "wrfout_d02_2011-04-25_050000.DPR_Ka_HS.ORBITAL.TESTBED_SPHE.nc": {"temporal": ["2011-04-25T05:00:00.000Z", "2011-04-25T05:59:59.000Z"], "wnes_geometry": {"westBoundingCoordinate": -121, "eastBoundingCoordinate": -91, "northBoundingCoordinate": 43, "southBoundingCoordinate": 28}, "sizeMB": 26.28, "format": "Not provided"}, "wrfout_d02_2011-04-25_060000.GMI_LF.ORBITAL.TESTBED_TEL-SPHE.nc": {"temporal": ["2011-04-25T06:00:00.000Z", "2011-04-25T06:59:59.000Z"], "wnes_geometry": {"westBoundingCoordinate": -121, "eastBoundingCoordinate": -91, "northBoundingCoordinate": 43, "southBoundingCoordinate": 28}, "sizeMB": 1.6, "format": "Not provided"}, "wrfout_d02_2011-04-25_060000.GMI_HF.ORBITAL.TESTBED_TEL-SPHE.nc": {"temporal": ["2011-04-25T06:00:00.000Z", "2011-04-25T06:59:59.000Z"], "wnes_geometry": {"westBoundingCoordinate": -121, "eastBoundingCoordinate": -91, "northBoundingCoordinate": 43, "southBoundingCoordinate": 28}, "sizeMB": 1.11, "format": "Not provided"}, "wrfout_d02_2011-04-25_060000.DPR_Ka_HS.ORBITAL.TESTBED_SPHE.nc": {"temporal": ["2011-04-25T06:00:00.000Z", "2011-04-25T06:59:59.000Z"], "wnes_geometry": {"westBoundingCoordinate": -121, "eastBoundingCoordinate": -91, "northBoundingCoordinate": 43, "southBoundingCoordinate": 28}, "sizeMB": 26.28, "format": "Not provided"}, "wrfout_d02_2011-04-25_060000.DPR_Ka_MA.ORBITAL.TESTBED_SPHE.nc": {"temporal": ["2011-04-25T06:00:00.000Z", "2011-04-25T06:59:59.000Z"], "wnes_geometry": {"westBoundingCoordinate": -121, "eastBoundingCoordinate": -91, "northBoundingCoordinate": 43, "southBoundingCoordinate": 28}, "sizeMB": 54.65, "format": "Not provided"}, "wrfout_d02_2011-04-25_060000.DPR_Ku.ORBITAL.TESTBED_SPHE.nc": {"temporal": ["2011-04-25T06:00:00.000Z", "2011-04-25T06:59:59.000Z"], "wnes_geometry": {"westBoundingCoordinate": -121, "eastBoundingCoordinate": -91, "northBoundingCoordinate": 43, "southBoundingCoordinate": 28}, "sizeMB": 119.54, "format": "Not provided"}, "wrfout_d02_2011-04-25_070000.DPR_Ku.ORBITAL.TESTBED_SPHE.nc": {"temporal": ["2011-04-25T07:00:00.000Z", "2011-04-25T07:59:59.000Z"], "wnes_geometry": {"westBoundingCoordinate": -121, "eastBoundingCoordinate": -91, "northBoundingCoordinate": 43, "southBoundingCoordinate": 28}, "sizeMB": 119.54, "format": "Not provided"}, "wrfout_d02_2011-04-25_070000.GMI_HF.ORBITAL.TESTBED_TEL-SPHE.nc": {"temporal": ["2011-04-25T07:00:00.000Z", "2011-04-25T07:59:59.000Z"], "wnes_geometry": {"westBoundingCoordinate": -121, "eastBoundingCoordinate": -91, "northBoundingCoordinate": 43, "southBoundingCoordinate": 28}, "sizeMB": 1.11, "format": "Not provided"}, "wrfout_d02_2011-04-25_070000.GMI_LF.ORBITAL.TESTBED_TEL-SPHE.nc": {"temporal": ["2011-04-25T07:00:00.000Z", "2011-04-25T07:59:59.000Z"], "wnes_geometry": {"westBoundingCoordinate": -121, "eastBoundingCoordinate": -91, "northBoundingCoordinate": 43, "southBoundingCoordinate": 28}, "sizeMB": 1.6, "format": "Not provided"}, "wrfout_d02_2011-04-25_070000.DPR_Ka_HS.ORBITAL.TESTBED_SPHE.nc": {"temporal": ["2011-04-25T07:00:00.000Z", "2011-04-25T07:59:59.000Z"], "wnes_geometry": {"westBoundingCoordinate": -121, "eastBoundingCoordinate": -91, "northBoundingCoordinate": 43, "southBoundingCoordinate": 28}, "sizeMB": 26.28, "format": "Not provided"}, "wrfout_d02_2011-04-25_070000.DPR_Ka_MA.ORBITAL.TESTBED_SPHE.nc": {"temporal": ["2011-04-25T07:00:00.000Z", "2011-04-25T07:59:59.000Z"], "wnes_geometry": {"westBoundingCoordinate": -121, "eastBoundingCoordinate": -91, "northBoundingCoordinate": 43, "southBoundingCoordinate": 28}, "sizeMB": 54.65, "format": "Not provided"}, "wrfout_d02_2011-04-25_080000.DPR_Ka_HS.ORBITAL.TESTBED_SPHE.nc": {"temporal": ["2011-04-25T08:00:00.000Z", "2011-04-25T08:59:59.000Z"], "wnes_geometry": {"westBoundingCoordinate": -121, "eastBoundingCoordinate": -91, "northBoundingCoordinate": 43, "southBoundingCoordinate": 28}, "sizeMB": 26.28, "format": "Not provided"}, "wrfout_d02_2011-04-25_080000.DPR_Ka_MA.ORBITAL.TESTBED_SPHE.nc": {"temporal": ["2011-04-25T08:00:00.000Z", "2011-04-25T08:59:59.000Z"], "wnes_geometry": {"westBoundingCoordinate": -121, "eastBoundingCoordinate": -91, "northBoundingCoordinate": 43, "southBoundingCoordinate": 28}, "sizeMB": 54.65, "format": "Not provided"}, "wrfout_d02_2011-04-25_080000.DPR_Ku.ORBITAL.TESTBED_SPHE.nc": {"temporal": ["2011-04-25T08:00:00.000Z", "2011-04-25T08:59:59.000Z"], "wnes_geometry": {"westBoundingCoordinate": -121, "eastBoundingCoordinate": -91, "northBoundingCoordinate": 43, "southBoundingCoordinate": 28}, "sizeMB": 119.54, "format": "Not provided"}, "wrfout_d02_2011-04-25_080000.GMI_LF.ORBITAL.TESTBED_TEL-SPHE.nc": {"temporal": ["2011-04-25T08:00:00.000Z", "2011-04-25T08:59:59.000Z"], "wnes_geometry": {"westBoundingCoordinate": -121, "eastBoundingCoordinate": -91, "northBoundingCoordinate": 43, "southBoundingCoordinate": 28}, "sizeMB": 1.6, "format": "Not provided"}, "wrfout_d02_2011-04-25_080000.GMI_HF.ORBITAL.TESTBED_TEL-SPHE.nc": {"temporal": ["2011-04-25T08:00:00.000Z", "2011-04-25T08:59:59.000Z"], "wnes_geometry": {"westBoundingCoordinate": -121, "eastBoundingCoordinate": -91, "northBoundingCoordinate": 43, "southBoundingCoordinate": 28}, "sizeMB": 1.11, "format": "Not provided"}, "wrfout_d02_2011-04-25_090000.GMI_LF.ORBITAL.TESTBED_TEL-SPHE.nc": {"temporal": ["2011-04-25T09:00:00.000Z", "2011-04-25T09:59:59.000Z"], "wnes_geometry": {"westBoundingCoordinate": -121, "eastBoundingCoordinate": -91, "northBoundingCoordinate": 43, "southBoundingCoordinate": 28}, "sizeMB": 1.6, "format": "Not provided"}, "wrfout_d02_2011-04-25_090000.GMI_HF.ORBITAL.TESTBED_TEL-SPHE.nc": {"temporal": ["2011-04-25T09:00:00.000Z", "2011-04-25T09:59:59.000Z"], "wnes_geometry": {"westBoundingCoordinate": -121, "eastBoundingCoordinate": -91, "northBoundingCoordinate": 43, "southBoundingCoordinate": 28}, "sizeMB": 1.11, "format": "Not provided"}, "wrfout_d02_2011-04-25_090000.DPR_Ka_HS.ORBITAL.TESTBED_SPHE.nc": {"temporal": ["2011-04-25T09:00:00.000Z", "2011-04-25T09:59:59.000Z"], "wnes_geometry": {"westBoundingCoordinate": -121, "eastBoundingCoordinate": -91, "northBoundingCoordinate": 43, "southBoundingCoordinate": 28}, "sizeMB": 26.28, "format": "Not provided"}, "wrfout_d02_2011-04-25_090000.DPR_Ku.ORBITAL.TESTBED_SPHE.nc": {"temporal": ["2011-04-25T09:00:00.000Z", "2011-04-25T09:59:59.000Z"], "wnes_geometry": {"westBoundingCoordinate": -121, "eastBoundingCoordinate": -91, "northBoundingCoordinate": 43, "southBoundingCoordinate": 28}, "sizeMB": 119.54, "format": "Not provided"}, "wrfout_d02_2011-04-25_090000.DPR_Ka_MA.ORBITAL.TESTBED_SPHE.nc": {"temporal": ["2011-04-25T09:00:00.000Z", "2011-04-25T09:59:59.000Z"], "wnes_geometry": {"westBoundingCoordinate": -121, "eastBoundingCoordinate": -91, "northBoundingCoordinate": 43, "southBoundingCoordinate": 28}, "sizeMB": 54.65, "format": "Not provided"}, "wrfout_d02_2011-04-25_100000.DPR_Ka_HS.ORBITAL.TESTBED_SPHE.nc": {"temporal": ["2011-04-25T10:00:00.000Z", "2011-04-25T10:59:59.000Z"], "wnes_geometry": {"westBoundingCoordinate": -121, "eastBoundingCoordinate": -91, "northBoundingCoordinate": 43, "southBoundingCoordinate": 28}, "sizeMB": 26.28, "format": "Not provided"}, "wrfout_d02_2011-04-25_100000.DPR_Ka_MA.ORBITAL.TESTBED_SPHE.nc": {"temporal": ["2011-04-25T10:00:00.000Z", "2011-04-25T10:59:59.000Z"], "wnes_geometry": {"westBoundingCoordinate": -121, "eastBoundingCoordinate": -91, "northBoundingCoordinate": 43, "southBoundingCoordinate": 28}, "sizeMB": 54.65, "format": "Not provided"}, "wrfout_d02_2011-04-25_100000.GMI_HF.ORBITAL.TESTBED_TEL-SPHE.nc": {"temporal": ["2011-04-25T10:00:00.000Z", "2011-04-25T10:59:59.000Z"], "wnes_geometry": {"westBoundingCoordinate": -121, "eastBoundingCoordinate": -91, "northBoundingCoordinate": 43, "southBoundingCoordinate": 28}, "sizeMB": 1.11, "format": "Not provided"}, "wrfout_d02_2011-04-25_100000.GMI_LF.ORBITAL.TESTBED_TEL-SPHE.nc": {"temporal": ["2011-04-25T10:00:00.000Z", "2011-04-25T10:59:59.000Z"], "wnes_geometry": {"westBoundingCoordinate": -121, "eastBoundingCoordinate": -91, "northBoundingCoordinate": 43, "southBoundingCoordinate": 28}, "sizeMB": 1.6, "format": "Not provided"}, "wrfout_d02_2011-04-25_100000.DPR_Ku.ORBITAL.TESTBED_SPHE.nc": {"temporal": ["2011-04-25T10:00:00.000Z", "2011-04-25T10:59:59.000Z"], "wnes_geometry": {"westBoundingCoordinate": -121, "eastBoundingCoordinate": -91, "northBoundingCoordinate": 43, "southBoundingCoordinate": 28}, "sizeMB": 119.54, "format": "Not provided"}, "wrfout_d02_2011-04-25_110000.DPR_Ka_HS.ORBITAL.TESTBED_SPHE.nc": {"temporal": ["2011-04-25T11:00:00.000Z", "2011-04-25T11:59:59.000Z"], "wnes_geometry": {"westBoundingCoordinate": -121, "eastBoundingCoordinate": -91, "northBoundingCoordinate": 43, "southBoundingCoordinate": 28}, "sizeMB": 26.28, "format": "Not provided"}, "wrfout_d02_2011-04-25_110000.DPR_Ku.ORBITAL.TESTBED_SPHE.nc": {"temporal": ["2011-04-25T11:00:00.000Z", "2011-04-25T11:59:59.000Z"], "wnes_geometry": {"westBoundingCoordinate": -121, "eastBoundingCoordinate": -91, "northBoundingCoordinate": 43, "southBoundingCoordinate": 28}, "sizeMB": 119.54, "format": "Not provided"}, "wrfout_d02_2011-04-25_110000.DPR_Ka_MA.ORBITAL.TESTBED_SPHE.nc": {"temporal": ["2011-04-25T11:00:00.000Z", "2011-04-25T11:59:59.000Z"], "wnes_geometry": {"westBoundingCoordinate": -121, "eastBoundingCoordinate": -91, "northBoundingCoordinate": 43, "southBoundingCoordinate": 28}, "sizeMB": 54.65, "format": "Not provided"}, "wrfout_d02_2011-04-25_110000.GMI_LF.ORBITAL.TESTBED_TEL-SPHE.nc": {"temporal": ["2011-04-25T11:00:00.000Z", "2011-04-25T11:59:59.000Z"], "wnes_geometry": {"westBoundingCoordinate": -121, "eastBoundingCoordinate": -91, "northBoundingCoordinate": 43, "southBoundingCoordinate": 28}, "sizeMB": 1.6, "format": "Not provided"}, "wrfout_d02_2011-04-25_110000.GMI_HF.ORBITAL.TESTBED_TEL-SPHE.nc": {"temporal": ["2011-04-25T11:00:00.000Z", "2011-04-25T11:59:59.000Z"], "wnes_geometry": {"westBoundingCoordinate": -121, "eastBoundingCoordinate": -91, "northBoundingCoordinate": 43, "southBoundingCoordinate": 28}, "sizeMB": 1.11, "format": "Not provided"}, "wrfout_d02_2011-04-25_120000.DPR_Ku.ORBITAL.TESTBED_SPHE.nc": {"temporal": ["2011-04-25T12:00:00.000Z", "2011-04-25T12:59:59.000Z"], "wnes_geometry": {"westBoundingCoordinate": -121, "eastBoundingCoordinate": -91, "northBoundingCoordinate": 43, "southBoundingCoordinate": 28}, "sizeMB": 119.54, "format": "Not provided"}, "wrfout_d02_2011-04-25_120000.GMI_HF.ORBITAL.TESTBED_TEL-SPHE.nc": {"temporal": ["2011-04-25T12:00:00.000Z", "2011-04-25T12:59:59.000Z"], "wnes_geometry": {"westBoundingCoordinate": -121, "eastBoundingCoordinate": -91, "northBoundingCoordinate": 43, "southBoundingCoordinate": 28}, "sizeMB": 1.11, "format": "Not provided"}, "wrfout_d02_2011-04-25_120000.DPR_Ka_MA.ORBITAL.TESTBED_SPHE.nc": {"temporal": ["2011-04-25T12:00:00.000Z", "2011-04-25T12:59:59.000Z"], "wnes_geometry": {"westBoundingCoordinate": -121, "eastBoundingCoordinate": -91, "northBoundingCoordinate": 43, "southBoundingCoordinate": 28}, "sizeMB": 54.65, "format": "Not provided"}, "wrfout_d02_2011-04-25_120000.DPR_Ka_HS.ORBITAL.TESTBED_SPHE.nc": {"temporal": ["2011-04-25T12:00:00.000Z", "2011-04-25T12:59:59.000Z"], "wnes_geometry": {"westBoundingCoordinate": -121, "eastBoundingCoordinate": -91, "northBoundingCoordinate": 43, "southBoundingCoordinate": 28}, "sizeMB": 26.28, "format": "Not provided"}, "wrfout_d02_2011-04-25_120000.GMI_LF.ORBITAL.TESTBED_TEL-SPHE.nc": {"temporal": ["2011-04-25T12:00:00.000Z", "2011-04-25T12:59:59.000Z"], "wnes_geometry": {"westBoundingCoordinate": -121, "eastBoundingCoordinate": -91, "northBoundingCoordinate": 43, "southBoundingCoordinate": 28}, "sizeMB": 1.6, "format": "Not provided"}, "wrfout_d02_2011-04-25_130000.DPR_Ku.ORBITAL.TESTBED_SPHE.nc": {"temporal": ["2011-04-25T13:00:00.000Z", "2011-04-25T13:59:59.000Z"], "wnes_geometry": {"westBoundingCoordinate": -121, "eastBoundingCoordinate": -91, "northBoundingCoordinate": 43, "southBoundingCoordinate": 28}, "sizeMB": 119.54, "format": "Not provided"}, "wrfout_d02_2011-04-25_130000.DPR_Ka_HS.ORBITAL.TESTBED_SPHE.nc": {"temporal": ["2011-04-25T13:00:00.000Z", "2011-04-25T13:59:59.000Z"], "wnes_geometry": {"westBoundingCoordinate": -121, "eastBoundingCoordinate": -91, "northBoundingCoordinate": 43, "southBoundingCoordinate": 28}, "sizeMB": 26.28, "format": "Not provided"}, "wrfout_d02_2011-04-25_130000.GMI_HF.ORBITAL.TESTBED_TEL-SPHE.nc": {"temporal": ["2011-04-25T13:00:00.000Z", "2011-04-25T13:59:59.000Z"], "wnes_geometry": {"westBoundingCoordinate": -121, "eastBoundingCoordinate": -91, "northBoundingCoordinate": 43, "southBoundingCoordinate": 28}, "sizeMB": 1.11, "format": "Not provided"}, "wrfout_d02_2011-04-25_130000.GMI_LF.ORBITAL.TESTBED_TEL-SPHE.nc": {"temporal": ["2011-04-25T13:00:00.000Z", "2011-04-25T13:59:59.000Z"], "wnes_geometry": {"westBoundingCoordinate": -121, "eastBoundingCoordinate": -91, "northBoundingCoordinate": 43, "southBoundingCoordinate": 28}, "sizeMB": 1.6, "format": "Not provided"}, "wrfout_d02_2011-04-25_130000.DPR_Ka_MA.ORBITAL.TESTBED_SPHE.nc": {"temporal": ["2011-04-25T13:00:00.000Z", "2011-04-25T13:59:59.000Z"], "wnes_geometry": {"westBoundingCoordinate": -121, "eastBoundingCoordinate": -91, "northBoundingCoordinate": 43, "southBoundingCoordinate": 28}, "sizeMB": 54.65, "format": "Not provided"}, "wrfout_d02_2011-04-25_140000.DPR_Ka_HS.ORBITAL.TESTBED_SPHE.nc": {"temporal": ["2011-04-25T14:00:00.000Z", "2011-04-25T14:59:59.000Z"], "wnes_geometry": {"westBoundingCoordinate": -121, "eastBoundingCoordinate": -91, "northBoundingCoordinate": 43, "southBoundingCoordinate": 28}, "sizeMB": 26.28, "format": "Not provided"}, "wrfout_d02_2011-04-25_140000.DPR_Ka_MA.ORBITAL.TESTBED_SPHE.nc": {"temporal": ["2011-04-25T14:00:00.000Z", "2011-04-25T14:59:59.000Z"], "wnes_geometry": {"westBoundingCoordinate": -121, "eastBoundingCoordinate": -91, "northBoundingCoordinate": 43, "southBoundingCoordinate": 28}, "sizeMB": 54.65, "format": "Not provided"}, "wrfout_d02_2011-04-25_140000.GMI_HF.ORBITAL.TESTBED_TEL-SPHE.nc": {"temporal": ["2011-04-25T14:00:00.000Z", "2011-04-25T14:59:59.000Z"], "wnes_geometry": {"westBoundingCoordinate": -121, "eastBoundingCoordinate": -91, "northBoundingCoordinate": 43, "southBoundingCoordinate": 28}, "sizeMB": 1.11, "format": "Not provided"}, "wrfout_d02_2011-04-25_140000.GMI_LF.ORBITAL.TESTBED_TEL-SPHE.nc": {"temporal": ["2011-04-25T14:00:00.000Z", "2011-04-25T14:59:59.000Z"], "wnes_geometry": {"westBoundingCoordinate": -121, "eastBoundingCoordinate": -91, "northBoundingCoordinate": 43, "southBoundingCoordinate": 28}, "sizeMB": 1.6, "format": "Not provided"}, "wrfout_d02_2011-04-25_140000.DPR_Ku.ORBITAL.TESTBED_SPHE.nc": {"temporal": ["2011-04-25T14:00:00.000Z", "2011-04-25T14:59:59.000Z"], "wnes_geometry": {"westBoundingCoordinate": -121, "eastBoundingCoordinate": -91, "northBoundingCoordinate": 43, "southBoundingCoordinate": 28}, "sizeMB": 119.54, "format": "Not provided"}, "wrfout_d02_2011-04-25_150000.DPR_Ku.ORBITAL.TESTBED_SPHE.nc": {"temporal": ["2011-04-25T15:00:00.000Z", "2011-04-25T15:59:59.000Z"], "wnes_geometry": {"westBoundingCoordinate": -121, "eastBoundingCoordinate": -91, "northBoundingCoordinate": 43, "southBoundingCoordinate": 28}, "sizeMB": 119.54, "format": "Not provided"}, "wrfout_d02_2011-04-25_150000.GMI_HF.ORBITAL.TESTBED_TEL-SPHE.nc": {"temporal": ["2011-04-25T15:00:00.000Z", "2011-04-25T15:59:59.000Z"], "wnes_geometry": {"westBoundingCoordinate": -121, "eastBoundingCoordinate": -91, "northBoundingCoordinate": 43, "southBoundingCoordinate": 28}, "sizeMB": 1.11, "format": "Not provided"}, "wrfout_d02_2011-04-25_150000.GMI_LF.ORBITAL.TESTBED_TEL-SPHE.nc": {"temporal": ["2011-04-25T15:00:00.000Z", "2011-04-25T15:59:59.000Z"], "wnes_geometry": {"westBoundingCoordinate": -121, "eastBoundingCoordinate": -91, "northBoundingCoordinate": 43, "southBoundingCoordinate": 28}, "sizeMB": 1.6, "format": "Not provided"}, "wrfout_d02_2011-04-25_150000.DPR_Ka_HS.ORBITAL.TESTBED_SPHE.nc": {"temporal": ["2011-04-25T15:00:00.000Z", "2011-04-25T15:59:59.000Z"], "wnes_geometry": {"westBoundingCoordinate": -121, "eastBoundingCoordinate": -91, "northBoundingCoordinate": 43, "southBoundingCoordinate": 28}, "sizeMB": 26.28, "format": "Not provided"}, "wrfout_d02_2011-04-25_150000.DPR_Ka_MA.ORBITAL.TESTBED_SPHE.nc": {"temporal": ["2011-04-25T15:00:00.000Z", "2011-04-25T15:59:59.000Z"], "wnes_geometry": {"westBoundingCoordinate": -121, "eastBoundingCoordinate": -91, "northBoundingCoordinate": 43, "southBoundingCoordinate": 28}, "sizeMB": 54.65, "format": "Not provided"}, "wrfout_d02_2011-04-25_160000.DPR_Ku.ORBITAL.TESTBED_SPHE.nc": {"temporal": ["2011-04-25T16:00:00.000Z", "2011-04-25T16:59:59.000Z"], "wnes_geometry": {"westBoundingCoordinate": -121, "eastBoundingCoordinate": -91, "northBoundingCoordinate": 43, "southBoundingCoordinate": 28}, "sizeMB": 119.54, "format": "Not provided"}, "wrfout_d02_2011-04-25_160000.DPR_Ka_MA.ORBITAL.TESTBED_SPHE.nc": {"temporal": ["2011-04-25T16:00:00.000Z", "2011-04-25T16:59:59.000Z"], "wnes_geometry": {"westBoundingCoordinate": -121, "eastBoundingCoordinate": -91, "northBoundingCoordinate": 43, "southBoundingCoordinate": 28}, "sizeMB": 54.65, "format": "Not provided"}, "wrfout_d02_2011-04-25_160000.GMI_LF.ORBITAL.TESTBED_TEL-SPHE.nc": {"temporal": ["2011-04-25T16:00:00.000Z", "2011-04-25T16:59:59.000Z"], "wnes_geometry": {"westBoundingCoordinate": -121, "eastBoundingCoordinate": -91, "northBoundingCoordinate": 43, "southBoundingCoordinate": 28}, "sizeMB": 1.6, "format": "Not provided"}, "wrfout_d02_2011-04-25_160000.DPR_Ka_HS.ORBITAL.TESTBED_SPHE.nc": {"temporal": ["2011-04-25T16:00:00.000Z", "2011-04-25T16:59:59.000Z"], "wnes_geometry": {"westBoundingCoordinate": -121, "eastBoundingCoordinate": -91, "northBoundingCoordinate": 43, "southBoundingCoordinate": 28}, "sizeMB": 26.28, "format": "Not provided"}, "wrfout_d02_2011-04-25_160000.GMI_HF.ORBITAL.TESTBED_TEL-SPHE.nc": {"temporal": ["2011-04-25T16:00:00.000Z", "2011-04-25T16:59:59.000Z"], "wnes_geometry": {"westBoundingCoordinate": -121, "eastBoundingCoordinate": -91, "northBoundingCoordinate": 43, "southBoundingCoordinate": 28}, "sizeMB": 1.11, "format": "Not provided"}, "wrfout_d02_2011-04-25_170000.DPR_Ku.ORBITAL.TESTBED_SPHE.nc": {"temporal": ["2011-04-25T17:00:00.000Z", "2011-04-25T17:59:59.000Z"], "wnes_geometry": {"westBoundingCoordinate": -121, "eastBoundingCoordinate": -91, "northBoundingCoordinate": 43, "southBoundingCoordinate": 28}, "sizeMB": 119.54, "format": "Not provided"}, "wrfout_d02_2011-04-25_170000.GMI_HF.ORBITAL.TESTBED_TEL-SPHE.nc": {"temporal": ["2011-04-25T17:00:00.000Z", "2011-04-25T17:59:59.000Z"], "wnes_geometry": {"westBoundingCoordinate": -121, "eastBoundingCoordinate": -91, "northBoundingCoordinate": 43, "southBoundingCoordinate": 28}, "sizeMB": 1.11, "format": "Not provided"}, "wrfout_d02_2011-04-25_170000.DPR_Ka_MA.ORBITAL.TESTBED_SPHE.nc": {"temporal": ["2011-04-25T17:00:00.000Z", "2011-04-25T17:59:59.000Z"], "wnes_geometry": {"westBoundingCoordinate": -121, "eastBoundingCoordinate": -91, "northBoundingCoordinate": 43, "southBoundingCoordinate": 28}, "sizeMB": 54.65, "format": "Not provided"}, "wrfout_d02_2011-04-25_170000.DPR_Ka_HS.ORBITAL.TESTBED_SPHE.nc": {"temporal": ["2011-04-25T17:00:00.000Z", "2011-04-25T17:59:59.000Z"], "wnes_geometry": {"westBoundingCoordinate": -121, "eastBoundingCoordinate": -91, "northBoundingCoordinate": 43, "southBoundingCoordinate": 28}, "sizeMB": 26.28, "format": "Not provided"}, "wrfout_d02_2011-04-25_170000.GMI_LF.ORBITAL.TESTBED_TEL-SPHE.nc": {"temporal": ["2011-04-25T17:00:00.000Z", "2011-04-25T17:59:59.000Z"], "wnes_geometry": {"westBoundingCoordinate": -121, "eastBoundingCoordinate": -91, "northBoundingCoordinate": 43, "southBoundingCoordinate": 28}, "sizeMB": 1.6, "format": "Not provided"}, "wrfout_d02_2011-04-25_180000.GMI_LF.ORBITAL.TESTBED_TEL-SPHE.nc": {"temporal": ["2011-04-25T18:00:00.000Z", "2011-04-25T18:59:59.000Z"], "wnes_geometry": {"westBoundingCoordinate": -121, "eastBoundingCoordinate": -91, "northBoundingCoordinate": 43, "southBoundingCoordinate": 28}, "sizeMB": 1.6, "format": "Not provided"}, "wrfout_d02_2011-04-25_180000.DPR_Ka_HS.ORBITAL.TESTBED_SPHE.nc": {"temporal": ["2011-04-25T18:00:00.000Z", "2011-04-25T18:59:59.000Z"], "wnes_geometry": {"westBoundingCoordinate": -121, "eastBoundingCoordinate": -91, "northBoundingCoordinate": 43, "southBoundingCoordinate": 28}, "sizeMB": 26.28, "format": "Not provided"}, "wrfout_d02_2011-04-25_180000.GMI_HF.ORBITAL.TESTBED_TEL-SPHE.nc": {"temporal": ["2011-04-25T18:00:00.000Z", "2011-04-25T18:59:59.000Z"], "wnes_geometry": {"westBoundingCoordinate": -121, "eastBoundingCoordinate": -91, "northBoundingCoordinate": 43, "southBoundingCoordinate": 28}, "sizeMB": 1.11, "format": "Not provided"}, "wrfout_d02_2011-04-25_180000.DPR_Ku.ORBITAL.TESTBED_SPHE.nc": {"temporal": ["2011-04-25T18:00:00.000Z", "2011-04-25T18:59:59.000Z"], "wnes_geometry": {"westBoundingCoordinate": -121, "eastBoundingCoordinate": -91, "northBoundingCoordinate": 43, "southBoundingCoordinate": 28}, "sizeMB": 119.54, "format": "Not provided"}, "wrfout_d02_2011-04-25_180000.DPR_Ka_MA.ORBITAL.TESTBED_SPHE.nc": {"temporal": ["2011-04-25T18:00:00.000Z", "2011-04-25T18:59:59.000Z"], "wnes_geometry": {"westBoundingCoordinate": -121, "eastBoundingCoordinate": -91, "northBoundingCoordinate": 43, "southBoundingCoordinate": 28}, "sizeMB": 54.65, "format": "Not provided"}, "wrfout_d02_2011-04-25_190000.GMI_HF.ORBITAL.TESTBED_TEL-SPHE.nc": {"temporal": ["2011-04-25T19:00:00.000Z", "2011-04-25T19:59:59.000Z"], "wnes_geometry": {"westBoundingCoordinate": -121, "eastBoundingCoordinate": -91, "northBoundingCoordinate": 43, "southBoundingCoordinate": 28}, "sizeMB": 1.11, "format": "Not provided"}, "wrfout_d02_2011-04-25_190000.DPR_Ku.ORBITAL.TESTBED_SPHE.nc": {"temporal": ["2011-04-25T19:00:00.000Z", "2011-04-25T19:59:59.000Z"], "wnes_geometry": {"westBoundingCoordinate": -121, "eastBoundingCoordinate": -91, "northBoundingCoordinate": 43, "southBoundingCoordinate": 28}, "sizeMB": 119.54, "format": "Not provided"}, "wrfout_d02_2011-04-25_190000.DPR_Ka_HS.ORBITAL.TESTBED_SPHE.nc": {"temporal": ["2011-04-25T19:00:00.000Z", "2011-04-25T19:59:59.000Z"], "wnes_geometry": {"westBoundingCoordinate": -121, "eastBoundingCoordinate": -91, "northBoundingCoordinate": 43, "southBoundingCoordinate": 28}, "sizeMB": 26.28, "format": "Not provided"}, "wrfout_d02_2011-04-25_190000.GMI_LF.ORBITAL.TESTBED_TEL-SPHE.nc": {"temporal": ["2011-04-25T19:00:00.000Z", "2011-04-25T19:59:59.000Z"], "wnes_geometry": {"westBoundingCoordinate": -121, "eastBoundingCoordinate": -91, "northBoundingCoordinate": 43, "southBoundingCoordinate": 28}, "sizeMB": 1.6, "format": "Not provided"}, "wrfout_d02_2011-04-25_190000.DPR_Ka_MA.ORBITAL.TESTBED_SPHE.nc": {"temporal": ["2011-04-25T19:00:00.000Z", "2011-04-25T19:59:59.000Z"], "wnes_geometry": {"westBoundingCoordinate": -121, "eastBoundingCoordinate": -91, "northBoundingCoordinate": 43, "southBoundingCoordinate": 28}, "sizeMB": 54.65, "format": "Not provided"}, "wrfout_d02_2011-04-25_200000.GMI_HF.ORBITAL.TESTBED_TEL-SPHE.nc": {"temporal": ["2011-04-25T20:00:00.000Z", "2011-04-25T20:59:59.000Z"], "wnes_geometry": {"westBoundingCoordinate": -121, "eastBoundingCoordinate": -91, "northBoundingCoordinate": 43, "southBoundingCoordinate": 28}, "sizeMB": 1.11, "format": "Not provided"}, "wrfout_d02_2011-04-25_200000.DPR_Ka_HS.ORBITAL.TESTBED_SPHE.nc": {"temporal": ["2011-04-25T20:00:00.000Z", "2011-04-25T20:59:59.000Z"], "wnes_geometry": {"westBoundingCoordinate": -121, "eastBoundingCoordinate": -91, "northBoundingCoordinate": 43, "southBoundingCoordinate": 28}, "sizeMB": 26.28, "format": "Not provided"}, "wrfout_d02_2011-04-25_200000.DPR_Ka_MA.ORBITAL.TESTBED_SPHE.nc": {"temporal": ["2011-04-25T20:00:00.000Z", "2011-04-25T20:59:59.000Z"], "wnes_geometry": {"westBoundingCoordinate": -121, "eastBoundingCoordinate": -91, "northBoundingCoordinate": 43, "southBoundingCoordinate": 28}, "sizeMB": 54.65, "format": "Not provided"}, "wrfout_d02_2011-04-25_200000.DPR_Ku.ORBITAL.TESTBED_SPHE.nc": {"temporal": ["2011-04-25T20:00:00.000Z", "2011-04-25T20:59:59.000Z"], "wnes_geometry": {"westBoundingCoordinate": -121, "eastBoundingCoordinate": -91, "northBoundingCoordinate": 43, "southBoundingCoordinate": 28}, "sizeMB": 119.54, "format": "Not provided"}, "wrfout_d02_2011-04-25_200000.GMI_LF.ORBITAL.TESTBED_TEL-SPHE.nc": {"temporal": ["2011-04-25T20:00:00.000Z", "2011-04-25T20:59:59.000Z"], "wnes_geometry": {"westBoundingCoordinate": -121, "eastBoundingCoordinate": -91, "northBoundingCoordinate": 43, "southBoundingCoordinate": 28}, "sizeMB": 1.6, "format": "Not provided"}, "wrfout_d02_2011-04-25_210000.DPR_Ka_HS.ORBITAL.TESTBED_SPHE.nc": {"temporal": ["2011-04-25T21:00:00.000Z", "2011-04-25T21:59:59.000Z"], "wnes_geometry": {"westBoundingCoordinate": -121, "eastBoundingCoordinate": -91, "northBoundingCoordinate": 43, "southBoundingCoordinate": 28}, "sizeMB": 26.28, "format": "Not provided"}, "wrfout_d02_2011-04-25_210000.DPR_Ka_MA.ORBITAL.TESTBED_SPHE.nc": {"temporal": ["2011-04-25T21:00:00.000Z", "2011-04-25T21:59:59.000Z"], "wnes_geometry": {"westBoundingCoordinate": -121, "eastBoundingCoordinate": -91, "northBoundingCoordinate": 43, "southBoundingCoordinate": 28}, "sizeMB": 54.65, "format": "Not provided"}, "wrfout_d02_2011-04-25_210000.GMI_HF.ORBITAL.TESTBED_TEL-SPHE.nc": {"temporal": ["2011-04-25T21:00:00.000Z", "2011-04-25T21:59:59.000Z"], "wnes_geometry": {"westBoundingCoordinate": -121, "eastBoundingCoordinate": -91, "northBoundingCoordinate": 43, "southBoundingCoordinate": 28}, "sizeMB": 1.11, "format": "Not provided"}, "wrfout_d02_2011-04-25_210000.DPR_Ku.ORBITAL.TESTBED_SPHE.nc": {"temporal": ["2011-04-25T21:00:00.000Z", "2011-04-25T21:59:59.000Z"], "wnes_geometry": {"westBoundingCoordinate": -121, "eastBoundingCoordinate": -91, "northBoundingCoordinate": 43, "southBoundingCoordinate": 28}, "sizeMB": 119.54, "format": "Not provided"}, "wrfout_d02_2011-04-25_210000.GMI_LF.ORBITAL.TESTBED_TEL-SPHE.nc": {"temporal": ["2011-04-25T21:00:00.000Z", "2011-04-25T21:59:59.000Z"], "wnes_geometry": {"westBoundingCoordinate": -121, "eastBoundingCoordinate": -91, "northBoundingCoordinate": 43, "southBoundingCoordinate": 28}, "sizeMB": 1.6, "format": "Not provided"}, "wrfout_d02_2011-04-25_220000.DPR_Ka_HS.ORBITAL.TESTBED_SPHE.nc": {"temporal": ["2011-04-25T22:00:00.000Z", "2011-04-25T22:59:59.000Z"], "wnes_geometry": {"westBoundingCoordinate": -121, "eastBoundingCoordinate": -91, "northBoundingCoordinate": 43, "southBoundingCoordinate": 28}, "sizeMB": 26.28, "format": "Not provided"}, "wrfout_d02_2011-04-25_220000.GMI_HF.ORBITAL.TESTBED_TEL-SPHE.nc": {"temporal": ["2011-04-25T22:00:00.000Z", "2011-04-25T22:59:59.000Z"], "wnes_geometry": {"westBoundingCoordinate": -121, "eastBoundingCoordinate": -91, "northBoundingCoordinate": 43, "southBoundingCoordinate": 28}, "sizeMB": 1.11, "format": "Not provided"}, "wrfout_d02_2011-04-25_220000.DPR_Ku.ORBITAL.TESTBED_SPHE.nc": {"temporal": ["2011-04-25T22:00:00.000Z", "2011-04-25T22:59:59.000Z"], "wnes_geometry": {"westBoundingCoordinate": -121, "eastBoundingCoordinate": -91, "northBoundingCoordinate": 43, "southBoundingCoordinate": 28}, "sizeMB": 119.54, "format": "Not provided"}, "wrfout_d02_2011-04-25_220000.DPR_Ka_MA.ORBITAL.TESTBED_SPHE.nc": {"temporal": ["2011-04-25T22:00:00.000Z", "2011-04-25T22:59:59.000Z"], "wnes_geometry": {"westBoundingCoordinate": -121, "eastBoundingCoordinate": -91, "northBoundingCoordinate": 43, "southBoundingCoordinate": 28}, "sizeMB": 54.65, "format": "Not provided"}, "wrfout_d02_2011-04-25_220000.GMI_LF.ORBITAL.TESTBED_TEL-SPHE.nc": {"temporal": ["2011-04-25T22:00:00.000Z", "2011-04-25T22:59:59.000Z"], "wnes_geometry": {"westBoundingCoordinate": -121, "eastBoundingCoordinate": -91, "northBoundingCoordinate": 43, "southBoundingCoordinate": 28}, "sizeMB": 1.6, "format": "Not provided"}, "wrfout_d02_2011-04-25_230000.DPR_Ku.ORBITAL.TESTBED_SPHE.nc": {"temporal": ["2011-04-25T23:00:00.000Z", "2011-04-25T23:59:59.000Z"], "wnes_geometry": {"westBoundingCoordinate": -121, "eastBoundingCoordinate": -91, "northBoundingCoordinate": 43, "southBoundingCoordinate": 28}, "sizeMB": 119.54, "format": "Not provided"}, "wrfout_d02_2011-04-25_230000.DPR_Ka_HS.ORBITAL.TESTBED_SPHE.nc": {"temporal": ["2011-04-25T23:00:00.000Z", "2011-04-25T23:59:59.000Z"], "wnes_geometry": {"westBoundingCoordinate": -121, "eastBoundingCoordinate": -91, "northBoundingCoordinate": 43, "southBoundingCoordinate": 28}, "sizeMB": 26.28, "format": "Not provided"}, "wrfout_d02_2011-04-25_230000.GMI_LF.ORBITAL.TESTBED_TEL-SPHE.nc": {"temporal": ["2011-04-25T23:00:00.000Z", "2011-04-25T23:59:59.000Z"], "wnes_geometry": {"westBoundingCoordinate": -121, "eastBoundingCoordinate": -91, "northBoundingCoordinate": 43, "southBoundingCoordinate": 28}, "sizeMB": 1.6, "format": "Not provided"}, "wrfout_d02_2011-04-25_230000.DPR_Ka_MA.ORBITAL.TESTBED_SPHE.nc": {"temporal": ["2011-04-25T23:00:00.000Z", "2011-04-25T23:59:59.000Z"], "wnes_geometry": {"westBoundingCoordinate": -121, "eastBoundingCoordinate": -91, "northBoundingCoordinate": 43, "southBoundingCoordinate": 28}, "sizeMB": 54.65, "format": "Not provided"}, "wrfout_d02_2011-04-25_230000.GMI_HF.ORBITAL.TESTBED_TEL-SPHE.nc": {"temporal": ["2011-04-25T23:00:00.000Z", "2011-04-25T23:59:59.000Z"], "wnes_geometry": {"westBoundingCoordinate": -121, "eastBoundingCoordinate": -91, "northBoundingCoordinate": 43, "southBoundingCoordinate": 28}, "sizeMB": 1.11, "format": "Not provided"}, "wrfout_d02_2011-04-26_000000.DPR_Ku.ORBITAL.TESTBED_SPHE.nc": {"temporal": ["2011-04-26T00:00:00.000Z", "2011-04-26T00:59:59.000Z"], "wnes_geometry": {"westBoundingCoordinate": -121, "eastBoundingCoordinate": -91, "northBoundingCoordinate": 43, "southBoundingCoordinate": 28}, "sizeMB": 119.54, "format": "Not provided"}, "wrfout_d02_2011-04-26_000000.DPR_Ka_HS.ORBITAL.TESTBED_SPHE.nc": {"temporal": ["2011-04-26T00:00:00.000Z", "2011-04-26T00:59:59.000Z"], "wnes_geometry": {"westBoundingCoordinate": -121, "eastBoundingCoordinate": -91, "northBoundingCoordinate": 43, "southBoundingCoordinate": 28}, "sizeMB": 26.28, "format": "Not provided"}, "wrfout_d02_2011-04-26_000000.DPR_Ka_MA.ORBITAL.TESTBED_SPHE.nc": {"temporal": ["2011-04-26T00:00:00.000Z", "2011-04-26T00:59:59.000Z"], "wnes_geometry": {"westBoundingCoordinate": -121, "eastBoundingCoordinate": -91, "northBoundingCoordinate": 43, "southBoundingCoordinate": 28}, "sizeMB": 54.65, "format": "Not provided"}, "wrfout_d02_2011-04-26_000000.GMI_LF.ORBITAL.TESTBED_TEL-SPHE.nc": {"temporal": ["2011-04-26T00:00:00.000Z", "2011-04-26T00:59:59.000Z"], "wnes_geometry": {"westBoundingCoordinate": -121, "eastBoundingCoordinate": -91, "northBoundingCoordinate": 43, "southBoundingCoordinate": 28}, "sizeMB": 1.6, "format": "Not provided"}, "wrfout_d02_2011-04-26_000000.GMI_HF.ORBITAL.TESTBED_TEL-SPHE.nc": {"temporal": ["2011-04-26T00:00:00.000Z", "2011-04-26T00:59:59.000Z"], "wnes_geometry": {"westBoundingCoordinate": -121, "eastBoundingCoordinate": -91, "northBoundingCoordinate": 43, "southBoundingCoordinate": 28}, "sizeMB": 1.11, "format": "Not provided"}, "wrfout_d02_2011-05-20_000000.GMI_LF.ORBITAL.TESTBED_TEL-SPHE.nc": {"temporal": ["2011-05-20T00:00:00.000Z", "2011-05-20T00:59:59.000Z"], "wnes_geometry": {"westBoundingCoordinate": -121, "eastBoundingCoordinate": -91, "northBoundingCoordinate": 43, "southBoundingCoordinate": 28}, "sizeMB": 1.6, "format": "Not provided"}, "wrfout_d02_2011-05-20_000000.DPR_Ka_MA.ORBITAL.TESTBED_SPHE.nc": {"temporal": ["2011-05-20T00:00:00.000Z", "2011-05-20T00:59:59.000Z"], "wnes_geometry": {"westBoundingCoordinate": -121, "eastBoundingCoordinate": -91, "northBoundingCoordinate": 43, "southBoundingCoordinate": 28}, "sizeMB": 54.65, "format": "Not provided"}, "wrfout_d02_2011-05-20_000000.DPR_Ku.ORBITAL.TESTBED_SPHE.nc": {"temporal": ["2011-05-20T00:00:00.000Z", "2011-05-20T00:59:59.000Z"], "wnes_geometry": {"westBoundingCoordinate": -121, "eastBoundingCoordinate": -91, "northBoundingCoordinate": 43, "southBoundingCoordinate": 28}, "sizeMB": 119.54, "format": "Not provided"}, "wrfout_d02_2011-05-20_000000.GMI_HF.ORBITAL.TESTBED_TEL-SPHE.nc": {"temporal": ["2011-05-20T00:00:00.000Z", "2011-05-20T00:59:59.000Z"], "wnes_geometry": {"westBoundingCoordinate": -121, "eastBoundingCoordinate": -91, "northBoundingCoordinate": 43, "southBoundingCoordinate": 28}, "sizeMB": 1.11, "format": "Not provided"}, "wrfout_d02_2011-05-20_000000.DPR_Ka_HS.ORBITAL.TESTBED_SPHE.nc": {"temporal": ["2011-05-20T00:00:00.000Z", "2011-05-20T00:59:59.000Z"], "wnes_geometry": {"westBoundingCoordinate": -121, "eastBoundingCoordinate": -91, "northBoundingCoordinate": 43, "southBoundingCoordinate": 28}, "sizeMB": 26.28, "format": "Not provided"}, "wrfout_d02_2011-05-20_010000.DPR_Ka_MA.ORBITAL.TESTBED_SPHE.nc": {"temporal": ["2011-05-20T01:00:00.000Z", "2011-05-20T01:59:59.000Z"], "wnes_geometry": {"westBoundingCoordinate": -121, "eastBoundingCoordinate": -91, "northBoundingCoordinate": 43, "southBoundingCoordinate": 28}, "sizeMB": 54.65, "format": "Not provided"}, "wrfout_d02_2011-05-20_010000.GMI_HF.ORBITAL.TESTBED_TEL-SPHE.nc": {"temporal": ["2011-05-20T01:00:00.000Z", "2011-05-20T01:59:59.000Z"], "wnes_geometry": {"westBoundingCoordinate": -121, "eastBoundingCoordinate": -91, "northBoundingCoordinate": 43, "southBoundingCoordinate": 28}, "sizeMB": 1.11, "format": "Not provided"}, "wrfout_d02_2011-05-20_010000.DPR_Ku.ORBITAL.TESTBED_SPHE.nc": {"temporal": ["2011-05-20T01:00:00.000Z", "2011-05-20T01:59:59.000Z"], "wnes_geometry": {"westBoundingCoordinate": -121, "eastBoundingCoordinate": -91, "northBoundingCoordinate": 43, "southBoundingCoordinate": 28}, "sizeMB": 119.54, "format": "Not provided"}, "wrfout_d02_2011-05-20_010000.DPR_Ka_HS.ORBITAL.TESTBED_SPHE.nc": {"temporal": ["2011-05-20T01:00:00.000Z", "2011-05-20T01:59:59.000Z"], "wnes_geometry": {"westBoundingCoordinate": -121, "eastBoundingCoordinate": -91, "northBoundingCoordinate": 43, "southBoundingCoordinate": 28}, "sizeMB": 26.28, "format": "Not provided"}, "wrfout_d02_2011-05-20_010000.GMI_LF.ORBITAL.TESTBED_TEL-SPHE.nc": {"temporal": ["2011-05-20T01:00:00.000Z", "2011-05-20T01:59:59.000Z"], "wnes_geometry": {"westBoundingCoordinate": -121, "eastBoundingCoordinate": -91, "northBoundingCoordinate": 43, "southBoundingCoordinate": 28}, "sizeMB": 1.6, "format": "Not provided"}, "wrfout_d02_2011-05-20_020000.DPR_Ka_HS.ORBITAL.TESTBED_SPHE.nc": {"temporal": ["2011-05-20T02:00:00.000Z", "2011-05-20T02:59:59.000Z"], "wnes_geometry": {"westBoundingCoordinate": -121, "eastBoundingCoordinate": -91, "northBoundingCoordinate": 43, "southBoundingCoordinate": 28}, "sizeMB": 26.28, "format": "Not provided"}, "wrfout_d02_2011-05-20_020000.DPR_Ku.ORBITAL.TESTBED_SPHE.nc": {"temporal": ["2011-05-20T02:00:00.000Z", "2011-05-20T02:59:59.000Z"], "wnes_geometry": {"westBoundingCoordinate": -121, "eastBoundingCoordinate": -91, "northBoundingCoordinate": 43, "southBoundingCoordinate": 28}, "sizeMB": 119.54, "format": "Not provided"}, "wrfout_d02_2011-05-20_020000.GMI_HF.ORBITAL.TESTBED_TEL-SPHE.nc": {"temporal": ["2011-05-20T02:00:00.000Z", "2011-05-20T02:59:59.000Z"], "wnes_geometry": {"westBoundingCoordinate": -121, "eastBoundingCoordinate": -91, "northBoundingCoordinate": 43, "southBoundingCoordinate": 28}, "sizeMB": 1.11, "format": "Not provided"}, "wrfout_d02_2011-05-20_020000.GMI_LF.ORBITAL.TESTBED_TEL-SPHE.nc": {"temporal": ["2011-05-20T02:00:00.000Z", "2011-05-20T02:59:59.000Z"], "wnes_geometry": {"westBoundingCoordinate": -121, "eastBoundingCoordinate": -91, "northBoundingCoordinate": 43, "southBoundingCoordinate": 28}, "sizeMB": 1.6, "format": "Not provided"}, "wrfout_d02_2011-05-20_020000.DPR_Ka_MA.ORBITAL.TESTBED_SPHE.nc": {"temporal": ["2011-05-20T02:00:00.000Z", "2011-05-20T02:59:59.000Z"], "wnes_geometry": {"westBoundingCoordinate": -121, "eastBoundingCoordinate": -91, "northBoundingCoordinate": 43, "southBoundingCoordinate": 28}, "sizeMB": 54.65, "format": "Not provided"}, "wrfout_d02_2011-05-20_030000.DPR_Ka_HS.ORBITAL.TESTBED_SPHE.nc": {"temporal": ["2011-05-20T03:00:00.000Z", "2011-05-20T03:59:59.000Z"], "wnes_geometry": {"westBoundingCoordinate": -121, "eastBoundingCoordinate": -91, "northBoundingCoordinate": 43, "southBoundingCoordinate": 28}, "sizeMB": 26.28, "format": "Not provided"}, "wrfout_d02_2011-05-20_030000.DPR_Ka_MA.ORBITAL.TESTBED_SPHE.nc": {"temporal": ["2011-05-20T03:00:00.000Z", "2011-05-20T03:59:59.000Z"], "wnes_geometry": {"westBoundingCoordinate": -121, "eastBoundingCoordinate": -91, "northBoundingCoordinate": 43, "southBoundingCoordinate": 28}, "sizeMB": 54.65, "format": "Not provided"}, "wrfout_d02_2011-05-20_030000.DPR_Ku.ORBITAL.TESTBED_SPHE.nc": {"temporal": ["2011-05-20T03:00:00.000Z", "2011-05-20T03:59:59.000Z"], "wnes_geometry": {"westBoundingCoordinate": -121, "eastBoundingCoordinate": -91, "northBoundingCoordinate": 43, "southBoundingCoordinate": 28}, "sizeMB": 119.54, "format": "Not provided"}, "wrfout_d02_2011-05-20_030000.GMI_HF.ORBITAL.TESTBED_TEL-SPHE.nc": {"temporal": ["2011-05-20T03:00:00.000Z", "2011-05-20T03:59:59.000Z"], "wnes_geometry": {"westBoundingCoordinate": -121, "eastBoundingCoordinate": -91, "northBoundingCoordinate": 43, "southBoundingCoordinate": 28}, "sizeMB": 1.11, "format": "Not provided"}, "wrfout_d02_2011-05-20_030000.GMI_LF.ORBITAL.TESTBED_TEL-SPHE.nc": {"temporal": ["2011-05-20T03:00:00.000Z", "2011-05-20T03:59:59.000Z"], "wnes_geometry": {"westBoundingCoordinate": -121, "eastBoundingCoordinate": -91, "northBoundingCoordinate": 43, "southBoundingCoordinate": 28}, "sizeMB": 1.6, "format": "Not provided"}, "wrfout_d02_2011-05-20_040000.DPR_Ku.ORBITAL.TESTBED_SPHE.nc": {"temporal": ["2011-05-20T04:00:00.000Z", "2011-05-20T04:59:59.000Z"], "wnes_geometry": {"westBoundingCoordinate": -121, "eastBoundingCoordinate": -91, "northBoundingCoordinate": 43, "southBoundingCoordinate": 28}, "sizeMB": 119.54, "format": "Not provided"}, "wrfout_d02_2011-05-20_040000.DPR_Ka_MA.ORBITAL.TESTBED_SPHE.nc": {"temporal": ["2011-05-20T04:00:00.000Z", "2011-05-20T04:59:59.000Z"], "wnes_geometry": {"westBoundingCoordinate": -121, "eastBoundingCoordinate": -91, "northBoundingCoordinate": 43, "southBoundingCoordinate": 28}, "sizeMB": 54.65, "format": "Not provided"}, "wrfout_d02_2011-05-20_040000.GMI_LF.ORBITAL.TESTBED_TEL-SPHE.nc": {"temporal": ["2011-05-20T04:00:00.000Z", "2011-05-20T04:59:59.000Z"], "wnes_geometry": {"westBoundingCoordinate": -121, "eastBoundingCoordinate": -91, "northBoundingCoordinate": 43, "southBoundingCoordinate": 28}, "sizeMB": 1.6, "format": "Not provided"}, "wrfout_d02_2011-05-20_040000.DPR_Ka_HS.ORBITAL.TESTBED_SPHE.nc": {"temporal": ["2011-05-20T04:00:00.000Z", "2011-05-20T04:59:59.000Z"], "wnes_geometry": {"westBoundingCoordinate": -121, "eastBoundingCoordinate": -91, "northBoundingCoordinate": 43, "southBoundingCoordinate": 28}, "sizeMB": 26.28, "format": "Not provided"}, "wrfout_d02_2011-05-20_040000.GMI_HF.ORBITAL.TESTBED_TEL-SPHE.nc": {"temporal": ["2011-05-20T04:00:00.000Z", "2011-05-20T04:59:59.000Z"], "wnes_geometry": {"westBoundingCoordinate": -121, "eastBoundingCoordinate": -91, "northBoundingCoordinate": 43, "southBoundingCoordinate": 28}, "sizeMB": 1.11, "format": "Not provided"}, "wrfout_d02_2011-05-20_050000.DPR_Ka_HS.ORBITAL.TESTBED_SPHE.nc": {"temporal": ["2011-05-20T05:00:00.000Z", "2011-05-20T05:59:59.000Z"], "wnes_geometry": {"westBoundingCoordinate": -121, "eastBoundingCoordinate": -91, "northBoundingCoordinate": 43, "southBoundingCoordinate": 28}, "sizeMB": 26.28, "format": "Not provided"}, "wrfout_d02_2011-05-20_050000.GMI_HF.ORBITAL.TESTBED_TEL-SPHE.nc": {"temporal": ["2011-05-20T05:00:00.000Z", "2011-05-20T05:59:59.000Z"], "wnes_geometry": {"westBoundingCoordinate": -121, "eastBoundingCoordinate": -91, "northBoundingCoordinate": 43, "southBoundingCoordinate": 28}, "sizeMB": 1.11, "format": "Not provided"}, "wrfout_d02_2011-05-20_050000.DPR_Ku.ORBITAL.TESTBED_SPHE.nc": {"temporal": ["2011-05-20T05:00:00.000Z", "2011-05-20T05:59:59.000Z"], "wnes_geometry": {"westBoundingCoordinate": -121, "eastBoundingCoordinate": -91, "northBoundingCoordinate": 43, "southBoundingCoordinate": 28}, "sizeMB": 119.54, "format": "Not provided"}, "wrfout_d02_2011-05-20_050000.DPR_Ka_MA.ORBITAL.TESTBED_SPHE.nc": {"temporal": ["2011-05-20T05:00:00.000Z", "2011-05-20T05:59:59.000Z"], "wnes_geometry": {"westBoundingCoordinate": -121, "eastBoundingCoordinate": -91, "northBoundingCoordinate": 43, "southBoundingCoordinate": 28}, "sizeMB": 54.65, "format": "Not provided"}, "wrfout_d02_2011-05-20_050000.GMI_LF.ORBITAL.TESTBED_TEL-SPHE.nc": {"temporal": ["2011-05-20T05:00:00.000Z", "2011-05-20T05:59:59.000Z"], "wnes_geometry": {"westBoundingCoordinate": -121, "eastBoundingCoordinate": -91, "northBoundingCoordinate": 43, "southBoundingCoordinate": 28}, "sizeMB": 1.6, "format": "Not provided"}, "wrfout_d02_2011-05-20_060000.DPR_Ka_MA.ORBITAL.TESTBED_SPHE.nc": {"temporal": ["2011-05-20T06:00:00.000Z", "2011-05-20T06:59:59.000Z"], "wnes_geometry": {"westBoundingCoordinate": -121, "eastBoundingCoordinate": -91, "northBoundingCoordinate": 43, "southBoundingCoordinate": 28}, "sizeMB": 54.65, "format": "Not provided"}, "wrfout_d02_2011-05-20_060000.DPR_Ka_HS.ORBITAL.TESTBED_SPHE.nc": {"temporal": ["2011-05-20T06:00:00.000Z", "2011-05-20T06:59:59.000Z"], "wnes_geometry": {"westBoundingCoordinate": -121, "eastBoundingCoordinate": -91, "northBoundingCoordinate": 43, "southBoundingCoordinate": 28}, "sizeMB": 26.28, "format": "Not provided"}, "wrfout_d02_2011-05-20_060000.DPR_Ku.ORBITAL.TESTBED_SPHE.nc": {"temporal": ["2011-05-20T06:00:00.000Z", "2011-05-20T06:59:59.000Z"], "wnes_geometry": {"westBoundingCoordinate": -121, "eastBoundingCoordinate": -91, "northBoundingCoordinate": 43, "southBoundingCoordinate": 28}, "sizeMB": 119.54, "format": "Not provided"}, "wrfout_d02_2011-05-20_060000.GMI_HF.ORBITAL.TESTBED_TEL-SPHE.nc": {"temporal": ["2011-05-20T06:00:00.000Z", "2011-05-20T06:59:59.000Z"], "wnes_geometry": {"westBoundingCoordinate": -121, "eastBoundingCoordinate": -91, "northBoundingCoordinate": 43, "southBoundingCoordinate": 28}, "sizeMB": 1.11, "format": "Not provided"}, "wrfout_d02_2011-05-20_060000.GMI_LF.ORBITAL.TESTBED_TEL-SPHE.nc": {"temporal": ["2011-05-20T06:00:00.000Z", "2011-05-20T06:59:59.000Z"], "wnes_geometry": {"westBoundingCoordinate": -121, "eastBoundingCoordinate": -91, "northBoundingCoordinate": 43, "southBoundingCoordinate": 28}, "sizeMB": 1.6, "format": "Not provided"}, "wrfout_d02_2011-05-20_070000.GMI_LF.ORBITAL.TESTBED_TEL-SPHE.nc": {"temporal": ["2011-05-20T07:00:00.000Z", "2011-05-20T07:59:59.000Z"], "wnes_geometry": {"westBoundingCoordinate": -121, "eastBoundingCoordinate": -91, "northBoundingCoordinate": 43, "southBoundingCoordinate": 28}, "sizeMB": 1.6, "format": "Not provided"}, "wrfout_d02_2011-05-20_070000.DPR_Ka_HS.ORBITAL.TESTBED_SPHE.nc": {"temporal": ["2011-05-20T07:00:00.000Z", "2011-05-20T07:59:59.000Z"], "wnes_geometry": {"westBoundingCoordinate": -121, "eastBoundingCoordinate": -91, "northBoundingCoordinate": 43, "southBoundingCoordinate": 28}, "sizeMB": 26.28, "format": "Not provided"}, "wrfout_d02_2011-05-20_070000.GMI_HF.ORBITAL.TESTBED_TEL-SPHE.nc": {"temporal": ["2011-05-20T07:00:00.000Z", "2011-05-20T07:59:59.000Z"], "wnes_geometry": {"westBoundingCoordinate": -121, "eastBoundingCoordinate": -91, "northBoundingCoordinate": 43, "southBoundingCoordinate": 28}, "sizeMB": 1.11, "format": "Not provided"}, "wrfout_d02_2011-05-20_070000.DPR_Ku.ORBITAL.TESTBED_SPHE.nc": {"temporal": ["2011-05-20T07:00:00.000Z", "2011-05-20T07:59:59.000Z"], "wnes_geometry": {"westBoundingCoordinate": -121, "eastBoundingCoordinate": -91, "northBoundingCoordinate": 43, "southBoundingCoordinate": 28}, "sizeMB": 119.54, "format": "Not provided"}, "wrfout_d02_2011-05-20_070000.DPR_Ka_MA.ORBITAL.TESTBED_SPHE.nc": {"temporal": ["2011-05-20T07:00:00.000Z", "2011-05-20T07:59:59.000Z"], "wnes_geometry": {"westBoundingCoordinate": -121, "eastBoundingCoordinate": -91, "northBoundingCoordinate": 43, "southBoundingCoordinate": 28}, "sizeMB": 54.65, "format": "Not provided"}, "wrfout_d02_2011-05-20_080000.GMI_LF.ORBITAL.TESTBED_TEL-SPHE.nc": {"temporal": ["2011-05-20T08:00:00.000Z", "2011-05-20T08:59:59.000Z"], "wnes_geometry": {"westBoundingCoordinate": -121, "eastBoundingCoordinate": -91, "northBoundingCoordinate": 43, "southBoundingCoordinate": 28}, "sizeMB": 1.6, "format": "Not provided"}, "wrfout_d02_2011-05-20_080000.DPR_Ka_MA.ORBITAL.TESTBED_SPHE.nc": {"temporal": ["2011-05-20T08:00:00.000Z", "2011-05-20T08:59:59.000Z"], "wnes_geometry": {"westBoundingCoordinate": -121, "eastBoundingCoordinate": -91, "northBoundingCoordinate": 43, "southBoundingCoordinate": 28}, "sizeMB": 54.65, "format": "Not provided"}, "wrfout_d02_2011-05-20_080000.DPR_Ku.ORBITAL.TESTBED_SPHE.nc": {"temporal": ["2011-05-20T08:00:00.000Z", "2011-05-20T08:59:59.000Z"], "wnes_geometry": {"westBoundingCoordinate": -121, "eastBoundingCoordinate": -91, "northBoundingCoordinate": 43, "southBoundingCoordinate": 28}, "sizeMB": 119.54, "format": "Not provided"}, "wrfout_d02_2011-05-20_080000.GMI_HF.ORBITAL.TESTBED_TEL-SPHE.nc": {"temporal": ["2011-05-20T08:00:00.000Z", "2011-05-20T08:59:59.000Z"], "wnes_geometry": {"westBoundingCoordinate": -121, "eastBoundingCoordinate": -91, "northBoundingCoordinate": 43, "southBoundingCoordinate": 28}, "sizeMB": 1.11, "format": "Not provided"}, "wrfout_d02_2011-05-20_080000.DPR_Ka_HS.ORBITAL.TESTBED_SPHE.nc": {"temporal": ["2011-05-20T08:00:00.000Z", "2011-05-20T08:59:59.000Z"], "wnes_geometry": {"westBoundingCoordinate": -121, "eastBoundingCoordinate": -91, "northBoundingCoordinate": 43, "southBoundingCoordinate": 28}, "sizeMB": 26.28, "format": "Not provided"}, "wrfout_d02_2011-05-20_090000.DPR_Ka_HS.ORBITAL.TESTBED_SPHE.nc": {"temporal": ["2011-05-20T09:00:00.000Z", "2011-05-20T09:59:59.000Z"], "wnes_geometry": {"westBoundingCoordinate": -121, "eastBoundingCoordinate": -91, "northBoundingCoordinate": 43, "southBoundingCoordinate": 28}, "sizeMB": 26.28, "format": "Not provided"}, "wrfout_d02_2011-05-20_090000.GMI_HF.ORBITAL.TESTBED_TEL-SPHE.nc": {"temporal": ["2011-05-20T09:00:00.000Z", "2011-05-20T09:59:59.000Z"], "wnes_geometry": {"westBoundingCoordinate": -121, "eastBoundingCoordinate": -91, "northBoundingCoordinate": 43, "southBoundingCoordinate": 28}, "sizeMB": 1.11, "format": "Not provided"}, "wrfout_d02_2011-05-20_090000.DPR_Ka_MA.ORBITAL.TESTBED_SPHE.nc": {"temporal": ["2011-05-20T09:00:00.000Z", "2011-05-20T09:59:59.000Z"], "wnes_geometry": {"westBoundingCoordinate": -121, "eastBoundingCoordinate": -91, "northBoundingCoordinate": 43, "southBoundingCoordinate": 28}, "sizeMB": 54.65, "format": "Not provided"}, "wrfout_d02_2011-05-20_090000.DPR_Ku.ORBITAL.TESTBED_SPHE.nc": {"temporal": ["2011-05-20T09:00:00.000Z", "2011-05-20T09:59:59.000Z"], "wnes_geometry": {"westBoundingCoordinate": -121, "eastBoundingCoordinate": -91, "northBoundingCoordinate": 43, "southBoundingCoordinate": 28}, "sizeMB": 119.54, "format": "Not provided"}, "wrfout_d02_2011-05-20_090000.GMI_LF.ORBITAL.TESTBED_TEL-SPHE.nc": {"temporal": ["2011-05-20T09:00:00.000Z", "2011-05-20T09:59:59.000Z"], "wnes_geometry": {"westBoundingCoordinate": -121, "eastBoundingCoordinate": -91, "northBoundingCoordinate": 43, "southBoundingCoordinate": 28}, "sizeMB": 1.6, "format": "Not provided"}, "wrfout_d02_2011-05-20_100000.GMI_HF.ORBITAL.TESTBED_TEL-SPHE.nc": {"temporal": ["2011-05-20T10:00:00.000Z", "2011-05-20T10:59:59.000Z"], "wnes_geometry": {"westBoundingCoordinate": -121, "eastBoundingCoordinate": -91, "northBoundingCoordinate": 43, "southBoundingCoordinate": 28}, "sizeMB": 1.11, "format": "Not provided"}, "wrfout_d02_2011-05-20_100000.DPR_Ka_MA.ORBITAL.TESTBED_SPHE.nc": {"temporal": ["2011-05-20T10:00:00.000Z", "2011-05-20T10:59:59.000Z"], "wnes_geometry": {"westBoundingCoordinate": -121, "eastBoundingCoordinate": -91, "northBoundingCoordinate": 43, "southBoundingCoordinate": 28}, "sizeMB": 54.65, "format": "Not provided"}, "wrfout_d02_2011-05-20_100000.DPR_Ka_HS.ORBITAL.TESTBED_SPHE.nc": {"temporal": ["2011-05-20T10:00:00.000Z", "2011-05-20T10:59:59.000Z"], "wnes_geometry": {"westBoundingCoordinate": -121, "eastBoundingCoordinate": -91, "northBoundingCoordinate": 43, "southBoundingCoordinate": 28}, "sizeMB": 26.28, "format": "Not provided"}, "wrfout_d02_2011-05-20_100000.DPR_Ku.ORBITAL.TESTBED_SPHE.nc": {"temporal": ["2011-05-20T10:00:00.000Z", "2011-05-20T10:59:59.000Z"], "wnes_geometry": {"westBoundingCoordinate": -121, "eastBoundingCoordinate": -91, "northBoundingCoordinate": 43, "southBoundingCoordinate": 28}, "sizeMB": 119.54, "format": "Not provided"}, "wrfout_d02_2011-05-20_100000.GMI_LF.ORBITAL.TESTBED_TEL-SPHE.nc": {"temporal": ["2011-05-20T10:00:00.000Z", "2011-05-20T10:59:59.000Z"], "wnes_geometry": {"westBoundingCoordinate": -121, "eastBoundingCoordinate": -91, "northBoundingCoordinate": 43, "southBoundingCoordinate": 28}, "sizeMB": 1.6, "format": "Not provided"}, "wrfout_d02_2011-05-20_110000.DPR_Ka_MA.ORBITAL.TESTBED_SPHE.nc": {"temporal": ["2011-05-20T11:00:00.000Z", "2011-05-20T11:59:59.000Z"], "wnes_geometry": {"westBoundingCoordinate": -121, "eastBoundingCoordinate": -91, "northBoundingCoordinate": 43, "southBoundingCoordinate": 28}, "sizeMB": 54.65, "format": "Not provided"}, "wrfout_d02_2011-05-20_110000.GMI_HF.ORBITAL.TESTBED_TEL-SPHE.nc": {"temporal": ["2011-05-20T11:00:00.000Z", "2011-05-20T11:59:59.000Z"], "wnes_geometry": {"westBoundingCoordinate": -121, "eastBoundingCoordinate": -91, "northBoundingCoordinate": 43, "southBoundingCoordinate": 28}, "sizeMB": 1.11, "format": "Not provided"}, "wrfout_d02_2011-05-20_110000.DPR_Ku.ORBITAL.TESTBED_SPHE.nc": {"temporal": ["2011-05-20T11:00:00.000Z", "2011-05-20T11:59:59.000Z"], "wnes_geometry": {"westBoundingCoordinate": -121, "eastBoundingCoordinate": -91, "northBoundingCoordinate": 43, "southBoundingCoordinate": 28}, "sizeMB": 119.54, "format": "Not provided"}, "wrfout_d02_2011-05-20_110000.DPR_Ka_HS.ORBITAL.TESTBED_SPHE.nc": {"temporal": ["2011-05-20T11:00:00.000Z", "2011-05-20T11:59:59.000Z"], "wnes_geometry": {"westBoundingCoordinate": -121, "eastBoundingCoordinate": -91, "northBoundingCoordinate": 43, "southBoundingCoordinate": 28}, "sizeMB": 26.28, "format": "Not provided"}, "wrfout_d02_2011-05-20_110000.GMI_LF.ORBITAL.TESTBED_TEL-SPHE.nc": {"temporal": ["2011-05-20T11:00:00.000Z", "2011-05-20T11:59:59.000Z"], "wnes_geometry": {"westBoundingCoordinate": -121, "eastBoundingCoordinate": -91, "northBoundingCoordinate": 43, "southBoundingCoordinate": 28}, "sizeMB": 1.6, "format": "Not provided"}, "wrfout_d02_2011-05-20_120000.DPR_Ku.ORBITAL.TESTBED_SPHE.nc": {"temporal": ["2011-05-20T12:00:00.000Z", "2011-05-20T12:59:59.000Z"], "wnes_geometry": {"westBoundingCoordinate": -121, "eastBoundingCoordinate": -91, "northBoundingCoordinate": 43, "southBoundingCoordinate": 28}, "sizeMB": 119.54, "format": "Not provided"}, "wrfout_d02_2011-05-20_120000.DPR_Ka_HS.ORBITAL.TESTBED_SPHE.nc": {"temporal": ["2011-05-20T12:00:00.000Z", "2011-05-20T12:59:59.000Z"], "wnes_geometry": {"westBoundingCoordinate": -121, "eastBoundingCoordinate": -91, "northBoundingCoordinate": 43, "southBoundingCoordinate": 28}, "sizeMB": 26.28, "format": "Not provided"}, "wrfout_d02_2011-05-20_120000.GMI_LF.ORBITAL.TESTBED_TEL-SPHE.nc": {"temporal": ["2011-05-20T12:00:00.000Z", "2011-05-20T12:59:59.000Z"], "wnes_geometry": {"westBoundingCoordinate": -121, "eastBoundingCoordinate": -91, "northBoundingCoordinate": 43, "southBoundingCoordinate": 28}, "sizeMB": 1.6, "format": "Not provided"}, "wrfout_d02_2011-05-20_120000.GMI_HF.ORBITAL.TESTBED_TEL-SPHE.nc": {"temporal": ["2011-05-20T12:00:00.000Z", "2011-05-20T12:59:59.000Z"], "wnes_geometry": {"westBoundingCoordinate": -121, "eastBoundingCoordinate": -91, "northBoundingCoordinate": 43, "southBoundingCoordinate": 28}, "sizeMB": 1.11, "format": "Not provided"}, "wrfout_d02_2011-05-20_120000.DPR_Ka_MA.ORBITAL.TESTBED_SPHE.nc": {"temporal": ["2011-05-20T12:00:00.000Z", "2011-05-20T12:59:59.000Z"], "wnes_geometry": {"westBoundingCoordinate": -121, "eastBoundingCoordinate": -91, "northBoundingCoordinate": 43, "southBoundingCoordinate": 28}, "sizeMB": 54.65, "format": "Not provided"}, "wrfout_d02_2011-05-20_130000.DPR_Ka_MA.ORBITAL.TESTBED_SPHE.nc": {"temporal": ["2011-05-20T13:00:00.000Z", "2011-05-20T13:59:59.000Z"], "wnes_geometry": {"westBoundingCoordinate": -121, "eastBoundingCoordinate": -91, "northBoundingCoordinate": 43, "southBoundingCoordinate": 28}, "sizeMB": 54.65, "format": "Not provided"}, "wrfout_d02_2011-05-20_130000.GMI_HF.ORBITAL.TESTBED_TEL-SPHE.nc": {"temporal": ["2011-05-20T13:00:00.000Z", "2011-05-20T13:59:59.000Z"], "wnes_geometry": {"westBoundingCoordinate": -121, "eastBoundingCoordinate": -91, "northBoundingCoordinate": 43, "southBoundingCoordinate": 28}, "sizeMB": 1.11, "format": "Not provided"}, "wrfout_d02_2011-05-20_130000.GMI_LF.ORBITAL.TESTBED_TEL-SPHE.nc": {"temporal": ["2011-05-20T13:00:00.000Z", "2011-05-20T13:59:59.000Z"], "wnes_geometry": {"westBoundingCoordinate": -121, "eastBoundingCoordinate": -91, "northBoundingCoordinate": 43, "southBoundingCoordinate": 28}, "sizeMB": 1.6, "format": "Not provided"}, "wrfout_d02_2011-05-20_130000.DPR_Ka_HS.ORBITAL.TESTBED_SPHE.nc": {"temporal": ["2011-05-20T13:00:00.000Z", "2011-05-20T13:59:59.000Z"], "wnes_geometry": {"westBoundingCoordinate": -121, "eastBoundingCoordinate": -91, "northBoundingCoordinate": 43, "southBoundingCoordinate": 28}, "sizeMB": 26.28, "format": "Not provided"}, "wrfout_d02_2011-05-20_130000.DPR_Ku.ORBITAL.TESTBED_SPHE.nc": {"temporal": ["2011-05-20T13:00:00.000Z", "2011-05-20T13:59:59.000Z"], "wnes_geometry": {"westBoundingCoordinate": -121, "eastBoundingCoordinate": -91, "northBoundingCoordinate": 43, "southBoundingCoordinate": 28}, "sizeMB": 119.54, "format": "Not provided"}, "wrfout_d02_2011-05-20_140000.GMI_LF.ORBITAL.TESTBED_TEL-SPHE.nc": {"temporal": ["2011-05-20T14:00:00.000Z", "2011-05-20T14:59:59.000Z"], "wnes_geometry": {"westBoundingCoordinate": -121, "eastBoundingCoordinate": -91, "northBoundingCoordinate": 43, "southBoundingCoordinate": 28}, "sizeMB": 1.6, "format": "Not provided"}, "wrfout_d02_2011-05-20_140000.DPR_Ka_HS.ORBITAL.TESTBED_SPHE.nc": {"temporal": ["2011-05-20T14:00:00.000Z", "2011-05-20T14:59:59.000Z"], "wnes_geometry": {"westBoundingCoordinate": -121, "eastBoundingCoordinate": -91, "northBoundingCoordinate": 43, "southBoundingCoordinate": 28}, "sizeMB": 26.28, "format": "Not provided"}, "wrfout_d02_2011-05-20_140000.DPR_Ka_MA.ORBITAL.TESTBED_SPHE.nc": {"temporal": ["2011-05-20T14:00:00.000Z", "2011-05-20T14:59:59.000Z"], "wnes_geometry": {"westBoundingCoordinate": -121, "eastBoundingCoordinate": -91, "northBoundingCoordinate": 43, "southBoundingCoordinate": 28}, "sizeMB": 54.65, "format": "Not provided"}, "wrfout_d02_2011-05-20_140000.GMI_HF.ORBITAL.TESTBED_TEL-SPHE.nc": {"temporal": ["2011-05-20T14:00:00.000Z", "2011-05-20T14:59:59.000Z"], "wnes_geometry": {"westBoundingCoordinate": -121, "eastBoundingCoordinate": -91, "northBoundingCoordinate": 43, "southBoundingCoordinate": 28}, "sizeMB": 1.11, "format": "Not provided"}, "wrfout_d02_2011-05-20_140000.DPR_Ku.ORBITAL.TESTBED_SPHE.nc": {"temporal": ["2011-05-20T14:00:00.000Z", "2011-05-20T14:59:59.000Z"], "wnes_geometry": {"westBoundingCoordinate": -121, "eastBoundingCoordinate": -91, "northBoundingCoordinate": 43, "southBoundingCoordinate": 28}, "sizeMB": 119.54, "format": "Not provided"}, "wrfout_d02_2011-05-20_150000.GMI_LF.ORBITAL.TESTBED_TEL-SPHE.nc": {"temporal": ["2011-05-20T15:00:00.000Z", "2011-05-20T15:59:59.000Z"], "wnes_geometry": {"westBoundingCoordinate": -121, "eastBoundingCoordinate": -91, "northBoundingCoordinate": 43, "southBoundingCoordinate": 28}, "sizeMB": 1.6, "format": "Not provided"}, "wrfout_d02_2011-05-20_150000.GMI_HF.ORBITAL.TESTBED_TEL-SPHE.nc": {"temporal": ["2011-05-20T15:00:00.000Z", "2011-05-20T15:59:59.000Z"], "wnes_geometry": {"westBoundingCoordinate": -121, "eastBoundingCoordinate": -91, "northBoundingCoordinate": 43, "southBoundingCoordinate": 28}, "sizeMB": 1.11, "format": "Not provided"}, "wrfout_d02_2011-05-20_150000.DPR_Ka_MA.ORBITAL.TESTBED_SPHE.nc": {"temporal": ["2011-05-20T15:00:00.000Z", "2011-05-20T15:59:59.000Z"], "wnes_geometry": {"westBoundingCoordinate": -121, "eastBoundingCoordinate": -91, "northBoundingCoordinate": 43, "southBoundingCoordinate": 28}, "sizeMB": 54.65, "format": "Not provided"}, "wrfout_d02_2011-05-20_150000.DPR_Ku.ORBITAL.TESTBED_SPHE.nc": {"temporal": ["2011-05-20T15:00:00.000Z", "2011-05-20T15:59:59.000Z"], "wnes_geometry": {"westBoundingCoordinate": -121, "eastBoundingCoordinate": -91, "northBoundingCoordinate": 43, "southBoundingCoordinate": 28}, "sizeMB": 119.54, "format": "Not provided"}, "wrfout_d02_2011-05-20_150000.DPR_Ka_HS.ORBITAL.TESTBED_SPHE.nc": {"temporal": ["2011-05-20T15:00:00.000Z", "2011-05-20T15:59:59.000Z"], "wnes_geometry": {"westBoundingCoordinate": -121, "eastBoundingCoordinate": -91, "northBoundingCoordinate": 43, "southBoundingCoordinate": 28}, "sizeMB": 26.28, "format": "Not provided"}, "wrfout_d02_2011-05-20_160000.GMI_LF.ORBITAL.TESTBED_TEL-SPHE.nc": {"temporal": ["2011-05-20T16:00:00.000Z", "2011-05-20T16:59:59.000Z"], "wnes_geometry": {"westBoundingCoordinate": -121, "eastBoundingCoordinate": -91, "northBoundingCoordinate": 43, "southBoundingCoordinate": 28}, "sizeMB": 1.6, "format": "Not provided"}, "wrfout_d02_2011-05-20_160000.DPR_Ka_HS.ORBITAL.TESTBED_SPHE.nc": {"temporal": ["2011-05-20T16:00:00.000Z", "2011-05-20T16:59:59.000Z"], "wnes_geometry": {"westBoundingCoordinate": -121, "eastBoundingCoordinate": -91, "northBoundingCoordinate": 43, "southBoundingCoordinate": 28}, "sizeMB": 26.28, "format": "Not provided"}, "wrfout_d02_2011-05-20_160000.DPR_Ku.ORBITAL.TESTBED_SPHE.nc": {"temporal": ["2011-05-20T16:00:00.000Z", "2011-05-20T16:59:59.000Z"], "wnes_geometry": {"westBoundingCoordinate": -121, "eastBoundingCoordinate": -91, "northBoundingCoordinate": 43, "southBoundingCoordinate": 28}, "sizeMB": 119.54, "format": "Not provided"}, "wrfout_d02_2011-05-20_160000.GMI_HF.ORBITAL.TESTBED_TEL-SPHE.nc": {"temporal": ["2011-05-20T16:00:00.000Z", "2011-05-20T16:59:59.000Z"], "wnes_geometry": {"westBoundingCoordinate": -121, "eastBoundingCoordinate": -91, "northBoundingCoordinate": 43, "southBoundingCoordinate": 28}, "sizeMB": 1.11, "format": "Not provided"}, "wrfout_d02_2011-05-20_160000.DPR_Ka_MA.ORBITAL.TESTBED_SPHE.nc": {"temporal": ["2011-05-20T16:00:00.000Z", "2011-05-20T16:59:59.000Z"], "wnes_geometry": {"westBoundingCoordinate": -121, "eastBoundingCoordinate": -91, "northBoundingCoordinate": 43, "southBoundingCoordinate": 28}, "sizeMB": 54.65, "format": "Not provided"}, "wrfout_d02_2011-05-20_170000.GMI_HF.ORBITAL.TESTBED_TEL-SPHE.nc": {"temporal": ["2011-05-20T17:00:00.000Z", "2011-05-20T17:59:59.000Z"], "wnes_geometry": {"westBoundingCoordinate": -121, "eastBoundingCoordinate": -91, "northBoundingCoordinate": 43, "southBoundingCoordinate": 28}, "sizeMB": 1.11, "format": "Not provided"}, "wrfout_d02_2011-05-20_170000.GMI_LF.ORBITAL.TESTBED_TEL-SPHE.nc": {"temporal": ["2011-05-20T17:00:00.000Z", "2011-05-20T17:59:59.000Z"], "wnes_geometry": {"westBoundingCoordinate": -121, "eastBoundingCoordinate": -91, "northBoundingCoordinate": 43, "southBoundingCoordinate": 28}, "sizeMB": 1.6, "format": "Not provided"}, "wrfout_d02_2011-05-20_170000.DPR_Ka_MA.ORBITAL.TESTBED_SPHE.nc": {"temporal": ["2011-05-20T17:00:00.000Z", "2011-05-20T17:59:59.000Z"], "wnes_geometry": {"westBoundingCoordinate": -121, "eastBoundingCoordinate": -91, "northBoundingCoordinate": 43, "southBoundingCoordinate": 28}, "sizeMB": 54.65, "format": "Not provided"}, "wrfout_d02_2011-05-20_170000.DPR_Ka_HS.ORBITAL.TESTBED_SPHE.nc": {"temporal": ["2011-05-20T17:00:00.000Z", "2011-05-20T17:59:59.000Z"], "wnes_geometry": {"westBoundingCoordinate": -121, "eastBoundingCoordinate": -91, "northBoundingCoordinate": 43, "southBoundingCoordinate": 28}, "sizeMB": 26.28, "format": "Not provided"}, "wrfout_d02_2011-05-20_170000.DPR_Ku.ORBITAL.TESTBED_SPHE.nc": {"temporal": ["2011-05-20T17:00:00.000Z", "2011-05-20T17:59:59.000Z"], "wnes_geometry": {"westBoundingCoordinate": -121, "eastBoundingCoordinate": -91, "northBoundingCoordinate": 43, "southBoundingCoordinate": 28}, "sizeMB": 119.54, "format": "Not provided"}, "wrfout_d02_2011-05-20_180000.GMI_LF.ORBITAL.TESTBED_TEL-SPHE.nc": {"temporal": ["2011-05-20T18:00:00.000Z", "2011-05-20T18:59:59.000Z"], "wnes_geometry": {"westBoundingCoordinate": -121, "eastBoundingCoordinate": -91, "northBoundingCoordinate": 43, "southBoundingCoordinate": 28}, "sizeMB": 1.6, "format": "Not provided"}, "wrfout_d02_2011-05-20_180000.DPR_Ka_MA.ORBITAL.TESTBED_SPHE.nc": {"temporal": ["2011-05-20T18:00:00.000Z", "2011-05-20T18:59:59.000Z"], "wnes_geometry": {"westBoundingCoordinate": -121, "eastBoundingCoordinate": -91, "northBoundingCoordinate": 43, "southBoundingCoordinate": 28}, "sizeMB": 54.65, "format": "Not provided"}, "wrfout_d02_2011-05-20_180000.DPR_Ka_HS.ORBITAL.TESTBED_SPHE.nc": {"temporal": ["2011-05-20T18:00:00.000Z", "2011-05-20T18:59:59.000Z"], "wnes_geometry": {"westBoundingCoordinate": -121, "eastBoundingCoordinate": -91, "northBoundingCoordinate": 43, "southBoundingCoordinate": 28}, "sizeMB": 26.28, "format": "Not provided"}, "wrfout_d02_2011-05-20_180000.DPR_Ku.ORBITAL.TESTBED_SPHE.nc": {"temporal": ["2011-05-20T18:00:00.000Z", "2011-05-20T18:59:59.000Z"], "wnes_geometry": {"westBoundingCoordinate": -121, "eastBoundingCoordinate": -91, "northBoundingCoordinate": 43, "southBoundingCoordinate": 28}, "sizeMB": 119.54, "format": "Not provided"}, "wrfout_d02_2011-05-20_180000.GMI_HF.ORBITAL.TESTBED_TEL-SPHE.nc": {"temporal": ["2011-05-20T18:00:00.000Z", "2011-05-20T18:59:59.000Z"], "wnes_geometry": {"westBoundingCoordinate": -121, "eastBoundingCoordinate": -91, "northBoundingCoordinate": 43, "southBoundingCoordinate": 28}, "sizeMB": 1.11, "format": "Not provided"}, "wrfout_d02_2011-05-20_190000.DPR_Ka_MA.ORBITAL.TESTBED_SPHE.nc": {"temporal": ["2011-05-20T19:00:00.000Z", "2011-05-20T19:59:59.000Z"], "wnes_geometry": {"westBoundingCoordinate": -121, "eastBoundingCoordinate": -91, "northBoundingCoordinate": 43, "southBoundingCoordinate": 28}, "sizeMB": 54.65, "format": "Not provided"}, "wrfout_d02_2011-05-20_190000.DPR_Ku.ORBITAL.TESTBED_SPHE.nc": {"temporal": ["2011-05-20T19:00:00.000Z", "2011-05-20T19:59:59.000Z"], "wnes_geometry": {"westBoundingCoordinate": -121, "eastBoundingCoordinate": -91, "northBoundingCoordinate": 43, "southBoundingCoordinate": 28}, "sizeMB": 119.54, "format": "Not provided"}, "wrfout_d02_2011-05-20_190000.GMI_HF.ORBITAL.TESTBED_TEL-SPHE.nc": {"temporal": ["2011-05-20T19:00:00.000Z", "2011-05-20T19:59:59.000Z"], "wnes_geometry": {"westBoundingCoordinate": -121, "eastBoundingCoordinate": -91, "northBoundingCoordinate": 43, "southBoundingCoordinate": 28}, "sizeMB": 1.11, "format": "Not provided"}, "wrfout_d02_2011-05-20_190000.DPR_Ka_HS.ORBITAL.TESTBED_SPHE.nc": {"temporal": ["2011-05-20T19:00:00.000Z", "2011-05-20T19:59:59.000Z"], "wnes_geometry": {"westBoundingCoordinate": -121, "eastBoundingCoordinate": -91, "northBoundingCoordinate": 43, "southBoundingCoordinate": 28}, "sizeMB": 26.28, "format": "Not provided"}, "wrfout_d02_2011-05-20_190000.GMI_LF.ORBITAL.TESTBED_TEL-SPHE.nc": {"temporal": ["2011-05-20T19:00:00.000Z", "2011-05-20T19:59:59.000Z"], "wnes_geometry": {"westBoundingCoordinate": -121, "eastBoundingCoordinate": -91, "northBoundingCoordinate": 43, "southBoundingCoordinate": 28}, "sizeMB": 1.6, "format": "Not provided"}, "wrfout_d02_2011-05-20_200000.DPR_Ka_MA.ORBITAL.TESTBED_SPHE.nc": {"temporal": ["2011-05-20T20:00:00.000Z", "2011-05-20T20:59:59.000Z"], "wnes_geometry": {"westBoundingCoordinate": -121, "eastBoundingCoordinate": -91, "northBoundingCoordinate": 43, "southBoundingCoordinate": 28}, "sizeMB": 54.65, "format": "Not provided"}, "wrfout_d02_2011-05-20_200000.DPR_Ka_HS.ORBITAL.TESTBED_SPHE.nc": {"temporal": ["2011-05-20T20:00:00.000Z", "2011-05-20T20:59:59.000Z"], "wnes_geometry": {"westBoundingCoordinate": -121, "eastBoundingCoordinate": -91, "northBoundingCoordinate": 43, "southBoundingCoordinate": 28}, "sizeMB": 26.28, "format": "Not provided"}, "wrfout_d02_2011-05-20_200000.DPR_Ku.ORBITAL.TESTBED_SPHE.nc": {"temporal": ["2011-05-20T20:00:00.000Z", "2011-05-20T20:59:59.000Z"], "wnes_geometry": {"westBoundingCoordinate": -121, "eastBoundingCoordinate": -91, "northBoundingCoordinate": 43, "southBoundingCoordinate": 28}, "sizeMB": 119.54, "format": "Not provided"}, "wrfout_d02_2011-05-20_200000.GMI_HF.ORBITAL.TESTBED_TEL-SPHE.nc": {"temporal": ["2011-05-20T20:00:00.000Z", "2011-05-20T20:59:59.000Z"], "wnes_geometry": {"westBoundingCoordinate": -121, "eastBoundingCoordinate": -91, "northBoundingCoordinate": 43, "southBoundingCoordinate": 28}, "sizeMB": 1.11, "format": "Not provided"}, "wrfout_d02_2011-05-20_200000.GMI_LF.ORBITAL.TESTBED_TEL-SPHE.nc": {"temporal": ["2011-05-20T20:00:00.000Z", "2011-05-20T20:59:59.000Z"], "wnes_geometry": {"westBoundingCoordinate": -121, "eastBoundingCoordinate": -91, "northBoundingCoordinate": 43, "southBoundingCoordinate": 28}, "sizeMB": 1.6, "format": "Not provided"}, "wrfout_d02_2011-05-20_210000.DPR_Ku.ORBITAL.TESTBED_SPHE.nc": {"temporal": ["2011-05-20T21:00:00.000Z", "2011-05-20T21:59:59.000Z"], "wnes_geometry": {"westBoundingCoordinate": -121, "eastBoundingCoordinate": -91, "northBoundingCoordinate": 43, "southBoundingCoordinate": 28}, "sizeMB": 119.54, "format": "Not provided"}, "wrfout_d02_2011-05-20_210000.GMI_HF.ORBITAL.TESTBED_TEL-SPHE.nc": {"temporal": ["2011-05-20T21:00:00.000Z", "2011-05-20T21:59:59.000Z"], "wnes_geometry": {"westBoundingCoordinate": -121, "eastBoundingCoordinate": -91, "northBoundingCoordinate": 43, "southBoundingCoordinate": 28}, "sizeMB": 1.11, "format": "Not provided"}, "wrfout_d02_2011-05-20_210000.GMI_LF.ORBITAL.TESTBED_TEL-SPHE.nc": {"temporal": ["2011-05-20T21:00:00.000Z", "2011-05-20T21:59:59.000Z"], "wnes_geometry": {"westBoundingCoordinate": -121, "eastBoundingCoordinate": -91, "northBoundingCoordinate": 43, "southBoundingCoordinate": 28}, "sizeMB": 1.6, "format": "Not provided"}, "wrfout_d02_2011-05-20_220000.GMI_LF.ORBITAL.TESTBED_TEL-SPHE.nc": {"temporal": ["2011-05-20T22:00:00.000Z", "2011-05-20T22:59:59.000Z"], "wnes_geometry": {"westBoundingCoordinate": -121, "eastBoundingCoordinate": -91, "northBoundingCoordinate": 43, "southBoundingCoordinate": 28}, "sizeMB": 1.6, "format": "Not provided"}, "wrfout_d02_2011-05-20_220000.GMI_HF.ORBITAL.TESTBED_TEL-SPHE.nc": {"temporal": ["2011-05-20T22:00:00.000Z", "2011-05-20T22:59:59.000Z"], "wnes_geometry": {"westBoundingCoordinate": -121, "eastBoundingCoordinate": -91, "northBoundingCoordinate": 43, "southBoundingCoordinate": 28}, "sizeMB": 1.11, "format": "Not provided"}, "wrfout_d02_2011-05-20_220000.DPR_Ku.ORBITAL.TESTBED_SPHE.nc": {"temporal": ["2011-05-20T22:00:00.000Z", "2011-05-20T22:59:59.000Z"], "wnes_geometry": {"westBoundingCoordinate": -121, "eastBoundingCoordinate": -91, "northBoundingCoordinate": 43, "southBoundingCoordinate": 28}, "sizeMB": 119.54, "format": "Not provided"}, "wrfout_d02_2011-05-20_230000.DPR_Ku.ORBITAL.TESTBED_SPHE.nc": {"temporal": ["2011-05-20T23:00:00.000Z", "2011-05-20T23:59:59.000Z"], "wnes_geometry": {"westBoundingCoordinate": -121, "eastBoundingCoordinate": -91, "northBoundingCoordinate": 43, "southBoundingCoordinate": 28}, "sizeMB": 119.54, "format": "Not provided"}, "wrfout_d02_2011-05-20_230000.GMI_HF.ORBITAL.TESTBED_TEL-SPHE.nc": {"temporal": ["2011-05-20T23:00:00.000Z", "2011-05-20T23:59:59.000Z"], "wnes_geometry": {"westBoundingCoordinate": -121, "eastBoundingCoordinate": -91, "northBoundingCoordinate": 43, "southBoundingCoordinate": 28}, "sizeMB": 1.11, "format": "Not provided"}, "wrfout_d02_2011-05-20_230000.GMI_LF.ORBITAL.TESTBED_TEL-SPHE.nc": {"temporal": ["2011-05-20T23:00:00.000Z", "2011-05-20T23:59:59.000Z"], "wnes_geometry": {"westBoundingCoordinate": -121, "eastBoundingCoordinate": -91, "northBoundingCoordinate": 43, "southBoundingCoordinate": 28}, "sizeMB": 1.6, "format": "Not provided"}, "wrfout_d02_2011-05-21_000000.GMI_HF.ORBITAL.TESTBED_TEL-SPHE.nc": {"temporal": ["2011-05-21T00:00:00.000Z", "2011-05-21T00:59:59.000Z"], "wnes_geometry": {"westBoundingCoordinate": -121, "eastBoundingCoordinate": -91, "northBoundingCoordinate": 43, "southBoundingCoordinate": 28}, "sizeMB": 1.11, "format": "Not provided"}, "wrfout_d02_2011-05-21_000000.DPR_Ku.ORBITAL.TESTBED_SPHE.nc": {"temporal": ["2011-05-21T00:00:00.000Z", "2011-05-21T00:59:59.000Z"], "wnes_geometry": {"westBoundingCoordinate": -121, "eastBoundingCoordinate": -91, "northBoundingCoordinate": 43, "southBoundingCoordinate": 28}, "sizeMB": 119.54, "format": "Not provided"}, "wrfout_d02_2011-05-21_000000.GMI_LF.ORBITAL.TESTBED_TEL-SPHE.nc": {"temporal": ["2011-05-21T00:00:00.000Z", "2011-05-21T00:59:59.000Z"], "wnes_geometry": {"westBoundingCoordinate": -121, "eastBoundingCoordinate": -91, "northBoundingCoordinate": 43, "southBoundingCoordinate": 28}, "sizeMB": 1.6, "format": "Not provided"}}