{"ifloods_IFC_StreamFlow_SOAPCR02.xml": {"temporal": ["2013-03-31T00:00:00.000Z", "2013-06-30T23:45:13.000Z"], "wnes_geometry": {"westBoundingCoordinate": -92.538, "eastBoundingCoordinate": -92.538, "northBoundingCoordinate": 40.849, "southBoundingCoordinate": 40.849}, "sizeMB": 0.89, "format": "Not provided"}, "ifloods_IFC_StreamFlow_KEGCR01.xml": {"temporal": ["2013-03-31T00:00:01.000Z", "2013-06-30T23:45:06.000Z"], "wnes_geometry": {"westBoundingCoordinate": -95.704, "eastBoundingCoordinate": -95.704, "northBoundingCoordinate": 41.139, "southBoundingCoordinate": 41.139}, "sizeMB": 1.25, "format": "Not provided"}, "ifloods_IFC_StreamFlow_TIPTNCR01.xml": {"temporal": ["2013-03-31T00:00:01.000Z", "2013-06-30T23:45:08.000Z"], "wnes_geometry": {"westBoundingCoordinate": -93.232, "eastBoundingCoordinate": -93.232, "northBoundingCoordinate": 42.314, "southBoundingCoordinate": 42.314}, "sizeMB": 1.24, "format": "Not provided"}, "ifloods_IFC_StreamFlow_SQWCR02.xml": {"temporal": ["2013-03-31T00:00:01.000Z", "2013-06-30T23:45:11.000Z"], "wnes_geometry": {"westBoundingCoordinate": -93.645, "eastBoundingCoordinate": -93.645, "northBoundingCoordinate": 42.037, "southBoundingCoordinate": 42.037}, "sizeMB": 1.25, "format": "Not provided"}, "ifloods_IFC_StreamFlow_BFFLOCR01.xml": {"temporal": ["2013-03-31T00:00:01.000Z", "2013-06-30T23:45:03.000Z"], "wnes_geometry": {"westBoundingCoordinate": -91.7, "eastBoundingCoordinate": -91.7, "northBoundingCoordinate": 41.712, "southBoundingCoordinate": 41.712}, "sizeMB": 1.25, "format": "Not provided"}, "ifloods_IFC_StreamFlow_CHSLSCR01.xml": {"temporal": ["2013-03-31T00:00:01.000Z", "2013-06-30T23:45:11.000Z"], "wnes_geometry": {"westBoundingCoordinate": -93.226, "eastBoundingCoordinate": -93.226, "northBoundingCoordinate": 43.134, "southBoundingCoordinate": 43.134}, "sizeMB": 1.26, "format": "Not provided"}, "ifloods_IFC_StreamFlow_WNISH03.xml": {"temporal": ["2013-03-31T00:00:01.000Z", "2013-06-30T23:45:03.000Z"], "wnes_geometry": {"westBoundingCoordinate": -95.313, "eastBoundingCoordinate": -95.313, "northBoundingCoordinate": 41.645, "southBoundingCoordinate": 41.645}, "sizeMB": 1.25, "format": "Not provided"}, "ifloods_IFC_StreamFlow_MUDCR01.xml": {"temporal": ["2013-03-31T00:00:01.000Z", "2013-06-30T23:45:13.000Z"], "wnes_geometry": {"westBoundingCoordinate": -92.006, "eastBoundingCoordinate": -92.006, "northBoundingCoordinate": 42.155, "southBoundingCoordinate": 42.155}, "sizeMB": 3.49, "format": "Not provided"}, "ifloods_IFC_StreamFlow_BRSHYCR01.xml": {"temporal": ["2013-03-31T00:00:02.000Z", "2013-06-30T23:45:09.000Z"], "wnes_geometry": {"westBoundingCoordinate": -94.77, "eastBoundingCoordinate": -94.77, "northBoundingCoordinate": 41.877, "southBoundingCoordinate": 41.877}, "sizeMB": 1.26, "format": "Not provided"}, "ifloods_IFC_StreamFlow_NBEARCR01.xml": {"temporal": ["2013-03-31T00:00:02.000Z", "2013-06-30T23:45:03.000Z"], "wnes_geometry": {"westBoundingCoordinate": -91.986, "eastBoundingCoordinate": -91.986, "northBoundingCoordinate": 42.275, "southBoundingCoordinate": 42.275}, "sizeMB": 1.24, "format": "Not provided"}, "ifloods_IFC_StreamFlow_HOOSRCR01.xml": {"temporal": ["2013-03-31T00:00:02.000Z", "2013-06-30T23:45:08.000Z"], "wnes_geometry": {"westBoundingCoordinate": -91.588, "eastBoundingCoordinate": -91.588, "northBoundingCoordinate": 41.871, "southBoundingCoordinate": 41.871}, "sizeMB": 1.24, "format": "Not provided"}, "ifloods_IFC_StreamFlow_NFCTFSH01.xml": {"temporal": ["2013-03-31T00:00:02.000Z", "2013-06-30T23:00:12.000Z"], "wnes_geometry": {"westBoundingCoordinate": -90.704, "eastBoundingCoordinate": -90.704, "northBoundingCoordinate": 42.486, "southBoundingCoordinate": 42.486}, "sizeMB": 0.06, "format": "Not provided"}, "ifloods_IFC_StreamFlow_WLLWCR02.xml": {"temporal": ["2013-03-31T00:00:02.000Z", "2013-06-30T23:45:01.000Z"], "wnes_geometry": {"westBoundingCoordinate": -93.221, "eastBoundingCoordinate": -93.221, "northBoundingCoordinate": 43.156, "southBoundingCoordinate": 43.156}, "sizeMB": 1.26, "format": "Not provided"}, "ifloods_IFC_StreamFlow_MDCRK01.xml": {"temporal": ["2013-03-31T00:00:03.000Z", "2013-06-30T23:45:15.000Z"], "wnes_geometry": {"westBoundingCoordinate": -95.517, "eastBoundingCoordinate": -95.517, "northBoundingCoordinate": 41.099, "southBoundingCoordinate": 41.099}, "sizeMB": 1.22, "format": "Not provided"}, "ifloods_IFC_StreamFlow_BLUECR01.xml": {"temporal": ["2013-03-31T00:00:03.000Z", "2013-06-30T23:45:04.000Z"], "wnes_geometry": {"westBoundingCoordinate": -91.825, "eastBoundingCoordinate": -91.825, "northBoundingCoordinate": 42.203, "southBoundingCoordinate": 42.203}, "sizeMB": 1.25, "format": "Not provided"}, "ifloods_IFC_StreamFlow_BEARCRK01.xml": {"temporal": ["2013-03-31T00:00:03.000Z", "2013-06-30T23:45:05.000Z"], "wnes_geometry": {"westBoundingCoordinate": -91.809, "eastBoundingCoordinate": -91.809, "northBoundingCoordinate": 42.081, "southBoundingCoordinate": 42.081}, "sizeMB": 1.25, "format": "Not provided"}, "ifloods_IFC_StreamFlow_CRANECR02.xml": {"temporal": ["2013-03-31T00:00:03.000Z", "2013-06-30T23:45:02.000Z"], "wnes_geometry": {"westBoundingCoordinate": -92.277, "eastBoundingCoordinate": -92.277, "northBoundingCoordinate": 43.214, "southBoundingCoordinate": 43.214}, "sizeMB": 1.26, "format": "Not provided"}, "ifloods_IFC_StreamFlow_SHLRK02.xml": {"temporal": ["2013-03-31T00:00:04.000Z", "2013-06-30T23:45:06.000Z"], "wnes_geometry": {"westBoundingCoordinate": -92.732, "eastBoundingCoordinate": -92.732, "northBoundingCoordinate": 42.84, "southBoundingCoordinate": 42.84}, "sizeMB": 1.25, "format": "Not provided"}, "ifloods_IFC_StreamFlow_RLSTNCR01.xml": {"temporal": ["2013-03-31T00:00:04.000Z", "2013-06-30T23:45:02.000Z"], "wnes_geometry": {"westBoundingCoordinate": -91.523, "eastBoundingCoordinate": -91.523, "northBoundingCoordinate": 41.662, "southBoundingCoordinate": 41.662}, "sizeMB": 1.21, "format": "Not provided"}, "ifloods_IFC_StreamFlow_RBRTSCR01.xml": {"temporal": ["2013-03-31T00:00:04.000Z", "2013-06-30T23:45:05.000Z"], "wnes_geometry": {"westBoundingCoordinate": -91.383, "eastBoundingCoordinate": -91.383, "northBoundingCoordinate": 42.874, "southBoundingCoordinate": 42.874}, "sizeMB": 1.25, "format": "Not provided"}, "ifloods_IFC_StreamFlow_FOURMLE02.xml": {"temporal": ["2013-03-31T00:00:04.000Z", "2013-06-30T23:45:15.000Z"], "wnes_geometry": {"westBoundingCoordinate": -93.546, "eastBoundingCoordinate": -93.546, "northBoundingCoordinate": 41.658, "southBoundingCoordinate": 41.658}, "sizeMB": 1.24, "format": "Not provided"}, "ifloods_IFC_StreamFlow_SOAPCR03.xml": {"temporal": ["2013-03-31T00:00:05.000Z", "2013-06-30T23:45:09.000Z"], "wnes_geometry": {"westBoundingCoordinate": -92.681, "eastBoundingCoordinate": -92.681, "northBoundingCoordinate": 40.888, "southBoundingCoordinate": 40.888}, "sizeMB": 0.98, "format": "Not provided"}, "ifloods_IFC_StreamFlow_WNBGORV03.xml": {"temporal": ["2013-03-31T00:00:05.000Z", "2013-06-30T23:45:03.000Z"], "wnes_geometry": {"westBoundingCoordinate": -93.3, "eastBoundingCoordinate": -93.3, "northBoundingCoordinate": 43.22, "southBoundingCoordinate": 43.22}, "sizeMB": 1.26, "format": "Not provided"}, "ifloods_IFC_StreamFlow_DRYCRK02.xml": {"temporal": ["2013-03-31T00:00:05.000Z", "2013-06-30T23:45:08.000Z"], "wnes_geometry": {"westBoundingCoordinate": -91.638, "eastBoundingCoordinate": -91.638, "northBoundingCoordinate": 42.095, "southBoundingCoordinate": 42.095}, "sizeMB": 1.25, "format": "Not provided"}, "ifloods_IFC_StreamFlow_CRANECR01.xml": {"temporal": ["2013-03-31T00:00:06.000Z", "2013-06-30T23:45:10.000Z"], "wnes_geometry": {"westBoundingCoordinate": -91.969, "eastBoundingCoordinate": -91.969, "northBoundingCoordinate": 43.002, "southBoundingCoordinate": 43.002}, "sizeMB": 1.25, "format": "Not provided"}, "ifloods_IFC_StreamFlow_CLRCRKS02.xml": {"temporal": ["2013-03-31T00:00:06.000Z", "2013-06-30T23:45:11.000Z"], "wnes_geometry": {"westBoundingCoordinate": -91.911, "eastBoundingCoordinate": -91.911, "northBoundingCoordinate": 41.687, "southBoundingCoordinate": 41.687}, "sizeMB": 1.25, "format": "Not provided"}, "ifloods_IFC_StreamFlow_LIMECR01.xml": {"temporal": ["2013-03-31T00:00:06.000Z", "2013-06-30T23:45:07.000Z"], "wnes_geometry": {"westBoundingCoordinate": -92.018, "eastBoundingCoordinate": -92.018, "northBoundingCoordinate": 42.297, "southBoundingCoordinate": 42.297}, "sizeMB": 1.25, "format": "Not provided"}, "ifloods_IFC_StreamFlow_NENGLSH01.xml": {"temporal": ["2013-03-31T00:00:06.000Z", "2013-06-30T23:45:01.000Z"], "wnes_geometry": {"westBoundingCoordinate": -91.989, "eastBoundingCoordinate": -91.989, "northBoundingCoordinate": 41.527, "southBoundingCoordinate": 41.527}, "sizeMB": 1.23, "format": "Not provided"}, "ifloods_IFC_StreamFlow_WNBGORV02.xml": {"temporal": ["2013-03-31T00:00:06.000Z", "2013-06-30T23:45:12.000Z"], "wnes_geometry": {"westBoundingCoordinate": -93.171, "eastBoundingCoordinate": -93.171, "northBoundingCoordinate": 43.153, "southBoundingCoordinate": 43.153}, "sizeMB": 1.26, "format": "Not provided"}, "ifloods_IFC_StreamFlow_TRBLSM01.xml": {"temporal": ["2013-03-31T00:00:06.000Z", "2013-06-30T23:45:04.000Z"], "wnes_geometry": {"westBoundingCoordinate": -94.887, "eastBoundingCoordinate": -94.887, "northBoundingCoordinate": 41.461, "southBoundingCoordinate": 41.461}, "sizeMB": 1.26, "format": "Not provided"}, "ifloods_IFC_StreamFlow_SFIOWA03.xml": {"temporal": ["2013-03-31T00:00:06.000Z", "2013-06-30T23:45:04.000Z"], "wnes_geometry": {"westBoundingCoordinate": -93.47, "eastBoundingCoordinate": -93.47, "northBoundingCoordinate": 42.514, "southBoundingCoordinate": 42.514}, "sizeMB": 1.26, "format": "Not provided"}, "ifloods_IFC_StreamFlow_SQWCR07.xml": {"temporal": ["2013-03-31T00:00:07.000Z", "2013-06-30T23:45:11.000Z"], "wnes_geometry": {"westBoundingCoordinate": -93.893, "eastBoundingCoordinate": -93.893, "northBoundingCoordinate": 42.267, "southBoundingCoordinate": 42.267}, "sizeMB": 1.17, "format": "Not provided"}, "ifloods_IFC_StreamFlow_PRICECR02.xml": {"temporal": ["2013-03-31T00:00:07.000Z", "2013-06-30T10:30:11.000Z"], "wnes_geometry": {"westBoundingCoordinate": -91.948, "eastBoundingCoordinate": -91.948, "northBoundingCoordinate": 41.846, "southBoundingCoordinate": 41.846}, "sizeMB": 1.13, "format": "Not provided"}, "ifloods_IFC_StreamFlow_NWLNTCR01.xml": {"temporal": ["2013-03-31T00:00:07.000Z", "2013-06-30T23:45:05.000Z"], "wnes_geometry": {"westBoundingCoordinate": -93.721, "eastBoundingCoordinate": -93.721, "northBoundingCoordinate": 41.609, "southBoundingCoordinate": 41.609}, "sizeMB": 1.24, "format": "Not provided"}, "ifloods_IFC_StreamFlow_ENISH03.xml": {"temporal": ["2013-03-31T00:00:07.000Z", "2013-06-30T23:45:15.000Z"], "wnes_geometry": {"westBoundingCoordinate": -95.275, "eastBoundingCoordinate": -95.275, "northBoundingCoordinate": 40.916, "southBoundingCoordinate": 40.916}, "sizeMB": 1.25, "format": "Not provided"}, "ifloods_IFC_StreamFlow_SHLRK01.xml": {"temporal": ["2013-03-31T00:00:07.000Z", "2013-06-30T23:45:13.000Z"], "wnes_geometry": {"westBoundingCoordinate": -92.689, "eastBoundingCoordinate": -92.689, "northBoundingCoordinate": 42.788, "southBoundingCoordinate": 42.788}, "sizeMB": 1.25, "format": "Not provided"}, "ifloods_IFC_StreamFlow_OTTERCR01.xml": {"temporal": ["2013-03-31T00:00:07.000Z", "2013-06-30T23:45:13.000Z"], "wnes_geometry": {"westBoundingCoordinate": -91.726, "eastBoundingCoordinate": -91.726, "northBoundingCoordinate": 42.071, "southBoundingCoordinate": 42.071}, "sizeMB": 1.23, "format": "Not provided"}, "ifloods_IFC_StreamFlow_MQKTARV02.xml": {"temporal": ["2013-03-31T00:00:07.000Z", "2013-06-30T23:45:12.000Z"], "wnes_geometry": {"westBoundingCoordinate": -91.291, "eastBoundingCoordinate": -91.291, "northBoundingCoordinate": 42.391, "southBoundingCoordinate": 42.391}, "sizeMB": 1.25, "format": "Not provided"}, "ifloods_IFC_StreamFlow_ONIONCR01.xml": {"temporal": ["2013-03-31T00:00:07.000Z", "2013-06-30T23:45:13.000Z"], "wnes_geometry": {"westBoundingCoordinate": -93.699, "eastBoundingCoordinate": -93.699, "northBoundingCoordinate": 42.053, "southBoundingCoordinate": 42.053}, "sizeMB": 1.15, "format": "Not provided"}, "ifloods_IFC_StreamFlow_PRICECR01.xml": {"temporal": ["2013-03-31T00:00:07.000Z", "2013-06-30T23:45:08.000Z"], "wnes_geometry": {"westBoundingCoordinate": -91.873, "eastBoundingCoordinate": -91.873, "northBoundingCoordinate": 41.805, "southBoundingCoordinate": 41.805}, "sizeMB": 1.24, "format": "Not provided"}, "ifloods_IFC_StreamFlow_BEVRCRK02.xml": {"temporal": ["2013-03-31T00:00:08.000Z", "2013-06-30T20:30:02.000Z"], "wnes_geometry": {"westBoundingCoordinate": -93.223, "eastBoundingCoordinate": -93.223, "northBoundingCoordinate": 42.455, "southBoundingCoordinate": 42.455}, "sizeMB": 1.22, "format": "Not provided"}, "ifloods_IFC_StreamFlow_DEERCR01.xml": {"temporal": ["2013-03-31T00:00:08.000Z", "2013-06-30T23:45:05.000Z"], "wnes_geometry": {"westBoundingCoordinate": -91.637, "eastBoundingCoordinate": -91.637, "northBoundingCoordinate": 41.681, "southBoundingCoordinate": 41.681}, "sizeMB": 1.25, "format": "Not provided"}, "ifloods_IFC_StreamFlow_LTLSOAP01.xml": {"temporal": ["2013-03-31T00:00:08.000Z", "2013-06-30T23:45:03.000Z"], "wnes_geometry": {"westBoundingCoordinate": -92.333, "eastBoundingCoordinate": -92.333, "northBoundingCoordinate": 40.901, "southBoundingCoordinate": 40.901}, "sizeMB": 1.16, "format": "Not provided"}, "ifloods_IFC_StreamFlow_GLACIAL01.xml": {"temporal": ["2013-03-31T00:00:08.000Z", "2013-06-30T23:45:03.000Z"], "wnes_geometry": {"westBoundingCoordinate": -93.776, "eastBoundingCoordinate": -93.776, "northBoundingCoordinate": 42.192, "southBoundingCoordinate": 42.192}, "sizeMB": 1.17, "format": "Not provided"}, "ifloods_IFC_StreamFlow_VLGARV01.xml": {"temporal": ["2013-03-31T00:00:09.000Z", "2013-06-30T23:45:04.000Z"], "wnes_geometry": {"westBoundingCoordinate": -91.537, "eastBoundingCoordinate": -91.537, "northBoundingCoordinate": 42.801, "southBoundingCoordinate": 42.801}, "sizeMB": 1.21, "format": "Not provided"}, "ifloods_IFC_StreamFlow_PRAIRIE01.xml": {"temporal": ["2013-03-31T00:00:09.000Z", "2013-06-30T23:45:14.000Z"], "wnes_geometry": {"westBoundingCoordinate": -93.755, "eastBoundingCoordinate": -93.755, "northBoundingCoordinate": 42.122, "southBoundingCoordinate": 42.122}, "sizeMB": 1.15, "format": "Not provided"}, "ifloods_IFC_StreamFlow_WNBGORV04.xml": {"temporal": ["2013-03-31T00:00:09.000Z", "2013-06-30T23:45:06.000Z"], "wnes_geometry": {"westBoundingCoordinate": -93.418, "eastBoundingCoordinate": -93.418, "northBoundingCoordinate": 43.263, "southBoundingCoordinate": 43.263}, "sizeMB": 1.26, "format": "Not provided"}, "ifloods_IFC_StreamFlow_INDCR01.xml": {"temporal": ["2013-03-31T00:00:09.000Z", "2013-06-30T23:45:02.000Z"], "wnes_geometry": {"westBoundingCoordinate": -91.578, "eastBoundingCoordinate": -91.578, "northBoundingCoordinate": 41.976, "southBoundingCoordinate": 41.976}, "sizeMB": 1.25, "format": "Not provided"}, "ifloods_IFC_StreamFlow_UIWARV01.xml": {"temporal": ["2013-03-31T00:00:09.000Z", "2013-06-30T23:45:03.000Z"], "wnes_geometry": {"westBoundingCoordinate": -91.834, "eastBoundingCoordinate": -91.834, "northBoundingCoordinate": 43.34, "southBoundingCoordinate": 43.34}, "sizeMB": 1.25, "format": "Not provided"}, "ifloods_IFC_StreamFlow_RAVENCR01.xml": {"temporal": ["2013-03-31T00:00:09.000Z", "2013-06-30T23:45:02.000Z"], "wnes_geometry": {"westBoundingCoordinate": -92.67, "eastBoundingCoordinate": -92.67, "northBoundingCoordinate": 41.965, "southBoundingCoordinate": 41.965}, "sizeMB": 1.24, "format": "Not provided"}, "ifloods_IFC_StreamFlow_NONIONCR01.xml": {"temporal": ["2013-03-31T00:00:09.000Z", "2013-06-30T23:45:12.000Z"], "wnes_geometry": {"westBoundingCoordinate": -93.757, "eastBoundingCoordinate": -93.757, "northBoundingCoordinate": 42.067, "southBoundingCoordinate": 42.067}, "sizeMB": 1.16, "format": "Not provided"}, "ifloods_IFC_StreamFlow_WNBGORV01.xml": {"temporal": ["2013-03-31T00:00:10.000Z", "2013-06-30T23:45:03.000Z"], "wnes_geometry": {"westBoundingCoordinate": -93.122, "eastBoundingCoordinate": -93.122, "northBoundingCoordinate": 43.121, "southBoundingCoordinate": 43.121}, "sizeMB": 1.26, "format": "Not provided"}, "ifloods_IFC_StreamFlow_TALYNNS01.xml": {"temporal": ["2013-03-31T00:00:10.000Z", "2013-06-30T23:45:09.000Z"], "wnes_geometry": {"westBoundingCoordinate": -93.757, "eastBoundingCoordinate": -93.757, "northBoundingCoordinate": 42.186, "southBoundingCoordinate": 42.186}, "sizeMB": 1.14, "format": "Not provided"}, "ifloods_IFC_StreamFlow_SFIOWA01.xml": {"temporal": ["2013-03-31T00:00:10.000Z", "2013-06-30T23:45:12.000Z"], "wnes_geometry": {"westBoundingCoordinate": -93.347, "eastBoundingCoordinate": -93.347, "northBoundingCoordinate": 42.436, "southBoundingCoordinate": 42.436}, "sizeMB": 1.19, "format": "Not provided"}, "ifloods_IFC_StreamFlow_LTLWAPSI01.xml": {"temporal": ["2013-03-31T00:00:10.000Z", "2013-06-30T23:45:04.000Z"], "wnes_geometry": {"westBoundingCoordinate": -92.405, "eastBoundingCoordinate": -92.405, "northBoundingCoordinate": 43.113, "southBoundingCoordinate": 43.113}, "sizeMB": 1.26, "format": "Not provided"}, "ifloods_IFC_StreamFlow_SQWCR05.xml": {"temporal": ["2013-03-31T00:00:10.000Z", "2013-06-30T23:45:14.000Z"], "wnes_geometry": {"westBoundingCoordinate": -93.816, "eastBoundingCoordinate": -93.816, "northBoundingCoordinate": 42.227, "southBoundingCoordinate": 42.227}, "sizeMB": 1.18, "format": "Not provided"}, "ifloods_IFC_StreamFlow_SQWCR04.xml": {"temporal": ["2013-03-31T00:00:10.000Z", "2013-06-30T23:45:01.000Z"], "wnes_geometry": {"westBoundingCoordinate": -93.758, "eastBoundingCoordinate": -93.758, "northBoundingCoordinate": 42.181, "southBoundingCoordinate": 42.181}, "sizeMB": 1.16, "format": "Not provided"}, "ifloods_IFC_StreamFlow_INDIAN01.xml": {"temporal": ["2013-03-31T00:00:10.000Z", "2013-06-30T23:45:12.000Z"], "wnes_geometry": {"westBoundingCoordinate": -95.396, "eastBoundingCoordinate": -95.396, "northBoundingCoordinate": 41.017, "southBoundingCoordinate": 41.017}, "sizeMB": 1.26, "format": "Not provided"}, "ifloods_IFC_StreamFlow_NONIONCR02.xml": {"temporal": ["2013-03-31T00:00:11.000Z", "2013-06-30T23:45:08.000Z"], "wnes_geometry": {"westBoundingCoordinate": -93.796, "eastBoundingCoordinate": -93.796, "northBoundingCoordinate": 42.081, "southBoundingCoordinate": 42.081}, "sizeMB": 1.16, "format": "Not provided"}, "ifloods_IFC_StreamFlow_TKYRV03.xml": {"temporal": ["2013-03-31T00:00:11.000Z", "2013-06-30T23:45:05.000Z"], "wnes_geometry": {"westBoundingCoordinate": -92.08, "eastBoundingCoordinate": -92.08, "northBoundingCoordinate": 43.327, "southBoundingCoordinate": 43.327}, "sizeMB": 1.26, "format": "Not provided"}, "ifloods_IFC_StreamFlow_DRYCRK01.xml": {"temporal": ["2013-03-31T00:00:11.000Z", "2013-06-30T23:45:02.000Z"], "wnes_geometry": {"westBoundingCoordinate": -91.666, "eastBoundingCoordinate": -91.666, "northBoundingCoordinate": 42.048, "southBoundingCoordinate": 42.048}, "sizeMB": 1.25, "format": "Not provided"}, "ifloods_IFC_StreamFlow_WNBGORV06.xml": {"temporal": ["2013-03-31T00:00:11.000Z", "2013-06-30T23:45:03.000Z"], "wnes_geometry": {"westBoundingCoordinate": -93.631, "eastBoundingCoordinate": -93.631, "northBoundingCoordinate": 43.342, "southBoundingCoordinate": 43.342}, "sizeMB": 1.26, "format": "Not provided"}, "ifloods_IFC_StreamFlow_FOURMLE03.xml": {"temporal": ["2013-03-31T00:00:11.000Z", "2013-06-30T23:45:04.000Z"], "wnes_geometry": {"westBoundingCoordinate": -93.59, "eastBoundingCoordinate": -93.59, "northBoundingCoordinate": 41.77, "southBoundingCoordinate": 41.77}, "sizeMB": 1.22, "format": "Not provided"}, "ifloods_IFC_StreamFlow_CHQSTCR01.xml": {"temporal": ["2013-03-31T00:00:11.000Z", "2013-06-30T23:45:04.000Z"], "wnes_geometry": {"westBoundingCoordinate": -92.092, "eastBoundingCoordinate": -92.092, "northBoundingCoordinate": 40.772, "southBoundingCoordinate": 40.772}, "sizeMB": 1.17, "format": "Not provided"}, "ifloods_IFC_StreamFlow_VLGARV02.xml": {"temporal": ["2013-03-31T00:00:11.000Z", "2013-06-30T23:45:01.000Z"], "wnes_geometry": {"westBoundingCoordinate": -91.657, "eastBoundingCoordinate": -91.657, "northBoundingCoordinate": 42.838, "southBoundingCoordinate": 42.838}, "sizeMB": 1.13, "format": "Not provided"}, "ifloods_IFC_StreamFlow_SHLRK04.xml": {"temporal": ["2013-03-31T00:00:12.000Z", "2013-06-30T23:45:05.000Z"], "wnes_geometry": {"westBoundingCoordinate": -93.038, "eastBoundingCoordinate": -93.038, "northBoundingCoordinate": 43.166, "southBoundingCoordinate": 43.166}, "sizeMB": 1.26, "format": "Not provided"}, "ifloods_IFC_StreamFlow_BFFLOCR02.xml": {"temporal": ["2013-03-31T00:00:12.000Z", "2013-06-30T23:45:08.000Z"], "wnes_geometry": {"westBoundingCoordinate": -91.666, "eastBoundingCoordinate": -91.666, "northBoundingCoordinate": 41.723, "southBoundingCoordinate": 41.723}, "sizeMB": 1.24, "format": "Not provided"}, "ifloods_IFC_StreamFlow_HRGVCR01.xml": {"temporal": ["2013-03-31T00:00:12.000Z", "2013-06-30T23:45:14.000Z"], "wnes_geometry": {"westBoundingCoordinate": -93.026, "eastBoundingCoordinate": -93.026, "northBoundingCoordinate": 42.756, "southBoundingCoordinate": 42.756}, "sizeMB": 1.25, "format": "Not provided"}, "ifloods_IFC_StreamFlow_GLBRTCR01.xml": {"temporal": ["2013-03-31T00:00:12.000Z", "2013-06-30T23:45:05.000Z"], "wnes_geometry": {"westBoundingCoordinate": -93.659, "eastBoundingCoordinate": -93.659, "northBoundingCoordinate": 42.096, "southBoundingCoordinate": 42.096}, "sizeMB": 1.15, "format": "Not provided"}, "ifloods_IFC_StreamFlow_TIPTNCR02.xml": {"temporal": ["2013-03-31T00:00:12.000Z", "2013-06-30T23:45:07.000Z"], "wnes_geometry": {"westBoundingCoordinate": -93.339, "eastBoundingCoordinate": -93.339, "northBoundingCoordinate": 42.368, "southBoundingCoordinate": 42.368}, "sizeMB": 1.25, "format": "Not provided"}, "ifloods_IFC_StreamFlow_OTTRCRK01.xml": {"temporal": ["2013-03-31T00:00:12.000Z", "2013-06-30T23:45:04.000Z"], "wnes_geometry": {"westBoundingCoordinate": -91.627, "eastBoundingCoordinate": -91.627, "northBoundingCoordinate": 42.956, "southBoundingCoordinate": 42.956}, "sizeMB": 1.25, "format": "Not provided"}, "ifloods_IFC_StreamFlow_BNNTTCR01.xml": {"temporal": ["2013-03-31T00:00:12.000Z", "2013-06-30T23:45:02.000Z"], "wnes_geometry": {"westBoundingCoordinate": -92.649, "eastBoundingCoordinate": -92.649, "northBoundingCoordinate": 41.953, "southBoundingCoordinate": 41.953}, "sizeMB": 1.23, "format": "Not provided"}, "ifloods_IFC_StreamFlow_SONIONTR01.xml": {"temporal": ["2013-03-31T00:00:13.000Z", "2013-06-30T23:45:07.000Z"], "wnes_geometry": {"westBoundingCoordinate": -93.776, "eastBoundingCoordinate": -93.776, "northBoundingCoordinate": 42.041, "southBoundingCoordinate": 42.041}, "sizeMB": 1.16, "format": "Not provided"}, "ifloods_IFC_StreamFlow_SENGLSH01.xml": {"temporal": ["2013-03-31T00:00:13.000Z", "2013-06-30T23:45:01.000Z"], "wnes_geometry": {"westBoundingCoordinate": -91.944, "eastBoundingCoordinate": -91.944, "northBoundingCoordinate": 41.494, "southBoundingCoordinate": 41.494}, "sizeMB": 1.25, "format": "Not provided"}, "ifloods_IFC_StreamFlow_HONEYCR01.xml": {"temporal": ["2013-03-31T00:00:13.000Z", "2013-06-30T23:45:05.000Z"], "wnes_geometry": {"westBoundingCoordinate": -90.471, "eastBoundingCoordinate": -90.471, "northBoundingCoordinate": 41.96, "southBoundingCoordinate": 41.96}, "sizeMB": 1.25, "format": "Not provided"}, "ifloods_IFC_StreamFlow_TKYRV01.xml": {"temporal": ["2013-03-31T00:00:13.000Z", "2013-06-30T23:45:08.000Z"], "wnes_geometry": {"westBoundingCoordinate": -91.527, "eastBoundingCoordinate": -91.527, "northBoundingCoordinate": 42.925, "southBoundingCoordinate": 42.925}, "sizeMB": 1.24, "format": "Not provided"}, "ifloods_IFC_StreamFlow_CLRCRKW01.xml": {"temporal": ["2013-03-31T00:00:14.000Z", "2013-06-30T23:45:14.000Z"], "wnes_geometry": {"westBoundingCoordinate": -91.891, "eastBoundingCoordinate": -91.891, "northBoundingCoordinate": 41.717, "southBoundingCoordinate": 41.717}, "sizeMB": 1.19, "format": "Not provided"}, "ifloods_IFC_StreamFlow_WORRELL01.xml": {"temporal": ["2013-03-31T00:00:14.000Z", "2013-06-30T23:45:01.000Z"], "wnes_geometry": {"westBoundingCoordinate": -93.718, "eastBoundingCoordinate": -93.718, "northBoundingCoordinate": 42.003, "southBoundingCoordinate": 42.003}, "sizeMB": 1.16, "format": "Not provided"}, "ifloods_IFC_StreamFlow_PRAIRIE02.xml": {"temporal": ["2013-03-31T00:00:14.000Z", "2013-06-30T23:45:05.000Z"], "wnes_geometry": {"westBoundingCoordinate": -93.833, "eastBoundingCoordinate": -93.833, "northBoundingCoordinate": 42.123, "southBoundingCoordinate": 42.123}, "sizeMB": 1.16, "format": "Not provided"}, "ifloods_IFC_StreamFlow_WNISH02.xml": {"temporal": ["2013-03-31T00:00:14.000Z", "2013-06-30T23:45:01.000Z"], "wnes_geometry": {"westBoundingCoordinate": -95.442, "eastBoundingCoordinate": -95.442, "northBoundingCoordinate": 41.146, "southBoundingCoordinate": 41.146}, "sizeMB": 1.26, "format": "Not provided"}, "ifloods_IFC_StreamFlow_BEVRCRK01.xml": {"temporal": ["2013-03-31T00:00:14.000Z", "2013-06-30T23:45:02.000Z"], "wnes_geometry": {"westBoundingCoordinate": -93.139, "eastBoundingCoordinate": -93.139, "northBoundingCoordinate": 42.361, "southBoundingCoordinate": 42.361}, "sizeMB": 1.24, "format": "Not provided"}, "ifloods_IFC_StreamFlow_DEEPCRK01.xml": {"temporal": ["2013-03-31T00:00:14.000Z", "2013-06-30T23:45:05.000Z"], "wnes_geometry": {"westBoundingCoordinate": -90.469, "eastBoundingCoordinate": -90.469, "northBoundingCoordinate": 41.962, "southBoundingCoordinate": 41.962}, "sizeMB": 1.25, "format": "Not provided"}, "ifloods_IFC_StreamFlow_DRYCR02.xml": {"temporal": ["2013-03-31T00:00:15.000Z", "2013-06-30T23:45:12.000Z"], "wnes_geometry": {"westBoundingCoordinate": -91.853, "eastBoundingCoordinate": -91.853, "northBoundingCoordinate": 42.022, "southBoundingCoordinate": 42.022}, "sizeMB": 1.25, "format": "Not provided"}, "ifloods_IFC_StreamFlow_SONIONCR01.xml": {"temporal": ["2013-03-31T00:00:15.000Z", "2013-06-30T23:45:08.000Z"], "wnes_geometry": {"westBoundingCoordinate": -93.776, "eastBoundingCoordinate": -93.776, "northBoundingCoordinate": 42.056, "southBoundingCoordinate": 42.056}, "sizeMB": 1.16, "format": "Not provided"}, "ifloods_IFC_StreamFlow_SOAPCR01.xml": {"temporal": ["2013-03-31T00:00:15.000Z", "2013-06-30T23:45:01.000Z"], "wnes_geometry": {"westBoundingCoordinate": -92.333, "eastBoundingCoordinate": -92.333, "northBoundingCoordinate": 40.88, "southBoundingCoordinate": 40.88}, "sizeMB": 1.17, "format": "Not provided"}, "ifloods_IFC_StreamFlow_TKYRV02.xml": {"temporal": ["2013-03-31T00:00:15.000Z", "2013-06-30T23:45:06.000Z"], "wnes_geometry": {"westBoundingCoordinate": -91.658, "eastBoundingCoordinate": -91.658, "northBoundingCoordinate": 42.998, "southBoundingCoordinate": 42.998}, "sizeMB": 1.25, "format": "Not provided"}, "ifloods_IFC_StreamFlow_WLNTCR02.xml": {"temporal": ["2013-03-31T00:00:15.000Z", "2013-06-30T23:45:14.000Z"], "wnes_geometry": {"westBoundingCoordinate": -93.793, "eastBoundingCoordinate": -93.793, "northBoundingCoordinate": 41.613, "southBoundingCoordinate": 41.613}, "sizeMB": 1.25, "format": "Not provided"}, "ifloods_IFC_StreamFlow_SQWCR03.xml": {"temporal": ["2013-03-31T00:00:15.000Z", "2013-06-30T23:45:02.000Z"], "wnes_geometry": {"westBoundingCoordinate": -93.715, "eastBoundingCoordinate": -93.715, "northBoundingCoordinate": 42.123, "southBoundingCoordinate": 42.123}, "sizeMB": 1.16, "format": "Not provided"}, "ifloods_IFC_StreamFlow_ENISH04.xml": {"temporal": ["2013-03-31T00:00:16.000Z", "2013-06-30T23:45:10.000Z"], "wnes_geometry": {"westBoundingCoordinate": -95.177, "eastBoundingCoordinate": -95.177, "northBoundingCoordinate": 41.145, "southBoundingCoordinate": 41.145}, "sizeMB": 1.23, "format": "Not provided"}, "ifloods_IFC_StreamFlow_SLVRCR01.xml": {"temporal": ["2013-03-31T00:00:16.000Z", "2013-06-30T23:45:07.000Z"], "wnes_geometry": {"westBoundingCoordinate": -95.631, "eastBoundingCoordinate": -95.631, "northBoundingCoordinate": 41.117, "southBoundingCoordinate": 41.117}, "sizeMB": 1.26, "format": "Not provided"}, "ifloods_IFC_StreamFlow_ENDWY01.xml": {"temporal": ["2013-03-31T00:00:16.000Z", "2013-06-30T23:45:02.000Z"], "wnes_geometry": {"westBoundingCoordinate": -94.98, "eastBoundingCoordinate": -94.98, "northBoundingCoordinate": 40.727, "southBoundingCoordinate": 40.727}, "sizeMB": 1.25, "format": "Not provided"}, "ifloods_IFC_StreamFlow_CLRCRKS01.xml": {"temporal": ["2013-03-31T00:00:17.000Z", "2013-06-30T23:45:18.000Z"], "wnes_geometry": {"westBoundingCoordinate": -91.858, "eastBoundingCoordinate": -91.858, "northBoundingCoordinate": 41.701, "southBoundingCoordinate": 41.701}, "sizeMB": 1.24, "format": "Not provided"}, "ifloods_IFC_StreamFlow_NWLNTCR02.xml": {"temporal": ["2013-03-31T00:00:17.000Z", "2013-06-30T23:45:25.000Z"], "wnes_geometry": {"westBoundingCoordinate": -93.727, "eastBoundingCoordinate": -93.727, "northBoundingCoordinate": 41.615, "southBoundingCoordinate": 41.615}, "sizeMB": 1.24, "format": "Not provided"}, "ifloods_IFC_StreamFlow_WNBGORV05.xml": {"temporal": ["2013-03-31T00:00:17.000Z", "2013-06-30T23:45:24.000Z"], "wnes_geometry": {"westBoundingCoordinate": -93.625, "eastBoundingCoordinate": -93.625, "northBoundingCoordinate": 43.242, "southBoundingCoordinate": 43.242}, "sizeMB": 1.25, "format": "Not provided"}, "ifloods_IFC_StreamFlow_CLRCRK02.xml": {"temporal": ["2013-03-31T00:00:17.000Z", "2013-06-30T23:45:20.000Z"], "wnes_geometry": {"westBoundingCoordinate": -91.779, "eastBoundingCoordinate": -91.779, "northBoundingCoordinate": 41.714, "southBoundingCoordinate": 41.714}, "sizeMB": 1.22, "format": "Not provided"}, "ifloods_IFC_StreamFlow_RHNCR01.xml": {"temporal": ["2013-03-31T00:00:19.000Z", "2013-06-30T23:45:23.000Z"], "wnes_geometry": {"westBoundingCoordinate": -91.791, "eastBoundingCoordinate": -91.791, "northBoundingCoordinate": 41.722, "southBoundingCoordinate": 41.722}, "sizeMB": 1.22, "format": "Not provided"}, "ifloods_IFC_StreamFlow_SSKNK03.xml": {"temporal": ["2013-03-31T00:00:19.000Z", "2013-06-30T23:45:31.000Z"], "wnes_geometry": {"westBoundingCoordinate": -93.594, "eastBoundingCoordinate": -93.594, "northBoundingCoordinate": 42.034, "southBoundingCoordinate": 42.034}, "sizeMB": 1.24, "format": "Not provided"}, "ifloods_IFC_StreamFlow_CLRCRK03.xml": {"temporal": ["2013-03-31T00:00:20.000Z", "2013-06-30T23:45:17.000Z"], "wnes_geometry": {"westBoundingCoordinate": -91.907, "eastBoundingCoordinate": -91.907, "northBoundingCoordinate": 41.73, "southBoundingCoordinate": 41.73}, "sizeMB": 1.24, "format": "Not provided"}, "ifloods_IFC_StreamFlow_EFDSMNS01.xml": {"temporal": ["2013-03-31T00:00:21.000Z", "2013-06-30T23:45:18.000Z"], "wnes_geometry": {"westBoundingCoordinate": -94.234, "eastBoundingCoordinate": -94.234, "northBoundingCoordinate": 42.951, "southBoundingCoordinate": 42.951}, "sizeMB": 1.25, "format": "Not provided"}, "ifloods_IFC_StreamFlow_WLLWCR01.xml": {"temporal": ["2013-03-31T00:00:22.000Z", "2013-06-30T23:45:26.000Z"], "wnes_geometry": {"westBoundingCoordinate": -93.207, "eastBoundingCoordinate": -93.207, "northBoundingCoordinate": 43.151, "southBoundingCoordinate": 43.151}, "sizeMB": 1.26, "format": "Not provided"}, "ifloods_IFC_StreamFlow_SQWCR01.xml": {"temporal": ["2013-03-31T00:00:23.000Z", "2013-06-30T23:45:30.000Z"], "wnes_geometry": {"westBoundingCoordinate": -93.61, "eastBoundingCoordinate": -93.61, "northBoundingCoordinate": 42.014, "southBoundingCoordinate": 42.014}, "sizeMB": 1.24, "format": "Not provided"}, "ifloods_IFC_StreamFlow_LTLSIOUX03.xml": {"temporal": ["2013-03-31T00:00:23.000Z", "2013-06-30T23:45:30.000Z"], "wnes_geometry": {"westBoundingCoordinate": -95.192, "eastBoundingCoordinate": -95.192, "northBoundingCoordinate": 43.184, "southBoundingCoordinate": 43.184}, "sizeMB": 1.25, "format": "Not provided"}, "ifloods_IFC_StreamFlow_LAKECR01.xml": {"temporal": ["2013-03-31T00:00:24.000Z", "2013-06-30T23:45:29.000Z"], "wnes_geometry": {"westBoundingCoordinate": -94.782, "eastBoundingCoordinate": -94.782, "northBoundingCoordinate": 42.261, "southBoundingCoordinate": 42.261}, "sizeMB": 1.24, "format": "Not provided"}, "ifloods_IFC_StreamFlow_SHLRK05.xml": {"temporal": ["2013-03-31T00:00:24.000Z", "2013-06-30T23:45:28.000Z"], "wnes_geometry": {"westBoundingCoordinate": -93.124, "eastBoundingCoordinate": -93.124, "northBoundingCoordinate": 43.284, "southBoundingCoordinate": 43.284}, "sizeMB": 1.24, "format": "Not provided"}, "ifloods_IFC_StreamFlow_INDCR02.xml": {"temporal": ["2013-03-31T00:00:27.000Z", "2013-06-30T23:45:27.000Z"], "wnes_geometry": {"westBoundingCoordinate": -91.618, "eastBoundingCoordinate": -91.618, "northBoundingCoordinate": 41.995, "southBoundingCoordinate": 41.995}, "sizeMB": 1.23, "format": "Not provided"}, "ifloods_IFC_StreamFlow_DRYCR01.xml": {"temporal": ["2013-03-31T00:00:27.000Z", "2013-06-30T23:45:29.000Z"], "wnes_geometry": {"westBoundingCoordinate": -91.802, "eastBoundingCoordinate": -91.802, "northBoundingCoordinate": 42.062, "southBoundingCoordinate": 42.062}, "sizeMB": 1.23, "format": "Not provided"}, "ifloods_IFC_StreamFlow_INDCR03.xml": {"temporal": ["2013-03-31T00:00:28.000Z", "2013-06-30T23:45:17.000Z"], "wnes_geometry": {"westBoundingCoordinate": -91.612, "eastBoundingCoordinate": -91.612, "northBoundingCoordinate": 42.031, "southBoundingCoordinate": 42.031}, "sizeMB": 1.23, "format": "Not provided"}, "ifloods_IFC_StreamFlow_WLFCR01.xml": {"temporal": ["2013-03-31T00:00:29.000Z", "2013-06-30T23:45:27.000Z"], "wnes_geometry": {"westBoundingCoordinate": -92.194, "eastBoundingCoordinate": -92.194, "northBoundingCoordinate": 42.316, "southBoundingCoordinate": 42.316}, "sizeMB": 1.23, "format": "Not provided"}, "ifloods_IFC_StreamFlow_BVRCR01.xml": {"temporal": ["2013-03-31T00:00:30.000Z", "2013-06-30T23:45:22.000Z"], "wnes_geometry": {"westBoundingCoordinate": -92.732, "eastBoundingCoordinate": -92.732, "northBoundingCoordinate": 42.581, "southBoundingCoordinate": 42.581}, "sizeMB": 1.25, "format": "Not provided"}, "ifloods_IFC_StreamFlow_ELKRN01.xml": {"temporal": ["2013-03-31T00:00:30.000Z", "2013-06-30T23:45:23.000Z"], "wnes_geometry": {"westBoundingCoordinate": -92.252, "eastBoundingCoordinate": -92.252, "northBoundingCoordinate": 42.498, "southBoundingCoordinate": 42.498}, "sizeMB": 1.11, "format": "Not provided"}, "ifloods_IFC_StreamFlow_WNISH04.xml": {"temporal": ["2013-03-31T00:15:03.000Z", "2013-06-30T23:45:07.000Z"], "wnes_geometry": {"westBoundingCoordinate": -95.199, "eastBoundingCoordinate": -95.199, "northBoundingCoordinate": 41.792, "southBoundingCoordinate": 41.792}, "sizeMB": 1.27, "format": "Not provided"}, "ifloods_IFC_StreamFlow_ENISH05.xml": {"temporal": ["2013-03-31T00:15:04.000Z", "2013-06-30T23:45:08.000Z"], "wnes_geometry": {"westBoundingCoordinate": -94.936, "eastBoundingCoordinate": -94.936, "northBoundingCoordinate": 41.512, "southBoundingCoordinate": 41.512}, "sizeMB": 1.27, "format": "Not provided"}, "ifloods_IFC_StreamFlow_SBVRCRK01.xml": {"temporal": ["2013-03-31T00:15:06.000Z", "2013-06-30T23:45:14.000Z"], "wnes_geometry": {"westBoundingCoordinate": -93.261, "eastBoundingCoordinate": -93.261, "northBoundingCoordinate": 42.413, "southBoundingCoordinate": 42.413}, "sizeMB": 1.26, "format": "Not provided"}, "ifloods_IFC_StreamFlow_SFIOWA02.xml": {"temporal": ["2013-03-31T00:15:06.000Z", "2013-06-30T23:45:07.000Z"], "wnes_geometry": {"westBoundingCoordinate": -93.385, "eastBoundingCoordinate": -93.385, "northBoundingCoordinate": 42.453, "southBoundingCoordinate": 42.453}, "sizeMB": 1.25, "format": "Not provided"}, "ifloods_IFC_StreamFlow_SHLRK03.xml": {"temporal": ["2013-03-31T00:15:09.000Z", "2013-06-30T23:45:01.000Z"], "wnes_geometry": {"westBoundingCoordinate": -92.851, "eastBoundingCoordinate": -92.851, "northBoundingCoordinate": 42.936, "southBoundingCoordinate": 42.936}, "sizeMB": 1.25, "format": "Not provided"}, "ifloods_IFC_StreamFlow_SSKNK04.xml": {"temporal": ["2013-03-31T00:15:14.000Z", "2013-06-30T23:45:14.000Z"], "wnes_geometry": {"westBoundingCoordinate": -93.583, "eastBoundingCoordinate": -93.583, "northBoundingCoordinate": 42.217, "southBoundingCoordinate": 42.217}, "sizeMB": 1.26, "format": "Not provided"}, "ifloods_IFC_StreamFlow_MRGNCR01.xml": {"temporal": ["2013-03-31T00:15:14.000Z", "2013-06-30T23:45:03.000Z"], "wnes_geometry": {"westBoundingCoordinate": -91.756, "eastBoundingCoordinate": -91.756, "northBoundingCoordinate": 41.995, "southBoundingCoordinate": 41.995}, "sizeMB": 1.26, "format": "Not provided"}, "ifloods_IFC_StreamFlow_CHQSTCR02.xml": {"temporal": ["2013-03-31T00:30:04.000Z", "2013-06-30T23:45:08.000Z"], "wnes_geometry": {"westBoundingCoordinate": -92.208, "eastBoundingCoordinate": -92.208, "northBoundingCoordinate": 40.804, "southBoundingCoordinate": 40.804}, "sizeMB": 0.9, "format": "Not provided"}, "ifloods_IFC_StreamFlow_CLEARCR01.xml": {"temporal": ["2013-03-31T00:30:05.000Z", "2013-06-30T23:45:11.000Z"], "wnes_geometry": {"westBoundingCoordinate": -93.699, "eastBoundingCoordinate": -93.699, "northBoundingCoordinate": 42.038, "southBoundingCoordinate": 42.038}, "sizeMB": 1.15, "format": "Not provided"}, "ifloods_IFC_StreamFlow_NRCCNRV03.xml": {"temporal": ["2013-03-31T00:45:26.000Z", "2013-06-30T23:45:18.000Z"], "wnes_geometry": {"westBoundingCoordinate": -95.013, "eastBoundingCoordinate": -95.013, "northBoundingCoordinate": 42.458, "southBoundingCoordinate": 42.458}, "sizeMB": 1.18, "format": "Not provided"}, "ifloods_IFC_StreamFlow_NBRCRKD01.xml": {"temporal": ["2013-03-31T03:30:12.000Z", "2013-06-30T23:45:13.000Z"], "wnes_geometry": {"westBoundingCoordinate": -93.816, "eastBoundingCoordinate": -93.816, "northBoundingCoordinate": 42.263, "southBoundingCoordinate": 42.263}, "sizeMB": 1.06, "format": "Not provided"}, "ifloods_IFC_StreamFlow_LTLWLNT01.xml": {"temporal": ["2013-03-31T04:30:29.000Z", "2013-06-30T23:45:16.000Z"], "wnes_geometry": {"westBoundingCoordinate": -93.833, "eastBoundingCoordinate": -93.833, "northBoundingCoordinate": 41.633, "southBoundingCoordinate": 41.633}, "sizeMB": 0.27, "format": "Not provided"}, "ifloods_IFC_StreamFlow_SBRCRKD01.xml": {"temporal": ["2013-05-11T00:15:02.000Z", "2013-06-30T13:15:08.000Z"], "wnes_geometry": {"westBoundingCoordinate": -93.796, "eastBoundingCoordinate": -93.796, "northBoundingCoordinate": 42.247, "southBoundingCoordinate": 42.247}, "sizeMB": 0.19, "format": "Not provided"}, "ifloods_IFC_StreamFlow_INDCR04.xml": {"temporal": ["2013-06-27T19:00:13.000Z", "2013-06-30T23:45:12.000Z"], "wnes_geometry": {"westBoundingCoordinate": -91.561, "eastBoundingCoordinate": -91.561, "northBoundingCoordinate": 42.094, "southBoundingCoordinate": 42.094}, "sizeMB": 0.03, "format": "Not provided"}}