{"Olympex_Temperature_RH_Data_WY_2015.nc": {"temporal": ["2014-09-05T00:00:00.000Z", "2015-06-01T00:00:00.000Z"], "wnes_geometry": {"westBoundingCoordinate": -123.645, "eastBoundingCoordinate": -123.033, "northBoundingCoordinate": 47.742, "southBoundingCoordinate": 47.501}, "sizeMB": 3.36, "format": "NETCDF-3"}, "Olympex_Temperature_RH_Data_Sites.xlsx": {"temporal": ["2014-09-05T00:00:00.000Z", "2016-07-26T08:00:00.000Z"], "wnes_geometry": {"westBoundingCoordinate": -123.645, "eastBoundingCoordinate": -123.033, "northBoundingCoordinate": 47.742, "southBoundingCoordinate": 47.501}, "sizeMB": 0.01, "format": "Not Provided"}, "Olympex_Snow_Depth_Data_WY_2015.nc": {"temporal": ["2014-10-01T08:00:00.000Z", "2015-09-30T07:00:00.000Z"], "wnes_geometry": {"westBoundingCoordinate": -123.59, "eastBoundingCoordinate": -123.31, "northBoundingCoordinate": 47.719, "southBoundingCoordinate": 47.573}, "sizeMB": 2.94, "format": "NETCDF-3"}, "Olympex_Snow_Depth_Data_WY_2016.nc": {"temporal": ["2015-10-01T08:00:00.000Z", "2016-07-26T08:00:00.000Z"], "wnes_geometry": {"westBoundingCoordinate": -123.592, "eastBoundingCoordinate": -123.31, "northBoundingCoordinate": 47.72, "southBoundingCoordinate": 47.501}, "sizeMB": 3.85, "format": "NETCDF-3"}, "Olympex_Temperature_RH_Data_WY_2016.nc": {"temporal": ["2015-10-01T08:00:00.000Z", "2016-07-26T08:00:00.000Z"], "wnes_geometry": {"westBoundingCoordinate": -123.645, "eastBoundingCoordinate": -123.033, "northBoundingCoordinate": 47.742, "southBoundingCoordinate": 47.501}, "sizeMB": 3.73, "format": "NETCDF-3"}, "Olympex_Snow_Survey.xlsx": {"temporal": ["2016-02-08T00:00:00.000Z", "2016-04-07T00:00:00.000Z"], "wnes_geometry": {"westBoundingCoordinate": -123.707, "eastBoundingCoordinate": -123.311, "northBoundingCoordinate": 47.822, "southBoundingCoordinate": 47.573}, "sizeMB": 13.7, "format": "Not Provided"}}