{"iphex_2A25_20140501T00-22-26Z.7.HDF": {"temporal": ["2014-05-01T00:31:50.000Z", "2014-05-01T00:36:05.000Z"], "wnes_geometry": {"westBoundingCoordinate": -88.893, "eastBoundingCoordinate": -71.208, "northBoundingCoordinate": 33.107, "southBoundingCoordinate": 25.85}, "sizeMB": 15.81, "format": "HDF4"}, "iphex_2A25_20140501T01-33-26Z.7.HDF": {"temporal": ["2014-05-01T02:09:12.000Z", "2014-05-01T02:13:46.000Z"], "wnes_geometry": {"westBoundingCoordinate": -92.285, "eastBoundingCoordinate": -71.784, "northBoundingCoordinate": 35.915, "southBoundingCoordinate": 31.895}, "sizeMB": 17.49, "format": "HDF4"}, "iphex_2A25_20140501T03-13-26Z.7.HDF": {"temporal": ["2014-05-01T03:46:57.000Z", "2014-05-01T03:51:34.000Z"], "wnes_geometry": {"westBoundingCoordinate": -91.856, "eastBoundingCoordinate": -71.147, "northBoundingCoordinate": 35.894, "southBoundingCoordinate": 31.624}, "sizeMB": 17.62, "format": "HDF4"}, "iphex_2A25_20140501T04-51-26Z.7.HDF": {"temporal": ["2014-05-01T05:24:40.000Z", "2014-05-01T05:28:36.000Z"], "wnes_geometry": {"westBoundingCoordinate": -92.443, "eastBoundingCoordinate": -75.952, "northBoundingCoordinate": 32.792, "southBoundingCoordinate": 25.879}, "sizeMB": 15.28, "format": "HDF4"}, "iphex_2A25_20140501T23-28-26Z.7.HDF": {"temporal": ["2014-05-01T23:37:43.000Z", "2014-05-01T23:40:29.000Z"], "wnes_geometry": {"westBoundingCoordinate": -82.69, "eastBoundingCoordinate": -71.046, "northBoundingCoordinate": 31.482, "southBoundingCoordinate": 25.845}, "sizeMB": 10.8, "format": "HDF4"}, "iphex_2A25_20140502T00-38-26Z.7.HDF": {"temporal": ["2014-05-02T01:13:37.000Z", "2014-05-02T01:18:18.000Z"], "wnes_geometry": {"westBoundingCoordinate": -92.409, "eastBoundingCoordinate": -71.664, "northBoundingCoordinate": 35.677, "southBoundingCoordinate": 30.451}, "sizeMB": 17.82, "format": "HDF4"}, "iphex_2A25_20140502T02-16-26Z.7.HDF": {"temporal": ["2014-05-02T02:51:31.000Z", "2014-05-02T02:56:02.000Z"], "wnes_geometry": {"westBoundingCoordinate": -91.78, "eastBoundingCoordinate": -71.3, "northBoundingCoordinate": 35.924, "southBoundingCoordinate": 32.763}, "sizeMB": 17.49, "format": "HDF4"}, "iphex_2A25_20140502T03-56-26Z.7.HDF": {"temporal": ["2014-05-02T04:29:10.000Z", "2014-05-02T04:34:06.000Z"], "wnes_geometry": {"westBoundingCoordinate": -92.31, "eastBoundingCoordinate": -71.457, "northBoundingCoordinate": 34.123, "southBoundingCoordinate": 26.555}, "sizeMB": 18.28, "format": "HDF4"}, "iphex_2A25_20140502T22-03-26Z.7.HDF": {"temporal": ["2014-05-02T22:43:46.000Z", "2014-05-02T22:44:59.000Z"], "wnes_geometry": {"westBoundingCoordinate": -76.507, "eastBoundingCoordinate": -70.952, "northBoundingCoordinate": 29.448, "southBoundingCoordinate": 25.848}, "sizeMB": 4.75, "format": "HDF4"}, "iphex_2A25_20140502T23-37-26Z.7.HDF": {"temporal": ["2014-05-03T00:18:07.000Z", "2014-05-03T00:22:59.000Z"], "wnes_geometry": {"westBoundingCoordinate": -92.549, "eastBoundingCoordinate": -71.469, "northBoundingCoordinate": 35.093, "southBoundingCoordinate": 28.609}, "sizeMB": 18.15, "format": "HDF4"}, "iphex_2A25_20140503T01-20-26Z.7.HDF": {"temporal": ["2014-05-03T01:56:09.000Z", "2014-05-03T02:00:39.000Z"], "wnes_geometry": {"westBoundingCoordinate": -91.966, "eastBoundingCoordinate": -71.475, "northBoundingCoordinate": 35.924, "southBoundingCoordinate": 33.527}, "sizeMB": 17.49, "format": "HDF4"}, "iphex_2A25_20140503T03-00-26Z.7.HDF": {"temporal": ["2014-05-03T03:33:48.000Z", "2014-05-03T03:38:42.000Z"], "wnes_geometry": {"westBoundingCoordinate": -92.156, "eastBoundingCoordinate": -70.915, "northBoundingCoordinate": 35.074, "southBoundingCoordinate": 28.566}, "sizeMB": 18.15, "format": "HDF4"}, "iphex_2A25_20140503T04-40-26Z.7.HDF": {"temporal": ["2014-05-03T05:11:48.000Z", "2014-05-03T05:12:59.000Z"], "wnes_geometry": {"westBoundingCoordinate": -92.669, "eastBoundingCoordinate": -87.148, "northBoundingCoordinate": 29.396, "southBoundingCoordinate": 25.872}, "sizeMB": 4.75, "format": "HDF4"}, "iphex_2A25_20140503T23-16-26Z.7.HDF": {"temporal": ["2014-05-03T23:22:40.000Z", "2014-05-03T23:27:36.000Z"], "wnes_geometry": {"westBoundingCoordinate": -92.099, "eastBoundingCoordinate": -71.325, "northBoundingCoordinate": 34.147, "southBoundingCoordinate": 26.569}, "sizeMB": 18.28, "format": "HDF4"}, "iphex_2A25_20140504T00-25-26Z.7.HDF": {"temporal": ["2014-05-04T01:00:44.000Z", "2014-05-04T01:05:16.000Z"], "wnes_geometry": {"westBoundingCoordinate": -92.134, "eastBoundingCoordinate": -71.646, "northBoundingCoordinate": 35.923, "southBoundingCoordinate": 32.785}, "sizeMB": 17.49, "format": "HDF4"}, "iphex_2A25_20140504T02-03-26Z.7.HDF": {"temporal": ["2014-05-04T02:38:26.000Z", "2014-05-04T02:43:10.000Z"], "wnes_geometry": {"westBoundingCoordinate": -92.015, "eastBoundingCoordinate": -71.013, "northBoundingCoordinate": 35.671, "southBoundingCoordinate": 30.41}, "sizeMB": 17.82, "format": "HDF4"}, "iphex_2A25_20140504T03-43-26Z.7.HDF": {"temporal": ["2014-05-04T04:16:15.000Z", "2014-05-04T04:18:59.000Z"], "wnes_geometry": {"westBoundingCoordinate": -92.562, "eastBoundingCoordinate": -80.992, "northBoundingCoordinate": 31.436, "southBoundingCoordinate": 25.884}, "sizeMB": 10.67, "format": "HDF4"}, "iphex_2A25_20140504T22-24-26Z.7.HDF": {"temporal": ["2014-05-04T22:28:09.000Z", "2014-05-04T22:32:08.000Z"], "wnes_geometry": {"westBoundingCoordinate": -87.746, "eastBoundingCoordinate": -71.181, "northBoundingCoordinate": 32.83, "southBoundingCoordinate": 25.839}, "sizeMB": 15.28, "format": "HDF4"}, "iphex_2A25_20140504T23-29-26Z.7.HDF": {"temporal": ["2014-05-05T00:05:15.000Z", "2014-05-05T00:09:51.000Z"], "wnes_geometry": {"westBoundingCoordinate": -92.311, "eastBoundingCoordinate": -71.773, "northBoundingCoordinate": 35.899, "southBoundingCoordinate": 31.652}, "sizeMB": 17.62, "format": "HDF4"}, "iphex_2A25_20140505T01-07-26Z.7.HDF": {"temporal": ["2014-05-05T01:43:03.000Z", "2014-05-05T01:47:39.000Z"], "wnes_geometry": {"westBoundingCoordinate": -91.834, "eastBoundingCoordinate": -71.179, "northBoundingCoordinate": 35.916, "southBoundingCoordinate": 31.869}, "sizeMB": 17.62, "format": "HDF4"}, "iphex_2A25_20140505T02-47-26Z.7.HDF": {"temporal": ["2014-05-05T03:20:45.000Z", "2014-05-05T03:24:58.000Z"], "wnes_geometry": {"westBoundingCoordinate": -92.435, "eastBoundingCoordinate": -74.786, "northBoundingCoordinate": 33.077, "southBoundingCoordinate": 25.879}, "sizeMB": 15.81, "format": "HDF4"}, "iphex_2A25_20140505T21-31-26Z.7.HDF": {"temporal": ["2014-05-05T21:34:06.000Z", "2014-05-05T21:36:34.000Z"], "wnes_geometry": {"westBoundingCoordinate": -81.533, "eastBoundingCoordinate": -71.048, "northBoundingCoordinate": 31.123, "southBoundingCoordinate": 25.843}, "sizeMB": 9.24, "format": "HDF4"}, "iphex_2A25_20140505T22-34-26Z.7.HDF": {"temporal": ["2014-05-05T23:09:41.000Z", "2014-05-05T23:14:25.000Z"], "wnes_geometry": {"westBoundingCoordinate": -92.455, "eastBoundingCoordinate": -71.606, "northBoundingCoordinate": 35.595, "southBoundingCoordinate": 30.131}, "sizeMB": 17.82, "format": "HDF4"}, "iphex_2A25_20140506T00-12-26Z.7.HDF": {"temporal": ["2014-05-06T00:47:36.000Z", "2014-05-06T00:52:07.000Z"], "wnes_geometry": {"westBoundingCoordinate": -91.847, "eastBoundingCoordinate": -71.331, "northBoundingCoordinate": 35.924, "southBoundingCoordinate": 32.937}, "sizeMB": 17.49, "format": "HDF4"}, "iphex_2A25_20140506T01-49-26Z.7.HDF": {"temporal": ["2014-05-06T02:25:14.000Z", "2014-05-06T02:30:11.000Z"], "wnes_geometry": {"westBoundingCoordinate": -92.294, "eastBoundingCoordinate": -71.288, "northBoundingCoordinate": 34.333, "southBoundingCoordinate": 26.939}, "sizeMB": 18.28, "format": "HDF4"}, "iphex_2A25_20140506T20-39-26Z.7.HDF": {"temporal": ["2014-05-06T20:40:00.000Z", "2014-05-06T20:40:54.000Z"], "wnes_geometry": {"westBoundingCoordinate": -75.302, "eastBoundingCoordinate": -70.936, "northBoundingCoordinate": 29.005, "southBoundingCoordinate": 25.851}, "sizeMB": 4.1, "format": "HDF4"}, "iphex_2A25_20140506T22-11-26Z.7.HDF": {"temporal": ["2014-05-06T22:14:01.000Z", "2014-05-06T22:18:56.000Z"], "wnes_geometry": {"westBoundingCoordinate": -92.574, "eastBoundingCoordinate": -71.43, "northBoundingCoordinate": 34.939, "southBoundingCoordinate": 28.203}, "sizeMB": 18.15, "format": "HDF4"}, "iphex_2A25_20140506T23-16-26Z.7.HDF": {"temporal": ["2014-05-06T23:52:04.000Z", "2014-05-06T23:56:35.000Z"], "wnes_geometry": {"westBoundingCoordinate": -92.011, "eastBoundingCoordinate": -71.521, "northBoundingCoordinate": 35.923, "southBoundingCoordinate": 33.422}, "sizeMB": 17.49, "format": "HDF4"}, "iphex_2A25_20140507T00-54-26Z.7.HDF": {"temporal": ["2014-05-07T01:29:43.000Z", "2014-05-07T01:34:35.000Z"], "wnes_geometry": {"westBoundingCoordinate": -92.111, "eastBoundingCoordinate": -70.938, "northBoundingCoordinate": 35.217, "southBoundingCoordinate": 28.961}, "sizeMB": 18.15, "format": "HDF4"}, "iphex_2A25_20140507T02-32-26Z.7.HDF": {"temporal": ["2014-05-07T03:07:40.000Z", "2014-05-07T03:09:10.000Z"], "wnes_geometry": {"westBoundingCoordinate": -92.679, "eastBoundingCoordinate": -85.961, "northBoundingCoordinate": 29.838, "southBoundingCoordinate": 25.882}, "sizeMB": 6.31, "format": "HDF4"}, "iphex_2A25_20140507T21-13-26Z.7.HDF": {"temporal": ["2014-05-07T21:18:27.000Z", "2014-05-07T21:23:22.000Z"], "wnes_geometry": {"westBoundingCoordinate": -91.892, "eastBoundingCoordinate": -71.275, "northBoundingCoordinate": 33.917, "southBoundingCoordinate": 26.164}, "sizeMB": 18.28, "format": "HDF4"}, "iphex_2A25_20140507T22-51-26Z.7.HDF": {"temporal": ["2014-05-07T22:56:30.000Z", "2014-05-07T23:01:02.000Z"], "wnes_geometry": {"westBoundingCoordinate": -92.169, "eastBoundingCoordinate": -71.678, "northBoundingCoordinate": 35.923, "southBoundingCoordinate": 32.589}, "sizeMB": 17.49, "format": "HDF4"}, "iphex_2A25_20140507T23-51-26Z.7.HDF": {"temporal": ["2014-05-08T00:34:11.000Z", "2014-05-08T00:38:53.000Z"], "wnes_geometry": {"westBoundingCoordinate": -91.957, "eastBoundingCoordinate": -71.06, "northBoundingCoordinate": 35.747, "southBoundingCoordinate": 30.741}, "sizeMB": 17.82, "format": "HDF4"}, "iphex_2A25_20140508T01-36-26Z.7.HDF": {"temporal": ["2014-05-08T02:11:58.000Z", "2014-05-08T02:15:00.000Z"], "wnes_geometry": {"westBoundingCoordinate": -92.553, "eastBoundingCoordinate": -79.736, "northBoundingCoordinate": 31.803, "southBoundingCoordinate": 25.882}, "sizeMB": 11.45, "format": "HDF4"}, "iphex_2A25_20140508T20-20-26Z.7.HDF": {"temporal": ["2014-05-08T20:24:03.000Z", "2014-05-08T20:27:43.000Z"], "wnes_geometry": {"westBoundingCoordinate": -86.446, "eastBoundingCoordinate": -71.154, "northBoundingCoordinate": 32.509, "southBoundingCoordinate": 25.847}, "sizeMB": 13.79, "format": "HDF4"}, "iphex_2A25_20140508T22-02-26Z.7.HDF": {"temporal": ["2014-05-08T22:02:26.000Z", "2014-05-08T22:05:27.000Z"], "wnes_geometry": {"westBoundingCoordinate": -85.341, "eastBoundingCoordinate": -71.752, "northBoundingCoordinate": 35.864, "southBoundingCoordinate": 32.683}, "sizeMB": 11.45, "format": "HDF4"}, "iphex_2A25_20140508T23-03-26Z.7.HDF": {"temporal": ["2014-05-08T23:38:38.000Z", "2014-05-08T23:43:12.000Z"], "wnes_geometry": {"westBoundingCoordinate": -91.8, "eastBoundingCoordinate": -71.2, "northBoundingCoordinate": 35.924, "southBoundingCoordinate": 32.121}, "sizeMB": 17.49, "format": "HDF4"}, "iphex_2A25_20140509T00-40-26Z.7.HDF": {"temporal": ["2014-05-09T01:16:18.000Z", "2014-05-09T01:20:49.000Z"], "wnes_geometry": {"westBoundingCoordinate": -92.398, "eastBoundingCoordinate": -73.498, "northBoundingCoordinate": 33.367, "southBoundingCoordinate": 25.881}, "sizeMB": 17.49, "format": "HDF4"}, "iphex_2A25_20140509T19-24-26Z.7.HDF": {"temporal": ["2014-05-09T19:29:49.000Z", "2014-05-09T19:31:58.000Z"], "wnes_geometry": {"westBoundingCoordinate": -80.197, "eastBoundingCoordinate": -71.019, "northBoundingCoordinate": 30.708, "southBoundingCoordinate": 25.85}, "sizeMB": 8.46, "format": "HDF4"}, "iphex_2A25_20140509T21-00-26Z.7.HDF": {"temporal": ["2014-05-09T21:05:04.000Z", "2014-05-09T21:09:50.000Z"], "wnes_geometry": {"westBoundingCoordinate": -92.468, "eastBoundingCoordinate": -71.575, "northBoundingCoordinate": 35.484, "southBoundingCoordinate": 29.759}, "sizeMB": 17.95, "format": "HDF4"}, "iphex_2A25_20140509T22-38-26Z.7.HDF": {"temporal": ["2014-05-09T22:43:00.000Z", "2014-05-09T22:47:31.000Z"], "wnes_geometry": {"westBoundingCoordinate": -91.851, "eastBoundingCoordinate": -71.349, "northBoundingCoordinate": 35.924, "southBoundingCoordinate": 33.116}, "sizeMB": 17.49, "format": "HDF4"}, "iphex_2A25_20140509T23-37-26Z.7.HDF": {"temporal": ["2014-05-10T00:20:37.000Z", "2014-05-10T00:25:34.000Z"], "wnes_geometry": {"westBoundingCoordinate": -92.252, "eastBoundingCoordinate": -71.124, "northBoundingCoordinate": 34.552, "southBoundingCoordinate": 27.373}, "sizeMB": 18.28, "format": "HDF4"}, "iphex_2A25_20140510T01-23-26Z.7.HDF": {"temporal": ["2014-05-10T01:58:43.000Z", "2014-05-10T01:58:57.000Z"], "wnes_geometry": {"westBoundingCoordinate": -92.739, "eastBoundingCoordinate": -90.826, "northBoundingCoordinate": 27.993, "southBoundingCoordinate": 25.877}, "sizeMB": 1.63, "format": "HDF4"}, "iphex_2A25_20140510T18-09-26Z.7.HDF": {"temporal": ["2014-05-10T18:35:32.000Z", "2014-05-10T18:36:06.000Z"], "wnes_geometry": {"westBoundingCoordinate": -73.959, "eastBoundingCoordinate": -70.883, "northBoundingCoordinate": 28.494, "southBoundingCoordinate": 25.843}, "sizeMB": 2.41, "format": "HDF4"}, "iphex_2A25_20140510T19-36-26Z.7.HDF": {"temporal": ["2014-05-10T20:09:13.000Z", "2014-05-10T20:14:09.000Z"], "wnes_geometry": {"westBoundingCoordinate": -92.524, "eastBoundingCoordinate": -71.418, "northBoundingCoordinate": 34.742, "southBoundingCoordinate": 27.749}, "sizeMB": 18.28, "format": "HDF4"}, "iphex_2A25_20140510T21-45-26Z.7.HDF": {"temporal": ["2014-05-10T21:47:17.000Z", "2014-05-10T21:51:48.000Z"], "wnes_geometry": {"westBoundingCoordinate": -92.04, "eastBoundingCoordinate": -71.517, "northBoundingCoordinate": 35.923, "southBoundingCoordinate": 33.272}, "sizeMB": 17.49, "format": "HDF4"}, "iphex_2A25_20140510T22-50-26Z.7.HDF": {"temporal": ["2014-05-10T23:24:56.000Z", "2014-05-10T23:29:45.000Z"], "wnes_geometry": {"westBoundingCoordinate": -92.092, "eastBoundingCoordinate": -70.94, "northBoundingCoordinate": 35.365, "southBoundingCoordinate": 29.384}, "sizeMB": 17.95, "format": "HDF4"}, "iphex_2A25_20140511T00-28-26Z.7.HDF": {"temporal": ["2014-05-11T01:02:49.000Z", "2014-05-11T01:04:40.000Z"], "wnes_geometry": {"westBoundingCoordinate": -92.621, "eastBoundingCoordinate": -84.577, "northBoundingCoordinate": 30.297, "southBoundingCoordinate": 25.881}, "sizeMB": 7.1, "format": "HDF4"}, "iphex_2A25_20140511T18-42-26Z.7.HDF": {"temporal": ["2014-05-11T19:13:36.000Z", "2014-05-11T19:18:24.000Z"], "wnes_geometry": {"westBoundingCoordinate": -91.283, "eastBoundingCoordinate": -71.18, "northBoundingCoordinate": 33.915, "southBoundingCoordinate": 26.137}, "sizeMB": 17.95, "format": "HDF4"}, "iphex_2A25_20140511T20-47-26Z.7.HDF": {"temporal": ["2014-05-11T20:51:30.000Z", "2014-05-11T20:56:02.000Z"], "wnes_geometry": {"westBoundingCoordinate": -92.284, "eastBoundingCoordinate": -71.804, "northBoundingCoordinate": 36.217, "southBoundingCoordinate": 32.636}, "sizeMB": 17.49, "format": "HDF4"}, "iphex_2A25_20140511T21-54-26Z.7.HDF": {"temporal": ["2014-05-11T22:29:13.000Z", "2014-05-11T22:33:52.000Z"], "wnes_geometry": {"westBoundingCoordinate": -91.853, "eastBoundingCoordinate": -71.183, "northBoundingCoordinate": 36.112, "southBoundingCoordinate": 31.381}, "sizeMB": 17.62, "format": "HDF4"}, "iphex_2A25_20140511T23-32-26Z.7.HDF": {"temporal": ["2014-05-12T00:06:57.000Z", "2014-05-12T00:10:20.000Z"], "wnes_geometry": {"westBoundingCoordinate": -92.448, "eastBoundingCoordinate": -78.288, "northBoundingCoordinate": 32.478, "southBoundingCoordinate": 26.118}, "sizeMB": 13.14, "format": "HDF4"}, "iphex_2A25_20140512T17-57-26Z.7.HDF": {"temporal": ["2014-05-12T18:19:13.000Z", "2014-05-12T18:22:33.000Z"], "wnes_geometry": {"westBoundingCoordinate": -85.012, "eastBoundingCoordinate": -71.032, "northBoundingCoordinate": 32.409, "southBoundingCoordinate": 26.135}, "sizeMB": 12.81, "format": "HDF4"}, "iphex_2A25_20140512T19-27-26Z.7.HDF": {"temporal": ["2014-05-12T19:55:37.000Z", "2014-05-12T19:58:26.000Z"], "wnes_geometry": {"westBoundingCoordinate": -92.451, "eastBoundingCoordinate": -79.803, "northBoundingCoordinate": 35.39, "southBoundingCoordinate": 31.313}, "sizeMB": 10.93, "format": "HDF4"}, "iphex_2A25_20140512T19-58-26Z.7.HDF": {"temporal": ["2014-05-12T19:58:26.000Z", "2014-05-12T20:00:17.000Z"], "wnes_geometry": {"westBoundingCoordinate": -80.165, "eastBoundingCoordinate": -71.636, "northBoundingCoordinate": 36.099, "southBoundingCoordinate": 33.494}, "sizeMB": 7.1, "format": "HDF4"}, "iphex_2A25_20140512T21-01-26Z.7.HDF": {"temporal": ["2014-05-12T21:33:27.000Z", "2014-05-12T21:38:00.000Z"], "wnes_geometry": {"westBoundingCoordinate": -91.794, "eastBoundingCoordinate": -71.304, "northBoundingCoordinate": 36.217, "southBoundingCoordinate": 32.678}, "sizeMB": 17.49, "format": "HDF4"}, "iphex_2A25_20140512T23-06-26Z.7.HDF": {"temporal": ["2014-05-12T23:11:05.000Z", "2014-05-12T23:15:57.000Z"], "wnes_geometry": {"westBoundingCoordinate": -92.307, "eastBoundingCoordinate": -72.018, "northBoundingCoordinate": 33.97, "southBoundingCoordinate": 26.122}, "sizeMB": 18.15, "format": "HDF4"}, "iphex_2A25_20140513T17-20-26Z.7.HDF": {"temporal": ["2014-05-13T17:24:50.000Z", "2014-05-13T17:26:37.000Z"], "wnes_geometry": {"westBoundingCoordinate": -78.714, "eastBoundingCoordinate": -70.914, "northBoundingCoordinate": 30.494, "southBoundingCoordinate": 26.14}, "sizeMB": 6.9, "format": "HDF4"}, "iphex_2A25_20140513T18-37-26Z.7.HDF": {"temporal": ["2014-05-13T18:59:43.000Z", "2014-05-13T19:04:33.000Z"], "wnes_geometry": {"westBoundingCoordinate": -92.596, "eastBoundingCoordinate": -71.431, "northBoundingCoordinate": 35.636, "southBoundingCoordinate": 29.583}, "sizeMB": 18.15, "format": "HDF4"}, "iphex_2A25_20140513T20-09-26Z.7.HDF": {"temporal": ["2014-05-13T20:37:43.000Z", "2014-05-13T20:42:14.000Z"], "wnes_geometry": {"westBoundingCoordinate": -91.994, "eastBoundingCoordinate": -71.469, "northBoundingCoordinate": 36.219, "southBoundingCoordinate": 33.588}, "sizeMB": 17.49, "format": "HDF4"}, "iphex_2A25_20140513T21-41-26Z.7.HDF": {"temporal": ["2014-05-13T22:15:23.000Z", "2014-05-13T22:19:26.000Z"], "wnes_geometry": {"westBoundingCoordinate": -92.122, "eastBoundingCoordinate": -74.529, "northBoundingCoordinate": 35.068, "southBoundingCoordinate": 29.277}, "sizeMB": 15.48, "format": "HDF4"}, "iphex_2A25_20140513T22-19-26Z.7.HDF": {"temporal": ["2014-05-13T22:19:26.000Z", "2014-05-13T22:20:19.000Z"], "wnes_geometry": {"westBoundingCoordinate": -75.286, "eastBoundingCoordinate": -70.984, "northBoundingCoordinate": 31.091, "southBoundingCoordinate": 28.101}, "sizeMB": 3.97, "format": "HDF4"}, "iphex_2A25_20140513T23-18-26Z.7.HDF": {"temporal": ["2014-05-13T23:53:27.000Z", "2014-05-13T23:54:05.000Z"], "wnes_geometry": {"westBoundingCoordinate": -92.647, "eastBoundingCoordinate": -89.334, "northBoundingCoordinate": 28.85, "southBoundingCoordinate": 26.113}, "sizeMB": 2.54, "format": "HDF4"}, "iphex_2A25_20140514T16-05-26Z.7.HDF": {"temporal": ["2014-05-14T16:30:54.000Z", "2014-05-14T16:31:06.000Z"], "wnes_geometry": {"westBoundingCoordinate": -72.571, "eastBoundingCoordinate": -70.815, "northBoundingCoordinate": 28.196, "southBoundingCoordinate": 26.129}, "sizeMB": 1.63, "format": "HDF4"}, "iphex_2A25_20140514T17-37-26Z.7.HDF": {"temporal": ["2014-05-14T18:04:17.000Z", "2014-05-14T18:08:26.000Z"], "wnes_geometry": {"westBoundingCoordinate": -92.408, "eastBoundingCoordinate": -74.757, "northBoundingCoordinate": 34.183, "southBoundingCoordinate": 27.583}, "sizeMB": 15.61, "format": "HDF4"}, "iphex_2A25_20140514T18-08-26Z.7.HDF": {"temporal": ["2014-05-14T18:08:26.000Z", "2014-05-14T18:09:14.000Z"], "wnes_geometry": {"westBoundingCoordinate": -75.313, "eastBoundingCoordinate": -71.307, "northBoundingCoordinate": 34.815, "southBoundingCoordinate": 32.315}, "sizeMB": 3.77, "format": "HDF4"}, "iphex_2A25_20140514T19-14-26Z.7.HDF": {"temporal": ["2014-05-14T19:42:22.000Z", "2014-05-14T19:45:26.000Z"], "wnes_geometry": {"westBoundingCoordinate": -92.174, "eastBoundingCoordinate": -78.279, "northBoundingCoordinate": 36.218, "southBoundingCoordinate": 33.386}, "sizeMB": 11.45, "format": "HDF4"}, "iphex_2A25_20140514T19-45-26Z.7.HDF": {"temporal": ["2014-05-14T19:45:26.000Z", "2014-05-14T19:46:53.000Z"], "wnes_geometry": {"westBoundingCoordinate": -78.283, "eastBoundingCoordinate": -71.676, "northBoundingCoordinate": 36.219, "southBoundingCoordinate": 34.12}, "sizeMB": 6.11, "format": "HDF4"}, "iphex_2A25_20140514T20-48-26Z.7.HDF": {"temporal": ["2014-05-14T21:20:04.000Z", "2014-05-14T21:24:50.000Z"], "wnes_geometry": {"westBoundingCoordinate": -91.963, "eastBoundingCoordinate": -71.049, "northBoundingCoordinate": 35.791, "southBoundingCoordinate": 30.08}, "sizeMB": 17.95, "format": "HDF4"}, "iphex_2A25_20140514T22-22-26Z.7.HDF": {"temporal": ["2014-05-14T22:57:57.000Z", "2014-05-14T23:00:09.000Z"], "wnes_geometry": {"westBoundingCoordinate": -92.542, "eastBoundingCoordinate": -83.157, "northBoundingCoordinate": 31.038, "southBoundingCoordinate": 26.11}, "sizeMB": 8.65, "format": "HDF4"}, "iphex_2A25_20140515T16-47-26Z.7.HDF": {"temporal": ["2014-05-15T17:09:20.000Z", "2014-05-15T17:13:51.000Z"], "wnes_geometry": {"westBoundingCoordinate": -89.982, "eastBoundingCoordinate": -71.138, "northBoundingCoordinate": 33.635, "southBoundingCoordinate": 26.13}, "sizeMB": 17.49, "format": "HDF4"}, "iphex_2A25_20140515T18-20-26Z.7.HDF": {"temporal": ["2014-05-15T18:46:57.000Z", "2014-05-15T18:51:31.000Z"], "wnes_geometry": {"westBoundingCoordinate": -92.314, "eastBoundingCoordinate": -71.772, "northBoundingCoordinate": 36.218, "southBoundingCoordinate": 32.393}, "sizeMB": 17.49, "format": "HDF4"}, "iphex_2A25_20140515T19-56-26Z.7.HDF": {"temporal": ["2014-05-15T20:24:44.000Z", "2014-05-15T20:29:21.000Z"], "wnes_geometry": {"westBoundingCoordinate": -91.795, "eastBoundingCoordinate": -71.206, "northBoundingCoordinate": 36.162, "southBoundingCoordinate": 31.681}, "sizeMB": 17.62, "format": "HDF4"}, "iphex_2A25_20140515T21-29-26Z.7.HDF": {"temporal": ["2014-05-15T22:02:28.000Z", "2014-05-15T22:06:10.000Z"], "wnes_geometry": {"westBoundingCoordinate": -92.398, "eastBoundingCoordinate": -76.974, "northBoundingCoordinate": 32.815, "southBoundingCoordinate": 26.11}, "sizeMB": 13.79, "format": "HDF4"}, "iphex_2A25_20140516T15-53-26Z.7.HDF": {"temporal": ["2014-05-16T16:15:20.000Z", "2014-05-16T16:18:21.000Z"], "wnes_geometry": {"westBoundingCoordinate": -83.777, "eastBoundingCoordinate": -71.012, "northBoundingCoordinate": 32.066, "southBoundingCoordinate": 26.136}, "sizeMB": 11.45, "format": "HDF4"}, "iphex_2A25_20140516T17-32-26Z.7.HDF": {"temporal": ["2014-05-16T17:51:27.000Z", "2014-05-16T17:56:09.000Z"], "wnes_geometry": {"westBoundingCoordinate": -92.46, "eastBoundingCoordinate": -71.574, "northBoundingCoordinate": 36.039, "southBoundingCoordinate": 31.013}, "sizeMB": 17.82, "format": "HDF4"}, "iphex_2A25_20140516T18-01-26Z.7.HDF": {"temporal": ["2014-05-16T19:29:20.000Z", "2014-05-16T19:29:26.000Z"], "wnes_geometry": {"westBoundingCoordinate": -91.838, "eastBoundingCoordinate": -91.238, "northBoundingCoordinate": 36.196, "southBoundingCoordinate": 34.26}, "sizeMB": 1.43, "format": "HDF4"}, "iphex_2A25_20140516T19-29-26Z.7.HDF": {"temporal": ["2014-05-16T19:29:27.000Z", "2014-05-16T19:33:52.000Z"], "wnes_geometry": {"westBoundingCoordinate": -91.291, "eastBoundingCoordinate": -71.345, "northBoundingCoordinate": 36.219, "southBoundingCoordinate": 32.885}, "sizeMB": 16.14, "format": "HDF4"}, "iphex_2A25_20140516T20-37-26Z.7.HDF": {"temporal": ["2014-05-16T21:06:59.000Z", "2014-05-16T21:11:55.000Z"], "wnes_geometry": {"westBoundingCoordinate": -92.281, "eastBoundingCoordinate": -71.646, "northBoundingCoordinate": 34.215, "southBoundingCoordinate": 26.459}, "sizeMB": 18.28, "format": "HDF4"}, "iphex_2A25_20140517T15-00-26Z.7.HDF": {"temporal": ["2014-05-17T15:21:16.000Z", "2014-05-17T15:22:46.000Z"], "wnes_geometry": {"westBoundingCoordinate": -77.59, "eastBoundingCoordinate": -70.882, "northBoundingCoordinate": 30.101, "southBoundingCoordinate": 26.13}, "sizeMB": 6.31, "format": "HDF4"}, "iphex_2A25_20140517T16-35-26Z.7.HDF": {"temporal": ["2014-05-17T16:55:51.000Z", "2014-05-17T17:00:43.000Z"], "wnes_geometry": {"westBoundingCoordinate": -92.599, "eastBoundingCoordinate": -71.438, "northBoundingCoordinate": 35.506, "southBoundingCoordinate": 29.227}, "sizeMB": 18.15, "format": "HDF4"}, "iphex_2A25_20140517T18-09-26Z.7.HDF": {"temporal": ["2014-05-17T18:33:51.000Z", "2014-05-17T18:38:22.000Z"], "wnes_geometry": {"westBoundingCoordinate": -92.035, "eastBoundingCoordinate": -71.543, "northBoundingCoordinate": 36.218, "southBoundingCoordinate": 33.72}, "sizeMB": 17.49, "format": "HDF4"}, "iphex_2A25_20140517T19-44-26Z.7.HDF": {"temporal": ["2014-05-17T20:11:31.000Z", "2014-05-17T20:16:26.000Z"], "wnes_geometry": {"westBoundingCoordinate": -92.1, "eastBoundingCoordinate": -70.943, "northBoundingCoordinate": 35.23, "southBoundingCoordinate": 28.486}, "sizeMB": 18.15, "format": "HDF4"}, "iphex_2A25_20140517T21-16-26Z.7.HDF": {"temporal": ["2014-05-17T21:49:32.000Z", "2014-05-17T21:50:28.000Z"], "wnes_geometry": {"westBoundingCoordinate": -92.632, "eastBoundingCoordinate": -88.179, "northBoundingCoordinate": 29.294, "southBoundingCoordinate": 26.116}, "sizeMB": 4.1, "format": "HDF4"}, "iphex_2A25_20140518T15-40-26Z.7.HDF": {"temporal": ["2014-05-18T16:00:16.000Z", "2014-05-18T16:05:13.000Z"], "wnes_geometry": {"westBoundingCoordinate": -92.218, "eastBoundingCoordinate": -71.263, "northBoundingCoordinate": 34.616, "southBoundingCoordinate": 27.21}, "sizeMB": 18.28, "format": "HDF4"}, "iphex_2A25_20140518T17-18-26Z.7.HDF": {"temporal": ["2014-05-18T17:38:19.000Z", "2014-05-18T17:42:51.000Z"], "wnes_geometry": {"westBoundingCoordinate": -92.209, "eastBoundingCoordinate": -71.691, "northBoundingCoordinate": 36.217, "southBoundingCoordinate": 33.222}, "sizeMB": 17.49, "format": "HDF4"}, "iphex_2A25_20140518T18-52-26Z.7.HDF": {"temporal": ["2014-05-18T19:16:01.000Z", "2014-05-18T19:20:45.000Z"], "wnes_geometry": {"westBoundingCoordinate": -91.927, "eastBoundingCoordinate": -71.105, "northBoundingCoordinate": 35.889, "southBoundingCoordinate": 30.431}, "sizeMB": 17.82, "format": "HDF4"}, "iphex_2A25_20140518T20-24-26Z.7.HDF": {"temporal": ["2014-05-18T20:53:52.000Z", "2014-05-18T20:56:21.000Z"], "wnes_geometry": {"westBoundingCoordinate": -92.499, "eastBoundingCoordinate": -81.964, "northBoundingCoordinate": 31.409, "southBoundingCoordinate": 26.115}, "sizeMB": 9.24, "format": "HDF4"}, "iphex_2A25_20140519T15-02-26Z.7.HDF": {"temporal": ["2014-05-19T15:05:25.000Z", "2014-05-19T15:09:38.000Z"], "wnes_geometry": {"westBoundingCoordinate": -88.744, "eastBoundingCoordinate": -71.107, "northBoundingCoordinate": 33.353, "southBoundingCoordinate": 26.131}, "sizeMB": 15.81, "format": "HDF4"}, "iphex_2A25_20140519T16-27-26Z.7.HDF": {"temporal": ["2014-05-19T16:42:43.000Z", "2014-05-19T16:47:19.000Z"], "wnes_geometry": {"westBoundingCoordinate": -92.366, "eastBoundingCoordinate": -71.721, "northBoundingCoordinate": 36.209, "southBoundingCoordinate": 32.144}, "sizeMB": 17.62, "format": "HDF4"}, "iphex_2A25_20140519T18-13-26Z.7.HDF": {"temporal": ["2014-05-19T18:20:30.000Z", "2014-05-19T18:25:06.000Z"], "wnes_geometry": {"westBoundingCoordinate": -91.784, "eastBoundingCoordinate": -71.234, "northBoundingCoordinate": 36.195, "southBoundingCoordinate": 31.954}, "sizeMB": 17.62, "format": "HDF4"}, "iphex_2A25_20140519T19-31-26Z.7.HDF": {"temporal": ["2014-05-19T19:58:13.000Z", "2014-05-19T20:02:12.000Z"], "wnes_geometry": {"westBoundingCoordinate": -92.37, "eastBoundingCoordinate": -75.751, "northBoundingCoordinate": 33.125, "southBoundingCoordinate": 26.119}, "sizeMB": 15.28, "format": "HDF4"}, "iphex_2A25_20140520T12-37-26Z.7.HDF": {"temporal": ["2014-05-20T14:11:14.000Z", "2014-05-20T14:13:57.000Z"], "wnes_geometry": {"westBoundingCoordinate": -82.486, "eastBoundingCoordinate": -70.966, "northBoundingCoordinate": 31.7, "southBoundingCoordinate": 26.143}, "sizeMB": 10.67, "format": "HDF4"}, "iphex_2A25_20140520T15-41-26Z.7.HDF": {"temporal": ["2014-05-20T15:47:02.000Z", "2014-05-20T15:51:46.000Z"], "wnes_geometry": {"westBoundingCoordinate": -92.498, "eastBoundingCoordinate": -71.552, "northBoundingCoordinate": 35.957, "southBoundingCoordinate": 30.676}, "sizeMB": 17.82, "format": "HDF4"}, "iphex_2A25_20140520T17-04-26Z.7.HDF": {"temporal": ["2014-05-20T17:24:55.000Z", "2014-05-20T17:29:27.000Z"], "wnes_geometry": {"westBoundingCoordinate": -91.898, "eastBoundingCoordinate": -71.403, "northBoundingCoordinate": 36.218, "southBoundingCoordinate": 33.092}, "sizeMB": 17.49, "format": "HDF4"}, "iphex_2A25_20140520T18-40-26Z.7.HDF": {"temporal": ["2014-05-20T19:02:34.000Z", "2014-05-20T19:07:30.000Z"], "wnes_geometry": {"westBoundingCoordinate": -92.241, "eastBoundingCoordinate": -71.442, "northBoundingCoordinate": 34.453, "southBoundingCoordinate": 26.884}, "sizeMB": 18.28, "format": "HDF4"}, "iphex_2A25_20140521T13-10-26Z.7.HDF": {"temporal": ["2014-05-21T13:17:01.000Z", "2014-05-21T13:18:11.000Z"], "wnes_geometry": {"westBoundingCoordinate": -76.274, "eastBoundingCoordinate": -70.878, "northBoundingCoordinate": 29.622, "southBoundingCoordinate": 26.131}, "sizeMB": 4.56, "format": "HDF4"}, "iphex_2A25_20140521T14-50-26Z.7.HDF": {"temporal": ["2014-05-21T14:51:16.000Z", "2014-05-21T14:56:10.000Z"], "wnes_geometry": {"westBoundingCoordinate": -92.641, "eastBoundingCoordinate": -71.377, "northBoundingCoordinate": 35.349, "southBoundingCoordinate": 28.79}, "sizeMB": 18.15, "format": "HDF4"}, "iphex_2A25_20140521T16-09-26Z.7.HDF": {"temporal": ["2014-05-21T16:29:17.000Z", "2014-05-21T16:33:48.000Z"], "wnes_geometry": {"westBoundingCoordinate": -92.062, "eastBoundingCoordinate": -71.566, "northBoundingCoordinate": 36.217, "southBoundingCoordinate": 33.807}, "sizeMB": 17.49, "format": "HDF4"}, "iphex_2A25_20140521T17-41-26Z.7.HDF": {"temporal": ["2014-05-21T18:06:56.000Z", "2014-05-21T18:11:49.000Z"], "wnes_geometry": {"westBoundingCoordinate": -92.071, "eastBoundingCoordinate": -70.966, "northBoundingCoordinate": 35.4, "southBoundingCoordinate": 28.933}, "sizeMB": 18.15, "format": "HDF4"}, "iphex_2A25_20140521T19-20-26Z.7.HDF": {"temporal": ["2014-05-21T19:44:54.000Z", "2014-05-21T19:46:10.000Z"], "wnes_geometry": {"westBoundingCoordinate": -92.6, "eastBoundingCoordinate": -86.882, "northBoundingCoordinate": 29.776, "southBoundingCoordinate": 26.127}, "sizeMB": 4.89, "format": "HDF4"}, "iphex_2A25_20140522T13-54-26Z.7.HDF": {"temporal": ["2014-05-22T13:55:34.000Z", "2014-05-22T14:00:30.000Z"], "wnes_geometry": {"westBoundingCoordinate": -92.025, "eastBoundingCoordinate": -71.239, "northBoundingCoordinate": 34.37, "southBoundingCoordinate": 26.765}, "sizeMB": 18.28, "format": "HDF4"}, "iphex_2A25_20140522T15-26-26Z.7.HDF": {"temporal": ["2014-05-22T15:33:36.000Z", "2014-05-22T15:38:07.000Z"], "wnes_geometry": {"westBoundingCoordinate": -92.234, "eastBoundingCoordinate": -71.762, "northBoundingCoordinate": 36.227, "southBoundingCoordinate": 33.022}, "sizeMB": 17.49, "format": "HDF4"}, "iphex_2A25_20140522T16-52-26Z.7.HDF": {"temporal": ["2014-05-22T17:11:19.000Z", "2014-05-22T17:16:01.000Z"], "wnes_geometry": {"westBoundingCoordinate": -91.906, "eastBoundingCoordinate": -71.094, "northBoundingCoordinate": 35.987, "southBoundingCoordinate": 30.785}, "sizeMB": 17.82, "format": "HDF4"}, "iphex_2A25_20140522T18-21-26Z.7.HDF": {"temporal": ["2014-05-22T18:49:08.000Z", "2014-05-22T18:51:58.000Z"], "wnes_geometry": {"westBoundingCoordinate": -92.498, "eastBoundingCoordinate": -80.604, "northBoundingCoordinate": 31.824, "southBoundingCoordinate": 26.11}, "sizeMB": 10.93, "format": "HDF4"}, "iphex_2A25_20140523T12-54-26Z.7.HDF": {"temporal": ["2014-05-23T13:01:12.000Z", "2014-05-23T13:05:07.000Z"], "wnes_geometry": {"westBoundingCoordinate": -87.424, "eastBoundingCoordinate": -71.068, "northBoundingCoordinate": 33.043, "southBoundingCoordinate": 26.136}, "sizeMB": 15.15, "format": "HDF4"}, "iphex_2A25_20140523T14-32-26Z.7.HDF": {"temporal": ["2014-05-23T14:38:13.000Z", "2014-05-23T14:42:51.000Z"], "wnes_geometry": {"westBoundingCoordinate": -92.405, "eastBoundingCoordinate": -71.67, "northBoundingCoordinate": 36.187, "southBoundingCoordinate": 31.867}, "sizeMB": 17.62, "format": "HDF4"}, "iphex_2A25_20140523T15-56-26Z.7.HDF": {"temporal": ["2014-05-23T16:16:02.000Z", "2014-05-23T16:20:37.000Z"], "wnes_geometry": {"westBoundingCoordinate": -91.776, "eastBoundingCoordinate": -71.263, "northBoundingCoordinate": 36.215, "southBoundingCoordinate": 32.221}, "sizeMB": 17.49, "format": "HDF4"}, "iphex_2A25_20140523T17-28-26Z.7.HDF": {"temporal": ["2014-05-23T17:53:45.000Z", "2014-05-23T17:58:02.000Z"], "wnes_geometry": {"westBoundingCoordinate": -92.332, "eastBoundingCoordinate": -74.47, "northBoundingCoordinate": 33.431, "southBoundingCoordinate": 26.124}, "sizeMB": 15.94, "format": "HDF4"}, "iphex_2A25_20140524T12-06-26Z.7.HDF": {"temporal": ["2014-05-24T12:07:15.000Z", "2014-05-24T12:09:40.000Z"], "wnes_geometry": {"westBoundingCoordinate": -81.238, "eastBoundingCoordinate": -70.955, "northBoundingCoordinate": 31.315, "southBoundingCoordinate": 26.141}, "sizeMB": 9.11, "format": "HDF4"}, "iphex_2A25_20140524T13-42-26Z.7.HDF": {"temporal": ["2014-05-24T13:42:46.000Z", "2014-05-24T13:47:31.000Z"], "wnes_geometry": {"westBoundingCoordinate": -92.52, "eastBoundingCoordinate": -71.521, "northBoundingCoordinate": 35.864, "southBoundingCoordinate": 30.334}, "sizeMB": 17.95, "format": "HDF4"}, "iphex_2A25_20140524T15-20-26Z.7.HDF": {"temporal": ["2014-05-24T15:20:41.000Z", "2014-05-24T17:00:20.000Z"], "wnes_geometry": {"westBoundingCoordinate": -92.182, "eastBoundingCoordinate": -71.409, "northBoundingCoordinate": 36.218, "southBoundingCoordinate": 30.996}, "sizeMB": 27.78, "format": "HDF4"}, "iphex_2A25_20140524T17-01-26Z.7.HDF": {"temporal": ["2014-05-24T17:01:26.000Z", "2014-05-24T17:03:17.000Z"], "wnes_geometry": {"westBoundingCoordinate": -79.384, "eastBoundingCoordinate": -71.271, "northBoundingCoordinate": 31.589, "southBoundingCoordinate": 27.289}, "sizeMB": 7.1, "format": "HDF4"}, "iphex_2A25_20140525T09-39-26Z.7.HDF": {"temporal": ["2014-05-25T11:13:16.000Z", "2014-05-25T11:14:07.000Z"], "wnes_geometry": {"westBoundingCoordinate": -75.052, "eastBoundingCoordinate": -70.841, "northBoundingCoordinate": 29.184, "southBoundingCoordinate": 26.141}, "sizeMB": 3.97, "format": "HDF4"}, "iphex_2A25_20140525T11-17-26Z.7.HDF": {"temporal": ["2014-05-25T12:47:13.000Z", "2014-05-25T12:50:26.000Z"], "wnes_geometry": {"westBoundingCoordinate": -92.651, "eastBoundingCoordinate": -78.708, "northBoundingCoordinate": 33.882, "southBoundingCoordinate": 28.386}, "sizeMB": 12.68, "format": "HDF4"}, "iphex_2A25_20140525T12-50-26Z.7.HDF": {"temporal": ["2014-05-25T12:50:26.000Z", "2014-05-25T12:52:09.000Z"], "wnes_geometry": {"westBoundingCoordinate": -79.299, "eastBoundingCoordinate": -71.369, "northBoundingCoordinate": 35.19, "southBoundingCoordinate": 32.022}, "sizeMB": 6.77, "format": "HDF4"}, "iphex_2A25_20140525T14-23-26Z.7.HDF": {"temporal": ["2014-05-25T14:25:18.000Z", "2014-05-25T14:29:48.000Z"], "wnes_geometry": {"westBoundingCoordinate": -92.08, "eastBoundingCoordinate": -71.591, "northBoundingCoordinate": 36.218, "southBoundingCoordinate": 33.687}, "sizeMB": 17.49, "format": "HDF4"}, "iphex_2A25_20140525T15-44-26Z.7.HDF": {"temporal": ["2014-05-25T16:02:58.000Z", "2014-05-25T16:07:48.000Z"], "wnes_geometry": {"westBoundingCoordinate": -92.037, "eastBoundingCoordinate": -71.007, "northBoundingCoordinate": 35.539, "southBoundingCoordinate": 29.32}, "sizeMB": 18.15, "format": "HDF4"}, "iphex_2A25_20140525T17-18-26Z.7.HDF": {"temporal": ["2014-05-25T17:40:55.000Z", "2014-05-25T17:42:29.000Z"], "wnes_geometry": {"westBoundingCoordinate": -92.581, "eastBoundingCoordinate": -85.664, "northBoundingCoordinate": 30.196, "southBoundingCoordinate": 26.11}, "sizeMB": 6.31, "format": "HDF4"}, "iphex_2A25_20140526T10-20-26Z.7.HDF": {"temporal": ["2014-05-26T11:51:48.000Z", "2014-05-26T11:52:26.000Z"], "wnes_geometry": {"westBoundingCoordinate": -91.843, "eastBoundingCoordinate": -88.468, "northBoundingCoordinate": 29.097, "southBoundingCoordinate": 26.387}, "sizeMB": 2.54, "format": "HDF4"}, "iphex_2A25_20140526T11-52-26Z.7.HDF": {"temporal": ["2014-05-26T11:52:27.000Z", "2014-05-26T11:56:43.000Z"], "wnes_geometry": {"westBoundingCoordinate": -89.397, "eastBoundingCoordinate": -71.214, "northBoundingCoordinate": 34.154, "southBoundingCoordinate": 27.335}, "sizeMB": 15.94, "format": "HDF4"}, "iphex_2A25_20140526T13-28-26Z.7.HDF": {"temporal": ["2014-05-26T13:29:50.000Z", "2014-05-26T13:34:23.000Z"], "wnes_geometry": {"westBoundingCoordinate": -92.281, "eastBoundingCoordinate": -71.756, "northBoundingCoordinate": 36.217, "southBoundingCoordinate": 32.835}, "sizeMB": 17.49, "format": "HDF4"}, "iphex_2A25_20140526T15-06-26Z.7.HDF": {"temporal": ["2014-05-26T15:07:34.000Z", "2014-05-26T15:12:14.000Z"], "wnes_geometry": {"westBoundingCoordinate": -91.85, "eastBoundingCoordinate": -71.151, "northBoundingCoordinate": 36.052, "southBoundingCoordinate": 31.085}, "sizeMB": 17.62, "format": "HDF4"}, "iphex_2A25_20140526T16-25-26Z.7.HDF": {"temporal": ["2014-05-26T16:45:21.000Z", "2014-05-26T16:48:27.000Z"], "wnes_geometry": {"westBoundingCoordinate": -92.473, "eastBoundingCoordinate": -79.49, "northBoundingCoordinate": 32.149, "southBoundingCoordinate": 26.118}, "sizeMB": 11.58, "format": "HDF4"}, "iphex_2A25_20140527T09-27-26Z.7.HDF": {"temporal": ["2014-05-27T10:57:35.000Z", "2014-05-27T11:00:26.000Z"], "wnes_geometry": {"westBoundingCoordinate": -86.234, "eastBoundingCoordinate": -74.308, "northBoundingCoordinate": 31.57, "southBoundingCoordinate": 25.853}, "sizeMB": 11.12, "format": "HDF4"}, "iphex_2A25_20140527T11-00-26Z.7.HDF": {"temporal": ["2014-05-27T11:00:26.000Z", "2014-05-27T11:01:13.000Z"], "wnes_geometry": {"westBoundingCoordinate": -75.019, "eastBoundingCoordinate": -71.12, "northBoundingCoordinate": 32.466, "southBoundingCoordinate": 29.733}, "sizeMB": 3.77, "format": "HDF4"}, "iphex_2A25_20140527T12-33-26Z.7.HDF": {"temporal": ["2014-05-27T12:34:20.000Z", "2014-05-27T12:38:57.000Z"], "wnes_geometry": {"westBoundingCoordinate": -92.343, "eastBoundingCoordinate": -71.732, "northBoundingCoordinate": 35.858, "southBoundingCoordinate": 31.327}, "sizeMB": 17.62, "format": "HDF4"}, "iphex_2A25_20140527T14-06-26Z.7.HDF": {"temporal": ["2014-05-27T14:12:09.000Z", "2014-05-27T14:16:43.000Z"], "wnes_geometry": {"westBoundingCoordinate": -91.781, "eastBoundingCoordinate": -71.222, "northBoundingCoordinate": 35.924, "southBoundingCoordinate": 32.16}, "sizeMB": 17.49, "format": "HDF4"}, "iphex_2A25_20140527T15-31-26Z.7.HDF": {"temporal": ["2014-05-27T15:49:49.000Z", "2014-05-27T15:54:23.000Z"], "wnes_geometry": {"westBoundingCoordinate": -92.414, "eastBoundingCoordinate": -73.306, "northBoundingCoordinate": 33.413, "southBoundingCoordinate": 25.879}, "sizeMB": 17.49, "format": "HDF4"}, "iphex_2A25_20140528T08-35-26Z.7.HDF": {"temporal": ["2014-05-28T10:03:31.000Z", "2014-05-28T10:05:37.000Z"], "wnes_geometry": {"westBoundingCoordinate": -80.037, "eastBoundingCoordinate": -71.016, "northBoundingCoordinate": 30.656, "southBoundingCoordinate": 25.85}, "sizeMB": 8.46, "format": "HDF4"}, "iphex_2A25_20140528T10-07-26Z.7.HDF": {"temporal": ["2014-05-28T11:38:44.000Z", "2014-05-28T11:42:26.000Z"], "wnes_geometry": {"westBoundingCoordinate": -92.479, "eastBoundingCoordinate": -76.26, "northBoundingCoordinate": 34.925, "southBoundingCoordinate": 29.711}, "sizeMB": 13.79, "format": "HDF4"}, "iphex_2A25_20140528T11-42-26Z.7.HDF": {"temporal": ["2014-05-28T11:42:27.000Z", "2014-05-28T11:43:31.000Z"], "wnes_geometry": {"westBoundingCoordinate": -76.587, "eastBoundingCoordinate": -71.563, "northBoundingCoordinate": 35.47, "southBoundingCoordinate": 33.021}, "sizeMB": 4.3, "format": "HDF4"}, "iphex_2A25_20140528T13-16-26Z.7.HDF": {"temporal": ["2014-05-28T13:16:41.000Z", "2014-05-28T13:21:12.000Z"], "wnes_geometry": {"westBoundingCoordinate": -91.853, "eastBoundingCoordinate": -71.348, "northBoundingCoordinate": 35.923, "southBoundingCoordinate": 33.134}, "sizeMB": 17.49, "format": "HDF4"}, "iphex_2A25_20140528T14-53-26Z.7.HDF": {"temporal": ["2014-05-28T14:54:19.000Z", "2014-05-28T14:59:16.000Z"], "wnes_geometry": {"westBoundingCoordinate": -92.256, "eastBoundingCoordinate": -71.075, "northBoundingCoordinate": 34.577, "southBoundingCoordinate": 27.408}, "sizeMB": 18.28, "format": "HDF4"}, "iphex_2A25_20140528T16-11-26Z.7.HDF": {"temporal": ["2014-05-28T16:32:25.000Z", "2014-05-28T16:32:42.000Z"], "wnes_geometry": {"westBoundingCoordinate": -92.733, "eastBoundingCoordinate": -90.707, "northBoundingCoordinate": 28.051, "southBoundingCoordinate": 25.887}, "sizeMB": 1.76, "format": "HDF4"}, "iphex_2A25_20140529T07-36-26Z.7.HDF": {"temporal": ["2014-05-29T09:09:25.000Z", "2014-05-29T09:09:57.000Z"], "wnes_geometry": {"westBoundingCoordinate": -73.816, "eastBoundingCoordinate": -70.892, "northBoundingCoordinate": 28.445, "southBoundingCoordinate": 25.854}, "sizeMB": 2.28, "format": "HDF4"}, "iphex_2A25_20140529T09-15-26Z.7.HDF": {"temporal": ["2014-05-29T10:43:05.000Z", "2014-05-29T10:48:01.000Z"], "wnes_geometry": {"westBoundingCoordinate": -92.512, "eastBoundingCoordinate": -71.414, "northBoundingCoordinate": 34.725, "southBoundingCoordinate": 27.714}, "sizeMB": 18.28, "format": "HDF4"}, "iphex_2A25_20140529T10-53-26Z.7.HDF": {"temporal": ["2014-05-29T12:21:10.000Z", "2014-05-29T12:21:26.000Z"], "wnes_geometry": {"westBoundingCoordinate": -92.055, "eastBoundingCoordinate": -90.569, "northBoundingCoordinate": 35.305, "southBoundingCoordinate": 33.257}, "sizeMB": 1.76, "format": "HDF4"}, "iphex_2A25_20140529T12-21-26Z.7.HDF": {"temporal": ["2014-05-29T12:21:27.000Z", "2014-05-29T12:25:41.000Z"], "wnes_geometry": {"westBoundingCoordinate": -90.808, "eastBoundingCoordinate": -71.541, "northBoundingCoordinate": 35.923, "southBoundingCoordinate": 33.394}, "sizeMB": 15.81, "format": "HDF4"}, "iphex_2A25_20140529T13-58-26Z.7.HDF": {"temporal": ["2014-05-29T13:58:49.000Z", "2014-05-29T15:38:20.000Z"], "wnes_geometry": {"westBoundingCoordinate": -92.62, "eastBoundingCoordinate": -70.967, "northBoundingCoordinate": 35.376, "southBoundingCoordinate": 26.268}, "sizeMB": 71.03, "format": "HDF4"}, "iphex_2A25_20140530T08-23-26Z.7.HDF": {"temporal": ["2014-05-30T09:47:42.000Z", "2014-05-30T09:52:29.000Z"], "wnes_geometry": {"westBoundingCoordinate": -91.194, "eastBoundingCoordinate": -71.251, "northBoundingCoordinate": 33.617, "southBoundingCoordinate": 25.852}, "sizeMB": 17.95, "format": "HDF4"}, "iphex_2A25_20140530T09-56-26Z.7.HDF": {"temporal": ["2014-05-30T11:25:36.000Z", "2014-05-30T11:27:26.000Z"], "wnes_geometry": {"westBoundingCoordinate": -92.213, "eastBoundingCoordinate": -83.831, "northBoundingCoordinate": 35.36, "southBoundingCoordinate": 32.337}, "sizeMB": 7.1, "format": "HDF4"}, "iphex_2A25_20140530T11-27-26Z.7.HDF": {"temporal": ["2014-05-30T11:27:26.000Z", "2014-05-30T13:03:26.000Z"], "wnes_geometry": {"westBoundingCoordinate": -91.931, "eastBoundingCoordinate": -71.734, "northBoundingCoordinate": 35.922, "southBoundingCoordinate": 33.45}, "sizeMB": 10.93, "format": "HDF4"}, "iphex_2A25_20140530T13-03-26Z.7.HDF": {"temporal": ["2014-05-30T13:03:26.000Z", "2014-05-30T14:43:20.000Z"], "wnes_geometry": {"westBoundingCoordinate": -92.497, "eastBoundingCoordinate": -71.092, "northBoundingCoordinate": 35.795, "southBoundingCoordinate": 27.542}, "sizeMB": 43.52, "format": "HDF4"}, "iphex_2A25_20140531T07-29-26Z.7.HDF": {"temporal": ["2014-05-31T08:53:32.000Z", "2014-05-31T08:56:51.000Z"], "wnes_geometry": {"westBoundingCoordinate": -84.991, "eastBoundingCoordinate": -71.126, "northBoundingCoordinate": 32.12, "southBoundingCoordinate": 25.845}, "sizeMB": 12.81, "format": "HDF4"}, "iphex_2A25_20140531T09-08-26Z.7.HDF": {"temporal": ["2014-05-31T10:29:58.000Z", "2014-05-31T10:34:37.000Z"], "wnes_geometry": {"westBoundingCoordinate": -92.371, "eastBoundingCoordinate": -71.724, "northBoundingCoordinate": 35.805, "southBoundingCoordinate": 31.03}, "sizeMB": 17.62, "format": "HDF4"}, "iphex_2A25_20140531T10-50-26Z.7.HDF": {"temporal": ["2014-05-31T12:07:49.000Z", "2014-05-31T12:12:21.000Z"], "wnes_geometry": {"westBoundingCoordinate": -91.746, "eastBoundingCoordinate": -71.251, "northBoundingCoordinate": 35.923, "southBoundingCoordinate": 32.392}, "sizeMB": 17.49, "format": "HDF4"}, "iphex_2A25_20140531T12-15-26Z.7.HDF": {"temporal": ["2014-05-31T13:45:28.000Z", "2014-05-31T13:50:19.000Z"], "wnes_geometry": {"westBoundingCoordinate": -92.369, "eastBoundingCoordinate": -72.043, "northBoundingCoordinate": 33.678, "southBoundingCoordinate": 25.883}, "sizeMB": 18.15, "format": "HDF4"}, "iphex_2A25_20140601T06-30-26Z.7.HDF": {"temporal": ["2014-06-01T07:59:22.000Z", "2014-06-01T08:01:10.000Z"], "wnes_geometry": {"westBoundingCoordinate": -78.767, "eastBoundingCoordinate": -70.965, "northBoundingCoordinate": 30.238, "southBoundingCoordinate": 25.842}, "sizeMB": 6.9, "format": "HDF4"}, "iphex_2A25_20140601T08-06-26Z.7.HDF": {"temporal": ["2014-06-01T09:34:16.000Z", "2014-06-01T09:39:05.000Z"], "wnes_geometry": {"westBoundingCoordinate": -92.49, "eastBoundingCoordinate": -71.526, "northBoundingCoordinate": 35.344, "southBoundingCoordinate": 29.329}, "sizeMB": 17.95, "format": "HDF4"}, "iphex_2A25_20140601T09-43-26Z.7.HDF": {"temporal": ["2014-06-01T11:12:14.000Z", "2014-06-01T11:12:26.000Z"], "wnes_geometry": {"westBoundingCoordinate": -91.918, "eastBoundingCoordinate": -90.865, "northBoundingCoordinate": 35.705, "southBoundingCoordinate": 33.724}, "sizeMB": 1.63, "format": "HDF4"}, "iphex_2A25_20140601T11-12-26Z.7.HDF": {"temporal": ["2014-06-01T11:12:26.000Z", "2014-06-01T12:52:20.000Z"], "wnes_geometry": {"westBoundingCoordinate": -92.233, "eastBoundingCoordinate": -71.404, "northBoundingCoordinate": 35.922, "southBoundingCoordinate": 30.817}, "sizeMB": 25.31, "format": "HDF4"}, "iphex_2A25_20140601T12-52-26Z.7.HDF": {"temporal": ["2014-06-01T12:52:27.000Z", "2014-06-01T12:54:49.000Z"], "wnes_geometry": {"westBoundingCoordinate": -81.313, "eastBoundingCoordinate": -70.895, "northBoundingCoordinate": 32.54, "southBoundingCoordinate": 27.806}, "sizeMB": 9.11, "format": "HDF4"}, "iphex_2A25_20140601T14-27-26Z.7.HDF": {"temporal": ["2014-06-01T14:27:55.000Z", "2014-06-01T14:28:32.000Z"], "wnes_geometry": {"westBoundingCoordinate": -92.712, "eastBoundingCoordinate": -89.405, "northBoundingCoordinate": 28.561, "southBoundingCoordinate": 25.885}, "sizeMB": 2.54, "format": "HDF4"}, "iphex_2A25_20140602T06-17-26Z.7.HDF": {"temporal": ["2014-06-02T07:05:11.000Z", "2014-06-02T07:05:23.000Z"], "wnes_geometry": {"westBoundingCoordinate": -72.506, "eastBoundingCoordinate": -70.861, "northBoundingCoordinate": 27.925, "southBoundingCoordinate": 25.853}, "sizeMB": 1.63, "format": "HDF4"}, "iphex_2A25_20140602T07-16-26Z.7.HDF": {"temporal": ["2014-06-02T08:38:32.000Z", "2014-06-02T08:43:29.000Z"], "wnes_geometry": {"westBoundingCoordinate": -92.387, "eastBoundingCoordinate": -71.366, "northBoundingCoordinate": 34.522, "southBoundingCoordinate": 27.286}, "sizeMB": 18.28, "format": "HDF4"}, "iphex_2A25_20140602T08-58-26Z.7.HDF": {"temporal": ["2014-06-02T10:16:37.000Z", "2014-06-02T10:21:08.000Z"], "wnes_geometry": {"westBoundingCoordinate": -92.071, "eastBoundingCoordinate": -71.569, "northBoundingCoordinate": 35.921, "southBoundingCoordinate": 33.096}, "sizeMB": 17.49, "format": "HDF4"}, "iphex_2A25_20140602T11-51-26Z.7.HDF": {"temporal": ["2014-06-02T11:54:17.000Z", "2014-06-02T11:59:03.000Z"], "wnes_geometry": {"westBoundingCoordinate": -92.045, "eastBoundingCoordinate": -71.003, "northBoundingCoordinate": 35.497, "southBoundingCoordinate": 29.815}, "sizeMB": 17.95, "format": "HDF4"}, "iphex_2A25_20140602T13-31-26Z.7.HDF": {"temporal": ["2014-06-02T13:32:08.000Z", "2014-06-02T13:34:20.000Z"], "wnes_geometry": {"westBoundingCoordinate": -92.618, "eastBoundingCoordinate": -83.158, "northBoundingCoordinate": 30.768, "southBoundingCoordinate": 25.88}, "sizeMB": 8.65, "format": "HDF4"}, "iphex_2A25_20140603T07-00-26Z.7.HDF": {"temporal": ["2014-06-03T07:43:21.000Z", "2014-06-03T07:47:50.000Z"], "wnes_geometry": {"westBoundingCoordinate": -89.875, "eastBoundingCoordinate": -71.232, "northBoundingCoordinate": 33.325, "southBoundingCoordinate": 25.845}, "sizeMB": 17.3, "format": "HDF4"}, "iphex_2A25_20140603T07-49-26Z.7.HDF": {"temporal": ["2014-06-03T09:20:57.000Z", "2014-06-03T09:25:31.000Z"], "wnes_geometry": {"westBoundingCoordinate": -92.263, "eastBoundingCoordinate": -71.758, "northBoundingCoordinate": 35.92, "southBoundingCoordinate": 32.086}, "sizeMB": 17.49, "format": "HDF4"}, "iphex_2A25_20140603T09-29-26Z.7.HDF": {"temporal": ["2014-06-03T10:58:41.000Z", "2014-06-03T11:03:19.000Z"], "wnes_geometry": {"westBoundingCoordinate": -91.89, "eastBoundingCoordinate": -71.126, "northBoundingCoordinate": 35.868, "southBoundingCoordinate": 31.413}, "sizeMB": 17.62, "format": "HDF4"}, "iphex_2A25_20140603T11-09-26Z.7.HDF": {"temporal": ["2014-06-03T12:36:24.000Z", "2014-06-03T12:40:07.000Z"], "wnes_geometry": {"westBoundingCoordinate": -92.494, "eastBoundingCoordinate": -76.908, "northBoundingCoordinate": 32.557, "southBoundingCoordinate": 25.875}, "sizeMB": 13.79, "format": "HDF4"}, "iphex_2A25_20140604T06-04-26Z.7.HDF": {"temporal": ["2014-06-04T06:49:08.000Z", "2014-06-04T06:52:07.000Z"], "wnes_geometry": {"westBoundingCoordinate": -83.61, "eastBoundingCoordinate": -71.079, "northBoundingCoordinate": 31.746, "southBoundingCoordinate": 25.854}, "sizeMB": 11.26, "format": "HDF4"}, "iphex_2A25_20140604T07-01-26Z.7.HDF": {"temporal": ["2014-06-04T08:25:13.000Z", "2014-06-04T08:29:53.000Z"], "wnes_geometry": {"westBoundingCoordinate": -92.392, "eastBoundingCoordinate": -71.68, "northBoundingCoordinate": 35.733, "southBoundingCoordinate": 30.695}, "sizeMB": 17.82, "format": "HDF4"}, "iphex_2A25_20140604T08-43-26Z.7.HDF": {"temporal": ["2014-06-04T10:03:04.000Z", "2014-06-04T10:07:37.000Z"], "wnes_geometry": {"westBoundingCoordinate": -91.754, "eastBoundingCoordinate": -71.256, "northBoundingCoordinate": 35.921, "southBoundingCoordinate": 32.617}, "sizeMB": 17.49, "format": "HDF4"}, "iphex_2A25_20140604T11-40-26Z.7.HDF": {"temporal": ["2014-06-04T11:40:42.000Z", "2014-06-04T11:45:38.000Z"], "wnes_geometry": {"westBoundingCoordinate": -92.344, "eastBoundingCoordinate": -71.615, "northBoundingCoordinate": 33.949, "southBoundingCoordinate": 26.258}, "sizeMB": 18.28, "format": "HDF4"}, "iphex_2A25_20140605T05-12-26Z.7.HDF": {"temporal": ["2014-06-05T05:54:52.000Z", "2014-06-05T05:56:19.000Z"], "wnes_geometry": {"westBoundingCoordinate": -77.352, "eastBoundingCoordinate": -70.949, "northBoundingCoordinate": 29.76, "southBoundingCoordinate": 25.857}, "sizeMB": 6.11, "format": "HDF4"}, "iphex_2A25_20140605T06-06-26Z.7.HDF": {"temporal": ["2014-06-05T07:29:24.000Z", "2014-06-05T07:34:15.000Z"], "wnes_geometry": {"westBoundingCoordinate": -92.544, "eastBoundingCoordinate": -71.518, "northBoundingCoordinate": 35.189, "southBoundingCoordinate": 28.887}, "sizeMB": 18.15, "format": "HDF4"}, "iphex_2A25_20140605T07-43-26Z.7.HDF": {"temporal": ["2014-06-05T09:07:24.000Z", "2014-06-05T09:11:55.000Z"], "wnes_geometry": {"westBoundingCoordinate": -91.934, "eastBoundingCoordinate": -71.44, "northBoundingCoordinate": 35.92, "southBoundingCoordinate": 33.444}, "sizeMB": 17.49, "format": "HDF4"}, "iphex_2A25_20140605T09-15-26Z.7.HDF": {"temporal": ["2014-06-05T10:45:01.000Z", "2014-06-05T10:47:26.000Z"], "wnes_geometry": {"westBoundingCoordinate": -92.191, "eastBoundingCoordinate": -81.252, "northBoundingCoordinate": 34.964, "southBoundingCoordinate": 31.197}, "sizeMB": 9.11, "format": "HDF4"}, "iphex_2A25_20140605T10-47-26Z.7.HDF": {"temporal": ["2014-06-05T10:47:26.000Z", "2014-06-05T12:23:59.000Z"], "wnes_geometry": {"westBoundingCoordinate": -92.712, "eastBoundingCoordinate": -70.894, "northBoundingCoordinate": 33.035, "southBoundingCoordinate": 25.891}, "sizeMB": 13.27, "format": "HDF4"}, "iphex_2A25_20140606T05-11-26Z.7.HDF": {"temporal": ["2014-06-06T06:33:52.000Z", "2014-06-06T06:38:49.000Z"], "wnes_geometry": {"westBoundingCoordinate": -92.213, "eastBoundingCoordinate": -71.319, "northBoundingCoordinate": 34.301, "southBoundingCoordinate": 26.847}, "sizeMB": 18.28, "format": "HDF4"}, "iphex_2A25_20140606T06-50-26Z.7.HDF": {"temporal": ["2014-06-06T08:11:57.000Z", "2014-06-06T08:16:29.000Z"], "wnes_geometry": {"westBoundingCoordinate": -92.119, "eastBoundingCoordinate": -71.609, "northBoundingCoordinate": 35.923, "southBoundingCoordinate": 32.907}, "sizeMB": 17.49, "format": "HDF4"}, "iphex_2A25_20140606T08-26-26Z.7.HDF": {"temporal": ["2014-06-06T09:49:39.000Z", "2014-06-06T09:54:24.000Z"], "wnes_geometry": {"westBoundingCoordinate": -92.033, "eastBoundingCoordinate": -70.996, "northBoundingCoordinate": 35.61, "southBoundingCoordinate": 30.179}, "sizeMB": 17.95, "format": "HDF4"}, "iphex_2A25_20140606T10-01-26Z.7.HDF": {"temporal": ["2014-06-06T11:27:29.000Z", "2014-06-06T11:30:01.000Z"], "wnes_geometry": {"westBoundingCoordinate": -92.601, "eastBoundingCoordinate": -81.831, "northBoundingCoordinate": 31.188, "southBoundingCoordinate": 25.879}, "sizeMB": 9.44, "format": "HDF4"}, "iphex_2A25_20140607T05-01-26Z.7.HDF": {"temporal": ["2014-06-07T05:39:15.000Z", "2014-06-07T05:43:26.000Z"], "wnes_geometry": {"westBoundingCoordinate": -88.6, "eastBoundingCoordinate": -71.166, "northBoundingCoordinate": 33.044, "southBoundingCoordinate": 25.841}, "sizeMB": 15.81, "format": "HDF4"}, "iphex_2A25_20140607T06-35-26Z.7.HDF": {"temporal": ["2014-06-07T07:16:34.000Z", "2014-06-07T07:21:08.000Z"], "wnes_geometry": {"westBoundingCoordinate": -92.288, "eastBoundingCoordinate": -71.804, "northBoundingCoordinate": 35.913, "southBoundingCoordinate": 31.831}, "sizeMB": 17.49, "format": "HDF4"}, "iphex_2A25_20140607T07-30-26Z.7.HDF": {"temporal": ["2014-06-07T08:54:20.000Z", "2014-06-07T08:58:57.000Z"], "wnes_geometry": {"westBoundingCoordinate": -91.86, "eastBoundingCoordinate": -71.144, "northBoundingCoordinate": 35.902, "southBoundingCoordinate": 31.685}, "sizeMB": 17.62, "format": "HDF4"}, "iphex_2A25_20140607T09-03-26Z.7.HDF": {"temporal": ["2014-06-07T10:32:04.000Z", "2014-06-07T10:36:05.000Z"], "wnes_geometry": {"westBoundingCoordinate": -92.462, "eastBoundingCoordinate": -75.642, "northBoundingCoordinate": 32.872, "southBoundingCoordinate": 25.873}, "sizeMB": 15.48, "format": "HDF4"}, "iphex_2A25_20140608T04-09-26Z.7.HDF": {"temporal": ["2014-06-08T04:45:17.000Z", "2014-06-08T04:47:59.000Z"], "wnes_geometry": {"westBoundingCoordinate": -82.402, "eastBoundingCoordinate": -71.037, "northBoundingCoordinate": 31.399, "southBoundingCoordinate": 25.849}, "sizeMB": 10.67, "format": "HDF4"}, "iphex_2A25_20140608T05-45-26Z.7.HDF": {"temporal": ["2014-06-08T06:21:06.000Z", "2014-06-08T06:25:49.000Z"], "wnes_geometry": {"westBoundingCoordinate": -92.438, "eastBoundingCoordinate": -71.624, "northBoundingCoordinate": 35.659, "southBoundingCoordinate": 30.371}, "sizeMB": 17.82, "format": "HDF4"}, "iphex_2A25_20140608T06-33-26Z.7.HDF": {"temporal": ["2014-06-08T07:59:00.000Z", "2014-06-08T08:03:32.000Z"], "wnes_geometry": {"westBoundingCoordinate": -91.822, "eastBoundingCoordinate": -71.289, "northBoundingCoordinate": 35.923, "southBoundingCoordinate": 32.802}, "sizeMB": 17.49, "format": "HDF4"}, "iphex_2A25_20140608T08-05-26Z.7.HDF": {"temporal": ["2014-06-08T09:36:39.000Z", "2014-06-08T09:39:26.000Z"], "wnes_geometry": {"westBoundingCoordinate": -92.317, "eastBoundingCoordinate": -79.989, "northBoundingCoordinate": 34.175, "southBoundingCoordinate": 29.549}, "sizeMB": 10.93, "format": "HDF4"}, "iphex_2A25_20140608T09-39-26Z.7.HDF": {"temporal": ["2014-06-08T09:39:26.000Z", "2014-06-08T09:41:35.000Z"], "wnes_geometry": {"westBoundingCoordinate": -80.785, "eastBoundingCoordinate": -71.436, "northBoundingCoordinate": 31.354, "southBoundingCoordinate": 26.654}, "sizeMB": 8.46, "format": "HDF4"}, "iphex_2A25_20140609T03-13-26Z.7.HDF": {"temporal": ["2014-06-09T03:51:18.000Z", "2014-06-09T03:52:27.000Z"], "wnes_geometry": {"westBoundingCoordinate": -76.239, "eastBoundingCoordinate": -70.915, "northBoundingCoordinate": 29.356, "southBoundingCoordinate": 25.841}, "sizeMB": 4.56, "format": "HDF4"}, "iphex_2A25_20140609T04-52-26Z.7.HDF": {"temporal": ["2014-06-09T05:25:34.000Z", "2014-06-09T05:30:27.000Z"], "wnes_geometry": {"westBoundingCoordinate": -92.552, "eastBoundingCoordinate": -71.454, "northBoundingCoordinate": 35.057, "southBoundingCoordinate": 28.514}, "sizeMB": 18.15, "format": "HDF4"}, "iphex_2A25_20140609T05-46-26Z.7.HDF": {"temporal": ["2014-06-09T07:03:37.000Z", "2014-06-09T07:08:08.000Z"], "wnes_geometry": {"westBoundingCoordinate": -91.996, "eastBoundingCoordinate": -71.46, "northBoundingCoordinate": 35.922, "southBoundingCoordinate": 33.51}, "sizeMB": 17.49, "format": "HDF4"}, "iphex_2A25_20140609T07-19-26Z.7.HDF": {"temporal": ["2014-06-09T08:41:16.000Z", "2014-06-09T08:46:09.000Z"], "wnes_geometry": {"westBoundingCoordinate": -92.166, "eastBoundingCoordinate": -70.901, "northBoundingCoordinate": 35.111, "southBoundingCoordinate": 28.654}, "sizeMB": 18.15, "format": "HDF4"}, "iphex_2A25_20140609T08-52-26Z.7.HDF": {"temporal": ["2014-06-09T10:19:15.000Z", "2014-06-09T10:20:30.000Z"], "wnes_geometry": {"westBoundingCoordinate": -92.676, "eastBoundingCoordinate": -86.885, "northBoundingCoordinate": 29.502, "southBoundingCoordinate": 25.88}, "sizeMB": 4.89, "format": "HDF4"}, "iphex_2A25_20140610T03-51-26Z.7.HDF": {"temporal": ["2014-06-10T04:30:05.000Z", "2014-06-10T04:35:01.000Z"], "wnes_geometry": {"westBoundingCoordinate": -92.017, "eastBoundingCoordinate": -71.309, "northBoundingCoordinate": 34.092, "southBoundingCoordinate": 26.485}, "sizeMB": 18.28, "format": "HDF4"}, "iphex_2A25_20140610T05-32-26Z.7.HDF": {"temporal": ["2014-06-10T06:08:09.000Z", "2014-06-10T06:12:41.000Z"], "wnes_geometry": {"westBoundingCoordinate": -92.161, "eastBoundingCoordinate": -71.638, "northBoundingCoordinate": 35.922, "southBoundingCoordinate": 32.735}, "sizeMB": 17.49, "format": "HDF4"}, "iphex_2A25_20140610T07-06-26Z.7.HDF": {"temporal": ["2014-06-10T07:45:51.000Z", "2014-06-10T07:50:34.000Z"], "wnes_geometry": {"westBoundingCoordinate": -91.986, "eastBoundingCoordinate": -71.054, "northBoundingCoordinate": 35.688, "southBoundingCoordinate": 30.496}, "sizeMB": 17.82, "format": "HDF4"}, "iphex_2A25_20140610T08-42-26Z.7.HDF": {"temporal": ["2014-06-10T09:23:39.000Z", "2014-06-10T09:26:28.000Z"], "wnes_geometry": {"westBoundingCoordinate": -92.578, "eastBoundingCoordinate": -80.688, "northBoundingCoordinate": 31.529, "southBoundingCoordinate": 25.88}, "sizeMB": 10.93, "format": "HDF4"}, "iphex_2A25_20140611T03-00-26Z.7.HDF": {"temporal": ["2014-06-11T03:35:37.000Z", "2014-06-11T03:39:31.000Z"], "wnes_geometry": {"westBoundingCoordinate": -87.423, "eastBoundingCoordinate": -71.145, "northBoundingCoordinate": 32.761, "southBoundingCoordinate": 25.845}, "sizeMB": 15.15, "format": "HDF4"}, "iphex_2A25_20140611T04-37-26Z.7.HDF": {"temporal": ["2014-06-11T05:12:38.000Z", "2014-06-11T05:17:13.000Z"], "wnes_geometry": {"westBoundingCoordinate": -92.318, "eastBoundingCoordinate": -71.794, "northBoundingCoordinate": 35.889, "southBoundingCoordinate": 31.585}, "sizeMB": 17.62, "format": "HDF4"}, "iphex_2A25_20140611T05-31-26Z.7.HDF": {"temporal": ["2014-06-11T06:50:26.000Z", "2014-06-11T06:55:01.000Z"], "wnes_geometry": {"westBoundingCoordinate": -91.797, "eastBoundingCoordinate": -71.179, "northBoundingCoordinate": 35.917, "southBoundingCoordinate": 31.928}, "sizeMB": 17.62, "format": "HDF4"}, "iphex_2A25_20140611T07-07-26Z.7.HDF": {"temporal": ["2014-06-11T08:28:07.000Z", "2014-06-11T08:32:24.000Z"], "wnes_geometry": {"westBoundingCoordinate": -92.413, "eastBoundingCoordinate": -74.474, "northBoundingCoordinate": 33.142, "southBoundingCoordinate": 25.875}, "sizeMB": 15.94, "format": "HDF4"}, "iphex_2A25_20140612T02-02-26Z.7.HDF": {"temporal": ["2014-06-12T02:41:31.000Z", "2014-06-12T02:43:56.000Z"], "wnes_geometry": {"westBoundingCoordinate": -81.222, "eastBoundingCoordinate": -71.015, "northBoundingCoordinate": 31.033, "southBoundingCoordinate": 25.842}, "sizeMB": 9.11, "format": "HDF4"}, "iphex_2A25_20140612T03-44-26Z.7.HDF": {"temporal": ["2014-06-12T04:17:02.000Z", "2014-06-12T04:21:46.000Z"], "wnes_geometry": {"westBoundingCoordinate": -92.467, "eastBoundingCoordinate": -71.595, "northBoundingCoordinate": 35.568, "southBoundingCoordinate": 30.041}, "sizeMB": 17.82, "format": "HDF4"}, "iphex_2A25_20140612T05-20-26Z.7.HDF": {"temporal": ["2014-06-12T05:54:57.000Z", "2014-06-12T05:59:28.000Z"], "wnes_geometry": {"westBoundingCoordinate": -91.839, "eastBoundingCoordinate": -71.361, "northBoundingCoordinate": 35.921, "southBoundingCoordinate": 32.981}, "sizeMB": 17.49, "format": "HDF4"}, "iphex_2A25_20140612T06-16-26Z.7.HDF": {"temporal": ["2014-06-12T07:32:35.000Z", "2014-06-12T07:37:31.000Z"], "wnes_geometry": {"westBoundingCoordinate": -92.261, "eastBoundingCoordinate": -71.268, "northBoundingCoordinate": 34.379, "southBoundingCoordinate": 27.046}, "sizeMB": 18.28, "format": "HDF4"}, "iphex_2A25_20140613T01-06-26Z.7.HDF": {"temporal": ["2014-06-13T01:47:24.000Z", "2014-06-13T01:48:14.000Z"], "wnes_geometry": {"westBoundingCoordinate": -74.996, "eastBoundingCoordinate": -70.895, "northBoundingCoordinate": 28.897, "southBoundingCoordinate": 25.846}, "sizeMB": 3.97, "format": "HDF4"}, "iphex_2A25_20140613T02-47-26Z.7.HDF": {"temporal": ["2014-06-13T03:21:20.000Z", "2014-06-13T03:26:16.000Z"], "wnes_geometry": {"westBoundingCoordinate": -92.58, "eastBoundingCoordinate": -71.422, "northBoundingCoordinate": 34.893, "southBoundingCoordinate": 28.092}, "sizeMB": 18.28, "format": "HDF4"}, "iphex_2A25_20140613T04-23-26Z.7.HDF": {"temporal": ["2014-06-13T04:59:24.000Z", "2014-06-13T05:03:55.000Z"], "wnes_geometry": {"westBoundingCoordinate": -92.009, "eastBoundingCoordinate": -71.522, "northBoundingCoordinate": 35.92, "southBoundingCoordinate": 33.387}, "sizeMB": 17.49, "format": "HDF4"}, "iphex_2A25_20140613T05-21-26Z.7.HDF": {"temporal": ["2014-06-13T06:37:03.000Z", "2014-06-13T06:41:54.000Z"], "wnes_geometry": {"westBoundingCoordinate": -92.139, "eastBoundingCoordinate": -70.941, "northBoundingCoordinate": 35.253, "southBoundingCoordinate": 29.058}, "sizeMB": 18.15, "format": "HDF4"}, "iphex_2A25_20140613T06-58-26Z.7.HDF": {"temporal": ["2014-06-13T08:14:59.000Z", "2014-06-13T08:16:34.000Z"], "wnes_geometry": {"westBoundingCoordinate": -92.666, "eastBoundingCoordinate": -85.637, "northBoundingCoordinate": 29.942, "southBoundingCoordinate": 25.876}, "sizeMB": 6.44, "format": "HDF4"}, "iphex_2A25_20140614T01-49-26Z.7.HDF": {"temporal": ["2014-06-14T02:25:46.000Z", "2014-06-14T02:30:41.000Z"], "wnes_geometry": {"westBoundingCoordinate": -91.815, "eastBoundingCoordinate": -71.266, "northBoundingCoordinate": 33.852, "southBoundingCoordinate": 26.066}, "sizeMB": 18.15, "format": "HDF4"}, "iphex_2A25_20140614T03-29-26Z.7.HDF": {"temporal": ["2014-06-14T04:03:48.000Z", "2014-06-14T04:08:21.000Z"], "wnes_geometry": {"westBoundingCoordinate": -92.167, "eastBoundingCoordinate": -71.687, "northBoundingCoordinate": 35.92, "southBoundingCoordinate": 32.536}, "sizeMB": 17.49, "format": "HDF4"}, "iphex_2A25_20140614T05-05-26Z.7.HDF": {"temporal": ["2014-06-14T05:41:30.000Z", "2014-06-14T05:46:12.000Z"], "wnes_geometry": {"westBoundingCoordinate": -91.95, "eastBoundingCoordinate": -71.079, "northBoundingCoordinate": 35.761, "southBoundingCoordinate": 30.822}, "sizeMB": 17.82, "format": "HDF4"}, "iphex_2A25_20140614T06-40-26Z.7.HDF": {"temporal": ["2014-06-14T07:19:17.000Z", "2014-06-14T07:22:24.000Z"], "wnes_geometry": {"westBoundingCoordinate": -92.553, "eastBoundingCoordinate": -79.413, "northBoundingCoordinate": 31.892, "southBoundingCoordinate": 25.878}, "sizeMB": 11.58, "format": "HDF4"}, "iphex_2A25_20140615T00-56-26Z.7.HDF": {"temporal": ["2014-06-15T01:31:26.000Z", "2014-06-15T01:35:02.000Z"], "wnes_geometry": {"westBoundingCoordinate": -86.134, "eastBoundingCoordinate": -71.128, "northBoundingCoordinate": 32.43, "southBoundingCoordinate": 25.844}, "sizeMB": 13.6, "format": "HDF4"}, "iphex_2A25_20140615T02-32-26Z.7.HDF": {"temporal": ["2014-06-15T03:08:08.000Z", "2014-06-15T03:12:46.000Z"], "wnes_geometry": {"westBoundingCoordinate": -92.354, "eastBoundingCoordinate": -71.748, "northBoundingCoordinate": 35.85, "southBoundingCoordinate": 31.296}, "sizeMB": 17.62, "format": "HDF4"}, "iphex_2A25_20140615T04-10-26Z.7.HDF": {"temporal": ["2014-06-15T04:45:57.000Z", "2014-06-15T04:50:31.000Z"], "wnes_geometry": {"westBoundingCoordinate": -91.796, "eastBoundingCoordinate": -71.233, "northBoundingCoordinate": 35.921, "southBoundingCoordinate": 32.184}, "sizeMB": 17.49, "format": "HDF4"}, "iphex_2A25_20140615T05-48-26Z.7.HDF": {"temporal": ["2014-06-15T06:23:36.000Z", "2014-06-15T06:28:12.000Z"], "wnes_geometry": {"westBoundingCoordinate": -92.417, "eastBoundingCoordinate": -73.183, "northBoundingCoordinate": 33.439, "southBoundingCoordinate": 25.88}, "sizeMB": 17.62, "format": "HDF4"}, "iphex_2A25_20140616T00-08-26Z.7.HDF": {"temporal": ["2014-06-16T00:37:13.000Z", "2014-06-16T00:39:18.000Z"], "wnes_geometry": {"westBoundingCoordinate": -79.904, "eastBoundingCoordinate": -71.003, "northBoundingCoordinate": 30.608, "southBoundingCoordinate": 25.84}, "sizeMB": 8.46, "format": "HDF4"}, "iphex_2A25_20140616T01-37-26Z.7.HDF": {"temporal": ["2014-06-16T02:12:24.000Z", "2014-06-16T02:17:10.000Z"], "wnes_geometry": {"westBoundingCoordinate": -92.47, "eastBoundingCoordinate": -71.554, "northBoundingCoordinate": 35.454, "southBoundingCoordinate": 29.668}, "sizeMB": 17.95, "format": "HDF4"}, "iphex_2A25_20140616T03-17-26Z.7.HDF": {"temporal": ["2014-06-16T03:50:20.000Z", "2014-06-16T03:54:51.000Z"], "wnes_geometry": {"westBoundingCoordinate": -91.892, "eastBoundingCoordinate": -71.384, "northBoundingCoordinate": 35.921, "southBoundingCoordinate": 33.157}, "sizeMB": 17.49, "format": "HDF4"}, "iphex_2A25_20140616T04-53-26Z.7.HDF": {"temporal": ["2014-06-16T05:27:57.000Z", "2014-06-16T05:32:55.000Z"], "wnes_geometry": {"westBoundingCoordinate": -92.239, "eastBoundingCoordinate": -71.044, "northBoundingCoordinate": 34.598, "southBoundingCoordinate": 27.454}, "sizeMB": 18.28, "format": "HDF4"}, "iphex_2A25_20140616T06-30-26Z.7.HDF": {"temporal": ["2014-06-16T07:06:03.000Z", "2014-06-16T07:06:22.000Z"], "wnes_geometry": {"westBoundingCoordinate": -92.732, "eastBoundingCoordinate": -90.519, "northBoundingCoordinate": 28.115, "southBoundingCoordinate": 25.876}, "sizeMB": 1.76, "format": "HDF4"}, "iphex_2A25_20140616T23-34-26Z.7.HDF": {"temporal": ["2014-06-16T23:42:58.000Z", "2014-06-16T23:43:27.000Z"], "wnes_geometry": {"westBoundingCoordinate": -73.626, "eastBoundingCoordinate": -70.89, "northBoundingCoordinate": 28.368, "southBoundingCoordinate": 25.853}, "sizeMB": 2.09, "format": "HDF4"}}