{"vertix_gcpex_20120115.nc": {"temporal": ["2012-01-15T17:19:09.000Z", "2012-01-15T23:59:57.000Z"], "wnes_geometry": {"westBoundingCoordinate": -79.791, "eastBoundingCoordinate": -79.771, "northBoundingCoordinate": 44.243, "southBoundingCoordinate": 44.223}, "sizeMB": 14.18, "format": "Not provided"}, "vertix_gcpex_20120116.nc": {"temporal": ["2012-01-16T00:00:00.000Z", "2012-01-16T21:23:14.000Z"], "wnes_geometry": {"westBoundingCoordinate": -79.791, "eastBoundingCoordinate": -79.771, "northBoundingCoordinate": 44.243, "southBoundingCoordinate": 44.223}, "sizeMB": 45.4, "format": "Not provided"}, "vertix_gcpex_20120117.nc": {"temporal": ["2012-01-17T19:06:45.000Z", "2012-01-17T23:59:57.000Z"], "wnes_geometry": {"westBoundingCoordinate": -79.791, "eastBoundingCoordinate": -79.771, "northBoundingCoordinate": 44.243, "southBoundingCoordinate": 44.223}, "sizeMB": 10.38, "format": "Not provided"}, "vertix_gcpex_20120118.nc": {"temporal": ["2012-01-18T00:00:00.000Z", "2012-01-18T18:41:52.000Z"], "wnes_geometry": {"westBoundingCoordinate": -79.791, "eastBoundingCoordinate": -79.771, "northBoundingCoordinate": 44.243, "southBoundingCoordinate": 44.223}, "sizeMB": 39.69, "format": "Not provided"}, "vertix_gcpex_20120118_1.nc": {"temporal": ["2012-01-18T18:44:24.000Z", "2012-01-18T23:59:59.000Z"], "wnes_geometry": {"westBoundingCoordinate": -79.791, "eastBoundingCoordinate": -79.771, "northBoundingCoordinate": 44.243, "southBoundingCoordinate": 44.223}, "sizeMB": 11.17, "format": "Not provided"}, "vertix_gcpex_20120119.nc": {"temporal": ["2012-01-19T19:51:52.000Z", "2012-01-19T23:59:58.000Z"], "wnes_geometry": {"westBoundingCoordinate": -79.791, "eastBoundingCoordinate": -79.771, "northBoundingCoordinate": 44.243, "southBoundingCoordinate": 44.223}, "sizeMB": 8.78, "format": "Not provided"}, "vertix_gcpex_20120120.nc": {"temporal": ["2012-01-20T00:00:00.000Z", "2012-01-20T17:13:51.000Z"], "wnes_geometry": {"westBoundingCoordinate": -79.791, "eastBoundingCoordinate": -79.771, "northBoundingCoordinate": 44.243, "southBoundingCoordinate": 44.223}, "sizeMB": 36.58, "format": "Not provided"}, "vertix_gcpex_20120120_1.nc": {"temporal": ["2012-01-20T18:37:30.000Z", "2012-01-20T23:59:58.000Z"], "wnes_geometry": {"westBoundingCoordinate": -79.791, "eastBoundingCoordinate": -79.771, "northBoundingCoordinate": 44.243, "southBoundingCoordinate": 44.223}, "sizeMB": 11.41, "format": "Not provided"}, "vertix_gcpex_20120121.nc": {"temporal": ["2012-01-21T00:00:00.000Z", "2012-01-21T23:59:57.000Z"], "wnes_geometry": {"westBoundingCoordinate": -79.791, "eastBoundingCoordinate": -79.771, "northBoundingCoordinate": 44.243, "southBoundingCoordinate": 44.223}, "sizeMB": 50.95, "format": "Not provided"}, "vertix_gcpex_20120122.nc": {"temporal": ["2012-01-22T00:00:00.000Z", "2012-01-22T23:59:58.000Z"], "wnes_geometry": {"westBoundingCoordinate": -79.791, "eastBoundingCoordinate": -79.771, "northBoundingCoordinate": 44.243, "southBoundingCoordinate": 44.223}, "sizeMB": 50.95, "format": "Not provided"}, "vertix_gcpex_20120123.nc": {"temporal": ["2012-01-23T00:00:00.000Z", "2012-01-23T16:15:39.000Z"], "wnes_geometry": {"westBoundingCoordinate": -79.791, "eastBoundingCoordinate": -79.771, "northBoundingCoordinate": 44.243, "southBoundingCoordinate": 44.223}, "sizeMB": 34.52, "format": "Not provided"}, "vertix_gcpex_20120123_1.nc": {"temporal": ["2012-01-23T22:09:52.000Z", "2012-01-23T23:59:57.000Z"], "wnes_geometry": {"westBoundingCoordinate": -79.791, "eastBoundingCoordinate": -79.771, "northBoundingCoordinate": 44.243, "southBoundingCoordinate": 44.223}, "sizeMB": 3.9, "format": "Not provided"}, "vertix_gcpex_20120124.nc": {"temporal": ["2012-01-24T00:00:00.000Z", "2012-01-24T13:59:06.000Z"], "wnes_geometry": {"westBoundingCoordinate": -79.791, "eastBoundingCoordinate": -79.771, "northBoundingCoordinate": 44.243, "southBoundingCoordinate": 44.223}, "sizeMB": 29.69, "format": "Not provided"}, "vertix_gcpex_20120124_1.nc": {"temporal": ["2012-01-24T17:30:42.000Z", "2012-01-24T23:59:59.000Z"], "wnes_geometry": {"westBoundingCoordinate": -79.791, "eastBoundingCoordinate": -79.771, "northBoundingCoordinate": 44.243, "southBoundingCoordinate": 44.223}, "sizeMB": 13.78, "format": "Not provided"}, "vertix_gcpex_20120125.nc": {"temporal": ["2012-01-25T21:03:38.000Z", "2012-01-25T23:59:58.000Z"], "wnes_geometry": {"westBoundingCoordinate": -79.791, "eastBoundingCoordinate": -79.771, "northBoundingCoordinate": 44.243, "southBoundingCoordinate": 44.223}, "sizeMB": 6.24, "format": "Not provided"}, "vertix_gcpex_20120126.nc": {"temporal": ["2012-01-26T00:00:00.000Z", "2012-01-26T14:33:11.000Z"], "wnes_geometry": {"westBoundingCoordinate": -79.791, "eastBoundingCoordinate": -79.771, "northBoundingCoordinate": 44.243, "southBoundingCoordinate": 44.223}, "sizeMB": 30.9, "format": "Not provided"}, "vertix_gcpex_20120126_1.nc": {"temporal": ["2012-01-26T14:35:46.000Z", "2012-01-26T23:59:58.000Z"], "wnes_geometry": {"westBoundingCoordinate": -79.791, "eastBoundingCoordinate": -79.771, "northBoundingCoordinate": 44.243, "southBoundingCoordinate": 44.223}, "sizeMB": 19.96, "format": "Not provided"}, "vertix_gcpex_20120127.nc": {"temporal": ["2012-01-27T00:00:00.000Z", "2012-01-27T23:59:57.000Z"], "wnes_geometry": {"westBoundingCoordinate": -79.791, "eastBoundingCoordinate": -79.771, "northBoundingCoordinate": 44.243, "southBoundingCoordinate": 44.223}, "sizeMB": 50.95, "format": "Not provided"}, "vertix_gcpex_20120128.nc": {"temporal": ["2012-01-28T00:00:00.000Z", "2012-01-28T23:59:58.000Z"], "wnes_geometry": {"westBoundingCoordinate": -79.791, "eastBoundingCoordinate": -79.771, "northBoundingCoordinate": 44.243, "southBoundingCoordinate": 44.223}, "sizeMB": 50.95, "format": "Not provided"}, "vertix_gcpex_20120129.nc": {"temporal": ["2012-01-29T00:00:01.000Z", "2012-01-29T23:59:58.000Z"], "wnes_geometry": {"westBoundingCoordinate": -79.791, "eastBoundingCoordinate": -79.771, "northBoundingCoordinate": 44.243, "southBoundingCoordinate": 44.223}, "sizeMB": 50.95, "format": "Not provided"}, "vertix_gcpex_20120130.nc": {"temporal": ["2012-01-30T00:00:00.000Z", "2012-01-30T23:59:58.000Z"], "wnes_geometry": {"westBoundingCoordinate": -79.791, "eastBoundingCoordinate": -79.771, "northBoundingCoordinate": 44.243, "southBoundingCoordinate": 44.223}, "sizeMB": 50.95, "format": "Not provided"}, "vertix_gcpex_20120131.nc": {"temporal": ["2012-01-31T00:00:01.000Z", "2012-01-31T23:59:58.000Z"], "wnes_geometry": {"westBoundingCoordinate": -79.791, "eastBoundingCoordinate": -79.771, "northBoundingCoordinate": 44.243, "southBoundingCoordinate": 44.223}, "sizeMB": 50.95, "format": "Not provided"}, "vertix_gcpex_20120201.nc": {"temporal": ["2012-02-01T00:00:00.000Z", "2012-02-01T23:59:58.000Z"], "wnes_geometry": {"westBoundingCoordinate": -79.791, "eastBoundingCoordinate": -79.771, "northBoundingCoordinate": 44.243, "southBoundingCoordinate": 44.223}, "sizeMB": 50.95, "format": "Not provided"}, "vertix_gcpex_20120202.nc": {"temporal": ["2012-02-02T00:00:01.000Z", "2012-02-02T23:59:57.000Z"], "wnes_geometry": {"westBoundingCoordinate": -79.791, "eastBoundingCoordinate": -79.771, "northBoundingCoordinate": 44.243, "southBoundingCoordinate": 44.223}, "sizeMB": 50.84, "format": "Not provided"}, "vertix_gcpex_20120203.nc": {"temporal": ["2012-02-03T00:00:00.000Z", "2012-02-03T23:59:57.000Z"], "wnes_geometry": {"westBoundingCoordinate": -79.791, "eastBoundingCoordinate": -79.771, "northBoundingCoordinate": 44.243, "southBoundingCoordinate": 44.223}, "sizeMB": 50.95, "format": "Not provided"}, "vertix_gcpex_20120204.nc": {"temporal": ["2012-02-04T00:00:00.000Z", "2012-02-04T23:59:58.000Z"], "wnes_geometry": {"westBoundingCoordinate": -79.791, "eastBoundingCoordinate": -79.771, "northBoundingCoordinate": 44.243, "southBoundingCoordinate": 44.223}, "sizeMB": 50.95, "format": "Not provided"}, "vertix_gcpex_20120205.nc": {"temporal": ["2012-02-05T00:00:00.000Z", "2012-02-05T23:59:57.000Z"], "wnes_geometry": {"westBoundingCoordinate": -79.791, "eastBoundingCoordinate": -79.771, "northBoundingCoordinate": 44.243, "southBoundingCoordinate": 44.223}, "sizeMB": 50.95, "format": "Not provided"}, "vertix_gcpex_20120206.nc": {"temporal": ["2012-02-06T00:00:01.000Z", "2012-02-06T23:59:58.000Z"], "wnes_geometry": {"westBoundingCoordinate": -79.791, "eastBoundingCoordinate": -79.771, "northBoundingCoordinate": 44.243, "southBoundingCoordinate": 44.223}, "sizeMB": 50.95, "format": "Not provided"}, "vertix_gcpex_20120207.nc": {"temporal": ["2012-02-07T00:00:00.000Z", "2012-02-07T23:59:58.000Z"], "wnes_geometry": {"westBoundingCoordinate": -79.791, "eastBoundingCoordinate": -79.771, "northBoundingCoordinate": 44.243, "southBoundingCoordinate": 44.223}, "sizeMB": 50.95, "format": "Not provided"}, "vertix_gcpex_20120208.nc": {"temporal": ["2012-02-08T00:00:01.000Z", "2012-02-08T20:06:03.000Z"], "wnes_geometry": {"westBoundingCoordinate": -79.791, "eastBoundingCoordinate": -79.771, "northBoundingCoordinate": 44.243, "southBoundingCoordinate": 44.223}, "sizeMB": 42.67, "format": "Not provided"}, "vertix_gcpex_20120209.nc": {"temporal": ["2012-02-09T00:00:00.000Z", "2012-02-09T23:59:58.000Z"], "wnes_geometry": {"westBoundingCoordinate": -79.791, "eastBoundingCoordinate": -79.771, "northBoundingCoordinate": 44.243, "southBoundingCoordinate": 44.223}, "sizeMB": 50.95, "format": "Not provided"}, "vertix_gcpex_20120210.nc": {"temporal": ["2012-02-10T00:00:01.000Z", "2012-02-10T23:59:58.000Z"], "wnes_geometry": {"westBoundingCoordinate": -79.791, "eastBoundingCoordinate": -79.771, "northBoundingCoordinate": 44.243, "southBoundingCoordinate": 44.223}, "sizeMB": 50.95, "format": "Not provided"}, "vertix_gcpex_20120211.nc": {"temporal": ["2012-02-11T00:00:00.000Z", "2012-02-11T23:59:58.000Z"], "wnes_geometry": {"westBoundingCoordinate": -79.791, "eastBoundingCoordinate": -79.771, "northBoundingCoordinate": 44.243, "southBoundingCoordinate": 44.223}, "sizeMB": 50.95, "format": "Not provided"}, "vertix_gcpex_20120212.nc": {"temporal": ["2012-02-12T00:00:01.000Z", "2012-02-12T23:59:58.000Z"], "wnes_geometry": {"westBoundingCoordinate": -79.791, "eastBoundingCoordinate": -79.771, "northBoundingCoordinate": 44.243, "southBoundingCoordinate": 44.223}, "sizeMB": 50.95, "format": "Not provided"}, "vertix_gcpex_20120213.nc": {"temporal": ["2012-02-13T00:00:00.000Z", "2012-02-13T23:59:57.000Z"], "wnes_geometry": {"westBoundingCoordinate": -79.791, "eastBoundingCoordinate": -79.771, "northBoundingCoordinate": 44.243, "southBoundingCoordinate": 44.223}, "sizeMB": 50.95, "format": "Not provided"}, "vertix_gcpex_20120214.nc": {"temporal": ["2012-02-14T00:00:00.000Z", "2012-02-14T23:59:58.000Z"], "wnes_geometry": {"westBoundingCoordinate": -79.791, "eastBoundingCoordinate": -79.771, "northBoundingCoordinate": 44.243, "southBoundingCoordinate": 44.223}, "sizeMB": 50.95, "format": "Not provided"}, "vertix_gcpex_20120215.nc": {"temporal": ["2012-02-15T00:00:01.000Z", "2012-02-15T23:59:59.000Z"], "wnes_geometry": {"westBoundingCoordinate": -79.791, "eastBoundingCoordinate": -79.771, "northBoundingCoordinate": 44.243, "southBoundingCoordinate": 44.223}, "sizeMB": 50.95, "format": "Not provided"}, "vertix_gcpex_20120216.nc": {"temporal": ["2012-02-16T00:00:00.000Z", "2012-02-16T23:59:58.000Z"], "wnes_geometry": {"westBoundingCoordinate": -79.791, "eastBoundingCoordinate": -79.771, "northBoundingCoordinate": 44.243, "southBoundingCoordinate": 44.223}, "sizeMB": 50.95, "format": "Not provided"}, "vertix_gcpex_20120217.nc": {"temporal": ["2012-02-17T00:00:01.000Z", "2012-02-17T23:59:59.000Z"], "wnes_geometry": {"westBoundingCoordinate": -79.791, "eastBoundingCoordinate": -79.771, "northBoundingCoordinate": 44.243, "southBoundingCoordinate": 44.223}, "sizeMB": 50.95, "format": "Not provided"}, "vertix_gcpex_20120218.nc": {"temporal": ["2012-02-18T00:00:00.000Z", "2012-02-18T23:59:58.000Z"], "wnes_geometry": {"westBoundingCoordinate": -79.791, "eastBoundingCoordinate": -79.771, "northBoundingCoordinate": 44.243, "southBoundingCoordinate": 44.223}, "sizeMB": 50.95, "format": "Not provided"}, "vertix_gcpex_20120219.nc": {"temporal": ["2012-02-19T00:00:01.000Z", "2012-02-19T23:59:58.000Z"], "wnes_geometry": {"westBoundingCoordinate": -79.791, "eastBoundingCoordinate": -79.771, "northBoundingCoordinate": 44.243, "southBoundingCoordinate": 44.223}, "sizeMB": 50.95, "format": "Not provided"}, "vertix_gcpex_20120220.nc": {"temporal": ["2012-02-20T00:00:00.000Z", "2012-02-20T19:21:43.000Z"], "wnes_geometry": {"westBoundingCoordinate": -79.791, "eastBoundingCoordinate": -79.771, "northBoundingCoordinate": 44.243, "southBoundingCoordinate": 44.223}, "sizeMB": 41.1, "format": "Not provided"}, "vertix_gcpex_20120220_1.nc": {"temporal": ["2012-02-20T21:02:29.000Z", "2012-02-20T23:59:59.000Z"], "wnes_geometry": {"westBoundingCoordinate": -79.791, "eastBoundingCoordinate": -79.771, "northBoundingCoordinate": 44.243, "southBoundingCoordinate": 44.223}, "sizeMB": 6.29, "format": "Not provided"}, "vertix_gcpex_20120221.nc": {"temporal": ["2012-02-21T00:00:01.000Z", "2012-02-21T23:59:59.000Z"], "wnes_geometry": {"westBoundingCoordinate": -79.791, "eastBoundingCoordinate": -79.771, "northBoundingCoordinate": 44.243, "southBoundingCoordinate": 44.223}, "sizeMB": 50.95, "format": "Not provided"}, "vertix_gcpex_20120222.nc": {"temporal": ["2012-02-22T00:00:00.000Z", "2012-02-22T23:59:58.000Z"], "wnes_geometry": {"westBoundingCoordinate": -79.791, "eastBoundingCoordinate": -79.771, "northBoundingCoordinate": 44.243, "southBoundingCoordinate": 44.223}, "sizeMB": 50.95, "format": "Not provided"}, "vertix_gcpex_20120223.nc": {"temporal": ["2012-02-23T00:00:01.000Z", "2012-02-23T23:59:59.000Z"], "wnes_geometry": {"westBoundingCoordinate": -79.791, "eastBoundingCoordinate": -79.771, "northBoundingCoordinate": 44.243, "southBoundingCoordinate": 44.223}, "sizeMB": 50.95, "format": "Not provided"}, "vertix_gcpex_20120224.nc": {"temporal": ["2012-02-24T00:00:00.000Z", "2012-02-24T23:59:58.000Z"], "wnes_geometry": {"westBoundingCoordinate": -79.791, "eastBoundingCoordinate": -79.771, "northBoundingCoordinate": 44.243, "southBoundingCoordinate": 44.223}, "sizeMB": 50.95, "format": "Not provided"}, "vertix_gcpex_20120225.nc": {"temporal": ["2012-02-25T00:00:01.000Z", "2012-02-25T22:34:28.000Z"], "wnes_geometry": {"westBoundingCoordinate": -79.791, "eastBoundingCoordinate": -79.771, "northBoundingCoordinate": 44.243, "southBoundingCoordinate": 44.223}, "sizeMB": 47.92, "format": "Not provided"}, "vertix_gcpex_20120226.nc": {"temporal": ["2012-02-26T00:00:00.000Z", "2012-02-26T09:02:07.000Z"], "wnes_geometry": {"westBoundingCoordinate": -79.791, "eastBoundingCoordinate": -79.771, "northBoundingCoordinate": 44.243, "southBoundingCoordinate": 44.223}, "sizeMB": 19.18, "format": "Not provided"}, "vertix_gcpex_20120227.nc": {"temporal": ["2012-02-27T19:39:39.000Z", "2012-02-27T23:59:59.000Z"], "wnes_geometry": {"westBoundingCoordinate": -79.791, "eastBoundingCoordinate": -79.771, "northBoundingCoordinate": 44.243, "southBoundingCoordinate": 44.223}, "sizeMB": 9.21, "format": "Not provided"}, "vertix_gcpex_20120228.nc": {"temporal": ["2012-02-28T00:00:00.000Z", "2012-02-28T23:59:58.000Z"], "wnes_geometry": {"westBoundingCoordinate": -79.791, "eastBoundingCoordinate": -79.771, "northBoundingCoordinate": 44.243, "southBoundingCoordinate": 44.223}, "sizeMB": 50.95, "format": "Not provided"}, "vertix_gcpex_20120229.nc": {"temporal": ["2012-02-29T00:00:01.000Z", "2012-02-29T23:59:58.000Z"], "wnes_geometry": {"westBoundingCoordinate": -79.791, "eastBoundingCoordinate": -79.771, "northBoundingCoordinate": 44.243, "southBoundingCoordinate": 44.223}, "sizeMB": 50.95, "format": "Not provided"}}