{"gcpex_windprofiler_2012015-std_EC_CARE.cns": {"temporal": ["2012-01-15T00:00:00.000Z", "2012-01-15T23:59:59.000Z"], "wnes_geometry": {"westBoundingCoordinate": -79.8, "eastBoundingCoordinate": -79.6, "northBoundingCoordinate": 44.3, "southBoundingCoordinate": 44.1}, "sizeMB": 0.58, "format": "Not provided"}, "gcpex_windprofiler_2012016-std_EC_CARE.cns": {"temporal": ["2012-01-16T00:00:00.000Z", "2012-01-16T23:59:59.000Z"], "wnes_geometry": {"westBoundingCoordinate": -79.8, "eastBoundingCoordinate": -79.6, "northBoundingCoordinate": 44.3, "southBoundingCoordinate": 44.1}, "sizeMB": 0.58, "format": "Not provided"}, "gcpex_windprofiler_2012017-std_EC_CARE.cns": {"temporal": ["2012-01-17T00:00:00.000Z", "2012-01-17T23:59:59.000Z"], "wnes_geometry": {"westBoundingCoordinate": -79.8, "eastBoundingCoordinate": -79.6, "northBoundingCoordinate": 44.3, "southBoundingCoordinate": 44.1}, "sizeMB": 0.58, "format": "Not provided"}, "gcpex_windprofiler_2012018-std_EC_CARE.cns": {"temporal": ["2012-01-18T00:00:00.000Z", "2012-01-18T23:59:59.000Z"], "wnes_geometry": {"westBoundingCoordinate": -79.8, "eastBoundingCoordinate": -79.6, "northBoundingCoordinate": 44.3, "southBoundingCoordinate": 44.1}, "sizeMB": 0.58, "format": "Not provided"}, "gcpex_windprofiler_2012019-std_EC_CARE.cns": {"temporal": ["2012-01-19T00:00:00.000Z", "2012-01-19T23:59:59.000Z"], "wnes_geometry": {"westBoundingCoordinate": -79.8, "eastBoundingCoordinate": -79.6, "northBoundingCoordinate": 44.3, "southBoundingCoordinate": 44.1}, "sizeMB": 0.58, "format": "Not provided"}, "gcpex_windprofiler_2012020-std_EC_CARE.cns": {"temporal": ["2012-01-20T00:00:00.000Z", "2012-01-20T23:59:59.000Z"], "wnes_geometry": {"westBoundingCoordinate": -79.8, "eastBoundingCoordinate": -79.6, "northBoundingCoordinate": 44.3, "southBoundingCoordinate": 44.1}, "sizeMB": 0.58, "format": "Not provided"}, "gcpex_windprofiler_2012021-std_EC_CARE.cns": {"temporal": ["2012-01-21T00:00:00.000Z", "2012-01-21T23:59:59.000Z"], "wnes_geometry": {"westBoundingCoordinate": -79.8, "eastBoundingCoordinate": -79.6, "northBoundingCoordinate": 44.3, "southBoundingCoordinate": 44.1}, "sizeMB": 0.58, "format": "Not provided"}, "gcpex_windprofiler_2012022-std_EC_CARE.cns": {"temporal": ["2012-01-22T00:00:00.000Z", "2012-01-22T23:59:59.000Z"], "wnes_geometry": {"westBoundingCoordinate": -79.8, "eastBoundingCoordinate": -79.6, "northBoundingCoordinate": 44.3, "southBoundingCoordinate": 44.1}, "sizeMB": 0.58, "format": "Not provided"}, "gcpex_windprofiler_2012023-std_EC_CARE.cns": {"temporal": ["2012-01-23T00:00:00.000Z", "2012-01-23T23:59:59.000Z"], "wnes_geometry": {"westBoundingCoordinate": -79.8, "eastBoundingCoordinate": -79.6, "northBoundingCoordinate": 44.3, "southBoundingCoordinate": 44.1}, "sizeMB": 0.58, "format": "Not provided"}, "gcpex_windprofiler_2012024-std_EC_CARE.cns": {"temporal": ["2012-01-24T00:00:00.000Z", "2012-01-24T23:59:59.000Z"], "wnes_geometry": {"westBoundingCoordinate": -79.8, "eastBoundingCoordinate": -79.6, "northBoundingCoordinate": 44.3, "southBoundingCoordinate": 44.1}, "sizeMB": 0.58, "format": "Not provided"}, "gcpex_windprofiler_2012025-std_EC_CARE.cns": {"temporal": ["2012-01-25T00:00:00.000Z", "2012-01-25T23:59:59.000Z"], "wnes_geometry": {"westBoundingCoordinate": -79.8, "eastBoundingCoordinate": -79.6, "northBoundingCoordinate": 44.3, "southBoundingCoordinate": 44.1}, "sizeMB": 0.57, "format": "Not provided"}, "gcpex_windprofiler_2012026-std_EC_CARE.cns": {"temporal": ["2012-01-26T00:00:00.000Z", "2012-01-26T23:59:59.000Z"], "wnes_geometry": {"westBoundingCoordinate": -79.8, "eastBoundingCoordinate": -79.6, "northBoundingCoordinate": 44.3, "southBoundingCoordinate": 44.1}, "sizeMB": 0.58, "format": "Not provided"}, "gcpex_windprofiler_2012027-std_EC_CARE.cns": {"temporal": ["2012-01-27T00:00:00.000Z", "2012-01-27T23:59:59.000Z"], "wnes_geometry": {"westBoundingCoordinate": -79.8, "eastBoundingCoordinate": -79.6, "northBoundingCoordinate": 44.3, "southBoundingCoordinate": 44.1}, "sizeMB": 0.58, "format": "Not provided"}, "gcpex_windprofiler_2012028-std_EC_CARE.cns": {"temporal": ["2012-01-28T00:00:00.000Z", "2012-01-28T23:59:59.000Z"], "wnes_geometry": {"westBoundingCoordinate": -79.8, "eastBoundingCoordinate": -79.6, "northBoundingCoordinate": 44.3, "southBoundingCoordinate": 44.1}, "sizeMB": 0.58, "format": "Not provided"}, "gcpex_windprofiler_2012029-std_EC_CARE.cns": {"temporal": ["2012-01-29T00:00:00.000Z", "2012-01-29T23:59:59.000Z"], "wnes_geometry": {"westBoundingCoordinate": -79.8, "eastBoundingCoordinate": -79.6, "northBoundingCoordinate": 44.3, "southBoundingCoordinate": 44.1}, "sizeMB": 0.58, "format": "Not provided"}, "gcpex_windprofiler_2012030-std_EC_CARE.cns": {"temporal": ["2012-01-30T00:00:00.000Z", "2012-01-30T23:59:59.000Z"], "wnes_geometry": {"westBoundingCoordinate": -79.8, "eastBoundingCoordinate": -79.6, "northBoundingCoordinate": 44.3, "southBoundingCoordinate": 44.1}, "sizeMB": 0.58, "format": "Not provided"}, "gcpex_windprofiler_2012031-std_EC_CARE.cns": {"temporal": ["2012-01-31T00:00:00.000Z", "2012-01-31T23:59:59.000Z"], "wnes_geometry": {"westBoundingCoordinate": -79.8, "eastBoundingCoordinate": -79.6, "northBoundingCoordinate": 44.3, "southBoundingCoordinate": 44.1}, "sizeMB": 0.58, "format": "Not provided"}, "gcpex_windprofiler_2012032-std_EC_CARE.cns": {"temporal": ["2012-02-01T00:00:00.000Z", "2012-02-01T23:59:59.000Z"], "wnes_geometry": {"westBoundingCoordinate": -79.8, "eastBoundingCoordinate": -79.6, "northBoundingCoordinate": 44.3, "southBoundingCoordinate": 44.1}, "sizeMB": 0.58, "format": "Not provided"}, "gcpex_windprofiler_2012033-std_EC_CARE.cns": {"temporal": ["2012-02-02T00:00:00.000Z", "2012-02-02T23:59:59.000Z"], "wnes_geometry": {"westBoundingCoordinate": -79.8, "eastBoundingCoordinate": -79.6, "northBoundingCoordinate": 44.3, "southBoundingCoordinate": 44.1}, "sizeMB": 0.58, "format": "Not provided"}, "gcpex_windprofiler_2012034-std_EC_CARE.cns": {"temporal": ["2012-02-03T00:00:00.000Z", "2012-02-03T23:59:59.000Z"], "wnes_geometry": {"westBoundingCoordinate": -79.8, "eastBoundingCoordinate": -79.6, "northBoundingCoordinate": 44.3, "southBoundingCoordinate": 44.1}, "sizeMB": 0.58, "format": "Not provided"}, "gcpex_windprofiler_2012035-std_EC_CARE.cns": {"temporal": ["2012-02-04T00:00:00.000Z", "2012-02-04T23:59:59.000Z"], "wnes_geometry": {"westBoundingCoordinate": -79.8, "eastBoundingCoordinate": -79.6, "northBoundingCoordinate": 44.3, "southBoundingCoordinate": 44.1}, "sizeMB": 0.58, "format": "Not provided"}, "gcpex_windprofiler_2012036-std_EC_CARE.cns": {"temporal": ["2012-02-05T00:00:00.000Z", "2012-02-05T23:59:59.000Z"], "wnes_geometry": {"westBoundingCoordinate": -79.8, "eastBoundingCoordinate": -79.6, "northBoundingCoordinate": 44.3, "southBoundingCoordinate": 44.1}, "sizeMB": 0.58, "format": "Not provided"}, "gcpex_windprofiler_2012037-std_EC_CARE.cns": {"temporal": ["2012-02-06T00:00:00.000Z", "2012-02-06T23:59:59.000Z"], "wnes_geometry": {"westBoundingCoordinate": -79.8, "eastBoundingCoordinate": -79.6, "northBoundingCoordinate": 44.3, "southBoundingCoordinate": 44.1}, "sizeMB": 0.55, "format": "Not provided"}, "gcpex_windprofiler_2012038-std_EC_CARE.cns": {"temporal": ["2012-02-07T00:00:00.000Z", "2012-02-07T23:59:59.000Z"], "wnes_geometry": {"westBoundingCoordinate": -79.8, "eastBoundingCoordinate": -79.6, "northBoundingCoordinate": 44.3, "southBoundingCoordinate": 44.1}, "sizeMB": 0.58, "format": "Not provided"}, "gcpex_windprofiler_2012039-std_EC_CARE.cns": {"temporal": ["2012-02-08T00:00:00.000Z", "2012-02-08T23:59:59.000Z"], "wnes_geometry": {"westBoundingCoordinate": -79.8, "eastBoundingCoordinate": -79.6, "northBoundingCoordinate": 44.3, "southBoundingCoordinate": 44.1}, "sizeMB": 0.58, "format": "Not provided"}, "gcpex_windprofiler_2012040-std_EC_CARE.cns": {"temporal": ["2012-02-09T00:00:00.000Z", "2012-02-09T23:59:59.000Z"], "wnes_geometry": {"westBoundingCoordinate": -79.8, "eastBoundingCoordinate": -79.6, "northBoundingCoordinate": 44.3, "southBoundingCoordinate": 44.1}, "sizeMB": 0.58, "format": "Not provided"}, "gcpex_windprofiler_2012041-std_EC_CARE.cns": {"temporal": ["2012-02-10T00:00:00.000Z", "2012-02-10T23:59:59.000Z"], "wnes_geometry": {"westBoundingCoordinate": -79.8, "eastBoundingCoordinate": -79.6, "northBoundingCoordinate": 44.3, "southBoundingCoordinate": 44.1}, "sizeMB": 0.58, "format": "Not provided"}, "gcpex_windprofiler_2012042-std_EC_CARE.cns": {"temporal": ["2012-02-11T00:00:00.000Z", "2012-02-11T23:59:59.000Z"], "wnes_geometry": {"westBoundingCoordinate": -79.8, "eastBoundingCoordinate": -79.6, "northBoundingCoordinate": 44.3, "southBoundingCoordinate": 44.1}, "sizeMB": 0.57, "format": "Not provided"}, "gcpex_windprofiler_2012043-std_EC_CARE.cns": {"temporal": ["2012-02-12T00:00:00.000Z", "2012-02-12T23:59:59.000Z"], "wnes_geometry": {"westBoundingCoordinate": -79.8, "eastBoundingCoordinate": -79.6, "northBoundingCoordinate": 44.3, "southBoundingCoordinate": 44.1}, "sizeMB": 0.58, "format": "Not provided"}, "gcpex_windprofiler_2012044-std_EC_CARE.cns": {"temporal": ["2012-02-13T00:00:00.000Z", "2012-02-13T23:59:59.000Z"], "wnes_geometry": {"westBoundingCoordinate": -79.8, "eastBoundingCoordinate": -79.6, "northBoundingCoordinate": 44.3, "southBoundingCoordinate": 44.1}, "sizeMB": 0.58, "format": "Not provided"}, "gcpex_windprofiler_2012045-std_EC_CARE.cns": {"temporal": ["2012-02-14T00:00:00.000Z", "2012-02-14T23:59:59.000Z"], "wnes_geometry": {"westBoundingCoordinate": -79.8, "eastBoundingCoordinate": -79.6, "northBoundingCoordinate": 44.3, "southBoundingCoordinate": 44.1}, "sizeMB": 0.58, "format": "Not provided"}, "gcpex_windprofiler_2012046-std_EC_CARE.cns": {"temporal": ["2012-02-15T00:00:00.000Z", "2012-02-15T23:59:59.000Z"], "wnes_geometry": {"westBoundingCoordinate": -79.8, "eastBoundingCoordinate": -79.6, "northBoundingCoordinate": 44.3, "southBoundingCoordinate": 44.1}, "sizeMB": 0.58, "format": "Not provided"}, "gcpex_windprofiler_2012047-std_EC_CARE.cns": {"temporal": ["2012-02-16T00:00:00.000Z", "2012-02-16T23:59:59.000Z"], "wnes_geometry": {"westBoundingCoordinate": -79.8, "eastBoundingCoordinate": -79.6, "northBoundingCoordinate": 44.3, "southBoundingCoordinate": 44.1}, "sizeMB": 0.58, "format": "Not provided"}, "gcpex_windprofiler_2012048-std_EC_CARE.cns": {"temporal": ["2012-02-17T00:00:00.000Z", "2012-02-17T23:59:59.000Z"], "wnes_geometry": {"westBoundingCoordinate": -79.8, "eastBoundingCoordinate": -79.6, "northBoundingCoordinate": 44.3, "southBoundingCoordinate": 44.1}, "sizeMB": 0.58, "format": "Not provided"}, "gcpex_windprofiler_2012049-std_EC_CARE.cns": {"temporal": ["2012-02-18T00:00:00.000Z", "2012-02-18T23:59:59.000Z"], "wnes_geometry": {"westBoundingCoordinate": -79.8, "eastBoundingCoordinate": -79.6, "northBoundingCoordinate": 44.3, "southBoundingCoordinate": 44.1}, "sizeMB": 0.58, "format": "Not provided"}, "gcpex_windprofiler_2012050-std_EC_CARE.cns": {"temporal": ["2012-02-19T00:00:00.000Z", "2012-02-19T23:59:59.000Z"], "wnes_geometry": {"westBoundingCoordinate": -79.8, "eastBoundingCoordinate": -79.6, "northBoundingCoordinate": 44.3, "southBoundingCoordinate": 44.1}, "sizeMB": 0.58, "format": "Not provided"}, "gcpex_windprofiler_2012051-std_EC_CARE.cns": {"temporal": ["2012-02-20T00:00:00.000Z", "2012-02-20T23:59:59.000Z"], "wnes_geometry": {"westBoundingCoordinate": -79.8, "eastBoundingCoordinate": -79.6, "northBoundingCoordinate": 44.3, "southBoundingCoordinate": 44.1}, "sizeMB": 0.58, "format": "Not provided"}, "gcpex_windprofiler_2012052-std_EC_CARE.cns": {"temporal": ["2012-02-21T00:00:00.000Z", "2012-02-21T23:59:59.000Z"], "wnes_geometry": {"westBoundingCoordinate": -79.8, "eastBoundingCoordinate": -79.6, "northBoundingCoordinate": 44.3, "southBoundingCoordinate": 44.1}, "sizeMB": 0.58, "format": "Not provided"}, "gcpex_windprofiler_2012053-std_EC_CARE.cns": {"temporal": ["2012-02-22T00:00:00.000Z", "2012-02-22T23:59:59.000Z"], "wnes_geometry": {"westBoundingCoordinate": -79.8, "eastBoundingCoordinate": -79.6, "northBoundingCoordinate": 44.3, "southBoundingCoordinate": 44.1}, "sizeMB": 0.58, "format": "Not provided"}, "gcpex_windprofiler_2012054-std_EC_CARE.cns": {"temporal": ["2012-02-23T00:00:00.000Z", "2012-02-23T23:59:59.000Z"], "wnes_geometry": {"westBoundingCoordinate": -79.8, "eastBoundingCoordinate": -79.6, "northBoundingCoordinate": 44.3, "southBoundingCoordinate": 44.1}, "sizeMB": 0.58, "format": "Not provided"}, "gcpex_windprofiler_2012055-std_EC_CARE.cns": {"temporal": ["2012-02-24T00:00:00.000Z", "2012-02-24T23:59:59.000Z"], "wnes_geometry": {"westBoundingCoordinate": -79.8, "eastBoundingCoordinate": -79.6, "northBoundingCoordinate": 44.3, "southBoundingCoordinate": 44.1}, "sizeMB": 0.58, "format": "Not provided"}, "gcpex_windprofiler_2012056-std_EC_CARE.cns": {"temporal": ["2012-02-25T00:00:00.000Z", "2012-02-25T23:59:59.000Z"], "wnes_geometry": {"westBoundingCoordinate": -79.8, "eastBoundingCoordinate": -79.6, "northBoundingCoordinate": 44.3, "southBoundingCoordinate": 44.1}, "sizeMB": 0.58, "format": "Not provided"}, "gcpex_windprofiler_2012057-std_EC_CARE.cns": {"temporal": ["2012-02-26T00:00:00.000Z", "2012-02-26T23:59:59.000Z"], "wnes_geometry": {"westBoundingCoordinate": -79.8, "eastBoundingCoordinate": -79.6, "northBoundingCoordinate": 44.3, "southBoundingCoordinate": 44.1}, "sizeMB": 0.58, "format": "Not provided"}, "gcpex_windprofiler_2012058-std_EC_CARE.cns": {"temporal": ["2012-02-27T00:00:00.000Z", "2012-02-27T23:59:59.000Z"], "wnes_geometry": {"westBoundingCoordinate": -79.8, "eastBoundingCoordinate": -79.6, "northBoundingCoordinate": 44.3, "southBoundingCoordinate": 44.1}, "sizeMB": 0.58, "format": "Not provided"}, "gcpex_windprofiler_2012059-std_EC_CARE.cns": {"temporal": ["2012-02-28T00:00:00.000Z", "2012-02-28T23:59:59.000Z"], "wnes_geometry": {"westBoundingCoordinate": -79.8, "eastBoundingCoordinate": -79.6, "northBoundingCoordinate": 44.3, "southBoundingCoordinate": 44.1}, "sizeMB": 0.58, "format": "Not provided"}, "gcpex_windprofiler_2012060-std_EC_CARE.cns": {"temporal": ["2012-02-29T00:00:00.000Z", "2012-02-29T23:59:59.000Z"], "wnes_geometry": {"westBoundingCoordinate": -79.8, "eastBoundingCoordinate": -79.6, "northBoundingCoordinate": 44.3, "southBoundingCoordinate": 44.1}, "sizeMB": 0.58, "format": "Not provided"}, "gcpex_windprofiler_2012061-std_EC_CARE.cns": {"temporal": ["2012-03-01T00:00:00.000Z", "2012-03-01T23:59:59.000Z"], "wnes_geometry": {"westBoundingCoordinate": -79.8, "eastBoundingCoordinate": -79.6, "northBoundingCoordinate": 44.3, "southBoundingCoordinate": 44.1}, "sizeMB": 0.58, "format": "Not provided"}}