{"WCR.LPVEX10.20100916.074441_080800.CPP-H1H2V2.nc": {"temporal": ["2010-09-16T07:44:41.000Z", "2010-09-16T08:08:00.000Z"], "wnes_geometry": {"westBoundingCoordinate": 22.425, "eastBoundingCoordinate": 23.996, "northBoundingCoordinate": 60.427, "southBoundingCoordinate": 59.752}, "sizeMB": 531.64, "format": "Not provided"}, "WCR.LPVEX10.20100916.080801_083758.CPP-H1H2V2.nc": {"temporal": ["2010-09-16T08:08:01.000Z", "2010-09-16T08:37:58.000Z"], "wnes_geometry": {"westBoundingCoordinate": 24, "eastBoundingCoordinate": 25.658, "northBoundingCoordinate": 60.02, "southBoundingCoordinate": 59.785}, "sizeMB": 682.55, "format": "Not provided"}, "WCR.LPVEX10.20100916.084332_091142.CPP-H1H2V2.nc": {"temporal": ["2010-09-16T08:43:32.000Z", "2010-09-16T09:11:42.000Z"], "wnes_geometry": {"westBoundingCoordinate": 23.477, "eastBoundingCoordinate": 23.813, "northBoundingCoordinate": 59.815, "southBoundingCoordinate": 59.712}, "sizeMB": 642.21, "format": "Not provided"}, "WCR.LPVEX10.20100916.091143_093615.CPP-H1H2V2.nc": {"temporal": ["2010-09-16T09:11:43.000Z", "2010-09-16T09:36:15.000Z"], "wnes_geometry": {"westBoundingCoordinate": 23.529, "eastBoundingCoordinate": 25.565, "northBoundingCoordinate": 59.993, "southBoundingCoordinate": 59.753}, "sizeMB": 559.17, "format": "Not provided"}, "WCR.LPVEX10.20100916.093616_100519.CPP-H1H2V2.nc": {"temporal": ["2010-09-16T09:36:16.000Z", "2010-09-16T10:05:19.000Z"], "wnes_geometry": {"westBoundingCoordinate": 23.967, "eastBoundingCoordinate": 25.663, "northBoundingCoordinate": 60.132, "southBoundingCoordinate": 59.777}, "sizeMB": 662.06, "format": "Not provided"}, "WCR.LPVEX10.20100916.101557_104223.CPP-H1H2V2.nc": {"temporal": ["2010-09-16T10:15:57.000Z", "2010-09-16T10:42:23.000Z"], "wnes_geometry": {"westBoundingCoordinate": 22.387, "eastBoundingCoordinate": 23.667, "northBoundingCoordinate": 60.441, "southBoundingCoordinate": 59.717}, "sizeMB": 602.7, "format": "Not provided"}, "WCR.LPVEX10.20100919.064844_072229.CPP-H1V2.nc": {"temporal": ["2010-09-19T06:48:44.000Z", "2010-09-19T07:22:29.000Z"], "wnes_geometry": {"westBoundingCoordinate": 22.361, "eastBoundingCoordinate": 25.27, "northBoundingCoordinate": 60.447, "southBoundingCoordinate": 59.749}, "sizeMB": 539.44, "format": "Not provided"}, "WCR.LPVEX10.20100919.072230_074528.CPP-H1V2.nc": {"temporal": ["2010-09-19T07:22:30.000Z", "2010-09-19T07:45:28.000Z"], "wnes_geometry": {"westBoundingCoordinate": 25.113, "eastBoundingCoordinate": 25.374, "northBoundingCoordinate": 60.035, "southBoundingCoordinate": 59.922}, "sizeMB": 366.89, "format": "Not provided"}, "WCR.LPVEX10.20100919.074908_082659.CPP-H1V2.nc": {"temporal": ["2010-09-19T07:49:08.000Z", "2010-09-19T08:26:59.000Z"], "wnes_geometry": {"westBoundingCoordinate": 25.355, "eastBoundingCoordinate": 26.139, "northBoundingCoordinate": 60.233, "southBoundingCoordinate": 59.975}, "sizeMB": 604.67, "format": "Not provided"}, "WCR.LPVEX10.20100919.082700_084926.CPP-H1V2.nc": {"temporal": ["2010-09-19T08:27:00.000Z", "2010-09-19T08:49:26.000Z"], "wnes_geometry": {"westBoundingCoordinate": 25.425, "eastBoundingCoordinate": 25.752, "northBoundingCoordinate": 60.25, "southBoundingCoordinate": 60.109}, "sizeMB": 358.53, "format": "Not provided"}, "WCR.LPVEX10.20100919.085236_085307.CPP-H1V2.nc": {"temporal": ["2010-09-19T08:52:36.000Z", "2010-09-19T08:53:07.000Z"], "wnes_geometry": {"westBoundingCoordinate": 25.181, "eastBoundingCoordinate": 25.214, "northBoundingCoordinate": 60.038, "southBoundingCoordinate": 60.026}, "sizeMB": 8.12, "format": "Not provided"}, "WCR.LPVEX10.20100919.085309_092225.CPP-H1H2V2.nc": {"temporal": ["2010-09-19T08:53:09.000Z", "2010-09-19T09:22:25.000Z"], "wnes_geometry": {"westBoundingCoordinate": 23.709, "eastBoundingCoordinate": 25.179, "northBoundingCoordinate": 60.026, "southBoundingCoordinate": 59.713}, "sizeMB": 667.38, "format": "Not provided"}, "WCR.LPVEX10.20100919.092226_094536.CPP-H1H2V2.nc": {"temporal": ["2010-09-19T09:22:26.000Z", "2010-09-19T09:45:36.000Z"], "wnes_geometry": {"westBoundingCoordinate": 23.761, "eastBoundingCoordinate": 24.412, "northBoundingCoordinate": 59.981, "southBoundingCoordinate": 59.751}, "sizeMB": 528.08, "format": "Not provided"}, "WCR.LPVEX10.20100919.094538_102545.CPP-H1H2V2.nc": {"temporal": ["2010-09-19T09:45:38.000Z", "2010-09-19T10:25:45.000Z"], "wnes_geometry": {"westBoundingCoordinate": 22.431, "eastBoundingCoordinate": 24.012, "northBoundingCoordinate": 60.318, "southBoundingCoordinate": 59.688}, "sizeMB": 914.74, "format": "Not provided"}, "WCR.LPVEX10.20100921.080434_083246.CPP-H1H2V2.nc": {"temporal": ["2010-09-21T08:04:34.000Z", "2010-09-21T08:32:46.000Z"], "wnes_geometry": {"westBoundingCoordinate": 22.419, "eastBoundingCoordinate": 25.057, "northBoundingCoordinate": 60.424, "southBoundingCoordinate": 60.035}, "sizeMB": 642.82, "format": "Not provided"}, "WCR.LPVEX10.20100921.083603_091339.CPP-H1H2V2.nc": {"temporal": ["2010-09-21T08:36:03.000Z", "2010-09-21T09:13:39.000Z"], "wnes_geometry": {"westBoundingCoordinate": 25.355, "eastBoundingCoordinate": 26.007, "northBoundingCoordinate": 60.154, "southBoundingCoordinate": 60}, "sizeMB": 857.07, "format": "Not provided"}, "WCR.LPVEX10.20100921.091340_095207.CPP-H1H2V2.nc": {"temporal": ["2010-09-21T09:13:40.000Z", "2010-09-21T09:52:07.000Z"], "wnes_geometry": {"westBoundingCoordinate": 25.322, "eastBoundingCoordinate": 26.061, "northBoundingCoordinate": 60.164, "southBoundingCoordinate": 59.992}, "sizeMB": 876.51, "format": "Not provided"}, "WCR.LPVEX10.20100921.095500_102129.CPP-H1H2V2.nc": {"temporal": ["2010-09-21T09:55:00.000Z", "2010-09-21T10:21:29.000Z"], "wnes_geometry": {"westBoundingCoordinate": 25.507, "eastBoundingCoordinate": 25.83, "northBoundingCoordinate": 60.268, "southBoundingCoordinate": 60.102}, "sizeMB": 603.58, "format": "Not provided"}, "WCR.LPVEX10.20100921.102130_105831.CPP-H1H2V2.nc": {"temporal": ["2010-09-21T10:21:30.000Z", "2010-09-21T10:58:31.000Z"], "wnes_geometry": {"westBoundingCoordinate": 24.206, "eastBoundingCoordinate": 25.504, "northBoundingCoordinate": 60.177, "southBoundingCoordinate": 59.901}, "sizeMB": 843.96, "format": "Not provided"}, "WCR.LPVEX10.20100921.105833_110821.CPP-H1H2V2.nc": {"temporal": ["2010-09-21T10:58:33.000Z", "2010-09-21T11:08:21.000Z"], "wnes_geometry": {"westBoundingCoordinate": 23.829, "eastBoundingCoordinate": 24.387, "northBoundingCoordinate": 59.993, "southBoundingCoordinate": 59.765}, "sizeMB": 223.46, "format": "Not provided"}, "WCR.LPVEX10.20100921.111030_113344.CPP-H1H2V2.nc": {"temporal": ["2010-09-21T11:10:30.000Z", "2010-09-21T11:33:44.000Z"], "wnes_geometry": {"westBoundingCoordinate": 23.486, "eastBoundingCoordinate": 24.375, "northBoundingCoordinate": 60.01, "southBoundingCoordinate": 59.735}, "sizeMB": 529.53, "format": "Not provided"}, "WCR.LPVEX10.20100921.113345_114528.CPP-H1H2V2.nc": {"temporal": ["2010-09-21T11:33:45.000Z", "2010-09-21T11:45:28.000Z"], "wnes_geometry": {"westBoundingCoordinate": 22.704, "eastBoundingCoordinate": 23.483, "northBoundingCoordinate": 60.388, "southBoundingCoordinate": 59.875}, "sizeMB": 266.79, "format": "Not provided"}, "WCR.LPVEX10.20100923.085941_092301.CPP-H1H2V2.nc": {"temporal": ["2010-09-23T08:59:41.000Z", "2010-09-23T09:23:01.000Z"], "wnes_geometry": {"westBoundingCoordinate": 22.688, "eastBoundingCoordinate": 25.668, "northBoundingCoordinate": 60.492, "southBoundingCoordinate": 60.451}, "sizeMB": 531.67, "format": "Not provided"}, "WCR.LPVEX10.20100923.092302_092941.CPP-H1H2V2.nc": {"temporal": ["2010-09-23T09:23:02.000Z", "2010-09-23T09:29:41.000Z"], "wnes_geometry": {"westBoundingCoordinate": 25.671, "eastBoundingCoordinate": 26.327, "northBoundingCoordinate": 60.546, "southBoundingCoordinate": 60.49}, "sizeMB": 151.26, "format": "Not provided"}, "WCR.LPVEX10.20100923.093234_100739.CPP-H1H2V2.nc": {"temporal": ["2010-09-23T09:32:34.000Z", "2010-09-23T10:07:39.000Z"], "wnes_geometry": {"westBoundingCoordinate": 25.186, "eastBoundingCoordinate": 26.275, "northBoundingCoordinate": 61.372, "southBoundingCoordinate": 60.479}, "sizeMB": 799.74, "format": "Not provided"}, "WCR.LPVEX10.20100923.104912_112026.CPP-H1H2V2.nc": {"temporal": ["2010-09-23T10:49:12.000Z", "2010-09-23T11:20:26.000Z"], "wnes_geometry": {"westBoundingCoordinate": 22.823, "eastBoundingCoordinate": 25.115, "northBoundingCoordinate": 60.522, "southBoundingCoordinate": 60.347}, "sizeMB": 712.37, "format": "Not provided"}, "WCR.LPVEX10.20100925.070721_074145.CPP-H1H2V2.nc": {"temporal": ["2010-09-25T07:07:21.000Z", "2010-09-25T07:41:45.000Z"], "wnes_geometry": {"westBoundingCoordinate": 22.539, "eastBoundingCoordinate": 25.448, "northBoundingCoordinate": 61.345, "southBoundingCoordinate": 60.452}, "sizeMB": 784.52, "format": "Not provided"}, "WCR.LPVEX10.20100925.074146_082448.CPP-H1H2V2.nc": {"temporal": ["2010-09-25T07:41:46.000Z", "2010-09-25T08:24:48.000Z"], "wnes_geometry": {"westBoundingCoordinate": 25.25, "eastBoundingCoordinate": 25.527, "northBoundingCoordinate": 61.372, "southBoundingCoordinate": 60.796}, "sizeMB": 981.21, "format": "Not provided"}, "WCR.LPVEX10.20100925.082450_085231.CPP-H1H2V2.nc": {"temporal": ["2010-09-25T08:24:50.000Z", "2010-09-25T08:52:31.000Z"], "wnes_geometry": {"westBoundingCoordinate": 25.15, "eastBoundingCoordinate": 25.524, "northBoundingCoordinate": 61.359, "southBoundingCoordinate": 60.651}, "sizeMB": 631.08, "format": "Not provided"}, "WCR.LPVEX10.20100925.085232_093202.CPP-H1H2V2.nc": {"temporal": ["2010-09-25T08:52:32.000Z", "2010-09-25T09:32:02.000Z"], "wnes_geometry": {"westBoundingCoordinate": 25.197, "eastBoundingCoordinate": 25.535, "northBoundingCoordinate": 61.363, "southBoundingCoordinate": 60.667}, "sizeMB": 900.72, "format": "Not provided"}, "WCR.LPVEX10.20100925.093204_095001.CPP-H1H2V2.nc": {"temporal": ["2010-09-25T09:32:04.000Z", "2010-09-25T09:50:01.000Z"], "wnes_geometry": {"westBoundingCoordinate": 23.724, "eastBoundingCoordinate": 25.194, "northBoundingCoordinate": 60.666, "southBoundingCoordinate": 60.494}, "sizeMB": 409.07, "format": "Not provided"}, "WCR.LPVEX10.20100929.071135_075030.CPP-V2H2.nc": {"temporal": ["2010-09-29T07:11:35.000Z", "2010-09-29T07:50:30.000Z"], "wnes_geometry": {"westBoundingCoordinate": 22.453, "eastBoundingCoordinate": 25.666, "northBoundingCoordinate": 60.404, "southBoundingCoordinate": 59.749}, "sizeMB": 648.01, "format": "Not provided"}, "WCR.LPVEX10.20100929.075031_080900.CPP-V2H2.nc": {"temporal": ["2010-09-29T07:50:31.000Z", "2010-09-29T08:09:00.000Z"], "wnes_geometry": {"westBoundingCoordinate": 23.498, "eastBoundingCoordinate": 25.668, "northBoundingCoordinate": 60.006, "southBoundingCoordinate": 59.746}, "sizeMB": 307.56, "format": "Not provided"}, "WCR.LPVEX10.20100929.080901_083205.CPP-V2H2.nc": {"temporal": ["2010-09-29T08:09:01.000Z", "2010-09-29T08:32:05.000Z"], "wnes_geometry": {"westBoundingCoordinate": 23.484, "eastBoundingCoordinate": 25.661, "northBoundingCoordinate": 59.972, "southBoundingCoordinate": 59.737}, "sizeMB": 383.81, "format": "Not provided"}, "WCR.LPVEX10.20100929.083206_085036.CPP-V2H2.nc": {"temporal": ["2010-09-29T08:32:06.000Z", "2010-09-29T08:50:36.000Z"], "wnes_geometry": {"westBoundingCoordinate": 23.478, "eastBoundingCoordinate": 25.662, "northBoundingCoordinate": 59.996, "southBoundingCoordinate": 59.744}, "sizeMB": 307.93, "format": "Not provided"}, "WCR.LPVEX10.20100929.085037_091259.CPP-V2H2.nc": {"temporal": ["2010-09-29T08:50:37.000Z", "2010-09-29T09:12:59.000Z"], "wnes_geometry": {"westBoundingCoordinate": 23.477, "eastBoundingCoordinate": 25.625, "northBoundingCoordinate": 59.965, "southBoundingCoordinate": 59.742}, "sizeMB": 372.32, "format": "Not provided"}, "WCR.LPVEX10.20100929.091300_093053.CPP-V2H2.nc": {"temporal": ["2010-09-29T09:13:00.000Z", "2010-09-29T09:30:53.000Z"], "wnes_geometry": {"westBoundingCoordinate": 23.589, "eastBoundingCoordinate": 25.652, "northBoundingCoordinate": 60.004, "southBoundingCoordinate": 59.747}, "sizeMB": 297.61, "format": "Not provided"}, "WCR.LPVEX10.20101004.085438_085745.CPP-V2H2.nc": {"temporal": ["2010-10-04T08:54:38.000Z", "2010-10-04T08:57:45.000Z"], "wnes_geometry": {"westBoundingCoordinate": 22.33, "eastBoundingCoordinate": 22.525, "northBoundingCoordinate": 60.45, "southBoundingCoordinate": 60.371}, "sizeMB": 51.91, "format": "Not provided"}, "WCR.LPVEX10.20101004.085747_090050.CPP-V2H2.nc": {"temporal": ["2010-10-04T08:57:47.000Z", "2010-10-04T09:00:50.000Z"], "wnes_geometry": {"westBoundingCoordinate": 22.527, "eastBoundingCoordinate": 22.689, "northBoundingCoordinate": 60.37, "southBoundingCoordinate": 60.269}, "sizeMB": 48.72, "format": "Not provided"}, "WCR.LPVEX10.20101004.090052_091421.CPP-V2H2.nc": {"temporal": ["2010-10-04T09:00:52.000Z", "2010-10-04T09:14:21.000Z"], "wnes_geometry": {"westBoundingCoordinate": 22.691, "eastBoundingCoordinate": 23.555, "northBoundingCoordinate": 60.268, "southBoundingCoordinate": 59.759}, "sizeMB": 224.38, "format": "Not provided"}, "WCR.LPVEX10.20101004.091422_092735.CPP-V2H2.nc": {"temporal": ["2010-10-04T09:14:22.000Z", "2010-10-04T09:27:35.000Z"], "wnes_geometry": {"westBoundingCoordinate": 23.557, "eastBoundingCoordinate": 25.026, "northBoundingCoordinate": 59.974, "southBoundingCoordinate": 59.746}, "sizeMB": 220.02, "format": "Not provided"}, "WCR.LPVEX10.20101004.092814_094054.CPP-H1H2V2.nc": {"temporal": ["2010-10-04T09:28:14.000Z", "2010-10-04T09:40:54.000Z"], "wnes_geometry": {"westBoundingCoordinate": 23.786, "eastBoundingCoordinate": 25.037, "northBoundingCoordinate": 60.016, "southBoundingCoordinate": 59.734}, "sizeMB": 300.77, "format": "Not provided"}, "WCR.LPVEX10.20101004.094104_095346.CPP-V2H2.nc": {"temporal": ["2010-10-04T09:41:04.000Z", "2010-10-04T09:53:46.000Z"], "wnes_geometry": {"westBoundingCoordinate": 23.75, "eastBoundingCoordinate": 25.021, "northBoundingCoordinate": 59.972, "southBoundingCoordinate": 59.739}, "sizeMB": 211.32, "format": "Not provided"}, "WCR.LPVEX10.20101004.095347_100903.CPP-V2H2.nc": {"temporal": ["2010-10-04T09:53:47.000Z", "2010-10-04T10:09:03.000Z"], "wnes_geometry": {"westBoundingCoordinate": 23.542, "eastBoundingCoordinate": 25.053, "northBoundingCoordinate": 60.015, "southBoundingCoordinate": 59.749}, "sizeMB": 254.15, "format": "Not provided"}, "WCR.LPVEX10.20101004.100904_103000.CPP-H1H2V2.nc": {"temporal": ["2010-10-04T10:09:04.000Z", "2010-10-04T10:30:00.000Z"], "wnes_geometry": {"westBoundingCoordinate": 23.494, "eastBoundingCoordinate": 23.839, "northBoundingCoordinate": 59.843, "southBoundingCoordinate": 59.724}, "sizeMB": 497.07, "format": "Not provided"}, "WCR.LPVEX10.20101004.103001_105732.CPP-H1H2V2.nc": {"temporal": ["2010-10-04T10:30:01.000Z", "2010-10-04T10:57:32.000Z"], "wnes_geometry": {"westBoundingCoordinate": 23.524, "eastBoundingCoordinate": 23.846, "northBoundingCoordinate": 59.9, "southBoundingCoordinate": 59.821}, "sizeMB": 653.59, "format": "Not provided"}, "WCR.LPVEX10.20101004.105733_110255.CPP-H1H2V2.nc": {"temporal": ["2010-10-04T10:57:33.000Z", "2010-10-04T11:02:55.000Z"], "wnes_geometry": {"westBoundingCoordinate": 23.709, "eastBoundingCoordinate": 23.843, "northBoundingCoordinate": 59.887, "southBoundingCoordinate": 59.714}, "sizeMB": 127.34, "format": "Not provided"}, "WCR.LPVEX10.20101004.110257_111822.CPP-H1H2V2.nc": {"temporal": ["2010-10-04T11:02:57.000Z", "2010-10-04T11:18:22.000Z"], "wnes_geometry": {"westBoundingCoordinate": 22.548, "eastBoundingCoordinate": 23.706, "northBoundingCoordinate": 60.193, "southBoundingCoordinate": 59.724}, "sizeMB": 351.46, "format": "Not provided"}, "WCR.LPVEX10.20101008.095854_102406.CPP-H1H2V2.nc": {"temporal": ["2010-10-08T09:58:54.000Z", "2010-10-08T10:24:06.000Z"], "wnes_geometry": {"westBoundingCoordinate": 22.351, "eastBoundingCoordinate": 25.211, "northBoundingCoordinate": 60.673, "southBoundingCoordinate": 60.446}, "sizeMB": 574.63, "format": "Not provided"}, "WCR.LPVEX10.20101008.102407_103555.CPP-H1H2V2.nc": {"temporal": ["2010-10-08T10:24:07.000Z", "2010-10-08T10:35:55.000Z"], "wnes_geometry": {"westBoundingCoordinate": 25.215, "eastBoundingCoordinate": 25.449, "northBoundingCoordinate": 61.338, "southBoundingCoordinate": 60.675}, "sizeMB": 268.82, "format": "Not provided"}, "WCR.LPVEX10.20101008.103557_104831.CPP-H1H2V2.nc": {"temporal": ["2010-10-08T10:35:57.000Z", "2010-10-08T10:48:31.000Z"], "wnes_geometry": {"westBoundingCoordinate": 25.443, "eastBoundingCoordinate": 25.562, "northBoundingCoordinate": 61.375, "southBoundingCoordinate": 61.282}, "sizeMB": 286.29, "format": "Not provided"}, "WCR.LPVEX10.20101008.104832_105058.CPP-H1H2V2.nc": {"temporal": ["2010-10-08T10:48:32.000Z", "2010-10-08T10:50:58.000Z"], "wnes_geometry": {"westBoundingCoordinate": 25.397, "eastBoundingCoordinate": 25.453, "northBoundingCoordinate": 61.388, "southBoundingCoordinate": 61.341}, "sizeMB": 28.18, "format": "Not provided"}, "WCR.LPVEX10.20101008.105059_110625.CPP-H1H2V2.nc": {"temporal": ["2010-10-08T10:50:59.000Z", "2010-10-08T11:06:25.000Z"], "wnes_geometry": {"westBoundingCoordinate": 25.195, "eastBoundingCoordinate": 25.446, "northBoundingCoordinate": 61.339, "southBoundingCoordinate": 60.661}, "sizeMB": 180, "format": "Not provided"}, "WCR.LPVEX10.20101008.112235_113428.CPP-H1H2V2.nc": {"temporal": ["2010-10-08T11:22:35.000Z", "2010-10-08T11:34:28.000Z"], "wnes_geometry": {"westBoundingCoordinate": 22.692, "eastBoundingCoordinate": 23.747, "northBoundingCoordinate": 60.527, "southBoundingCoordinate": 60.441}, "sizeMB": 270.75, "format": "Not provided"}, "WCR.LPVEX10.20101010.073352_074247.CPP-H1V2.nc": {"temporal": ["2010-10-10T07:33:52.000Z", "2010-10-10T07:42:47.000Z"], "wnes_geometry": {"westBoundingCoordinate": 22.398, "eastBoundingCoordinate": 23.36, "northBoundingCoordinate": 60.504, "southBoundingCoordinate": 60.453}, "sizeMB": 142.22, "format": "Not provided"}, "WCR.LPVEX10.20101010.074248_075522.CPP-H1H2V2.nc": {"temporal": ["2010-10-10T07:42:48.000Z", "2010-10-10T07:55:22.000Z"], "wnes_geometry": {"westBoundingCoordinate": 23.365, "eastBoundingCoordinate": 25.169, "northBoundingCoordinate": 60.66, "southBoundingCoordinate": 60.46}, "sizeMB": 286.55, "format": "Not provided"}, "WCR.LPVEX10.20101010.075524_080809.CPP-H1H2V2.nc": {"temporal": ["2010-10-10T07:55:24.000Z", "2010-10-10T08:08:09.000Z"], "wnes_geometry": {"westBoundingCoordinate": 25.174, "eastBoundingCoordinate": 25.456, "northBoundingCoordinate": 61.345, "southBoundingCoordinate": 60.661}, "sizeMB": 290.55, "format": "Not provided"}, "WCR.LPVEX10.20101010.080810_081426.CPP-H1H2V2.nc": {"temporal": ["2010-10-10T08:08:10.000Z", "2010-10-10T08:14:26.000Z"], "wnes_geometry": {"westBoundingCoordinate": 25.457, "eastBoundingCoordinate": 25.604, "northBoundingCoordinate": 61.383, "southBoundingCoordinate": 61.282}, "sizeMB": 142.69, "format": "Not provided"}, "WCR.LPVEX10.20101010.081428_082834.CPP-H1H2V2.nc": {"temporal": ["2010-10-10T08:14:28.000Z", "2010-10-10T08:28:34.000Z"], "wnes_geometry": {"westBoundingCoordinate": 25.199, "eastBoundingCoordinate": 25.46, "northBoundingCoordinate": 61.333, "southBoundingCoordinate": 60.643}, "sizeMB": 321.25, "format": "Not provided"}, "WCR.LPVEX10.20101010.082835_084710.CPP-H1H2V2.nc": {"temporal": ["2010-10-10T08:28:35.000Z", "2010-10-10T08:47:10.000Z"], "wnes_geometry": {"westBoundingCoordinate": 25.212, "eastBoundingCoordinate": 25.454, "northBoundingCoordinate": 61.342, "southBoundingCoordinate": 60.599}, "sizeMB": 423.74, "format": "Not provided"}, "WCR.LPVEX10.20101010.084712_090450.CPP-H1H2V2.nc": {"temporal": ["2010-10-10T08:47:12.000Z", "2010-10-10T09:04:50.000Z"], "wnes_geometry": {"westBoundingCoordinate": 25.199, "eastBoundingCoordinate": 25.51, "northBoundingCoordinate": 61.38, "southBoundingCoordinate": 60.663}, "sizeMB": 401.94, "format": "Not provided"}, "WCR.LPVEX10.20101010.090451_093230.CPP-H1H2V2.nc": {"temporal": ["2010-10-10T09:04:51.000Z", "2010-10-10T09:32:30.000Z"], "wnes_geometry": {"westBoundingCoordinate": 24.984, "eastBoundingCoordinate": 25.721, "northBoundingCoordinate": 60.698, "southBoundingCoordinate": 60.457}, "sizeMB": 630.28, "format": "Not provided"}, "WCR.LPVEX10.20101010.093231_095321.CPP-H1H2V2.nc": {"temporal": ["2010-10-10T09:32:31.000Z", "2010-10-10T09:53:21.000Z"], "wnes_geometry": {"westBoundingCoordinate": 25.707, "eastBoundingCoordinate": 26.51, "northBoundingCoordinate": 60.573, "southBoundingCoordinate": 60.453}, "sizeMB": 474.82, "format": "Not provided"}, "WCR.LPVEX10.20101010.095322_101918.CPP-H1H2V2.nc": {"temporal": ["2010-10-10T09:53:22.000Z", "2010-10-10T10:19:18.000Z"], "wnes_geometry": {"westBoundingCoordinate": 25.648, "eastBoundingCoordinate": 26.509, "northBoundingCoordinate": 60.604, "southBoundingCoordinate": 60.471}, "sizeMB": 591.08, "format": "Not provided"}, "WCR.LPVEX10.20101010.101931_102838.CPP-H1H2V2.nc": {"temporal": ["2010-10-10T10:19:31.000Z", "2010-10-10T10:28:38.000Z"], "wnes_geometry": {"westBoundingCoordinate": 25.611, "eastBoundingCoordinate": 26.174, "northBoundingCoordinate": 60.539, "southBoundingCoordinate": 60.471}, "sizeMB": 207.57, "format": "Not provided"}, "WCR.LPVEX10.20101010.103123_104337.CPP-H1H2V2.nc": {"temporal": ["2010-10-10T10:31:23.000Z", "2010-10-10T10:43:37.000Z"], "wnes_geometry": {"westBoundingCoordinate": 25.63, "eastBoundingCoordinate": 26.513, "northBoundingCoordinate": 60.565, "southBoundingCoordinate": 60.479}, "sizeMB": 278.78, "format": "Not provided"}, "WCR.LPVEX10.20101010.104338_110325.CPP-H1H2V2.nc": {"temporal": ["2010-10-10T10:43:38.000Z", "2010-10-10T11:03:25.000Z"], "wnes_geometry": {"westBoundingCoordinate": 25.631, "eastBoundingCoordinate": 26.511, "northBoundingCoordinate": 60.577, "southBoundingCoordinate": 60.472}, "sizeMB": 451.02, "format": "Not provided"}, "WCR.LPVEX10.20101010.110327_112258.CPP-H1H2V2.nc": {"temporal": ["2010-10-10T11:03:27.000Z", "2010-10-10T11:22:58.000Z"], "wnes_geometry": {"westBoundingCoordinate": 25.662, "eastBoundingCoordinate": 26.497, "northBoundingCoordinate": 60.572, "southBoundingCoordinate": 60.481}, "sizeMB": 444.95, "format": "Not provided"}, "WCR.LPVEX10.20101010.112259_114616.CPP-H1H2V2.nc": {"temporal": ["2010-10-10T11:22:59.000Z", "2010-10-10T11:46:16.000Z"], "wnes_geometry": {"westBoundingCoordinate": 23.887, "eastBoundingCoordinate": 25.785, "northBoundingCoordinate": 60.508, "southBoundingCoordinate": 60.346}, "sizeMB": 530.7, "format": "Not provided"}, "WCR.LPVEX10.20101010.114617_120011.CPP-H1H2V2.nc": {"temporal": ["2010-10-10T11:46:17.000Z", "2010-10-10T12:00:11.000Z"], "wnes_geometry": {"westBoundingCoordinate": 22.672, "eastBoundingCoordinate": 23.884, "northBoundingCoordinate": 60.527, "southBoundingCoordinate": 60.364}, "sizeMB": 316.39, "format": "Not provided"}, "WCR.LPVEX10.20101012.070141_073342.CPP-H1H2V2.nc": {"temporal": ["2010-10-12T07:01:41.000Z", "2010-10-12T07:33:42.000Z"], "wnes_geometry": {"westBoundingCoordinate": 22.357, "eastBoundingCoordinate": 25.736, "northBoundingCoordinate": 60.541, "southBoundingCoordinate": 60.449}, "sizeMB": 730, "format": "Not provided"}, "WCR.LPVEX10.20101012.073343_074152.CPP-H1H2V2.nc": {"temporal": ["2010-10-12T07:33:43.000Z", "2010-10-12T07:41:52.000Z"], "wnes_geometry": {"westBoundingCoordinate": 25.74, "eastBoundingCoordinate": 26.416, "northBoundingCoordinate": 60.588, "southBoundingCoordinate": 60.486}, "sizeMB": 185.46, "format": "Not provided"}, "WCR.LPVEX10.20101012.074153_075041.CPP-H1H2V2.nc": {"temporal": ["2010-10-12T07:41:53.000Z", "2010-10-12T07:50:41.000Z"], "wnes_geometry": {"westBoundingCoordinate": 25.672, "eastBoundingCoordinate": 26.431, "northBoundingCoordinate": 60.587, "southBoundingCoordinate": 60.483}, "sizeMB": 200.31, "format": "Not provided"}, "WCR.LPVEX10.20101012.075042_080107.CPP-H1H2V2.nc": {"temporal": ["2010-10-12T07:50:42.000Z", "2010-10-12T08:01:07.000Z"], "wnes_geometry": {"westBoundingCoordinate": 25.617, "eastBoundingCoordinate": 26.407, "northBoundingCoordinate": 60.585, "southBoundingCoordinate": 60.474}, "sizeMB": 237.09, "format": "Not provided"}, "WCR.LPVEX10.20101012.080108_081059.CPP-H1H2V2.nc": {"temporal": ["2010-10-12T08:01:08.000Z", "2010-10-12T08:10:59.000Z"], "wnes_geometry": {"westBoundingCoordinate": 25.687, "eastBoundingCoordinate": 26.452, "northBoundingCoordinate": 60.622, "southBoundingCoordinate": 60.481}, "sizeMB": 224.44, "format": "Not provided"}, "WCR.LPVEX10.20101012.081100_082057.CPP-H1H2V2.nc": {"temporal": ["2010-10-12T08:11:00.000Z", "2010-10-12T08:20:57.000Z"], "wnes_geometry": {"westBoundingCoordinate": 25.62, "eastBoundingCoordinate": 26.415, "northBoundingCoordinate": 60.576, "southBoundingCoordinate": 60.48}, "sizeMB": 226.58, "format": "Not provided"}, "WCR.LPVEX10.20101012.082058_083035.CPP-H1H2V2.nc": {"temporal": ["2010-10-12T08:20:58.000Z", "2010-10-12T08:30:35.000Z"], "wnes_geometry": {"westBoundingCoordinate": 25.677, "eastBoundingCoordinate": 26.459, "northBoundingCoordinate": 60.623, "southBoundingCoordinate": 60.481}, "sizeMB": 218.88, "format": "Not provided"}, "WCR.LPVEX10.20101012.083036_085049.CPP-H1H2V2.nc": {"temporal": ["2010-10-12T08:30:36.000Z", "2010-10-12T08:50:49.000Z"], "wnes_geometry": {"westBoundingCoordinate": 25.63, "eastBoundingCoordinate": 26.431, "northBoundingCoordinate": 60.595, "southBoundingCoordinate": 60.475}, "sizeMB": 460.59, "format": "Not provided"}, "WCR.LPVEX10.20101012.085050_090921.CPP-H1H2V2.nc": {"temporal": ["2010-10-12T08:50:50.000Z", "2010-10-12T09:09:21.000Z"], "wnes_geometry": {"westBoundingCoordinate": 25.666, "eastBoundingCoordinate": 26.43, "northBoundingCoordinate": 60.601, "southBoundingCoordinate": 60.481}, "sizeMB": 421.76, "format": "Not provided"}, "WCR.LPVEX10.20101012.090922_092903.CPP-H1H2V2.nc": {"temporal": ["2010-10-12T09:09:22.000Z", "2010-10-12T09:29:03.000Z"], "wnes_geometry": {"westBoundingCoordinate": 25.649, "eastBoundingCoordinate": 26.433, "northBoundingCoordinate": 60.603, "southBoundingCoordinate": 60.48}, "sizeMB": 448.62, "format": "Not provided"}, "WCR.LPVEX10.20101012.092904_094743.CPP-H1H2V2.nc": {"temporal": ["2010-10-12T09:29:04.000Z", "2010-10-12T09:47:43.000Z"], "wnes_geometry": {"westBoundingCoordinate": 25.596, "eastBoundingCoordinate": 26.438, "northBoundingCoordinate": 60.605, "southBoundingCoordinate": 60.475}, "sizeMB": 425.02, "format": "Not provided"}, "WCR.LPVEX10.20101012.094744_095351.CPP-H1H2V2.nc": {"temporal": ["2010-10-12T09:47:44.000Z", "2010-10-12T09:53:51.000Z"], "wnes_geometry": {"westBoundingCoordinate": 25.641, "eastBoundingCoordinate": 26.122, "northBoundingCoordinate": 60.535, "southBoundingCoordinate": 60.481}, "sizeMB": 139.19, "format": "Not provided"}, "WCR.LPVEX10.20101012.095657_100748.CPP-H1H2V2.nc": {"temporal": ["2010-10-12T09:56:57.000Z", "2010-10-12T10:07:48.000Z"], "wnes_geometry": {"westBoundingCoordinate": 25.699, "eastBoundingCoordinate": 26.455, "northBoundingCoordinate": 60.598, "southBoundingCoordinate": 60.475}, "sizeMB": 247.28, "format": "Not provided"}, "WCR.LPVEX10.20101012.100749_102124.CPP-H1H2V2.nc": {"temporal": ["2010-10-12T10:07:49.000Z", "2010-10-12T10:21:24.000Z"], "wnes_geometry": {"westBoundingCoordinate": 25.302, "eastBoundingCoordinate": 25.698, "northBoundingCoordinate": 60.473, "southBoundingCoordinate": 60.086}, "sizeMB": 309.38, "format": "Not provided"}, "WCR.LPVEX10.20101012.102125_103437.CPP-H1H2V2.nc": {"temporal": ["2010-10-12T10:21:25.000Z", "2010-10-12T10:34:37.000Z"], "wnes_geometry": {"westBoundingCoordinate": 25.349, "eastBoundingCoordinate": 25.53, "northBoundingCoordinate": 60.143, "southBoundingCoordinate": 60.093}, "sizeMB": 300.55, "format": "Not provided"}, "WCR.LPVEX10.20101012.103438_110147.CPP-H1H2V2.nc": {"temporal": ["2010-10-12T10:34:38.000Z", "2010-10-12T11:01:47.000Z"], "wnes_geometry": {"westBoundingCoordinate": 22.857, "eastBoundingCoordinate": 25.411, "northBoundingCoordinate": 60.463, "southBoundingCoordinate": 60.105}, "sizeMB": 618.77, "format": "Not provided"}, "WCR.LPVEX10.20101014.072054_080552.CPP-H1H2V2.nc": {"temporal": ["2010-10-14T07:20:54.000Z", "2010-10-14T08:05:52.000Z"], "wnes_geometry": {"westBoundingCoordinate": 22.338, "eastBoundingCoordinate": 25.293, "northBoundingCoordinate": 60.602, "southBoundingCoordinate": 60.476}, "sizeMB": 1025.03, "format": "Not provided"}, "WCR.LPVEX10.20101014.080553_082120.CPP-H1H2V2.nc": {"temporal": ["2010-10-14T08:05:53.000Z", "2010-10-14T08:21:20.000Z"], "wnes_geometry": {"westBoundingCoordinate": 24.715, "eastBoundingCoordinate": 25.052, "northBoundingCoordinate": 61.127, "southBoundingCoordinate": 60.483}, "sizeMB": 352.17, "format": "Not provided"}, "WCR.LPVEX10.20101014.082121_083518.CPP-H1H2V2.nc": {"temporal": ["2010-10-14T08:21:21.000Z", "2010-10-14T08:35:18.000Z"], "wnes_geometry": {"westBoundingCoordinate": 24.703, "eastBoundingCoordinate": 24.986, "northBoundingCoordinate": 61.151, "southBoundingCoordinate": 60.615}, "sizeMB": 317.62, "format": "Not provided"}, "WCR.LPVEX10.20101014.083519_085006.CPP-H1H2V2.nc": {"temporal": ["2010-10-14T08:35:19.000Z", "2010-10-14T08:50:06.000Z"], "wnes_geometry": {"westBoundingCoordinate": 24.923, "eastBoundingCoordinate": 25.424, "northBoundingCoordinate": 60.684, "southBoundingCoordinate": 60.114}, "sizeMB": 336.83, "format": "Not provided"}, "WCR.LPVEX10.20101014.085007_090747.CPP-H1H2V2.nc": {"temporal": ["2010-10-14T08:50:07.000Z", "2010-10-14T09:07:47.000Z"], "wnes_geometry": {"westBoundingCoordinate": 25.353, "eastBoundingCoordinate": 26.072, "northBoundingCoordinate": 60.13, "southBoundingCoordinate": 59.999}, "sizeMB": 402.33, "format": "Not provided"}, "WCR.LPVEX10.20101014.090748_093212.CPP-H1H2V2.nc": {"temporal": ["2010-10-14T09:07:48.000Z", "2010-10-14T09:32:12.000Z"], "wnes_geometry": {"westBoundingCoordinate": 25.296, "eastBoundingCoordinate": 26.056, "northBoundingCoordinate": 60.146, "southBoundingCoordinate": 59.997}, "sizeMB": 556.15, "format": "Not provided"}, "WCR.LPVEX10.20101014.093213_100237.CPP-H1H2V2.nc": {"temporal": ["2010-10-14T09:32:13.000Z", "2010-10-14T10:02:37.000Z"], "wnes_geometry": {"westBoundingCoordinate": 24.849, "eastBoundingCoordinate": 25.293, "northBoundingCoordinate": 60.101, "southBoundingCoordinate": 59.954}, "sizeMB": 692.93, "format": "Not provided"}, "WCR.LPVEX10.20101014.100238_101901.CPP-H1H2V2.nc": {"temporal": ["2010-10-14T10:02:38.000Z", "2010-10-14T10:19:01.000Z"], "wnes_geometry": {"westBoundingCoordinate": 23.742, "eastBoundingCoordinate": 24.951, "northBoundingCoordinate": 60.053, "southBoundingCoordinate": 59.732}, "sizeMB": 373.34, "format": "Not provided"}, "WCR.LPVEX10.20101014.101902_103945.CPP-H1H2V2.nc": {"temporal": ["2010-10-14T10:19:02.000Z", "2010-10-14T10:39:45.000Z"], "wnes_geometry": {"westBoundingCoordinate": 23.68, "eastBoundingCoordinate": 24.43, "northBoundingCoordinate": 59.977, "southBoundingCoordinate": 59.719}, "sizeMB": 472.04, "format": "Not provided"}, "WCR.LPVEX10.20101014.103946_104056.CPP-H1H2V2.nc": {"temporal": ["2010-10-14T10:39:46.000Z", "2010-10-14T10:40:56.000Z"], "wnes_geometry": {"westBoundingCoordinate": 23.67, "eastBoundingCoordinate": 23.738, "northBoundingCoordinate": 59.727, "southBoundingCoordinate": 59.685}, "sizeMB": 26.15, "format": "Not provided"}, "WCR.LPVEX10.20101014.104256_105745.CPP-H1H2V2.nc": {"temporal": ["2010-10-14T10:42:56.000Z", "2010-10-14T10:57:45.000Z"], "wnes_geometry": {"westBoundingCoordinate": 22.85, "eastBoundingCoordinate": 23.511, "northBoundingCoordinate": 60.072, "southBoundingCoordinate": 59.631}, "sizeMB": 337.52, "format": "Not provided"}, "WCR.LPVEX10.20101014.105746_105931.CPP-H1H2V2.nc": {"temporal": ["2010-10-14T10:57:46.000Z", "2010-10-14T10:59:31.000Z"], "wnes_geometry": {"westBoundingCoordinate": 22.764, "eastBoundingCoordinate": 22.848, "northBoundingCoordinate": 60.132, "southBoundingCoordinate": 60.073}, "sizeMB": 39.36, "format": "Not provided"}, "WCR.LPVEX10.20101016.091658_094825.CPP-H1H2V2.nc": {"temporal": ["2010-10-16T09:16:58.000Z", "2010-10-16T09:48:25.000Z"], "wnes_geometry": {"westBoundingCoordinate": 22.402, "eastBoundingCoordinate": 24.945, "northBoundingCoordinate": 60.429, "southBoundingCoordinate": 59.749}, "sizeMB": 717.29, "format": "Not provided"}, "WCR.LPVEX10.20101016.094827_101735.CPP-H1H2V2.nc": {"temporal": ["2010-10-16T09:48:27.000Z", "2010-10-16T10:17:35.000Z"], "wnes_geometry": {"westBoundingCoordinate": 24.948, "eastBoundingCoordinate": 26.051, "northBoundingCoordinate": 60.141, "southBoundingCoordinate": 59.958}, "sizeMB": 664.41, "format": "Not provided"}, "WCR.LPVEX10.20101016.101737_104631.CPP-H1H2V2.nc": {"temporal": ["2010-10-16T10:17:37.000Z", "2010-10-16T10:46:31.000Z"], "wnes_geometry": {"westBoundingCoordinate": 25.32, "eastBoundingCoordinate": 26.058, "northBoundingCoordinate": 60.141, "southBoundingCoordinate": 59.997}, "sizeMB": 658.81, "format": "Not provided"}, "WCR.LPVEX10.20101016.104716_111331.CPP-H1H2V2.nc": {"temporal": ["2010-10-16T10:47:16.000Z", "2010-10-16T11:13:31.000Z"], "wnes_geometry": {"westBoundingCoordinate": 23.446, "eastBoundingCoordinate": 25.708, "northBoundingCoordinate": 60.074, "southBoundingCoordinate": 59.747}, "sizeMB": 623.63, "format": "Not provided"}, "WCR.LPVEX10.20101016.111347_112949.CPP-H1H2V2.nc": {"temporal": ["2010-10-16T11:13:47.000Z", "2010-10-16T11:29:49.000Z"], "wnes_geometry": {"westBoundingCoordinate": 22.452, "eastBoundingCoordinate": 23.428, "northBoundingCoordinate": 60.431, "southBoundingCoordinate": 59.82}, "sizeMB": 365.42, "format": "Not provided"}, "WCR.LPVEX10.20101019.070308_073512.CPP-H1H2V2.nc": {"temporal": ["2010-10-19T07:03:08.000Z", "2010-10-19T07:35:12.000Z"], "wnes_geometry": {"westBoundingCoordinate": 19.884, "eastBoundingCoordinate": 22.032, "northBoundingCoordinate": 61.46, "southBoundingCoordinate": 60.499}, "sizeMB": 730.93, "format": "Not provided"}, "WCR.LPVEX10.20101019.073513_080122.CPP-H1H2V2.nc": {"temporal": ["2010-10-19T07:35:13.000Z", "2010-10-19T08:01:22.000Z"], "wnes_geometry": {"westBoundingCoordinate": 19.837, "eastBoundingCoordinate": 19.977, "northBoundingCoordinate": 61.54, "southBoundingCoordinate": 61.438}, "sizeMB": 596.14, "format": "Not provided"}, "WCR.LPVEX10.20101019.080123_083012.CPP-H1H2V2.nc": {"temporal": ["2010-10-19T08:01:23.000Z", "2010-10-19T08:30:12.000Z"], "wnes_geometry": {"westBoundingCoordinate": 19.869, "eastBoundingCoordinate": 20.814, "northBoundingCoordinate": 61.467, "southBoundingCoordinate": 60.493}, "sizeMB": 656.73, "format": "Not provided"}, "WCR.LPVEX10.20101019.083013_085246.CPP-H1H2V2.nc": {"temporal": ["2010-10-19T08:30:13.000Z", "2010-10-19T08:52:46.000Z"], "wnes_geometry": {"westBoundingCoordinate": 19.876, "eastBoundingCoordinate": 20.858, "northBoundingCoordinate": 61.471, "southBoundingCoordinate": 60.489}, "sizeMB": 514.12, "format": "Not provided"}, "WCR.LPVEX10.20101019.085248_092349.CPP-H1H2V2.nc": {"temporal": ["2010-10-19T08:52:48.000Z", "2010-10-19T09:23:49.000Z"], "wnes_geometry": {"westBoundingCoordinate": 19.867, "eastBoundingCoordinate": 20.804, "northBoundingCoordinate": 61.495, "southBoundingCoordinate": 60.487}, "sizeMB": 707.15, "format": "Not provided"}, "WCR.LPVEX10.20101019.092711_094651.CPP-H1H2V2.nc": {"temporal": ["2010-10-19T09:27:11.000Z", "2010-10-19T09:46:51.000Z"], "wnes_geometry": {"westBoundingCoordinate": 19.879, "eastBoundingCoordinate": 20.747, "northBoundingCoordinate": 61.479, "southBoundingCoordinate": 60.541}, "sizeMB": 448.48, "format": "Not provided"}, "WCR.LPVEX10.20101019.094653_100349.CPP-H1H2V2.nc": {"temporal": ["2010-10-19T09:46:53.000Z", "2010-10-19T10:03:49.000Z"], "wnes_geometry": {"westBoundingCoordinate": 19.872, "eastBoundingCoordinate": 20.401, "northBoundingCoordinate": 61.508, "southBoundingCoordinate": 61.014}, "sizeMB": 385.91, "format": "Not provided"}, "WCR.LPVEX10.20101019.100350_102936.CPP-H1H2V2.nc": {"temporal": ["2010-10-19T10:03:50.000Z", "2010-10-19T10:29:36.000Z"], "wnes_geometry": {"westBoundingCoordinate": 19.856, "eastBoundingCoordinate": 20.404, "northBoundingCoordinate": 61.495, "southBoundingCoordinate": 60.963}, "sizeMB": 587.28, "format": "Not provided"}, "WCR.LPVEX10.20101019.102937_105322.CPP-H1H2V2.nc": {"temporal": ["2010-10-19T10:29:37.000Z", "2010-10-19T10:53:22.000Z"], "wnes_geometry": {"westBoundingCoordinate": 19.862, "eastBoundingCoordinate": 20.422, "northBoundingCoordinate": 61.489, "southBoundingCoordinate": 60.955}, "sizeMB": 541.39, "format": "Not provided"}, "WCR.LPVEX10.20101019.105323_111402.CPP-H1H2V2.nc": {"temporal": ["2010-10-19T10:53:23.000Z", "2010-10-19T11:14:02.000Z"], "wnes_geometry": {"westBoundingCoordinate": 20.261, "eastBoundingCoordinate": 21.879, "northBoundingCoordinate": 61.095, "southBoundingCoordinate": 60.629}, "sizeMB": 470.79, "format": "Not provided"}, "WCR.LPVEX10.20101020.073217_075911.CPP-H1H2V2.nc": {"temporal": ["2010-10-20T07:32:17.000Z", "2010-10-20T07:59:11.000Z"], "wnes_geometry": {"westBoundingCoordinate": 22.38, "eastBoundingCoordinate": 24.94, "northBoundingCoordinate": 60.506, "southBoundingCoordinate": 60.041}, "sizeMB": 613.23, "format": "Not provided"}, "WCR.LPVEX10.20101020.075912_082849.CPP-H1H2V2.nc": {"temporal": ["2010-10-20T07:59:12.000Z", "2010-10-20T08:28:49.000Z"], "wnes_geometry": {"westBoundingCoordinate": 24.852, "eastBoundingCoordinate": 25.76, "northBoundingCoordinate": 60.489, "southBoundingCoordinate": 59.973}, "sizeMB": 675.19, "format": "Not provided"}, "WCR.LPVEX10.20101020.082850_084608.CPP-H1H2V2.nc": {"temporal": ["2010-10-20T08:28:50.000Z", "2010-10-20T08:46:08.000Z"], "wnes_geometry": {"westBoundingCoordinate": 25.682, "eastBoundingCoordinate": 26.465, "northBoundingCoordinate": 60.568, "southBoundingCoordinate": 60.483}, "sizeMB": 394.33, "format": "Not provided"}, "WCR.LPVEX10.20101020.084610_090812.CPP-H1H2V2.nc": {"temporal": ["2010-10-20T08:46:10.000Z", "2010-10-20T09:08:12.000Z"], "wnes_geometry": {"westBoundingCoordinate": 25.652, "eastBoundingCoordinate": 26.47, "northBoundingCoordinate": 60.572, "southBoundingCoordinate": 60.363}, "sizeMB": 502.43, "format": "Not provided"}, "WCR.LPVEX10.20101020.090813_092941.CPP-H1H2V2.nc": {"temporal": ["2010-10-20T09:08:13.000Z", "2010-10-20T09:29:41.000Z"], "wnes_geometry": {"westBoundingCoordinate": 25.57, "eastBoundingCoordinate": 25.683, "northBoundingCoordinate": 60.361, "southBoundingCoordinate": 60.138}, "sizeMB": 488.93, "format": "Not provided"}, "WCR.LPVEX10.20101020.092942_094346.CPP-H1H2V2.nc": {"temporal": ["2010-10-20T09:29:42.000Z", "2010-10-20T09:43:46.000Z"], "wnes_geometry": {"westBoundingCoordinate": 25.357, "eastBoundingCoordinate": 26.008, "northBoundingCoordinate": 60.241, "southBoundingCoordinate": 59.999}, "sizeMB": 320.61, "format": "Not provided"}, "WCR.LPVEX10.20101020.094633_102223.CPP-H1H2V2.nc": {"temporal": ["2010-10-20T09:46:33.000Z", "2010-10-20T10:22:23.000Z"], "wnes_geometry": {"westBoundingCoordinate": 25.331, "eastBoundingCoordinate": 26.062, "northBoundingCoordinate": 60.162, "southBoundingCoordinate": 59.999}, "sizeMB": 816.96, "format": "Not provided"}, "WCR.LPVEX10.20101020.102225_105048.CPP-H1H2V2.nc": {"temporal": ["2010-10-20T10:22:25.000Z", "2010-10-20T10:50:48.000Z"], "wnes_geometry": {"westBoundingCoordinate": 23.558, "eastBoundingCoordinate": 26.069, "northBoundingCoordinate": 60.054, "southBoundingCoordinate": 59.75}, "sizeMB": 647.29, "format": "Not provided"}, "WCR.LPVEX10.20101020.105049_110252.CPP-H1H2V2.nc": {"temporal": ["2010-10-20T10:50:49.000Z", "2010-10-20T11:02:52.000Z"], "wnes_geometry": {"westBoundingCoordinate": 23.093, "eastBoundingCoordinate": 23.555, "northBoundingCoordinate": 60.436, "southBoundingCoordinate": 59.751}, "sizeMB": 274.23, "format": "Not provided"}}