{"HAMSR_L1B_20100828T052446_20100828T203646_v01.nc": {"temporal": ["2010-08-28T12:24:47.000Z", "2010-08-29T03:37:25.000Z"], "wnes_geometry": {"westBoundingCoordinate": -125.227, "eastBoundingCoordinate": -109.642, "northBoundingCoordinate": 35.853, "southBoundingCoordinate": 18.4}, "sizeMB": 323.5, "format": "Not provided"}, "HAMSR_L1B_20100901T201020_20100902T204311_v01.nc": {"temporal": ["2010-09-02T03:10:21.000Z", "2010-09-03T03:44:48.000Z"], "wnes_geometry": {"westBoundingCoordinate": -118.977, "eastBoundingCoordinate": -70.69, "northBoundingCoordinate": 36.647, "southBoundingCoordinate": 26.05}, "sizeMB": 529.14, "format": "Not provided"}, "HAMSR_L1B_20100912T040924_20100913T042651_v01.nc": {"temporal": ["2010-09-12T11:09:26.000Z", "2010-09-13T11:28:37.000Z"], "wnes_geometry": {"westBoundingCoordinate": -118.228, "eastBoundingCoordinate": -70.738, "northBoundingCoordinate": 36.454, "southBoundingCoordinate": 13.32}, "sizeMB": 520.8, "format": "Not provided"}, "HAMSR_L1B_20100916T061217_20100917T070940_v01.nc": {"temporal": ["2010-09-16T13:12:18.000Z", "2010-09-17T14:11:48.000Z"], "wnes_geometry": {"westBoundingCoordinate": -118.49, "eastBoundingCoordinate": -91.255, "northBoundingCoordinate": 36.488, "southBoundingCoordinate": 17.647}, "sizeMB": 533.57, "format": "Not provided"}, "HAMSR_L1B_20100923T071040_20100924T094512_v01.nc": {"temporal": ["2010-09-23T14:10:40.000Z", "2010-09-24T16:48:11.000Z"], "wnes_geometry": {"westBoundingCoordinate": -119.117, "eastBoundingCoordinate": -76.181, "northBoundingCoordinate": 36.598, "southBoundingCoordinate": 11.37}, "sizeMB": 562.94, "format": "Not provided"}}