{"NBCnews_GRIP.mov": {"temporal": ["2010-08-13T00:00:00.000Z", "2010-09-25T23:59:59.000Z"], "wnes_geometry": {"westBoundingCoordinate": -100, "eastBoundingCoordinate": -71.5, "northBoundingCoordinate": 40, "southBoundingCoordinate": 0}, "sizeMB": 279.96, "format": "Not Provided"}, "2010-08-13_DC8_track.kml": {"temporal": ["2010-08-13T00:00:00.000Z", "2010-08-13T23:59:59.000Z"], "wnes_geometry": {"westBoundingCoordinate": -100, "eastBoundingCoordinate": -71.5, "northBoundingCoordinate": 40, "southBoundingCoordinate": 0}, "sizeMB": 0.12, "format": "KML"}, "2010-08-15_N871NA_track.kml": {"temporal": ["2010-08-15T00:00:00.000Z", "2010-08-15T23:59:59.000Z"], "wnes_geometry": {"westBoundingCoordinate": -100, "eastBoundingCoordinate": -71.5, "northBoundingCoordinate": 40, "southBoundingCoordinate": 0}, "sizeMB": 0.06, "format": "KML"}, "2010-08-16_N871NA_track.kml": {"temporal": ["2010-08-16T00:00:00.000Z", "2010-08-16T23:59:59.000Z"], "wnes_geometry": {"westBoundingCoordinate": -100, "eastBoundingCoordinate": -71.5, "northBoundingCoordinate": 40, "southBoundingCoordinate": 0}, "sizeMB": 0.01, "format": "KML"}, "2010-08-17_DC8_track.kml": {"temporal": ["2010-08-17T00:00:00.000Z", "2010-08-17T23:59:59.000Z"], "wnes_geometry": {"westBoundingCoordinate": -100, "eastBoundingCoordinate": -71.5, "northBoundingCoordinate": 40, "southBoundingCoordinate": 0}, "sizeMB": 0.53, "format": "KML"}, "2010-08-18_GV_track.kml": {"temporal": ["2010-08-18T00:00:00.000Z", "2010-08-18T23:59:59.000Z"], "wnes_geometry": {"westBoundingCoordinate": -100, "eastBoundingCoordinate": -71.5, "northBoundingCoordinate": 40, "southBoundingCoordinate": 0}, "sizeMB": 0.17, "format": "KML"}, "2010-08-21_GV_track.kml": {"temporal": ["2010-08-21T00:00:00.000Z", "2010-08-21T23:59:59.000Z"], "wnes_geometry": {"westBoundingCoordinate": -100, "eastBoundingCoordinate": -71.5, "northBoundingCoordinate": 40, "southBoundingCoordinate": 0}, "sizeMB": 0.18, "format": "KML"}, "2010-08-23_GV_track.kml": {"temporal": ["2010-08-23T00:00:00.000Z", "2010-08-23T23:59:59.000Z"], "wnes_geometry": {"westBoundingCoordinate": -100, "eastBoundingCoordinate": -71.5, "northBoundingCoordinate": 40, "southBoundingCoordinate": 0}, "sizeMB": 0.04, "format": "KML"}, "2010-08-24_N871NA_track.kml": {"temporal": ["2010-08-24T00:00:00.000Z", "2010-08-24T23:59:59.000Z"], "wnes_geometry": {"westBoundingCoordinate": -100, "eastBoundingCoordinate": -71.5, "northBoundingCoordinate": 40, "southBoundingCoordinate": 0}, "sizeMB": 0.04, "format": "KML"}, "2010-08-24_GRIP-DC8.avi": {"temporal": ["2010-08-24T00:00:00.000Z", "2010-08-24T23:59:59.000Z"], "wnes_geometry": {"westBoundingCoordinate": -100, "eastBoundingCoordinate": -71.5, "northBoundingCoordinate": 40, "southBoundingCoordinate": 0}, "sizeMB": 260.18, "format": "Not Provided"}, "2010-08-24_DC8_track.kml": {"temporal": ["2010-08-24T00:00:00.000Z", "2010-08-24T23:59:59.000Z"], "wnes_geometry": {"westBoundingCoordinate": -100, "eastBoundingCoordinate": -71.5, "northBoundingCoordinate": 40, "southBoundingCoordinate": 0}, "sizeMB": 0.98, "format": "KML"}, "2010-08-25_DC8_track.kml": {"temporal": ["2010-08-25T00:00:00.000Z", "2010-08-25T23:59:59.000Z"], "wnes_geometry": {"westBoundingCoordinate": -100, "eastBoundingCoordinate": -71.5, "northBoundingCoordinate": 40, "southBoundingCoordinate": 0}, "sizeMB": 0.07, "format": "KML"}, "2010-08-27_NOAA42_track.kml": {"temporal": ["2010-08-27T00:00:00.000Z", "2010-08-27T23:59:59.000Z"], "wnes_geometry": {"westBoundingCoordinate": -100, "eastBoundingCoordinate": -71.5, "northBoundingCoordinate": 40, "southBoundingCoordinate": 0}, "sizeMB": 0.01, "format": "KML"}, "2010-08-27_NOAA43_track.kml": {"temporal": ["2010-08-27T00:00:00.000Z", "2010-08-27T23:59:59.000Z"], "wnes_geometry": {"westBoundingCoordinate": -100, "eastBoundingCoordinate": -71.5, "northBoundingCoordinate": 40, "southBoundingCoordinate": 0}, "sizeMB": 0.01, "format": "KML"}, "2010-08-28_GRIP.avi": {"temporal": ["2010-08-28T00:00:00.000Z", "2010-08-28T23:59:59.000Z"], "wnes_geometry": {"westBoundingCoordinate": -100, "eastBoundingCoordinate": -71.5, "northBoundingCoordinate": 40, "southBoundingCoordinate": 0}, "sizeMB": 241.64, "format": "Not Provided"}, "2010-08-28_GIV_track.kml": {"temporal": ["2010-08-28T00:00:00.000Z", "2010-08-28T23:59:59.000Z"], "wnes_geometry": {"westBoundingCoordinate": -100, "eastBoundingCoordinate": -71.5, "northBoundingCoordinate": 40, "southBoundingCoordinate": 0}, "sizeMB": 0.01, "format": "KML"}, "2010-08-28_N871NA_track.kml": {"temporal": ["2010-08-28T00:00:00.000Z", "2010-08-28T23:59:59.000Z"], "wnes_geometry": {"westBoundingCoordinate": -100, "eastBoundingCoordinate": -71.5, "northBoundingCoordinate": 40, "southBoundingCoordinate": 0}, "sizeMB": 0.19, "format": "KML"}, "2010-08-28_DC8_track.kml": {"temporal": ["2010-08-28T00:00:00.000Z", "2010-08-28T23:59:59.000Z"], "wnes_geometry": {"westBoundingCoordinate": -100, "eastBoundingCoordinate": -71.5, "northBoundingCoordinate": 40, "southBoundingCoordinate": 0}, "sizeMB": 0.07, "format": "KML"}, "2010-08-29_NOAA42_track.kml": {"temporal": ["2010-08-29T00:00:00.000Z", "2010-08-29T23:59:59.000Z"], "wnes_geometry": {"westBoundingCoordinate": -100, "eastBoundingCoordinate": -71.5, "northBoundingCoordinate": 40, "southBoundingCoordinate": 0}, "sizeMB": 0, "format": "KML"}, "2010-08-29_GV_track.kml": {"temporal": ["2010-08-29T00:00:00.000Z", "2010-08-29T23:59:59.000Z"], "wnes_geometry": {"westBoundingCoordinate": -100, "eastBoundingCoordinate": -71.5, "northBoundingCoordinate": 40, "southBoundingCoordinate": 0}, "sizeMB": 0.01, "format": "KML"}, "2010-08-29_DC8_track.kml": {"temporal": ["2010-08-29T00:00:00.000Z", "2010-08-29T23:59:59.000Z"], "wnes_geometry": {"westBoundingCoordinate": -100, "eastBoundingCoordinate": -71.5, "northBoundingCoordinate": 40, "southBoundingCoordinate": 0}, "sizeMB": 0.2, "format": "KML"}, "2010-08-29_GIV_track.kml": {"temporal": ["2010-08-29T00:00:00.000Z", "2010-08-29T23:59:59.000Z"], "wnes_geometry": {"westBoundingCoordinate": -100, "eastBoundingCoordinate": -71.5, "northBoundingCoordinate": 40, "southBoundingCoordinate": 0}, "sizeMB": 0, "format": "KML"}, "2010-08-29_GRIP-DC8.avi": {"temporal": ["2010-08-29T00:00:00.000Z", "2010-08-29T23:59:59.000Z"], "wnes_geometry": {"westBoundingCoordinate": -100, "eastBoundingCoordinate": -71.5, "northBoundingCoordinate": 40, "southBoundingCoordinate": 0}, "sizeMB": 286.67, "format": "Not Provided"}, "2010-08-30_DC8_track.kml": {"temporal": ["2010-08-30T00:00:00.000Z", "2010-08-30T23:59:59.000Z"], "wnes_geometry": {"westBoundingCoordinate": -100, "eastBoundingCoordinate": -71.5, "northBoundingCoordinate": 40, "southBoundingCoordinate": 0}, "sizeMB": 0.17, "format": "KML"}, "2010-08-30_GV_track.kml": {"temporal": ["2010-08-30T00:00:00.000Z", "2010-08-30T23:59:59.000Z"], "wnes_geometry": {"westBoundingCoordinate": -100, "eastBoundingCoordinate": -71.5, "northBoundingCoordinate": 40, "southBoundingCoordinate": 0}, "sizeMB": 0.06, "format": "KML"}, "2010-08-30_GRIP_Earl_DC8video.mov": {"temporal": ["2010-08-30T00:00:00.000Z", "2010-08-30T23:59:59.000Z"], "wnes_geometry": {"westBoundingCoordinate": -100, "eastBoundingCoordinate": -71.5, "northBoundingCoordinate": 40, "southBoundingCoordinate": 0}, "sizeMB": 12.14, "format": "Not Provided"}, "2010-08-30_GIV_track.kml": {"temporal": ["2010-08-30T00:00:00.000Z", "2010-08-30T23:59:59.000Z"], "wnes_geometry": {"westBoundingCoordinate": -100, "eastBoundingCoordinate": -71.5, "northBoundingCoordinate": 40, "southBoundingCoordinate": 0}, "sizeMB": 0.01, "format": "KML"}, "2010-08-30_GRIP.avi": {"temporal": ["2010-08-30T00:00:00.000Z", "2010-08-30T23:59:59.000Z"], "wnes_geometry": {"westBoundingCoordinate": -100, "eastBoundingCoordinate": -71.5, "northBoundingCoordinate": 40, "southBoundingCoordinate": 0}, "sizeMB": 379.57, "format": "Not Provided"}, "2010-08-30_GRIP_with_NOAA49-GV.avi": {"temporal": ["2010-08-30T00:00:00.000Z", "2010-08-30T23:59:59.000Z"], "wnes_geometry": {"westBoundingCoordinate": -100, "eastBoundingCoordinate": -71.5, "northBoundingCoordinate": 40, "southBoundingCoordinate": 0}, "sizeMB": 277.59, "format": "Not Provided"}, "2010-08-30_GRIP_Earl_DC8video.mp4": {"temporal": ["2010-08-30T00:00:00.000Z", "2010-08-30T23:59:59.000Z"], "wnes_geometry": {"westBoundingCoordinate": -100, "eastBoundingCoordinate": -71.5, "northBoundingCoordinate": 40, "southBoundingCoordinate": 0}, "sizeMB": 12.14, "format": "Not Provided"}, "2010-08-31_GV_track.kml": {"temporal": ["2010-08-31T00:00:00.000Z", "2010-08-31T23:59:59.000Z"], "wnes_geometry": {"westBoundingCoordinate": -100, "eastBoundingCoordinate": -71.5, "northBoundingCoordinate": 40, "southBoundingCoordinate": 0}, "sizeMB": 0.05, "format": "KML"}, "2010-08-31_GIV_track.kml": {"temporal": ["2010-08-31T00:00:00.000Z", "2010-08-31T23:59:59.000Z"], "wnes_geometry": {"westBoundingCoordinate": -100, "eastBoundingCoordinate": -71.5, "northBoundingCoordinate": 40, "southBoundingCoordinate": 0}, "sizeMB": 0, "format": "KML"}, "2010-09-01_GRIP_WB57_TRANSIT.avi": {"temporal": ["2010-09-01T00:00:00.000Z", "2010-09-01T23:59:59.000Z"], "wnes_geometry": {"westBoundingCoordinate": -100, "eastBoundingCoordinate": -71.5, "northBoundingCoordinate": 40, "southBoundingCoordinate": 0}, "sizeMB": 92.9, "format": "Not Provided"}, "2010-09-01_NOAA49_track.kml": {"temporal": ["2010-09-01T00:00:00.000Z", "2010-09-01T23:59:59.000Z"], "wnes_geometry": {"westBoundingCoordinate": -100, "eastBoundingCoordinate": -71.5, "northBoundingCoordinate": 40, "southBoundingCoordinate": 0}, "sizeMB": 0, "format": "KML"}, "2010-09-01_NOAA43_track.kml": {"temporal": ["2010-09-01T00:00:00.000Z", "2010-09-01T23:59:59.000Z"], "wnes_geometry": {"westBoundingCoordinate": -100, "eastBoundingCoordinate": -71.5, "northBoundingCoordinate": 40, "southBoundingCoordinate": 0}, "sizeMB": 0, "format": "KML"}, "2010-09-01_GRIP_WB57_3-panel.avi": {"temporal": ["2010-09-01T00:00:00.000Z", "2010-09-01T23:59:59.000Z"], "wnes_geometry": {"westBoundingCoordinate": -100, "eastBoundingCoordinate": -71.5, "northBoundingCoordinate": 40, "southBoundingCoordinate": 0}, "sizeMB": 365.19, "format": "Not Provided"}, "2010-09-01_GRIP_EARL.avi": {"temporal": ["2010-09-01T00:00:00.000Z", "2010-09-01T23:59:59.000Z"], "wnes_geometry": {"westBoundingCoordinate": -100, "eastBoundingCoordinate": -71.5, "northBoundingCoordinate": 40, "southBoundingCoordinate": 0}, "sizeMB": 387.92, "format": "Not Provided"}, "2010-09-01_GV_track.kml": {"temporal": ["2010-09-01T00:00:00.000Z", "2010-09-01T23:59:59.000Z"], "wnes_geometry": {"westBoundingCoordinate": -100, "eastBoundingCoordinate": -71.5, "northBoundingCoordinate": 40, "southBoundingCoordinate": 0}, "sizeMB": 0.04, "format": "KML"}, "2010-09-01_NOAA42_track.kml": {"temporal": ["2010-09-01T00:00:00.000Z", "2010-09-01T23:59:59.000Z"], "wnes_geometry": {"westBoundingCoordinate": -100, "eastBoundingCoordinate": -71.5, "northBoundingCoordinate": 40, "southBoundingCoordinate": 0}, "sizeMB": 0.01, "format": "KML"}, "2010-09-01_WB57_track.kml": {"temporal": ["2010-09-01T00:00:00.000Z", "2010-09-01T23:59:59.000Z"], "wnes_geometry": {"westBoundingCoordinate": -100, "eastBoundingCoordinate": -71.5, "northBoundingCoordinate": 40, "southBoundingCoordinate": 0}, "sizeMB": 0.12, "format": "KML"}, "2010-09-01_DC8_track.kml": {"temporal": ["2010-09-01T00:00:00.000Z", "2010-09-01T23:59:59.000Z"], "wnes_geometry": {"westBoundingCoordinate": -100, "eastBoundingCoordinate": -71.5, "northBoundingCoordinate": 40, "southBoundingCoordinate": 0}, "sizeMB": 0.16, "format": "KML"}, "2010-09-02_NOAA42_track.kml": {"temporal": ["2010-09-02T00:00:00.000Z", "2010-09-02T23:59:59.000Z"], "wnes_geometry": {"westBoundingCoordinate": -100, "eastBoundingCoordinate": -71.5, "northBoundingCoordinate": 40, "southBoundingCoordinate": 0}, "sizeMB": 0, "format": "KML"}, "2010-09-02_NOAA43_track.kml": {"temporal": ["2010-09-02T00:00:00.000Z", "2010-09-02T23:59:59.000Z"], "wnes_geometry": {"westBoundingCoordinate": -100, "eastBoundingCoordinate": -71.5, "northBoundingCoordinate": 40, "southBoundingCoordinate": 0}, "sizeMB": 0, "format": "KML"}, "2010-09-02_NOAA49_track.kml": {"temporal": ["2010-09-02T00:00:00.000Z", "2010-09-02T23:59:59.000Z"], "wnes_geometry": {"westBoundingCoordinate": -100, "eastBoundingCoordinate": -71.5, "northBoundingCoordinate": 40, "southBoundingCoordinate": 0}, "sizeMB": 0, "format": "KML"}, "2010-09-02_DC8_track.kml": {"temporal": ["2010-09-02T00:00:00.000Z", "2010-09-02T23:59:59.000Z"], "wnes_geometry": {"westBoundingCoordinate": -100, "eastBoundingCoordinate": -71.5, "northBoundingCoordinate": 40, "southBoundingCoordinate": 0}, "sizeMB": 0.14, "format": "KML"}, "2010-09-02_GRIP_EARL.mov": {"temporal": ["2010-09-02T00:00:00.000Z", "2010-09-02T23:59:59.000Z"], "wnes_geometry": {"westBoundingCoordinate": -100, "eastBoundingCoordinate": -71.5, "northBoundingCoordinate": 40, "southBoundingCoordinate": 0}, "sizeMB": 125.02, "format": "Not Provided"}, "2010-09-02_N871NA_track.kml": {"temporal": ["2010-09-02T00:00:00.000Z", "2010-09-02T23:59:59.000Z"], "wnes_geometry": {"westBoundingCoordinate": -100, "eastBoundingCoordinate": -71.5, "northBoundingCoordinate": 40, "southBoundingCoordinate": 0}, "sizeMB": 0.3, "format": "KML"}, "2010-09-02_GRIP_EARL_lightning_only.avi": {"temporal": ["2010-09-02T00:00:00.000Z", "2010-09-02T23:59:59.000Z"], "wnes_geometry": {"westBoundingCoordinate": -100, "eastBoundingCoordinate": -71.5, "northBoundingCoordinate": 40, "southBoundingCoordinate": 0}, "sizeMB": 281.37, "format": "Not Provided"}, "2010-09-02_GV_track.kml": {"temporal": ["2010-09-02T00:00:00.000Z", "2010-09-02T23:59:59.000Z"], "wnes_geometry": {"westBoundingCoordinate": -100, "eastBoundingCoordinate": -71.5, "northBoundingCoordinate": 40, "southBoundingCoordinate": 0}, "sizeMB": 0.06, "format": "KML"}, "2010-09-03_NOAA42_track.kml": {"temporal": ["2010-09-03T00:00:00.000Z", "2010-09-03T23:59:59.000Z"], "wnes_geometry": {"westBoundingCoordinate": -100, "eastBoundingCoordinate": -71.5, "northBoundingCoordinate": 40, "southBoundingCoordinate": 0}, "sizeMB": 0.01, "format": "KML"}, "2010-09-03_NOAA49_track.kml": {"temporal": ["2010-09-03T00:00:00.000Z", "2010-09-03T23:59:59.000Z"], "wnes_geometry": {"westBoundingCoordinate": -100, "eastBoundingCoordinate": -71.5, "northBoundingCoordinate": 40, "southBoundingCoordinate": 0}, "sizeMB": 0.01, "format": "KML"}, "2010-09-03_N871NA_track.kml": {"temporal": ["2010-09-03T00:00:00.000Z", "2010-09-03T23:59:59.000Z"], "wnes_geometry": {"westBoundingCoordinate": -100, "eastBoundingCoordinate": -71.5, "northBoundingCoordinate": 40, "southBoundingCoordinate": 0}, "sizeMB": 0, "format": "KML"}, "2010-09-03_WB57_track.kml": {"temporal": ["2010-09-03T00:00:00.000Z", "2010-09-03T23:59:59.000Z"], "wnes_geometry": {"westBoundingCoordinate": -100, "eastBoundingCoordinate": -71.5, "northBoundingCoordinate": 40, "southBoundingCoordinate": 0}, "sizeMB": 0.04, "format": "KML"}, "2010-09-03_GV_track.kml": {"temporal": ["2010-09-03T00:00:00.000Z", "2010-09-03T23:59:59.000Z"], "wnes_geometry": {"westBoundingCoordinate": -100, "eastBoundingCoordinate": -71.5, "northBoundingCoordinate": 40, "southBoundingCoordinate": 0}, "sizeMB": 0.06, "format": "KML"}, "2010-09-03_GRIP-WB57.avi": {"temporal": ["2010-09-03T00:00:00.000Z", "2010-09-03T23:59:59.000Z"], "wnes_geometry": {"westBoundingCoordinate": -100, "eastBoundingCoordinate": -71.5, "northBoundingCoordinate": 40, "southBoundingCoordinate": 0}, "sizeMB": 93.16, "format": "Not Provided"}, "2010-09-03_NOAA43_track.kml": {"temporal": ["2010-09-03T00:00:00.000Z", "2010-09-03T23:59:59.000Z"], "wnes_geometry": {"westBoundingCoordinate": -100, "eastBoundingCoordinate": -71.5, "northBoundingCoordinate": 40, "southBoundingCoordinate": 0}, "sizeMB": 0.01, "format": "KML"}, "2010-09-04_NOAA43_track.kml": {"temporal": ["2010-09-04T00:00:00.000Z", "2010-09-04T23:59:59.000Z"], "wnes_geometry": {"westBoundingCoordinate": -100, "eastBoundingCoordinate": -71.5, "northBoundingCoordinate": 40, "southBoundingCoordinate": 0}, "sizeMB": 0, "format": "KML"}, "2010-09-05_NOAA43_track.kml": {"temporal": ["2010-09-05T00:00:00.000Z", "2010-09-05T23:59:59.000Z"], "wnes_geometry": {"westBoundingCoordinate": -100, "eastBoundingCoordinate": -71.5, "northBoundingCoordinate": 40, "southBoundingCoordinate": 0}, "sizeMB": 0.01, "format": "KML"}, "2010-09-05_DC8_track.kml": {"temporal": ["2010-09-05T00:00:00.000Z", "2010-09-05T23:59:59.000Z"], "wnes_geometry": {"westBoundingCoordinate": -100, "eastBoundingCoordinate": -71.5, "northBoundingCoordinate": 40, "southBoundingCoordinate": 0}, "sizeMB": 0.1, "format": "KML"}, "2010-09-05_GV_track.kml": {"temporal": ["2010-09-05T00:00:00.000Z", "2010-09-05T23:59:59.000Z"], "wnes_geometry": {"westBoundingCoordinate": -100, "eastBoundingCoordinate": -71.5, "northBoundingCoordinate": 40, "southBoundingCoordinate": 0}, "sizeMB": 0.05, "format": "KML"}, "2010-09-05_GRIP-DC8.avi": {"temporal": ["2010-09-05T00:00:00.000Z", "2010-09-05T23:59:59.000Z"], "wnes_geometry": {"westBoundingCoordinate": -100, "eastBoundingCoordinate": -71.5, "northBoundingCoordinate": 40, "southBoundingCoordinate": 0}, "sizeMB": 112.08, "format": "Not Provided"}, "2010-09-06_GRIP-DC8.avi": {"temporal": ["2010-09-06T00:00:00.000Z", "2010-09-06T23:59:59.000Z"], "wnes_geometry": {"westBoundingCoordinate": -100, "eastBoundingCoordinate": -71.5, "northBoundingCoordinate": 40, "southBoundingCoordinate": 0}, "sizeMB": 229.52, "format": "Not Provided"}, "2010-09-06_DC8_track.kml": {"temporal": ["2010-09-06T00:00:00.000Z", "2010-09-06T23:59:59.000Z"], "wnes_geometry": {"westBoundingCoordinate": -100, "eastBoundingCoordinate": -71.5, "northBoundingCoordinate": 40, "southBoundingCoordinate": 0}, "sizeMB": 0.1, "format": "KML"}, "2010-09-06_GV_track.kml": {"temporal": ["2010-09-06T00:00:00.000Z", "2010-09-06T23:59:59.000Z"], "wnes_geometry": {"westBoundingCoordinate": -100, "eastBoundingCoordinate": -71.5, "northBoundingCoordinate": 40, "southBoundingCoordinate": 0}, "sizeMB": 0.05, "format": "KML"}, "2010-09-07_DC8_track.kml": {"temporal": ["2010-09-07T00:00:00.000Z", "2010-09-07T23:59:59.000Z"], "wnes_geometry": {"westBoundingCoordinate": -100, "eastBoundingCoordinate": -71.5, "northBoundingCoordinate": 40, "southBoundingCoordinate": 0}, "sizeMB": 0.82, "format": "KML"}, "2010-09-07_GRIP-DC8.avi": {"temporal": ["2010-09-07T00:00:00.000Z", "2010-09-07T23:59:59.000Z"], "wnes_geometry": {"westBoundingCoordinate": -100, "eastBoundingCoordinate": -71.5, "northBoundingCoordinate": 40, "southBoundingCoordinate": 0}, "sizeMB": 226.84, "format": "Not Provided"}, "2010-09-07_GV_track.kml": {"temporal": ["2010-09-07T00:00:00.000Z", "2010-09-07T23:59:59.000Z"], "wnes_geometry": {"westBoundingCoordinate": -100, "eastBoundingCoordinate": -71.5, "northBoundingCoordinate": 40, "southBoundingCoordinate": 0}, "sizeMB": 0.05, "format": "KML"}, "2010-09-08_GV_track.kml": {"temporal": ["2010-09-08T00:00:00.000Z", "2010-09-08T23:59:59.000Z"], "wnes_geometry": {"westBoundingCoordinate": -100, "eastBoundingCoordinate": -71.5, "northBoundingCoordinate": 40, "southBoundingCoordinate": 0}, "sizeMB": 0.01, "format": "KML"}, "2010-09-09_NOAA42_track.kml": {"temporal": ["2010-09-09T00:00:00.000Z", "2010-09-09T23:59:59.000Z"], "wnes_geometry": {"westBoundingCoordinate": -100, "eastBoundingCoordinate": -71.5, "northBoundingCoordinate": 40, "southBoundingCoordinate": 0}, "sizeMB": 0.01, "format": "KML"}, "2010-09-11_GV_track.kml": {"temporal": ["2010-09-11T00:00:00.000Z", "2010-09-11T23:59:59.000Z"], "wnes_geometry": {"westBoundingCoordinate": -100, "eastBoundingCoordinate": -71.5, "northBoundingCoordinate": 40, "southBoundingCoordinate": 0}, "sizeMB": 0.03, "format": "KML"}, "2010-09-12_GV_track.kml": {"temporal": ["2010-09-12T00:00:00.000Z", "2010-09-12T23:59:59.000Z"], "wnes_geometry": {"westBoundingCoordinate": -100, "eastBoundingCoordinate": -71.5, "northBoundingCoordinate": 40, "southBoundingCoordinate": 0}, "sizeMB": 0.04, "format": "KML"}, "2010-09-12_GRIP.avi": {"temporal": ["2010-09-12T00:00:00.000Z", "2010-09-12T23:59:59.000Z"], "wnes_geometry": {"westBoundingCoordinate": -100, "eastBoundingCoordinate": -71.5, "northBoundingCoordinate": 40, "southBoundingCoordinate": 0}, "sizeMB": 433.93, "format": "Not Provided"}, "2010-09-12_GRIP_NOAA.avi": {"temporal": ["2010-09-12T00:00:00.000Z", "2010-09-12T23:59:59.000Z"], "wnes_geometry": {"westBoundingCoordinate": -100, "eastBoundingCoordinate": -71.5, "northBoundingCoordinate": 40, "southBoundingCoordinate": 0}, "sizeMB": 601.02, "format": "Not Provided"}, "2010-09-12_DC8_track.kml": {"temporal": ["2010-09-12T00:00:00.000Z", "2010-09-12T23:59:59.000Z"], "wnes_geometry": {"westBoundingCoordinate": -100, "eastBoundingCoordinate": -71.5, "northBoundingCoordinate": 40, "southBoundingCoordinate": 0}, "sizeMB": 2.1, "format": "KML"}, "2010-09-12_N871NA_track.kml": {"temporal": ["2010-09-12T00:00:00.000Z", "2010-09-12T23:59:59.000Z"], "wnes_geometry": {"westBoundingCoordinate": -100, "eastBoundingCoordinate": -71.5, "northBoundingCoordinate": 40, "southBoundingCoordinate": 0}, "sizeMB": 0.63, "format": "KML"}, "2010-09-13_GV_track.kml": {"temporal": ["2010-09-13T00:00:00.000Z", "2010-09-13T23:59:59.000Z"], "wnes_geometry": {"westBoundingCoordinate": -100, "eastBoundingCoordinate": -71.5, "northBoundingCoordinate": 40, "southBoundingCoordinate": 0}, "sizeMB": 0.04, "format": "KML"}, "2010-09-13_DC8_track.kml": {"temporal": ["2010-09-13T00:00:00.000Z", "2010-09-13T23:59:59.000Z"], "wnes_geometry": {"westBoundingCoordinate": -100, "eastBoundingCoordinate": -71.5, "northBoundingCoordinate": 40, "southBoundingCoordinate": 0}, "sizeMB": 0.17, "format": "KML"}, "2010-09-13_GRIP_NOAA.avi": {"temporal": ["2010-09-13T00:00:00.000Z", "2010-09-13T23:59:59.000Z"], "wnes_geometry": {"westBoundingCoordinate": -100, "eastBoundingCoordinate": -71.5, "northBoundingCoordinate": 40, "southBoundingCoordinate": 0}, "sizeMB": 357.51, "format": "Not Provided"}, "2010-09-13_NOAA42_track.kml": {"temporal": ["2010-09-13T00:00:00.000Z", "2010-09-13T23:59:59.000Z"], "wnes_geometry": {"westBoundingCoordinate": -100, "eastBoundingCoordinate": -71.5, "northBoundingCoordinate": 40, "southBoundingCoordinate": 0}, "sizeMB": 0.01, "format": "KML"}, "2010-09-13_N871NA_track.kml": {"temporal": ["2010-09-13T00:00:00.000Z", "2010-09-13T23:59:59.000Z"], "wnes_geometry": {"westBoundingCoordinate": -100, "eastBoundingCoordinate": -71.5, "northBoundingCoordinate": 40, "southBoundingCoordinate": 0}, "sizeMB": 0.13, "format": "KML"}, "2010-09-14_WB57_track.kml": {"temporal": ["2010-09-14T00:00:00.000Z", "2010-09-14T23:59:59.000Z"], "wnes_geometry": {"westBoundingCoordinate": -100, "eastBoundingCoordinate": -71.5, "northBoundingCoordinate": 40, "southBoundingCoordinate": 0}, "sizeMB": 0.09, "format": "KML"}, "2010-09-14_GV_track.kml": {"temporal": ["2010-09-14T00:00:00.000Z", "2010-09-14T23:59:59.000Z"], "wnes_geometry": {"westBoundingCoordinate": -100, "eastBoundingCoordinate": -71.5, "northBoundingCoordinate": 40, "southBoundingCoordinate": 0}, "sizeMB": 0.07, "format": "KML"}, "2010-09-14_GRIP_KARL.avi": {"temporal": ["2010-09-14T00:00:00.000Z", "2010-09-14T23:59:59.000Z"], "wnes_geometry": {"westBoundingCoordinate": -100, "eastBoundingCoordinate": -71.5, "northBoundingCoordinate": 40, "southBoundingCoordinate": 0}, "sizeMB": 304.24, "format": "Not Provided"}, "2010-09-14_DC8_track.kml": {"temporal": ["2010-09-14T00:00:00.000Z", "2010-09-14T23:59:59.000Z"], "wnes_geometry": {"westBoundingCoordinate": -100, "eastBoundingCoordinate": -71.5, "northBoundingCoordinate": 40, "southBoundingCoordinate": 0}, "sizeMB": 0.13, "format": "KML"}, "2010-09-16_N871NA_track.kml": {"temporal": ["2010-09-16T00:00:00.000Z", "2010-09-16T23:59:59.000Z"], "wnes_geometry": {"westBoundingCoordinate": -100, "eastBoundingCoordinate": -71.5, "northBoundingCoordinate": 40, "southBoundingCoordinate": 0}, "sizeMB": 0.32, "format": "KML"}, "2010-09-16_DC8_track.kml": {"temporal": ["2010-09-16T00:00:00.000Z", "2010-09-16T23:59:59.000Z"], "wnes_geometry": {"westBoundingCoordinate": -100, "eastBoundingCoordinate": -71.5, "northBoundingCoordinate": 40, "southBoundingCoordinate": 0}, "sizeMB": 0.14, "format": "KML"}, "2010-09-16_GRIP_KARL_wi.avi": {"temporal": ["2010-09-16T00:00:00.000Z", "2010-09-16T23:59:59.000Z"], "wnes_geometry": {"westBoundingCoordinate": -100, "eastBoundingCoordinate": -71.5, "northBoundingCoordinate": 40, "southBoundingCoordinate": 0}, "sizeMB": 635.81, "format": "Not Provided"}, "2010-09-16_WB57_track.kml": {"temporal": ["2010-09-16T00:00:00.000Z", "2010-09-16T23:59:59.000Z"], "wnes_geometry": {"westBoundingCoordinate": -100, "eastBoundingCoordinate": -71.5, "northBoundingCoordinate": 40, "southBoundingCoordinate": 0}, "sizeMB": 0.09, "format": "KML"}, "2010-09-16_GRIP_KARL.avi": {"temporal": ["2010-09-16T00:00:00.000Z", "2010-09-16T23:59:59.000Z"], "wnes_geometry": {"westBoundingCoordinate": -100, "eastBoundingCoordinate": -71.5, "northBoundingCoordinate": 40, "southBoundingCoordinate": 0}, "sizeMB": 592.8, "format": "Not Provided"}, "2010-09-17_GRIP_KARL.avi": {"temporal": ["2010-09-17T00:00:00.000Z", "2010-09-17T23:59:59.000Z"], "wnes_geometry": {"westBoundingCoordinate": -100, "eastBoundingCoordinate": -71.5, "northBoundingCoordinate": 40, "southBoundingCoordinate": 0}, "sizeMB": 304.38, "format": "Not Provided"}, "2010-09-17_N871NA_track.kml": {"temporal": ["2010-09-17T00:00:00.000Z", "2010-09-17T23:59:59.000Z"], "wnes_geometry": {"westBoundingCoordinate": -100, "eastBoundingCoordinate": -71.5, "northBoundingCoordinate": 40, "southBoundingCoordinate": 0}, "sizeMB": 0, "format": "KML"}, "2010-09-17_WB57_track.kml": {"temporal": ["2010-09-17T00:00:00.000Z", "2010-09-17T23:59:59.000Z"], "wnes_geometry": {"westBoundingCoordinate": -100, "eastBoundingCoordinate": -71.5, "northBoundingCoordinate": 40, "southBoundingCoordinate": 0}, "sizeMB": 0, "format": "KML"}, "2010-09-17_DC8_track.kml": {"temporal": ["2010-09-17T00:00:00.000Z", "2010-09-17T23:59:59.000Z"], "wnes_geometry": {"westBoundingCoordinate": -100, "eastBoundingCoordinate": -71.5, "northBoundingCoordinate": 40, "southBoundingCoordinate": 0}, "sizeMB": 0.13, "format": "KML"}, "2010-09-20_DC8_track.kml": {"temporal": ["2010-09-20T00:00:00.000Z", "2010-09-20T23:59:59.000Z"], "wnes_geometry": {"westBoundingCoordinate": -100, "eastBoundingCoordinate": -71.5, "northBoundingCoordinate": 40, "southBoundingCoordinate": 0}, "sizeMB": 0.04, "format": "KML"}, "2010-09-20_GV_track.kml": {"temporal": ["2010-09-20T00:00:00.000Z", "2010-09-20T23:59:59.000Z"], "wnes_geometry": {"westBoundingCoordinate": -100, "eastBoundingCoordinate": -71.5, "northBoundingCoordinate": 40, "southBoundingCoordinate": 0}, "sizeMB": 0.05, "format": "KML"}, "2010-09-20_GRIP-DC8.avi": {"temporal": ["2010-09-20T00:00:00.000Z", "2010-09-20T23:59:59.000Z"], "wnes_geometry": {"westBoundingCoordinate": -100, "eastBoundingCoordinate": -71.5, "northBoundingCoordinate": 40, "southBoundingCoordinate": 0}, "sizeMB": 95.36, "format": "Not Provided"}, "2010-09-21_GV_track.kml": {"temporal": ["2010-09-21T00:00:00.000Z", "2010-09-21T23:59:59.000Z"], "wnes_geometry": {"westBoundingCoordinate": -100, "eastBoundingCoordinate": -71.5, "northBoundingCoordinate": 40, "southBoundingCoordinate": 0}, "sizeMB": 0.04, "format": "KML"}, "2010-09-21_GRIP-DC8.avi": {"temporal": ["2010-09-21T00:00:00.000Z", "2010-09-21T23:59:59.000Z"], "wnes_geometry": {"westBoundingCoordinate": -100, "eastBoundingCoordinate": -71.5, "northBoundingCoordinate": 40, "southBoundingCoordinate": 0}, "sizeMB": 268.49, "format": "Not Provided"}, "2010-09-21_DC8_track.kml": {"temporal": ["2010-09-21T00:00:00.000Z", "2010-09-21T23:59:59.000Z"], "wnes_geometry": {"westBoundingCoordinate": -100, "eastBoundingCoordinate": -71.5, "northBoundingCoordinate": 40, "southBoundingCoordinate": 0}, "sizeMB": 0.12, "format": "KML"}, "2010-09-22_GRIP-DC8.avi": {"temporal": ["2010-09-22T00:00:00.000Z", "2010-09-22T23:59:59.000Z"], "wnes_geometry": {"westBoundingCoordinate": -100, "eastBoundingCoordinate": -71.5, "northBoundingCoordinate": 40, "southBoundingCoordinate": 0}, "sizeMB": 292.44, "format": "Not Provided"}, "2010-09-22_DC8_track.kml": {"temporal": ["2010-09-22T00:00:00.000Z", "2010-09-22T23:59:59.000Z"], "wnes_geometry": {"westBoundingCoordinate": -100, "eastBoundingCoordinate": -71.5, "northBoundingCoordinate": 40, "southBoundingCoordinate": 0}, "sizeMB": 0.11, "format": "KML"}, "2010-09-22_GV_track.kml": {"temporal": ["2010-09-22T00:00:00.000Z", "2010-09-22T23:59:59.000Z"], "wnes_geometry": {"westBoundingCoordinate": -100, "eastBoundingCoordinate": -71.5, "northBoundingCoordinate": 40, "southBoundingCoordinate": 0}, "sizeMB": 0.03, "format": "KML"}, "2010-09-23_GIV_track.kml": {"temporal": ["2010-09-23T00:00:00.000Z", "2010-09-23T23:59:59.000Z"], "wnes_geometry": {"westBoundingCoordinate": -100, "eastBoundingCoordinate": -71.5, "northBoundingCoordinate": 40, "southBoundingCoordinate": 0}, "sizeMB": 0.01, "format": "KML"}, "2010-09-23_GRIP-GH.avi": {"temporal": ["2010-09-23T00:00:00.000Z", "2010-09-23T23:59:59.000Z"], "wnes_geometry": {"westBoundingCoordinate": -100, "eastBoundingCoordinate": -71.5, "northBoundingCoordinate": 40, "southBoundingCoordinate": 0}, "sizeMB": 258.44, "format": "Not Provided"}, "2010-09-23_N871NA_track.kml": {"temporal": ["2010-09-23T00:00:00.000Z", "2010-09-23T23:59:59.000Z"], "wnes_geometry": {"westBoundingCoordinate": -100, "eastBoundingCoordinate": -71.5, "northBoundingCoordinate": 40, "southBoundingCoordinate": 0}, "sizeMB": 0.32, "format": "KML"}, "2010-09-24_N871NA_track.kml": {"temporal": ["2010-09-24T00:00:00.000Z", "2010-09-24T23:59:59.000Z"], "wnes_geometry": {"westBoundingCoordinate": -100, "eastBoundingCoordinate": -71.5, "northBoundingCoordinate": 40, "southBoundingCoordinate": 0}, "sizeMB": 0.17, "format": "KML"}, "2010-09-24_GV_track.kml": {"temporal": ["2010-09-24T00:00:00.000Z", "2010-09-24T23:59:59.000Z"], "wnes_geometry": {"westBoundingCoordinate": -100, "eastBoundingCoordinate": -71.5, "northBoundingCoordinate": 40, "southBoundingCoordinate": 0}, "sizeMB": 0.06, "format": "KML"}, "2010-09-25_DC8_track.kml": {"temporal": ["2010-09-25T00:00:00.000Z", "2010-09-25T23:59:59.000Z"], "wnes_geometry": {"westBoundingCoordinate": -100, "eastBoundingCoordinate": -71.5, "northBoundingCoordinate": 40, "southBoundingCoordinate": 0}, "sizeMB": 0.08, "format": "KML"}}