{"grip_hirad_TB.txt": {"temporal": ["2010-09-01T00:00:00.000Z", "2010-09-01T23:59:59.000Z"], "wnes_geometry": {"westBoundingCoordinate": -95.2, "eastBoundingCoordinate": -71.5, "northBoundingCoordinate": 28.5, "southBoundingCoordinate": 18.5}, "sizeMB": 0, "format": "ASCII"}, "grip_hirad_20100901_Earl_leg3WSRR.txt": {"temporal": ["2010-09-01T00:00:00.000Z", "2010-09-01T23:59:59.000Z"], "wnes_geometry": {"westBoundingCoordinate": -95.2, "eastBoundingCoordinate": -71.5, "northBoundingCoordinate": 28.5, "southBoundingCoordinate": 18.5}, "sizeMB": 6.26, "format": "ASCII"}, "grip_hirad_20100901_Earl_leg1WSRR.txt": {"temporal": ["2010-09-01T00:00:00.000Z", "2010-09-01T23:59:59.000Z"], "wnes_geometry": {"westBoundingCoordinate": -95.2, "eastBoundingCoordinate": -71.5, "northBoundingCoordinate": 28.5, "southBoundingCoordinate": 18.5}, "sizeMB": 4.27, "format": "ASCII"}, "grip_hirad_20100901_EARL_leg6.mat": {"temporal": ["2010-09-01T23:24:11.000Z", "2010-09-02T01:36:22.000Z"], "wnes_geometry": {"westBoundingCoordinate": -95.2, "eastBoundingCoordinate": -71.5, "northBoundingCoordinate": 28.5, "southBoundingCoordinate": 18.5}, "sizeMB": 11.26, "format": "Not Provided"}, "grip_hirad_20100901_EARL_leg4.nc": {"temporal": ["2010-09-01T23:24:11.000Z", "2010-09-02T01:36:22.000Z"], "wnes_geometry": {"westBoundingCoordinate": -95.2, "eastBoundingCoordinate": -71.5, "northBoundingCoordinate": 28.5, "southBoundingCoordinate": 18.5}, "sizeMB": 17.28, "format": "NETCDF-3"}, "grip_hirad_20100901_EARL_leg2.nc": {"temporal": ["2010-09-01T23:24:11.000Z", "2010-09-02T01:36:22.000Z"], "wnes_geometry": {"westBoundingCoordinate": -95.2, "eastBoundingCoordinate": -71.5, "northBoundingCoordinate": 28.5, "southBoundingCoordinate": 18.5}, "sizeMB": 3.42, "format": "NETCDF-3"}, "grip_hirad_20100901_EARL_leg3.mat": {"temporal": ["2010-09-01T23:24:11.000Z", "2010-09-02T01:36:22.000Z"], "wnes_geometry": {"westBoundingCoordinate": -95.2, "eastBoundingCoordinate": -71.5, "northBoundingCoordinate": 28.5, "southBoundingCoordinate": 18.5}, "sizeMB": 12.61, "format": "Not Provided"}, "grip_hirad_20100901_EARL_leg4.mat": {"temporal": ["2010-09-01T23:24:11.000Z", "2010-09-02T01:36:22.000Z"], "wnes_geometry": {"westBoundingCoordinate": -95.2, "eastBoundingCoordinate": -71.5, "northBoundingCoordinate": 28.5, "southBoundingCoordinate": 18.5}, "sizeMB": 14.7, "format": "Not Provided"}, "grip_hirad_20100901_EARL-leg6delTB5fltrd.mat": {"temporal": ["2010-09-01T23:24:11.000Z", "2010-09-02T01:36:22.000Z"], "wnes_geometry": {"westBoundingCoordinate": -95.2, "eastBoundingCoordinate": -71.5, "northBoundingCoordinate": 28.5, "southBoundingCoordinate": 18.5}, "sizeMB": 3.77, "format": "Not Provided"}, "grip_hirad_20100901_EARL_leg2.mat": {"temporal": ["2010-09-01T23:24:11.000Z", "2010-09-02T01:36:22.000Z"], "wnes_geometry": {"westBoundingCoordinate": -95.2, "eastBoundingCoordinate": -71.5, "northBoundingCoordinate": 28.5, "southBoundingCoordinate": 18.5}, "sizeMB": 2.85, "format": "Not Provided"}, "grip_hirad_20100901_EARL-leg6delTB5fltrd.nc": {"temporal": ["2010-09-01T23:24:11.000Z", "2010-09-02T01:36:22.000Z"], "wnes_geometry": {"westBoundingCoordinate": -95.2, "eastBoundingCoordinate": -71.5, "northBoundingCoordinate": 28.5, "southBoundingCoordinate": 18.5}, "sizeMB": 4.6, "format": "NETCDF-3"}, "grip_hirad_20100901_EARL-leg3delTB5fltrd.mat": {"temporal": ["2010-09-01T23:24:11.000Z", "2010-09-02T01:36:22.000Z"], "wnes_geometry": {"westBoundingCoordinate": -95.2, "eastBoundingCoordinate": -71.5, "northBoundingCoordinate": 28.5, "southBoundingCoordinate": 18.5}, "sizeMB": 4.27, "format": "Not Provided"}, "grip_hirad_20100901_EARL-leg1delTB5fltrd.mat": {"temporal": ["2010-09-01T23:24:11.000Z", "2010-09-02T01:36:22.000Z"], "wnes_geometry": {"westBoundingCoordinate": -95.2, "eastBoundingCoordinate": -71.5, "northBoundingCoordinate": 28.5, "southBoundingCoordinate": 18.5}, "sizeMB": 2.89, "format": "Not Provided"}, "grip_hirad_20100901_EARL_leg5.mat": {"temporal": ["2010-09-01T23:24:11.000Z", "2010-09-02T01:36:22.000Z"], "wnes_geometry": {"westBoundingCoordinate": -95.2, "eastBoundingCoordinate": -71.5, "northBoundingCoordinate": 28.5, "southBoundingCoordinate": 18.5}, "sizeMB": 3.76, "format": "Not Provided"}, "grip_hirad_20100901_EARL-leg4delTB5fltrd.mat": {"temporal": ["2010-09-01T23:24:11.000Z", "2010-09-02T01:36:22.000Z"], "wnes_geometry": {"westBoundingCoordinate": -95.2, "eastBoundingCoordinate": -71.5, "northBoundingCoordinate": 28.5, "southBoundingCoordinate": 18.5}, "sizeMB": 4.93, "format": "Not Provided"}, "grip_hirad_20100901_EARL_leg3.nc": {"temporal": ["2010-09-01T23:24:11.000Z", "2010-09-02T01:36:22.000Z"], "wnes_geometry": {"westBoundingCoordinate": -95.2, "eastBoundingCoordinate": -71.5, "northBoundingCoordinate": 28.5, "southBoundingCoordinate": 18.5}, "sizeMB": 14.65, "format": "NETCDF-3"}, "grip_hirad_20100901_EARL_leg5.nc": {"temporal": ["2010-09-01T23:24:11.000Z", "2010-09-02T01:36:22.000Z"], "wnes_geometry": {"westBoundingCoordinate": -95.2, "eastBoundingCoordinate": -71.5, "northBoundingCoordinate": 28.5, "southBoundingCoordinate": 18.5}, "sizeMB": 4.44, "format": "NETCDF-3"}, "grip_hirad_20100901_EARL-leg3delTB5fltrd.nc": {"temporal": ["2010-09-01T23:24:11.000Z", "2010-09-02T01:36:22.000Z"], "wnes_geometry": {"westBoundingCoordinate": -95.2, "eastBoundingCoordinate": -71.5, "northBoundingCoordinate": 28.5, "southBoundingCoordinate": 18.5}, "sizeMB": 5.11, "format": "NETCDF-3"}, "grip_hirad_20100901_EARL_leg1.nc": {"temporal": ["2010-09-01T23:24:11.000Z", "2010-09-02T01:36:22.000Z"], "wnes_geometry": {"westBoundingCoordinate": -95.2, "eastBoundingCoordinate": -71.5, "northBoundingCoordinate": 28.5, "southBoundingCoordinate": 18.5}, "sizeMB": 9.99, "format": "NETCDF-3"}, "grip_hirad_20100901_EARL_leg6.nc": {"temporal": ["2010-09-01T23:24:11.000Z", "2010-09-02T01:36:22.000Z"], "wnes_geometry": {"westBoundingCoordinate": -95.2, "eastBoundingCoordinate": -71.5, "northBoundingCoordinate": 28.5, "southBoundingCoordinate": 18.5}, "sizeMB": 13.21, "format": "NETCDF-3"}, "grip_hirad_20100901_EARL_leg1.mat": {"temporal": ["2010-09-01T23:24:11.000Z", "2010-09-02T01:36:22.000Z"], "wnes_geometry": {"westBoundingCoordinate": -95.2, "eastBoundingCoordinate": -71.5, "northBoundingCoordinate": 28.5, "southBoundingCoordinate": 18.5}, "sizeMB": 8.54, "format": "Not Provided"}, "grip_hirad_20100901_EARL-leg1delTB5fltrd.nc": {"temporal": ["2010-09-01T23:24:11.000Z", "2010-09-02T01:36:22.000Z"], "wnes_geometry": {"westBoundingCoordinate": -95.2, "eastBoundingCoordinate": -71.5, "northBoundingCoordinate": 28.5, "southBoundingCoordinate": 18.5}, "sizeMB": 3.48, "format": "NETCDF-3"}, "grip_hirad_20100901_EARL-leg4delTB5fltrd.nc": {"temporal": ["2010-09-01T23:24:11.000Z", "2010-09-02T01:36:22.000Z"], "wnes_geometry": {"westBoundingCoordinate": -95.2, "eastBoundingCoordinate": -71.5, "northBoundingCoordinate": 28.5, "southBoundingCoordinate": 18.5}, "sizeMB": 6.02, "format": "NETCDF-3"}, "grip_hirad_20100902_Earl_leg4WSRR.txt": {"temporal": ["2010-09-02T00:00:00.000Z", "2010-09-02T23:59:59.000Z"], "wnes_geometry": {"westBoundingCoordinate": -95.2, "eastBoundingCoordinate": -71.5, "northBoundingCoordinate": 28.5, "southBoundingCoordinate": 18.5}, "sizeMB": 7.38, "format": "ASCII"}, "grip_hirad_20100902_Earl_leg6WSRR.txt": {"temporal": ["2010-09-02T00:00:00.000Z", "2010-09-02T23:59:59.000Z"], "wnes_geometry": {"westBoundingCoordinate": -95.2, "eastBoundingCoordinate": -71.5, "northBoundingCoordinate": 28.5, "southBoundingCoordinate": 18.5}, "sizeMB": 5.64, "format": "ASCII"}, "grip_hirad_20100916_KARL16_leg8.nc": {"temporal": ["2010-09-16T19:16:49.000Z", "2010-09-16T21:39:55.000Z"], "wnes_geometry": {"westBoundingCoordinate": -95.2, "eastBoundingCoordinate": -71.5, "northBoundingCoordinate": 28.5, "southBoundingCoordinate": 18.5}, "sizeMB": 10.96, "format": "NETCDF-3"}, "grip_hirad_20100916_KARL16_leg7.mat": {"temporal": ["2010-09-16T19:16:49.000Z", "2010-09-16T21:39:55.000Z"], "wnes_geometry": {"westBoundingCoordinate": -95.2, "eastBoundingCoordinate": -71.5, "northBoundingCoordinate": 28.5, "southBoundingCoordinate": 18.5}, "sizeMB": 4.99, "format": "Not Provided"}, "grip_hirad_20100916_KARL16_leg8.mat": {"temporal": ["2010-09-16T19:16:49.000Z", "2010-09-16T21:39:55.000Z"], "wnes_geometry": {"westBoundingCoordinate": -95.2, "eastBoundingCoordinate": -71.5, "northBoundingCoordinate": 28.5, "southBoundingCoordinate": 18.5}, "sizeMB": 9.4, "format": "Not Provided"}, "grip_hirad_20100916_KARL16_leg2.nc": {"temporal": ["2010-09-16T19:16:49.000Z", "2010-09-16T21:39:55.000Z"], "wnes_geometry": {"westBoundingCoordinate": -95.2, "eastBoundingCoordinate": -71.5, "northBoundingCoordinate": 28.5, "southBoundingCoordinate": 18.5}, "sizeMB": 14.86, "format": "NETCDF-3"}, "grip_hirad_20100916_KARL16-leg2delTB5fltrd.nc": {"temporal": ["2010-09-16T19:16:49.000Z", "2010-09-16T21:39:55.000Z"], "wnes_geometry": {"westBoundingCoordinate": -95.2, "eastBoundingCoordinate": -71.5, "northBoundingCoordinate": 28.5, "southBoundingCoordinate": 18.5}, "sizeMB": 4.81, "format": "NETCDF-3"}, "grip_hirad_20100916_KARL16-leg8delTB5fltrd.nc": {"temporal": ["2010-09-16T19:16:49.000Z", "2010-09-16T21:39:55.000Z"], "wnes_geometry": {"westBoundingCoordinate": -95.2, "eastBoundingCoordinate": -71.5, "northBoundingCoordinate": 28.5, "southBoundingCoordinate": 18.5}, "sizeMB": 3.55, "format": "NETCDF-3"}, "grip_hirad_20100916_KARL16_leg3.nc": {"temporal": ["2010-09-16T19:16:49.000Z", "2010-09-16T21:39:55.000Z"], "wnes_geometry": {"westBoundingCoordinate": -95.2, "eastBoundingCoordinate": -71.5, "northBoundingCoordinate": 28.5, "southBoundingCoordinate": 18.5}, "sizeMB": 7.12, "format": "NETCDF-3"}, "grip_hirad_20100916_KARL16_leg5.mat": {"temporal": ["2010-09-16T19:16:49.000Z", "2010-09-16T21:39:55.000Z"], "wnes_geometry": {"westBoundingCoordinate": -95.2, "eastBoundingCoordinate": -71.5, "northBoundingCoordinate": 28.5, "southBoundingCoordinate": 18.5}, "sizeMB": 4.99, "format": "Not Provided"}, "grip_hirad_20100916_KARL16_leg2.mat": {"temporal": ["2010-09-16T19:16:49.000Z", "2010-09-16T21:39:55.000Z"], "wnes_geometry": {"westBoundingCoordinate": -95.2, "eastBoundingCoordinate": -71.5, "northBoundingCoordinate": 28.5, "southBoundingCoordinate": 18.5}, "sizeMB": 12.72, "format": "Not Provided"}, "grip_hirad_20100916_KARL16-leg4delTB5fltrd.mat": {"temporal": ["2010-09-16T19:16:49.000Z", "2010-09-16T21:39:55.000Z"], "wnes_geometry": {"westBoundingCoordinate": -95.2, "eastBoundingCoordinate": -71.5, "northBoundingCoordinate": 28.5, "southBoundingCoordinate": 18.5}, "sizeMB": 3.53, "format": "Not Provided"}, "grip_hirad_20100916_KARL16_leg10.mat": {"temporal": ["2010-09-16T19:16:49.000Z", "2010-09-16T21:39:55.000Z"], "wnes_geometry": {"westBoundingCoordinate": -95.2, "eastBoundingCoordinate": -71.5, "northBoundingCoordinate": 28.5, "southBoundingCoordinate": 18.5}, "sizeMB": 9.16, "format": "Not Provided"}, "grip_hirad_20100916_KARL16_leg3.mat": {"temporal": ["2010-09-16T19:16:49.000Z", "2010-09-16T21:39:55.000Z"], "wnes_geometry": {"westBoundingCoordinate": -95.2, "eastBoundingCoordinate": -71.5, "northBoundingCoordinate": 28.5, "southBoundingCoordinate": 18.5}, "sizeMB": 5.96, "format": "Not Provided"}, "grip_hirad_20100916_KARL16-leg2delTB5fltrd.mat": {"temporal": ["2010-09-16T19:16:49.000Z", "2010-09-16T21:39:55.000Z"], "wnes_geometry": {"westBoundingCoordinate": -95.2, "eastBoundingCoordinate": -71.5, "northBoundingCoordinate": 28.5, "southBoundingCoordinate": 18.5}, "sizeMB": 3.99, "format": "Not Provided"}, "grip_hirad_20100916_KARL16_leg9.mat": {"temporal": ["2010-09-16T19:16:49.000Z", "2010-09-16T21:39:55.000Z"], "wnes_geometry": {"westBoundingCoordinate": -95.2, "eastBoundingCoordinate": -71.5, "northBoundingCoordinate": 28.5, "southBoundingCoordinate": 18.5}, "sizeMB": 2.06, "format": "Not Provided"}, "grip_hirad_20100916_KARL16_leg6.nc": {"temporal": ["2010-09-16T19:16:49.000Z", "2010-09-16T21:39:55.000Z"], "wnes_geometry": {"westBoundingCoordinate": -95.2, "eastBoundingCoordinate": -71.5, "northBoundingCoordinate": 28.5, "southBoundingCoordinate": 18.5}, "sizeMB": 11.21, "format": "NETCDF-3"}, "grip_hirad_20100916_KARL16_leg6.mat": {"temporal": ["2010-09-16T19:16:49.000Z", "2010-09-16T21:39:55.000Z"], "wnes_geometry": {"westBoundingCoordinate": -95.2, "eastBoundingCoordinate": -71.5, "northBoundingCoordinate": 28.5, "southBoundingCoordinate": 18.5}, "sizeMB": 9.44, "format": "Not Provided"}, "grip_hirad_20100916_KARL16_leg7.nc": {"temporal": ["2010-09-16T19:16:49.000Z", "2010-09-16T21:39:55.000Z"], "wnes_geometry": {"westBoundingCoordinate": -95.2, "eastBoundingCoordinate": -71.5, "northBoundingCoordinate": 28.5, "southBoundingCoordinate": 18.5}, "sizeMB": 5.85, "format": "NETCDF-3"}, "grip_hirad_20100916_KARL16-leg6delTB5fltrd.nc": {"temporal": ["2010-09-16T19:16:49.000Z", "2010-09-16T21:39:55.000Z"], "wnes_geometry": {"westBoundingCoordinate": -95.2, "eastBoundingCoordinate": -71.5, "northBoundingCoordinate": 28.5, "southBoundingCoordinate": 18.5}, "sizeMB": 3.63, "format": "NETCDF-3"}, "grip_hirad_20100916_KARL16-leg6delTB5fltrd.mat": {"temporal": ["2010-09-16T19:16:49.000Z", "2010-09-16T21:39:55.000Z"], "wnes_geometry": {"westBoundingCoordinate": -95.2, "eastBoundingCoordinate": -71.5, "northBoundingCoordinate": 28.5, "southBoundingCoordinate": 18.5}, "sizeMB": 2.95, "format": "Not Provided"}, "grip_hirad_20100916_KARL16_leg9.nc": {"temporal": ["2010-09-16T19:16:49.000Z", "2010-09-16T21:39:55.000Z"], "wnes_geometry": {"westBoundingCoordinate": -95.2, "eastBoundingCoordinate": -71.5, "northBoundingCoordinate": 28.5, "southBoundingCoordinate": 18.5}, "sizeMB": 2.45, "format": "NETCDF-3"}, "grip_hirad_20100916_KARL16_leg5.nc": {"temporal": ["2010-09-16T19:16:49.000Z", "2010-09-16T21:39:55.000Z"], "wnes_geometry": {"westBoundingCoordinate": -95.2, "eastBoundingCoordinate": -71.5, "northBoundingCoordinate": 28.5, "southBoundingCoordinate": 18.5}, "sizeMB": 5.85, "format": "NETCDF-3"}, "grip_hirad_20100916_KARL16_leg4.nc": {"temporal": ["2010-09-16T19:16:49.000Z", "2010-09-16T21:39:55.000Z"], "wnes_geometry": {"westBoundingCoordinate": -95.2, "eastBoundingCoordinate": -71.5, "northBoundingCoordinate": 28.5, "southBoundingCoordinate": 18.5}, "sizeMB": 13.15, "format": "NETCDF-3"}, "grip_hirad_20100916_KARL16-leg10delTB5fltrd.mat": {"temporal": ["2010-09-16T19:16:49.000Z", "2010-09-16T21:39:55.000Z"], "wnes_geometry": {"westBoundingCoordinate": -95.2, "eastBoundingCoordinate": -71.5, "northBoundingCoordinate": 28.5, "southBoundingCoordinate": 18.5}, "sizeMB": 2.87, "format": "Not Provided"}, "grip_hirad_20100916_KARL16-leg4delTB5fltrd.nc": {"temporal": ["2010-09-16T19:16:49.000Z", "2010-09-16T21:39:55.000Z"], "wnes_geometry": {"westBoundingCoordinate": -95.2, "eastBoundingCoordinate": -71.5, "northBoundingCoordinate": 28.5, "southBoundingCoordinate": 18.5}, "sizeMB": 4.26, "format": "NETCDF-3"}, "grip_hirad_20100916_KARL16_leg4.mat": {"temporal": ["2010-09-16T19:16:49.000Z", "2010-09-16T21:39:55.000Z"], "wnes_geometry": {"westBoundingCoordinate": -95.2, "eastBoundingCoordinate": -71.5, "northBoundingCoordinate": 28.5, "southBoundingCoordinate": 18.5}, "sizeMB": 11.26, "format": "Not Provided"}, "grip_hirad_20100916_KARL16-leg10delTB5fltrd.nc": {"temporal": ["2010-09-16T19:16:49.000Z", "2010-09-16T21:39:55.000Z"], "wnes_geometry": {"westBoundingCoordinate": -95.2, "eastBoundingCoordinate": -71.5, "northBoundingCoordinate": 28.5, "southBoundingCoordinate": 18.5}, "sizeMB": 3.47, "format": "NETCDF-3"}, "grip_hirad_20100916_KARL16_leg10.nc": {"temporal": ["2010-09-16T19:16:49.000Z", "2010-09-16T21:39:55.000Z"], "wnes_geometry": {"westBoundingCoordinate": -95.2, "eastBoundingCoordinate": -71.5, "northBoundingCoordinate": 28.5, "southBoundingCoordinate": 18.5}, "sizeMB": 10.72, "format": "NETCDF-3"}, "grip_hirad_20100916_KARL16-leg8delTB5fltrd.mat": {"temporal": ["2010-09-16T19:16:49.000Z", "2010-09-16T21:39:55.000Z"], "wnes_geometry": {"westBoundingCoordinate": -95.2, "eastBoundingCoordinate": -71.5, "northBoundingCoordinate": 28.5, "southBoundingCoordinate": 18.5}, "sizeMB": 2.94, "format": "Not Provided"}}