{"GRIP_LARGE_20100824_uhsas_ambPT_v0.csv": {"temporal": ["2010-08-24T14:00:45.000Z", "2010-08-24T21:19:15.000Z"], "wnes_geometry": {"westBoundingCoordinate": -91.628, "eastBoundingCoordinate": -79.852, "northBoundingCoordinate": 29.06, "southBoundingCoordinate": 22.425}, "sizeMB": 0.54, "format": "ASCII"}, "GRIP_LARGE_20100824_optical_ambPT_v0.csv": {"temporal": ["2010-08-24T14:00:45.000Z", "2010-08-24T21:19:15.000Z"], "wnes_geometry": {"westBoundingCoordinate": -91.628, "eastBoundingCoordinate": -79.852, "northBoundingCoordinate": 29.06, "southBoundingCoordinate": 22.425}, "sizeMB": 0.09, "format": "ASCII"}, "GRIP_LARGE_20100824_aps_ambPT_v0.csv": {"temporal": ["2010-08-24T14:00:45.000Z", "2010-08-24T21:19:15.000Z"], "wnes_geometry": {"westBoundingCoordinate": -91.628, "eastBoundingCoordinate": -79.852, "northBoundingCoordinate": 29.06, "southBoundingCoordinate": 22.425}, "sizeMB": 0.4, "format": "ASCII"}, "GRIP_LARGE_20100824_cn_ambPT_v0.csv": {"temporal": ["2010-08-24T14:00:45.000Z", "2010-08-24T21:19:15.000Z"], "wnes_geometry": {"westBoundingCoordinate": -91.628, "eastBoundingCoordinate": -79.852, "northBoundingCoordinate": 29.06, "southBoundingCoordinate": 22.425}, "sizeMB": 0.04, "format": "ASCII"}, "GRIP_LARGE_20100824_smps_ambPT_v0.csv": {"temporal": ["2010-08-24T14:01:35.000Z", "2010-08-24T21:19:02.000Z"], "wnes_geometry": {"westBoundingCoordinate": -91.628, "eastBoundingCoordinate": -79.857, "northBoundingCoordinate": 29.06, "southBoundingCoordinate": 22.44}, "sizeMB": 0.16, "format": "ASCII"}, "GRIP_LARGE_20100828_aps_ambPT_v0.csv": {"temporal": ["2010-08-28T14:03:45.000Z", "2010-08-28T16:36:15.000Z"], "wnes_geometry": {"westBoundingCoordinate": -80.166, "eastBoundingCoordinate": -64.793, "northBoundingCoordinate": 26.078, "southBoundingCoordinate": 17.671}, "sizeMB": 0.13, "format": "ASCII"}, "GRIP_LARGE_20100828_cn_ambPT_v0.csv": {"temporal": ["2010-08-28T14:03:45.000Z", "2010-08-28T16:36:15.000Z"], "wnes_geometry": {"westBoundingCoordinate": -80.166, "eastBoundingCoordinate": -64.793, "northBoundingCoordinate": 26.078, "southBoundingCoordinate": 17.671}, "sizeMB": 0.01, "format": "ASCII"}, "GRIP_LARGE_20100828_uhsas_ambPT_v0.csv": {"temporal": ["2010-08-28T14:03:45.000Z", "2010-08-28T16:36:15.000Z"], "wnes_geometry": {"westBoundingCoordinate": -80.166, "eastBoundingCoordinate": -64.793, "northBoundingCoordinate": 26.078, "southBoundingCoordinate": 17.671}, "sizeMB": 0.19, "format": "ASCII"}, "GRIP_LARGE_20100828_optical_ambPT_v0.csv": {"temporal": ["2010-08-28T14:03:45.000Z", "2010-08-28T16:36:15.000Z"], "wnes_geometry": {"westBoundingCoordinate": -80.166, "eastBoundingCoordinate": -64.793, "northBoundingCoordinate": 26.078, "southBoundingCoordinate": 17.671}, "sizeMB": 0.03, "format": "ASCII"}, "GRIP_LARGE_20100829_cn_ambPT_v0.csv": {"temporal": ["2010-08-29T16:30:45.000Z", "2010-08-30T00:54:15.000Z"], "wnes_geometry": {"westBoundingCoordinate": -80.325, "eastBoundingCoordinate": -56.787, "northBoundingCoordinate": 26.078, "southBoundingCoordinate": 14.767}, "sizeMB": 0.05, "format": "ASCII"}, "GRIP_LARGE_20100829_uhsas_ambPT_v0.csv": {"temporal": ["2010-08-29T16:30:45.000Z", "2010-08-30T00:54:15.000Z"], "wnes_geometry": {"westBoundingCoordinate": -80.325, "eastBoundingCoordinate": -56.787, "northBoundingCoordinate": 26.078, "southBoundingCoordinate": 14.767}, "sizeMB": 0.6, "format": "ASCII"}, "GRIP_LARGE_20100829_optical_ambPT_v0.csv": {"temporal": ["2010-08-29T16:30:45.000Z", "2010-08-30T00:54:15.000Z"], "wnes_geometry": {"westBoundingCoordinate": -80.325, "eastBoundingCoordinate": -56.787, "northBoundingCoordinate": 26.078, "southBoundingCoordinate": 14.767}, "sizeMB": 0.1, "format": "ASCII"}, "GRIP_LARGE_20100829_aps_ambPT_v0.csv": {"temporal": ["2010-08-29T16:30:45.000Z", "2010-08-30T00:54:15.000Z"], "wnes_geometry": {"westBoundingCoordinate": -80.325, "eastBoundingCoordinate": -56.787, "northBoundingCoordinate": 26.078, "southBoundingCoordinate": 14.767}, "sizeMB": 0.45, "format": "ASCII"}, "GRIP_LARGE_20100830_optical_ambPT_v0.csv": {"temporal": ["2010-08-30T16:13:15.000Z", "2010-08-30T22:45:15.000Z"], "wnes_geometry": {"westBoundingCoordinate": -80.16, "eastBoundingCoordinate": -62.582, "northBoundingCoordinate": 26.098, "southBoundingCoordinate": 17.487}, "sizeMB": 0.08, "format": "ASCII"}, "GRIP_LARGE_20100830_cn_ambPT_v0.csv": {"temporal": ["2010-08-30T16:13:15.000Z", "2010-08-30T22:45:15.000Z"], "wnes_geometry": {"westBoundingCoordinate": -80.16, "eastBoundingCoordinate": -62.582, "northBoundingCoordinate": 26.098, "southBoundingCoordinate": 17.487}, "sizeMB": 0.04, "format": "ASCII"}, "GRIP_LARGE_20100830_aps_ambPT_v0.csv": {"temporal": ["2010-08-30T16:13:15.000Z", "2010-08-30T22:45:15.000Z"], "wnes_geometry": {"westBoundingCoordinate": -80.16, "eastBoundingCoordinate": -62.582, "northBoundingCoordinate": 26.098, "southBoundingCoordinate": 17.487}, "sizeMB": 0.36, "format": "ASCII"}, "GRIP_LARGE_20100830_uhsas_ambPT_v0.csv": {"temporal": ["2010-08-30T16:13:15.000Z", "2010-08-30T22:45:15.000Z"], "wnes_geometry": {"westBoundingCoordinate": -80.16, "eastBoundingCoordinate": -62.582, "northBoundingCoordinate": 26.098, "southBoundingCoordinate": 17.487}, "sizeMB": 0.46, "format": "ASCII"}, "GRIP_LARGE_20100831_uhsas_ambPT_v0.csv": {"temporal": ["2010-08-31T00:14:15.000Z", "2010-08-31T02:30:15.000Z"], "wnes_geometry": {"westBoundingCoordinate": -80.424, "eastBoundingCoordinate": -62.582, "northBoundingCoordinate": 26.1, "southBoundingCoordinate": 17.487}, "sizeMB": 0.16, "format": "ASCII"}, "GRIP_LARGE_20100831_cn_ambPT_v0.csv": {"temporal": ["2010-08-31T00:14:15.000Z", "2010-08-31T02:30:15.000Z"], "wnes_geometry": {"westBoundingCoordinate": -80.424, "eastBoundingCoordinate": -62.582, "northBoundingCoordinate": 26.1, "southBoundingCoordinate": 17.487}, "sizeMB": 0.01, "format": "ASCII"}, "GRIP_LARGE_20100831_aps_ambPT_v0.csv": {"temporal": ["2010-08-31T00:14:15.000Z", "2010-08-31T02:30:15.000Z"], "wnes_geometry": {"westBoundingCoordinate": -80.424, "eastBoundingCoordinate": -62.582, "northBoundingCoordinate": 26.1, "southBoundingCoordinate": 17.487}, "sizeMB": 0.12, "format": "ASCII"}, "GRIP_LARGE_20100831_optical_ambPT_v0.csv": {"temporal": ["2010-08-31T00:14:15.000Z", "2010-08-31T02:30:15.000Z"], "wnes_geometry": {"westBoundingCoordinate": -80.424, "eastBoundingCoordinate": -62.582, "northBoundingCoordinate": 26.1, "southBoundingCoordinate": 17.487}, "sizeMB": 0.03, "format": "ASCII"}, "GRIP_LARGE_20100902_optical_ambPT_v0.csv": {"temporal": ["2010-09-02T16:00:45.000Z", "2010-09-02T23:47:45.000Z"], "wnes_geometry": {"westBoundingCoordinate": -80.338, "eastBoundingCoordinate": -71.195, "northBoundingCoordinate": 34.752, "southBoundingCoordinate": 26.073}, "sizeMB": 0.09, "format": "ASCII"}, "GRIP_LARGE_20100902_cn_ambPT_v0.csv": {"temporal": ["2010-09-02T16:00:45.000Z", "2010-09-02T23:47:45.000Z"], "wnes_geometry": {"westBoundingCoordinate": -80.338, "eastBoundingCoordinate": -71.195, "northBoundingCoordinate": 34.752, "southBoundingCoordinate": 26.073}, "sizeMB": 0.05, "format": "ASCII"}, "GRIP_LARGE_20100902_uhsas_ambPT_v0.csv": {"temporal": ["2010-09-02T16:00:45.000Z", "2010-09-02T23:47:45.000Z"], "wnes_geometry": {"westBoundingCoordinate": -80.338, "eastBoundingCoordinate": -71.195, "northBoundingCoordinate": 34.752, "southBoundingCoordinate": 26.073}, "sizeMB": 0.56, "format": "ASCII"}, "GRIP_LARGE_20100902_aps_ambPT_v0.csv": {"temporal": ["2010-09-02T16:00:45.000Z", "2010-09-02T23:47:45.000Z"], "wnes_geometry": {"westBoundingCoordinate": -80.338, "eastBoundingCoordinate": -71.195, "northBoundingCoordinate": 34.752, "southBoundingCoordinate": 26.073}, "sizeMB": 0.41, "format": "ASCII"}, "GRIP_LARGE_20100905_optical_ambPT_v0.csv": {"temporal": ["2010-09-05T18:06:45.000Z", "2010-09-05T21:07:45.000Z"], "wnes_geometry": {"westBoundingCoordinate": -80.166, "eastBoundingCoordinate": -64.793, "northBoundingCoordinate": 26.077, "southBoundingCoordinate": 17.674}, "sizeMB": 0.04, "format": "ASCII"}, "GRIP_LARGE_20100905_aps_ambPT_v0.csv": {"temporal": ["2010-09-05T18:06:45.000Z", "2010-09-05T21:07:45.000Z"], "wnes_geometry": {"westBoundingCoordinate": -80.166, "eastBoundingCoordinate": -64.793, "northBoundingCoordinate": 26.077, "southBoundingCoordinate": 17.674}, "sizeMB": 0.14, "format": "ASCII"}, "GRIP_LARGE_20100905_cn_ambPT_v0.csv": {"temporal": ["2010-09-05T18:06:45.000Z", "2010-09-05T21:07:45.000Z"], "wnes_geometry": {"westBoundingCoordinate": -80.166, "eastBoundingCoordinate": -64.793, "northBoundingCoordinate": 26.077, "southBoundingCoordinate": 17.674}, "sizeMB": 0.02, "format": "ASCII"}, "GRIP_LARGE_20100905_uhsas_ambPT_v0.csv": {"temporal": ["2010-09-05T18:06:45.000Z", "2010-09-05T21:07:45.000Z"], "wnes_geometry": {"westBoundingCoordinate": -80.166, "eastBoundingCoordinate": -64.793, "northBoundingCoordinate": 26.077, "southBoundingCoordinate": 17.674}, "sizeMB": 0.23, "format": "ASCII"}, "GRIP_LARGE_20100906_aps_ambPT_v0.csv": {"temporal": ["2010-09-06T18:17:45.000Z", "2010-09-07T01:39:15.000Z"], "wnes_geometry": {"westBoundingCoordinate": -64.983, "eastBoundingCoordinate": -55.318, "northBoundingCoordinate": 20.648, "southBoundingCoordinate": 15.722}, "sizeMB": 0.41, "format": "ASCII"}, "GRIP_LARGE_20100906_uhsas_ambPT_v0.csv": {"temporal": ["2010-09-06T18:17:45.000Z", "2010-09-07T01:39:15.000Z"], "wnes_geometry": {"westBoundingCoordinate": -64.983, "eastBoundingCoordinate": -55.318, "northBoundingCoordinate": 20.648, "southBoundingCoordinate": 15.722}, "sizeMB": 0.53, "format": "ASCII"}, "GRIP_LARGE_20100906_cn_ambPT_v0.csv": {"temporal": ["2010-09-06T18:17:45.000Z", "2010-09-07T01:39:15.000Z"], "wnes_geometry": {"westBoundingCoordinate": -64.983, "eastBoundingCoordinate": -55.318, "northBoundingCoordinate": 20.648, "southBoundingCoordinate": 15.722}, "sizeMB": 0.04, "format": "ASCII"}, "GRIP_LARGE_20100906_optical_ambPT_v0.csv": {"temporal": ["2010-09-06T18:17:45.000Z", "2010-09-07T01:39:15.000Z"], "wnes_geometry": {"westBoundingCoordinate": -64.983, "eastBoundingCoordinate": -55.318, "northBoundingCoordinate": 20.648, "southBoundingCoordinate": 15.722}, "sizeMB": 0.09, "format": "ASCII"}, "GRIP_LARGE_20100907_uhsas_ambPT_v0.csv": {"temporal": ["2010-09-07T18:51:15.000Z", "2010-09-08T01:51:45.000Z"], "wnes_geometry": {"westBoundingCoordinate": -80.402, "eastBoundingCoordinate": -62.36, "northBoundingCoordinate": 26.155, "southBoundingCoordinate": 15}, "sizeMB": 0.49, "format": "ASCII"}, "GRIP_LARGE_20100907_aps_ambPT_v0.csv": {"temporal": ["2010-09-07T18:51:15.000Z", "2010-09-08T01:51:45.000Z"], "wnes_geometry": {"westBoundingCoordinate": -80.402, "eastBoundingCoordinate": -62.36, "northBoundingCoordinate": 26.155, "southBoundingCoordinate": 15}, "sizeMB": 0.38, "format": "ASCII"}, "GRIP_LARGE_20100907_optical_ambPT_v0.csv": {"temporal": ["2010-09-07T18:51:15.000Z", "2010-09-08T01:51:45.000Z"], "wnes_geometry": {"westBoundingCoordinate": -80.402, "eastBoundingCoordinate": -62.36, "northBoundingCoordinate": 26.155, "southBoundingCoordinate": 15}, "sizeMB": 0.08, "format": "ASCII"}, "GRIP_LARGE_20100907_cn_ambPT_v0.csv": {"temporal": ["2010-09-07T18:51:15.000Z", "2010-09-08T01:51:45.000Z"], "wnes_geometry": {"westBoundingCoordinate": -80.402, "eastBoundingCoordinate": -62.36, "northBoundingCoordinate": 26.155, "southBoundingCoordinate": 15}, "sizeMB": 0.04, "format": "ASCII"}, "GRIP_LARGE_20100912_aps_ambPT_v0.csv": {"temporal": ["2010-09-12T18:11:45.000Z", "2010-09-13T02:32:45.000Z"], "wnes_geometry": {"westBoundingCoordinate": -80.33, "eastBoundingCoordinate": -70.72, "northBoundingCoordinate": 26.077, "southBoundingCoordinate": 12.842}, "sizeMB": 0.46, "format": "ASCII"}, "GRIP_LARGE_20100912_optical_ambPT_v0.csv": {"temporal": ["2010-09-12T18:11:45.000Z", "2010-09-13T02:32:45.000Z"], "wnes_geometry": {"westBoundingCoordinate": -80.33, "eastBoundingCoordinate": -70.72, "northBoundingCoordinate": 26.077, "southBoundingCoordinate": 12.842}, "sizeMB": 0.1, "format": "ASCII"}, "GRIP_LARGE_20100912_cn_ambPT_v0.csv": {"temporal": ["2010-09-12T18:11:45.000Z", "2010-09-13T02:32:45.000Z"], "wnes_geometry": {"westBoundingCoordinate": -80.33, "eastBoundingCoordinate": -70.72, "northBoundingCoordinate": 26.077, "southBoundingCoordinate": 12.842}, "sizeMB": 0.05, "format": "ASCII"}, "GRIP_LARGE_20100912_uhsas_ambPT_v0.csv": {"temporal": ["2010-09-12T18:11:45.000Z", "2010-09-13T02:32:45.000Z"], "wnes_geometry": {"westBoundingCoordinate": -80.33, "eastBoundingCoordinate": -70.72, "northBoundingCoordinate": 26.077, "southBoundingCoordinate": 12.842}, "sizeMB": 0.58, "format": "ASCII"}, "GRIP_LARGE_20100913_uhsas_ambPT_v0.csv": {"temporal": ["2010-09-13T18:36:15.000Z", "2010-09-14T02:57:45.000Z"], "wnes_geometry": {"westBoundingCoordinate": -83.252, "eastBoundingCoordinate": -73.237, "northBoundingCoordinate": 26.078, "southBoundingCoordinate": 13.192}, "sizeMB": 0.58, "format": "ASCII"}, "GRIP_LARGE_20100913_aps_ambPT_v0.csv": {"temporal": ["2010-09-13T18:36:15.000Z", "2010-09-14T02:57:45.000Z"], "wnes_geometry": {"westBoundingCoordinate": -83.252, "eastBoundingCoordinate": -73.237, "northBoundingCoordinate": 26.078, "southBoundingCoordinate": 13.192}, "sizeMB": 0.46, "format": "ASCII"}, "GRIP_LARGE_20100913_optical_ambPT_v0.csv": {"temporal": ["2010-09-13T18:36:15.000Z", "2010-09-14T02:57:45.000Z"], "wnes_geometry": {"westBoundingCoordinate": -83.252, "eastBoundingCoordinate": -73.237, "northBoundingCoordinate": 26.078, "southBoundingCoordinate": 13.192}, "sizeMB": 0.1, "format": "ASCII"}, "GRIP_LARGE_20100913_cn_ambPT_v0.csv": {"temporal": ["2010-09-13T18:36:15.000Z", "2010-09-14T02:57:45.000Z"], "wnes_geometry": {"westBoundingCoordinate": -83.252, "eastBoundingCoordinate": -73.237, "northBoundingCoordinate": 26.078, "southBoundingCoordinate": 13.192}, "sizeMB": 0.05, "format": "ASCII"}, "GRIP_LARGE_20100914_uhsas_ambPT_v0.csv": {"temporal": ["2010-09-14T18:58:45.000Z", "2010-09-15T01:50:15.000Z"], "wnes_geometry": {"westBoundingCoordinate": -86.48, "eastBoundingCoordinate": -79.937, "northBoundingCoordinate": 26.11, "southBoundingCoordinate": 16.592}, "sizeMB": 0.48, "format": "ASCII"}, "GRIP_LARGE_20100914_cn_ambPT_v0.csv": {"temporal": ["2010-09-14T18:58:45.000Z", "2010-09-15T01:50:15.000Z"], "wnes_geometry": {"westBoundingCoordinate": -86.48, "eastBoundingCoordinate": -79.937, "northBoundingCoordinate": 26.11, "southBoundingCoordinate": 16.592}, "sizeMB": 0.04, "format": "ASCII"}, "GRIP_LARGE_20100914_aps_ambPT_v0.csv": {"temporal": ["2010-09-14T18:58:45.000Z", "2010-09-15T01:50:15.000Z"], "wnes_geometry": {"westBoundingCoordinate": -86.48, "eastBoundingCoordinate": -79.937, "northBoundingCoordinate": 26.11, "southBoundingCoordinate": 16.592}, "sizeMB": 0.38, "format": "ASCII"}, "GRIP_LARGE_20100914_optical_ambPT_v0.csv": {"temporal": ["2010-09-14T18:58:45.000Z", "2010-09-15T01:50:15.000Z"], "wnes_geometry": {"westBoundingCoordinate": -86.48, "eastBoundingCoordinate": -79.937, "northBoundingCoordinate": 26.11, "southBoundingCoordinate": 16.592}, "sizeMB": 0.08, "format": "ASCII"}, "GRIP_LARGE_20100916_aps_ambPT_v0.csv": {"temporal": ["2010-09-16T17:01:15.000Z", "2010-09-17T01:08:15.000Z"], "wnes_geometry": {"westBoundingCoordinate": -95.9, "eastBoundingCoordinate": -80.023, "northBoundingCoordinate": 26.26, "southBoundingCoordinate": 18.527}, "sizeMB": 0.45, "format": "ASCII"}, "GRIP_LARGE_20100916_cn_ambPT_v0.csv": {"temporal": ["2010-09-16T17:01:15.000Z", "2010-09-17T01:08:15.000Z"], "wnes_geometry": {"westBoundingCoordinate": -95.9, "eastBoundingCoordinate": -80.023, "northBoundingCoordinate": 26.26, "southBoundingCoordinate": 18.527}, "sizeMB": 0.05, "format": "ASCII"}, "GRIP_LARGE_20100916_optical_ambPT_v0.csv": {"temporal": ["2010-09-16T17:01:15.000Z", "2010-09-17T01:08:15.000Z"], "wnes_geometry": {"westBoundingCoordinate": -95.9, "eastBoundingCoordinate": -80.023, "northBoundingCoordinate": 26.26, "southBoundingCoordinate": 18.527}, "sizeMB": 0.1, "format": "ASCII"}, "GRIP_LARGE_20100916_uhsas_ambPT_v0.csv": {"temporal": ["2010-09-16T17:01:15.000Z", "2010-09-17T01:08:15.000Z"], "wnes_geometry": {"westBoundingCoordinate": -95.9, "eastBoundingCoordinate": -80.023, "northBoundingCoordinate": 26.26, "southBoundingCoordinate": 18.527}, "sizeMB": 0.57, "format": "ASCII"}, "GRIP_LARGE_20100917_cn_ambPT_v0.csv": {"temporal": ["2010-09-17T15:38:45.000Z", "2010-09-17T23:45:15.000Z"], "wnes_geometry": {"westBoundingCoordinate": -97.83, "eastBoundingCoordinate": -79.95, "northBoundingCoordinate": 26.175, "southBoundingCoordinate": 18.492}, "sizeMB": 0.05, "format": "ASCII"}, "GRIP_LARGE_20100917_aps_ambPT_v0.csv": {"temporal": ["2010-09-17T15:38:45.000Z", "2010-09-17T23:45:15.000Z"], "wnes_geometry": {"westBoundingCoordinate": -97.83, "eastBoundingCoordinate": -79.95, "northBoundingCoordinate": 26.175, "southBoundingCoordinate": 18.492}, "sizeMB": 0.44, "format": "ASCII"}, "GRIP_LARGE_20100917_optical_ambPT_v0.csv": {"temporal": ["2010-09-17T15:38:45.000Z", "2010-09-17T23:45:15.000Z"], "wnes_geometry": {"westBoundingCoordinate": -97.83, "eastBoundingCoordinate": -79.95, "northBoundingCoordinate": 26.175, "southBoundingCoordinate": 18.492}, "sizeMB": 0.09, "format": "ASCII"}, "GRIP_LARGE_20100917_uhsas_ambPT_v0.csv": {"temporal": ["2010-09-17T15:38:45.000Z", "2010-09-17T23:45:15.000Z"], "wnes_geometry": {"westBoundingCoordinate": -97.83, "eastBoundingCoordinate": -79.95, "northBoundingCoordinate": 26.175, "southBoundingCoordinate": 18.492}, "sizeMB": 0.57, "format": "ASCII"}, "GRIP_LARGE_20100920_uhsas_ambPT_v0.csv": {"temporal": ["2010-09-20T16:02:45.000Z", "2010-09-20T18:37:15.000Z"], "wnes_geometry": {"westBoundingCoordinate": -80.166, "eastBoundingCoordinate": -64.793, "northBoundingCoordinate": 26.077, "southBoundingCoordinate": 17.68}, "sizeMB": 0.2, "format": "ASCII"}, "GRIP_LARGE_20100920_aps_ambPT_v0.csv": {"temporal": ["2010-09-20T16:02:45.000Z", "2010-09-20T18:37:15.000Z"], "wnes_geometry": {"westBoundingCoordinate": -80.166, "eastBoundingCoordinate": -64.793, "northBoundingCoordinate": 26.077, "southBoundingCoordinate": 17.68}, "sizeMB": 0.1, "format": "ASCII"}, "GRIP_LARGE_20100920_optical_ambPT_v0.csv": {"temporal": ["2010-09-20T16:02:45.000Z", "2010-09-20T18:37:15.000Z"], "wnes_geometry": {"westBoundingCoordinate": -80.166, "eastBoundingCoordinate": -64.793, "northBoundingCoordinate": 26.077, "southBoundingCoordinate": 17.68}, "sizeMB": 0.03, "format": "ASCII"}, "GRIP_LARGE_20100920_cn_ambPT_v0.csv": {"temporal": ["2010-09-20T16:02:45.000Z", "2010-09-20T18:37:15.000Z"], "wnes_geometry": {"westBoundingCoordinate": -80.166, "eastBoundingCoordinate": -64.793, "northBoundingCoordinate": 26.077, "southBoundingCoordinate": 17.68}, "sizeMB": 0.01, "format": "ASCII"}, "GRIP_LARGE_20100921_optical_ambPT_v0.csv": {"temporal": ["2010-09-21T15:47:45.000Z", "2010-09-21T23:12:15.000Z"], "wnes_geometry": {"westBoundingCoordinate": -67.013, "eastBoundingCoordinate": -58.208, "northBoundingCoordinate": 19.638, "southBoundingCoordinate": 12}, "sizeMB": 0.09, "format": "ASCII"}, "GRIP_LARGE_20100921_uhsas_ambPT_v0.csv": {"temporal": ["2010-09-21T15:47:45.000Z", "2010-09-21T23:12:15.000Z"], "wnes_geometry": {"westBoundingCoordinate": -67.013, "eastBoundingCoordinate": -58.208, "northBoundingCoordinate": 19.638, "southBoundingCoordinate": 12}, "sizeMB": 0.54, "format": "ASCII"}, "GRIP_LARGE_20100921_cn_ambPT_v0.csv": {"temporal": ["2010-09-21T15:47:45.000Z", "2010-09-21T23:12:15.000Z"], "wnes_geometry": {"westBoundingCoordinate": -67.013, "eastBoundingCoordinate": -58.208, "northBoundingCoordinate": 19.638, "southBoundingCoordinate": 12}, "sizeMB": 0.04, "format": "ASCII"}, "GRIP_LARGE_20100921_aps_ambPT_v0.csv": {"temporal": ["2010-09-21T15:47:45.000Z", "2010-09-21T23:12:15.000Z"], "wnes_geometry": {"westBoundingCoordinate": -67.013, "eastBoundingCoordinate": -58.208, "northBoundingCoordinate": 19.638, "southBoundingCoordinate": 12}, "sizeMB": 0.38, "format": "ASCII"}, "GRIP_LARGE_20100922_aps_ambPT_v0.csv": {"temporal": ["2010-09-22T16:00:15.000Z", "2010-09-22T23:37:15.000Z"], "wnes_geometry": {"westBoundingCoordinate": -80.37, "eastBoundingCoordinate": -64.582, "northBoundingCoordinate": 26.077, "southBoundingCoordinate": 12.205}, "sizeMB": 0.42, "format": "ASCII"}, "GRIP_LARGE_20100922_uhsas_ambPT_v0.csv": {"temporal": ["2010-09-22T16:00:15.000Z", "2010-09-22T23:37:15.000Z"], "wnes_geometry": {"westBoundingCoordinate": -80.37, "eastBoundingCoordinate": -64.582, "northBoundingCoordinate": 26.077, "southBoundingCoordinate": 12.205}, "sizeMB": 0.54, "format": "ASCII"}, "GRIP_LARGE_20100922_optical_ambPT_v0.csv": {"temporal": ["2010-09-22T16:00:15.000Z", "2010-09-22T23:37:15.000Z"], "wnes_geometry": {"westBoundingCoordinate": -80.37, "eastBoundingCoordinate": -64.582, "northBoundingCoordinate": 26.077, "southBoundingCoordinate": 12.205}, "sizeMB": 0.09, "format": "ASCII"}, "GRIP_LARGE_20100922_cn_ambPT_v0.csv": {"temporal": ["2010-09-22T16:00:15.000Z", "2010-09-22T23:37:15.000Z"], "wnes_geometry": {"westBoundingCoordinate": -80.37, "eastBoundingCoordinate": -64.582, "northBoundingCoordinate": 26.077, "southBoundingCoordinate": 12.205}, "sizeMB": 0.04, "format": "ASCII"}}