{"GRIP_DC8_ASCII_eng_10Aug2010-1848_NAV.txt": {"temporal": ["2010-08-10T13:30:31.000Z", "2010-08-10T18:48:53.000Z"], "wnes_geometry": {"westBoundingCoordinate": -118.43, "eastBoundingCoordinate": -117.127, "northBoundingCoordinate": 34.71, "southBoundingCoordinate": 29.073}, "sizeMB": 7.49, "format": "ASCII"}, "GRIP_DC8_MissionLog_eng_10Aug2010.log": {"temporal": ["2010-08-10T15:58:09.000Z", "2010-08-10T19:45:20.000Z"], "wnes_geometry": {"westBoundingCoordinate": -118.427, "eastBoundingCoordinate": -117.197, "northBoundingCoordinate": 34.685, "southBoundingCoordinate": 29.152}, "sizeMB": 0.01, "format": "ASCII"}, "GRIP_DC8_QC_NAV_eng_10Aug2010.csv": {"temporal": ["2010-08-10T16:18:53.000Z", "2010-08-10T19:44:34.000Z"], "wnes_geometry": {"westBoundingCoordinate": -118.429, "eastBoundingCoordinate": -117.127, "northBoundingCoordinate": 34.71, "southBoundingCoordinate": 29.073}, "sizeMB": 3.02, "format": "ASCII"}, "GRIP_DC8_ASCII_eng_10Aug2010-1950_NAV.txt": {"temporal": ["2010-08-10T18:50:07.000Z", "2010-08-10T19:50:28.000Z"], "wnes_geometry": {"westBoundingCoordinate": -118.073, "eastBoundingCoordinate": -117.193, "northBoundingCoordinate": 34.705, "southBoundingCoordinate": 30.07}, "sizeMB": 1.42, "format": "ASCII"}, "GRIP_DC8_ASCII_flight1_17Aug2010-1955_NAV.txt": {"temporal": ["2010-08-17T14:46:48.000Z", "2010-08-17T19:55:48.000Z"], "wnes_geometry": {"westBoundingCoordinate": -94.745, "eastBoundingCoordinate": -79.992, "northBoundingCoordinate": 29.108, "southBoundingCoordinate": 26.068}, "sizeMB": 7.27, "format": "ASCII"}, "GRIP_DC8_QC_NAV_flight1_17Aug2010.csv": {"temporal": ["2010-08-17T14:59:35.000Z", "2010-08-17T19:42:03.000Z"], "wnes_geometry": {"westBoundingCoordinate": -94.744, "eastBoundingCoordinate": -79.993, "northBoundingCoordinate": 29.108, "southBoundingCoordinate": 26.076}, "sizeMB": 4.14, "format": "ASCII"}, "GRIP_DC8_MissionLog_flight1_17Aug2010.log": {"temporal": ["2010-08-17T15:45:06.000Z", "2010-08-17T19:17:38.000Z"], "wnes_geometry": {"westBoundingCoordinate": -94.5, "eastBoundingCoordinate": -81.955, "northBoundingCoordinate": 28.855, "southBoundingCoordinate": 26.197}, "sizeMB": 0, "format": "ASCII"}, "GRIP_DC8_ASCII_flight2_24Aug2010-2129_NAV.txt": {"temporal": ["2010-08-24T11:51:41.000Z", "2010-08-24T21:29:54.000Z"], "wnes_geometry": {"westBoundingCoordinate": -91.628, "eastBoundingCoordinate": -79.848, "northBoundingCoordinate": 29.06, "southBoundingCoordinate": 22.425}, "sizeMB": 13.6, "format": "ASCII"}, "GRIP_DC8_QC_NAV_flight2_24Aug2010.csv": {"temporal": ["2010-08-24T14:01:07.000Z", "2010-08-24T21:19:34.000Z"], "wnes_geometry": {"westBoundingCoordinate": -91.629, "eastBoundingCoordinate": -79.849, "northBoundingCoordinate": 29.059, "southBoundingCoordinate": 22.425}, "sizeMB": 6.43, "format": "ASCII"}, "GRIP_DC8_ASCII_flight3_30Aug2010-0108_NAV.txt": {"temporal": ["2010-08-29T12:21:11.000Z", "2010-08-30T01:08:49.000Z"], "wnes_geometry": {"westBoundingCoordinate": -80.325, "eastBoundingCoordinate": -56.785, "northBoundingCoordinate": 26.078, "southBoundingCoordinate": 14.763}, "sizeMB": 18.05, "format": "ASCII"}, "GRIP_DC8_QC_NAV_flight3_29Aug2010.csv": {"temporal": ["2010-08-29T16:30:10.000Z", "2010-08-30T00:54:30.000Z"], "wnes_geometry": {"westBoundingCoordinate": -80.326, "eastBoundingCoordinate": -56.786, "northBoundingCoordinate": 26.078, "southBoundingCoordinate": 14.764}, "sizeMB": 7.74, "format": "ASCII"}, "GRIP_DC8_ASCII_flight4_30Aug2010-2322_NAV.txt": {"temporal": ["2010-08-30T15:06:06.000Z", "2010-08-30T23:22:43.000Z"], "wnes_geometry": {"westBoundingCoordinate": -80.167, "eastBoundingCoordinate": -62.582, "northBoundingCoordinate": 26.1, "southBoundingCoordinate": 17.487}, "sizeMB": 11.68, "format": "ASCII"}, "GRIP_DC8_QC_NAV_flight4_30Aug2010.csv": {"temporal": ["2010-08-30T16:12:52.000Z", "2010-08-30T22:54:10.000Z"], "wnes_geometry": {"westBoundingCoordinate": -80.165, "eastBoundingCoordinate": -62.582, "northBoundingCoordinate": 26.1, "southBoundingCoordinate": 17.487}, "sizeMB": 5.88, "format": "ASCII"}, "GRIP_DC8_ASCII_flight5_02Sep2010-0019_NAV.txt": {"temporal": ["2010-09-01T13:20:53.000Z", "2010-09-02T00:19:46.000Z"], "wnes_geometry": {"westBoundingCoordinate": -80.403, "eastBoundingCoordinate": -70.06, "northBoundingCoordinate": 31.438, "southBoundingCoordinate": 23.137}, "sizeMB": 15.5, "format": "ASCII"}, "GRIP_DC8_QC_NAV_flight5_01Sep2010.csv": {"temporal": ["2010-09-01T16:11:54.000Z", "2010-09-02T00:11:17.000Z"], "wnes_geometry": {"westBoundingCoordinate": -80.403, "eastBoundingCoordinate": -70.06, "northBoundingCoordinate": 31.438, "southBoundingCoordinate": 23.137}, "sizeMB": 7.01, "format": "ASCII"}, "GRIP_DC8_MissionLog_flight5_01Sep2010.log": {"temporal": ["2010-09-01T16:54:58.000Z", "2010-09-01T23:14:07.000Z"], "wnes_geometry": {"westBoundingCoordinate": -78.197, "eastBoundingCoordinate": -70.213, "northBoundingCoordinate": 31.283, "southBoundingCoordinate": 23.238}, "sizeMB": 0, "format": "ASCII"}, "GRIP_DC8_ASCII_flight6_02Sep2010-2356_NAV.txt": {"temporal": ["2010-09-02T15:48:37.000Z", "2010-09-02T23:56:22.000Z"], "wnes_geometry": {"westBoundingCoordinate": -80.338, "eastBoundingCoordinate": -71.193, "northBoundingCoordinate": 34.753, "southBoundingCoordinate": 26.068}, "sizeMB": 11.47, "format": "ASCII"}, "GRIP_DC8_QC_NAV_flight6_02Sep2010.csv": {"temporal": ["2010-09-02T16:00:19.000Z", "2010-09-02T23:48:10.000Z"], "wnes_geometry": {"westBoundingCoordinate": -80.338, "eastBoundingCoordinate": -71.194, "northBoundingCoordinate": 34.753, "southBoundingCoordinate": 26.072}, "sizeMB": 6.87, "format": "ASCII"}, "GRIP_DC8_MissionLog_flight6_02Sep2010.log": {"temporal": ["2010-09-02T16:55:34.000Z", "2010-09-02T22:21:06.000Z"], "wnes_geometry": {"westBoundingCoordinate": -77.715, "eastBoundingCoordinate": -71.257, "northBoundingCoordinate": 34.608, "southBoundingCoordinate": 28.593}, "sizeMB": 0, "format": "ASCII"}, "GRIP_DC8_ASCII_flight7_07Sep2010-0144_NAV.txt": {"temporal": ["2010-09-06T17:42:43.000Z", "2010-09-07T01:44:42.000Z"], "wnes_geometry": {"westBoundingCoordinate": -64.983, "eastBoundingCoordinate": -55.318, "northBoundingCoordinate": 20.648, "southBoundingCoordinate": 15.722}, "sizeMB": 11.34, "format": "ASCII"}, "GRIP_DC8_QC_NAV_flight7_06Sep2010.csv": {"temporal": ["2010-09-06T18:17:23.000Z", "2010-09-07T01:39:45.000Z"], "wnes_geometry": {"westBoundingCoordinate": -64.984, "eastBoundingCoordinate": -55.318, "northBoundingCoordinate": 20.649, "southBoundingCoordinate": 15.722}, "sizeMB": 6.43, "format": "ASCII"}, "GRIP_DC8_MissionLog_flight7_06Sep2010.log": {"temporal": ["2010-09-06T18:28:12.000Z", "2010-09-07T01:11:14.000Z"], "wnes_geometry": {"westBoundingCoordinate": -64.057, "eastBoundingCoordinate": -55.32, "northBoundingCoordinate": 20.592, "southBoundingCoordinate": 15.727}, "sizeMB": 0.01, "format": "ASCII"}, "GRIP_DC8_ASCII_flight8_08Sep2010-0200_NAV.txt": {"temporal": ["2010-09-07T18:04:23.000Z", "2010-09-08T02:00:48.000Z"], "wnes_geometry": {"westBoundingCoordinate": -80.407, "eastBoundingCoordinate": -62.36, "northBoundingCoordinate": 26.155, "southBoundingCoordinate": 15}, "sizeMB": 11.21, "format": "ASCII"}, "GRIP_DC8_QC_NAV_flight8_07Sep2010.csv": {"temporal": ["2010-09-07T18:50:50.000Z", "2010-09-08T01:52:01.000Z"], "wnes_geometry": {"westBoundingCoordinate": -80.406, "eastBoundingCoordinate": -62.359, "northBoundingCoordinate": 26.155, "southBoundingCoordinate": 15}, "sizeMB": 6.17, "format": "ASCII"}, "GRIP_DC8_MissionLog_flight8_07Sep2010.log": {"temporal": ["2010-09-07T19:05:42.000Z", "2010-09-08T01:53:51.000Z"], "wnes_geometry": {"westBoundingCoordinate": -80.147, "eastBoundingCoordinate": -62.36, "northBoundingCoordinate": 26.075, "southBoundingCoordinate": 15.002}, "sizeMB": 0.01, "format": "ASCII"}, "GRIP_DC8_ASCII_flight9_13Sep2010-0242_NAV.txt": {"temporal": ["2010-09-12T16:27:49.000Z", "2010-09-13T02:42:24.000Z"], "wnes_geometry": {"westBoundingCoordinate": -80.335, "eastBoundingCoordinate": -70.72, "northBoundingCoordinate": 26.077, "southBoundingCoordinate": 12.84}, "sizeMB": 14.46, "format": "ASCII"}, "GRIP_DC8_QC_NAV_flight9_12Sep2010.csv": {"temporal": ["2010-09-12T18:11:22.000Z", "2010-09-13T02:33:07.000Z"], "wnes_geometry": {"westBoundingCoordinate": -80.334, "eastBoundingCoordinate": -70.719, "northBoundingCoordinate": 26.077, "southBoundingCoordinate": 12.841}, "sizeMB": 7.32, "format": "ASCII"}, "GRIP_DC8_MissionLog_flight9_12Sep2010.log": {"temporal": ["2010-09-12T18:20:00.000Z", "2010-09-13T02:37:15.000Z"], "wnes_geometry": {"westBoundingCoordinate": -80.15, "eastBoundingCoordinate": -71.025, "northBoundingCoordinate": 26.073, "southBoundingCoordinate": 13.947}, "sizeMB": 0.01, "format": "ASCII"}, "GRIP_DC8_ASCII_flight10_14Sep2010-0306_NAV.txt": {"temporal": ["2010-09-13T17:50:43.000Z", "2010-09-14T03:06:28.000Z"], "wnes_geometry": {"westBoundingCoordinate": -83.253, "eastBoundingCoordinate": -73.237, "northBoundingCoordinate": 26.078, "southBoundingCoordinate": 13.188}, "sizeMB": 13.07, "format": "ASCII"}, "GRIP_DC8_QC_NAV_flight10_13Sep2010.csv": {"temporal": ["2010-09-13T18:35:57.000Z", "2010-09-14T02:57:53.000Z"], "wnes_geometry": {"westBoundingCoordinate": -83.253, "eastBoundingCoordinate": -73.236, "northBoundingCoordinate": 26.078, "southBoundingCoordinate": 13.189}, "sizeMB": 7.33, "format": "ASCII"}, "GRIP_DC8_ASCII_flight11_15Sep2010-0200_NAV.txt": {"temporal": ["2010-09-14T17:25:30.000Z", "2010-09-15T02:00:11.000Z"], "wnes_geometry": {"westBoundingCoordinate": -86.48, "eastBoundingCoordinate": -79.937, "northBoundingCoordinate": 26.11, "southBoundingCoordinate": 16.588}, "sizeMB": 12.11, "format": "ASCII"}, "GRIP_DC8_MissionLog_flight11_14Sep2010.log": {"temporal": ["2010-09-14T18:24:53.000Z", "2010-09-15T01:54:49.000Z"], "wnes_geometry": {"westBoundingCoordinate": -86.383, "eastBoundingCoordinate": -80.148, "northBoundingCoordinate": 26.095, "southBoundingCoordinate": 16.683}, "sizeMB": 0.01, "format": "ASCII"}, "GRIP_DC8_QC_NAV_flight11_14Sep2010.csv": {"temporal": ["2010-09-14T18:58:29.000Z", "2010-09-15T01:50:32.000Z"], "wnes_geometry": {"westBoundingCoordinate": -86.48, "eastBoundingCoordinate": -79.936, "northBoundingCoordinate": 26.11, "southBoundingCoordinate": 16.588}, "sizeMB": 6.03, "format": "ASCII"}, "GRIP_DC8_ASCII_flight12_17Sep2010-0116_NAV.txt": {"temporal": ["2010-09-16T15:37:05.000Z", "2010-09-17T01:16:51.000Z"], "wnes_geometry": {"westBoundingCoordinate": -95.902, "eastBoundingCoordinate": -80.022, "northBoundingCoordinate": 26.26, "southBoundingCoordinate": 18.527}, "sizeMB": 13.64, "format": "ASCII"}, "GRIP_DC8_MissionLog_flight12_16Sep2010.log": {"temporal": ["2010-09-16T16:10:32.000Z", "2010-09-17T01:10:51.000Z"], "wnes_geometry": {"westBoundingCoordinate": -95.897, "eastBoundingCoordinate": -80.148, "northBoundingCoordinate": 26.162, "southBoundingCoordinate": 18.528}, "sizeMB": 0.01, "format": "ASCII"}, "GRIP_DC8_QC_NAV_flight12_16Sep2010.csv": {"temporal": ["2010-09-16T17:00:55.000Z", "2010-09-17T01:08:33.000Z"], "wnes_geometry": {"westBoundingCoordinate": -95.902, "eastBoundingCoordinate": -80.022, "northBoundingCoordinate": 26.26, "southBoundingCoordinate": 18.526}, "sizeMB": 7.16, "format": "ASCII"}, "GRIP_DC8_ASCII_flight13_17Sep2010-2352_NAV.txt": {"temporal": ["2010-09-17T14:40:28.000Z", "2010-09-17T23:52:48.000Z"], "wnes_geometry": {"westBoundingCoordinate": -97.83, "eastBoundingCoordinate": -79.948, "northBoundingCoordinate": 26.178, "southBoundingCoordinate": 18.492}, "sizeMB": 12.99, "format": "ASCII"}, "GRIP_DC8_MissionLog_flight13_17Sep2010.log": {"temporal": ["2010-09-17T15:12:44.000Z", "2010-09-17T23:48:09.000Z"], "wnes_geometry": {"westBoundingCoordinate": -97.445, "eastBoundingCoordinate": -79.95, "northBoundingCoordinate": 26.077, "southBoundingCoordinate": 18.798}, "sizeMB": 0, "format": "ASCII"}, "GRIP_DC8_QC_NAV_flight13_17Sep2010.csv": {"temporal": ["2010-09-17T15:38:20.000Z", "2010-09-17T23:45:24.000Z"], "wnes_geometry": {"westBoundingCoordinate": -97.831, "eastBoundingCoordinate": -79.949, "northBoundingCoordinate": 26.178, "southBoundingCoordinate": 18.491}, "sizeMB": 7.14, "format": "ASCII"}, "GRIP_DC8_MissionLog_flight14_21Sep2010.log": {"temporal": ["2010-09-21T15:05:44.000Z", "2010-09-21T22:53:55.000Z"], "wnes_geometry": {"westBoundingCoordinate": -67.012, "eastBoundingCoordinate": -58.803, "northBoundingCoordinate": 19.385, "southBoundingCoordinate": 12.005}, "sizeMB": 0.01, "format": "ASCII"}, "GRIP_DC8_ASCII_flight14_21Sep2010-2317_NAV.txt": {"temporal": ["2010-09-21T15:21:42.000Z", "2010-09-21T23:17:42.000Z"], "wnes_geometry": {"westBoundingCoordinate": -67.013, "eastBoundingCoordinate": -58.205, "northBoundingCoordinate": 19.64, "southBoundingCoordinate": 12}, "sizeMB": 11.2, "format": "ASCII"}, "GRIP_DC8_QC_NAV_flight14_21Sep2010.csv": {"temporal": ["2010-09-21T15:47:14.000Z", "2010-09-21T23:12:25.000Z"], "wnes_geometry": {"westBoundingCoordinate": -67.014, "eastBoundingCoordinate": -58.206, "northBoundingCoordinate": 19.64, "southBoundingCoordinate": 12}, "sizeMB": 6.51, "format": "ASCII"}, "GRIP_DC8_ASCII_flight15_22Sep2010-2344_NAV.txt": {"temporal": ["2010-09-22T14:26:45.000Z", "2010-09-22T23:44:43.000Z"], "wnes_geometry": {"westBoundingCoordinate": -80.372, "eastBoundingCoordinate": -64.582, "northBoundingCoordinate": 26.077, "southBoundingCoordinate": 12.205}, "sizeMB": 13.12, "format": "ASCII"}, "GRIP_DC8_MissionLog_flight15_22Sep2010.log": {"temporal": ["2010-09-22T15:39:21.000Z", "2010-09-22T23:38:35.000Z"], "wnes_geometry": {"westBoundingCoordinate": -80.143, "eastBoundingCoordinate": -64.582, "northBoundingCoordinate": 26.075, "southBoundingCoordinate": 12.502}, "sizeMB": 0.01, "format": "ASCII"}, "GRIP_DC8_QC_NAV_flight15_22Sep2010.csv": {"temporal": ["2010-09-22T16:00:05.000Z", "2010-09-22T23:37:37.000Z"], "wnes_geometry": {"westBoundingCoordinate": -80.372, "eastBoundingCoordinate": -64.581, "northBoundingCoordinate": 26.077, "southBoundingCoordinate": 12.206}, "sizeMB": 6.7, "format": "ASCII"}}