{"grip_lip_20100828.asc": {"temporal": ["2010-08-28T12:23:00.000Z", "2010-08-29T03:37:29.000Z"], "wnes_geometry": {"westBoundingCoordinate": -124.4, "eastBoundingCoordinate": -110.398, "northBoundingCoordinate": 35.59, "southBoundingCoordinate": 19.143}, "sizeMB": 45.23, "format": "Not provided"}, "grip_lip_20100902.asc": {"temporal": ["2010-09-02T03:11:00.000Z", "2010-09-03T04:02:00.000Z"], "wnes_geometry": {"westBoundingCoordinate": -118.304, "eastBoundingCoordinate": -71.672, "northBoundingCoordinate": 35.867, "southBoundingCoordinate": 26.795}, "sizeMB": 73.63, "format": "Not provided"}, "grip_lip_20100912.asc": {"temporal": ["2010-09-12T11:09:00.000Z", "2010-09-13T11:51:41.000Z"], "wnes_geometry": {"westBoundingCoordinate": -117.898, "eastBoundingCoordinate": -71.457, "northBoundingCoordinate": 35.971, "southBoundingCoordinate": 14.02}, "sizeMB": 73.01, "format": "Not provided"}, "grip_lip_20100916.asc": {"temporal": ["2010-09-16T12:08:00.000Z", "2010-09-17T14:28:10.000Z"], "wnes_geometry": {"westBoundingCoordinate": -117.899, "eastBoundingCoordinate": -92.06, "northBoundingCoordinate": 35.925, "southBoundingCoordinate": 18.387}, "sizeMB": 77.31, "format": "Not provided"}, "grip_lip_20100923.asc": {"temporal": ["2010-09-23T14:52:00.000Z", "2010-09-24T17:04:16.000Z"], "wnes_geometry": {"westBoundingCoordinate": -118.061, "eastBoundingCoordinate": -76.902, "northBoundingCoordinate": 35.997, "southBoundingCoordinate": 12.09}, "sizeMB": 77.32, "format": "Not provided"}}