{"GRIP_LASE_20100813_H2O_R1.TXT": {"temporal": ["2010-08-13T16:18:14.000Z", "2010-08-13T20:27:26.000Z"], "wnes_geometry": {"westBoundingCoordinate": -117.083, "eastBoundingCoordinate": -81.307, "northBoundingCoordinate": 34.425, "southBoundingCoordinate": 26.277}, "sizeMB": 7.34, "format": "Not provided"}, "GRIP_LASE_20100813_AER_R1.TXT": {"temporal": ["2010-08-13T16:20:56.000Z", "2010-08-13T20:28:47.000Z"], "wnes_geometry": {"westBoundingCoordinate": -116.713, "eastBoundingCoordinate": -81.21, "northBoundingCoordinate": 34.297, "southBoundingCoordinate": 26.228}, "sizeMB": 10.23, "format": "Not provided"}, "GRIP_LASE_20100817_H2O_R1.TXT": {"temporal": ["2010-08-17T15:07:32.000Z", "2010-08-17T18:51:51.000Z"], "wnes_geometry": {"westBoundingCoordinate": -94.745, "eastBoundingCoordinate": -80.388, "northBoundingCoordinate": 29.088, "southBoundingCoordinate": 26.235}, "sizeMB": 4.68, "format": "Not provided"}, "GRIP_LASE_20100817_AER_R1.TXT": {"temporal": ["2010-08-17T15:14:44.000Z", "2010-08-17T18:53:03.000Z"], "wnes_geometry": {"westBoundingCoordinate": -94.745, "eastBoundingCoordinate": -81.022, "northBoundingCoordinate": 29.107, "southBoundingCoordinate": 26.738}, "sizeMB": 8.31, "format": "Not provided"}, "GRIP_LASE_20100824_AER_R1.TXT": {"temporal": ["2010-08-24T14:12:57.000Z", "2010-08-24T20:37:01.000Z"], "wnes_geometry": {"westBoundingCoordinate": -91.628, "eastBoundingCoordinate": -80.505, "northBoundingCoordinate": 29.06, "southBoundingCoordinate": 22.425}, "sizeMB": 15.85, "format": "Not provided"}, "GRIP_LASE_20100824_H2O_R1.TXT": {"temporal": ["2010-08-24T14:21:00.000Z", "2010-08-24T20:25:57.000Z"], "wnes_geometry": {"westBoundingCoordinate": -91.628, "eastBoundingCoordinate": -81.503, "northBoundingCoordinate": 29.06, "southBoundingCoordinate": 22.425}, "sizeMB": 4.55, "format": "Not provided"}, "GRIP_LASE_20100828_H2O_R1.TXT": {"temporal": ["2010-08-28T14:15:27.000Z", "2010-08-28T16:04:50.000Z"], "wnes_geometry": {"westBoundingCoordinate": -79.075, "eastBoundingCoordinate": -66.465, "northBoundingCoordinate": 25.785, "southBoundingCoordinate": 18.503}, "sizeMB": 2.69, "format": "Not provided"}, "GRIP_LASE_20100828_AER_R1.TXT": {"temporal": ["2010-08-28T14:15:45.000Z", "2010-08-28T16:05:26.000Z"], "wnes_geometry": {"westBoundingCoordinate": -79.042, "eastBoundingCoordinate": -66.415, "northBoundingCoordinate": 25.768, "southBoundingCoordinate": 18.47}, "sizeMB": 4.06, "format": "Not provided"}, "GRIP_LASE_20100829_H2O_R1.TXT": {"temporal": ["2010-08-29T16:44:34.000Z", "2010-08-30T00:25:23.000Z"], "wnes_geometry": {"westBoundingCoordinate": -78.488, "eastBoundingCoordinate": -56.785, "northBoundingCoordinate": 25.49, "southBoundingCoordinate": 16.077}, "sizeMB": 4.43, "format": "Not provided"}, "GRIP_LASE_20100829_AER_R1.TXT": {"temporal": ["2010-08-29T16:44:52.000Z", "2010-08-30T00:26:35.000Z"], "wnes_geometry": {"westBoundingCoordinate": -78.618, "eastBoundingCoordinate": -56.785, "northBoundingCoordinate": 25.512, "southBoundingCoordinate": 14.763}, "sizeMB": 19.04, "format": "Not provided"}, "GRIP_LASE_20100830_AER_R1.TXT": {"temporal": ["2010-08-30T16:26:54.000Z", "2010-08-30T22:18:51.000Z"], "wnes_geometry": {"westBoundingCoordinate": -79.088, "eastBoundingCoordinate": -62.582, "northBoundingCoordinate": 25.615, "southBoundingCoordinate": 17.487}, "sizeMB": 14.49, "format": "Not provided"}, "GRIP_LASE_20100830_H2O_R1.TXT": {"temporal": ["2010-08-30T16:32:44.000Z", "2010-08-30T22:13:18.000Z"], "wnes_geometry": {"westBoundingCoordinate": -78.708, "eastBoundingCoordinate": -62.582, "northBoundingCoordinate": 25.04, "southBoundingCoordinate": 17.793}, "sizeMB": 5.21, "format": "Not provided"}, "GRIP_LASE_20100901_AER_R1.TXT": {"temporal": ["2010-09-01T16:35:16.000Z", "2010-09-01T23:23:50.000Z"], "wnes_geometry": {"westBoundingCoordinate": -78.725, "eastBoundingCoordinate": -70.06, "northBoundingCoordinate": 31.437, "southBoundingCoordinate": 23.137}, "sizeMB": 16.84, "format": "Not provided"}, "GRIP_LASE_20100901_H2O_R1.TXT": {"temporal": ["2010-09-01T16:35:43.000Z", "2010-09-01T23:23:14.000Z"], "wnes_geometry": {"westBoundingCoordinate": -78.697, "eastBoundingCoordinate": -70.06, "northBoundingCoordinate": 31.437, "southBoundingCoordinate": 23.137}, "sizeMB": 7.23, "format": "Not provided"}, "GRIP_LASE_20100902_H2O_R1.TXT": {"temporal": ["2010-09-02T16:06:47.000Z", "2010-09-02T22:53:54.000Z"], "wnes_geometry": {"westBoundingCoordinate": -80.13, "eastBoundingCoordinate": -71.193, "northBoundingCoordinate": 34.743, "southBoundingCoordinate": 26.227}, "sizeMB": 6.16, "format": "Not provided"}, "GRIP_LASE_20100902_AER_R1.TXT": {"temporal": ["2010-09-02T16:09:20.000Z", "2010-09-02T22:53:54.000Z"], "wnes_geometry": {"westBoundingCoordinate": -79.87, "eastBoundingCoordinate": -71.193, "northBoundingCoordinate": 34.753, "southBoundingCoordinate": 26.227}, "sizeMB": 16.54, "format": "Not provided"}, "GRIP_LASE_20100905_H2O_R1.TXT": {"temporal": ["2010-09-05T18:15:56.000Z", "2010-09-05T20:32:30.000Z"], "wnes_geometry": {"westBoundingCoordinate": -79.29, "eastBoundingCoordinate": -67.777, "northBoundingCoordinate": 25.908, "southBoundingCoordinate": 19.427}, "sizeMB": 3.26, "format": "Not provided"}, "GRIP_LASE_20100905_AER_R1.TXT": {"temporal": ["2010-09-05T18:16:14.000Z", "2010-09-05T20:33:06.000Z"], "wnes_geometry": {"westBoundingCoordinate": -79.257, "eastBoundingCoordinate": -67.702, "northBoundingCoordinate": 25.895, "southBoundingCoordinate": 19.385}, "sizeMB": 5.65, "format": "Not provided"}, "GRIP_LASE_20100906_H2O_R1.TXT": {"temporal": ["2010-09-06T18:26:46.000Z", "2010-09-07T01:22:24.000Z"], "wnes_geometry": {"westBoundingCoordinate": -64.178, "eastBoundingCoordinate": -55.318, "northBoundingCoordinate": 20.648, "southBoundingCoordinate": 15.722}, "sizeMB": 10.2, "format": "Not provided"}, "GRIP_LASE_20100906_AER_R1.TXT": {"temporal": ["2010-09-06T18:29:46.000Z", "2010-09-07T01:22:42.000Z"], "wnes_geometry": {"westBoundingCoordinate": -63.91, "eastBoundingCoordinate": -55.318, "northBoundingCoordinate": 20.648, "southBoundingCoordinate": 15.722}, "sizeMB": 17.01, "format": "Not provided"}, "GRIP_LASE_20100907_AER_R1.TXT": {"temporal": ["2010-09-07T19:07:04.000Z", "2010-09-08T00:56:07.000Z"], "wnes_geometry": {"westBoundingCoordinate": -76.65, "eastBoundingCoordinate": -62.36, "northBoundingCoordinate": 24.735, "southBoundingCoordinate": 15}, "sizeMB": 14.38, "format": "Not provided"}, "GRIP_LASE_20100907_H2O_R1.TXT": {"temporal": ["2010-09-07T19:11:52.000Z", "2010-09-07T23:21:35.000Z"], "wnes_geometry": {"westBoundingCoordinate": -68.167, "eastBoundingCoordinate": -62.36, "northBoundingCoordinate": 20.422, "southBoundingCoordinate": 15}, "sizeMB": 2.82, "format": "Not provided"}, "GRIP_LASE_20100912_AER_R1.TXT": {"temporal": ["2010-09-12T18:20:21.000Z", "2010-09-13T02:07:32.000Z"], "wnes_geometry": {"westBoundingCoordinate": -79.46, "eastBoundingCoordinate": -70.72, "northBoundingCoordinate": 25.99, "southBoundingCoordinate": 12.84}, "sizeMB": 19.26, "format": "Not provided"}, "GRIP_LASE_20100912_H2O_R1.TXT": {"temporal": ["2010-09-12T18:21:51.000Z", "2010-09-13T02:07:32.000Z"], "wnes_geometry": {"westBoundingCoordinate": -79.303, "eastBoundingCoordinate": -70.747, "northBoundingCoordinate": 25.962, "southBoundingCoordinate": 12.84}, "sizeMB": 8.52, "format": "Not provided"}, "GRIP_LASE_20100913_H2O_R1.TXT": {"temporal": ["2010-09-13T18:42:44.000Z", "2010-09-14T02:12:18.000Z"], "wnes_geometry": {"westBoundingCoordinate": -83.253, "eastBoundingCoordinate": -73.238, "northBoundingCoordinate": 26.02, "southBoundingCoordinate": 14.175}, "sizeMB": 7.61, "format": "Not provided"}, "GRIP_LASE_20100913_AER_R1.TXT": {"temporal": ["2010-09-13T18:46:56.000Z", "2010-09-14T02:12:18.000Z"], "wnes_geometry": {"westBoundingCoordinate": -83.253, "eastBoundingCoordinate": -73.237, "northBoundingCoordinate": 25.802, "southBoundingCoordinate": 13.19}, "sizeMB": 18.16, "format": "Not provided"}, "GRIP_LASE_20100914_H2O_R1.TXT": {"temporal": ["2010-09-14T19:16:43.000Z", "2010-09-15T01:25:51.000Z"], "wnes_geometry": {"westBoundingCoordinate": -86.48, "eastBoundingCoordinate": -80.927, "northBoundingCoordinate": 26, "southBoundingCoordinate": 16.588}, "sizeMB": 7.7, "format": "Not provided"}, "GRIP_LASE_20100914_AER_R1.TXT": {"temporal": ["2010-09-14T19:16:43.000Z", "2010-09-15T01:25:51.000Z"], "wnes_geometry": {"westBoundingCoordinate": -86.48, "eastBoundingCoordinate": -80.927, "northBoundingCoordinate": 26, "southBoundingCoordinate": 16.588}, "sizeMB": 15.2, "format": "Not provided"}, "GRIP_LASE_20100916_H2O_R1.TXT": {"temporal": ["2010-09-16T17:11:55.000Z", "2010-09-17T00:37:04.000Z"], "wnes_geometry": {"westBoundingCoordinate": -95.902, "eastBoundingCoordinate": -80.343, "northBoundingCoordinate": 25.983, "southBoundingCoordinate": 19.642}, "sizeMB": 4.48, "format": "Not provided"}, "GRIP_LASE_20100916_AER_R1.TXT": {"temporal": ["2010-09-16T17:14:28.000Z", "2010-09-17T00:37:04.000Z"], "wnes_geometry": {"westBoundingCoordinate": -95.902, "eastBoundingCoordinate": -80.478, "northBoundingCoordinate": 25.983, "southBoundingCoordinate": 18.527}, "sizeMB": 18.23, "format": "Not provided"}, "GRIP_LASE_20100917_H2O_R1.TXT": {"temporal": ["2010-09-17T15:58:11.000Z", "2010-09-17T22:43:20.000Z"], "wnes_geometry": {"westBoundingCoordinate": -97.5, "eastBoundingCoordinate": -81.198, "northBoundingCoordinate": 26.058, "southBoundingCoordinate": 18.492}, "sizeMB": 3.77, "format": "Not provided"}, "GRIP_LASE_20100917_AER_R1.TXT": {"temporal": ["2010-09-17T15:58:38.000Z", "2010-09-17T22:43:20.000Z"], "wnes_geometry": {"westBoundingCoordinate": -97.83, "eastBoundingCoordinate": -81.25, "northBoundingCoordinate": 26.058, "southBoundingCoordinate": 18.52}, "sizeMB": 15.83, "format": "Not provided"}, "GRIP_LASE_20100920_H2O_R1.TXT": {"temporal": ["2010-09-20T16:54:59.000Z", "2010-09-20T18:08:07.000Z"], "wnes_geometry": {"westBoundingCoordinate": -76.007, "eastBoundingCoordinate": -67.21, "northBoundingCoordinate": 23.195, "southBoundingCoordinate": 18.503}, "sizeMB": 1.89, "format": "Not provided"}, "GRIP_LASE_20100920_AER_R1.TXT": {"temporal": ["2010-09-20T16:57:05.000Z", "2010-09-20T18:10:04.000Z"], "wnes_geometry": {"westBoundingCoordinate": -75.79, "eastBoundingCoordinate": -67.038, "northBoundingCoordinate": 23.097, "southBoundingCoordinate": 18.365}, "sizeMB": 3.01, "format": "Not provided"}, "GRIP_LASE_20100921_H2O_R1.TXT": {"temporal": ["2010-09-21T15:57:18.000Z", "2010-09-21T22:29:06.000Z"], "wnes_geometry": {"westBoundingCoordinate": -67.013, "eastBoundingCoordinate": -58.207, "northBoundingCoordinate": 19.64, "southBoundingCoordinate": 12}, "sizeMB": 9.92, "format": "Not provided"}, "GRIP_LASE_20100921_AER_R1.TXT": {"temporal": ["2010-09-21T15:58:21.000Z", "2010-09-21T22:29:06.000Z"], "wnes_geometry": {"westBoundingCoordinate": -67.013, "eastBoundingCoordinate": -58.207, "northBoundingCoordinate": 19.64, "southBoundingCoordinate": 12}, "sizeMB": 16.06, "format": "Not provided"}, "GRIP_LASE_20100922_H2O_R1.TXT": {"temporal": ["2010-09-22T16:06:26.000Z", "2010-09-22T23:09:03.000Z"], "wnes_geometry": {"westBoundingCoordinate": -78.367, "eastBoundingCoordinate": -64.697, "northBoundingCoordinate": 25.467, "southBoundingCoordinate": 12.205}, "sizeMB": 13.04, "format": "Not provided"}, "GRIP_LASE_20100922_AER_R1.TXT": {"temporal": ["2010-09-22T16:07:29.000Z", "2010-09-22T23:09:03.000Z"], "wnes_geometry": {"westBoundingCoordinate": -78.367, "eastBoundingCoordinate": -64.775, "northBoundingCoordinate": 25.467, "southBoundingCoordinate": 12.205}, "sizeMB": 17.36, "format": "Not provided"}, "GRIP_LASE_20100925_H2O_R1.TXT": {"temporal": ["2010-09-25T13:14:20.000Z", "2010-09-25T17:17:50.000Z"], "wnes_geometry": {"westBoundingCoordinate": -116.875, "eastBoundingCoordinate": -81.277, "northBoundingCoordinate": 34.508, "southBoundingCoordinate": 26.755}, "sizeMB": 7.18, "format": "Not provided"}, "GRIP_LASE_20100925_AER_R1.TXT": {"temporal": ["2010-09-25T13:14:47.000Z", "2010-09-25T17:17:56.000Z"], "wnes_geometry": {"westBoundingCoordinate": -116.887, "eastBoundingCoordinate": -81.327, "northBoundingCoordinate": 34.512, "southBoundingCoordinate": 26.787}, "sizeMB": 9.4, "format": "Not provided"}}