{"hs3fltrep_20110901-0702_20110901-1252_Global_Hawk_872.tar": {"temporal": ["2011-09-01T07:02:00.000Z", "2011-09-01T12:52:00.000Z"], "wnes_geometry": {"westBoundingCoordinate": -174.843, "eastBoundingCoordinate": -19.424, "northBoundingCoordinate": 51.527, "southBoundingCoordinate": 7.557}, "sizeMB": 0.07, "format": "Not Provided"}, "hs3fltrep_20110908-2011_20110909-1915_Global_Hawk_872.tar": {"temporal": ["2011-09-08T20:11:00.000Z", "2011-09-09T19:15:00.000Z"], "wnes_geometry": {"westBoundingCoordinate": -174.843, "eastBoundingCoordinate": -19.424, "northBoundingCoordinate": 51.527, "southBoundingCoordinate": 7.557}, "sizeMB": 2.23, "format": "Not Provided"}, "hs3fltrep_20110913-1955_20110914-1527_Global_Hawk_872.tar": {"temporal": ["2011-09-13T19:55:00.000Z", "2011-09-14T15:27:00.000Z"], "wnes_geometry": {"westBoundingCoordinate": -174.843, "eastBoundingCoordinate": -19.424, "northBoundingCoordinate": 51.527, "southBoundingCoordinate": 7.557}, "sizeMB": 8.7, "format": "Not Provided"}, "hs3fltrep_20120828-1502_20120828-2033_Global_Hawk_872.pdf": {"temporal": ["2012-08-28T15:02:00.000Z", "2012-08-28T20:33:00.000Z"], "wnes_geometry": {"westBoundingCoordinate": -174.843, "eastBoundingCoordinate": -19.424, "northBoundingCoordinate": 51.527, "southBoundingCoordinate": 7.557}, "sizeMB": 0.01, "format": "Not Provided"}, "hs3fltrep_20120830-1854_20120830-1936_Global_Hawk_872.pdf": {"temporal": ["2012-08-30T18:54:00.000Z", "2012-08-30T19:36:00.000Z"], "wnes_geometry": {"westBoundingCoordinate": -174.843, "eastBoundingCoordinate": -19.424, "northBoundingCoordinate": 51.527, "southBoundingCoordinate": 7.557}, "sizeMB": 0.01, "format": "Not Provided"}, "hs3fltrep_20120906-2019_20120907-1537_Global_Hawk_872.tar": {"temporal": ["2012-09-06T20:19:00.000Z", "2012-09-07T15:37:00.000Z"], "wnes_geometry": {"westBoundingCoordinate": -174.843, "eastBoundingCoordinate": -19.424, "northBoundingCoordinate": 51.527, "southBoundingCoordinate": 7.557}, "sizeMB": 1.37, "format": "Not Provided"}, "hs3fltrep_20120911-1106_20120912-1248_Global_Hawk_872.tar": {"temporal": ["2012-09-11T11:06:00.000Z", "2012-09-12T12:48:00.000Z"], "wnes_geometry": {"westBoundingCoordinate": -174.843, "eastBoundingCoordinate": -19.424, "northBoundingCoordinate": 51.527, "southBoundingCoordinate": 7.557}, "sizeMB": 18.94, "format": "GIF"}, "hs3fltrep_20120914-1357_20120915-1221_Global_Hawk_872.tar": {"temporal": ["2012-09-14T13:57:00.000Z", "2012-09-15T12:21:00.000Z"], "wnes_geometry": {"westBoundingCoordinate": -174.843, "eastBoundingCoordinate": -19.424, "northBoundingCoordinate": 51.527, "southBoundingCoordinate": 7.557}, "sizeMB": 10.7, "format": "Not Provided"}, "hs3fltrep_20120919-1841_20120920-1928_Global_Hawk_872.tar": {"temporal": ["2012-09-19T18:41:00.000Z", "2012-09-20T19:28:00.000Z"], "wnes_geometry": {"westBoundingCoordinate": -174.843, "eastBoundingCoordinate": -19.424, "northBoundingCoordinate": 51.527, "southBoundingCoordinate": 7.557}, "sizeMB": 9.48, "format": "Not Provided"}, "hs3fltrep_20120922-1750_20120923-1854_Global_Hawk_872.tar": {"temporal": ["2012-09-22T17:50:00.000Z", "2012-09-23T18:54:00.000Z"], "wnes_geometry": {"westBoundingCoordinate": -174.843, "eastBoundingCoordinate": -19.424, "northBoundingCoordinate": 51.527, "southBoundingCoordinate": 7.557}, "sizeMB": 17.38, "format": "Not Provided"}, "hs3fltrep_20120926-1031_20120927-1153_Global_Hawk_872.tar": {"temporal": ["2012-09-26T10:31:00.000Z", "2012-09-27T11:53:00.000Z"], "wnes_geometry": {"westBoundingCoordinate": -174.843, "eastBoundingCoordinate": -19.424, "northBoundingCoordinate": 51.527, "southBoundingCoordinate": 7.557}, "sizeMB": 40.17, "format": "Not Provided"}, "hs3fltrep_20121006-1256_20121006-2015_Global_Hawk_872.tar": {"temporal": ["2012-10-06T12:56:00.000Z", "2012-10-06T20:15:00.000Z"], "wnes_geometry": {"westBoundingCoordinate": -174.843, "eastBoundingCoordinate": -19.424, "northBoundingCoordinate": 51.527, "southBoundingCoordinate": 7.557}, "sizeMB": 8.57, "format": "Not Provided"}, "hs3fltrep_20121012-1105_20121012-2047_Global_Hawk_872.pdf": {"temporal": ["2012-10-12T11:05:00.000Z", "2012-10-12T20:47:00.000Z"], "wnes_geometry": {"westBoundingCoordinate": -174.843, "eastBoundingCoordinate": -19.424, "northBoundingCoordinate": 51.527, "southBoundingCoordinate": 7.557}, "sizeMB": 0.01, "format": "Not Provided"}, "hs3fltrep_20121101-1905_20121101-2351_Global_Hawk_871.tar": {"temporal": ["2012-11-01T19:05:00.000Z", "2012-11-01T23:51:00.000Z"], "wnes_geometry": {"westBoundingCoordinate": -174.843, "eastBoundingCoordinate": -19.424, "northBoundingCoordinate": 51.527, "southBoundingCoordinate": 7.557}, "sizeMB": 2.59, "format": "Not Provided"}, "hs3fltrep_20121105-2136_20121106-2150_Global_Hawk_871.tar": {"temporal": ["2012-11-05T21:36:00.000Z", "2012-11-06T21:50:00.000Z"], "wnes_geometry": {"westBoundingCoordinate": -174.843, "eastBoundingCoordinate": -19.424, "northBoundingCoordinate": 51.527, "southBoundingCoordinate": 7.557}, "sizeMB": 14.35, "format": "Not Provided"}, "hs3fltrep_20130801-1400_20130801-1901_Global_Hawk_872.tar": {"temporal": ["2013-08-01T14:00:00.000Z", "2013-08-01T19:01:00.000Z"], "wnes_geometry": {"westBoundingCoordinate": -174.843, "eastBoundingCoordinate": -19.424, "northBoundingCoordinate": 51.527, "southBoundingCoordinate": 7.557}, "sizeMB": 2.11, "format": "Not Provided"}, "hs3fltrep_20130808-1330_20130808-1803_Global_Hawk_871.pdf": {"temporal": ["2013-08-08T13:30:00.000Z", "2013-08-08T18:03:00.000Z"], "wnes_geometry": {"westBoundingCoordinate": -174.843, "eastBoundingCoordinate": -19.424, "northBoundingCoordinate": 51.527, "southBoundingCoordinate": 7.557}, "sizeMB": 0.01, "format": "Not Provided"}, "hs3fltrep_20130814-0049_20130814-1138_Global_Hawk_871.pdf": {"temporal": ["2013-08-14T00:49:00.000Z", "2013-08-14T11:38:00.000Z"], "wnes_geometry": {"westBoundingCoordinate": -174.843, "eastBoundingCoordinate": -19.424, "northBoundingCoordinate": 51.527, "southBoundingCoordinate": 7.557}, "sizeMB": 0.01, "format": "Not Provided"}, "hs3fltrep_20130816-0040_20130816-1049_Global_Hawk_872.pdf": {"temporal": ["2013-08-16T00:40:00.000Z", "2013-08-16T10:49:00.000Z"], "wnes_geometry": {"westBoundingCoordinate": -174.843, "eastBoundingCoordinate": -19.424, "northBoundingCoordinate": 51.527, "southBoundingCoordinate": 7.557}, "sizeMB": 0.01, "format": "Not Provided"}, "hs3fltrep_20130820-1241_20130821-1346_Global_Hawk_872.tar": {"temporal": ["2013-08-20T12:41:00.000Z", "2013-08-21T13:46:00.000Z"], "wnes_geometry": {"westBoundingCoordinate": -174.843, "eastBoundingCoordinate": -19.424, "northBoundingCoordinate": 51.527, "southBoundingCoordinate": 7.557}, "sizeMB": 39.41, "format": "Not Provided"}, "hs3fltrep_20130824-1058_20130825-1134_Global_Hawk_872.tar": {"temporal": ["2013-08-24T10:58:00.000Z", "2013-08-25T11:34:00.000Z"], "wnes_geometry": {"westBoundingCoordinate": -174.843, "eastBoundingCoordinate": -19.424, "northBoundingCoordinate": 51.527, "southBoundingCoordinate": 7.557}, "sizeMB": 28.92, "format": "Not Provided"}, "hs3fltrep_20130829-1259_20130830-1134_Global_Hawk_872.tar": {"temporal": ["2013-08-29T12:59:00.000Z", "2013-08-30T11:34:00.000Z"], "wnes_geometry": {"westBoundingCoordinate": -174.843, "eastBoundingCoordinate": -19.424, "northBoundingCoordinate": 51.527, "southBoundingCoordinate": 7.557}, "sizeMB": 17.33, "format": "Not Provided"}, "hs3fltrep_20130903-1129_20130904-1038_Global_Hawk_871.tar": {"temporal": ["2013-09-03T11:29:00.000Z", "2013-09-04T10:38:00.000Z"], "wnes_geometry": {"westBoundingCoordinate": -174.843, "eastBoundingCoordinate": -19.424, "northBoundingCoordinate": 51.527, "southBoundingCoordinate": 7.557}, "sizeMB": 21.91, "format": "Not Provided"}, "hs3fltrep_20130904-1508_20130905-1400_Global_Hawk_872.tar": {"temporal": ["2013-09-04T15:08:00.000Z", "2013-09-05T14:00:00.000Z"], "wnes_geometry": {"westBoundingCoordinate": -174.843, "eastBoundingCoordinate": -19.424, "northBoundingCoordinate": 51.527, "southBoundingCoordinate": 7.557}, "sizeMB": 35.14, "format": "Not Provided"}, "hs3fltrep_20130907-1207_20130908-1117_Global_Hawk_872.tar": {"temporal": ["2013-09-07T12:07:00.000Z", "2013-09-08T11:17:00.000Z"], "wnes_geometry": {"westBoundingCoordinate": -174.843, "eastBoundingCoordinate": -19.424, "northBoundingCoordinate": 51.527, "southBoundingCoordinate": 7.557}, "sizeMB": 19.86, "format": "Not Provided"}, "hs3fltrep_20130910-1358_20130910-1833_Global_Hawk_871.tar": {"temporal": ["2013-09-10T13:58:00.000Z", "2013-09-10T18:33:00.000Z"], "wnes_geometry": {"westBoundingCoordinate": -174.843, "eastBoundingCoordinate": -19.424, "northBoundingCoordinate": 51.527, "southBoundingCoordinate": 7.557}, "sizeMB": 5.05, "format": "Not Provided"}, "hs3fltrep_20130915-1338_20130916-1230_Global_Hawk_871.tar": {"temporal": ["2013-09-15T13:38:00.000Z", "2013-09-16T12:30:00.000Z"], "wnes_geometry": {"westBoundingCoordinate": -174.843, "eastBoundingCoordinate": -19.424, "northBoundingCoordinate": 51.527, "southBoundingCoordinate": 7.557}, "sizeMB": 16.21, "format": "Not Provided"}, "hs3fltrep_20130916-1441_20130917-1114_Global_Hawk_872.tar": {"temporal": ["2013-09-16T14:41:00.000Z", "2013-09-17T11:14:00.000Z"], "wnes_geometry": {"westBoundingCoordinate": -174.843, "eastBoundingCoordinate": -19.424, "northBoundingCoordinate": 51.527, "southBoundingCoordinate": 7.557}, "sizeMB": 20.4, "format": "Not Provided"}, "hs3fltrep_20130917-1400_20130917-1830_Global_Hawk_871.tar": {"temporal": ["2013-09-17T14:00:00.000Z", "2013-09-17T18:30:00.000Z"], "wnes_geometry": {"westBoundingCoordinate": -174.843, "eastBoundingCoordinate": -19.424, "northBoundingCoordinate": 51.527, "southBoundingCoordinate": 7.557}, "sizeMB": 5.28, "format": "Not Provided"}, "hs3fltrep_20130919-1210_20130920-1053_Global_Hawk_872.tar": {"temporal": ["2013-09-19T12:10:00.000Z", "2013-09-20T10:53:00.000Z"], "wnes_geometry": {"westBoundingCoordinate": -174.843, "eastBoundingCoordinate": -19.424, "northBoundingCoordinate": 51.527, "southBoundingCoordinate": 7.557}, "sizeMB": 17.27, "format": "Not Provided"}, "hs3fltrep_20130925-1259_20130926-0407_Global_Hawk_871.tar": {"temporal": ["2013-09-25T12:59:00.000Z", "2013-09-26T04:07:00.000Z"], "wnes_geometry": {"westBoundingCoordinate": -174.843, "eastBoundingCoordinate": -19.424, "northBoundingCoordinate": 51.527, "southBoundingCoordinate": 7.557}, "sizeMB": 4.6, "format": "Not Provided"}, "hs3fltrep_20130926-1349_20130926-2336_Global_Hawk_872.pdf": {"temporal": ["2013-09-26T13:49:00.000Z", "2013-09-26T23:36:00.000Z"], "wnes_geometry": {"westBoundingCoordinate": -174.843, "eastBoundingCoordinate": -19.424, "northBoundingCoordinate": 51.527, "southBoundingCoordinate": 7.557}, "sizeMB": 0.01, "format": "Not Provided"}, "hs3fltrep_20131031-1540_20131101-0204_Global_Hawk_871.pdf": {"temporal": ["2013-10-31T15:40:00.000Z", "2013-11-01T02:04:00.000Z"], "wnes_geometry": {"westBoundingCoordinate": -174.843, "eastBoundingCoordinate": -19.424, "northBoundingCoordinate": 51.527, "southBoundingCoordinate": 7.557}, "sizeMB": 0.01, "format": "Not Provided"}, "hs3fltrep_20140806-1323_20140806-1826_Global_Hawk_872.pdf": {"temporal": ["2014-08-06T13:23:00.000Z", "2014-08-06T18:26:00.000Z"], "wnes_geometry": {"westBoundingCoordinate": -174.843, "eastBoundingCoordinate": -19.424, "northBoundingCoordinate": 51.527, "southBoundingCoordinate": 7.557}, "sizeMB": 0.01, "format": "Not Provided"}, "hs3fltrep_20140814-1337_20140814-1950_Global_Hawk_871.pdf": {"temporal": ["2014-08-14T13:37:00.000Z", "2014-08-14T19:50:00.000Z"], "wnes_geometry": {"westBoundingCoordinate": -174.843, "eastBoundingCoordinate": -19.424, "northBoundingCoordinate": 51.527, "southBoundingCoordinate": 7.557}, "sizeMB": 0.01, "format": "Not Provided"}, "hs3fltrep_20140821-0016_20140821-0238_Global_Hawk_871.pdf": {"temporal": ["2014-08-21T00:16:00.000Z", "2014-08-21T02:38:00.000Z"], "wnes_geometry": {"westBoundingCoordinate": -174.843, "eastBoundingCoordinate": -19.424, "northBoundingCoordinate": 51.527, "southBoundingCoordinate": 7.557}, "sizeMB": 0.01, "format": "Not Provided"}, "hs3fltrep_20140826-1308_20140827-1143_Global_Hawk_872.tar": {"temporal": ["2014-08-26T13:08:00.000Z", "2014-08-27T11:43:00.000Z"], "wnes_geometry": {"westBoundingCoordinate": -174.843, "eastBoundingCoordinate": -19.424, "northBoundingCoordinate": 51.527, "southBoundingCoordinate": 7.557}, "sizeMB": 2.55, "format": "Not Provided"}, "hs3fltrep_20140828-2257_20140829-2238_Global_Hawk_872.tar": {"temporal": ["2014-08-28T22:57:00.000Z", "2014-08-29T22:38:00.000Z"], "wnes_geometry": {"westBoundingCoordinate": -174.843, "eastBoundingCoordinate": -19.424, "northBoundingCoordinate": 51.527, "southBoundingCoordinate": 7.557}, "sizeMB": 2.44, "format": "Not Provided"}, "hs3fltrep_20140902-1155_20140903-1133_Global_Hawk_872.tar": {"temporal": ["2014-09-02T11:55:00.000Z", "2014-09-03T11:33:00.000Z"], "wnes_geometry": {"westBoundingCoordinate": -174.843, "eastBoundingCoordinate": -19.424, "northBoundingCoordinate": 51.527, "southBoundingCoordinate": 7.557}, "sizeMB": 1.99, "format": "Not Provided"}, "hs3fltrep_20140905-1111_20140906-1110_Global_Hawk_872.tar": {"temporal": ["2014-09-05T11:11:00.000Z", "2014-09-06T11:10:00.000Z"], "wnes_geometry": {"westBoundingCoordinate": -174.843, "eastBoundingCoordinate": -19.424, "northBoundingCoordinate": 51.527, "southBoundingCoordinate": 7.557}, "sizeMB": 2.67, "format": "Not Provided"}, "hs3fltrep_20140911-1013_20140912-0950_Global_Hawk_872.tar": {"temporal": ["2014-09-11T10:13:00.000Z", "2014-09-12T09:50:00.000Z"], "wnes_geometry": {"westBoundingCoordinate": -174.843, "eastBoundingCoordinate": -19.424, "northBoundingCoordinate": 51.527, "southBoundingCoordinate": 7.557}, "sizeMB": 5.4, "format": "Not Provided"}, "hs3fltrep_20140914-1501_20140915-1450_Global_Hawk_872.tar": {"temporal": ["2014-09-14T15:01:00.000Z", "2014-09-15T14:50:00.000Z"], "wnes_geometry": {"westBoundingCoordinate": -174.843, "eastBoundingCoordinate": -19.424, "northBoundingCoordinate": 51.527, "southBoundingCoordinate": 7.557}, "sizeMB": 4.08, "format": "Not Provided"}, "hs3fltrep_20140916-1240_20140917-1120_Global_Hawk_872.tar": {"temporal": ["2014-09-16T12:40:00.000Z", "2014-09-17T11:20:00.000Z"], "wnes_geometry": {"westBoundingCoordinate": -174.843, "eastBoundingCoordinate": -19.424, "northBoundingCoordinate": 51.527, "southBoundingCoordinate": 7.557}, "sizeMB": 3.05, "format": "Not Provided"}, "hs3fltrep_20140918-0715_20140919-0658_Global_Hawk_872.tar": {"temporal": ["2014-09-18T07:15:00.000Z", "2014-09-19T06:58:00.000Z"], "wnes_geometry": {"westBoundingCoordinate": -174.843, "eastBoundingCoordinate": -19.424, "northBoundingCoordinate": 51.527, "southBoundingCoordinate": 7.557}, "sizeMB": 2.68, "format": "Not Provided"}, "hs3fltrep_20140922-1101_20140923-1129_Global_Hawk_872.tar": {"temporal": ["2014-09-22T11:01:00.000Z", "2014-09-23T11:29:00.000Z"], "wnes_geometry": {"westBoundingCoordinate": -174.843, "eastBoundingCoordinate": -19.424, "northBoundingCoordinate": 51.527, "southBoundingCoordinate": 7.557}, "sizeMB": 2.26, "format": "Not Provided"}, "hs3fltrep_20140923-1515_20140923-1730_WB-57_928.pdf": {"temporal": ["2014-09-23T15:15:00.000Z", "2014-09-23T17:30:00.000Z"], "wnes_geometry": {"westBoundingCoordinate": -82.55, "eastBoundingCoordinate": -64.5, "northBoundingCoordinate": 31.974, "southBoundingCoordinate": 22.758}, "sizeMB": 0.01, "format": "Not Provided"}, "hs3fltrep_20140924-2058_20140924-2347_WB-57_928.pdf": {"temporal": ["2014-09-24T20:58:00.000Z", "2014-09-24T23:47:00.000Z"], "wnes_geometry": {"westBoundingCoordinate": -82.55, "eastBoundingCoordinate": -64.5, "northBoundingCoordinate": 31.974, "southBoundingCoordinate": 22.758}, "sizeMB": 0.01, "format": "Not Provided"}, "hs3fltrep_20140928-1119_20140929-1132_Global_Hawk_872.tar": {"temporal": ["2014-09-28T11:19:00.000Z", "2014-09-29T11:32:00.000Z"], "wnes_geometry": {"westBoundingCoordinate": -174.843, "eastBoundingCoordinate": -19.424, "northBoundingCoordinate": 51.527, "southBoundingCoordinate": 7.557}, "sizeMB": 33.16, "format": "Not Provided"}, "hs3fltrep_20140930-1107_20140930-2315_Global_Hawk_872.tar": {"temporal": ["2014-09-30T11:07:00.000Z", "2014-09-30T23:15:00.000Z"], "wnes_geometry": {"westBoundingCoordinate": -174.843, "eastBoundingCoordinate": -19.424, "northBoundingCoordinate": 51.527, "southBoundingCoordinate": 7.557}, "sizeMB": 29.8, "format": "Not Provided"}, "hs3fltrep_20141010-1818_20141010-2042_WB-57_928.pdf": {"temporal": ["2014-10-10T18:18:00.000Z", "2014-10-10T20:42:00.000Z"], "wnes_geometry": {"westBoundingCoordinate": -82.55, "eastBoundingCoordinate": -64.5, "northBoundingCoordinate": 31.974, "southBoundingCoordinate": 22.758}, "sizeMB": 0.01, "format": "Not Provided"}, "hs3fltrep_20141014-1631_20141014-1838_WB-57_928.pdf": {"temporal": ["2014-10-14T16:31:00.000Z", "2014-10-14T18:38:00.000Z"], "wnes_geometry": {"westBoundingCoordinate": -82.55, "eastBoundingCoordinate": -64.5, "northBoundingCoordinate": 31.974, "southBoundingCoordinate": 22.758}, "sizeMB": 0.01, "format": "Not Provided"}, "hs3fltrep_20141015-1830_20141015-2330_WB-57_928.tar": {"temporal": ["2014-10-15T18:30:00.000Z", "2014-10-15T23:30:00.000Z"], "wnes_geometry": {"westBoundingCoordinate": -82.55, "eastBoundingCoordinate": -64.5, "northBoundingCoordinate": 31.974, "southBoundingCoordinate": 22.758}, "sizeMB": 3.68, "format": "Not Provided"}, "hs3fltrep_20141016-1517_20141016-2047_WB-57_928.tar": {"temporal": ["2014-10-16T15:17:00.000Z", "2014-10-16T20:47:00.000Z"], "wnes_geometry": {"westBoundingCoordinate": -82.55, "eastBoundingCoordinate": -64.5, "northBoundingCoordinate": 31.974, "southBoundingCoordinate": 22.758}, "sizeMB": 5.11, "format": "Not Provided"}, "hs3fltrep_20141017-1140_20141017-1707_WB-57_928.tar": {"temporal": ["2014-10-17T11:40:00.000Z", "2014-10-17T17:07:00.000Z"], "wnes_geometry": {"westBoundingCoordinate": -82.55, "eastBoundingCoordinate": -64.5, "northBoundingCoordinate": 31.974, "southBoundingCoordinate": 22.758}, "sizeMB": 5.96, "format": "Not Provided"}, "hs3fltrep_20141018-1300_20141018-1515_WB-57_928.pdf": {"temporal": ["2014-10-18T13:00:00.000Z", "2014-10-18T15:15:00.000Z"], "wnes_geometry": {"westBoundingCoordinate": -82.55, "eastBoundingCoordinate": -64.5, "northBoundingCoordinate": 31.974, "southBoundingCoordinate": 22.758}, "sizeMB": 0.01, "format": "Not Provided"}, "hs3fltrep_20141113-1730_20141113-1940_WB-57_928.pdf": {"temporal": ["2014-11-13T17:30:00.000Z", "2014-11-13T19:40:00.000Z"], "wnes_geometry": {"westBoundingCoordinate": -82.55, "eastBoundingCoordinate": -64.5, "northBoundingCoordinate": 31.974, "southBoundingCoordinate": 22.758}, "sizeMB": 0.01, "format": "Not Provided"}, "hs3fltrep_20141114-1722_20141114-1942_WB-57_928.pdf": {"temporal": ["2014-11-14T17:22:00.000Z", "2014-11-14T19:42:00.000Z"], "wnes_geometry": {"westBoundingCoordinate": -82.55, "eastBoundingCoordinate": -64.5, "northBoundingCoordinate": 31.974, "southBoundingCoordinate": 22.758}, "sizeMB": 0.01, "format": "Not Provided"}, "hs3fltrep_20141120-2000_20141120-2305_WB-57_928.pdf": {"temporal": ["2014-11-20T20:00:00.000Z", "2014-11-20T23:05:00.000Z"], "wnes_geometry": {"westBoundingCoordinate": -82.55, "eastBoundingCoordinate": -64.5, "northBoundingCoordinate": 31.974, "southBoundingCoordinate": 22.758}, "sizeMB": 0.01, "format": "Not Provided"}}