{"HS3_HIWRAP_20130915_kainnerchirp_183446-191457_v02.nc": {"temporal": ["2013-09-15T18:34:46.000Z", "2013-09-15T19:15:40.000Z"], "wnes_geometry": {"westBoundingCoordinate": -96.609, "eastBoundingCoordinate": -93.185, "northBoundingCoordinate": 23.681, "southBoundingCoordinate": 22.997}, "sizeMB": 1033.3, "format": "NETCDF-4"}, "HS3_HIWRAP_20130915_kaouterchirp_183446-191457_v02.nc": {"temporal": ["2013-09-15T18:34:46.000Z", "2013-09-15T19:15:40.000Z"], "wnes_geometry": {"westBoundingCoordinate": -96.609, "eastBoundingCoordinate": -93.185, "northBoundingCoordinate": 23.681, "southBoundingCoordinate": 22.997}, "sizeMB": 987.38, "format": "NETCDF-4"}, "HS3_HIWRAP_20130915_kuinnerchirp_183529-191453_v02.nc": {"temporal": ["2013-09-15T18:35:29.000Z", "2013-09-15T19:15:36.000Z"], "wnes_geometry": {"westBoundingCoordinate": -96.608, "eastBoundingCoordinate": -93.254, "northBoundingCoordinate": 23.681, "southBoundingCoordinate": 23.011}, "sizeMB": 902.49, "format": "NETCDF-4"}, "HS3_HIWRAP_20130915_kuouterchirp_183529-191453_v02.nc": {"temporal": ["2013-09-15T18:35:29.000Z", "2013-09-15T19:15:36.000Z"], "wnes_geometry": {"westBoundingCoordinate": -96.608, "eastBoundingCoordinate": -93.254, "northBoundingCoordinate": 23.681, "southBoundingCoordinate": 23.011}, "sizeMB": 993.62, "format": "NETCDF-4"}, "HS3_HIWRAP_20130915_kuinnerchirp_195539-202947_v02.nc": {"temporal": ["2013-09-15T19:55:39.000Z", "2013-09-15T20:30:29.000Z"], "wnes_geometry": {"westBoundingCoordinate": -94.9, "eastBoundingCoordinate": -93.662, "northBoundingCoordinate": 23.357, "southBoundingCoordinate": 21.198}, "sizeMB": 1023.5, "format": "NETCDF-4"}, "HS3_HIWRAP_20130915_kuouterchirp_195539-202947_v02.nc": {"temporal": ["2013-09-15T19:55:39.000Z", "2013-09-15T20:30:29.000Z"], "wnes_geometry": {"westBoundingCoordinate": -94.9, "eastBoundingCoordinate": -93.662, "northBoundingCoordinate": 23.357, "southBoundingCoordinate": 21.198}, "sizeMB": 847.46, "format": "NETCDF-4"}, "HS3_HIWRAP_20130915_kainnerchirp_195621-203046_v02.nc": {"temporal": ["2013-09-15T19:56:21.000Z", "2013-09-15T20:31:29.000Z"], "wnes_geometry": {"westBoundingCoordinate": -94.943, "eastBoundingCoordinate": -93.662, "northBoundingCoordinate": 23.357, "southBoundingCoordinate": 21.226}, "sizeMB": 1054.79, "format": "NETCDF-4"}, "HS3_HIWRAP_20130915_kaouterchirp_195621-203046_v02.nc": {"temporal": ["2013-09-15T19:56:21.000Z", "2013-09-15T20:31:29.000Z"], "wnes_geometry": {"westBoundingCoordinate": -94.943, "eastBoundingCoordinate": -93.662, "northBoundingCoordinate": 23.357, "southBoundingCoordinate": 21.226}, "sizeMB": 1032.39, "format": "NETCDF-4"}, "HS3_HIWRAP_20130915_kuouterchirp_202904-202947_v02.nc": {"temporal": ["2013-09-15T20:29:04.000Z", "2013-09-15T20:30:29.000Z"], "wnes_geometry": {"westBoundingCoordinate": -94.9, "eastBoundingCoordinate": -94.771, "northBoundingCoordinate": 23.357, "southBoundingCoordinate": 23.317}, "sizeMB": 39.41, "format": "NETCDF-4"}, "HS3_HIWRAP_20130915_kuinnerchirp_202904-202947_v02.nc": {"temporal": ["2013-09-15T20:29:04.000Z", "2013-09-15T20:30:29.000Z"], "wnes_geometry": {"westBoundingCoordinate": -94.9, "eastBoundingCoordinate": -94.771, "northBoundingCoordinate": 23.357, "southBoundingCoordinate": 23.317}, "sizeMB": 41.22, "format": "NETCDF-4"}, "HS3_HIWRAP_20130915_kaouterchirp_202920-205804_v02.nc": {"temporal": ["2013-09-15T20:29:20.000Z", "2013-09-15T20:58:47.000Z"], "wnes_geometry": {"westBoundingCoordinate": -95.882, "eastBoundingCoordinate": -94.796, "northBoundingCoordinate": 23.357, "southBoundingCoordinate": 21.02}, "sizeMB": 676.87, "format": "NETCDF-4"}, "HS3_HIWRAP_20130915_kainnerchirp_202920-205804_v02.nc": {"temporal": ["2013-09-15T20:29:20.000Z", "2013-09-15T20:58:47.000Z"], "wnes_geometry": {"westBoundingCoordinate": -95.882, "eastBoundingCoordinate": -94.796, "northBoundingCoordinate": 23.357, "southBoundingCoordinate": 21.02}, "sizeMB": 727.71, "format": "NETCDF-4"}, "HS3_HIWRAP_20130925_kainnerchirp_185904-191608_v03.nc": {"temporal": ["2013-09-22T09:33:58.000Z", "2013-09-25T19:16:52.000Z"], "wnes_geometry": {"westBoundingCoordinate": -75.329, "eastBoundingCoordinate": -73.588, "northBoundingCoordinate": 29.242, "southBoundingCoordinate": 28.957}, "sizeMB": 424.14, "format": "NETCDF-4"}, "HS3_HIWRAP_20130925_kaouterchirp_185904-191608_v03.nc": {"temporal": ["2013-09-22T09:33:58.000Z", "2013-09-25T19:16:52.000Z"], "wnes_geometry": {"westBoundingCoordinate": -75.329, "eastBoundingCoordinate": -73.588, "northBoundingCoordinate": 29.242, "southBoundingCoordinate": 28.957}, "sizeMB": 406.39, "format": "NETCDF-4"}, "HS3_HIWRAP_20130925_kaouterchirp_145913-151909_v03.nc": {"temporal": ["2013-09-25T14:59:13.000Z", "2013-09-25T15:19:53.000Z"], "wnes_geometry": {"westBoundingCoordinate": -76.403, "eastBoundingCoordinate": -74.81, "northBoundingCoordinate": 30.632, "southBoundingCoordinate": 29.964}, "sizeMB": 404.61, "format": "NETCDF-4"}, "HS3_HIWRAP_20130925_kainnerchirp_145913-151909_v03.nc": {"temporal": ["2013-09-25T14:59:13.000Z", "2013-09-25T15:19:53.000Z"], "wnes_geometry": {"westBoundingCoordinate": -76.403, "eastBoundingCoordinate": -74.81, "northBoundingCoordinate": 30.632, "southBoundingCoordinate": 29.964}, "sizeMB": 391.05, "format": "NETCDF-4"}, "HS3_HIWRAP_20130925_kuinnerchirp_145915-151830_v03.nc": {"temporal": ["2013-09-25T14:59:15.000Z", "2013-09-25T15:19:13.000Z"], "wnes_geometry": {"westBoundingCoordinate": -76.341, "eastBoundingCoordinate": -74.813, "northBoundingCoordinate": 30.632, "southBoundingCoordinate": 29.964}, "sizeMB": 376.72, "format": "NETCDF-4"}, "HS3_HIWRAP_20130925_kuouterchirp_145915-151830_v03.nc": {"temporal": ["2013-09-25T14:59:15.000Z", "2013-09-25T15:19:13.000Z"], "wnes_geometry": {"westBoundingCoordinate": -76.341, "eastBoundingCoordinate": -74.813, "northBoundingCoordinate": 30.632, "southBoundingCoordinate": 29.964}, "sizeMB": 418.24, "format": "NETCDF-4"}, "HS3_HIWRAP_20130925_kainnerchirp_153517-161548_v03.nc": {"temporal": ["2013-09-25T15:35:17.000Z", "2013-09-25T16:16:32.000Z"], "wnes_geometry": {"westBoundingCoordinate": -76.665, "eastBoundingCoordinate": -74.842, "northBoundingCoordinate": 31.613, "southBoundingCoordinate": 30.288}, "sizeMB": 912.04, "format": "NETCDF-4"}, "HS3_HIWRAP_20130925_kaouterchirp_153517-161548_v03.nc": {"temporal": ["2013-09-25T15:35:17.000Z", "2013-09-25T16:16:32.000Z"], "wnes_geometry": {"westBoundingCoordinate": -76.665, "eastBoundingCoordinate": -74.842, "northBoundingCoordinate": 31.613, "southBoundingCoordinate": 30.288}, "sizeMB": 932.31, "format": "NETCDF-4"}, "HS3_HIWRAP_20130925_kuouterchirp_153520-161550_v03.nc": {"temporal": ["2013-09-25T15:35:20.000Z", "2013-09-25T16:16:33.000Z"], "wnes_geometry": {"westBoundingCoordinate": -76.662, "eastBoundingCoordinate": -74.842, "northBoundingCoordinate": 31.613, "southBoundingCoordinate": 30.293}, "sizeMB": 947.62, "format": "NETCDF-4"}, "HS3_HIWRAP_20130925_kuinnerchirp_153520-161550_v03.nc": {"temporal": ["2013-09-25T15:35:20.000Z", "2013-09-25T16:16:33.000Z"], "wnes_geometry": {"westBoundingCoordinate": -76.662, "eastBoundingCoordinate": -74.842, "northBoundingCoordinate": 31.613, "southBoundingCoordinate": 30.293}, "sizeMB": 824.45, "format": "NETCDF-4"}, "HS3_HIWRAP_20130925_kaouterchirp_164356-170052_v03.nc": {"temporal": ["2013-09-25T16:43:56.000Z", "2013-09-25T17:01:36.000Z"], "wnes_geometry": {"westBoundingCoordinate": -76.18, "eastBoundingCoordinate": -75.147, "northBoundingCoordinate": 29.797, "southBoundingCoordinate": 29.527}, "sizeMB": 487.13, "format": "NETCDF-4"}, "HS3_HIWRAP_20130925_kainnerchirp_164356-170052_v03.nc": {"temporal": ["2013-09-25T16:43:56.000Z", "2013-09-25T17:01:36.000Z"], "wnes_geometry": {"westBoundingCoordinate": -76.18, "eastBoundingCoordinate": -75.147, "northBoundingCoordinate": 29.797, "southBoundingCoordinate": 29.527}, "sizeMB": 484.11, "format": "NETCDF-4"}, "HS3_HIWRAP_20130925_kuinnerchirp_164357-170053_v03.nc": {"temporal": ["2013-09-25T16:43:57.000Z", "2013-09-25T17:01:37.000Z"], "wnes_geometry": {"westBoundingCoordinate": -76.178, "eastBoundingCoordinate": -75.147, "northBoundingCoordinate": 29.797, "southBoundingCoordinate": 29.527}, "sizeMB": 426.34, "format": "NETCDF-4"}, "HS3_HIWRAP_20130925_kuouterchirp_164357-170053_v03.nc": {"temporal": ["2013-09-25T16:43:57.000Z", "2013-09-25T17:01:37.000Z"], "wnes_geometry": {"westBoundingCoordinate": -76.178, "eastBoundingCoordinate": -75.147, "northBoundingCoordinate": 29.797, "southBoundingCoordinate": 29.527}, "sizeMB": 473.07, "format": "NETCDF-4"}, "HS3_HIWRAP_20130925_kainnerchirp_172430-180033_v03.nc": {"temporal": ["2013-09-25T17:24:30.000Z", "2013-09-25T18:01:17.000Z"], "wnes_geometry": {"westBoundingCoordinate": -76.197, "eastBoundingCoordinate": -72.974, "northBoundingCoordinate": 29.865, "southBoundingCoordinate": 29.4}, "sizeMB": 803.39, "format": "NETCDF-4"}, "HS3_HIWRAP_20130925_kaouterchirp_172430-180033_v03.nc": {"temporal": ["2013-09-25T17:24:30.000Z", "2013-09-25T18:01:17.000Z"], "wnes_geometry": {"westBoundingCoordinate": -76.197, "eastBoundingCoordinate": -72.974, "northBoundingCoordinate": 29.865, "southBoundingCoordinate": 29.4}, "sizeMB": 796.98, "format": "NETCDF-4"}, "HS3_HIWRAP_20130925_kuouterchirp_172432-180029_v03.nc": {"temporal": ["2013-09-25T17:24:32.000Z", "2013-09-25T18:01:14.000Z"], "wnes_geometry": {"westBoundingCoordinate": -76.193, "eastBoundingCoordinate": -72.974, "northBoundingCoordinate": 29.86, "southBoundingCoordinate": 29.4}, "sizeMB": 799.16, "format": "NETCDF-4"}, "HS3_HIWRAP_20130925_kuinnerchirp_172432-180029_v03.nc": {"temporal": ["2013-09-25T17:24:32.000Z", "2013-09-25T18:01:14.000Z"], "wnes_geometry": {"westBoundingCoordinate": -76.193, "eastBoundingCoordinate": -72.974, "northBoundingCoordinate": 29.86, "southBoundingCoordinate": 29.4}, "sizeMB": 749.22, "format": "NETCDF-4"}, "HS3_HIWRAP_20130925_kuinnerchirp_175902-183052_v03.nc": {"temporal": ["2013-09-25T17:59:02.000Z", "2013-09-25T18:31:36.000Z"], "wnes_geometry": {"westBoundingCoordinate": -73.233, "eastBoundingCoordinate": -72.363, "northBoundingCoordinate": 29.939, "southBoundingCoordinate": 28.341}, "sizeMB": 604.63, "format": "NETCDF-4"}, "HS3_HIWRAP_20130925_kuouterchirp_175902-183052_v03.nc": {"temporal": ["2013-09-25T17:59:02.000Z", "2013-09-25T18:31:36.000Z"], "wnes_geometry": {"westBoundingCoordinate": -73.233, "eastBoundingCoordinate": -72.363, "northBoundingCoordinate": 29.939, "southBoundingCoordinate": 28.341}, "sizeMB": 687.33, "format": "NETCDF-4"}, "HS3_HIWRAP_20130925_kaouterchirp_175905-183056_v03.nc": {"temporal": ["2013-09-25T17:59:05.000Z", "2013-09-25T18:31:39.000Z"], "wnes_geometry": {"westBoundingCoordinate": -73.233, "eastBoundingCoordinate": -72.357, "northBoundingCoordinate": 29.939, "southBoundingCoordinate": 28.341}, "sizeMB": 776.49, "format": "NETCDF-4"}, "HS3_HIWRAP_20130925_kainnerchirp_175905-183056_v03.nc": {"temporal": ["2013-09-25T17:59:05.000Z", "2013-09-25T18:31:39.000Z"], "wnes_geometry": {"westBoundingCoordinate": -73.233, "eastBoundingCoordinate": -72.357, "northBoundingCoordinate": 29.939, "southBoundingCoordinate": 28.341}, "sizeMB": 760.75, "format": "NETCDF-4"}, "HS3_HIWRAP_20130925_kuouterchirp_182922-185431_v03.nc": {"temporal": ["2013-09-25T18:29:22.000Z", "2013-09-25T18:55:18.000Z"], "wnes_geometry": {"westBoundingCoordinate": -73.241, "eastBoundingCoordinate": -71.67, "northBoundingCoordinate": 28.821, "southBoundingCoordinate": 28.537}, "sizeMB": 639.25, "format": "NETCDF-4"}, "HS3_HIWRAP_20130925_kuinnerchirp_182922-185431_v03.nc": {"temporal": ["2013-09-25T18:29:22.000Z", "2013-09-25T18:55:18.000Z"], "wnes_geometry": {"westBoundingCoordinate": -73.241, "eastBoundingCoordinate": -71.67, "northBoundingCoordinate": 28.821, "southBoundingCoordinate": 28.537}, "sizeMB": 583.81, "format": "NETCDF-4"}, "HS3_HIWRAP_20130925_kaouterchirp_182926-185438_v03.nc": {"temporal": ["2013-09-25T18:29:26.000Z", "2013-09-25T18:55:25.000Z"], "wnes_geometry": {"westBoundingCoordinate": -73.251, "eastBoundingCoordinate": -71.67, "northBoundingCoordinate": 28.825, "southBoundingCoordinate": 28.537}, "sizeMB": 680.29, "format": "NETCDF-4"}, "HS3_HIWRAP_20130925_kainnerchirp_182926-185438_v03.nc": {"temporal": ["2013-09-25T18:29:26.000Z", "2013-09-25T18:55:25.000Z"], "wnes_geometry": {"westBoundingCoordinate": -73.251, "eastBoundingCoordinate": -71.67, "northBoundingCoordinate": 28.825, "southBoundingCoordinate": 28.537}, "sizeMB": 674.96, "format": "NETCDF-4"}, "HS3_HIWRAP_20130925_kuinnerchirp_185856-191558_v03.nc": {"temporal": ["2013-09-25T18:58:56.000Z", "2013-09-25T19:16:42.000Z"], "wnes_geometry": {"westBoundingCoordinate": -75.311, "eastBoundingCoordinate": -73.576, "northBoundingCoordinate": 29.242, "southBoundingCoordinate": 28.953}, "sizeMB": 414.29, "format": "NETCDF-4"}, "HS3_HIWRAP_20130925_kuouterchirp_185856-191558_v03.nc": {"temporal": ["2013-09-25T18:58:56.000Z", "2013-09-25T19:16:42.000Z"], "wnes_geometry": {"westBoundingCoordinate": -75.311, "eastBoundingCoordinate": -73.576, "northBoundingCoordinate": 29.242, "southBoundingCoordinate": 28.953}, "sizeMB": 438.99, "format": "NETCDF-4"}, "HS3_HIWRAP_20141015_kuouter_192918-193905.nc": {"temporal": ["2014-10-15T19:29:02.000Z", "2014-10-15T19:41:16.000Z"], "wnes_geometry": {"westBoundingCoordinate": -75.828, "eastBoundingCoordinate": -74.341, "northBoundingCoordinate": 26.02, "southBoundingCoordinate": 25.546}, "sizeMB": 159.95, "format": "NETCDF-4"}, "HS3_HIWRAP_20141015_kaouter_192918-193905.nc": {"temporal": ["2014-10-15T19:29:02.000Z", "2014-10-15T19:41:16.000Z"], "wnes_geometry": {"westBoundingCoordinate": -75.828, "eastBoundingCoordinate": -74.341, "northBoundingCoordinate": 26.02, "southBoundingCoordinate": 25.546}, "sizeMB": 145.79, "format": "NETCDF-4"}, "HS3_HIWRAP_20141015_kainner_192924-193913.nc": {"temporal": ["2014-10-15T19:29:08.000Z", "2014-10-15T19:41:24.000Z"], "wnes_geometry": {"westBoundingCoordinate": -75.816, "eastBoundingCoordinate": -74.325, "northBoundingCoordinate": 26.016, "southBoundingCoordinate": 25.541}, "sizeMB": 134.67, "format": "NETCDF-4"}, "HS3_HIWRAP_20141015_kuinner_192924-193913.nc": {"temporal": ["2014-10-15T19:29:08.000Z", "2014-10-15T19:41:24.000Z"], "wnes_geometry": {"westBoundingCoordinate": -75.816, "eastBoundingCoordinate": -74.325, "northBoundingCoordinate": 26.016, "southBoundingCoordinate": 25.541}, "sizeMB": 152.39, "format": "NETCDF-4"}, "HS3_HIWRAP_20141015_kaouter_193412-195839.nc": {"temporal": ["2014-10-15T19:33:56.000Z", "2014-10-15T20:00:49.000Z"], "wnes_geometry": {"westBoundingCoordinate": -75.233, "eastBoundingCoordinate": -71.953, "northBoundingCoordinate": 25.833, "southBoundingCoordinate": 24.747}, "sizeMB": 323.11, "format": "NETCDF-4"}, "HS3_HIWRAP_20141015_kuouter_193412-195839.nc": {"temporal": ["2014-10-15T19:33:56.000Z", "2014-10-15T20:00:49.000Z"], "wnes_geometry": {"westBoundingCoordinate": -75.233, "eastBoundingCoordinate": -71.953, "northBoundingCoordinate": 25.833, "southBoundingCoordinate": 24.747}, "sizeMB": 356, "format": "NETCDF-4"}, "HS3_HIWRAP_20141015_kainner_193418-195848.nc": {"temporal": ["2014-10-15T19:34:02.000Z", "2014-10-15T20:00:59.000Z"], "wnes_geometry": {"westBoundingCoordinate": -75.22, "eastBoundingCoordinate": -71.933, "northBoundingCoordinate": 25.829, "southBoundingCoordinate": 24.74}, "sizeMB": 295.14, "format": "NETCDF-4"}, "HS3_HIWRAP_20141015_kuinner_193418-195848.nc": {"temporal": ["2014-10-15T19:34:02.000Z", "2014-10-15T20:00:59.000Z"], "wnes_geometry": {"westBoundingCoordinate": -75.22, "eastBoundingCoordinate": -71.933, "northBoundingCoordinate": 25.829, "southBoundingCoordinate": 24.74}, "sizeMB": 331.26, "format": "NETCDF-4"}, "HS3_HIWRAP_20141015_kuouter_201545-202759.nc": {"temporal": ["2014-10-15T20:15:29.000Z", "2014-10-15T20:30:09.000Z"], "wnes_geometry": {"westBoundingCoordinate": -70.186, "eastBoundingCoordinate": -68.698, "northBoundingCoordinate": 24.134, "southBoundingCoordinate": 23.372}, "sizeMB": 213.01, "format": "NETCDF-4"}, "HS3_HIWRAP_20141015_kaouter_201545-202759.nc": {"temporal": ["2014-10-15T20:15:29.000Z", "2014-10-15T20:30:09.000Z"], "wnes_geometry": {"westBoundingCoordinate": -70.186, "eastBoundingCoordinate": -68.698, "northBoundingCoordinate": 24.134, "southBoundingCoordinate": 23.372}, "sizeMB": 225.18, "format": "NETCDF-4"}, "HS3_HIWRAP_20141015_kuinner_201557-202811.nc": {"temporal": ["2014-10-15T20:15:41.000Z", "2014-10-15T20:30:22.000Z"], "wnes_geometry": {"westBoundingCoordinate": -70.163, "eastBoundingCoordinate": -68.683, "northBoundingCoordinate": 24.126, "southBoundingCoordinate": 23.372}, "sizeMB": 197.4, "format": "NETCDF-4"}, "HS3_HIWRAP_20141015_kainner_201557-202811.nc": {"temporal": ["2014-10-15T20:15:41.000Z", "2014-10-15T20:30:22.000Z"], "wnes_geometry": {"westBoundingCoordinate": -70.163, "eastBoundingCoordinate": -68.683, "northBoundingCoordinate": 24.126, "southBoundingCoordinate": 23.372}, "sizeMB": 199.05, "format": "NETCDF-4"}, "HS3_HIWRAP_20141015_kaouter_202532-204505.nc": {"temporal": ["2014-10-15T20:25:16.000Z", "2014-10-15T20:47:16.000Z"], "wnes_geometry": {"westBoundingCoordinate": -69.143, "eastBoundingCoordinate": -67.51, "northBoundingCoordinate": 24.815, "southBoundingCoordinate": 23.372}, "sizeMB": 420.65, "format": "NETCDF-4"}, "HS3_HIWRAP_20141015_kuouter_202532-204505.nc": {"temporal": ["2014-10-15T20:25:16.000Z", "2014-10-15T20:47:16.000Z"], "wnes_geometry": {"westBoundingCoordinate": -69.143, "eastBoundingCoordinate": -67.51, "northBoundingCoordinate": 24.815, "southBoundingCoordinate": 23.372}, "sizeMB": 384.62, "format": "NETCDF-4"}, "HS3_HIWRAP_20141015_kainner_202544-204519.nc": {"temporal": ["2014-10-15T20:25:28.000Z", "2014-10-15T20:47:30.000Z"], "wnes_geometry": {"westBoundingCoordinate": -69.122, "eastBoundingCoordinate": -67.497, "northBoundingCoordinate": 24.815, "southBoundingCoordinate": 23.372}, "sizeMB": 375.24, "format": "NETCDF-4"}, "HS3_HIWRAP_20141015_kuinner_202544-204519.nc": {"temporal": ["2014-10-15T20:25:28.000Z", "2014-10-15T20:47:30.000Z"], "wnes_geometry": {"westBoundingCoordinate": -69.122, "eastBoundingCoordinate": -67.497, "northBoundingCoordinate": 24.815, "southBoundingCoordinate": 23.372}, "sizeMB": 358.82, "format": "NETCDF-4"}, "HS3_HIWRAP_20141015_kaouter_204239-205945.nc": {"temporal": ["2014-10-15T20:42:23.000Z", "2014-10-15T21:01:56.000Z"], "wnes_geometry": {"westBoundingCoordinate": -67.87, "eastBoundingCoordinate": -66.883, "northBoundingCoordinate": 24.815, "southBoundingCoordinate": 23.258}, "sizeMB": 374.03, "format": "NETCDF-4"}, "HS3_HIWRAP_20141015_kuouter_204239-205945.nc": {"temporal": ["2014-10-15T20:42:23.000Z", "2014-10-15T21:01:56.000Z"], "wnes_geometry": {"westBoundingCoordinate": -67.87, "eastBoundingCoordinate": -66.883, "northBoundingCoordinate": 24.815, "southBoundingCoordinate": 23.258}, "sizeMB": 335.61, "format": "NETCDF-4"}, "HS3_HIWRAP_20141015_kuinner_204253-210001.nc": {"temporal": ["2014-10-15T20:42:37.000Z", "2014-10-15T21:02:12.000Z"], "wnes_geometry": {"westBoundingCoordinate": -67.846, "eastBoundingCoordinate": -66.883, "northBoundingCoordinate": 24.815, "southBoundingCoordinate": 23.258}, "sizeMB": 310.77, "format": "NETCDF-4"}, "HS3_HIWRAP_20141015_kainner_204253-210001.nc": {"temporal": ["2014-10-15T20:42:37.000Z", "2014-10-15T21:02:12.000Z"], "wnes_geometry": {"westBoundingCoordinate": -67.846, "eastBoundingCoordinate": -66.883, "northBoundingCoordinate": 24.815, "southBoundingCoordinate": 23.258}, "sizeMB": 329.06, "format": "NETCDF-4"}, "HS3_HIWRAP_20141015_kuouter_205945-212412.nc": {"temporal": ["2014-10-15T20:59:29.000Z", "2014-10-15T21:24:46.000Z"], "wnes_geometry": {"westBoundingCoordinate": -69.823, "eastBoundingCoordinate": -67.071, "northBoundingCoordinate": 24.93, "southBoundingCoordinate": 23.299}, "sizeMB": 437.2, "format": "NETCDF-4"}, "HS3_HIWRAP_20141015_kaouter_205945-212412.nc": {"temporal": ["2014-10-15T20:59:29.000Z", "2014-10-15T21:24:46.000Z"], "wnes_geometry": {"westBoundingCoordinate": -69.823, "eastBoundingCoordinate": -67.071, "northBoundingCoordinate": 24.93, "southBoundingCoordinate": 23.299}, "sizeMB": 460.94, "format": "NETCDF-4"}, "HS3_HIWRAP_20141015_kainner_210001-212430.nc": {"temporal": ["2014-10-15T20:59:45.000Z", "2014-10-15T21:24:46.000Z"], "wnes_geometry": {"westBoundingCoordinate": -69.823, "eastBoundingCoordinate": -67.1, "northBoundingCoordinate": 24.93, "southBoundingCoordinate": 23.313}, "sizeMB": 409.44, "format": "NETCDF-4"}, "HS3_HIWRAP_20141015_kuinner_210001-212430.nc": {"temporal": ["2014-10-15T20:59:45.000Z", "2014-10-15T21:24:46.000Z"], "wnes_geometry": {"westBoundingCoordinate": -69.823, "eastBoundingCoordinate": -67.1, "northBoundingCoordinate": 24.93, "southBoundingCoordinate": 23.313}, "sizeMB": 397.47, "format": "NETCDF-4"}, "HS3_HIWRAP_20141016_kaouter_165824-172031.nc": {"temporal": ["2014-10-16T16:58:08.000Z", "2014-10-16T17:22:44.000Z"], "wnes_geometry": {"westBoundingCoordinate": -70.234, "eastBoundingCoordinate": -67.415, "northBoundingCoordinate": 26.684, "southBoundingCoordinate": 26.162}, "sizeMB": 486.19, "format": "NETCDF-4"}, "HS3_HIWRAP_20141016_kuouter_165824-172031.nc": {"temporal": ["2014-10-16T16:58:08.000Z", "2014-10-16T17:22:44.000Z"], "wnes_geometry": {"westBoundingCoordinate": -70.234, "eastBoundingCoordinate": -67.415, "northBoundingCoordinate": 26.684, "southBoundingCoordinate": 26.162}, "sizeMB": 469.25, "format": "NETCDF-4"}, "HS3_HIWRAP_20141016_kainner_165835-172043.nc": {"temporal": ["2014-10-16T16:58:19.000Z", "2014-10-16T17:22:56.000Z"], "wnes_geometry": {"westBoundingCoordinate": -70.211, "eastBoundingCoordinate": -67.404, "northBoundingCoordinate": 26.694, "southBoundingCoordinate": 26.162}, "sizeMB": 444.8, "format": "NETCDF-4"}, "HS3_HIWRAP_20141016_kuinner_165835-172043.nc": {"temporal": ["2014-10-16T16:58:19.000Z", "2014-10-16T17:22:56.000Z"], "wnes_geometry": {"westBoundingCoordinate": -70.211, "eastBoundingCoordinate": -67.404, "northBoundingCoordinate": 26.694, "southBoundingCoordinate": 26.162}, "sizeMB": 436.56, "format": "NETCDF-4"}, "HS3_HIWRAP_20141016_kainner_173311-174942.nc": {"temporal": ["2014-10-16T17:32:55.000Z", "2014-10-16T17:51:53.000Z"], "wnes_geometry": {"westBoundingCoordinate": -67.896, "eastBoundingCoordinate": -66.851, "northBoundingCoordinate": 28.266, "southBoundingCoordinate": 27.184}, "sizeMB": 194.1, "format": "NETCDF-4"}, "HS3_HIWRAP_20141016_kuinner_173311-174942.nc": {"temporal": ["2014-10-16T17:32:55.000Z", "2014-10-16T17:51:53.000Z"], "wnes_geometry": {"westBoundingCoordinate": -67.896, "eastBoundingCoordinate": -66.851, "northBoundingCoordinate": 28.266, "southBoundingCoordinate": 27.184}, "sizeMB": 182.61, "format": "NETCDF-4"}, "HS3_HIWRAP_20141016_kaouter_174222-174942.nc": {"temporal": ["2014-10-16T17:42:06.000Z", "2014-10-16T17:51:53.000Z"], "wnes_geometry": {"westBoundingCoordinate": -67.896, "eastBoundingCoordinate": -67.285, "northBoundingCoordinate": 28.266, "southBoundingCoordinate": 27.717}, "sizeMB": 195.1, "format": "NETCDF-4"}, "HS3_HIWRAP_20141016_kuouter_174222-174942.nc": {"temporal": ["2014-10-16T17:42:06.000Z", "2014-10-16T17:51:53.000Z"], "wnes_geometry": {"westBoundingCoordinate": -67.896, "eastBoundingCoordinate": -67.285, "northBoundingCoordinate": 28.266, "southBoundingCoordinate": 27.717}, "sizeMB": 180.92, "format": "NETCDF-4"}, "HS3_HIWRAP_20141016_kuouter_174715-181409.nc": {"temporal": ["2014-10-16T17:46:59.000Z", "2014-10-16T18:16:20.000Z"], "wnes_geometry": {"westBoundingCoordinate": -68.64, "eastBoundingCoordinate": -67.755, "northBoundingCoordinate": 28.253, "southBoundingCoordinate": 25.536}, "sizeMB": 537.64, "format": "NETCDF-4"}, "HS3_HIWRAP_20141016_kaouter_174715-181409.nc": {"temporal": ["2014-10-16T17:46:59.000Z", "2014-10-16T18:16:20.000Z"], "wnes_geometry": {"westBoundingCoordinate": -68.64, "eastBoundingCoordinate": -67.755, "northBoundingCoordinate": 28.253, "southBoundingCoordinate": 25.536}, "sizeMB": 555.16, "format": "NETCDF-4"}, "HS3_HIWRAP_20141016_kuinner_174715-181411.nc": {"temporal": ["2014-10-16T17:46:59.000Z", "2014-10-16T18:16:22.000Z"], "wnes_geometry": {"westBoundingCoordinate": -68.64, "eastBoundingCoordinate": -67.755, "northBoundingCoordinate": 28.253, "southBoundingCoordinate": 25.536}, "sizeMB": 493.4, "format": "NETCDF-4"}, "HS3_HIWRAP_20141016_kainner_174715-181411.nc": {"temporal": ["2014-10-16T17:46:59.000Z", "2014-10-16T18:16:22.000Z"], "wnes_geometry": {"westBoundingCoordinate": -68.64, "eastBoundingCoordinate": -67.755, "northBoundingCoordinate": 28.253, "southBoundingCoordinate": 25.536}, "sizeMB": 488.4, "format": "NETCDF-4"}, "HS3_HIWRAP_20141016_kuouter_180915-181902.nc": {"temporal": ["2014-10-16T18:08:59.000Z", "2014-10-16T18:21:13.000Z"], "wnes_geometry": {"westBoundingCoordinate": -68.64, "eastBoundingCoordinate": -67.85, "northBoundingCoordinate": 26.035, "southBoundingCoordinate": 25.536}, "sizeMB": 219.08, "format": "NETCDF-4"}, "HS3_HIWRAP_20141016_kaouter_180915-181902.nc": {"temporal": ["2014-10-16T18:08:59.000Z", "2014-10-16T18:21:13.000Z"], "wnes_geometry": {"westBoundingCoordinate": -68.64, "eastBoundingCoordinate": -67.85, "northBoundingCoordinate": 26.035, "southBoundingCoordinate": 25.536}, "sizeMB": 236.85, "format": "NETCDF-4"}, "HS3_HIWRAP_20141016_kainner_180917-181904.nc": {"temporal": ["2014-10-16T18:09:01.000Z", "2014-10-16T18:21:15.000Z"], "wnes_geometry": {"westBoundingCoordinate": -68.64, "eastBoundingCoordinate": -67.85, "northBoundingCoordinate": 26.039, "southBoundingCoordinate": 25.536}, "sizeMB": 211.23, "format": "NETCDF-4"}, "HS3_HIWRAP_20141016_kuinner_180917-181904.nc": {"temporal": ["2014-10-16T18:09:01.000Z", "2014-10-16T18:21:15.000Z"], "wnes_geometry": {"westBoundingCoordinate": -68.64, "eastBoundingCoordinate": -67.85, "northBoundingCoordinate": 26.039, "southBoundingCoordinate": 25.536}, "sizeMB": 199.26, "format": "NETCDF-4"}, "HS3_HIWRAP_20141016_kuouter_181636-184556.nc": {"temporal": ["2014-10-16T18:16:20.000Z", "2014-10-16T18:48:07.000Z"], "wnes_geometry": {"westBoundingCoordinate": -70.809, "eastBoundingCoordinate": -67.85, "northBoundingCoordinate": 27.96, "southBoundingCoordinate": 25.673}, "sizeMB": 547.56, "format": "NETCDF-4"}, "HS3_HIWRAP_20141016_kaouter_181636-184556.nc": {"temporal": ["2014-10-16T18:16:20.000Z", "2014-10-16T18:48:07.000Z"], "wnes_geometry": {"westBoundingCoordinate": -70.809, "eastBoundingCoordinate": -67.85, "northBoundingCoordinate": 27.96, "southBoundingCoordinate": 25.673}, "sizeMB": 576.85, "format": "NETCDF-4"}, "HS3_HIWRAP_20141016_kuinner_181638-184559.nc": {"temporal": ["2014-10-16T18:16:22.000Z", "2014-10-16T18:48:10.000Z"], "wnes_geometry": {"westBoundingCoordinate": -70.816, "eastBoundingCoordinate": -67.85, "northBoundingCoordinate": 27.96, "southBoundingCoordinate": 25.673}, "sizeMB": 499.29, "format": "NETCDF-4"}, "HS3_HIWRAP_20141016_kainner_181638-184559.nc": {"temporal": ["2014-10-16T18:16:22.000Z", "2014-10-16T18:48:10.000Z"], "wnes_geometry": {"westBoundingCoordinate": -70.816, "eastBoundingCoordinate": -67.85, "northBoundingCoordinate": 27.96, "southBoundingCoordinate": 25.673}, "sizeMB": 519.3, "format": "NETCDF-4"}, "HS3_HIWRAP_20141017_kaouter_135242-141937.nc": {"temporal": ["2014-10-17T13:52:26.000Z", "2014-10-17T14:21:47.000Z"], "wnes_geometry": {"westBoundingCoordinate": -66.695, "eastBoundingCoordinate": -65.977, "northBoundingCoordinate": 31.486, "southBoundingCoordinate": 28.705}, "sizeMB": 534.95, "format": "NETCDF-4"}, "HS3_HIWRAP_20141017_kuouter_135242-141937.nc": {"temporal": ["2014-10-17T13:52:26.000Z", "2014-10-17T14:21:47.000Z"], "wnes_geometry": {"westBoundingCoordinate": -66.695, "eastBoundingCoordinate": -65.977, "northBoundingCoordinate": 31.486, "southBoundingCoordinate": 28.705}, "sizeMB": 525.53, "format": "NETCDF-4"}, "HS3_HIWRAP_20141017_kainner_135244-141938.nc": {"temporal": ["2014-10-17T13:52:28.000Z", "2014-10-17T14:21:49.000Z"], "wnes_geometry": {"westBoundingCoordinate": -66.695, "eastBoundingCoordinate": -65.977, "northBoundingCoordinate": 31.486, "southBoundingCoordinate": 28.706}, "sizeMB": 481.64, "format": "NETCDF-4"}, "HS3_HIWRAP_20141017_kuinner_135244-141938.nc": {"temporal": ["2014-10-17T13:52:28.000Z", "2014-10-17T14:21:49.000Z"], "wnes_geometry": {"westBoundingCoordinate": -66.695, "eastBoundingCoordinate": -65.977, "northBoundingCoordinate": 31.486, "southBoundingCoordinate": 28.706}, "sizeMB": 489.82, "format": "NETCDF-4"}, "HS3_HIWRAP_20141017_kaouter_141443-143417.nc": {"temporal": ["2014-10-17T14:14:27.000Z", "2014-10-17T14:36:28.000Z"], "wnes_geometry": {"westBoundingCoordinate": -66.695, "eastBoundingCoordinate": -65.006, "northBoundingCoordinate": 31.486, "southBoundingCoordinate": 30.223}, "sizeMB": 438.33, "format": "NETCDF-4"}, "HS3_HIWRAP_20141017_kuouter_141443-143417.nc": {"temporal": ["2014-10-17T14:14:27.000Z", "2014-10-17T14:36:28.000Z"], "wnes_geometry": {"westBoundingCoordinate": -66.695, "eastBoundingCoordinate": -65.006, "northBoundingCoordinate": 31.486, "southBoundingCoordinate": 30.223}, "sizeMB": 417.82, "format": "NETCDF-4"}, "HS3_HIWRAP_20141017_kuinner_141445-143419.nc": {"temporal": ["2014-10-17T14:14:29.000Z", "2014-10-17T14:36:30.000Z"], "wnes_geometry": {"westBoundingCoordinate": -66.695, "eastBoundingCoordinate": -65.006, "northBoundingCoordinate": 31.486, "southBoundingCoordinate": 30.222}, "sizeMB": 398.56, "format": "NETCDF-4"}, "HS3_HIWRAP_20141017_kainner_141445-143419.nc": {"temporal": ["2014-10-17T14:14:29.000Z", "2014-10-17T14:36:30.000Z"], "wnes_geometry": {"westBoundingCoordinate": -66.695, "eastBoundingCoordinate": -65.006, "northBoundingCoordinate": 31.486, "southBoundingCoordinate": 30.222}, "sizeMB": 380.35, "format": "NETCDF-4"}, "HS3_HIWRAP_20141017_kaouter_142923-145618.nc": {"temporal": ["2014-10-17T14:29:07.000Z", "2014-10-17T14:58:28.000Z"], "wnes_geometry": {"westBoundingCoordinate": -68.546, "eastBoundingCoordinate": -65.006, "northBoundingCoordinate": 30.629, "southBoundingCoordinate": 29.701}, "sizeMB": 496.12, "format": "NETCDF-4"}, "HS3_HIWRAP_20141017_kuouter_142923-145618.nc": {"temporal": ["2014-10-17T14:29:07.000Z", "2014-10-17T14:58:28.000Z"], "wnes_geometry": {"westBoundingCoordinate": -68.546, "eastBoundingCoordinate": -65.006, "northBoundingCoordinate": 30.629, "southBoundingCoordinate": 29.701}, "sizeMB": 478.33, "format": "NETCDF-4"}, "HS3_HIWRAP_20141017_kainner_142926-145620.nc": {"temporal": ["2014-10-17T14:29:10.000Z", "2014-10-17T14:58:31.000Z"], "wnes_geometry": {"westBoundingCoordinate": -68.552, "eastBoundingCoordinate": -65.006, "northBoundingCoordinate": 30.626, "southBoundingCoordinate": 29.7}, "sizeMB": 447.14, "format": "NETCDF-4"}, "HS3_HIWRAP_20141017_kuinner_142926-145620.nc": {"temporal": ["2014-10-17T14:29:10.000Z", "2014-10-17T14:58:31.000Z"], "wnes_geometry": {"westBoundingCoordinate": -68.552, "eastBoundingCoordinate": -65.006, "northBoundingCoordinate": 30.626, "southBoundingCoordinate": 29.7}, "sizeMB": 451.63, "format": "NETCDF-4"}}