{"AE20120828.Leslie.loc.nc": {"temporal": ["2012-08-28T00:00:45.000Z", "2012-08-28T23:59:38.000Z"], "wnes_geometry": {"westBoundingCoordinate": -62.799, "eastBoundingCoordinate": -27.403, "northBoundingCoordinate": 54.663, "southBoundingCoordinate": 12.911}, "sizeMB": 0.88, "format": "Not provided"}, "AE20120828.Leslie.loc": {"temporal": ["2012-08-28T00:00:45.000Z", "2012-08-28T23:59:38.000Z"], "wnes_geometry": {"westBoundingCoordinate": -62.799, "eastBoundingCoordinate": -27.403, "northBoundingCoordinate": 54.663, "southBoundingCoordinate": 12.911}, "sizeMB": 1.84, "format": "Not provided"}, "AE20120829.Leslie.loc": {"temporal": ["2012-08-29T00:00:01.000Z", "2012-08-29T23:59:45.000Z"], "wnes_geometry": {"westBoundingCoordinate": -62.799, "eastBoundingCoordinate": -27.422, "northBoundingCoordinate": 54.934, "southBoundingCoordinate": 12.922}, "sizeMB": 1.06, "format": "Not provided"}, "AE20120829.Leslie.loc.nc": {"temporal": ["2012-08-29T00:00:01.000Z", "2012-08-29T23:59:45.000Z"], "wnes_geometry": {"westBoundingCoordinate": -62.799, "eastBoundingCoordinate": -27.422, "northBoundingCoordinate": 54.934, "southBoundingCoordinate": 12.922}, "sizeMB": 0.51, "format": "Not provided"}, "AE20120830.Leslie.loc": {"temporal": ["2012-08-30T00:00:19.000Z", "2012-08-30T23:59:45.000Z"], "wnes_geometry": {"westBoundingCoordinate": -62.8, "eastBoundingCoordinate": -27.403, "northBoundingCoordinate": 55.315, "southBoundingCoordinate": 13.564}, "sizeMB": 0.52, "format": "Not provided"}, "AE20120830.Leslie.loc.nc": {"temporal": ["2012-08-30T00:00:19.000Z", "2012-08-30T23:59:45.000Z"], "wnes_geometry": {"westBoundingCoordinate": -62.8, "eastBoundingCoordinate": -27.403, "northBoundingCoordinate": 55.315, "southBoundingCoordinate": 13.564}, "sizeMB": 0.26, "format": "Not provided"}, "AE20120831.Leslie.loc": {"temporal": ["2012-08-31T00:00:19.000Z", "2012-08-31T23:59:27.000Z"], "wnes_geometry": {"westBoundingCoordinate": -62.765, "eastBoundingCoordinate": -27.409, "northBoundingCoordinate": 53.023, "southBoundingCoordinate": 13.025}, "sizeMB": 0.63, "format": "Not provided"}, "AE20120831.Leslie.loc.nc": {"temporal": ["2012-08-31T00:00:19.000Z", "2012-08-31T23:59:27.000Z"], "wnes_geometry": {"westBoundingCoordinate": -62.765, "eastBoundingCoordinate": -27.409, "northBoundingCoordinate": 53.023, "southBoundingCoordinate": 13.025}, "sizeMB": 0.31, "format": "Not provided"}, "AE20120901.Leslie.loc.nc": {"temporal": ["2012-09-01T00:00:00.000Z", "2012-09-01T23:59:43.000Z"], "wnes_geometry": {"westBoundingCoordinate": -62.8, "eastBoundingCoordinate": -30.818, "northBoundingCoordinate": 52.7, "southBoundingCoordinate": 13.136}, "sizeMB": 1.48, "format": "Not provided"}, "AE20120901.Leslie.loc": {"temporal": ["2012-09-01T00:00:00.000Z", "2012-09-01T23:59:43.000Z"], "wnes_geometry": {"westBoundingCoordinate": -62.8, "eastBoundingCoordinate": -30.818, "northBoundingCoordinate": 52.7, "southBoundingCoordinate": 13.136}, "sizeMB": 3.07, "format": "Not provided"}, "AE20120902.Leslie.loc": {"temporal": ["2012-09-02T00:00:05.000Z", "2012-09-02T23:59:42.000Z"], "wnes_geometry": {"westBoundingCoordinate": -62.798, "eastBoundingCoordinate": -31.549, "northBoundingCoordinate": 55.339, "southBoundingCoordinate": 12.922}, "sizeMB": 3.64, "format": "Not provided"}, "AE20120902.Leslie.loc.nc": {"temporal": ["2012-09-02T00:00:05.000Z", "2012-09-02T23:59:42.000Z"], "wnes_geometry": {"westBoundingCoordinate": -62.798, "eastBoundingCoordinate": -31.549, "northBoundingCoordinate": 55.339, "southBoundingCoordinate": 12.922}, "sizeMB": 1.74, "format": "Not provided"}, "AE20120903.Leslie.loc": {"temporal": ["2012-09-03T00:00:01.000Z", "2012-09-03T23:59:45.000Z"], "wnes_geometry": {"westBoundingCoordinate": -62.799, "eastBoundingCoordinate": -27.987, "northBoundingCoordinate": 55.127, "southBoundingCoordinate": 12.917}, "sizeMB": 5.25, "format": "Not provided"}, "AE20120903.Leslie.loc.nc": {"temporal": ["2012-09-03T00:00:01.000Z", "2012-09-03T23:59:45.000Z"], "wnes_geometry": {"westBoundingCoordinate": -62.799, "eastBoundingCoordinate": -27.987, "northBoundingCoordinate": 55.127, "southBoundingCoordinate": 12.917}, "sizeMB": 2.5, "format": "Not provided"}, "AE20120904.Leslie.loc.nc": {"temporal": ["2012-09-04T00:00:00.000Z", "2012-09-04T23:59:34.000Z"], "wnes_geometry": {"westBoundingCoordinate": -62.799, "eastBoundingCoordinate": -28.343, "northBoundingCoordinate": 47.805, "southBoundingCoordinate": 13.013}, "sizeMB": 1.71, "format": "Not provided"}, "AE20120904.Leslie.loc": {"temporal": ["2012-09-04T00:00:00.000Z", "2012-09-04T23:59:34.000Z"], "wnes_geometry": {"westBoundingCoordinate": -62.799, "eastBoundingCoordinate": -28.343, "northBoundingCoordinate": 47.805, "southBoundingCoordinate": 13.013}, "sizeMB": 3.56, "format": "Not provided"}, "AE20120905.Leslie.loc": {"temporal": ["2012-09-05T00:00:01.000Z", "2012-09-05T23:59:36.000Z"], "wnes_geometry": {"westBoundingCoordinate": -62.798, "eastBoundingCoordinate": -27.857, "northBoundingCoordinate": 51.45, "southBoundingCoordinate": 13.201}, "sizeMB": 1.24, "format": "Not provided"}, "AE20120905.Leslie.loc.nc": {"temporal": ["2012-09-05T00:00:01.000Z", "2012-09-05T23:59:36.000Z"], "wnes_geometry": {"westBoundingCoordinate": -62.798, "eastBoundingCoordinate": -27.857, "northBoundingCoordinate": 51.45, "southBoundingCoordinate": 13.201}, "sizeMB": 0.6, "format": "Not provided"}, "AE20120906.Leslie.loc": {"temporal": ["2012-09-06T00:00:17.000Z", "2012-09-06T23:58:08.000Z"], "wnes_geometry": {"westBoundingCoordinate": -62.799, "eastBoundingCoordinate": -27.401, "northBoundingCoordinate": 52.611, "southBoundingCoordinate": 12.92}, "sizeMB": 0.92, "format": "Not provided"}, "AE20120906.Leslie.loc.nc": {"temporal": ["2012-09-06T00:00:17.000Z", "2012-09-06T23:58:08.000Z"], "wnes_geometry": {"westBoundingCoordinate": -62.799, "eastBoundingCoordinate": -27.401, "northBoundingCoordinate": 52.611, "southBoundingCoordinate": 12.92}, "sizeMB": 0.45, "format": "Not provided"}, "AE20120907.Leslie.loc.nc": {"temporal": ["2012-09-07T00:00:26.000Z", "2012-09-07T23:59:41.000Z"], "wnes_geometry": {"westBoundingCoordinate": -62.799, "eastBoundingCoordinate": -27.427, "northBoundingCoordinate": 53.649, "southBoundingCoordinate": 13.006}, "sizeMB": 0.21, "format": "Not provided"}, "AE20120907.Leslie.loc": {"temporal": ["2012-09-07T00:00:26.000Z", "2012-09-07T23:59:41.000Z"], "wnes_geometry": {"westBoundingCoordinate": -62.799, "eastBoundingCoordinate": -27.427, "northBoundingCoordinate": 53.649, "southBoundingCoordinate": 13.006}, "sizeMB": 0.41, "format": "Not provided"}, "AE20120908.Leslie.loc": {"temporal": ["2012-09-08T00:00:08.000Z", "2012-09-08T23:58:48.000Z"], "wnes_geometry": {"westBoundingCoordinate": -62.799, "eastBoundingCoordinate": -27.667, "northBoundingCoordinate": 55.413, "southBoundingCoordinate": 12.935}, "sizeMB": 0.39, "format": "Not provided"}, "AE20120908.Leslie.loc.nc": {"temporal": ["2012-09-08T00:00:08.000Z", "2012-09-08T23:58:48.000Z"], "wnes_geometry": {"westBoundingCoordinate": -62.799, "eastBoundingCoordinate": -27.667, "northBoundingCoordinate": 55.413, "southBoundingCoordinate": 12.935}, "sizeMB": 0.2, "format": "Not provided"}, "AE20120909.Leslie.loc": {"temporal": ["2012-09-09T00:00:43.000Z", "2012-09-09T23:59:48.000Z"], "wnes_geometry": {"westBoundingCoordinate": -62.793, "eastBoundingCoordinate": -27.403, "northBoundingCoordinate": 55.198, "southBoundingCoordinate": 12.917}, "sizeMB": 0.46, "format": "Not provided"}, "AE20120909.Leslie.loc.nc": {"temporal": ["2012-09-09T00:00:43.000Z", "2012-09-09T23:59:48.000Z"], "wnes_geometry": {"westBoundingCoordinate": -62.793, "eastBoundingCoordinate": -27.403, "northBoundingCoordinate": 55.198, "southBoundingCoordinate": 12.917}, "sizeMB": 0.24, "format": "Not provided"}, "AE20120910.Leslie.loc.nc": {"temporal": ["2012-09-10T00:00:00.000Z", "2012-09-10T23:59:34.000Z"], "wnes_geometry": {"westBoundingCoordinate": -62.8, "eastBoundingCoordinate": -27.401, "northBoundingCoordinate": 54.805, "southBoundingCoordinate": 12.9}, "sizeMB": 0.39, "format": "Not provided"}, "AE20120910.Leslie.loc": {"temporal": ["2012-09-10T00:00:00.000Z", "2012-09-10T23:59:34.000Z"], "wnes_geometry": {"westBoundingCoordinate": -62.8, "eastBoundingCoordinate": -27.401, "northBoundingCoordinate": 54.805, "southBoundingCoordinate": 12.9}, "sizeMB": 0.79, "format": "Not provided"}, "AE20120910.Nadine.loc.nc": {"temporal": ["2012-09-10T00:03:29.000Z", "2012-09-10T23:59:30.000Z"], "wnes_geometry": {"westBoundingCoordinate": -53.999, "eastBoundingCoordinate": -25.405, "northBoundingCoordinate": 37.6, "southBoundingCoordinate": 15.53}, "sizeMB": 0.26, "format": "Not provided"}, "AE20120910.Nadine.loc": {"temporal": ["2012-09-10T00:03:29.000Z", "2012-09-10T23:59:30.000Z"], "wnes_geometry": {"westBoundingCoordinate": -53.999, "eastBoundingCoordinate": -25.405, "northBoundingCoordinate": 37.6, "southBoundingCoordinate": 15.53}, "sizeMB": 0.51, "format": "Not provided"}, "AE20120911.Nadine.loc": {"temporal": ["2012-09-11T00:00:00.000Z", "2012-09-11T23:55:11.000Z"], "wnes_geometry": {"westBoundingCoordinate": -53.998, "eastBoundingCoordinate": -25.407, "northBoundingCoordinate": 37.57, "southBoundingCoordinate": 15.563}, "sizeMB": 0.57, "format": "Not provided"}, "AE20120911.Leslie.loc.nc": {"temporal": ["2012-09-11T00:00:00.000Z", "2012-09-11T23:59:21.000Z"], "wnes_geometry": {"westBoundingCoordinate": -62.8, "eastBoundingCoordinate": -27.401, "northBoundingCoordinate": 54.386, "southBoundingCoordinate": 12.976}, "sizeMB": 0.48, "format": "Not provided"}, "AE20120911.Leslie.loc": {"temporal": ["2012-09-11T00:00:00.000Z", "2012-09-11T23:59:21.000Z"], "wnes_geometry": {"westBoundingCoordinate": -62.8, "eastBoundingCoordinate": -27.401, "northBoundingCoordinate": 54.386, "southBoundingCoordinate": 12.976}, "sizeMB": 0.98, "format": "Not provided"}, "AE20120911.Nadine.loc.nc": {"temporal": ["2012-09-11T00:00:00.000Z", "2012-09-11T23:55:11.000Z"], "wnes_geometry": {"westBoundingCoordinate": -53.998, "eastBoundingCoordinate": -25.407, "northBoundingCoordinate": 37.57, "southBoundingCoordinate": 15.563}, "sizeMB": 0.29, "format": "Not provided"}, "AE20120912.Leslie.loc.nc": {"temporal": ["2012-09-12T00:00:10.000Z", "2012-09-12T23:59:47.000Z"], "wnes_geometry": {"westBoundingCoordinate": -62.8, "eastBoundingCoordinate": -27.482, "northBoundingCoordinate": 54.732, "southBoundingCoordinate": 12.919}, "sizeMB": 0.41, "format": "Not provided"}, "AE20120912.Leslie.loc": {"temporal": ["2012-09-12T00:00:10.000Z", "2012-09-12T23:59:47.000Z"], "wnes_geometry": {"westBoundingCoordinate": -62.8, "eastBoundingCoordinate": -27.482, "northBoundingCoordinate": 54.732, "southBoundingCoordinate": 12.919}, "sizeMB": 0.82, "format": "Not provided"}, "AE20120912.Nadine.loc": {"temporal": ["2012-09-12T00:01:28.000Z", "2012-09-12T23:59:43.000Z"], "wnes_geometry": {"westBoundingCoordinate": -54, "eastBoundingCoordinate": -25.438, "northBoundingCoordinate": 37.596, "southBoundingCoordinate": 15.573}, "sizeMB": 0.48, "format": "Not provided"}, "AE20120912.Nadine.loc.nc": {"temporal": ["2012-09-12T00:01:28.000Z", "2012-09-12T23:59:43.000Z"], "wnes_geometry": {"westBoundingCoordinate": -54, "eastBoundingCoordinate": -25.438, "northBoundingCoordinate": 37.596, "southBoundingCoordinate": 15.573}, "sizeMB": 0.24, "format": "Not provided"}, "AE20120913.Nadine.loc": {"temporal": ["2012-09-13T00:00:23.000Z", "2012-09-13T23:59:44.000Z"], "wnes_geometry": {"westBoundingCoordinate": -53.999, "eastBoundingCoordinate": -25.472, "northBoundingCoordinate": 37.599, "southBoundingCoordinate": 15.687}, "sizeMB": 0.51, "format": "Not provided"}, "AE20120913.Nadine.loc.nc": {"temporal": ["2012-09-13T00:00:23.000Z", "2012-09-13T23:59:44.000Z"], "wnes_geometry": {"westBoundingCoordinate": -53.999, "eastBoundingCoordinate": -25.472, "northBoundingCoordinate": 37.599, "southBoundingCoordinate": 15.687}, "sizeMB": 0.26, "format": "Not provided"}, "AE20120914.Nadine.loc.nc": {"temporal": ["2012-09-14T00:00:16.000Z", "2012-09-14T23:57:35.000Z"], "wnes_geometry": {"westBoundingCoordinate": -54, "eastBoundingCoordinate": -25.4, "northBoundingCoordinate": 37.579, "southBoundingCoordinate": 15.894}, "sizeMB": 0.31, "format": "Not provided"}, "AE20120914.Nadine.loc": {"temporal": ["2012-09-14T00:00:16.000Z", "2012-09-14T23:57:35.000Z"], "wnes_geometry": {"westBoundingCoordinate": -54, "eastBoundingCoordinate": -25.4, "northBoundingCoordinate": 37.579, "southBoundingCoordinate": 15.894}, "sizeMB": 0.63, "format": "Not provided"}, "AE20120915.Nadine.loc": {"temporal": ["2012-09-15T00:03:41.000Z", "2012-09-15T23:59:43.000Z"], "wnes_geometry": {"westBoundingCoordinate": -53.893, "eastBoundingCoordinate": -25.407, "northBoundingCoordinate": 37.598, "southBoundingCoordinate": 15.502}, "sizeMB": 0.14, "format": "Not provided"}, "AE20120915.Nadine.loc.nc": {"temporal": ["2012-09-15T00:03:41.000Z", "2012-09-15T23:59:43.000Z"], "wnes_geometry": {"westBoundingCoordinate": -53.893, "eastBoundingCoordinate": -25.407, "northBoundingCoordinate": 37.598, "southBoundingCoordinate": 15.502}, "sizeMB": 0.09, "format": "Not provided"}, "AE20120916.Nadine.loc.nc": {"temporal": ["2012-09-16T00:00:02.000Z", "2012-09-16T23:59:28.000Z"], "wnes_geometry": {"westBoundingCoordinate": -53.995, "eastBoundingCoordinate": -25.407, "northBoundingCoordinate": 37.59, "southBoundingCoordinate": 15.539}, "sizeMB": 0.16, "format": "Not provided"}, "AE20120916.Nadine.loc": {"temporal": ["2012-09-16T00:00:02.000Z", "2012-09-16T23:59:28.000Z"], "wnes_geometry": {"westBoundingCoordinate": -53.995, "eastBoundingCoordinate": -25.407, "northBoundingCoordinate": 37.59, "southBoundingCoordinate": 15.539}, "sizeMB": 0.3, "format": "Not provided"}, "AE20120917.Nadine.loc.nc": {"temporal": ["2012-09-17T00:01:43.000Z", "2012-09-17T23:53:19.000Z"], "wnes_geometry": {"westBoundingCoordinate": -53.999, "eastBoundingCoordinate": -25.782, "northBoundingCoordinate": 37.558, "southBoundingCoordinate": 15.502}, "sizeMB": 0.19, "format": "Not provided"}, "AE20120917.Nadine.loc": {"temporal": ["2012-09-17T00:01:43.000Z", "2012-09-17T23:53:19.000Z"], "wnes_geometry": {"westBoundingCoordinate": -53.999, "eastBoundingCoordinate": -25.782, "northBoundingCoordinate": 37.558, "southBoundingCoordinate": 15.502}, "sizeMB": 0.36, "format": "Not provided"}, "AE20120918.Nadine.loc": {"temporal": ["2012-09-18T00:07:56.000Z", "2012-09-18T23:59:44.000Z"], "wnes_geometry": {"westBoundingCoordinate": -53.999, "eastBoundingCoordinate": -26.281, "northBoundingCoordinate": 37.519, "southBoundingCoordinate": 15.501}, "sizeMB": 0.22, "format": "Not provided"}, "AE20120918.Nadine.loc.nc": {"temporal": ["2012-09-18T00:07:56.000Z", "2012-09-18T23:59:44.000Z"], "wnes_geometry": {"westBoundingCoordinate": -53.999, "eastBoundingCoordinate": -26.281, "northBoundingCoordinate": 37.519, "southBoundingCoordinate": 15.501}, "sizeMB": 0.12, "format": "Not provided"}, "AE20120919.Nadine.loc.nc": {"temporal": ["2012-09-19T00:00:20.000Z", "2012-09-19T23:59:38.000Z"], "wnes_geometry": {"westBoundingCoordinate": -53.998, "eastBoundingCoordinate": -25.415, "northBoundingCoordinate": 37.599, "southBoundingCoordinate": 15.505}, "sizeMB": 0.95, "format": "Not provided"}, "AE20120919.Nadine.loc": {"temporal": ["2012-09-19T00:00:20.000Z", "2012-09-19T23:59:38.000Z"], "wnes_geometry": {"westBoundingCoordinate": -53.998, "eastBoundingCoordinate": -25.415, "northBoundingCoordinate": 37.599, "southBoundingCoordinate": 15.505}, "sizeMB": 1.98, "format": "Not provided"}, "AE20120920.Nadine.loc.nc": {"temporal": ["2012-09-20T00:00:21.000Z", "2012-09-20T23:59:45.000Z"], "wnes_geometry": {"westBoundingCoordinate": -53.999, "eastBoundingCoordinate": -25.61, "northBoundingCoordinate": 37.242, "southBoundingCoordinate": 15.501}, "sizeMB": 0.81, "format": "Not provided"}, "AE20120920.Nadine.loc": {"temporal": ["2012-09-20T00:00:21.000Z", "2012-09-20T23:59:45.000Z"], "wnes_geometry": {"westBoundingCoordinate": -53.999, "eastBoundingCoordinate": -25.61, "northBoundingCoordinate": 37.242, "southBoundingCoordinate": 15.501}, "sizeMB": 1.67, "format": "Not provided"}, "AE20120921.Nadine.loc.nc": {"temporal": ["2012-09-21T00:00:22.000Z", "2012-09-21T23:59:35.000Z"], "wnes_geometry": {"westBoundingCoordinate": -54, "eastBoundingCoordinate": -26.43, "northBoundingCoordinate": 37.308, "southBoundingCoordinate": 15.505}, "sizeMB": 0.66, "format": "Not provided"}, "AE20120921.Nadine.loc": {"temporal": ["2012-09-21T00:00:22.000Z", "2012-09-21T23:59:35.000Z"], "wnes_geometry": {"westBoundingCoordinate": -54, "eastBoundingCoordinate": -26.43, "northBoundingCoordinate": 37.308, "southBoundingCoordinate": 15.505}, "sizeMB": 1.36, "format": "Not provided"}, "AE20120922.Nadine.loc.nc": {"temporal": ["2012-09-22T00:00:02.000Z", "2012-09-22T23:53:59.000Z"], "wnes_geometry": {"westBoundingCoordinate": -54, "eastBoundingCoordinate": -25.435, "northBoundingCoordinate": 37.2, "southBoundingCoordinate": 15.833}, "sizeMB": 0.14, "format": "Not provided"}, "AE20120922.Nadine.loc": {"temporal": ["2012-09-22T00:00:02.000Z", "2012-09-22T23:53:59.000Z"], "wnes_geometry": {"westBoundingCoordinate": -54, "eastBoundingCoordinate": -25.435, "northBoundingCoordinate": 37.2, "southBoundingCoordinate": 15.833}, "sizeMB": 0.27, "format": "Not provided"}, "AE20120923.Nadine.loc.nc": {"temporal": ["2012-09-23T00:27:45.000Z", "2012-09-23T23:55:11.000Z"], "wnes_geometry": {"westBoundingCoordinate": -53.953, "eastBoundingCoordinate": -25.4, "northBoundingCoordinate": 37.34, "southBoundingCoordinate": 15.507}, "sizeMB": 0.04, "format": "Not provided"}, "AE20120923.Nadine.loc": {"temporal": ["2012-09-23T00:27:45.000Z", "2012-09-23T23:55:11.000Z"], "wnes_geometry": {"westBoundingCoordinate": -53.953, "eastBoundingCoordinate": -25.4, "northBoundingCoordinate": 37.34, "southBoundingCoordinate": 15.507}, "sizeMB": 0.05, "format": "Not provided"}, "AE20120924.Nadine.loc.nc": {"temporal": ["2012-09-24T00:09:01.000Z", "2012-09-24T22:45:57.000Z"], "wnes_geometry": {"westBoundingCoordinate": -53.853, "eastBoundingCoordinate": -26.794, "northBoundingCoordinate": 36.395, "southBoundingCoordinate": 15.588}, "sizeMB": 0.02, "format": "Not provided"}, "AE20120924.Nadine.loc": {"temporal": ["2012-09-24T00:09:01.000Z", "2012-09-24T22:45:57.000Z"], "wnes_geometry": {"westBoundingCoordinate": -53.853, "eastBoundingCoordinate": -26.794, "northBoundingCoordinate": 36.395, "southBoundingCoordinate": 15.588}, "sizeMB": 0, "format": "Not provided"}, "AE20120925.Nadine.loc": {"temporal": ["2012-09-25T00:06:42.000Z", "2012-09-25T23:54:45.000Z"], "wnes_geometry": {"westBoundingCoordinate": -53.931, "eastBoundingCoordinate": -27.41, "northBoundingCoordinate": 37.447, "southBoundingCoordinate": 15.576}, "sizeMB": 0.03, "format": "Not provided"}, "AE20120925.Nadine.loc.nc": {"temporal": ["2012-09-25T00:06:42.000Z", "2012-09-25T23:54:45.000Z"], "wnes_geometry": {"westBoundingCoordinate": -53.931, "eastBoundingCoordinate": -27.41, "northBoundingCoordinate": 37.447, "southBoundingCoordinate": 15.576}, "sizeMB": 0.03, "format": "Not provided"}, "AE20120926.Nadine.loc.nc": {"temporal": ["2012-09-26T00:01:54.000Z", "2012-09-26T23:59:29.000Z"], "wnes_geometry": {"westBoundingCoordinate": -53.993, "eastBoundingCoordinate": -27.018, "northBoundingCoordinate": 36.687, "southBoundingCoordinate": 15.685}, "sizeMB": 0.31, "format": "Not provided"}, "AE20120926.Nadine.loc": {"temporal": ["2012-09-26T00:01:54.000Z", "2012-09-26T23:59:29.000Z"], "wnes_geometry": {"westBoundingCoordinate": -53.993, "eastBoundingCoordinate": -27.018, "northBoundingCoordinate": 36.687, "southBoundingCoordinate": 15.685}, "sizeMB": 0.62, "format": "Not provided"}, "AE20120927.Nadine.loc.nc": {"temporal": ["2012-09-27T00:00:07.000Z", "2012-09-27T23:59:29.000Z"], "wnes_geometry": {"westBoundingCoordinate": -53.999, "eastBoundingCoordinate": -26.013, "northBoundingCoordinate": 37.162, "southBoundingCoordinate": 15.508}, "sizeMB": 0.28, "format": "Not provided"}, "AE20120927.Nadine.loc": {"temporal": ["2012-09-27T00:00:07.000Z", "2012-09-27T23:59:29.000Z"], "wnes_geometry": {"westBoundingCoordinate": -53.999, "eastBoundingCoordinate": -26.013, "northBoundingCoordinate": 37.162, "southBoundingCoordinate": 15.508}, "sizeMB": 0.55, "format": "Not provided"}, "AE20120928.Nadine.loc": {"temporal": ["2012-09-28T00:00:35.000Z", "2012-09-28T23:59:06.000Z"], "wnes_geometry": {"westBoundingCoordinate": -53.999, "eastBoundingCoordinate": -25.842, "northBoundingCoordinate": 37.575, "southBoundingCoordinate": 15.501}, "sizeMB": 0.27, "format": "Not provided"}, "AE20120928.Nadine.loc.nc": {"temporal": ["2012-09-28T00:00:35.000Z", "2012-09-28T23:59:06.000Z"], "wnes_geometry": {"westBoundingCoordinate": -53.999, "eastBoundingCoordinate": -25.842, "northBoundingCoordinate": 37.575, "southBoundingCoordinate": 15.501}, "sizeMB": 0.14, "format": "Not provided"}, "AE20120929.Nadine.loc": {"temporal": ["2012-09-29T00:03:50.000Z", "2012-09-29T23:59:20.000Z"], "wnes_geometry": {"westBoundingCoordinate": -53.999, "eastBoundingCoordinate": -25.404, "northBoundingCoordinate": 37.489, "southBoundingCoordinate": 15.5}, "sizeMB": 0.48, "format": "Not provided"}, "AE20120929.Nadine.loc.nc": {"temporal": ["2012-09-29T00:03:50.000Z", "2012-09-29T23:59:20.000Z"], "wnes_geometry": {"westBoundingCoordinate": -53.999, "eastBoundingCoordinate": -25.404, "northBoundingCoordinate": 37.489, "southBoundingCoordinate": 15.5}, "sizeMB": 0.24, "format": "Not provided"}, "AE20120930.Nadine.loc": {"temporal": ["2012-09-30T00:03:22.000Z", "2012-09-30T23:58:59.000Z"], "wnes_geometry": {"westBoundingCoordinate": -53.918, "eastBoundingCoordinate": -25.604, "northBoundingCoordinate": 37.584, "southBoundingCoordinate": 15.5}, "sizeMB": 0.35, "format": "Not provided"}, "AE20120930.Nadine.loc.nc": {"temporal": ["2012-09-30T00:03:22.000Z", "2012-09-30T23:58:59.000Z"], "wnes_geometry": {"westBoundingCoordinate": -53.918, "eastBoundingCoordinate": -25.604, "northBoundingCoordinate": 37.584, "southBoundingCoordinate": 15.5}, "sizeMB": 0.18, "format": "Not provided"}, "AE20121001.Nadine.loc": {"temporal": ["2012-10-01T00:00:17.000Z", "2012-10-01T23:59:19.000Z"], "wnes_geometry": {"westBoundingCoordinate": -53.759, "eastBoundingCoordinate": -25.478, "northBoundingCoordinate": 37.502, "southBoundingCoordinate": 15.502}, "sizeMB": 0.28, "format": "Not provided"}, "AE20121001.Nadine.loc.nc": {"temporal": ["2012-10-01T00:00:17.000Z", "2012-10-01T23:59:19.000Z"], "wnes_geometry": {"westBoundingCoordinate": -53.759, "eastBoundingCoordinate": -25.478, "northBoundingCoordinate": 37.502, "southBoundingCoordinate": 15.502}, "sizeMB": 0.15, "format": "Not provided"}, "AE20121002.Nadine.loc.nc": {"temporal": ["2012-10-02T00:01:03.000Z", "2012-10-02T23:59:37.000Z"], "wnes_geometry": {"westBoundingCoordinate": -53.999, "eastBoundingCoordinate": -27.193, "northBoundingCoordinate": 37.564, "southBoundingCoordinate": 15.502}, "sizeMB": 0.23, "format": "Not provided"}, "AE20121002.Nadine.loc": {"temporal": ["2012-10-02T00:01:03.000Z", "2012-10-02T23:59:37.000Z"], "wnes_geometry": {"westBoundingCoordinate": -53.999, "eastBoundingCoordinate": -27.193, "northBoundingCoordinate": 37.564, "southBoundingCoordinate": 15.502}, "sizeMB": 0.45, "format": "Not provided"}, "AE20121003.Nadine.loc.nc": {"temporal": ["2012-10-03T00:01:09.000Z", "2012-10-03T23:57:10.000Z"], "wnes_geometry": {"westBoundingCoordinate": -54, "eastBoundingCoordinate": -26.299, "northBoundingCoordinate": 36.069, "southBoundingCoordinate": 15.606}, "sizeMB": 0.22, "format": "Not provided"}, "AE20121003.Nadine.loc": {"temporal": ["2012-10-03T00:01:09.000Z", "2012-10-03T23:57:10.000Z"], "wnes_geometry": {"westBoundingCoordinate": -54, "eastBoundingCoordinate": -26.299, "northBoundingCoordinate": 36.069, "southBoundingCoordinate": 15.606}, "sizeMB": 0.42, "format": "Not provided"}, "AE20121004.Nadine.loc.nc": {"temporal": ["2012-10-04T00:20:57.000Z", "2012-10-04T23:59:14.000Z"], "wnes_geometry": {"westBoundingCoordinate": -53.987, "eastBoundingCoordinate": -25.596, "northBoundingCoordinate": 37.596, "southBoundingCoordinate": 15.607}, "sizeMB": 0.06, "format": "Not provided"}, "AE20121004.Nadine.loc": {"temporal": ["2012-10-04T00:20:57.000Z", "2012-10-04T23:59:14.000Z"], "wnes_geometry": {"westBoundingCoordinate": -53.987, "eastBoundingCoordinate": -25.596, "northBoundingCoordinate": 37.596, "southBoundingCoordinate": 15.607}, "sizeMB": 0.1, "format": "Not provided"}, "AE20130815.Erin.loc": {"temporal": ["2013-08-15T00:38:13.000Z", "2013-08-15T19:07:45.000Z"], "wnes_geometry": {"westBoundingCoordinate": -42.79, "eastBoundingCoordinate": -27.099, "northBoundingCoordinate": 16.662, "southBoundingCoordinate": 13.907}, "sizeMB": 0.01, "format": "Not provided"}, "AE20130815.Erin.loc.nc": {"temporal": ["2013-08-15T00:38:13.000Z", "2013-08-15T19:07:45.000Z"], "wnes_geometry": {"westBoundingCoordinate": -42.79, "eastBoundingCoordinate": -27.099, "northBoundingCoordinate": 16.662, "southBoundingCoordinate": 13.907}, "sizeMB": 0.02, "format": "Not provided"}, "AE20130816.Erin.loc.nc": {"temporal": ["2013-08-16T00:49:37.000Z", "2013-08-16T23:39:30.000Z"], "wnes_geometry": {"westBoundingCoordinate": -39.885, "eastBoundingCoordinate": -31.996, "northBoundingCoordinate": 20.304, "southBoundingCoordinate": 14.498}, "sizeMB": 0.03, "format": "Not provided"}, "AE20130816.Erin.loc": {"temporal": ["2013-08-16T00:49:37.000Z", "2013-08-16T23:39:30.000Z"], "wnes_geometry": {"westBoundingCoordinate": -39.885, "eastBoundingCoordinate": -31.996, "northBoundingCoordinate": 20.304, "southBoundingCoordinate": 14.498}, "sizeMB": 0.02, "format": "Not provided"}, "AE20130817.Erin.loc": {"temporal": ["2013-08-17T00:11:31.000Z", "2013-08-17T22:00:11.000Z"], "wnes_geometry": {"westBoundingCoordinate": -40.081, "eastBoundingCoordinate": -32.833, "northBoundingCoordinate": 20.567, "southBoundingCoordinate": 15.108}, "sizeMB": 0, "format": "Not provided"}, "AE20130817.Erin.loc.nc": {"temporal": ["2013-08-17T00:11:31.000Z", "2013-08-17T22:00:11.000Z"], "wnes_geometry": {"westBoundingCoordinate": -40.081, "eastBoundingCoordinate": -32.833, "northBoundingCoordinate": 20.567, "southBoundingCoordinate": 15.108}, "sizeMB": 0.02, "format": "Not provided"}, "AE20130818.Erin.loc.nc": {"temporal": ["2013-08-18T03:00:35.000Z", "2013-08-18T22:10:02.000Z"], "wnes_geometry": {"westBoundingCoordinate": -41.003, "eastBoundingCoordinate": -33.213, "northBoundingCoordinate": 17.532, "southBoundingCoordinate": 16.234}, "sizeMB": 0.02, "format": "Not provided"}, "AE20130818.Erin.loc": {"temporal": ["2013-08-18T03:00:35.000Z", "2013-08-18T22:10:02.000Z"], "wnes_geometry": {"westBoundingCoordinate": -41.003, "eastBoundingCoordinate": -33.213, "northBoundingCoordinate": 17.532, "southBoundingCoordinate": 16.234}, "sizeMB": 0, "format": "Not provided"}, "AE20130825.Fernand.loc.nc": {"temporal": ["2013-08-25T00:00:54.000Z", "2013-08-25T23:53:54.000Z"], "wnes_geometry": {"westBoundingCoordinate": -98.195, "eastBoundingCoordinate": -94.454, "northBoundingCoordinate": 20.497, "southBoundingCoordinate": 18.707}, "sizeMB": 0.05, "format": "Not provided"}, "AE20130825.Fernand.loc": {"temporal": ["2013-08-25T00:00:54.000Z", "2013-08-25T23:53:54.000Z"], "wnes_geometry": {"westBoundingCoordinate": -98.195, "eastBoundingCoordinate": -94.454, "northBoundingCoordinate": 20.497, "southBoundingCoordinate": 18.707}, "sizeMB": 0.07, "format": "Not provided"}, "AE20130826.Fernand.loc": {"temporal": ["2013-08-26T00:41:26.000Z", "2013-08-26T23:38:29.000Z"], "wnes_geometry": {"westBoundingCoordinate": -98.169, "eastBoundingCoordinate": -94.209, "northBoundingCoordinate": 20.499, "southBoundingCoordinate": 18.716}, "sizeMB": 0.11, "format": "Not provided"}, "AE20130826.Fernand.loc.nc": {"temporal": ["2013-08-26T00:41:26.000Z", "2013-08-26T23:38:29.000Z"], "wnes_geometry": {"westBoundingCoordinate": -98.169, "eastBoundingCoordinate": -94.209, "northBoundingCoordinate": 20.499, "southBoundingCoordinate": 18.716}, "sizeMB": 0.07, "format": "Not provided"}, "AE20130828.Kiko.loc": {"temporal": ["2013-08-28T20:31:41.000Z", "2013-08-28T20:31:41.000Z"], "wnes_geometry": {"westBoundingCoordinate": -115.831, "eastBoundingCoordinate": -115.831, "northBoundingCoordinate": 15.906, "southBoundingCoordinate": 15.906}, "sizeMB": 0, "format": "Not provided"}, "AE20130828.Kiko.loc.nc": {"temporal": ["2013-08-28T20:31:41.000Z", "2013-08-28T20:31:41.000Z"], "wnes_geometry": {"westBoundingCoordinate": -115.831, "eastBoundingCoordinate": -115.831, "northBoundingCoordinate": 15.906, "southBoundingCoordinate": 15.906}, "sizeMB": 0.02, "format": "Not provided"}, "AE20130829.Kiko.loc.nc": {"temporal": ["2013-08-29T05:02:08.000Z", "2013-08-29T23:30:28.000Z"], "wnes_geometry": {"westBoundingCoordinate": -115.748, "eastBoundingCoordinate": -115.104, "northBoundingCoordinate": 16.919, "southBoundingCoordinate": 15.003}, "sizeMB": 0.02, "format": "Not provided"}, "AE20130829.Kiko.loc": {"temporal": ["2013-08-29T05:02:08.000Z", "2013-08-29T23:30:28.000Z"], "wnes_geometry": {"westBoundingCoordinate": -115.748, "eastBoundingCoordinate": -115.104, "northBoundingCoordinate": 16.919, "southBoundingCoordinate": 15.003}, "sizeMB": 0, "format": "Not provided"}, "AE20130830.Kiko.loc.nc": {"temporal": ["2013-08-30T00:45:42.000Z", "2013-08-30T17:09:04.000Z"], "wnes_geometry": {"westBoundingCoordinate": -116.595, "eastBoundingCoordinate": -115.101, "northBoundingCoordinate": 18.218, "southBoundingCoordinate": 15.296}, "sizeMB": 0.02, "format": "Not provided"}, "AE20130830.Kiko.loc": {"temporal": ["2013-08-30T00:45:42.000Z", "2013-08-30T17:09:04.000Z"], "wnes_geometry": {"westBoundingCoordinate": -116.595, "eastBoundingCoordinate": -115.101, "northBoundingCoordinate": 18.218, "southBoundingCoordinate": 15.296}, "sizeMB": 0.01, "format": "Not provided"}, "AE20130831.Kiko.loc.nc": {"temporal": ["2013-08-31T00:06:14.000Z", "2013-08-31T23:58:54.000Z"], "wnes_geometry": {"westBoundingCoordinate": -116.582, "eastBoundingCoordinate": -115.116, "northBoundingCoordinate": 19.49, "southBoundingCoordinate": 17.25}, "sizeMB": 0.02, "format": "Not provided"}, "AE20130831.Kiko.loc": {"temporal": ["2013-08-31T00:06:14.000Z", "2013-08-31T23:58:54.000Z"], "wnes_geometry": {"westBoundingCoordinate": -116.582, "eastBoundingCoordinate": -115.116, "northBoundingCoordinate": 19.49, "southBoundingCoordinate": 17.25}, "sizeMB": 0, "format": "Not provided"}, "AE20130901.Kiko.loc.nc": {"temporal": ["2013-09-01T01:04:50.000Z", "2013-09-01T10:37:07.000Z"], "wnes_geometry": {"westBoundingCoordinate": -116.05, "eastBoundingCoordinate": -115.425, "northBoundingCoordinate": 22.875, "southBoundingCoordinate": 18.598}, "sizeMB": 0.02, "format": "Not provided"}, "AE20130901.Kiko.loc": {"temporal": ["2013-09-01T01:04:50.000Z", "2013-09-01T10:37:07.000Z"], "wnes_geometry": {"westBoundingCoordinate": -116.05, "eastBoundingCoordinate": -115.425, "northBoundingCoordinate": 22.875, "southBoundingCoordinate": 18.598}, "sizeMB": 0, "format": "Not provided"}, "AE20130904.Lorena.loc.nc": {"temporal": ["2013-09-04T00:01:19.000Z", "2013-09-04T23:58:49.000Z"], "wnes_geometry": {"westBoundingCoordinate": -111.428, "eastBoundingCoordinate": -104.9, "northBoundingCoordinate": 24.3, "southBoundingCoordinate": 17.1}, "sizeMB": 1.01, "format": "Not provided"}, "AE20130904.Lorena.loc": {"temporal": ["2013-09-04T00:01:19.000Z", "2013-09-04T23:58:49.000Z"], "wnes_geometry": {"westBoundingCoordinate": -111.428, "eastBoundingCoordinate": -104.9, "northBoundingCoordinate": 24.3, "southBoundingCoordinate": 17.1}, "sizeMB": 2.06, "format": "Not provided"}, "AE20130904.Gabrielle.loc": {"temporal": ["2013-09-04T00:02:10.000Z", "2013-09-04T23:59:47.000Z"], "wnes_geometry": {"westBoundingCoordinate": -69.2, "eastBoundingCoordinate": -64.701, "northBoundingCoordinate": 37.7, "southBoundingCoordinate": 16.207}, "sizeMB": 0.98, "format": "Not provided"}, "AE20130904.Gabrielle.loc.nc": {"temporal": ["2013-09-04T00:02:10.000Z", "2013-09-04T23:59:47.000Z"], "wnes_geometry": {"westBoundingCoordinate": -69.2, "eastBoundingCoordinate": -64.701, "northBoundingCoordinate": 37.7, "southBoundingCoordinate": 16.207}, "sizeMB": 0.48, "format": "Not provided"}, "AE20130905.Lorena.loc": {"temporal": ["2013-09-05T00:00:19.000Z", "2013-09-05T23:57:24.000Z"], "wnes_geometry": {"westBoundingCoordinate": -112.818, "eastBoundingCoordinate": -104.901, "northBoundingCoordinate": 24.298, "southBoundingCoordinate": 17.104}, "sizeMB": 3.67, "format": "Not provided"}, "AE20130905.Lorena.loc.nc": {"temporal": ["2013-09-05T00:00:19.000Z", "2013-09-05T23:57:24.000Z"], "wnes_geometry": {"westBoundingCoordinate": -112.818, "eastBoundingCoordinate": -104.901, "northBoundingCoordinate": 24.298, "southBoundingCoordinate": 17.104}, "sizeMB": 1.78, "format": "Not provided"}, "AE20130905.Gabrielle.loc.nc": {"temporal": ["2013-09-05T00:00:27.000Z", "2013-09-05T23:59:29.000Z"], "wnes_geometry": {"westBoundingCoordinate": -69.199, "eastBoundingCoordinate": -64.701, "northBoundingCoordinate": 37.693, "southBoundingCoordinate": 16.216}, "sizeMB": 0.6, "format": "Not provided"}, "AE20130905.Gabrielle.loc": {"temporal": ["2013-09-05T00:00:27.000Z", "2013-09-05T23:59:29.000Z"], "wnes_geometry": {"westBoundingCoordinate": -69.199, "eastBoundingCoordinate": -64.701, "northBoundingCoordinate": 37.693, "southBoundingCoordinate": 16.216}, "sizeMB": 1.23, "format": "Not provided"}, "AE20130906.Gabrielle.loc": {"temporal": ["2013-09-06T00:00:06.000Z", "2013-09-06T23:59:18.000Z"], "wnes_geometry": {"westBoundingCoordinate": -69.2, "eastBoundingCoordinate": -64.7, "northBoundingCoordinate": 37.7, "southBoundingCoordinate": 16.2}, "sizeMB": 1.85, "format": "Not provided"}, "AE20130906.Gabrielle.loc.nc": {"temporal": ["2013-09-06T00:00:06.000Z", "2013-09-06T23:59:18.000Z"], "wnes_geometry": {"westBoundingCoordinate": -69.2, "eastBoundingCoordinate": -64.7, "northBoundingCoordinate": 37.7, "southBoundingCoordinate": 16.2}, "sizeMB": 0.89, "format": "Not provided"}, "AE20130906.Lorena.loc.nc": {"temporal": ["2013-09-06T00:01:05.000Z", "2013-09-06T23:59:33.000Z"], "wnes_geometry": {"westBoundingCoordinate": -111.606, "eastBoundingCoordinate": -104.9, "northBoundingCoordinate": 24.299, "southBoundingCoordinate": 19.095}, "sizeMB": 0.19, "format": "Not provided"}, "AE20130906.Lorena.loc": {"temporal": ["2013-09-06T00:01:05.000Z", "2013-09-06T23:59:33.000Z"], "wnes_geometry": {"westBoundingCoordinate": -111.606, "eastBoundingCoordinate": -104.9, "northBoundingCoordinate": 24.299, "southBoundingCoordinate": 19.095}, "sizeMB": 0.36, "format": "Not provided"}, "AE20130907.Gabrielle.loc.nc": {"temporal": ["2013-09-07T00:00:05.000Z", "2013-09-07T23:59:32.000Z"], "wnes_geometry": {"westBoundingCoordinate": -69.199, "eastBoundingCoordinate": -64.7, "northBoundingCoordinate": 35.894, "southBoundingCoordinate": 16.201}, "sizeMB": 0.66, "format": "Not provided"}, "AE20130907.Gabrielle.loc": {"temporal": ["2013-09-07T00:00:05.000Z", "2013-09-07T23:59:32.000Z"], "wnes_geometry": {"westBoundingCoordinate": -69.199, "eastBoundingCoordinate": -64.7, "northBoundingCoordinate": 35.894, "southBoundingCoordinate": 16.201}, "sizeMB": 1.35, "format": "Not provided"}, "AE20130907.Lorena.loc": {"temporal": ["2013-09-07T00:01:00.000Z", "2013-09-07T23:59:32.000Z"], "wnes_geometry": {"westBoundingCoordinate": -112.218, "eastBoundingCoordinate": -104.9, "northBoundingCoordinate": 24.298, "southBoundingCoordinate": 17.202}, "sizeMB": 0.47, "format": "Not provided"}, "AE20130907.Lorena.loc.nc": {"temporal": ["2013-09-07T00:01:00.000Z", "2013-09-07T23:59:32.000Z"], "wnes_geometry": {"westBoundingCoordinate": -112.218, "eastBoundingCoordinate": -104.9, "northBoundingCoordinate": 24.298, "southBoundingCoordinate": 17.202}, "sizeMB": 0.24, "format": "Not provided"}, "AE20130908.Gabrielle.loc.nc": {"temporal": ["2013-09-08T00:00:15.000Z", "2013-09-08T23:59:39.000Z"], "wnes_geometry": {"westBoundingCoordinate": -69.199, "eastBoundingCoordinate": -64.7, "northBoundingCoordinate": 37.696, "southBoundingCoordinate": 16.203}, "sizeMB": 0.82, "format": "Not provided"}, "AE20130908.Gabrielle.loc": {"temporal": ["2013-09-08T00:00:15.000Z", "2013-09-08T23:59:39.000Z"], "wnes_geometry": {"westBoundingCoordinate": -69.199, "eastBoundingCoordinate": -64.7, "northBoundingCoordinate": 37.696, "southBoundingCoordinate": 16.203}, "sizeMB": 1.71, "format": "Not provided"}, "AE20130908.Humberto.loc": {"temporal": ["2013-09-08T00:00:15.000Z", "2013-09-08T23:59:25.000Z"], "wnes_geometry": {"westBoundingCoordinate": -44.249, "eastBoundingCoordinate": -17.6, "northBoundingCoordinate": 32.417, "southBoundingCoordinate": 13.002}, "sizeMB": 0.73, "format": "Not provided"}, "AE20130908.Humberto.loc.nc": {"temporal": ["2013-09-08T00:00:15.000Z", "2013-09-08T23:59:25.000Z"], "wnes_geometry": {"westBoundingCoordinate": -44.249, "eastBoundingCoordinate": -17.6, "northBoundingCoordinate": 32.417, "southBoundingCoordinate": 13.002}, "sizeMB": 0.36, "format": "Not provided"}, "AE20130908.Lorena.loc": {"temporal": ["2013-09-08T00:01:18.000Z", "2013-09-08T23:59:11.000Z"], "wnes_geometry": {"westBoundingCoordinate": -112.676, "eastBoundingCoordinate": -104.9, "northBoundingCoordinate": 24.299, "southBoundingCoordinate": 17.579}, "sizeMB": 0.92, "format": "Not provided"}, "AE20130908.Lorena.loc.nc": {"temporal": ["2013-09-08T00:01:18.000Z", "2013-09-08T23:59:11.000Z"], "wnes_geometry": {"westBoundingCoordinate": -112.676, "eastBoundingCoordinate": -104.9, "northBoundingCoordinate": 24.299, "southBoundingCoordinate": 17.579}, "sizeMB": 0.46, "format": "Not provided"}, "AE20130909.Lorena.loc": {"temporal": ["2013-09-09T00:00:06.000Z", "2013-09-09T23:59:14.000Z"], "wnes_geometry": {"westBoundingCoordinate": -110.345, "eastBoundingCoordinate": -104.963, "northBoundingCoordinate": 24.297, "southBoundingCoordinate": 18.423}, "sizeMB": 0.1, "format": "Not provided"}, "AE20130909.Lorena.loc.nc": {"temporal": ["2013-09-09T00:00:06.000Z", "2013-09-09T23:59:14.000Z"], "wnes_geometry": {"westBoundingCoordinate": -110.345, "eastBoundingCoordinate": -104.963, "northBoundingCoordinate": 24.297, "southBoundingCoordinate": 18.423}, "sizeMB": 0.07, "format": "Not provided"}, "AE20130909.Gabrielle.loc.nc": {"temporal": ["2013-09-09T00:00:08.000Z", "2013-09-09T23:57:17.000Z"], "wnes_geometry": {"westBoundingCoordinate": -69.2, "eastBoundingCoordinate": -64.701, "northBoundingCoordinate": 37.435, "southBoundingCoordinate": 16.201}, "sizeMB": 0.4, "format": "Not provided"}, "AE20130909.Gabrielle.loc": {"temporal": ["2013-09-09T00:00:08.000Z", "2013-09-09T23:57:17.000Z"], "wnes_geometry": {"westBoundingCoordinate": -69.2, "eastBoundingCoordinate": -64.701, "northBoundingCoordinate": 37.435, "southBoundingCoordinate": 16.201}, "sizeMB": 0.81, "format": "Not provided"}, "AE20130909.Humberto.loc": {"temporal": ["2013-09-09T00:00:14.000Z", "2013-09-09T23:58:00.000Z"], "wnes_geometry": {"westBoundingCoordinate": -44.354, "eastBoundingCoordinate": -17.601, "northBoundingCoordinate": 29.299, "southBoundingCoordinate": 13.037}, "sizeMB": 0.34, "format": "Not provided"}, "AE20130909.Humberto.loc.nc": {"temporal": ["2013-09-09T00:00:14.000Z", "2013-09-09T23:58:00.000Z"], "wnes_geometry": {"westBoundingCoordinate": -44.354, "eastBoundingCoordinate": -17.601, "northBoundingCoordinate": 29.299, "southBoundingCoordinate": 13.037}, "sizeMB": 0.18, "format": "Not provided"}, "AE20130910.Gabrielle.loc": {"temporal": ["2013-09-10T00:01:09.000Z", "2013-09-10T23:47:23.000Z"], "wnes_geometry": {"westBoundingCoordinate": -69.199, "eastBoundingCoordinate": -64.701, "northBoundingCoordinate": 35.043, "southBoundingCoordinate": 16.232}, "sizeMB": 0.51, "format": "Not provided"}, "AE20130910.Gabrielle.loc.nc": {"temporal": ["2013-09-10T00:01:09.000Z", "2013-09-10T23:47:23.000Z"], "wnes_geometry": {"westBoundingCoordinate": -69.199, "eastBoundingCoordinate": -64.701, "northBoundingCoordinate": 35.043, "southBoundingCoordinate": 16.232}, "sizeMB": 0.25, "format": "Not provided"}, "AE20130910.Humberto.loc.nc": {"temporal": ["2013-09-10T00:03:17.000Z", "2013-09-10T23:58:54.000Z"], "wnes_geometry": {"westBoundingCoordinate": -44.499, "eastBoundingCoordinate": -17.719, "northBoundingCoordinate": 32.471, "southBoundingCoordinate": 13.035}, "sizeMB": 0.3, "format": "Not provided"}, "AE20130910.Humberto.loc": {"temporal": ["2013-09-10T00:03:17.000Z", "2013-09-10T23:58:54.000Z"], "wnes_geometry": {"westBoundingCoordinate": -44.499, "eastBoundingCoordinate": -17.719, "northBoundingCoordinate": 32.471, "southBoundingCoordinate": 13.035}, "sizeMB": 0.61, "format": "Not provided"}, "AE20130911.Humberto.loc": {"temporal": ["2013-09-11T00:01:37.000Z", "2013-09-11T23:58:35.000Z"], "wnes_geometry": {"westBoundingCoordinate": -44.292, "eastBoundingCoordinate": -18.241, "northBoundingCoordinate": 27.408, "southBoundingCoordinate": 13.036}, "sizeMB": 0.06, "format": "Not provided"}, "AE20130911.Humberto.loc.nc": {"temporal": ["2013-09-11T00:01:37.000Z", "2013-09-11T23:58:35.000Z"], "wnes_geometry": {"westBoundingCoordinate": -44.292, "eastBoundingCoordinate": -18.241, "northBoundingCoordinate": 27.408, "southBoundingCoordinate": 13.036}, "sizeMB": 0.04, "format": "Not provided"}, "AE20130911.Gabrielle.loc": {"temporal": ["2013-09-11T00:05:40.000Z", "2013-09-11T23:56:41.000Z"], "wnes_geometry": {"westBoundingCoordinate": -69.174, "eastBoundingCoordinate": -64.7, "northBoundingCoordinate": 35.119, "southBoundingCoordinate": 16.256}, "sizeMB": 0.16, "format": "Not provided"}, "AE20130911.Gabrielle.loc.nc": {"temporal": ["2013-09-11T00:05:40.000Z", "2013-09-11T23:56:41.000Z"], "wnes_geometry": {"westBoundingCoordinate": -69.174, "eastBoundingCoordinate": -64.7, "northBoundingCoordinate": 35.119, "southBoundingCoordinate": 16.256}, "sizeMB": 0.09, "format": "Not provided"}, "AE20130912.Ingrid.loc.nc": {"temporal": ["2013-09-12T00:00:26.000Z", "2013-09-12T23:59:28.000Z"], "wnes_geometry": {"westBoundingCoordinate": -99.695, "eastBoundingCoordinate": -92.2, "northBoundingCoordinate": 23.7, "southBoundingCoordinate": 19.1}, "sizeMB": 0.49, "format": "Not provided"}, "AE20130912.Ingrid.loc": {"temporal": ["2013-09-12T00:00:26.000Z", "2013-09-12T23:59:28.000Z"], "wnes_geometry": {"westBoundingCoordinate": -99.695, "eastBoundingCoordinate": -92.2, "northBoundingCoordinate": 23.7, "southBoundingCoordinate": 19.1}, "sizeMB": 1.01, "format": "Not provided"}, "AE20130912.Humberto.loc.nc": {"temporal": ["2013-09-12T00:19:02.000Z", "2013-09-12T23:46:22.000Z"], "wnes_geometry": {"westBoundingCoordinate": -44.259, "eastBoundingCoordinate": -18.07, "northBoundingCoordinate": 30.498, "southBoundingCoordinate": 13.003}, "sizeMB": 0.03, "format": "Not provided"}, "AE20130912.Humberto.loc": {"temporal": ["2013-09-12T00:19:02.000Z", "2013-09-12T23:46:22.000Z"], "wnes_geometry": {"westBoundingCoordinate": -44.259, "eastBoundingCoordinate": -18.07, "northBoundingCoordinate": 30.498, "southBoundingCoordinate": 13.003}, "sizeMB": 0.02, "format": "Not provided"}, "AE20130912.Gabrielle.loc": {"temporal": ["2013-09-12T00:37:04.000Z", "2013-09-12T23:57:37.000Z"], "wnes_geometry": {"westBoundingCoordinate": -68.983, "eastBoundingCoordinate": -64.789, "northBoundingCoordinate": 37.607, "southBoundingCoordinate": 16.205}, "sizeMB": 0.51, "format": "Not provided"}, "AE20130912.Gabrielle.loc.nc": {"temporal": ["2013-09-12T00:37:04.000Z", "2013-09-12T23:57:37.000Z"], "wnes_geometry": {"westBoundingCoordinate": -68.983, "eastBoundingCoordinate": -64.789, "northBoundingCoordinate": 37.607, "southBoundingCoordinate": 16.205}, "sizeMB": 0.26, "format": "Not provided"}, "AE20130913.Ingrid.loc": {"temporal": ["2013-09-13T00:00:09.000Z", "2013-09-13T23:54:39.000Z"], "wnes_geometry": {"westBoundingCoordinate": -99.337, "eastBoundingCoordinate": -92.2, "northBoundingCoordinate": 23.7, "southBoundingCoordinate": 19.101}, "sizeMB": 0.71, "format": "Not provided"}, "AE20130913.Ingrid.loc.nc": {"temporal": ["2013-09-13T00:00:09.000Z", "2013-09-13T23:54:39.000Z"], "wnes_geometry": {"westBoundingCoordinate": -99.337, "eastBoundingCoordinate": -92.2, "northBoundingCoordinate": 23.7, "southBoundingCoordinate": 19.101}, "sizeMB": 0.35, "format": "Not provided"}, "AE20130913.Gabrielle.loc.nc": {"temporal": ["2013-09-13T00:00:38.000Z", "2013-09-13T23:59:36.000Z"], "wnes_geometry": {"westBoundingCoordinate": -69.199, "eastBoundingCoordinate": -64.704, "northBoundingCoordinate": 37.7, "southBoundingCoordinate": 16.457}, "sizeMB": 0.81, "format": "Not provided"}, "AE20130913.Gabrielle.loc": {"temporal": ["2013-09-13T00:00:38.000Z", "2013-09-13T23:59:36.000Z"], "wnes_geometry": {"westBoundingCoordinate": -69.199, "eastBoundingCoordinate": -64.704, "northBoundingCoordinate": 37.7, "southBoundingCoordinate": 16.457}, "sizeMB": 1.71, "format": "Not provided"}, "AE20130913.Humberto.loc.nc": {"temporal": ["2013-09-13T00:22:09.000Z", "2013-09-13T16:52:49.000Z"], "wnes_geometry": {"westBoundingCoordinate": -44.499, "eastBoundingCoordinate": -34.822, "northBoundingCoordinate": 28.912, "southBoundingCoordinate": 13.959}, "sizeMB": 0.11, "format": "Not provided"}, "AE20130913.Humberto.loc": {"temporal": ["2013-09-13T00:22:09.000Z", "2013-09-13T16:52:49.000Z"], "wnes_geometry": {"westBoundingCoordinate": -44.499, "eastBoundingCoordinate": -34.822, "northBoundingCoordinate": 28.912, "southBoundingCoordinate": 13.959}, "sizeMB": 0.2, "format": "Not provided"}, "AE20130914.Ingrid.loc.nc": {"temporal": ["2013-09-14T00:00:37.000Z", "2013-09-14T23:44:06.000Z"], "wnes_geometry": {"westBoundingCoordinate": -99.628, "eastBoundingCoordinate": -92.211, "northBoundingCoordinate": 23.7, "southBoundingCoordinate": 19.103}, "sizeMB": 0.15, "format": "Not provided"}, "AE20130914.Ingrid.loc": {"temporal": ["2013-09-14T00:00:37.000Z", "2013-09-14T23:44:06.000Z"], "wnes_geometry": {"westBoundingCoordinate": -99.628, "eastBoundingCoordinate": -92.211, "northBoundingCoordinate": 23.7, "southBoundingCoordinate": 19.103}, "sizeMB": 0.29, "format": "Not provided"}, "AE20130914.Humberto.loc.nc": {"temporal": ["2013-09-14T04:31:29.000Z", "2013-09-14T23:58:59.000Z"], "wnes_geometry": {"westBoundingCoordinate": -42.502, "eastBoundingCoordinate": -17.665, "northBoundingCoordinate": 28.193, "southBoundingCoordinate": 15.212}, "sizeMB": 0.02, "format": "Not provided"}, "AE20130914.Humberto.loc": {"temporal": ["2013-09-14T04:31:29.000Z", "2013-09-14T23:58:59.000Z"], "wnes_geometry": {"westBoundingCoordinate": -42.502, "eastBoundingCoordinate": -17.665, "northBoundingCoordinate": 28.193, "southBoundingCoordinate": 15.212}, "sizeMB": 0.01, "format": "Not provided"}, "AE20130915.Humberto.loc.nc": {"temporal": ["2013-09-15T00:00:57.000Z", "2013-09-15T23:59:36.000Z"], "wnes_geometry": {"westBoundingCoordinate": -42.934, "eastBoundingCoordinate": -17.601, "northBoundingCoordinate": 30.946, "southBoundingCoordinate": 13.178}, "sizeMB": 0.2, "format": "Not provided"}, "AE20130915.Humberto.loc": {"temporal": ["2013-09-15T00:00:57.000Z", "2013-09-15T23:59:36.000Z"], "wnes_geometry": {"westBoundingCoordinate": -42.934, "eastBoundingCoordinate": -17.601, "northBoundingCoordinate": 30.946, "southBoundingCoordinate": 13.178}, "sizeMB": 0.39, "format": "Not provided"}, "AE20130915.Ingrid.loc.nc": {"temporal": ["2013-09-15T01:09:14.000Z", "2013-09-15T23:59:18.000Z"], "wnes_geometry": {"westBoundingCoordinate": -98.491, "eastBoundingCoordinate": -92.51, "northBoundingCoordinate": 23.691, "southBoundingCoordinate": 19.559}, "sizeMB": 0.41, "format": "Not provided"}, "AE20130915.Ingrid.loc": {"temporal": ["2013-09-15T01:09:14.000Z", "2013-09-15T23:59:18.000Z"], "wnes_geometry": {"westBoundingCoordinate": -98.491, "eastBoundingCoordinate": -92.51, "northBoundingCoordinate": 23.691, "southBoundingCoordinate": 19.559}, "sizeMB": 0.84, "format": "Not provided"}, "AE20130916.Humberto.loc.nc": {"temporal": ["2013-09-16T00:00:04.000Z", "2013-09-16T23:59:44.000Z"], "wnes_geometry": {"westBoundingCoordinate": -44.488, "eastBoundingCoordinate": -17.6, "northBoundingCoordinate": 31.626, "southBoundingCoordinate": 13.487}, "sizeMB": 0.23, "format": "Not provided"}, "AE20130916.Humberto.loc": {"temporal": ["2013-09-16T00:00:04.000Z", "2013-09-16T23:59:44.000Z"], "wnes_geometry": {"westBoundingCoordinate": -44.488, "eastBoundingCoordinate": -17.6, "northBoundingCoordinate": 31.626, "southBoundingCoordinate": 13.487}, "sizeMB": 0.45, "format": "Not provided"}, "AE20130916.Ingrid.loc": {"temporal": ["2013-09-16T00:00:13.000Z", "2013-09-16T23:59:24.000Z"], "wnes_geometry": {"westBoundingCoordinate": -99.691, "eastBoundingCoordinate": -93.133, "northBoundingCoordinate": 23.7, "southBoundingCoordinate": 19.134}, "sizeMB": 1.28, "format": "Not provided"}, "AE20130916.Ingrid.loc.nc": {"temporal": ["2013-09-16T00:00:13.000Z", "2013-09-16T23:59:24.000Z"], "wnes_geometry": {"westBoundingCoordinate": -99.691, "eastBoundingCoordinate": -93.133, "northBoundingCoordinate": 23.7, "southBoundingCoordinate": 19.134}, "sizeMB": 0.62, "format": "Not provided"}, "AE20130917.Ingrid.loc": {"temporal": ["2013-09-17T00:00:14.000Z", "2013-09-17T23:56:04.000Z"], "wnes_geometry": {"westBoundingCoordinate": -99.696, "eastBoundingCoordinate": -92.776, "northBoundingCoordinate": 23.482, "southBoundingCoordinate": 19.101}, "sizeMB": 0.82, "format": "Not provided"}, "AE20130917.Ingrid.loc.nc": {"temporal": ["2013-09-17T00:00:14.000Z", "2013-09-17T23:56:04.000Z"], "wnes_geometry": {"westBoundingCoordinate": -99.696, "eastBoundingCoordinate": -92.776, "northBoundingCoordinate": 23.482, "southBoundingCoordinate": 19.101}, "sizeMB": 0.4, "format": "Not provided"}, "AE20130917.Humberto.loc": {"temporal": ["2013-09-17T00:01:47.000Z", "2013-09-17T23:59:23.000Z"], "wnes_geometry": {"westBoundingCoordinate": -44.5, "eastBoundingCoordinate": -17.664, "northBoundingCoordinate": 31.322, "southBoundingCoordinate": 13.246}, "sizeMB": 0.73, "format": "Not provided"}, "AE20130917.Humberto.loc.nc": {"temporal": ["2013-09-17T00:01:47.000Z", "2013-09-17T23:59:23.000Z"], "wnes_geometry": {"westBoundingCoordinate": -44.5, "eastBoundingCoordinate": -17.664, "northBoundingCoordinate": 31.322, "southBoundingCoordinate": 13.246}, "sizeMB": 0.36, "format": "Not provided"}, "AE20130918.Humberto.loc.nc": {"temporal": ["2013-09-18T00:01:25.000Z", "2013-09-18T23:04:24.000Z"], "wnes_geometry": {"westBoundingCoordinate": -44.447, "eastBoundingCoordinate": -18.09, "northBoundingCoordinate": 32.261, "southBoundingCoordinate": 13.008}, "sizeMB": 0.07, "format": "Not provided"}, "AE20130918.Humberto.loc": {"temporal": ["2013-09-18T00:01:25.000Z", "2013-09-18T23:04:24.000Z"], "wnes_geometry": {"westBoundingCoordinate": -44.447, "eastBoundingCoordinate": -18.09, "northBoundingCoordinate": 32.261, "southBoundingCoordinate": 13.008}, "sizeMB": 0.12, "format": "Not provided"}, "AE20130919.Humberto.loc": {"temporal": ["2013-09-19T00:10:13.000Z", "2013-09-19T23:53:51.000Z"], "wnes_geometry": {"westBoundingCoordinate": -44.154, "eastBoundingCoordinate": -17.6, "northBoundingCoordinate": 31.801, "southBoundingCoordinate": 13.006}, "sizeMB": 0.07, "format": "Not provided"}, "AE20130919.Humberto.loc.nc": {"temporal": ["2013-09-19T00:10:13.000Z", "2013-09-19T23:53:51.000Z"], "wnes_geometry": {"westBoundingCoordinate": -44.154, "eastBoundingCoordinate": -17.6, "northBoundingCoordinate": 31.801, "southBoundingCoordinate": 13.006}, "sizeMB": 0.05, "format": "Not provided"}, "AE20140823.Cristobal.loc": {"temporal": ["2014-08-23T00:00:00.000Z", "2014-08-23T23:59:36.000Z"], "wnes_geometry": {"westBoundingCoordinate": -72.999, "eastBoundingCoordinate": -17.573, "northBoundingCoordinate": 67.747, "southBoundingCoordinate": 21.501}, "sizeMB": 3.1, "format": "Not provided"}, "AE20140823.Cristobal.loc.nc": {"temporal": ["2014-08-23T00:00:00.000Z", "2014-08-23T23:59:36.000Z"], "wnes_geometry": {"westBoundingCoordinate": -72.999, "eastBoundingCoordinate": -17.573, "northBoundingCoordinate": 67.747, "southBoundingCoordinate": 21.501}, "sizeMB": 1.48, "format": "Not provided"}, "AE20140824.Cristobal.loc": {"temporal": ["2014-08-24T00:00:05.000Z", "2014-08-24T23:59:46.000Z"], "wnes_geometry": {"westBoundingCoordinate": -72.999, "eastBoundingCoordinate": -18.411, "northBoundingCoordinate": 65.963, "southBoundingCoordinate": 21.5}, "sizeMB": 4.69, "format": "Not provided"}, "AE20140824.Cristobal.loc.nc": {"temporal": ["2014-08-24T00:00:05.000Z", "2014-08-24T23:59:46.000Z"], "wnes_geometry": {"westBoundingCoordinate": -72.999, "eastBoundingCoordinate": -18.411, "northBoundingCoordinate": 65.963, "southBoundingCoordinate": 21.5}, "sizeMB": 2.24, "format": "Not provided"}, "AE20140825.Cristobal.loc": {"temporal": ["2014-08-25T00:00:12.000Z", "2014-08-25T23:59:44.000Z"], "wnes_geometry": {"westBoundingCoordinate": -73, "eastBoundingCoordinate": -17.737, "northBoundingCoordinate": 68.686, "southBoundingCoordinate": 21.503}, "sizeMB": 1.12, "format": "Not provided"}, "AE20140825.Cristobal.loc.nc": {"temporal": ["2014-08-25T00:00:12.000Z", "2014-08-25T23:59:44.000Z"], "wnes_geometry": {"westBoundingCoordinate": -73, "eastBoundingCoordinate": -17.737, "northBoundingCoordinate": 68.686, "southBoundingCoordinate": 21.503}, "sizeMB": 0.55, "format": "Not provided"}, "AE20140826.Cristobal.loc.nc": {"temporal": ["2014-08-26T00:00:02.000Z", "2014-08-26T23:59:40.000Z"], "wnes_geometry": {"westBoundingCoordinate": -73, "eastBoundingCoordinate": -15.009, "northBoundingCoordinate": 63.332, "southBoundingCoordinate": 21.508}, "sizeMB": 0.71, "format": "Not provided"}, "AE20140826.Cristobal.loc": {"temporal": ["2014-08-26T00:00:02.000Z", "2014-08-26T23:59:40.000Z"], "wnes_geometry": {"westBoundingCoordinate": -73, "eastBoundingCoordinate": -15.009, "northBoundingCoordinate": 63.332, "southBoundingCoordinate": 21.508}, "sizeMB": 1.47, "format": "Not provided"}, "AE20140827.Cristobal.loc.nc": {"temporal": ["2014-08-27T00:00:08.000Z", "2014-08-27T23:59:46.000Z"], "wnes_geometry": {"westBoundingCoordinate": -73, "eastBoundingCoordinate": -15.001, "northBoundingCoordinate": 67.177, "southBoundingCoordinate": 21.653}, "sizeMB": 0.83, "format": "Not provided"}, "AE20140827.Cristobal.loc": {"temporal": ["2014-08-27T00:00:08.000Z", "2014-08-27T23:59:46.000Z"], "wnes_geometry": {"westBoundingCoordinate": -73, "eastBoundingCoordinate": -15.001, "northBoundingCoordinate": 67.177, "southBoundingCoordinate": 21.653}, "sizeMB": 1.71, "format": "Not provided"}, "AE20140828.Cristobal.loc": {"temporal": ["2014-08-28T00:00:05.000Z", "2014-08-28T23:59:48.000Z"], "wnes_geometry": {"westBoundingCoordinate": -72.998, "eastBoundingCoordinate": -15.004, "northBoundingCoordinate": 68.994, "southBoundingCoordinate": 21.746}, "sizeMB": 1.25, "format": "Not provided"}, "AE20140828.Cristobal.loc.nc": {"temporal": ["2014-08-28T00:00:05.000Z", "2014-08-28T23:59:48.000Z"], "wnes_geometry": {"westBoundingCoordinate": -72.998, "eastBoundingCoordinate": -15.004, "northBoundingCoordinate": 68.994, "southBoundingCoordinate": 21.746}, "sizeMB": 0.61, "format": "Not provided"}, "AE20140829.Cristobal.loc": {"temporal": ["2014-08-29T00:00:23.000Z", "2014-08-29T23:59:22.000Z"], "wnes_geometry": {"westBoundingCoordinate": -73, "eastBoundingCoordinate": -15.004, "northBoundingCoordinate": 66.869, "southBoundingCoordinate": 21.5}, "sizeMB": 0.85, "format": "Not provided"}, "AE20140829.Cristobal.loc.nc": {"temporal": ["2014-08-29T00:00:23.000Z", "2014-08-29T23:59:22.000Z"], "wnes_geometry": {"westBoundingCoordinate": -73, "eastBoundingCoordinate": -15.004, "northBoundingCoordinate": 66.869, "southBoundingCoordinate": 21.5}, "sizeMB": 0.42, "format": "Not provided"}, "AE20140830.Cristobal.loc": {"temporal": ["2014-08-30T00:00:48.000Z", "2014-08-30T23:59:43.000Z"], "wnes_geometry": {"westBoundingCoordinate": -73, "eastBoundingCoordinate": -16.587, "northBoundingCoordinate": 65.26, "southBoundingCoordinate": 21.5}, "sizeMB": 1.4, "format": "Not provided"}, "AE20140830.Cristobal.loc.nc": {"temporal": ["2014-08-30T00:00:48.000Z", "2014-08-30T23:59:43.000Z"], "wnes_geometry": {"westBoundingCoordinate": -73, "eastBoundingCoordinate": -16.587, "northBoundingCoordinate": 65.26, "southBoundingCoordinate": 21.5}, "sizeMB": 0.68, "format": "Not provided"}, "AE20140831.Cristobal.loc": {"temporal": ["2014-08-31T00:00:17.000Z", "2014-08-31T23:59:43.000Z"], "wnes_geometry": {"westBoundingCoordinate": -72.999, "eastBoundingCoordinate": -17.875, "northBoundingCoordinate": 67.937, "southBoundingCoordinate": 21.503}, "sizeMB": 4.25, "format": "Not provided"}, "AE20140831.Cristobal.loc.nc": {"temporal": ["2014-08-31T00:00:17.000Z", "2014-08-31T23:59:43.000Z"], "wnes_geometry": {"westBoundingCoordinate": -72.999, "eastBoundingCoordinate": -17.875, "northBoundingCoordinate": 67.937, "southBoundingCoordinate": 21.503}, "sizeMB": 2.04, "format": "Not provided"}, "AE20140901.Dolly.loc": {"temporal": ["2014-09-01T00:00:41.000Z", "2014-09-01T23:59:12.000Z"], "wnes_geometry": {"westBoundingCoordinate": -101, "eastBoundingCoordinate": -92.304, "northBoundingCoordinate": 22.798, "southBoundingCoordinate": 19.201}, "sizeMB": 0.49, "format": "Not provided"}, "AE20140901.Dolly.loc.nc": {"temporal": ["2014-09-01T00:00:41.000Z", "2014-09-01T23:59:12.000Z"], "wnes_geometry": {"westBoundingCoordinate": -101, "eastBoundingCoordinate": -92.304, "northBoundingCoordinate": 22.798, "southBoundingCoordinate": 19.201}, "sizeMB": 0.25, "format": "Not provided"}, "AE20140901.Cristobal.loc": {"temporal": ["2014-09-01T00:01:27.000Z", "2014-09-01T23:59:27.000Z"], "wnes_geometry": {"westBoundingCoordinate": -72.999, "eastBoundingCoordinate": -17.033, "northBoundingCoordinate": 68.83, "southBoundingCoordinate": 21.5}, "sizeMB": 1.33, "format": "Not provided"}, "AE20140901.Cristobal.loc.nc": {"temporal": ["2014-09-01T00:01:27.000Z", "2014-09-01T23:59:27.000Z"], "wnes_geometry": {"westBoundingCoordinate": -72.999, "eastBoundingCoordinate": -17.033, "northBoundingCoordinate": 68.83, "southBoundingCoordinate": 21.5}, "sizeMB": 0.66, "format": "Not provided"}, "AE20140902.Cristobal.loc.nc": {"temporal": ["2014-09-02T00:00:14.000Z", "2014-09-02T23:59:34.000Z"], "wnes_geometry": {"westBoundingCoordinate": -73, "eastBoundingCoordinate": -15.664, "northBoundingCoordinate": 66.112, "southBoundingCoordinate": 21.5}, "sizeMB": 0.8, "format": "Not provided"}, "AE20140902.Cristobal.loc": {"temporal": ["2014-09-02T00:00:14.000Z", "2014-09-02T23:59:34.000Z"], "wnes_geometry": {"westBoundingCoordinate": -73, "eastBoundingCoordinate": -15.664, "northBoundingCoordinate": 66.112, "southBoundingCoordinate": 21.5}, "sizeMB": 1.63, "format": "Not provided"}, "AE20140902.Dolly.loc": {"temporal": ["2014-09-02T00:00:32.000Z", "2014-09-02T23:59:46.000Z"], "wnes_geometry": {"westBoundingCoordinate": -100.995, "eastBoundingCoordinate": -92.388, "northBoundingCoordinate": 22.798, "southBoundingCoordinate": 19.2}, "sizeMB": 1.16, "format": "Not provided"}, "AE20140902.Dolly.loc.nc": {"temporal": ["2014-09-02T00:00:32.000Z", "2014-09-02T23:59:46.000Z"], "wnes_geometry": {"westBoundingCoordinate": -100.995, "eastBoundingCoordinate": -92.388, "northBoundingCoordinate": 22.798, "southBoundingCoordinate": 19.2}, "sizeMB": 0.58, "format": "Not provided"}, "AE20140903.Dolly.loc": {"temporal": ["2014-09-03T00:00:06.000Z", "2014-09-03T23:59:32.000Z"], "wnes_geometry": {"westBoundingCoordinate": -101, "eastBoundingCoordinate": -92.86, "northBoundingCoordinate": 22.8, "southBoundingCoordinate": 19.203}, "sizeMB": 1.44, "format": "Not provided"}, "AE20140903.Dolly.loc.nc": {"temporal": ["2014-09-03T00:00:06.000Z", "2014-09-03T23:59:32.000Z"], "wnes_geometry": {"westBoundingCoordinate": -101, "eastBoundingCoordinate": -92.86, "northBoundingCoordinate": 22.8, "southBoundingCoordinate": 19.203}, "sizeMB": 0.72, "format": "Not provided"}, "AE20140904.Dolly.loc.nc": {"temporal": ["2014-09-04T00:00:12.000Z", "2014-09-04T23:59:39.000Z"], "wnes_geometry": {"westBoundingCoordinate": -101, "eastBoundingCoordinate": -93.729, "northBoundingCoordinate": 22.795, "southBoundingCoordinate": 19.201}, "sizeMB": 0.36, "format": "Not provided"}, "AE20140904.Dolly.loc": {"temporal": ["2014-09-04T00:00:12.000Z", "2014-09-04T23:59:39.000Z"], "wnes_geometry": {"westBoundingCoordinate": -101, "eastBoundingCoordinate": -93.729, "northBoundingCoordinate": 22.795, "southBoundingCoordinate": 19.201}, "sizeMB": 0.72, "format": "Not provided"}, "AE20140910.Edouard.loc": {"temporal": ["2014-09-10T00:00:09.000Z", "2014-09-10T23:58:34.000Z"], "wnes_geometry": {"westBoundingCoordinate": -57.8, "eastBoundingCoordinate": -30.201, "northBoundingCoordinate": 39.833, "southBoundingCoordinate": 13.835}, "sizeMB": 1.6, "format": "Not provided"}, "AE20140910.Edouard.loc.nc": {"temporal": ["2014-09-10T00:00:09.000Z", "2014-09-10T23:58:34.000Z"], "wnes_geometry": {"westBoundingCoordinate": -57.8, "eastBoundingCoordinate": -30.201, "northBoundingCoordinate": 39.833, "southBoundingCoordinate": 13.835}, "sizeMB": 0.78, "format": "Not provided"}, "AE20140911.Edouard.loc.nc": {"temporal": ["2014-09-11T00:02:14.000Z", "2014-09-11T23:58:59.000Z"], "wnes_geometry": {"westBoundingCoordinate": -57.8, "eastBoundingCoordinate": -30.213, "northBoundingCoordinate": 39.896, "southBoundingCoordinate": 13.709}, "sizeMB": 0.33, "format": "Not provided"}, "AE20140911.Edouard.loc": {"temporal": ["2014-09-11T00:02:14.000Z", "2014-09-11T23:58:59.000Z"], "wnes_geometry": {"westBoundingCoordinate": -57.8, "eastBoundingCoordinate": -30.213, "northBoundingCoordinate": 39.896, "southBoundingCoordinate": 13.709}, "sizeMB": 0.65, "format": "Not provided"}, "AE20140912.Edouard.loc": {"temporal": ["2014-09-12T00:00:30.000Z", "2014-09-12T23:59:47.000Z"], "wnes_geometry": {"westBoundingCoordinate": -57.757, "eastBoundingCoordinate": -32.019, "northBoundingCoordinate": 39.887, "southBoundingCoordinate": 14.405}, "sizeMB": 0.4, "format": "Not provided"}, "AE20140912.Edouard.loc.nc": {"temporal": ["2014-09-12T00:00:30.000Z", "2014-09-12T23:59:47.000Z"], "wnes_geometry": {"westBoundingCoordinate": -57.757, "eastBoundingCoordinate": -32.019, "northBoundingCoordinate": 39.887, "southBoundingCoordinate": 14.405}, "sizeMB": 0.21, "format": "Not provided"}, "AE20140913.Edouard.loc.nc": {"temporal": ["2014-09-13T00:00:04.000Z", "2014-09-13T23:58:20.000Z"], "wnes_geometry": {"westBoundingCoordinate": -53.689, "eastBoundingCoordinate": -30.528, "northBoundingCoordinate": 39.607, "southBoundingCoordinate": 13.736}, "sizeMB": 0.12, "format": "Not provided"}, "AE20140913.Edouard.loc": {"temporal": ["2014-09-13T00:00:04.000Z", "2014-09-13T23:58:20.000Z"], "wnes_geometry": {"westBoundingCoordinate": -53.689, "eastBoundingCoordinate": -30.528, "northBoundingCoordinate": 39.607, "southBoundingCoordinate": 13.736}, "sizeMB": 0.22, "format": "Not provided"}, "AE20140914.Edouard.loc": {"temporal": ["2014-09-14T00:02:32.000Z", "2014-09-14T23:59:45.000Z"], "wnes_geometry": {"westBoundingCoordinate": -57.8, "eastBoundingCoordinate": -30.325, "northBoundingCoordinate": 39.868, "southBoundingCoordinate": 13.757}, "sizeMB": 0.25, "format": "Not provided"}, "AE20140914.Edouard.loc.nc": {"temporal": ["2014-09-14T00:02:32.000Z", "2014-09-14T23:59:45.000Z"], "wnes_geometry": {"westBoundingCoordinate": -57.8, "eastBoundingCoordinate": -30.325, "northBoundingCoordinate": 39.868, "southBoundingCoordinate": 13.757}, "sizeMB": 0.13, "format": "Not provided"}, "AE20140915.Edouard.loc": {"temporal": ["2014-09-15T00:00:46.000Z", "2014-09-15T23:59:44.000Z"], "wnes_geometry": {"westBoundingCoordinate": -57.799, "eastBoundingCoordinate": -32.01, "northBoundingCoordinate": 39.899, "southBoundingCoordinate": 13.709}, "sizeMB": 1.24, "format": "Not provided"}, "AE20140915.Edouard.loc.nc": {"temporal": ["2014-09-15T00:00:46.000Z", "2014-09-15T23:59:44.000Z"], "wnes_geometry": {"westBoundingCoordinate": -57.799, "eastBoundingCoordinate": -32.01, "northBoundingCoordinate": 39.899, "southBoundingCoordinate": 13.709}, "sizeMB": 0.6, "format": "Not provided"}, "AE20140916.Edouard.loc": {"temporal": ["2014-09-16T00:00:00.000Z", "2014-09-16T23:59:40.000Z"], "wnes_geometry": {"westBoundingCoordinate": -57.8, "eastBoundingCoordinate": -30.234, "northBoundingCoordinate": 39.892, "southBoundingCoordinate": 13.828}, "sizeMB": 1.07, "format": "Not provided"}, "AE20140916.Edouard.loc.nc": {"temporal": ["2014-09-16T00:00:00.000Z", "2014-09-16T23:59:40.000Z"], "wnes_geometry": {"westBoundingCoordinate": -57.8, "eastBoundingCoordinate": -30.234, "northBoundingCoordinate": 39.892, "southBoundingCoordinate": 13.828}, "sizeMB": 0.52, "format": "Not provided"}, "AE20140917.Edouard.loc": {"temporal": ["2014-09-17T00:00:11.000Z", "2014-09-17T23:59:43.000Z"], "wnes_geometry": {"westBoundingCoordinate": -57.8, "eastBoundingCoordinate": -30.211, "northBoundingCoordinate": 39.9, "southBoundingCoordinate": 13.721}, "sizeMB": 0.88, "format": "Not provided"}, "AE20140917.Edouard.loc.nc": {"temporal": ["2014-09-17T00:00:11.000Z", "2014-09-17T23:59:43.000Z"], "wnes_geometry": {"westBoundingCoordinate": -57.8, "eastBoundingCoordinate": -30.211, "northBoundingCoordinate": 39.9, "southBoundingCoordinate": 13.721}, "sizeMB": 0.43, "format": "Not provided"}, "AE20140918.Edouard.loc": {"temporal": ["2014-09-18T00:00:03.000Z", "2014-09-18T23:57:50.000Z"], "wnes_geometry": {"westBoundingCoordinate": -57.8, "eastBoundingCoordinate": -30.237, "northBoundingCoordinate": 39.899, "southBoundingCoordinate": 13.7}, "sizeMB": 0.48, "format": "Not provided"}, "AE20140918.Edouard.loc.nc": {"temporal": ["2014-09-18T00:00:03.000Z", "2014-09-18T23:57:50.000Z"], "wnes_geometry": {"westBoundingCoordinate": -57.8, "eastBoundingCoordinate": -30.237, "northBoundingCoordinate": 39.899, "southBoundingCoordinate": 13.7}, "sizeMB": 0.24, "format": "Not provided"}, "AE20140919.Edouard.loc.nc": {"temporal": ["2014-09-19T00:00:33.000Z", "2014-09-19T23:56:25.000Z"], "wnes_geometry": {"westBoundingCoordinate": -57.8, "eastBoundingCoordinate": -38.298, "northBoundingCoordinate": 39.877, "southBoundingCoordinate": 13.702}, "sizeMB": 0.1, "format": "Not provided"}, "AE20140919.Edouard.loc": {"temporal": ["2014-09-19T00:00:33.000Z", "2014-09-19T23:56:25.000Z"], "wnes_geometry": {"westBoundingCoordinate": -57.8, "eastBoundingCoordinate": -38.298, "northBoundingCoordinate": 39.877, "southBoundingCoordinate": 13.702}, "sizeMB": 0.17, "format": "Not provided"}, "AE20140920.Edouard.loc": {"temporal": ["2014-09-20T00:06:49.000Z", "2014-09-20T23:59:13.000Z"], "wnes_geometry": {"westBoundingCoordinate": -57.799, "eastBoundingCoordinate": -30.627, "northBoundingCoordinate": 39.653, "southBoundingCoordinate": 13.714}, "sizeMB": 0.14, "format": "Not provided"}, "AE20140920.Edouard.loc.nc": {"temporal": ["2014-09-20T00:06:49.000Z", "2014-09-20T23:59:13.000Z"], "wnes_geometry": {"westBoundingCoordinate": -57.799, "eastBoundingCoordinate": -30.627, "northBoundingCoordinate": 39.653, "southBoundingCoordinate": 13.714}, "sizeMB": 0.08, "format": "Not provided"}, "AE20140921.Edouard.loc.nc": {"temporal": ["2014-09-21T00:00:00.000Z", "2014-09-21T23:59:32.000Z"], "wnes_geometry": {"westBoundingCoordinate": -57.794, "eastBoundingCoordinate": -31.532, "northBoundingCoordinate": 38.05, "southBoundingCoordinate": 13.712}, "sizeMB": 0.27, "format": "Not provided"}, "AE20140921.Edouard.loc": {"temporal": ["2014-09-21T00:00:00.000Z", "2014-09-21T23:59:32.000Z"], "wnes_geometry": {"westBoundingCoordinate": -57.794, "eastBoundingCoordinate": -31.532, "northBoundingCoordinate": 38.05, "southBoundingCoordinate": 13.712}, "sizeMB": 0.54, "format": "Not provided"}, "AE20140922.Edouard.loc": {"temporal": ["2014-09-22T00:00:09.000Z", "2014-09-22T23:59:44.000Z"], "wnes_geometry": {"westBoundingCoordinate": -57.799, "eastBoundingCoordinate": -31.089, "northBoundingCoordinate": 38.786, "southBoundingCoordinate": 14.657}, "sizeMB": 2.18, "format": "Not provided"}, "AE20140922.Edouard.loc.nc": {"temporal": ["2014-09-22T00:00:09.000Z", "2014-09-22T23:59:44.000Z"], "wnes_geometry": {"westBoundingCoordinate": -57.799, "eastBoundingCoordinate": -31.089, "northBoundingCoordinate": 38.786, "southBoundingCoordinate": 14.657}, "sizeMB": 1.05, "format": "Not provided"}, "AE20141010.Fay.loc.nc": {"temporal": ["2014-10-10T00:00:34.000Z", "2014-10-10T23:57:51.000Z"], "wnes_geometry": {"westBoundingCoordinate": -65.399, "eastBoundingCoordinate": -59.001, "northBoundingCoordinate": 33.892, "southBoundingCoordinate": 22.003}, "sizeMB": 0.16, "format": "Not provided"}, "AE20141010.Fay.loc": {"temporal": ["2014-10-10T00:00:34.000Z", "2014-10-10T23:57:51.000Z"], "wnes_geometry": {"westBoundingCoordinate": -65.399, "eastBoundingCoordinate": -59.001, "northBoundingCoordinate": 33.892, "southBoundingCoordinate": 22.003}, "sizeMB": 0.31, "format": "Not provided"}, "AE20141011.Gonzalo.loc.nc": {"temporal": ["2014-10-11T00:00:00.000Z", "2014-10-11T23:59:24.000Z"], "wnes_geometry": {"westBoundingCoordinate": -68.699, "eastBoundingCoordinate": -30.909, "northBoundingCoordinate": 49.523, "southBoundingCoordinate": 16.4}, "sizeMB": 0.38, "format": "Not provided"}, "AE20141011.Gonzalo.loc": {"temporal": ["2014-10-11T00:00:00.000Z", "2014-10-11T23:59:24.000Z"], "wnes_geometry": {"westBoundingCoordinate": -68.699, "eastBoundingCoordinate": -30.909, "northBoundingCoordinate": 49.523, "southBoundingCoordinate": 16.4}, "sizeMB": 0.78, "format": "Not provided"}, "AE20141011.Fay.loc.nc": {"temporal": ["2014-10-11T00:03:01.000Z", "2014-10-11T23:58:03.000Z"], "wnes_geometry": {"westBoundingCoordinate": -65.389, "eastBoundingCoordinate": -59.001, "northBoundingCoordinate": 33.861, "southBoundingCoordinate": 22.037}, "sizeMB": 0.07, "format": "Not provided"}, "AE20141011.Fay.loc": {"temporal": ["2014-10-11T00:03:01.000Z", "2014-10-11T23:58:03.000Z"], "wnes_geometry": {"westBoundingCoordinate": -65.389, "eastBoundingCoordinate": -59.001, "northBoundingCoordinate": 33.861, "southBoundingCoordinate": 22.037}, "sizeMB": 0.12, "format": "Not provided"}, "AE20141012.Gonzalo.loc": {"temporal": ["2014-10-12T00:00:03.000Z", "2014-10-12T23:58:25.000Z"], "wnes_geometry": {"westBoundingCoordinate": -68.7, "eastBoundingCoordinate": -31.354, "northBoundingCoordinate": 49.715, "southBoundingCoordinate": 16.402}, "sizeMB": 0.73, "format": "Not provided"}, "AE20141012.Gonzalo.loc.nc": {"temporal": ["2014-10-12T00:00:03.000Z", "2014-10-12T23:58:25.000Z"], "wnes_geometry": {"westBoundingCoordinate": -68.7, "eastBoundingCoordinate": -31.354, "northBoundingCoordinate": 49.715, "southBoundingCoordinate": 16.402}, "sizeMB": 0.36, "format": "Not provided"}, "AE20141012.Fay.loc.nc": {"temporal": ["2014-10-12T00:15:40.000Z", "2014-10-12T21:20:01.000Z"], "wnes_geometry": {"westBoundingCoordinate": -65.393, "eastBoundingCoordinate": -60.068, "northBoundingCoordinate": 33.898, "southBoundingCoordinate": 22.389}, "sizeMB": 0.05, "format": "Not provided"}, "AE20141012.Fay.loc": {"temporal": ["2014-10-12T00:15:40.000Z", "2014-10-12T21:20:01.000Z"], "wnes_geometry": {"westBoundingCoordinate": -65.393, "eastBoundingCoordinate": -60.068, "northBoundingCoordinate": 33.898, "southBoundingCoordinate": 22.389}, "sizeMB": 0.07, "format": "Not provided"}, "AE20141013.Gonzalo.loc": {"temporal": ["2014-10-13T00:00:07.000Z", "2014-10-13T23:59:46.000Z"], "wnes_geometry": {"westBoundingCoordinate": -68.7, "eastBoundingCoordinate": -32.302, "northBoundingCoordinate": 49.142, "southBoundingCoordinate": 16.401}, "sizeMB": 0.42, "format": "Not provided"}, "AE20141013.Gonzalo.loc.nc": {"temporal": ["2014-10-13T00:00:07.000Z", "2014-10-13T23:59:46.000Z"], "wnes_geometry": {"westBoundingCoordinate": -68.7, "eastBoundingCoordinate": -32.302, "northBoundingCoordinate": 49.142, "southBoundingCoordinate": 16.401}, "sizeMB": 0.21, "format": "Not provided"}, "AE20141013.Fay.loc": {"temporal": ["2014-10-13T00:54:33.000Z", "2014-10-13T23:57:02.000Z"], "wnes_geometry": {"westBoundingCoordinate": -65.345, "eastBoundingCoordinate": -59.843, "northBoundingCoordinate": 31.186, "southBoundingCoordinate": 22.435}, "sizeMB": 0, "format": "Not provided"}, "AE20141013.Fay.loc.nc": {"temporal": ["2014-10-13T00:54:33.000Z", "2014-10-13T23:57:02.000Z"], "wnes_geometry": {"westBoundingCoordinate": -65.345, "eastBoundingCoordinate": -59.843, "northBoundingCoordinate": 31.186, "southBoundingCoordinate": 22.435}, "sizeMB": 0.02, "format": "Not provided"}, "AE20141014.Gonzalo.loc.nc": {"temporal": ["2014-10-14T00:00:06.000Z", "2014-10-14T23:59:48.000Z"], "wnes_geometry": {"westBoundingCoordinate": -68.692, "eastBoundingCoordinate": -31.941, "northBoundingCoordinate": 47.139, "southBoundingCoordinate": 16.405}, "sizeMB": 0.23, "format": "Not provided"}, "AE20141014.Gonzalo.loc": {"temporal": ["2014-10-14T00:00:06.000Z", "2014-10-14T23:59:48.000Z"], "wnes_geometry": {"westBoundingCoordinate": -68.692, "eastBoundingCoordinate": -31.941, "northBoundingCoordinate": 47.139, "southBoundingCoordinate": 16.405}, "sizeMB": 0.47, "format": "Not provided"}, "AE20141015.Gonzalo.loc.nc": {"temporal": ["2014-10-15T00:00:04.000Z", "2014-10-15T23:59:32.000Z"], "wnes_geometry": {"westBoundingCoordinate": -68.699, "eastBoundingCoordinate": -32.09, "northBoundingCoordinate": 50.583, "southBoundingCoordinate": 16.401}, "sizeMB": 0.66, "format": "Not provided"}, "AE20141015.Gonzalo.loc": {"temporal": ["2014-10-15T00:00:04.000Z", "2014-10-15T23:59:32.000Z"], "wnes_geometry": {"westBoundingCoordinate": -68.699, "eastBoundingCoordinate": -32.09, "northBoundingCoordinate": 50.583, "southBoundingCoordinate": 16.401}, "sizeMB": 1.38, "format": "Not provided"}, "AE20141016.Gonzalo.loc.nc": {"temporal": ["2014-10-16T00:00:04.000Z", "2014-10-16T23:59:47.000Z"], "wnes_geometry": {"westBoundingCoordinate": -68.7, "eastBoundingCoordinate": -30.991, "northBoundingCoordinate": 46.695, "southBoundingCoordinate": 16.402}, "sizeMB": 1.24, "format": "Not provided"}, "AE20141016.Gonzalo.loc": {"temporal": ["2014-10-16T00:00:04.000Z", "2014-10-16T23:59:47.000Z"], "wnes_geometry": {"westBoundingCoordinate": -68.7, "eastBoundingCoordinate": -30.991, "northBoundingCoordinate": 46.695, "southBoundingCoordinate": 16.402}, "sizeMB": 2.61, "format": "Not provided"}, "AE20141017.Gonzalo.loc": {"temporal": ["2014-10-17T00:00:17.000Z", "2014-10-17T23:59:48.000Z"], "wnes_geometry": {"westBoundingCoordinate": -68.699, "eastBoundingCoordinate": -31.002, "northBoundingCoordinate": 52.899, "southBoundingCoordinate": 16.4}, "sizeMB": 2.1, "format": "Not provided"}, "AE20141017.Gonzalo.loc.nc": {"temporal": ["2014-10-17T00:00:17.000Z", "2014-10-17T23:59:48.000Z"], "wnes_geometry": {"westBoundingCoordinate": -68.699, "eastBoundingCoordinate": -31.002, "northBoundingCoordinate": 52.899, "southBoundingCoordinate": 16.4}, "sizeMB": 0.99, "format": "Not provided"}, "AE20141018.Gonzalo.loc.nc": {"temporal": ["2014-10-18T00:00:00.000Z", "2014-10-18T23:59:42.000Z"], "wnes_geometry": {"westBoundingCoordinate": -68.7, "eastBoundingCoordinate": -30.9, "northBoundingCoordinate": 52.788, "southBoundingCoordinate": 16.401}, "sizeMB": 0.99, "format": "Not provided"}, "AE20141018.Gonzalo.loc": {"temporal": ["2014-10-18T00:00:00.000Z", "2014-10-18T23:59:42.000Z"], "wnes_geometry": {"westBoundingCoordinate": -68.7, "eastBoundingCoordinate": -30.9, "northBoundingCoordinate": 52.788, "southBoundingCoordinate": 16.401}, "sizeMB": 2.1, "format": "Not provided"}, "AE20141019.Gonzalo.loc": {"temporal": ["2014-10-19T00:00:05.000Z", "2014-10-19T23:59:47.000Z"], "wnes_geometry": {"westBoundingCoordinate": -68.7, "eastBoundingCoordinate": -31.876, "northBoundingCoordinate": 51.931, "southBoundingCoordinate": 16.4}, "sizeMB": 2.91, "format": "Not provided"}, "AE20141019.Gonzalo.loc.nc": {"temporal": ["2014-10-19T00:00:05.000Z", "2014-10-19T23:59:47.000Z"], "wnes_geometry": {"westBoundingCoordinate": -68.7, "eastBoundingCoordinate": -31.876, "northBoundingCoordinate": 51.931, "southBoundingCoordinate": 16.4}, "sizeMB": 1.37, "format": "Not provided"}, "AE20141020.Gonzalo.loc": {"temporal": ["2014-10-20T00:00:05.000Z", "2014-10-20T23:59:19.000Z"], "wnes_geometry": {"westBoundingCoordinate": -68.7, "eastBoundingCoordinate": -33.287, "northBoundingCoordinate": 53.879, "southBoundingCoordinate": 16.441}, "sizeMB": 4.48, "format": "Not provided"}, "AE20141020.Gonzalo.loc.nc": {"temporal": ["2014-10-20T00:00:05.000Z", "2014-10-20T23:59:19.000Z"], "wnes_geometry": {"westBoundingCoordinate": -68.7, "eastBoundingCoordinate": -33.287, "northBoundingCoordinate": 53.879, "southBoundingCoordinate": 16.441}, "sizeMB": 2.1, "format": "Not provided"}}