{"LISOTD_HRAC_V2.3.2015.hdf": {"temporal": ["1995-05-04T00:00:00.000Z", "2014-12-31T23:59:59.000Z"], "wnes_geometry": {"westBoundingCoordinate": -179.75, "eastBoundingCoordinate": 179.75, "northBoundingCoordinate": 89.75, "southBoundingCoordinate": -89.75}, "sizeMB": 215.11, "format": "HDF4"}, "LISOTD_HRAC_V2.3.2015.nc": {"temporal": ["1995-05-04T00:00:00.000Z", "2014-12-31T23:59:59.000Z"], "wnes_geometry": {"westBoundingCoordinate": -179.75, "eastBoundingCoordinate": 179.75, "northBoundingCoordinate": 89.75, "southBoundingCoordinate": -89.75}, "sizeMB": 668.69, "format": "NETCDF-4"}}