{"namma_large_nav_20060819_larc.csv": {"temporal": ["2006-08-19T13:14:18.000Z", "2006-08-19T19:48:26.000Z"], "wnes_geometry": {"westBoundingCoordinate": -27.03, "eastBoundingCoordinate": -18.147, "northBoundingCoordinate": 16.948, "southBoundingCoordinate": 7.038}, "sizeMB": 3.09, "format": "ASCII"}, "namma_large_nav_20060820_larc.csv": {"temporal": ["2006-08-20T12:05:15.000Z", "2006-08-20T20:10:29.000Z"], "wnes_geometry": {"westBoundingCoordinate": -33.157, "eastBoundingCoordinate": -22.947, "northBoundingCoordinate": 16.807, "southBoundingCoordinate": 7.262}, "sizeMB": 3.85, "format": "ASCII"}, "namma_large_nav_20060823_larc.csv": {"temporal": ["2006-08-23T11:54:52.000Z", "2006-08-23T20:09:49.000Z"], "wnes_geometry": {"westBoundingCoordinate": -34.112, "eastBoundingCoordinate": -22.945, "northBoundingCoordinate": 19.287, "southBoundingCoordinate": 14.072}, "sizeMB": 3.93, "format": "ASCII"}, "namma_large_nav_20060825_larc.csv": {"temporal": ["2006-08-25T12:38:39.000Z", "2006-08-25T20:18:24.000Z"], "wnes_geometry": {"westBoundingCoordinate": -22.952, "eastBoundingCoordinate": -16.09, "northBoundingCoordinate": 21.048, "southBoundingCoordinate": 8.928}, "sizeMB": 3.63, "format": "ASCII"}, "namma_large_nav_20060826_larc.csv": {"temporal": ["2006-08-26T12:44:35.000Z", "2006-08-26T20:12:36.000Z"], "wnes_geometry": {"westBoundingCoordinate": -28.968, "eastBoundingCoordinate": -19.537, "northBoundingCoordinate": 21.978, "southBoundingCoordinate": 10.993}, "sizeMB": 3.54, "format": "ASCII"}, "namma_large_nav_20060830_larc.csv": {"temporal": ["2006-08-30T12:49:33.000Z", "2006-08-30T20:10:44.000Z"], "wnes_geometry": {"westBoundingCoordinate": -24.878, "eastBoundingCoordinate": -21.112, "northBoundingCoordinate": 20.313, "southBoundingCoordinate": 10.01}, "sizeMB": 3.44, "format": "ASCII"}, "namma_large_nav_20060901_larc.csv": {"temporal": ["2006-09-01T12:56:18.000Z", "2006-09-01T19:02:04.000Z"], "wnes_geometry": {"westBoundingCoordinate": -22.98, "eastBoundingCoordinate": -13.46, "northBoundingCoordinate": 17.978, "southBoundingCoordinate": 9.057}, "sizeMB": 2.9, "format": "ASCII"}, "namma_large_nav_20060903_larc.csv": {"temporal": ["2006-09-03T11:46:28.000Z", "2006-09-03T19:48:13.000Z"], "wnes_geometry": {"westBoundingCoordinate": -27.89, "eastBoundingCoordinate": -19, "northBoundingCoordinate": 18.468, "southBoundingCoordinate": 11.075}, "sizeMB": 3.81, "format": "ASCII"}, "namma_large_nav_20060904_larc.csv": {"temporal": ["2006-09-04T12:44:56.000Z", "2006-09-04T18:44:40.000Z"], "wnes_geometry": {"westBoundingCoordinate": -34.153, "eastBoundingCoordinate": -22.943, "northBoundingCoordinate": 18.273, "southBoundingCoordinate": 10.19}, "sizeMB": 2.84, "format": "ASCII"}, "namma_large_nav_20060905_larc.csv": {"temporal": ["2006-09-05T11:41:40.000Z", "2006-09-05T17:53:49.000Z"], "wnes_geometry": {"westBoundingCoordinate": -23.192, "eastBoundingCoordinate": -10.558, "northBoundingCoordinate": 19.195, "southBoundingCoordinate": 16.263}, "sizeMB": 2.92, "format": "ASCII"}, "namma_large_nav_20060908_larc.csv": {"temporal": ["2006-09-08T12:45:51.000Z", "2006-09-08T20:08:30.000Z"], "wnes_geometry": {"westBoundingCoordinate": -23.528, "eastBoundingCoordinate": -14.52, "northBoundingCoordinate": 17.497, "southBoundingCoordinate": 8.495}, "sizeMB": 3.5, "format": "ASCII"}, "namma_large_nav_20060909_larc.csv": {"temporal": ["2006-09-09T12:42:06.000Z", "2006-09-09T18:12:06.000Z"], "wnes_geometry": {"westBoundingCoordinate": -27.357, "eastBoundingCoordinate": -20.83, "northBoundingCoordinate": 16.965, "southBoundingCoordinate": 9.555}, "sizeMB": 2.58, "format": "ASCII"}, "namma_large_nav_20060912_larc.csv": {"temporal": ["2006-09-12T11:39:19.000Z", "2006-09-12T19:49:33.000Z"], "wnes_geometry": {"westBoundingCoordinate": -26.008, "eastBoundingCoordinate": -18.583, "northBoundingCoordinate": 16.873, "southBoundingCoordinate": 7.995}, "sizeMB": 3.83, "format": "ASCII"}}