{"NAMMA_MMS_20060819.tar": {"temporal": ["2006-08-19T13:32:50.000Z", "2006-08-19T19:47:47.000Z"], "wnes_geometry": {"westBoundingCoordinate": -27.025, "eastBoundingCoordinate": -18.148, "northBoundingCoordinate": 16.951, "southBoundingCoordinate": 7.035}, "sizeMB": 85.56, "format": "Not provided"}, "NAMMA_MMS_20060820.tar": {"temporal": ["2006-08-20T12:01:58.000Z", "2006-08-20T20:08:20.000Z"], "wnes_geometry": {"westBoundingCoordinate": -33.163, "eastBoundingCoordinate": -22.946, "northBoundingCoordinate": 16.844, "southBoundingCoordinate": 7.26}, "sizeMB": 110.97, "format": "Not provided"}, "NAMMA_MMS_20060823.tar": {"temporal": ["2006-08-23T12:00:22.000Z", "2006-08-23T20:07:38.000Z"], "wnes_geometry": {"westBoundingCoordinate": -34.112, "eastBoundingCoordinate": -22.947, "northBoundingCoordinate": 19.288, "southBoundingCoordinate": 14.071}, "sizeMB": 111.18, "format": "Not provided"}, "NAMMA_MMS_20060825.tar": {"temporal": ["2006-08-25T12:58:09.000Z", "2006-08-25T20:17:55.000Z"], "wnes_geometry": {"westBoundingCoordinate": -22.949, "eastBoundingCoordinate": -16.094, "northBoundingCoordinate": 21.049, "southBoundingCoordinate": 8.926}, "sizeMB": 100.34, "format": "Not provided"}, "NAMMA_MMS_20060826.tar": {"temporal": ["2006-08-26T12:58:03.000Z", "2006-08-26T20:10:04.000Z"], "wnes_geometry": {"westBoundingCoordinate": -28.968, "eastBoundingCoordinate": -19.536, "northBoundingCoordinate": 21.979, "southBoundingCoordinate": 10.993}, "sizeMB": 98.57, "format": "Not provided"}, "NAMMA_MMS_20060830.tar": {"temporal": ["2006-08-30T13:05:12.000Z", "2006-08-30T20:10:28.000Z"], "wnes_geometry": {"westBoundingCoordinate": -24.885, "eastBoundingCoordinate": -21.126, "northBoundingCoordinate": 20.311, "southBoundingCoordinate": 10.016}, "sizeMB": 97.03, "format": "Not provided"}, "NAMMA_MMS_20060901.tar": {"temporal": ["2006-09-01T13:09:18.000Z", "2006-09-01T19:00:56.000Z"], "wnes_geometry": {"westBoundingCoordinate": -22.984, "eastBoundingCoordinate": -13.459, "northBoundingCoordinate": 17.979, "southBoundingCoordinate": 9.055}, "sizeMB": 80.23, "format": "Not provided"}, "NAMMA_MMS_20060903.tar": {"temporal": ["2006-09-03T11:59:58.000Z", "2006-09-03T19:45:55.000Z"], "wnes_geometry": {"westBoundingCoordinate": -27.891, "eastBoundingCoordinate": -19, "northBoundingCoordinate": 18.469, "southBoundingCoordinate": 11.072}, "sizeMB": 106.31, "format": "Not provided"}, "NAMMA_MMS_20060904.tar": {"temporal": ["2006-09-04T12:58:41.000Z", "2006-09-04T18:43:05.000Z"], "wnes_geometry": {"westBoundingCoordinate": -34.154, "eastBoundingCoordinate": -22.944, "northBoundingCoordinate": 18.273, "southBoundingCoordinate": 10.19}, "sizeMB": 78.58, "format": "Not provided"}, "NAMMA_MMS_20060905.tar": {"temporal": ["2006-09-05T11:54:27.000Z", "2006-09-05T17:52:10.000Z"], "wnes_geometry": {"westBoundingCoordinate": -23.192, "eastBoundingCoordinate": -10.557, "northBoundingCoordinate": 19.195, "southBoundingCoordinate": 16.263}, "sizeMB": 81.62, "format": "Not provided"}, "NAMMA_MMS_20060908.tar": {"temporal": ["2006-09-08T13:01:48.000Z", "2006-09-08T20:06:19.000Z"], "wnes_geometry": {"westBoundingCoordinate": -23.536, "eastBoundingCoordinate": -14.528, "northBoundingCoordinate": 17.498, "southBoundingCoordinate": 8.495}, "sizeMB": 96.86, "format": "Not provided"}, "NAMMA_MMS_20060909.tar": {"temporal": ["2006-09-09T12:55:14.000Z", "2006-09-09T18:10:23.000Z"], "wnes_geometry": {"westBoundingCoordinate": -27.357, "eastBoundingCoordinate": -20.83, "northBoundingCoordinate": 16.966, "southBoundingCoordinate": 9.555}, "sizeMB": 71.91, "format": "Not provided"}, "NAMMA_MMS_20060912.tar": {"temporal": ["2006-09-12T11:54:09.000Z", "2006-09-12T19:47:14.000Z"], "wnes_geometry": {"westBoundingCoordinate": -26.009, "eastBoundingCoordinate": -18.582, "northBoundingCoordinate": 16.875, "southBoundingCoordinate": 7.995}, "sizeMB": 107.94, "format": "Not provided"}}