{"NAMMA_NPOL_060819_volume.tar": {"temporal": ["2006-08-19T12:57:57.000Z", "2006-08-19T18:10:47.000Z"], "wnes_geometry": {"westBoundingCoordinate": -19.541, "eastBoundingCoordinate": -14.655, "northBoundingCoordinate": 17.1, "southBoundingCoordinate": 12.213}, "sizeMB": 185.78, "format": "Not Provided"}, "NAMMA_NPOL_060819_gridded.tar": {"temporal": ["2006-08-19T12:58:00.000Z", "2006-08-19T18:06:00.000Z"], "wnes_geometry": {"westBoundingCoordinate": -19.541, "eastBoundingCoordinate": -14.655, "northBoundingCoordinate": 17.1, "southBoundingCoordinate": 12.213}, "sizeMB": 1.66, "format": "ASCII"}, "NAMMA_NPOL_060820_gridded.tar": {"temporal": ["2006-08-20T16:46:00.000Z", "2006-08-20T16:51:00.000Z"], "wnes_geometry": {"westBoundingCoordinate": -19.541, "eastBoundingCoordinate": -14.655, "northBoundingCoordinate": 17.1, "southBoundingCoordinate": 12.213}, "sizeMB": 0.09, "format": "ASCII"}, "NAMMA_NPOL_060820_volume.tar": {"temporal": ["2006-08-20T16:46:08.000Z", "2006-08-20T16:55:29.000Z"], "wnes_geometry": {"westBoundingCoordinate": -19.541, "eastBoundingCoordinate": -14.655, "northBoundingCoordinate": 17.1, "southBoundingCoordinate": 12.213}, "sizeMB": 13.32, "format": "Not Provided"}, "NAMMA_NPOL_060821_volume.tar": {"temporal": ["2006-08-21T12:20:37.000Z", "2006-08-21T23:59:06.000Z"], "wnes_geometry": {"westBoundingCoordinate": -19.541, "eastBoundingCoordinate": -14.655, "northBoundingCoordinate": 17.1, "southBoundingCoordinate": 12.213}, "sizeMB": 316.59, "format": "Not Provided"}, "NAMMA_NPOL_060821_gridded.tar": {"temporal": ["2006-08-21T12:21:00.000Z", "2006-08-21T23:46:00.000Z"], "wnes_geometry": {"westBoundingCoordinate": -19.541, "eastBoundingCoordinate": -14.655, "northBoundingCoordinate": 17.1, "southBoundingCoordinate": 12.213}, "sizeMB": 1.52, "format": "ASCII"}, "NAMMA_NPOL_060822_volume.tar": {"temporal": ["2006-08-22T00:00:54.000Z", "2006-08-22T23:59:04.000Z"], "wnes_geometry": {"westBoundingCoordinate": -19.541, "eastBoundingCoordinate": -14.655, "northBoundingCoordinate": 17.1, "southBoundingCoordinate": 12.213}, "sizeMB": 409.08, "format": "Not Provided"}, "NAMMA_NPOL_060822_gridded.tar": {"temporal": ["2006-08-22T00:01:00.000Z", "2006-08-22T23:46:00.000Z"], "wnes_geometry": {"westBoundingCoordinate": -19.541, "eastBoundingCoordinate": -14.655, "northBoundingCoordinate": 17.1, "southBoundingCoordinate": 12.213}, "sizeMB": 2.45, "format": "ASCII"}, "NAMMA_NPOL_060823_surface.tar": {"temporal": ["2006-08-23T00:00:12.000Z", "2006-08-23T23:45:50.000Z"], "wnes_geometry": {"westBoundingCoordinate": -19.541, "eastBoundingCoordinate": -14.655, "northBoundingCoordinate": 17.1, "southBoundingCoordinate": 12.213}, "sizeMB": 37.61, "format": "Not Provided"}, "NAMMA_NPOL_060823_volume.tar": {"temporal": ["2006-08-23T00:00:54.000Z", "2006-08-23T23:59:04.000Z"], "wnes_geometry": {"westBoundingCoordinate": -19.541, "eastBoundingCoordinate": -14.655, "northBoundingCoordinate": 17.1, "southBoundingCoordinate": 12.213}, "sizeMB": 379.04, "format": "Not Provided"}, "NAMMA_NPOL_060823_gridded.tar": {"temporal": ["2006-08-23T00:01:00.000Z", "2006-08-23T23:46:00.000Z"], "wnes_geometry": {"westBoundingCoordinate": -19.541, "eastBoundingCoordinate": -14.655, "northBoundingCoordinate": 17.1, "southBoundingCoordinate": 12.213}, "sizeMB": 3.02, "format": "ASCII"}, "NAMMA_NPOL_060824_surface.tar": {"temporal": ["2006-08-24T00:00:12.000Z", "2006-08-24T23:45:50.000Z"], "wnes_geometry": {"westBoundingCoordinate": -19.541, "eastBoundingCoordinate": -14.655, "northBoundingCoordinate": 17.1, "southBoundingCoordinate": 12.213}, "sizeMB": 40.36, "format": "Not Provided"}, "NAMMA_NPOL_060824_volume.tar": {"temporal": ["2006-08-24T00:00:54.000Z", "2006-08-24T23:59:03.000Z"], "wnes_geometry": {"westBoundingCoordinate": -19.541, "eastBoundingCoordinate": -14.655, "northBoundingCoordinate": 17.1, "southBoundingCoordinate": 12.213}, "sizeMB": 411.94, "format": "Not Provided"}, "NAMMA_NPOL_060824_gridded.tar": {"temporal": ["2006-08-24T00:01:00.000Z", "2006-08-24T23:46:00.000Z"], "wnes_geometry": {"westBoundingCoordinate": -19.541, "eastBoundingCoordinate": -14.655, "northBoundingCoordinate": 17.1, "southBoundingCoordinate": 12.213}, "sizeMB": 3.88, "format": "ASCII"}, "NAMMA_NPOL_060825_surface.tar": {"temporal": ["2006-08-25T00:00:12.000Z", "2006-08-25T23:45:51.000Z"], "wnes_geometry": {"westBoundingCoordinate": -19.541, "eastBoundingCoordinate": -14.655, "northBoundingCoordinate": 17.1, "southBoundingCoordinate": 12.213}, "sizeMB": 43.45, "format": "Not Provided"}, "NAMMA_NPOL_060825_volume.tar": {"temporal": ["2006-08-25T00:00:53.000Z", "2006-08-25T23:59:04.000Z"], "wnes_geometry": {"westBoundingCoordinate": -19.541, "eastBoundingCoordinate": -14.655, "northBoundingCoordinate": 17.1, "southBoundingCoordinate": 12.213}, "sizeMB": 517.85, "format": "Not Provided"}, "NAMMA_NPOL_060825_gridded.tar": {"temporal": ["2006-08-25T00:01:00.000Z", "2006-08-25T23:45:00.000Z"], "wnes_geometry": {"westBoundingCoordinate": -19.541, "eastBoundingCoordinate": -14.655, "northBoundingCoordinate": 17.1, "southBoundingCoordinate": 12.213}, "sizeMB": 4.6, "format": "ASCII"}, "NAMMA_NPOL_060826_surface.tar": {"temporal": ["2006-08-26T00:00:12.000Z", "2006-08-26T23:45:50.000Z"], "wnes_geometry": {"westBoundingCoordinate": -19.541, "eastBoundingCoordinate": -14.655, "northBoundingCoordinate": 17.1, "southBoundingCoordinate": 12.213}, "sizeMB": 43.5, "format": "Not Provided"}, "NAMMA_NPOL_060826_volume.tar": {"temporal": ["2006-08-26T00:00:54.000Z", "2006-08-26T23:59:03.000Z"], "wnes_geometry": {"westBoundingCoordinate": -19.541, "eastBoundingCoordinate": -14.655, "northBoundingCoordinate": 17.1, "southBoundingCoordinate": 12.213}, "sizeMB": 480.27, "format": "Not Provided"}, "NAMMA_NPOL_060826_gridded.tar": {"temporal": ["2006-08-26T00:01:00.000Z", "2006-08-26T23:45:00.000Z"], "wnes_geometry": {"westBoundingCoordinate": -19.541, "eastBoundingCoordinate": -14.655, "northBoundingCoordinate": 17.1, "southBoundingCoordinate": 12.213}, "sizeMB": 4.21, "format": "ASCII"}, "NAMMA_NPOL_060827_surface.tar": {"temporal": ["2006-08-27T00:00:12.000Z", "2006-08-27T23:45:51.000Z"], "wnes_geometry": {"westBoundingCoordinate": -19.541, "eastBoundingCoordinate": -14.655, "northBoundingCoordinate": 17.1, "southBoundingCoordinate": 12.213}, "sizeMB": 47.05, "format": "Not Provided"}, "NAMMA_NPOL_060827_volume.tar": {"temporal": ["2006-08-27T00:00:54.000Z", "2006-08-27T23:59:02.000Z"], "wnes_geometry": {"westBoundingCoordinate": -19.541, "eastBoundingCoordinate": -14.655, "northBoundingCoordinate": 17.1, "southBoundingCoordinate": 12.213}, "sizeMB": 521.32, "format": "Not Provided"}, "NAMMA_NPOL_060827_gridded.tar": {"temporal": ["2006-08-27T00:01:00.000Z", "2006-08-27T23:46:00.000Z"], "wnes_geometry": {"westBoundingCoordinate": -19.541, "eastBoundingCoordinate": -14.655, "northBoundingCoordinate": 17.1, "southBoundingCoordinate": 12.213}, "sizeMB": 4.96, "format": "ASCII"}, "NAMMA_NPOL_060828_surface.tar": {"temporal": ["2006-08-28T00:00:12.000Z", "2006-08-28T23:45:50.000Z"], "wnes_geometry": {"westBoundingCoordinate": -19.541, "eastBoundingCoordinate": -14.655, "northBoundingCoordinate": 17.1, "southBoundingCoordinate": 12.213}, "sizeMB": 47.65, "format": "Not Provided"}, "NAMMA_NPOL_060828_volume.tar": {"temporal": ["2006-08-28T00:00:54.000Z", "2006-08-28T23:59:03.000Z"], "wnes_geometry": {"westBoundingCoordinate": -19.541, "eastBoundingCoordinate": -14.655, "northBoundingCoordinate": 17.1, "southBoundingCoordinate": 12.213}, "sizeMB": 582.27, "format": "Not Provided"}, "NAMMA_NPOL_060828_gridded.tar": {"temporal": ["2006-08-28T00:01:00.000Z", "2006-08-28T23:45:00.000Z"], "wnes_geometry": {"westBoundingCoordinate": -19.541, "eastBoundingCoordinate": -14.655, "northBoundingCoordinate": 17.1, "southBoundingCoordinate": 12.213}, "sizeMB": 5.01, "format": "ASCII"}, "NAMMA_NPOL_060829_surface.tar": {"temporal": ["2006-08-29T00:00:12.000Z", "2006-08-29T23:45:51.000Z"], "wnes_geometry": {"westBoundingCoordinate": -19.541, "eastBoundingCoordinate": -14.655, "northBoundingCoordinate": 17.1, "southBoundingCoordinate": 12.213}, "sizeMB": 38.66, "format": "Not Provided"}, "NAMMA_NPOL_060829_volume.tar": {"temporal": ["2006-08-29T00:00:54.000Z", "2006-08-29T23:59:02.000Z"], "wnes_geometry": {"westBoundingCoordinate": -19.541, "eastBoundingCoordinate": -14.655, "northBoundingCoordinate": 17.1, "southBoundingCoordinate": 12.213}, "sizeMB": 410.07, "format": "Not Provided"}, "NAMMA_NPOL_060829_gridded.tar": {"temporal": ["2006-08-29T00:01:00.000Z", "2006-08-29T23:46:00.000Z"], "wnes_geometry": {"westBoundingCoordinate": -19.541, "eastBoundingCoordinate": -14.655, "northBoundingCoordinate": 17.1, "southBoundingCoordinate": 12.213}, "sizeMB": 3.62, "format": "ASCII"}, "NAMMA_NPOL_060830_surface.tar": {"temporal": ["2006-08-30T00:00:12.000Z", "2006-08-30T23:45:50.000Z"], "wnes_geometry": {"westBoundingCoordinate": -19.541, "eastBoundingCoordinate": -14.655, "northBoundingCoordinate": 17.1, "southBoundingCoordinate": 12.213}, "sizeMB": 41.81, "format": "Not Provided"}, "NAMMA_NPOL_060830_volume.tar": {"temporal": ["2006-08-30T00:00:53.000Z", "2006-08-30T23:59:02.000Z"], "wnes_geometry": {"westBoundingCoordinate": -19.541, "eastBoundingCoordinate": -14.655, "northBoundingCoordinate": 17.1, "southBoundingCoordinate": 12.213}, "sizeMB": 473.6, "format": "Not Provided"}, "NAMMA_NPOL_060830_gridded.tar": {"temporal": ["2006-08-30T00:01:00.000Z", "2006-08-30T23:46:00.000Z"], "wnes_geometry": {"westBoundingCoordinate": -19.541, "eastBoundingCoordinate": -14.655, "northBoundingCoordinate": 17.1, "southBoundingCoordinate": 12.213}, "sizeMB": 3.55, "format": "ASCII"}, "NAMMA_NPOL_060831_surface.tar": {"temporal": ["2006-08-31T00:00:12.000Z", "2006-08-31T23:45:51.000Z"], "wnes_geometry": {"westBoundingCoordinate": -19.541, "eastBoundingCoordinate": -14.655, "northBoundingCoordinate": 17.1, "southBoundingCoordinate": 12.213}, "sizeMB": 52.36, "format": "Not Provided"}, "NAMMA_NPOL_060831_volume.tar": {"temporal": ["2006-08-31T00:00:54.000Z", "2006-08-31T23:59:03.000Z"], "wnes_geometry": {"westBoundingCoordinate": -19.541, "eastBoundingCoordinate": -14.655, "northBoundingCoordinate": 17.1, "southBoundingCoordinate": 12.213}, "sizeMB": 618.6, "format": "Not Provided"}, "NAMMA_NPOL_060831_gridded.tar": {"temporal": ["2006-08-31T00:01:00.000Z", "2006-08-31T23:45:00.000Z"], "wnes_geometry": {"westBoundingCoordinate": -19.541, "eastBoundingCoordinate": -14.655, "northBoundingCoordinate": 17.1, "southBoundingCoordinate": 12.213}, "sizeMB": 5.66, "format": "ASCII"}, "NAMMA_NPOL_060901_surface.tar": {"temporal": ["2006-09-01T00:00:12.000Z", "2006-09-01T23:45:50.000Z"], "wnes_geometry": {"westBoundingCoordinate": -19.541, "eastBoundingCoordinate": -14.655, "northBoundingCoordinate": 17.1, "southBoundingCoordinate": 12.213}, "sizeMB": 44.71, "format": "Not Provided"}, "NAMMA_NPOL_060901_volume.tar": {"temporal": ["2006-09-01T00:00:54.000Z", "2006-09-01T23:59:01.000Z"], "wnes_geometry": {"westBoundingCoordinate": -19.541, "eastBoundingCoordinate": -14.655, "northBoundingCoordinate": 17.1, "southBoundingCoordinate": 12.213}, "sizeMB": 476.45, "format": "Not Provided"}, "NAMMA_NPOL_060901_gridded.tar": {"temporal": ["2006-09-01T00:01:00.000Z", "2006-09-01T23:46:00.000Z"], "wnes_geometry": {"westBoundingCoordinate": -19.541, "eastBoundingCoordinate": -14.655, "northBoundingCoordinate": 17.1, "southBoundingCoordinate": 12.213}, "sizeMB": 3.88, "format": "ASCII"}, "NAMMA_NPOL_060902_surface.tar": {"temporal": ["2006-09-02T00:00:12.000Z", "2006-09-02T23:45:50.000Z"], "wnes_geometry": {"westBoundingCoordinate": -19.541, "eastBoundingCoordinate": -14.655, "northBoundingCoordinate": 17.1, "southBoundingCoordinate": 12.213}, "sizeMB": 57.73, "format": "Not Provided"}, "NAMMA_NPOL_060902_volume.tar": {"temporal": ["2006-09-02T00:00:54.000Z", "2006-09-02T23:59:02.000Z"], "wnes_geometry": {"westBoundingCoordinate": -19.541, "eastBoundingCoordinate": -14.655, "northBoundingCoordinate": 17.1, "southBoundingCoordinate": 12.213}, "sizeMB": 808.82, "format": "Not Provided"}, "NAMMA_NPOL_060902_gridded.tar": {"temporal": ["2006-09-02T00:01:00.000Z", "2006-09-02T23:46:00.000Z"], "wnes_geometry": {"westBoundingCoordinate": -19.541, "eastBoundingCoordinate": -14.655, "northBoundingCoordinate": 17.1, "southBoundingCoordinate": 12.213}, "sizeMB": 6.65, "format": "ASCII"}, "NAMMA_NPOL_060903_surface.tar": {"temporal": ["2006-09-03T00:00:12.000Z", "2006-09-03T23:45:47.000Z"], "wnes_geometry": {"westBoundingCoordinate": -19.541, "eastBoundingCoordinate": -14.655, "northBoundingCoordinate": 17.1, "southBoundingCoordinate": 12.213}, "sizeMB": 46.19, "format": "Not Provided"}, "NAMMA_NPOL_060903_volume.tar": {"temporal": ["2006-09-03T00:00:54.000Z", "2006-09-03T23:58:58.000Z"], "wnes_geometry": {"westBoundingCoordinate": -19.541, "eastBoundingCoordinate": -14.655, "northBoundingCoordinate": 17.1, "southBoundingCoordinate": 12.213}, "sizeMB": 532.25, "format": "Not Provided"}, "NAMMA_NPOL_060903_gridded.tar": {"temporal": ["2006-09-03T00:01:00.000Z", "2006-09-03T23:46:00.000Z"], "wnes_geometry": {"westBoundingCoordinate": -19.541, "eastBoundingCoordinate": -14.655, "northBoundingCoordinate": 17.1, "southBoundingCoordinate": 12.213}, "sizeMB": 4.61, "format": "ASCII"}, "NAMMA_NPOL_060904_surface.tar": {"temporal": ["2006-09-04T00:00:12.000Z", "2006-09-04T23:45:50.000Z"], "wnes_geometry": {"westBoundingCoordinate": -19.541, "eastBoundingCoordinate": -14.655, "northBoundingCoordinate": 17.1, "southBoundingCoordinate": 12.213}, "sizeMB": 39.65, "format": "Not Provided"}, "NAMMA_NPOL_060904_volume.tar": {"temporal": ["2006-09-04T00:00:53.000Z", "2006-09-04T23:59:03.000Z"], "wnes_geometry": {"westBoundingCoordinate": -19.541, "eastBoundingCoordinate": -14.655, "northBoundingCoordinate": 17.1, "southBoundingCoordinate": 12.213}, "sizeMB": 477.46, "format": "Not Provided"}, "NAMMA_NPOL_060904_gridded.tar": {"temporal": ["2006-09-04T00:01:00.000Z", "2006-09-04T23:45:00.000Z"], "wnes_geometry": {"westBoundingCoordinate": -19.541, "eastBoundingCoordinate": -14.655, "northBoundingCoordinate": 17.1, "southBoundingCoordinate": 12.213}, "sizeMB": 4.04, "format": "ASCII"}, "NAMMA_NPOL_060905_surface.tar": {"temporal": ["2006-09-05T00:00:12.000Z", "2006-09-05T23:45:50.000Z"], "wnes_geometry": {"westBoundingCoordinate": -19.541, "eastBoundingCoordinate": -14.655, "northBoundingCoordinate": 17.1, "southBoundingCoordinate": 12.213}, "sizeMB": 40.33, "format": "Not Provided"}, "NAMMA_NPOL_060905_volume.tar": {"temporal": ["2006-09-05T00:00:54.000Z", "2006-09-05T23:59:02.000Z"], "wnes_geometry": {"westBoundingCoordinate": -19.541, "eastBoundingCoordinate": -14.655, "northBoundingCoordinate": 17.1, "southBoundingCoordinate": 12.213}, "sizeMB": 434.33, "format": "Not Provided"}, "NAMMA_NPOL_060905_gridded.tar": {"temporal": ["2006-09-05T00:01:00.000Z", "2006-09-05T23:46:00.000Z"], "wnes_geometry": {"westBoundingCoordinate": -19.541, "eastBoundingCoordinate": -14.655, "northBoundingCoordinate": 17.1, "southBoundingCoordinate": 12.213}, "sizeMB": 3.47, "format": "ASCII"}, "NAMMA_NPOL_060906_surface.tar": {"temporal": ["2006-09-06T00:00:12.000Z", "2006-09-06T23:45:50.000Z"], "wnes_geometry": {"westBoundingCoordinate": -19.541, "eastBoundingCoordinate": -14.655, "northBoundingCoordinate": 17.1, "southBoundingCoordinate": 12.213}, "sizeMB": 41.97, "format": "Not Provided"}, "NAMMA_NPOL_060906_volume.tar": {"temporal": ["2006-09-06T00:00:53.000Z", "2006-09-06T23:59:03.000Z"], "wnes_geometry": {"westBoundingCoordinate": -19.541, "eastBoundingCoordinate": -14.655, "northBoundingCoordinate": 17.1, "southBoundingCoordinate": 12.213}, "sizeMB": 450.51, "format": "Not Provided"}, "NAMMA_NPOL_060906_gridded.tar": {"temporal": ["2006-09-06T00:01:00.000Z", "2006-09-06T23:46:00.000Z"], "wnes_geometry": {"westBoundingCoordinate": -19.541, "eastBoundingCoordinate": -14.655, "northBoundingCoordinate": 17.1, "southBoundingCoordinate": 12.213}, "sizeMB": 3.68, "format": "ASCII"}, "NAMMA_NPOL_060907_gridded.tar": {"temporal": ["2006-09-07T00:00:00.000Z", "2006-09-07T23:46:00.000Z"], "wnes_geometry": {"westBoundingCoordinate": -19.541, "eastBoundingCoordinate": -14.655, "northBoundingCoordinate": 17.1, "southBoundingCoordinate": 12.213}, "sizeMB": 5.95, "format": "ASCII"}, "NAMMA_NPOL_060907_surface.tar": {"temporal": ["2006-09-07T00:00:12.000Z", "2006-09-07T23:45:51.000Z"], "wnes_geometry": {"westBoundingCoordinate": -19.541, "eastBoundingCoordinate": -14.655, "northBoundingCoordinate": 17.1, "southBoundingCoordinate": 12.213}, "sizeMB": 50.76, "format": "Not Provided"}, "NAMMA_NPOL_060907_volume.tar": {"temporal": ["2006-09-07T00:00:54.000Z", "2006-09-07T23:59:02.000Z"], "wnes_geometry": {"westBoundingCoordinate": -19.541, "eastBoundingCoordinate": -14.655, "northBoundingCoordinate": 17.1, "southBoundingCoordinate": 12.213}, "sizeMB": 649.45, "format": "Not Provided"}, "NAMMA_NPOL_060908_surface.tar": {"temporal": ["2006-09-08T00:00:12.000Z", "2006-09-08T23:45:51.000Z"], "wnes_geometry": {"westBoundingCoordinate": -19.541, "eastBoundingCoordinate": -14.655, "northBoundingCoordinate": 17.1, "southBoundingCoordinate": 12.213}, "sizeMB": 53.18, "format": "Not Provided"}, "NAMMA_NPOL_060908_volume.tar": {"temporal": ["2006-09-08T00:00:53.000Z", "2006-09-08T23:59:01.000Z"], "wnes_geometry": {"westBoundingCoordinate": -19.541, "eastBoundingCoordinate": -14.655, "northBoundingCoordinate": 17.1, "southBoundingCoordinate": 12.213}, "sizeMB": 606.64, "format": "Not Provided"}, "NAMMA_NPOL_060908_gridded.tar": {"temporal": ["2006-09-08T00:01:00.000Z", "2006-09-08T23:46:00.000Z"], "wnes_geometry": {"westBoundingCoordinate": -19.541, "eastBoundingCoordinate": -14.655, "northBoundingCoordinate": 17.1, "southBoundingCoordinate": 12.213}, "sizeMB": 5.7, "format": "ASCII"}, "NAMMA_NPOL_060909_surface.tar": {"temporal": ["2006-09-09T00:00:12.000Z", "2006-09-09T23:54:17.000Z"], "wnes_geometry": {"westBoundingCoordinate": -19.541, "eastBoundingCoordinate": -14.655, "northBoundingCoordinate": 17.1, "southBoundingCoordinate": 12.213}, "sizeMB": 35.83, "format": "Not Provided"}, "NAMMA_NPOL_060909_volume.tar": {"temporal": ["2006-09-09T00:00:53.000Z", "2006-09-10T00:10:41.000Z"], "wnes_geometry": {"westBoundingCoordinate": -19.541, "eastBoundingCoordinate": -14.655, "northBoundingCoordinate": 17.1, "southBoundingCoordinate": 12.213}, "sizeMB": 387.64, "format": "Not Provided"}, "NAMMA_NPOL_060909_gridded.tar": {"temporal": ["2006-09-09T00:01:00.000Z", "2006-09-09T23:54:00.000Z"], "wnes_geometry": {"westBoundingCoordinate": -19.541, "eastBoundingCoordinate": -14.655, "northBoundingCoordinate": 17.1, "southBoundingCoordinate": 12.213}, "sizeMB": 3.13, "format": "ASCII"}, "NAMMA_NPOL_060910_surface.tar": {"temporal": ["2006-09-10T00:10:51.000Z", "2006-09-10T23:50:17.000Z"], "wnes_geometry": {"westBoundingCoordinate": -19.541, "eastBoundingCoordinate": -14.655, "northBoundingCoordinate": 17.1, "southBoundingCoordinate": 12.213}, "sizeMB": 39.22, "format": "Not Provided"}, "NAMMA_NPOL_060910_volume.tar": {"temporal": ["2006-09-10T00:11:36.000Z", "2006-09-11T00:03:20.000Z"], "wnes_geometry": {"westBoundingCoordinate": -19.541, "eastBoundingCoordinate": -14.655, "northBoundingCoordinate": 17.1, "southBoundingCoordinate": 12.213}, "sizeMB": 385.23, "format": "Not Provided"}, "NAMMA_NPOL_060910_gridded.tar": {"temporal": ["2006-09-10T00:12:00.000Z", "2006-09-10T23:50:00.000Z"], "wnes_geometry": {"westBoundingCoordinate": -19.541, "eastBoundingCoordinate": -14.655, "northBoundingCoordinate": 17.1, "southBoundingCoordinate": 12.213}, "sizeMB": 2.81, "format": "ASCII"}, "NAMMA_NPOL_060911_surface.tar": {"temporal": ["2006-09-11T00:03:34.000Z", "2006-09-11T23:45:48.000Z"], "wnes_geometry": {"westBoundingCoordinate": -19.541, "eastBoundingCoordinate": -14.655, "northBoundingCoordinate": 17.1, "southBoundingCoordinate": 12.213}, "sizeMB": 46.99, "format": "Not Provided"}, "NAMMA_NPOL_060911_gridded.tar": {"temporal": ["2006-09-11T00:04:00.000Z", "2006-09-11T23:46:00.000Z"], "wnes_geometry": {"westBoundingCoordinate": -19.541, "eastBoundingCoordinate": -14.655, "northBoundingCoordinate": 17.1, "southBoundingCoordinate": 12.213}, "sizeMB": 4.44, "format": "ASCII"}, "NAMMA_NPOL_060911_volume.tar": {"temporal": ["2006-09-11T00:04:16.000Z", "2006-09-11T23:58:27.000Z"], "wnes_geometry": {"westBoundingCoordinate": -19.541, "eastBoundingCoordinate": -14.655, "northBoundingCoordinate": 17.1, "southBoundingCoordinate": 12.213}, "sizeMB": 518.29, "format": "Not Provided"}, "NAMMA_NPOL_060912_surface.tar": {"temporal": ["2006-09-12T00:00:12.000Z", "2006-09-12T23:45:48.000Z"], "wnes_geometry": {"westBoundingCoordinate": -19.541, "eastBoundingCoordinate": -14.655, "northBoundingCoordinate": 17.1, "southBoundingCoordinate": 12.213}, "sizeMB": 44.03, "format": "Not Provided"}, "NAMMA_NPOL_060912_volume.tar": {"temporal": ["2006-09-12T00:00:53.000Z", "2006-09-12T23:58:27.000Z"], "wnes_geometry": {"westBoundingCoordinate": -19.541, "eastBoundingCoordinate": -14.655, "northBoundingCoordinate": 17.1, "southBoundingCoordinate": 12.213}, "sizeMB": 485.45, "format": "Not Provided"}, "NAMMA_NPOL_060912_gridded.tar": {"temporal": ["2006-09-12T00:01:00.000Z", "2006-09-12T23:45:00.000Z"], "wnes_geometry": {"westBoundingCoordinate": -19.541, "eastBoundingCoordinate": -14.655, "northBoundingCoordinate": 17.1, "southBoundingCoordinate": 12.213}, "sizeMB": 3.9, "format": "ASCII"}, "NAMMA_NPOL_060913_surface.tar": {"temporal": ["2006-09-13T00:00:12.000Z", "2006-09-13T23:45:51.000Z"], "wnes_geometry": {"westBoundingCoordinate": -19.541, "eastBoundingCoordinate": -14.655, "northBoundingCoordinate": 17.1, "southBoundingCoordinate": 12.213}, "sizeMB": 50.15, "format": "Not Provided"}, "NAMMA_NPOL_060913_volume.tar": {"temporal": ["2006-09-13T00:00:53.000Z", "2006-09-13T23:58:41.000Z"], "wnes_geometry": {"westBoundingCoordinate": -19.541, "eastBoundingCoordinate": -14.655, "northBoundingCoordinate": 17.1, "southBoundingCoordinate": 12.213}, "sizeMB": 546.82, "format": "Not Provided"}, "NAMMA_NPOL_060913_gridded.tar": {"temporal": ["2006-09-13T00:01:00.000Z", "2006-09-13T23:46:00.000Z"], "wnes_geometry": {"westBoundingCoordinate": -19.541, "eastBoundingCoordinate": -14.655, "northBoundingCoordinate": 17.1, "southBoundingCoordinate": 12.213}, "sizeMB": 5, "format": "ASCII"}, "NAMMA_NPOL_060914_surface.tar": {"temporal": ["2006-09-14T00:00:15.000Z", "2006-09-14T23:45:49.000Z"], "wnes_geometry": {"westBoundingCoordinate": -19.541, "eastBoundingCoordinate": -14.655, "northBoundingCoordinate": 17.1, "southBoundingCoordinate": 12.213}, "sizeMB": 63.16, "format": "Not Provided"}, "NAMMA_NPOL_060914_volume.tar": {"temporal": ["2006-09-14T00:00:55.000Z", "2006-09-14T23:58:27.000Z"], "wnes_geometry": {"westBoundingCoordinate": -19.541, "eastBoundingCoordinate": -14.655, "northBoundingCoordinate": 17.1, "southBoundingCoordinate": 12.213}, "sizeMB": 782.51, "format": "Not Provided"}, "NAMMA_NPOL_060914_gridded.tar": {"temporal": ["2006-09-14T00:01:00.000Z", "2006-09-14T23:46:00.000Z"], "wnes_geometry": {"westBoundingCoordinate": -19.541, "eastBoundingCoordinate": -14.655, "northBoundingCoordinate": 17.1, "southBoundingCoordinate": 12.213}, "sizeMB": 6.82, "format": "ASCII"}, "NAMMA_NPOL_060915_surface.tar": {"temporal": ["2006-09-15T00:00:12.000Z", "2006-09-15T23:45:48.000Z"], "wnes_geometry": {"westBoundingCoordinate": -19.541, "eastBoundingCoordinate": -14.655, "northBoundingCoordinate": 17.1, "southBoundingCoordinate": 12.213}, "sizeMB": 59.28, "format": "Not Provided"}, "NAMMA_NPOL_060915_volume.tar": {"temporal": ["2006-09-15T00:00:52.000Z", "2006-09-15T23:58:26.000Z"], "wnes_geometry": {"westBoundingCoordinate": -19.541, "eastBoundingCoordinate": -14.655, "northBoundingCoordinate": 17.1, "southBoundingCoordinate": 12.213}, "sizeMB": 583.57, "format": "Not Provided"}, "NAMMA_NPOL_060915_gridded.tar": {"temporal": ["2006-09-15T00:01:00.000Z", "2006-09-15T23:45:00.000Z"], "wnes_geometry": {"westBoundingCoordinate": -19.541, "eastBoundingCoordinate": -14.655, "northBoundingCoordinate": 17.1, "southBoundingCoordinate": 12.213}, "sizeMB": 6.21, "format": "ASCII"}, "NAMMA_NPOL_060916_surface.tar": {"temporal": ["2006-09-16T00:00:12.000Z", "2006-09-16T23:45:48.000Z"], "wnes_geometry": {"westBoundingCoordinate": -19.541, "eastBoundingCoordinate": -14.655, "northBoundingCoordinate": 17.1, "southBoundingCoordinate": 12.213}, "sizeMB": 42.65, "format": "Not Provided"}, "NAMMA_NPOL_060916_volume.tar": {"temporal": ["2006-09-16T00:00:52.000Z", "2006-09-16T23:58:25.000Z"], "wnes_geometry": {"westBoundingCoordinate": -19.541, "eastBoundingCoordinate": -14.655, "northBoundingCoordinate": 17.1, "southBoundingCoordinate": 12.213}, "sizeMB": 462.91, "format": "Not Provided"}, "NAMMA_NPOL_060916_gridded.tar": {"temporal": ["2006-09-16T00:01:00.000Z", "2006-09-16T23:46:00.000Z"], "wnes_geometry": {"westBoundingCoordinate": -19.541, "eastBoundingCoordinate": -14.655, "northBoundingCoordinate": 17.1, "southBoundingCoordinate": 12.213}, "sizeMB": 3.62, "format": "ASCII"}, "NAMMA_NPOL_060917_gridded.tar": {"temporal": ["2006-09-17T00:00:00.000Z", "2006-09-17T23:46:00.000Z"], "wnes_geometry": {"westBoundingCoordinate": -19.541, "eastBoundingCoordinate": -14.655, "northBoundingCoordinate": 17.1, "southBoundingCoordinate": 12.213}, "sizeMB": 3.63, "format": "ASCII"}, "NAMMA_NPOL_060917_surface.tar": {"temporal": ["2006-09-17T00:00:12.000Z", "2006-09-17T23:45:49.000Z"], "wnes_geometry": {"westBoundingCoordinate": -19.541, "eastBoundingCoordinate": -14.655, "northBoundingCoordinate": 17.1, "southBoundingCoordinate": 12.213}, "sizeMB": 42.61, "format": "Not Provided"}, "NAMMA_NPOL_060917_volume.tar": {"temporal": ["2006-09-17T00:00:53.000Z", "2006-09-17T23:58:26.000Z"], "wnes_geometry": {"westBoundingCoordinate": -19.541, "eastBoundingCoordinate": -14.655, "northBoundingCoordinate": 17.1, "southBoundingCoordinate": 12.213}, "sizeMB": 499.53, "format": "Not Provided"}, "NAMMA_NPOL_060918_surface.tar": {"temporal": ["2006-09-18T00:00:12.000Z", "2006-09-18T23:45:39.000Z"], "wnes_geometry": {"westBoundingCoordinate": -19.541, "eastBoundingCoordinate": -14.655, "northBoundingCoordinate": 17.1, "southBoundingCoordinate": 12.213}, "sizeMB": 15.62, "format": "Not Provided"}, "NAMMA_NPOL_060918_volume.tar": {"temporal": ["2006-09-18T00:00:53.000Z", "2006-09-18T23:58:16.000Z"], "wnes_geometry": {"westBoundingCoordinate": -19.541, "eastBoundingCoordinate": -14.655, "northBoundingCoordinate": 17.1, "southBoundingCoordinate": 12.213}, "sizeMB": 92.8, "format": "Not Provided"}, "NAMMA_NPOL_060918_gridded.tar": {"temporal": ["2006-09-18T00:01:00.000Z", "2006-09-18T23:45:00.000Z"], "wnes_geometry": {"westBoundingCoordinate": -19.541, "eastBoundingCoordinate": -14.655, "northBoundingCoordinate": 17.1, "southBoundingCoordinate": 12.213}, "sizeMB": 0.73, "format": "ASCII"}, "NAMMA_NPOL_060919_gridded.tar": {"temporal": ["2006-09-19T00:00:00.000Z", "2006-09-19T23:45:00.000Z"], "wnes_geometry": {"westBoundingCoordinate": -19.541, "eastBoundingCoordinate": -14.655, "northBoundingCoordinate": 17.1, "southBoundingCoordinate": 12.213}, "sizeMB": 4.76, "format": "ASCII"}, "NAMMA_NPOL_060919_surface.tar": {"temporal": ["2006-09-19T00:00:12.000Z", "2006-09-19T23:45:48.000Z"], "wnes_geometry": {"westBoundingCoordinate": -19.541, "eastBoundingCoordinate": -14.655, "northBoundingCoordinate": 17.1, "southBoundingCoordinate": 12.213}, "sizeMB": 29.68, "format": "Not Provided"}, "NAMMA_NPOL_060919_volume.tar": {"temporal": ["2006-09-19T00:00:52.000Z", "2006-09-19T23:58:26.000Z"], "wnes_geometry": {"westBoundingCoordinate": -19.541, "eastBoundingCoordinate": -14.655, "northBoundingCoordinate": 17.1, "southBoundingCoordinate": 12.213}, "sizeMB": 515.24, "format": "Not Provided"}, "NAMMA_NPOL_060920_surface.tar": {"temporal": ["2006-09-20T00:00:13.000Z", "2006-09-20T15:45:37.000Z"], "wnes_geometry": {"westBoundingCoordinate": -19.541, "eastBoundingCoordinate": -14.655, "northBoundingCoordinate": 17.1, "southBoundingCoordinate": 12.213}, "sizeMB": 19.22, "format": "Not Provided"}, "NAMMA_NPOL_060920_volume.tar": {"temporal": ["2006-09-20T00:00:52.000Z", "2006-09-20T15:27:31.000Z"], "wnes_geometry": {"westBoundingCoordinate": -19.541, "eastBoundingCoordinate": -14.655, "northBoundingCoordinate": 17.1, "southBoundingCoordinate": 12.213}, "sizeMB": 176.49, "format": "Not Provided"}, "NAMMA_NPOL_060920_gridded.tar": {"temporal": ["2006-09-20T00:01:00.000Z", "2006-09-20T15:16:00.000Z"], "wnes_geometry": {"westBoundingCoordinate": -19.541, "eastBoundingCoordinate": -14.655, "northBoundingCoordinate": 17.1, "southBoundingCoordinate": 12.213}, "sizeMB": 1.52, "format": "ASCII"}, "NAMMA_NPOL_060921_surface.tar": {"temporal": ["2006-09-21T13:24:53.000Z", "2006-09-21T23:45:48.000Z"], "wnes_geometry": {"westBoundingCoordinate": -19.541, "eastBoundingCoordinate": -14.655, "northBoundingCoordinate": 17.1, "southBoundingCoordinate": 12.213}, "sizeMB": 29.91, "format": "Not Provided"}, "NAMMA_NPOL_060921_gridded.tar": {"temporal": ["2006-09-21T14:00:00.000Z", "2006-09-21T23:46:00.000Z"], "wnes_geometry": {"westBoundingCoordinate": -19.541, "eastBoundingCoordinate": -14.655, "northBoundingCoordinate": 17.1, "southBoundingCoordinate": 12.213}, "sizeMB": 1.44, "format": "ASCII"}, "NAMMA_NPOL_060921_volume.tar": {"temporal": ["2006-09-21T14:00:43.000Z", "2006-09-21T23:58:25.000Z"], "wnes_geometry": {"westBoundingCoordinate": -19.541, "eastBoundingCoordinate": -14.655, "northBoundingCoordinate": 17.1, "southBoundingCoordinate": 12.213}, "sizeMB": 201.66, "format": "Not Provided"}, "NAMMA_NPOL_060922_gridded.tar": {"temporal": ["2006-09-22T00:00:00.000Z", "2006-09-22T23:46:00.000Z"], "wnes_geometry": {"westBoundingCoordinate": -19.541, "eastBoundingCoordinate": -14.655, "northBoundingCoordinate": 17.1, "southBoundingCoordinate": 12.213}, "sizeMB": 3.62, "format": "ASCII"}, "NAMMA_NPOL_060922_surface.tar": {"temporal": ["2006-09-22T00:00:12.000Z", "2006-09-22T23:45:48.000Z"], "wnes_geometry": {"westBoundingCoordinate": -19.541, "eastBoundingCoordinate": -14.655, "northBoundingCoordinate": 17.1, "southBoundingCoordinate": 12.213}, "sizeMB": 40.35, "format": "Not Provided"}, "NAMMA_NPOL_060922_volume.tar": {"temporal": ["2006-09-22T00:00:52.000Z", "2006-09-22T23:58:25.000Z"], "wnes_geometry": {"westBoundingCoordinate": -19.541, "eastBoundingCoordinate": -14.655, "northBoundingCoordinate": 17.1, "southBoundingCoordinate": 12.213}, "sizeMB": 452.16, "format": "Not Provided"}, "NAMMA_NPOL_060923_surface.tar": {"temporal": ["2006-09-23T00:00:12.000Z", "2006-09-23T23:45:48.000Z"], "wnes_geometry": {"westBoundingCoordinate": -19.541, "eastBoundingCoordinate": -14.655, "northBoundingCoordinate": 17.1, "southBoundingCoordinate": 12.213}, "sizeMB": 40.51, "format": "Not Provided"}, "NAMMA_NPOL_060923_volume.tar": {"temporal": ["2006-09-23T00:00:52.000Z", "2006-09-23T23:58:24.000Z"], "wnes_geometry": {"westBoundingCoordinate": -19.541, "eastBoundingCoordinate": -14.655, "northBoundingCoordinate": 17.1, "southBoundingCoordinate": 12.213}, "sizeMB": 419.38, "format": "Not Provided"}, "NAMMA_NPOL_060923_gridded.tar": {"temporal": ["2006-09-23T00:01:00.000Z", "2006-09-23T23:46:00.000Z"], "wnes_geometry": {"westBoundingCoordinate": -19.541, "eastBoundingCoordinate": -14.655, "northBoundingCoordinate": 17.1, "southBoundingCoordinate": 12.213}, "sizeMB": 2.9, "format": "ASCII"}, "NAMMA_NPOL_060924_surface.tar": {"temporal": ["2006-09-24T00:00:12.000Z", "2006-09-24T23:45:48.000Z"], "wnes_geometry": {"westBoundingCoordinate": -19.541, "eastBoundingCoordinate": -14.655, "northBoundingCoordinate": 17.1, "southBoundingCoordinate": 12.213}, "sizeMB": 48.07, "format": "Not Provided"}, "NAMMA_NPOL_060924_volume.tar": {"temporal": ["2006-09-24T00:00:52.000Z", "2006-09-24T23:58:25.000Z"], "wnes_geometry": {"westBoundingCoordinate": -19.541, "eastBoundingCoordinate": -14.655, "northBoundingCoordinate": 17.1, "southBoundingCoordinate": 12.213}, "sizeMB": 509.86, "format": "Not Provided"}, "NAMMA_NPOL_060924_gridded.tar": {"temporal": ["2006-09-24T00:01:00.000Z", "2006-09-24T23:46:00.000Z"], "wnes_geometry": {"westBoundingCoordinate": -19.541, "eastBoundingCoordinate": -14.655, "northBoundingCoordinate": 17.1, "southBoundingCoordinate": 12.213}, "sizeMB": 3.5, "format": "ASCII"}, "NAMMA_NPOL_060925_surface.tar": {"temporal": ["2006-09-25T00:00:12.000Z", "2006-09-25T23:45:52.000Z"], "wnes_geometry": {"westBoundingCoordinate": -19.541, "eastBoundingCoordinate": -14.655, "northBoundingCoordinate": 17.1, "southBoundingCoordinate": 12.213}, "sizeMB": 42.12, "format": "Not Provided"}, "NAMMA_NPOL_060925_volume.tar": {"temporal": ["2006-09-25T00:00:52.000Z", "2006-09-25T23:59:46.000Z"], "wnes_geometry": {"westBoundingCoordinate": -19.541, "eastBoundingCoordinate": -14.655, "northBoundingCoordinate": 17.1, "southBoundingCoordinate": 12.213}, "sizeMB": 455.07, "format": "Not Provided"}, "NAMMA_NPOL_060925_gridded.tar": {"temporal": ["2006-09-25T00:01:00.000Z", "2006-09-25T23:46:00.000Z"], "wnes_geometry": {"westBoundingCoordinate": -19.541, "eastBoundingCoordinate": -14.655, "northBoundingCoordinate": 17.1, "southBoundingCoordinate": 12.213}, "sizeMB": 3.58, "format": "ASCII"}, "NAMMA_NPOL_060926_surface.tar": {"temporal": ["2006-09-26T00:00:13.000Z", "2006-09-26T23:45:54.000Z"], "wnes_geometry": {"westBoundingCoordinate": -19.541, "eastBoundingCoordinate": -14.655, "northBoundingCoordinate": 17.1, "southBoundingCoordinate": 12.213}, "sizeMB": 50.76, "format": "Not Provided"}, "NAMMA_NPOL_060926_volume.tar": {"temporal": ["2006-09-26T00:00:57.000Z", "2006-09-26T23:59:54.000Z"], "wnes_geometry": {"westBoundingCoordinate": -19.541, "eastBoundingCoordinate": -14.655, "northBoundingCoordinate": 17.1, "southBoundingCoordinate": 12.213}, "sizeMB": 687.99, "format": "Not Provided"}, "NAMMA_NPOL_060926_gridded.tar": {"temporal": ["2006-09-26T00:01:00.000Z", "2006-09-26T23:46:00.000Z"], "wnes_geometry": {"westBoundingCoordinate": -19.541, "eastBoundingCoordinate": -14.655, "northBoundingCoordinate": 17.1, "southBoundingCoordinate": 12.213}, "sizeMB": 5.83, "format": "ASCII"}, "NAMMA_NPOL_060927_surface.tar": {"temporal": ["2006-09-27T00:00:13.000Z", "2006-09-27T23:45:53.000Z"], "wnes_geometry": {"westBoundingCoordinate": -19.541, "eastBoundingCoordinate": -14.655, "northBoundingCoordinate": 17.1, "southBoundingCoordinate": 12.213}, "sizeMB": 42.62, "format": "Not Provided"}, "NAMMA_NPOL_060927_volume.tar": {"temporal": ["2006-09-27T00:00:58.000Z", "2006-09-27T23:59:52.000Z"], "wnes_geometry": {"westBoundingCoordinate": -19.541, "eastBoundingCoordinate": -14.655, "northBoundingCoordinate": 17.1, "southBoundingCoordinate": 12.213}, "sizeMB": 475.13, "format": "Not Provided"}, "NAMMA_NPOL_060927_gridded.tar": {"temporal": ["2006-09-27T00:01:00.000Z", "2006-09-27T23:46:00.000Z"], "wnes_geometry": {"westBoundingCoordinate": -19.541, "eastBoundingCoordinate": -14.655, "northBoundingCoordinate": 17.1, "southBoundingCoordinate": 12.213}, "sizeMB": 3.9, "format": "ASCII"}, "NAMMA_NPOL_060928_surface.tar": {"temporal": ["2006-09-28T00:00:13.000Z", "2006-09-28T23:45:54.000Z"], "wnes_geometry": {"westBoundingCoordinate": -19.541, "eastBoundingCoordinate": -14.655, "northBoundingCoordinate": 17.1, "southBoundingCoordinate": 12.213}, "sizeMB": 43.79, "format": "Not Provided"}, "NAMMA_NPOL_060928_volume.tar": {"temporal": ["2006-09-28T00:00:57.000Z", "2006-09-28T23:59:52.000Z"], "wnes_geometry": {"westBoundingCoordinate": -19.541, "eastBoundingCoordinate": -14.655, "northBoundingCoordinate": 17.1, "southBoundingCoordinate": 12.213}, "sizeMB": 545.55, "format": "Not Provided"}, "NAMMA_NPOL_060928_gridded.tar": {"temporal": ["2006-09-28T00:01:00.000Z", "2006-09-28T23:46:00.000Z"], "wnes_geometry": {"westBoundingCoordinate": -19.541, "eastBoundingCoordinate": -14.655, "northBoundingCoordinate": 17.1, "southBoundingCoordinate": 12.213}, "sizeMB": 4.35, "format": "ASCII"}, "NAMMA_NPOL_060929_surface.tar": {"temporal": ["2006-09-29T00:00:13.000Z", "2006-09-29T23:45:53.000Z"], "wnes_geometry": {"westBoundingCoordinate": -19.541, "eastBoundingCoordinate": -14.655, "northBoundingCoordinate": 17.1, "southBoundingCoordinate": 12.213}, "sizeMB": 42.65, "format": "Not Provided"}, "NAMMA_NPOL_060929_volume.tar": {"temporal": ["2006-09-29T00:00:58.000Z", "2006-09-29T23:59:52.000Z"], "wnes_geometry": {"westBoundingCoordinate": -19.541, "eastBoundingCoordinate": -14.655, "northBoundingCoordinate": 17.1, "southBoundingCoordinate": 12.213}, "sizeMB": 485.61, "format": "Not Provided"}, "NAMMA_NPOL_060929_gridded.tar": {"temporal": ["2006-09-29T00:01:00.000Z", "2006-09-29T23:46:00.000Z"], "wnes_geometry": {"westBoundingCoordinate": -19.541, "eastBoundingCoordinate": -14.655, "northBoundingCoordinate": 17.1, "southBoundingCoordinate": 12.213}, "sizeMB": 3.56, "format": "ASCII"}, "NAMMA_NPOL_060930_surface.tar": {"temporal": ["2006-09-30T00:00:13.000Z", "2006-09-30T09:00:53.000Z"], "wnes_geometry": {"westBoundingCoordinate": -19.541, "eastBoundingCoordinate": -14.655, "northBoundingCoordinate": 17.1, "southBoundingCoordinate": 12.213}, "sizeMB": 18.69, "format": "Not Provided"}, "NAMMA_NPOL_060930_volume.tar": {"temporal": ["2006-09-30T00:00:58.000Z", "2006-09-30T08:59:51.000Z"], "wnes_geometry": {"westBoundingCoordinate": -19.541, "eastBoundingCoordinate": -14.655, "northBoundingCoordinate": 17.1, "southBoundingCoordinate": 12.213}, "sizeMB": 186.72, "format": "Not Provided"}, "NAMMA_NPOL_060930_gridded.tar": {"temporal": ["2006-09-30T00:01:00.000Z", "2006-09-30T08:46:00.000Z"], "wnes_geometry": {"westBoundingCoordinate": -19.541, "eastBoundingCoordinate": -14.655, "northBoundingCoordinate": 17.1, "southBoundingCoordinate": 12.213}, "sizeMB": 1.31, "format": "ASCII"}}