{"NAMMA_PRAIA-RADIOSONDE_20060818.tar": {"temporal": ["2006-08-18T17:07:39.000Z", "2006-08-19T01:26:52.000Z"], "wnes_geometry": {"westBoundingCoordinate": -24.203, "eastBoundingCoordinate": -23.491, "northBoundingCoordinate": 14.934, "southBoundingCoordinate": 14.849}, "sizeMB": 1.74, "format": "Not provided"}, "NAMMA_PRAIA-RADIOSONDE_20060819.tar": {"temporal": ["2006-08-19T04:02:07.000Z", "2006-08-19T21:27:32.000Z"], "wnes_geometry": {"westBoundingCoordinate": -24.318, "eastBoundingCoordinate": -23.494, "northBoundingCoordinate": 15.001, "southBoundingCoordinate": 14.769}, "sizeMB": 2.85, "format": "Not provided"}, "NAMMA_PRAIA-RADIOSONDE_20060820.tar": {"temporal": ["2006-08-20T00:01:07.000Z", "2006-08-21T00:05:53.000Z"], "wnes_geometry": {"westBoundingCoordinate": -24.533, "eastBoundingCoordinate": -23.491, "northBoundingCoordinate": 15.032, "southBoundingCoordinate": 14.823}, "sizeMB": 3.17, "format": "Not provided"}, "NAMMA_PRAIA-RADIOSONDE_20060821.tar": {"temporal": ["2006-08-21T00:49:40.000Z", "2006-08-22T01:42:33.000Z"], "wnes_geometry": {"westBoundingCoordinate": -24.473, "eastBoundingCoordinate": -23.494, "northBoundingCoordinate": 14.962, "southBoundingCoordinate": 14.737}, "sizeMB": 4.04, "format": "Not provided"}, "NAMMA_PRAIA-RADIOSONDE_20060822.tar": {"temporal": ["2006-08-22T03:54:42.000Z", "2006-08-23T02:08:43.000Z"], "wnes_geometry": {"westBoundingCoordinate": -24.438, "eastBoundingCoordinate": -23.494, "northBoundingCoordinate": 15.236, "southBoundingCoordinate": 14.896}, "sizeMB": 2.7, "format": "Not provided"}, "NAMMA_PRAIA-RADIOSONDE_20060823.tar": {"temporal": ["2006-08-23T03:39:15.000Z", "2006-08-24T00:17:51.000Z"], "wnes_geometry": {"westBoundingCoordinate": -24.108, "eastBoundingCoordinate": -23.488, "northBoundingCoordinate": 15.172, "southBoundingCoordinate": 14.884}, "sizeMB": 3, "format": "Not provided"}, "NAMMA_PRAIA-RADIOSONDE_20060824.tar": {"temporal": ["2006-08-24T00:32:51.000Z", "2006-08-25T01:38:17.000Z"], "wnes_geometry": {"westBoundingCoordinate": -24.167, "eastBoundingCoordinate": -23.489, "northBoundingCoordinate": 14.948, "southBoundingCoordinate": 14.693}, "sizeMB": 3.72, "format": "Not provided"}, "NAMMA_PRAIA-RADIOSONDE_20060825.tar": {"temporal": ["2006-08-25T03:35:50.000Z", "2006-08-26T01:50:56.000Z"], "wnes_geometry": {"westBoundingCoordinate": -24.027, "eastBoundingCoordinate": -23.481, "northBoundingCoordinate": 14.926, "southBoundingCoordinate": 14.669}, "sizeMB": 3.89, "format": "Not provided"}, "NAMMA_PRAIA-RADIOSONDE_20060826.tar": {"temporal": ["2006-08-26T03:48:20.000Z", "2006-08-27T01:34:24.000Z"], "wnes_geometry": {"westBoundingCoordinate": -23.93, "eastBoundingCoordinate": -23.482, "northBoundingCoordinate": 15.266, "southBoundingCoordinate": 14.92}, "sizeMB": 3.46, "format": "Not provided"}, "NAMMA_PRAIA-RADIOSONDE_20060827.tar": {"temporal": ["2006-08-27T03:39:19.000Z", "2006-08-28T01:33:39.000Z"], "wnes_geometry": {"westBoundingCoordinate": -24.007, "eastBoundingCoordinate": -23.488, "northBoundingCoordinate": 15.16, "southBoundingCoordinate": 14.926}, "sizeMB": 3.32, "format": "Not provided"}, "NAMMA_PRAIA-RADIOSONDE_20060828.tar": {"temporal": ["2006-08-28T03:37:10.000Z", "2006-08-28T21:11:12.000Z"], "wnes_geometry": {"westBoundingCoordinate": -24.081, "eastBoundingCoordinate": -23.491, "northBoundingCoordinate": 15.051, "southBoundingCoordinate": 14.87}, "sizeMB": 3.05, "format": "Not provided"}, "NAMMA_PRAIA-RADIOSONDE_20060829.tar": {"temporal": ["2006-08-29T00:29:46.000Z", "2006-08-30T01:36:20.000Z"], "wnes_geometry": {"westBoundingCoordinate": -24.086, "eastBoundingCoordinate": -23.494, "northBoundingCoordinate": 14.975, "southBoundingCoordinate": 14.888}, "sizeMB": 4.07, "format": "Not provided"}, "NAMMA_PRAIA-RADIOSONDE_20060830.tar": {"temporal": ["2006-08-30T03:33:13.000Z", "2006-08-31T01:09:25.000Z"], "wnes_geometry": {"westBoundingCoordinate": -24.098, "eastBoundingCoordinate": -23.494, "northBoundingCoordinate": 14.944, "southBoundingCoordinate": 14.894}, "sizeMB": 3.69, "format": "Not provided"}, "NAMMA_PRAIA-RADIOSONDE_20060831.tar": {"temporal": ["2006-08-31T03:33:32.000Z", "2006-09-01T01:36:34.000Z"], "wnes_geometry": {"westBoundingCoordinate": -24.118, "eastBoundingCoordinate": -23.491, "northBoundingCoordinate": 14.964, "southBoundingCoordinate": 14.862}, "sizeMB": 3.49, "format": "Not provided"}, "NAMMA_PRAIA-RADIOSONDE_20060901.tar": {"temporal": ["2006-09-01T03:36:24.000Z", "2006-09-01T21:24:34.000Z"], "wnes_geometry": {"westBoundingCoordinate": -24.125, "eastBoundingCoordinate": -23.493, "northBoundingCoordinate": 15.017, "southBoundingCoordinate": 14.885}, "sizeMB": 3.06, "format": "Not provided"}, "NAMMA_PRAIA-RADIOSONDE_20060902.tar": {"temporal": ["2006-09-02T03:34:39.000Z", "2006-09-02T21:57:49.000Z"], "wnes_geometry": {"westBoundingCoordinate": -24.207, "eastBoundingCoordinate": -23.487, "northBoundingCoordinate": 14.938, "southBoundingCoordinate": 14.839}, "sizeMB": 3.37, "format": "Not provided"}, "NAMMA_PRAIA-RADIOSONDE_20060903.tar": {"temporal": ["2006-09-03T03:37:03.000Z", "2006-09-04T01:20:48.000Z"], "wnes_geometry": {"westBoundingCoordinate": -24.074, "eastBoundingCoordinate": -23.48, "northBoundingCoordinate": 14.996, "southBoundingCoordinate": 14.84}, "sizeMB": 3.46, "format": "Not provided"}, "NAMMA_PRAIA-RADIOSONDE_20060904.tar": {"temporal": ["2006-09-04T03:34:35.000Z", "2006-09-05T01:24:59.000Z"], "wnes_geometry": {"westBoundingCoordinate": -24.032, "eastBoundingCoordinate": -23.474, "northBoundingCoordinate": 15.071, "southBoundingCoordinate": 14.866}, "sizeMB": 3.75, "format": "Not provided"}, "NAMMA_PRAIA-RADIOSONDE_20060905.tar": {"temporal": ["2006-09-05T03:32:59.000Z", "2006-09-06T01:08:44.000Z"], "wnes_geometry": {"westBoundingCoordinate": -24.164, "eastBoundingCoordinate": -23.491, "northBoundingCoordinate": 14.936, "southBoundingCoordinate": 14.789}, "sizeMB": 3.72, "format": "Not provided"}, "NAMMA_PRAIA-RADIOSONDE_20060906.tar": {"temporal": ["2006-09-06T03:34:47.000Z", "2006-09-07T01:24:50.000Z"], "wnes_geometry": {"westBoundingCoordinate": -24.071, "eastBoundingCoordinate": -23.491, "northBoundingCoordinate": 14.927, "southBoundingCoordinate": 14.788}, "sizeMB": 3.34, "format": "Not provided"}, "NAMMA_PRAIA-RADIOSONDE_20060907.tar": {"temporal": ["2006-09-07T03:37:02.000Z", "2006-09-08T01:43:05.000Z"], "wnes_geometry": {"westBoundingCoordinate": -24.043, "eastBoundingCoordinate": -23.484, "northBoundingCoordinate": 14.928, "southBoundingCoordinate": 14.746}, "sizeMB": 3.87, "format": "Not provided"}, "NAMMA_PRAIA-RADIOSONDE_20060908.tar": {"temporal": ["2006-09-08T03:36:42.000Z", "2006-09-09T01:14:17.000Z"], "wnes_geometry": {"westBoundingCoordinate": -23.826, "eastBoundingCoordinate": -23.484, "northBoundingCoordinate": 15.159, "southBoundingCoordinate": 14.88}, "sizeMB": 3.42, "format": "Not provided"}, "NAMMA_PRAIA-RADIOSONDE_20060909.tar": {"temporal": ["2006-09-09T03:34:28.000Z", "2006-09-09T20:15:26.000Z"], "wnes_geometry": {"westBoundingCoordinate": -23.768, "eastBoundingCoordinate": -23.494, "northBoundingCoordinate": 15.271, "southBoundingCoordinate": 14.899}, "sizeMB": 2.69, "format": "Not provided"}, "NAMMA_PRAIA-RADIOSONDE_20060910.tar": {"temporal": ["2006-09-10T15:53:53.000Z", "2006-09-11T01:50:34.000Z"], "wnes_geometry": {"westBoundingCoordinate": -24.246, "eastBoundingCoordinate": -23.494, "northBoundingCoordinate": 14.988, "southBoundingCoordinate": 14.902}, "sizeMB": 1.12, "format": "Not provided"}, "NAMMA_PRAIA-RADIOSONDE_20060911.tar": {"temporal": ["2006-09-11T05:30:57.000Z", "2006-09-12T01:46:30.000Z"], "wnes_geometry": {"westBoundingCoordinate": -24.16, "eastBoundingCoordinate": -23.492, "northBoundingCoordinate": 14.926, "southBoundingCoordinate": 14.789}, "sizeMB": 2.13, "format": "Not provided"}, "NAMMA_PRAIA-RADIOSONDE_20060912.tar": {"temporal": ["2006-09-12T05:36:01.000Z", "2006-09-13T01:34:24.000Z"], "wnes_geometry": {"westBoundingCoordinate": -24.408, "eastBoundingCoordinate": -23.493, "northBoundingCoordinate": 14.933, "southBoundingCoordinate": 14.83}, "sizeMB": 2.63, "format": "Not provided"}, "NAMMA_PRAIA-RADIOSONDE_20060913.tar": {"temporal": ["2006-09-13T05:28:55.000Z", "2006-09-14T01:02:24.000Z"], "wnes_geometry": {"westBoundingCoordinate": -24.088, "eastBoundingCoordinate": -23.491, "northBoundingCoordinate": 15.11, "southBoundingCoordinate": 14.919}, "sizeMB": 2.31, "format": "Not provided"}, "NAMMA_PRAIA-RADIOSONDE_20060914.tar": {"temporal": ["2006-09-14T05:34:34.000Z", "2006-09-14T13:24:56.000Z"], "wnes_geometry": {"westBoundingCoordinate": -23.81, "eastBoundingCoordinate": -23.486, "northBoundingCoordinate": 14.955, "southBoundingCoordinate": 14.88}, "sizeMB": 1.37, "format": "Not provided"}}