{"NAMMA_namsenegal_20060819.tar": {"temporal": ["2006-08-19T16:01:00.000Z", "2006-08-19T18:46:50.000Z"], "wnes_geometry": {"westBoundingCoordinate": -17.33, "eastBoundingCoordinate": -17.09, "northBoundingCoordinate": 14.67, "southBoundingCoordinate": 14.56}, "sizeMB": 0.3, "format": "ASCII"}, "NAMMA_namsenegal_20060821.tar": {"temporal": ["2006-08-21T00:00:00.000Z", "2006-08-21T23:59:59.000Z"], "wnes_geometry": {"westBoundingCoordinate": -17.08, "eastBoundingCoordinate": 17.08, "northBoundingCoordinate": 14.69, "southBoundingCoordinate": 14.5}, "sizeMB": 0.5, "format": "ASCII"}, "NAMMA_namsenegal_20060822.tar": {"temporal": ["2006-08-22T00:00:00.000Z", "2006-08-22T23:59:59.000Z"], "wnes_geometry": {"westBoundingCoordinate": -17.08, "eastBoundingCoordinate": -17.08, "northBoundingCoordinate": 14.5, "southBoundingCoordinate": 14.5}, "sizeMB": 0.01, "format": "ASCII"}, "NAMMA_namsenegal_20060823.tar": {"temporal": ["2006-08-23T00:00:00.000Z", "2006-08-23T23:59:59.000Z"], "wnes_geometry": {"westBoundingCoordinate": -17.61, "eastBoundingCoordinate": -17.05, "northBoundingCoordinate": 14.5, "southBoundingCoordinate": 14.24}, "sizeMB": 1.46, "format": "ASCII"}, "NAMMA_namsenegal_20060824.tar": {"temporal": ["2006-08-24T00:00:00.000Z", "2006-08-24T23:59:59.000Z"], "wnes_geometry": {"westBoundingCoordinate": -17.83, "eastBoundingCoordinate": 17.09, "northBoundingCoordinate": 14.5, "southBoundingCoordinate": 13.98}, "sizeMB": 4.72, "format": "ASCII"}, "NAMMA_namsenegal_20060825.tar": {"temporal": ["2006-08-25T00:00:00.000Z", "2006-08-25T23:59:59.000Z"], "wnes_geometry": {"westBoundingCoordinate": -17.55, "eastBoundingCoordinate": -17.06, "northBoundingCoordinate": 14.69, "southBoundingCoordinate": 14.32}, "sizeMB": 3.68, "format": "ASCII"}, "NAMMA_namsenegal_20060826.tar": {"temporal": ["2006-08-26T00:00:00.000Z", "2006-08-26T23:59:59.000Z"], "wnes_geometry": {"westBoundingCoordinate": -17.38, "eastBoundingCoordinate": -17.07, "northBoundingCoordinate": 14.68, "southBoundingCoordinate": 14.5}, "sizeMB": 0.65, "format": "ASCII"}, "NAMMA_namsenegal_20060827.tar": {"temporal": ["2006-08-27T00:00:00.000Z", "2006-08-27T23:59:59.000Z"], "wnes_geometry": {"westBoundingCoordinate": -17.08, "eastBoundingCoordinate": -17.08, "northBoundingCoordinate": 14.5, "southBoundingCoordinate": 14.5}, "sizeMB": 0.01, "format": "ASCII"}, "NAMMA_namsenegal_20060828.tar": {"temporal": ["2006-08-28T00:00:00.000Z", "2006-08-28T23:59:59.000Z"], "wnes_geometry": {"westBoundingCoordinate": -17.53, "eastBoundingCoordinate": -17.07, "northBoundingCoordinate": 14.52, "southBoundingCoordinate": 14.48}, "sizeMB": 0.94, "format": "ASCII"}, "NAMMA_namsenegal_20060829.tar": {"temporal": ["2006-08-29T00:00:00.000Z", "2006-08-30T00:38:52.000Z"], "wnes_geometry": {"westBoundingCoordinate": -17.53, "eastBoundingCoordinate": -17.08, "northBoundingCoordinate": 14.5, "southBoundingCoordinate": 14.01}, "sizeMB": 1.21, "format": "ASCII"}, "NAMMA_namsenegal_20060830.tar": {"temporal": ["2006-08-30T00:00:00.000Z", "2006-08-30T23:59:59.000Z"], "wnes_geometry": {"westBoundingCoordinate": -17.34, "eastBoundingCoordinate": -17.07, "northBoundingCoordinate": 14.52, "southBoundingCoordinate": 14.47}, "sizeMB": 1.75, "format": "ASCII"}, "NAMMA_namsenegal_20060831.tar": {"temporal": ["2006-08-31T00:00:00.000Z", "2006-08-31T23:59:59.000Z"], "wnes_geometry": {"westBoundingCoordinate": -17.64, "eastBoundingCoordinate": -17.08, "northBoundingCoordinate": 14.54, "southBoundingCoordinate": 13.96}, "sizeMB": 2.62, "format": "ASCII"}, "NAMMA_namsenegal_20060901.tar": {"temporal": ["2006-09-01T00:00:00.000Z", "2006-09-01T23:59:59.000Z"], "wnes_geometry": {"westBoundingCoordinate": -17.97, "eastBoundingCoordinate": -17.08, "northBoundingCoordinate": 14.59, "southBoundingCoordinate": 14.03}, "sizeMB": 2.43, "format": "ASCII"}, "NAMMA_namsenegal_20060902.tar": {"temporal": ["2006-09-02T00:00:00.000Z", "2006-09-02T23:59:59.000Z"], "wnes_geometry": {"westBoundingCoordinate": -17.82, "eastBoundingCoordinate": -17.08, "northBoundingCoordinate": 14.56, "southBoundingCoordinate": 14.43}, "sizeMB": 2.28, "format": "ASCII"}, "NAMMA_namsenegal_20060903.tar": {"temporal": ["2006-09-03T00:00:00.000Z", "2006-09-03T23:59:59.000Z"], "wnes_geometry": {"westBoundingCoordinate": -17.23, "eastBoundingCoordinate": -17.01, "northBoundingCoordinate": 15.5, "southBoundingCoordinate": 14.5}, "sizeMB": 1.08, "format": "ASCII"}, "NAMMA_namsenegal_20060904.tar": {"temporal": ["2006-09-04T00:00:00.000Z", "2006-09-04T23:59:59.000Z"], "wnes_geometry": {"westBoundingCoordinate": -17.33, "eastBoundingCoordinate": -17.07, "northBoundingCoordinate": 14.52, "southBoundingCoordinate": 14.47}, "sizeMB": 0.48, "format": "ASCII"}, "NAMMA_namsenegal_20060906.tar": {"temporal": ["2006-09-06T17:44:00.000Z", "2006-09-06T23:10:02.000Z"], "wnes_geometry": {"westBoundingCoordinate": -17.27, "eastBoundingCoordinate": -17.06, "northBoundingCoordinate": 14.53, "southBoundingCoordinate": 14.44}, "sizeMB": 1.15, "format": "ASCII"}, "NAMMA_namsenegal_20060907.tar": {"temporal": ["2006-09-07T02:14:00.000Z", "2006-09-08T01:22:54.000Z"], "wnes_geometry": {"westBoundingCoordinate": -17.4, "eastBoundingCoordinate": -17.06, "northBoundingCoordinate": 14.62, "southBoundingCoordinate": 14.4}, "sizeMB": 1.53, "format": "ASCII"}, "NAMMA_namsenegal_20060908.tar": {"temporal": ["2006-09-08T05:33:00.000Z", "2006-09-08T19:43:28.000Z"], "wnes_geometry": {"westBoundingCoordinate": -17.49, "eastBoundingCoordinate": -17.08, "northBoundingCoordinate": 14.79, "southBoundingCoordinate": 14.04}, "sizeMB": 2.03, "format": "ASCII"}, "NAMMA_namsenegal_20060909.tar": {"temporal": ["2006-09-09T00:00:00.000Z", "2006-09-09T23:59:59.000Z"], "wnes_geometry": {"westBoundingCoordinate": -17.67, "eastBoundingCoordinate": -17.08, "northBoundingCoordinate": 14.6, "southBoundingCoordinate": 14.5}, "sizeMB": 1.33, "format": "ASCII"}, "NAMMA_namsenegal_20060910.tar": {"temporal": ["2006-09-10T00:00:00.000Z", "2006-09-10T23:59:59.000Z"], "wnes_geometry": {"westBoundingCoordinate": -17.83, "eastBoundingCoordinate": -17.06, "northBoundingCoordinate": 14.5, "southBoundingCoordinate": 14.16}, "sizeMB": 3.16, "format": "ASCII"}, "NAMMA_namsenegal_20060911.tar": {"temporal": ["2006-09-11T00:00:00.000Z", "2006-09-11T23:59:59.000Z"], "wnes_geometry": {"westBoundingCoordinate": -17.75, "eastBoundingCoordinate": -17.07, "northBoundingCoordinate": 14.51, "southBoundingCoordinate": 13.91}, "sizeMB": 2.39, "format": "ASCII"}, "NAMMA_namsenegal_20060912.tar": {"temporal": ["2006-09-12T00:00:00.000Z", "2006-09-12T23:59:59.000Z"], "wnes_geometry": {"westBoundingCoordinate": -17.67, "eastBoundingCoordinate": -17.08, "northBoundingCoordinate": 14.56, "southBoundingCoordinate": 14.5}, "sizeMB": 1.36, "format": "ASCII"}, "NAMMA_namsenegal_20060913.tar": {"temporal": ["2006-09-13T00:00:00.000Z", "2006-09-13T23:59:59.000Z"], "wnes_geometry": {"westBoundingCoordinate": -17.32, "eastBoundingCoordinate": -17.07, "northBoundingCoordinate": 14.5, "southBoundingCoordinate": 14.43}, "sizeMB": 0.77, "format": "ASCII"}, "NAMMA_namsenegal_20060914.tar": {"temporal": ["2006-09-14T00:00:00.000Z", "2006-09-14T23:59:59.000Z"], "wnes_geometry": {"westBoundingCoordinate": -17.27, "eastBoundingCoordinate": -17.08, "northBoundingCoordinate": 14.55, "southBoundingCoordinate": 14.37}, "sizeMB": 2.49, "format": "ASCII"}, "NAMMA_namsenegal_20060915.tar": {"temporal": ["2006-09-15T00:00:00.000Z", "2006-09-15T23:59:59.000Z"], "wnes_geometry": {"westBoundingCoordinate": -17.52, "eastBoundingCoordinate": -17.06, "northBoundingCoordinate": 14.69, "southBoundingCoordinate": 14.5}, "sizeMB": 3.03, "format": "ASCII"}, "NAMMA_namsenegal_20060916.tar": {"temporal": ["2006-09-16T00:00:00.000Z", "2006-09-16T23:59:59.000Z"], "wnes_geometry": {"westBoundingCoordinate": -17.39, "eastBoundingCoordinate": -17.07, "northBoundingCoordinate": 14.68, "southBoundingCoordinate": 14.5}, "sizeMB": 1.27, "format": "ASCII"}, "NAMMA_namsenegal_20060917.tar": {"temporal": ["2006-09-17T00:00:00.000Z", "2006-09-17T23:59:59.000Z"], "wnes_geometry": {"westBoundingCoordinate": -17.08, "eastBoundingCoordinate": -17.08, "northBoundingCoordinate": 14.5, "southBoundingCoordinate": 14.5}, "sizeMB": 0.01, "format": "ASCII"}}