{"AMMA31_gauge_gmin.dat": {"temporal": ["2006-08-08T00:00:00.000Z", "2006-09-30T23:59:00.000Z"], "wnes_geometry": {"westBoundingCoordinate": -16.775, "eastBoundingCoordinate": -16.775, "northBoundingCoordinate": 14.665, "southBoundingCoordinate": 14.665}, "sizeMB": 2.18, "format": "Not provided"}, "AMMA39_gauge_gmin.dat": {"temporal": ["2006-08-08T00:00:00.000Z", "2006-09-30T23:59:00.000Z"], "wnes_geometry": {"westBoundingCoordinate": -16.569, "eastBoundingCoordinate": -16.569, "northBoundingCoordinate": 15.217, "southBoundingCoordinate": 15.217}, "sizeMB": 2.18, "format": "Not provided"}, "AMMA25_gauge_gmin.dat": {"temporal": ["2006-08-08T00:00:00.000Z", "2006-09-30T23:59:00.000Z"], "wnes_geometry": {"westBoundingCoordinate": -17.125, "eastBoundingCoordinate": -17.125, "northBoundingCoordinate": 14.905, "southBoundingCoordinate": 14.905}, "sizeMB": 2.18, "format": "Not provided"}, "AMMA30_gauge_gmin.dat": {"temporal": ["2006-08-08T00:00:00.000Z", "2006-09-30T23:59:00.000Z"], "wnes_geometry": {"westBoundingCoordinate": -16.867, "eastBoundingCoordinate": -16.867, "northBoundingCoordinate": 14.899, "southBoundingCoordinate": 14.899}, "sizeMB": 2.18, "format": "Not provided"}, "AMMA29_gauge_gmin.dat": {"temporal": ["2006-08-08T00:00:00.000Z", "2006-09-30T23:59:00.000Z"], "wnes_geometry": {"westBoundingCoordinate": -17.006, "eastBoundingCoordinate": -17.006, "northBoundingCoordinate": 14.993, "southBoundingCoordinate": 14.993}, "sizeMB": 2.18, "format": "Not provided"}, "AMMA35_gauge_gmin.dat": {"temporal": ["2006-08-08T00:00:00.000Z", "2006-09-30T23:59:00.000Z"], "wnes_geometry": {"westBoundingCoordinate": -16.597, "eastBoundingCoordinate": -16.597, "northBoundingCoordinate": 14.895, "southBoundingCoordinate": 14.895}, "sizeMB": 2.18, "format": "Not provided"}, "AMMA37_gauge_gmin.dat": {"temporal": ["2006-08-08T00:00:00.000Z", "2006-09-30T23:59:00.000Z"], "wnes_geometry": {"westBoundingCoordinate": -16.474, "eastBoundingCoordinate": -16.474, "northBoundingCoordinate": 14.85, "southBoundingCoordinate": 14.85}, "sizeMB": 2.18, "format": "Not provided"}, "AMMA36_gauge_gmin.dat": {"temporal": ["2006-08-08T00:00:00.000Z", "2006-09-30T23:59:00.000Z"], "wnes_geometry": {"westBoundingCoordinate": -16.646, "eastBoundingCoordinate": -16.646, "northBoundingCoordinate": 15.102, "southBoundingCoordinate": 15.102}, "sizeMB": 2.18, "format": "Not provided"}, "AMMA32_gauge_gmin.dat": {"temporal": ["2006-08-09T00:00:00.000Z", "2006-09-30T23:59:00.000Z"], "wnes_geometry": {"westBoundingCoordinate": -16.837, "eastBoundingCoordinate": -16.837, "northBoundingCoordinate": 14.443, "southBoundingCoordinate": 14.443}, "sizeMB": 2.14, "format": "Not provided"}, "AMMA33_gauge_gmin.dat": {"temporal": ["2006-08-09T00:00:00.000Z", "2006-09-30T23:59:00.000Z"], "wnes_geometry": {"westBoundingCoordinate": -16.753, "eastBoundingCoordinate": -16.753, "northBoundingCoordinate": 14.269, "southBoundingCoordinate": 14.269}, "sizeMB": 2.14, "format": "Not provided"}, "AMMA24_gauge_gmin.dat": {"temporal": ["2006-08-09T00:00:00.000Z", "2006-09-30T23:59:00.000Z"], "wnes_geometry": {"westBoundingCoordinate": -17.162, "eastBoundingCoordinate": -17.162, "northBoundingCoordinate": 14.695, "southBoundingCoordinate": 14.695}, "sizeMB": 2.14, "format": "Not provided"}, "AMMA40_gauge_gmin.dat": {"temporal": ["2006-08-09T00:00:00.000Z", "2006-09-30T23:59:00.000Z"], "wnes_geometry": {"westBoundingCoordinate": -16.679, "eastBoundingCoordinate": -16.679, "northBoundingCoordinate": 14.132, "southBoundingCoordinate": 14.132}, "sizeMB": 2.14, "format": "Not provided"}, "AMMA27_gauge_gmin.dat": {"temporal": ["2006-08-09T00:00:00.000Z", "2006-09-30T23:59:00.000Z"], "wnes_geometry": {"westBoundingCoordinate": -17.057, "eastBoundingCoordinate": -17.057, "northBoundingCoordinate": 14.544, "southBoundingCoordinate": 14.544}, "sizeMB": 2.14, "format": "Not provided"}, "AMMA10_gauge_gmin.dat": {"temporal": ["2006-08-10T00:00:00.000Z", "2006-09-30T23:59:00.000Z"], "wnes_geometry": {"westBoundingCoordinate": -16.699, "eastBoundingCoordinate": -16.699, "northBoundingCoordinate": 14.568, "southBoundingCoordinate": 14.568}, "sizeMB": 2.1, "format": "Not provided"}, "AMMA20_gauge_gmin.dat": {"temporal": ["2006-08-10T00:00:00.000Z", "2006-09-30T23:59:00.000Z"], "wnes_geometry": {"westBoundingCoordinate": -16.727, "eastBoundingCoordinate": -16.727, "northBoundingCoordinate": 14.531, "southBoundingCoordinate": 14.531}, "sizeMB": 2.1, "format": "Not provided"}, "AMMA16_gauge_gmin.dat": {"temporal": ["2006-08-10T00:00:00.000Z", "2006-09-30T23:59:00.000Z"], "wnes_geometry": {"westBoundingCoordinate": -16.74, "eastBoundingCoordinate": -16.74, "northBoundingCoordinate": 14.546, "southBoundingCoordinate": 14.546}, "sizeMB": 2.1, "format": "Not provided"}, "AMMA12_gauge_gmin.dat": {"temporal": ["2006-08-10T00:00:00.000Z", "2006-09-30T23:59:00.000Z"], "wnes_geometry": {"westBoundingCoordinate": -16.744, "eastBoundingCoordinate": -16.744, "northBoundingCoordinate": 14.516, "southBoundingCoordinate": 14.516}, "sizeMB": 2.1, "format": "Not provided"}, "AMMA02_gauge_gmin.dat": {"temporal": ["2006-08-10T00:00:00.000Z", "2006-09-30T23:59:00.000Z"], "wnes_geometry": {"westBoundingCoordinate": -16.69, "eastBoundingCoordinate": -16.69, "northBoundingCoordinate": 14.57, "southBoundingCoordinate": 14.57}, "sizeMB": 2.1, "format": "Not provided"}, "AMMA19_gauge_gmin.dat": {"temporal": ["2006-08-10T00:00:00.000Z", "2006-09-30T23:59:00.000Z"], "wnes_geometry": {"westBoundingCoordinate": -16.733, "eastBoundingCoordinate": -16.733, "northBoundingCoordinate": 14.532, "southBoundingCoordinate": 14.532}, "sizeMB": 2.1, "format": "Not provided"}, "AMMA06_gauge_gmin.dat": {"temporal": ["2006-08-10T00:00:00.000Z", "2006-09-30T23:59:00.000Z"], "wnes_geometry": {"westBoundingCoordinate": -16.679, "eastBoundingCoordinate": -16.679, "northBoundingCoordinate": 14.537, "southBoundingCoordinate": 14.537}, "sizeMB": 2.1, "format": "Not provided"}, "AMMA09_gauge_gmin.dat": {"temporal": ["2006-08-10T00:00:00.000Z", "2006-09-30T23:59:00.000Z"], "wnes_geometry": {"westBoundingCoordinate": -16.739, "eastBoundingCoordinate": -16.739, "northBoundingCoordinate": 14.555, "southBoundingCoordinate": 14.555}, "sizeMB": 2.1, "format": "Not provided"}, "AMMA01_gauge_gmin.dat": {"temporal": ["2006-08-10T00:00:00.000Z", "2006-09-30T23:59:00.000Z"], "wnes_geometry": {"westBoundingCoordinate": -16.76, "eastBoundingCoordinate": -16.76, "northBoundingCoordinate": 14.574, "southBoundingCoordinate": 14.574}, "sizeMB": 2.1, "format": "Not provided"}, "AMMA11_gauge_gmin.dat": {"temporal": ["2006-08-10T00:00:00.000Z", "2006-09-30T23:59:00.000Z"], "wnes_geometry": {"westBoundingCoordinate": -16.714, "eastBoundingCoordinate": -16.714, "northBoundingCoordinate": 14.503, "southBoundingCoordinate": 14.503}, "sizeMB": 2.1, "format": "Not provided"}, "AMMA17_gauge_gmin.dat": {"temporal": ["2006-08-10T00:00:00.000Z", "2006-09-30T23:59:00.000Z"], "wnes_geometry": {"westBoundingCoordinate": -16.726, "eastBoundingCoordinate": -16.726, "northBoundingCoordinate": 14.535, "southBoundingCoordinate": 14.535}, "sizeMB": 2.1, "format": "Not provided"}, "AMMA15_gauge_gmin.dat": {"temporal": ["2006-08-10T00:00:00.000Z", "2006-09-30T23:59:00.000Z"], "wnes_geometry": {"westBoundingCoordinate": -16.722, "eastBoundingCoordinate": -16.722, "northBoundingCoordinate": 14.518, "southBoundingCoordinate": 14.518}, "sizeMB": 2.1, "format": "Not provided"}, "AMMA07_gauge_gmin.dat": {"temporal": ["2006-08-10T00:00:00.000Z", "2006-09-30T23:59:00.000Z"], "wnes_geometry": {"westBoundingCoordinate": -16.746, "eastBoundingCoordinate": -16.746, "northBoundingCoordinate": 14.475, "southBoundingCoordinate": 14.475}, "sizeMB": 2.1, "format": "Not provided"}, "AMMA18_gauge_gmin.dat": {"temporal": ["2006-08-10T00:00:00.000Z", "2006-09-30T23:59:00.000Z"], "wnes_geometry": {"westBoundingCoordinate": -16.727, "eastBoundingCoordinate": -16.727, "northBoundingCoordinate": 14.527, "southBoundingCoordinate": 14.527}, "sizeMB": 2.1, "format": "Not provided"}, "AMMA05_gauge_gmin.dat": {"temporal": ["2006-08-10T00:00:00.000Z", "2006-09-30T23:59:00.000Z"], "wnes_geometry": {"westBoundingCoordinate": -16.717, "eastBoundingCoordinate": -16.717, "northBoundingCoordinate": 14.581, "southBoundingCoordinate": 14.581}, "sizeMB": 2.1, "format": "Not provided"}, "AMMA04_gauge_gmin.dat": {"temporal": ["2006-08-10T00:00:00.000Z", "2006-09-30T23:59:00.000Z"], "wnes_geometry": {"westBoundingCoordinate": -16.76, "eastBoundingCoordinate": -16.76, "northBoundingCoordinate": 14.49, "southBoundingCoordinate": 14.49}, "sizeMB": 2.1, "format": "Not provided"}, "AMMA03_gauge_gmin.dat": {"temporal": ["2006-08-10T00:00:00.000Z", "2006-09-30T23:59:00.000Z"], "wnes_geometry": {"westBoundingCoordinate": -16.703, "eastBoundingCoordinate": -16.703, "northBoundingCoordinate": 14.482, "southBoundingCoordinate": 14.482}, "sizeMB": 2.1, "format": "Not provided"}, "AMMA13_gauge_gmin.dat": {"temporal": ["2006-08-10T00:00:00.000Z", "2006-09-30T23:59:00.000Z"], "wnes_geometry": {"westBoundingCoordinate": -16.725, "eastBoundingCoordinate": -16.725, "northBoundingCoordinate": 14.546, "southBoundingCoordinate": 14.546}, "sizeMB": 2.1, "format": "Not provided"}, "AMMA08_gauge_gmin.dat": {"temporal": ["2006-08-10T00:00:00.000Z", "2006-09-30T23:59:00.000Z"], "wnes_geometry": {"westBoundingCoordinate": -16.746, "eastBoundingCoordinate": -16.746, "northBoundingCoordinate": 14.475, "southBoundingCoordinate": 14.475}, "sizeMB": 2.1, "format": "Not provided"}, "AMMA14_gauge_gmin.dat": {"temporal": ["2006-08-10T00:00:00.000Z", "2006-09-30T23:59:00.000Z"], "wnes_geometry": {"westBoundingCoordinate": -16.707, "eastBoundingCoordinate": -16.707, "northBoundingCoordinate": 14.536, "southBoundingCoordinate": 14.536}, "sizeMB": 2.1, "format": "Not provided"}, "AMMA28_gauge_gmin.dat": {"temporal": ["2006-08-15T00:00:00.000Z", "2006-09-30T23:59:00.000Z"], "wnes_geometry": {"westBoundingCoordinate": -16.905, "eastBoundingCoordinate": -16.905, "northBoundingCoordinate": 14.522, "southBoundingCoordinate": 14.522}, "sizeMB": 1.9, "format": "Not provided"}, "AMMA22_gauge_gmin.dat": {"temporal": ["2006-08-18T00:00:00.000Z", "2006-09-30T23:59:00.000Z"], "wnes_geometry": {"westBoundingCoordinate": -17.098, "eastBoundingCoordinate": -17.098, "northBoundingCoordinate": 14.656, "southBoundingCoordinate": 14.656}, "sizeMB": 1.77, "format": "Not provided"}, "AMMA23_gauge_gmin.dat": {"temporal": ["2006-08-18T00:00:00.000Z", "2006-09-30T23:59:00.000Z"], "wnes_geometry": {"westBoundingCoordinate": -17.098, "eastBoundingCoordinate": -17.098, "northBoundingCoordinate": 14.656, "southBoundingCoordinate": 14.656}, "sizeMB": 1.77, "format": "Not provided"}}