{"olslit73.jun_analog.hdf": {"temporal": ["1973-06-01T00:00:00.000Z", "1973-06-30T23:59:59.000Z"], "wnes_geometry": {"westBoundingCoordinate": -180, "eastBoundingCoordinate": 180, "northBoundingCoordinate": 90, "southBoundingCoordinate": -90}, "sizeMB": 1, "format": "HDF4"}, "olslit73.jul_analog.hdf": {"temporal": ["1973-07-01T00:00:00.000Z", "1973-07-31T23:59:59.000Z"], "wnes_geometry": {"westBoundingCoordinate": -180, "eastBoundingCoordinate": 180, "northBoundingCoordinate": 90, "southBoundingCoordinate": -90}, "sizeMB": 1.08, "format": "HDF4"}, "olslit77.sep_analog.hdf": {"temporal": ["1977-09-01T00:00:00.000Z", "1977-09-30T23:59:59.000Z"], "wnes_geometry": {"westBoundingCoordinate": -180, "eastBoundingCoordinate": 180, "northBoundingCoordinate": 90, "southBoundingCoordinate": -90}, "sizeMB": 0.4, "format": "HDF4"}, "olslit77.oct_analog.hdf": {"temporal": ["1977-10-01T00:00:00.000Z", "1977-10-31T23:59:59.000Z"], "wnes_geometry": {"westBoundingCoordinate": -180, "eastBoundingCoordinate": 180, "northBoundingCoordinate": 90, "southBoundingCoordinate": -90}, "sizeMB": 0.4, "format": "HDF4"}, "olslit77.nov_analog.hdf": {"temporal": ["1977-11-01T00:00:00.000Z", "1977-11-30T23:59:59.000Z"], "wnes_geometry": {"westBoundingCoordinate": -180, "eastBoundingCoordinate": 180, "northBoundingCoordinate": 90, "southBoundingCoordinate": -90}, "sizeMB": 0.4, "format": "HDF4"}, "olslit77.dec_analog.hdf": {"temporal": ["1977-12-01T00:00:00.000Z", "1977-12-31T23:59:59.000Z"], "wnes_geometry": {"westBoundingCoordinate": -180, "eastBoundingCoordinate": 180, "northBoundingCoordinate": 90, "southBoundingCoordinate": -90}, "sizeMB": 0.41, "format": "HDF4"}, "olslit78.jan_analog.hdf": {"temporal": ["1978-01-01T00:00:00.000Z", "1978-01-31T23:59:59.000Z"], "wnes_geometry": {"westBoundingCoordinate": -180, "eastBoundingCoordinate": 180, "northBoundingCoordinate": 90, "southBoundingCoordinate": -90}, "sizeMB": 0.41, "format": "HDF4"}, "olslit78.feb_analog.hdf": {"temporal": ["1978-02-01T00:00:00.000Z", "1978-02-28T23:59:59.000Z"], "wnes_geometry": {"westBoundingCoordinate": -180, "eastBoundingCoordinate": 180, "northBoundingCoordinate": 90, "southBoundingCoordinate": -90}, "sizeMB": 0.4, "format": "HDF4"}, "olslit78.mar_analog.hdf": {"temporal": ["1978-03-01T00:00:00.000Z", "1978-03-31T23:59:59.000Z"], "wnes_geometry": {"westBoundingCoordinate": -180, "eastBoundingCoordinate": 180, "northBoundingCoordinate": 90, "southBoundingCoordinate": -90}, "sizeMB": 0.4, "format": "HDF4"}, "olslit78.apr_analog.hdf": {"temporal": ["1978-04-01T00:00:00.000Z", "1978-04-30T23:59:59.000Z"], "wnes_geometry": {"westBoundingCoordinate": -180, "eastBoundingCoordinate": 180, "northBoundingCoordinate": 90, "southBoundingCoordinate": -90}, "sizeMB": 0.41, "format": "HDF4"}, "olslit78.may_analog.hdf": {"temporal": ["1978-05-01T00:00:00.000Z", "1978-05-31T23:59:59.000Z"], "wnes_geometry": {"westBoundingCoordinate": -180, "eastBoundingCoordinate": 180, "northBoundingCoordinate": 90, "southBoundingCoordinate": -90}, "sizeMB": 0.41, "format": "HDF4"}, "olslit78.jun_analog.hdf": {"temporal": ["1978-06-01T00:00:00.000Z", "1978-06-30T23:59:59.000Z"], "wnes_geometry": {"westBoundingCoordinate": -180, "eastBoundingCoordinate": 180, "northBoundingCoordinate": 90, "southBoundingCoordinate": -90}, "sizeMB": 0.41, "format": "HDF4"}, "olslit78.jul_analog.hdf": {"temporal": ["1978-07-01T00:00:00.000Z", "1978-07-31T23:59:59.000Z"], "wnes_geometry": {"westBoundingCoordinate": -180, "eastBoundingCoordinate": 180, "northBoundingCoordinate": 90, "southBoundingCoordinate": -90}, "sizeMB": 0.41, "format": "HDF4"}, "olslit78.aug_analog.hdf": {"temporal": ["1978-08-01T00:00:00.000Z", "1978-08-31T23:59:59.000Z"], "wnes_geometry": {"westBoundingCoordinate": -180, "eastBoundingCoordinate": 180, "northBoundingCoordinate": 90, "southBoundingCoordinate": -90}, "sizeMB": 0.38, "format": "HDF4"}, "olslit85.may_analog.hdf": {"temporal": ["1985-05-01T00:00:00.000Z", "1985-05-31T23:59:59.000Z"], "wnes_geometry": {"westBoundingCoordinate": -180, "eastBoundingCoordinate": 180, "northBoundingCoordinate": 90, "southBoundingCoordinate": -90}, "sizeMB": 0.57, "format": "HDF4"}, "olslit85.jun_analog.hdf": {"temporal": ["1985-06-01T00:00:00.000Z", "1985-06-30T23:59:59.000Z"], "wnes_geometry": {"westBoundingCoordinate": -180, "eastBoundingCoordinate": 180, "northBoundingCoordinate": 90, "southBoundingCoordinate": -90}, "sizeMB": 0.56, "format": "HDF4"}, "olslit86.jan_analog.hdf": {"temporal": ["1986-01-01T00:00:00.000Z", "1986-01-31T23:59:59.000Z"], "wnes_geometry": {"westBoundingCoordinate": -180, "eastBoundingCoordinate": 180, "northBoundingCoordinate": 90, "southBoundingCoordinate": -90}, "sizeMB": 1.12, "format": "HDF4"}, "olslit86.feb_analog.hdf": {"temporal": ["1986-02-01T00:00:00.000Z", "1986-02-28T23:59:59.000Z"], "wnes_geometry": {"westBoundingCoordinate": -180, "eastBoundingCoordinate": 180, "northBoundingCoordinate": 90, "southBoundingCoordinate": -90}, "sizeMB": 1.15, "format": "HDF4"}, "olslit86.mar_analog.hdf": {"temporal": ["1986-03-01T00:00:00.000Z", "1986-03-31T23:59:59.000Z"], "wnes_geometry": {"westBoundingCoordinate": -180, "eastBoundingCoordinate": 180, "northBoundingCoordinate": 90, "southBoundingCoordinate": -90}, "sizeMB": 1.21, "format": "HDF4"}, "olslit86.apr_analog.hdf": {"temporal": ["1986-04-01T00:00:00.000Z", "1986-04-30T23:59:59.000Z"], "wnes_geometry": {"westBoundingCoordinate": -180, "eastBoundingCoordinate": 180, "northBoundingCoordinate": 90, "southBoundingCoordinate": -90}, "sizeMB": 1.22, "format": "HDF4"}, "olslit86.may_analog.hdf": {"temporal": ["1986-05-01T00:00:00.000Z", "1986-05-31T23:59:59.000Z"], "wnes_geometry": {"westBoundingCoordinate": -180, "eastBoundingCoordinate": 180, "northBoundingCoordinate": 90, "southBoundingCoordinate": -90}, "sizeMB": 1.05, "format": "HDF4"}, "olslit86.jun_analog.hdf": {"temporal": ["1986-06-01T00:00:00.000Z", "1986-06-30T23:59:59.000Z"], "wnes_geometry": {"westBoundingCoordinate": -180, "eastBoundingCoordinate": 180, "northBoundingCoordinate": 90, "southBoundingCoordinate": -90}, "sizeMB": 0.91, "format": "HDF4"}, "olslit86.jul_analog.hdf": {"temporal": ["1986-07-01T00:00:00.000Z", "1986-07-31T23:59:59.000Z"], "wnes_geometry": {"westBoundingCoordinate": -180, "eastBoundingCoordinate": 180, "northBoundingCoordinate": 90, "southBoundingCoordinate": -90}, "sizeMB": 1.05, "format": "HDF4"}, "olslit86.aug_analog.hdf": {"temporal": ["1986-08-01T00:00:00.000Z", "1986-08-31T23:59:59.000Z"], "wnes_geometry": {"westBoundingCoordinate": -180, "eastBoundingCoordinate": 180, "northBoundingCoordinate": 90, "southBoundingCoordinate": -90}, "sizeMB": 1.27, "format": "HDF4"}, "olslit86.sep_analog.hdf": {"temporal": ["1986-09-01T00:00:00.000Z", "1986-09-30T23:59:59.000Z"], "wnes_geometry": {"westBoundingCoordinate": -180, "eastBoundingCoordinate": 180, "northBoundingCoordinate": 90, "southBoundingCoordinate": -90}, "sizeMB": 1.37, "format": "HDF4"}, "olslit86.oct_analog.hdf": {"temporal": ["1986-10-01T00:00:00.000Z", "1986-10-31T23:59:59.000Z"], "wnes_geometry": {"westBoundingCoordinate": -180, "eastBoundingCoordinate": 180, "northBoundingCoordinate": 90, "southBoundingCoordinate": -90}, "sizeMB": 1.02, "format": "HDF4"}, "olslit86.nov_analog.hdf": {"temporal": ["1986-11-01T00:00:00.000Z", "1986-11-30T23:59:59.000Z"], "wnes_geometry": {"westBoundingCoordinate": -180, "eastBoundingCoordinate": 180, "northBoundingCoordinate": 90, "southBoundingCoordinate": -90}, "sizeMB": 0.9, "format": "HDF4"}, "olslit86.dec_analog.hdf": {"temporal": ["1986-12-01T00:00:00.000Z", "1986-12-31T23:59:59.000Z"], "wnes_geometry": {"westBoundingCoordinate": -180, "eastBoundingCoordinate": 180, "northBoundingCoordinate": 90, "southBoundingCoordinate": -90}, "sizeMB": 0.83, "format": "HDF4"}, "olslit87.jan_analog.hdf": {"temporal": ["1987-01-01T00:00:00.000Z", "1987-01-31T23:59:59.000Z"], "wnes_geometry": {"westBoundingCoordinate": -180, "eastBoundingCoordinate": 180, "northBoundingCoordinate": 90, "southBoundingCoordinate": -90}, "sizeMB": 0.75, "format": "HDF4"}, "olslit87.feb_analog.hdf": {"temporal": ["1987-02-01T00:00:00.000Z", "1987-02-28T23:59:59.000Z"], "wnes_geometry": {"westBoundingCoordinate": -180, "eastBoundingCoordinate": 180, "northBoundingCoordinate": 90, "southBoundingCoordinate": -90}, "sizeMB": 0.92, "format": "HDF4"}, "olslit87.mar_analog.hdf": {"temporal": ["1987-03-01T00:00:00.000Z", "1987-03-31T23:59:59.000Z"], "wnes_geometry": {"westBoundingCoordinate": -180, "eastBoundingCoordinate": 180, "northBoundingCoordinate": 90, "southBoundingCoordinate": -90}, "sizeMB": 0.88, "format": "HDF4"}, "olslit87.apr_analog.hdf": {"temporal": ["1987-04-01T00:00:00.000Z", "1987-04-30T23:59:59.000Z"], "wnes_geometry": {"westBoundingCoordinate": -180, "eastBoundingCoordinate": 180, "northBoundingCoordinate": 90, "southBoundingCoordinate": -90}, "sizeMB": 1, "format": "HDF4"}, "olslit87.may_analog.hdf": {"temporal": ["1987-05-01T00:00:00.000Z", "1987-05-31T23:59:59.000Z"], "wnes_geometry": {"westBoundingCoordinate": -180, "eastBoundingCoordinate": 180, "northBoundingCoordinate": 90, "southBoundingCoordinate": -90}, "sizeMB": 0.99, "format": "HDF4"}, "olslit87.jun_analog.hdf": {"temporal": ["1987-06-01T00:00:00.000Z", "1987-06-30T23:59:59.000Z"], "wnes_geometry": {"westBoundingCoordinate": -180, "eastBoundingCoordinate": 180, "northBoundingCoordinate": 90, "southBoundingCoordinate": -90}, "sizeMB": 0.69, "format": "HDF4"}, "olslit87.jul_analog.hdf": {"temporal": ["1987-07-01T00:00:00.000Z", "1987-07-31T23:59:59.000Z"], "wnes_geometry": {"westBoundingCoordinate": -180, "eastBoundingCoordinate": 180, "northBoundingCoordinate": 90, "southBoundingCoordinate": -90}, "sizeMB": 0.72, "format": "HDF4"}, "olslit87.aug_analog.hdf": {"temporal": ["1987-08-01T00:00:00.000Z", "1987-08-31T23:59:59.000Z"], "wnes_geometry": {"westBoundingCoordinate": -180, "eastBoundingCoordinate": 180, "northBoundingCoordinate": 90, "southBoundingCoordinate": -90}, "sizeMB": 0.83, "format": "HDF4"}, "olslit87.sep_analog.hdf": {"temporal": ["1987-09-01T00:00:00.000Z", "1987-09-30T23:59:59.000Z"], "wnes_geometry": {"westBoundingCoordinate": -180, "eastBoundingCoordinate": 180, "northBoundingCoordinate": 90, "southBoundingCoordinate": -90}, "sizeMB": 0.91, "format": "HDF4"}, "olslit87.oct_analog.hdf": {"temporal": ["1987-10-01T00:00:00.000Z", "1987-10-31T23:59:59.000Z"], "wnes_geometry": {"westBoundingCoordinate": -180, "eastBoundingCoordinate": 180, "northBoundingCoordinate": 90, "southBoundingCoordinate": -90}, "sizeMB": 0.76, "format": "HDF4"}, "olslit88.dec_analog.hdf": {"temporal": ["1988-12-01T00:00:00.000Z", "1988-12-31T23:59:59.000Z"], "wnes_geometry": {"westBoundingCoordinate": -180, "eastBoundingCoordinate": 180, "northBoundingCoordinate": 90, "southBoundingCoordinate": -90}, "sizeMB": 0.48, "format": "HDF4"}, "olslit90.jan_analog.hdf": {"temporal": ["1990-01-01T00:00:00.000Z", "1990-01-31T23:59:59.000Z"], "wnes_geometry": {"westBoundingCoordinate": -180, "eastBoundingCoordinate": 180, "northBoundingCoordinate": 90, "southBoundingCoordinate": -90}, "sizeMB": 0.44, "format": "HDF4"}, "olslit90.feb_analog.hdf": {"temporal": ["1990-02-01T00:00:00.000Z", "1990-02-28T23:59:59.000Z"], "wnes_geometry": {"westBoundingCoordinate": -180, "eastBoundingCoordinate": 180, "northBoundingCoordinate": 90, "southBoundingCoordinate": -90}, "sizeMB": 0.46, "format": "HDF4"}, "olslit90.mar_analog.hdf": {"temporal": ["1990-03-01T00:00:00.000Z", "1990-03-31T23:59:59.000Z"], "wnes_geometry": {"westBoundingCoordinate": -180, "eastBoundingCoordinate": 180, "northBoundingCoordinate": 90, "southBoundingCoordinate": -90}, "sizeMB": 0.46, "format": "HDF4"}, "olslit90.apr_analog.hdf": {"temporal": ["1990-04-01T00:00:00.000Z", "1990-04-30T23:59:59.000Z"], "wnes_geometry": {"westBoundingCoordinate": -180, "eastBoundingCoordinate": 180, "northBoundingCoordinate": 90, "southBoundingCoordinate": -90}, "sizeMB": 0.51, "format": "HDF4"}, "olslit90.may_analog.hdf": {"temporal": ["1990-05-01T00:00:00.000Z", "1990-05-31T23:59:59.000Z"], "wnes_geometry": {"westBoundingCoordinate": -180, "eastBoundingCoordinate": 180, "northBoundingCoordinate": 90, "southBoundingCoordinate": -90}, "sizeMB": 0.44, "format": "HDF4"}, "olslit90.jun_analog.hdf": {"temporal": ["1990-06-01T00:00:00.000Z", "1990-06-30T23:59:59.000Z"], "wnes_geometry": {"westBoundingCoordinate": -180, "eastBoundingCoordinate": 180, "northBoundingCoordinate": 90, "southBoundingCoordinate": -90}, "sizeMB": 0.45, "format": "HDF4"}, "olslit90.jul_analog.hdf": {"temporal": ["1990-07-01T00:00:00.000Z", "1990-07-31T23:59:59.000Z"], "wnes_geometry": {"westBoundingCoordinate": -180, "eastBoundingCoordinate": 180, "northBoundingCoordinate": 90, "southBoundingCoordinate": -90}, "sizeMB": 0.39, "format": "HDF4"}, "olslit90.aug_analog.hdf": {"temporal": ["1990-08-01T00:00:00.000Z", "1990-08-31T23:59:59.000Z"], "wnes_geometry": {"westBoundingCoordinate": -180, "eastBoundingCoordinate": 180, "northBoundingCoordinate": 90, "southBoundingCoordinate": -90}, "sizeMB": 0.39, "format": "HDF4"}, "olslit90.sep_analog.hdf": {"temporal": ["1990-09-01T00:00:00.000Z", "1990-09-30T23:59:59.000Z"], "wnes_geometry": {"westBoundingCoordinate": -180, "eastBoundingCoordinate": 180, "northBoundingCoordinate": 90, "southBoundingCoordinate": -90}, "sizeMB": 0.45, "format": "HDF4"}, "olslit90.oct_analog.hdf": {"temporal": ["1990-10-01T00:00:00.000Z", "1990-10-31T23:59:59.000Z"], "wnes_geometry": {"westBoundingCoordinate": -180, "eastBoundingCoordinate": 180, "northBoundingCoordinate": 90, "southBoundingCoordinate": -90}, "sizeMB": 0.4, "format": "HDF4"}, "olslit90.nov_analog.hdf": {"temporal": ["1990-11-01T00:00:00.000Z", "1990-11-30T23:59:59.000Z"], "wnes_geometry": {"westBoundingCoordinate": -180, "eastBoundingCoordinate": 180, "northBoundingCoordinate": 90, "southBoundingCoordinate": -90}, "sizeMB": 0.4, "format": "HDF4"}, "olslit90.dec_analog.hdf": {"temporal": ["1990-12-01T00:00:00.000Z", "1990-12-31T23:59:59.000Z"], "wnes_geometry": {"westBoundingCoordinate": -180, "eastBoundingCoordinate": 180, "northBoundingCoordinate": 90, "southBoundingCoordinate": -90}, "sizeMB": 0.41, "format": "HDF4"}, "olslit91.jan_analog.hdf": {"temporal": ["1991-01-01T00:00:00.000Z", "1991-01-31T23:59:59.000Z"], "wnes_geometry": {"westBoundingCoordinate": -180, "eastBoundingCoordinate": 180, "northBoundingCoordinate": 90, "southBoundingCoordinate": -90}, "sizeMB": 0.41, "format": "HDF4"}, "olslit91.feb_analog.hdf": {"temporal": ["1991-02-01T00:00:00.000Z", "1991-02-28T23:59:59.000Z"], "wnes_geometry": {"westBoundingCoordinate": -180, "eastBoundingCoordinate": 180, "northBoundingCoordinate": 90, "southBoundingCoordinate": -90}, "sizeMB": 0.4, "format": "HDF4"}, "olslit91.mar_analog.hdf": {"temporal": ["1991-03-01T00:00:00.000Z", "1991-03-31T23:59:59.000Z"], "wnes_geometry": {"westBoundingCoordinate": -180, "eastBoundingCoordinate": 180, "northBoundingCoordinate": 90, "southBoundingCoordinate": -90}, "sizeMB": 0.4, "format": "HDF4"}, "olslit91.apr_analog.hdf": {"temporal": ["1991-04-01T00:00:00.000Z", "1991-04-30T23:59:59.000Z"], "wnes_geometry": {"westBoundingCoordinate": -180, "eastBoundingCoordinate": 180, "northBoundingCoordinate": 90, "southBoundingCoordinate": -90}, "sizeMB": 0.39, "format": "HDF4"}, "olslit91.may_analog.hdf": {"temporal": ["1991-05-01T00:00:00.000Z", "1991-05-31T23:59:59.000Z"], "wnes_geometry": {"westBoundingCoordinate": -180, "eastBoundingCoordinate": 180, "northBoundingCoordinate": 90, "southBoundingCoordinate": -90}, "sizeMB": 0.41, "format": "HDF4"}, "olslit91.jun_analog.hdf": {"temporal": ["1991-06-01T00:00:00.000Z", "1991-06-30T23:59:59.000Z"], "wnes_geometry": {"westBoundingCoordinate": -180, "eastBoundingCoordinate": 180, "northBoundingCoordinate": 90, "southBoundingCoordinate": -90}, "sizeMB": 0.45, "format": "HDF4"}, "olslit91.jul_analog.hdf": {"temporal": ["1991-07-01T00:00:00.000Z", "1991-07-31T23:59:59.000Z"], "wnes_geometry": {"westBoundingCoordinate": -180, "eastBoundingCoordinate": 180, "northBoundingCoordinate": 90, "southBoundingCoordinate": -90}, "sizeMB": 0.41, "format": "HDF4"}, "olslit91.aug_analog.hdf": {"temporal": ["1991-08-01T00:00:00.000Z", "1991-08-31T23:59:59.000Z"], "wnes_geometry": {"westBoundingCoordinate": -180, "eastBoundingCoordinate": 180, "northBoundingCoordinate": 90, "southBoundingCoordinate": -90}, "sizeMB": 0.41, "format": "HDF4"}, "olslit91.sep_analog.hdf": {"temporal": ["1991-09-01T00:00:00.000Z", "1991-09-30T23:59:59.000Z"], "wnes_geometry": {"westBoundingCoordinate": -180, "eastBoundingCoordinate": 180, "northBoundingCoordinate": 90, "southBoundingCoordinate": -90}, "sizeMB": 0.41, "format": "HDF4"}, "olslit91.oct_analog.hdf": {"temporal": ["1991-10-01T00:00:00.000Z", "1991-10-31T23:59:59.000Z"], "wnes_geometry": {"westBoundingCoordinate": -180, "eastBoundingCoordinate": 180, "northBoundingCoordinate": 90, "southBoundingCoordinate": -90}, "sizeMB": 0.41, "format": "HDF4"}, "olslit91.nov_analog.hdf": {"temporal": ["1991-11-01T00:00:00.000Z", "1991-11-30T23:59:59.000Z"], "wnes_geometry": {"westBoundingCoordinate": -180, "eastBoundingCoordinate": 180, "northBoundingCoordinate": 90, "southBoundingCoordinate": -90}, "sizeMB": 0.4, "format": "HDF4"}, "olslit91.dec_analog.hdf": {"temporal": ["1991-12-01T00:00:00.000Z", "1991-12-16T23:59:59.000Z"], "wnes_geometry": {"westBoundingCoordinate": -180, "eastBoundingCoordinate": 180, "northBoundingCoordinate": 90, "southBoundingCoordinate": -90}, "sizeMB": 0.39, "format": "HDF4"}}