{"olslit1995.may_digital_12.hdf": {"temporal": ["1995-05-01T00:00:00.000Z", "1995-05-31T23:59:59.000Z"], "wnes_geometry": {"westBoundingCoordinate": -180, "eastBoundingCoordinate": 180, "northBoundingCoordinate": 90, "southBoundingCoordinate": -90}, "sizeMB": 6.16, "format": "HDF4"}, "olslit1995.jun_digital_12.hdf": {"temporal": ["1995-06-01T00:00:00.000Z", "1995-06-30T23:59:59.000Z"], "wnes_geometry": {"westBoundingCoordinate": -180, "eastBoundingCoordinate": 180, "northBoundingCoordinate": 90, "southBoundingCoordinate": -90}, "sizeMB": 10.81, "format": "HDF4"}, "olslit1995.jul_digital_12.hdf": {"temporal": ["1995-07-01T00:00:00.000Z", "1995-07-31T23:59:59.000Z"], "wnes_geometry": {"westBoundingCoordinate": -180, "eastBoundingCoordinate": 180, "northBoundingCoordinate": 90, "southBoundingCoordinate": -90}, "sizeMB": 7.14, "format": "HDF4"}, "olslit1995.aug_digital_12.hdf": {"temporal": ["1995-08-01T00:00:00.000Z", "1995-08-31T23:59:59.000Z"], "wnes_geometry": {"westBoundingCoordinate": -180, "eastBoundingCoordinate": 180, "northBoundingCoordinate": 90, "southBoundingCoordinate": -90}, "sizeMB": 8.05, "format": "HDF4"}, "olslit1995.sep_digital_12.hdf": {"temporal": ["1995-09-01T00:00:00.000Z", "1995-09-30T23:59:59.000Z"], "wnes_geometry": {"westBoundingCoordinate": -180, "eastBoundingCoordinate": 180, "northBoundingCoordinate": 90, "southBoundingCoordinate": -90}, "sizeMB": 7.81, "format": "HDF4"}, "olslit1995.oct_digital_12.hdf": {"temporal": ["1995-10-01T00:00:00.000Z", "1995-10-31T23:59:59.000Z"], "wnes_geometry": {"westBoundingCoordinate": -180, "eastBoundingCoordinate": 180, "northBoundingCoordinate": 90, "southBoundingCoordinate": -90}, "sizeMB": 7.8, "format": "HDF4"}, "olslit1995.nov_digital_12.hdf": {"temporal": ["1995-11-01T00:00:00.000Z", "1995-11-30T23:59:59.000Z"], "wnes_geometry": {"westBoundingCoordinate": -180, "eastBoundingCoordinate": 180, "northBoundingCoordinate": 90, "southBoundingCoordinate": -90}, "sizeMB": 7.02, "format": "HDF4"}}