{"olslit1994.feb_digital_10.hdf": {"temporal": ["1994-02-01T00:00:00.000Z", "1994-02-28T23:59:59.000Z"], "wnes_geometry": {"westBoundingCoordinate": -180, "eastBoundingCoordinate": 180, "northBoundingCoordinate": 90, "southBoundingCoordinate": -90}, "sizeMB": 10.12, "format": "HDF4"}, "olslit1994.mar_digital_10.hdf": {"temporal": ["1994-03-01T00:00:00.000Z", "1994-03-31T23:59:59.000Z"], "wnes_geometry": {"westBoundingCoordinate": -180, "eastBoundingCoordinate": 180, "northBoundingCoordinate": 90, "southBoundingCoordinate": -90}, "sizeMB": 10.54, "format": "HDF4"}, "olslit1994.apr_digital_10.hdf": {"temporal": ["1994-04-01T00:00:00.000Z", "1994-04-30T23:59:59.000Z"], "wnes_geometry": {"westBoundingCoordinate": -180, "eastBoundingCoordinate": 180, "northBoundingCoordinate": 90, "southBoundingCoordinate": -90}, "sizeMB": 11.27, "format": "HDF4"}, "olslit1994.may_digital_10.hdf": {"temporal": ["1994-05-01T00:00:00.000Z", "1994-05-31T23:59:59.000Z"], "wnes_geometry": {"westBoundingCoordinate": -180, "eastBoundingCoordinate": 180, "northBoundingCoordinate": 90, "southBoundingCoordinate": -90}, "sizeMB": 16.07, "format": "HDF4"}}