{"RASI_Papagayo_1998.nc": {"temporal": ["1998-01-01T00:00:00.000Z", "1998-12-31T23:59:59.000Z"], "wnes_geometry": {"westBoundingCoordinate": -93, "eastBoundingCoordinate": -85.38, "northBoundingCoordinate": 12.13, "southBoundingCoordinate": 7}, "sizeMB": 0.23, "format": "NETCDF-3"}, "RASI_Papagayo_1999.nc": {"temporal": ["1999-01-01T00:00:00.000Z", "1999-12-31T23:59:59.000Z"], "wnes_geometry": {"westBoundingCoordinate": -93, "eastBoundingCoordinate": -85.38, "northBoundingCoordinate": 12.13, "southBoundingCoordinate": 7}, "sizeMB": 0.23, "format": "NETCDF-3"}, "RASI_Papagayo_2000.nc": {"temporal": ["2000-01-01T00:00:00.000Z", "2000-12-31T23:59:59.000Z"], "wnes_geometry": {"westBoundingCoordinate": -93, "eastBoundingCoordinate": -85.38, "northBoundingCoordinate": 12.13, "southBoundingCoordinate": 7}, "sizeMB": 0.23, "format": "NETCDF-3"}, "RASI_Papagayo_2001.nc": {"temporal": ["2001-01-01T00:00:00.000Z", "2001-12-31T23:59:59.000Z"], "wnes_geometry": {"westBoundingCoordinate": -93, "eastBoundingCoordinate": -85.38, "northBoundingCoordinate": 12.13, "southBoundingCoordinate": 7}, "sizeMB": 0.23, "format": "NETCDF-3"}, "RASI_Papagayo_2002.nc": {"temporal": ["2002-01-01T00:00:00.000Z", "2002-12-31T23:59:59.000Z"], "wnes_geometry": {"westBoundingCoordinate": -93, "eastBoundingCoordinate": -85.38, "northBoundingCoordinate": 12.13, "southBoundingCoordinate": 7}, "sizeMB": 0.23, "format": "NETCDF-3"}, "RASI_Papagayo_2003.nc": {"temporal": ["2003-01-01T00:00:00.000Z", "2003-12-31T23:59:59.000Z"], "wnes_geometry": {"westBoundingCoordinate": -93, "eastBoundingCoordinate": -85.38, "northBoundingCoordinate": 12.13, "southBoundingCoordinate": 7}, "sizeMB": 0.23, "format": "NETCDF-3"}, "RASI_Papagayo_2004.nc": {"temporal": ["2004-01-01T00:00:00.000Z", "2004-12-31T23:59:59.000Z"], "wnes_geometry": {"westBoundingCoordinate": -93, "eastBoundingCoordinate": -85.38, "northBoundingCoordinate": 12.13, "southBoundingCoordinate": 7}, "sizeMB": 0.23, "format": "NETCDF-3"}, "RASI_Papagayo_2005.nc": {"temporal": ["2005-01-01T00:00:00.000Z", "2005-12-31T23:59:59.000Z"], "wnes_geometry": {"westBoundingCoordinate": -93, "eastBoundingCoordinate": -85.38, "northBoundingCoordinate": 12.13, "southBoundingCoordinate": 7}, "sizeMB": 0.23, "format": "NETCDF-3"}, "RASI_Papagayo_2006.nc": {"temporal": ["2006-01-01T00:00:00.000Z", "2006-12-31T23:59:59.000Z"], "wnes_geometry": {"westBoundingCoordinate": -93, "eastBoundingCoordinate": -85.38, "northBoundingCoordinate": 12.13, "southBoundingCoordinate": 7}, "sizeMB": 0.23, "format": "NETCDF-3"}, "RASI_Papagayo_2007.nc": {"temporal": ["2007-01-01T00:00:00.000Z", "2007-12-31T23:59:59.000Z"], "wnes_geometry": {"westBoundingCoordinate": -93, "eastBoundingCoordinate": -85.38, "northBoundingCoordinate": 12.13, "southBoundingCoordinate": 7}, "sizeMB": 0.23, "format": "NETCDF-3"}, "RASI_Papagayo_2008.nc": {"temporal": ["2008-01-01T00:00:00.000Z", "2008-12-31T23:59:59.000Z"], "wnes_geometry": {"westBoundingCoordinate": -93, "eastBoundingCoordinate": -85.38, "northBoundingCoordinate": 12.13, "southBoundingCoordinate": 7}, "sizeMB": 0.23, "format": "NETCDF-3"}, "RASI_Papagayo_2009.nc": {"temporal": ["2009-01-01T00:00:00.000Z", "2009-12-31T23:59:59.000Z"], "wnes_geometry": {"westBoundingCoordinate": -93, "eastBoundingCoordinate": -85.38, "northBoundingCoordinate": 12.13, "southBoundingCoordinate": 7}, "sizeMB": 0.23, "format": "NETCDF-3"}, "RASI_Papagayo_2010.nc": {"temporal": ["2010-01-01T00:00:00.000Z", "2010-12-31T23:59:59.000Z"], "wnes_geometry": {"westBoundingCoordinate": -93, "eastBoundingCoordinate": -85.38, "northBoundingCoordinate": 12.13, "southBoundingCoordinate": 7}, "sizeMB": 0.23, "format": "NETCDF-3"}, "RASI_Papagayo_2011.nc": {"temporal": ["2011-01-01T00:00:00.000Z", "2011-12-31T23:59:59.000Z"], "wnes_geometry": {"westBoundingCoordinate": -93, "eastBoundingCoordinate": -85.38, "northBoundingCoordinate": 12.13, "southBoundingCoordinate": 7}, "sizeMB": 0.22, "format": "NETCDF-3"}}