{"f11_ssmi_199112v7.nc": {"temporal": ["1991-12-01T00:00:00.000Z", "1991-12-31T23:59:59.000Z"], "wnes_geometry": {"westBoundingCoordinate": -180, "eastBoundingCoordinate": 180, "northBoundingCoordinate": 90, "southBoundingCoordinate": -90}, "sizeMB": 1.33, "format": "Not provided"}, "f11_ssmi_199201v7.nc": {"temporal": ["1992-01-01T00:00:00.000Z", "1992-01-31T23:59:59.000Z"], "wnes_geometry": {"westBoundingCoordinate": -180, "eastBoundingCoordinate": 180, "northBoundingCoordinate": 90, "southBoundingCoordinate": -90}, "sizeMB": 1.3, "format": "Not provided"}, "f11_ssmi_199202v7.nc": {"temporal": ["1992-02-01T00:00:00.000Z", "1992-02-29T23:59:59.000Z"], "wnes_geometry": {"westBoundingCoordinate": -180, "eastBoundingCoordinate": 180, "northBoundingCoordinate": 90, "southBoundingCoordinate": -90}, "sizeMB": 1.32, "format": "Not provided"}, "f11_ssmi_199203v7.nc": {"temporal": ["1992-03-01T00:00:00.000Z", "1992-03-31T23:59:59.000Z"], "wnes_geometry": {"westBoundingCoordinate": -180, "eastBoundingCoordinate": 180, "northBoundingCoordinate": 90, "southBoundingCoordinate": -90}, "sizeMB": 1.29, "format": "Not provided"}, "f11_ssmi_199204v7.nc": {"temporal": ["1992-04-01T00:00:00.000Z", "1992-04-30T23:59:59.000Z"], "wnes_geometry": {"westBoundingCoordinate": -180, "eastBoundingCoordinate": 180, "northBoundingCoordinate": 90, "southBoundingCoordinate": -90}, "sizeMB": 1.29, "format": "Not provided"}, "f11_ssmi_199205v7.nc": {"temporal": ["1992-05-01T00:00:00.000Z", "1992-05-31T23:59:59.000Z"], "wnes_geometry": {"westBoundingCoordinate": -180, "eastBoundingCoordinate": 180, "northBoundingCoordinate": 90, "southBoundingCoordinate": -90}, "sizeMB": 1.27, "format": "Not provided"}, "f11_ssmi_199206v7.nc": {"temporal": ["1992-06-01T00:00:00.000Z", "1992-06-30T23:59:59.000Z"], "wnes_geometry": {"westBoundingCoordinate": -180, "eastBoundingCoordinate": 180, "northBoundingCoordinate": 90, "southBoundingCoordinate": -90}, "sizeMB": 1.28, "format": "Not provided"}, "f11_ssmi_199207v7.nc": {"temporal": ["1992-07-01T00:00:00.000Z", "1992-07-31T23:59:59.000Z"], "wnes_geometry": {"westBoundingCoordinate": -180, "eastBoundingCoordinate": 180, "northBoundingCoordinate": 90, "southBoundingCoordinate": -90}, "sizeMB": 1.25, "format": "Not provided"}, "f11_ssmi_199208v7.nc": {"temporal": ["1992-08-01T00:00:00.000Z", "1992-08-31T23:59:59.000Z"], "wnes_geometry": {"westBoundingCoordinate": -180, "eastBoundingCoordinate": 180, "northBoundingCoordinate": 90, "southBoundingCoordinate": -90}, "sizeMB": 1.25, "format": "Not provided"}, "f11_ssmi_199209v7.nc": {"temporal": ["1992-09-01T00:00:00.000Z", "1992-09-30T23:59:59.000Z"], "wnes_geometry": {"westBoundingCoordinate": -180, "eastBoundingCoordinate": 180, "northBoundingCoordinate": 90, "southBoundingCoordinate": -90}, "sizeMB": 1.26, "format": "Not provided"}, "f11_ssmi_199210v7.nc": {"temporal": ["1992-10-01T00:00:00.000Z", "1992-10-31T23:59:59.000Z"], "wnes_geometry": {"westBoundingCoordinate": -180, "eastBoundingCoordinate": 180, "northBoundingCoordinate": 90, "southBoundingCoordinate": -90}, "sizeMB": 1.25, "format": "Not provided"}, "f11_ssmi_199211v7.nc": {"temporal": ["1992-11-01T00:00:00.000Z", "1992-11-30T23:59:59.000Z"], "wnes_geometry": {"westBoundingCoordinate": -180, "eastBoundingCoordinate": 180, "northBoundingCoordinate": 90, "southBoundingCoordinate": -90}, "sizeMB": 1.27, "format": "Not provided"}, "f11_ssmi_199212v7.nc": {"temporal": ["1992-12-01T00:00:00.000Z", "1992-12-31T23:59:59.000Z"], "wnes_geometry": {"westBoundingCoordinate": -180, "eastBoundingCoordinate": 180, "northBoundingCoordinate": 90, "southBoundingCoordinate": -90}, "sizeMB": 1.29, "format": "Not provided"}, "f11_ssmi_199301v7.nc": {"temporal": ["1993-01-01T00:00:00.000Z", "1993-01-31T23:59:59.000Z"], "wnes_geometry": {"westBoundingCoordinate": -180, "eastBoundingCoordinate": 180, "northBoundingCoordinate": 90, "southBoundingCoordinate": -90}, "sizeMB": 1.3, "format": "Not provided"}, "f11_ssmi_199302v7.nc": {"temporal": ["1993-02-01T00:00:00.000Z", "1993-02-28T23:59:59.000Z"], "wnes_geometry": {"westBoundingCoordinate": -180, "eastBoundingCoordinate": 180, "northBoundingCoordinate": 90, "southBoundingCoordinate": -90}, "sizeMB": 1.31, "format": "Not provided"}, "f11_ssmi_199303v7.nc": {"temporal": ["1993-03-01T00:00:00.000Z", "1993-03-31T23:59:59.000Z"], "wnes_geometry": {"westBoundingCoordinate": -180, "eastBoundingCoordinate": 180, "northBoundingCoordinate": 90, "southBoundingCoordinate": -90}, "sizeMB": 1.28, "format": "Not provided"}, "f11_ssmi_199304v7.nc": {"temporal": ["1993-04-01T00:00:00.000Z", "1993-04-30T23:59:59.000Z"], "wnes_geometry": {"westBoundingCoordinate": -180, "eastBoundingCoordinate": 180, "northBoundingCoordinate": 90, "southBoundingCoordinate": -90}, "sizeMB": 1.26, "format": "Not provided"}, "f11_ssmi_199305v7.nc": {"temporal": ["1993-05-01T00:00:00.000Z", "1993-05-31T23:59:59.000Z"], "wnes_geometry": {"westBoundingCoordinate": -180, "eastBoundingCoordinate": 180, "northBoundingCoordinate": 90, "southBoundingCoordinate": -90}, "sizeMB": 1.26, "format": "Not provided"}, "f11_ssmi_199306v7.nc": {"temporal": ["1993-06-01T00:00:00.000Z", "1993-06-30T23:59:59.000Z"], "wnes_geometry": {"westBoundingCoordinate": -180, "eastBoundingCoordinate": 180, "northBoundingCoordinate": 90, "southBoundingCoordinate": -90}, "sizeMB": 1.25, "format": "Not provided"}, "f11_ssmi_199307v7.nc": {"temporal": ["1993-07-01T00:00:00.000Z", "1993-07-31T23:59:59.000Z"], "wnes_geometry": {"westBoundingCoordinate": -180, "eastBoundingCoordinate": 180, "northBoundingCoordinate": 90, "southBoundingCoordinate": -90}, "sizeMB": 1.26, "format": "Not provided"}, "f11_ssmi_199308v7.nc": {"temporal": ["1993-08-01T00:00:00.000Z", "1993-08-31T23:59:59.000Z"], "wnes_geometry": {"westBoundingCoordinate": -180, "eastBoundingCoordinate": 180, "northBoundingCoordinate": 90, "southBoundingCoordinate": -90}, "sizeMB": 1.25, "format": "Not provided"}, "f11_ssmi_199309v7.nc": {"temporal": ["1993-09-01T00:00:00.000Z", "1993-09-30T23:59:59.000Z"], "wnes_geometry": {"westBoundingCoordinate": -180, "eastBoundingCoordinate": 180, "northBoundingCoordinate": 90, "southBoundingCoordinate": -90}, "sizeMB": 1.25, "format": "Not provided"}, "f11_ssmi_199310v7.nc": {"temporal": ["1993-10-01T00:00:00.000Z", "1993-10-31T23:59:59.000Z"], "wnes_geometry": {"westBoundingCoordinate": -180, "eastBoundingCoordinate": 180, "northBoundingCoordinate": 90, "southBoundingCoordinate": -90}, "sizeMB": 1.25, "format": "Not provided"}, "f11_ssmi_199311v7.nc": {"temporal": ["1993-11-01T00:00:00.000Z", "1993-11-30T23:59:59.000Z"], "wnes_geometry": {"westBoundingCoordinate": -180, "eastBoundingCoordinate": 180, "northBoundingCoordinate": 90, "southBoundingCoordinate": -90}, "sizeMB": 1.27, "format": "Not provided"}, "f11_ssmi_199312v7.nc": {"temporal": ["1993-12-01T00:00:00.000Z", "1993-12-31T23:59:59.000Z"], "wnes_geometry": {"westBoundingCoordinate": -180, "eastBoundingCoordinate": 180, "northBoundingCoordinate": 90, "southBoundingCoordinate": -90}, "sizeMB": 1.28, "format": "Not provided"}, "f11_ssmi_199401v7.nc": {"temporal": ["1994-01-01T00:00:00.000Z", "1994-01-31T23:59:59.000Z"], "wnes_geometry": {"westBoundingCoordinate": -180, "eastBoundingCoordinate": 180, "northBoundingCoordinate": 90, "southBoundingCoordinate": -90}, "sizeMB": 1.28, "format": "Not provided"}, "f11_ssmi_199402v7.nc": {"temporal": ["1994-02-01T00:00:00.000Z", "1994-02-28T23:59:59.000Z"], "wnes_geometry": {"westBoundingCoordinate": -180, "eastBoundingCoordinate": 180, "northBoundingCoordinate": 90, "southBoundingCoordinate": -90}, "sizeMB": 1.3, "format": "Not provided"}, "f11_ssmi_199403v7.nc": {"temporal": ["1994-03-01T00:00:00.000Z", "1994-03-31T23:59:59.000Z"], "wnes_geometry": {"westBoundingCoordinate": -180, "eastBoundingCoordinate": 180, "northBoundingCoordinate": 90, "southBoundingCoordinate": -90}, "sizeMB": 1.29, "format": "Not provided"}, "f11_ssmi_199404v7.nc": {"temporal": ["1994-04-01T00:00:00.000Z", "1994-04-30T23:59:59.000Z"], "wnes_geometry": {"westBoundingCoordinate": -180, "eastBoundingCoordinate": 180, "northBoundingCoordinate": 90, "southBoundingCoordinate": -90}, "sizeMB": 1.28, "format": "Not provided"}, "f11_ssmi_199405v7.nc": {"temporal": ["1994-05-01T00:00:00.000Z", "1994-05-31T23:59:59.000Z"], "wnes_geometry": {"westBoundingCoordinate": -180, "eastBoundingCoordinate": 180, "northBoundingCoordinate": 90, "southBoundingCoordinate": -90}, "sizeMB": 1.26, "format": "Not provided"}, "f11_ssmi_199406v7.nc": {"temporal": ["1994-06-01T00:00:00.000Z", "1994-06-30T23:59:59.000Z"], "wnes_geometry": {"westBoundingCoordinate": -180, "eastBoundingCoordinate": 180, "northBoundingCoordinate": 90, "southBoundingCoordinate": -90}, "sizeMB": 1.28, "format": "Not provided"}, "f11_ssmi_199407v7.nc": {"temporal": ["1994-07-01T00:00:00.000Z", "1994-07-31T23:59:59.000Z"], "wnes_geometry": {"westBoundingCoordinate": -180, "eastBoundingCoordinate": 180, "northBoundingCoordinate": 90, "southBoundingCoordinate": -90}, "sizeMB": 1.26, "format": "Not provided"}, "f11_ssmi_199408v7.nc": {"temporal": ["1994-08-01T00:00:00.000Z", "1994-08-31T23:59:59.000Z"], "wnes_geometry": {"westBoundingCoordinate": -180, "eastBoundingCoordinate": 180, "northBoundingCoordinate": 90, "southBoundingCoordinate": -90}, "sizeMB": 1.25, "format": "Not provided"}, "f11_ssmi_199409v7.nc": {"temporal": ["1994-09-01T00:00:00.000Z", "1994-09-30T23:59:59.000Z"], "wnes_geometry": {"westBoundingCoordinate": -180, "eastBoundingCoordinate": 180, "northBoundingCoordinate": 90, "southBoundingCoordinate": -90}, "sizeMB": 1.25, "format": "Not provided"}, "f11_ssmi_199410v7.nc": {"temporal": ["1994-10-01T00:00:00.000Z", "1994-10-31T23:59:59.000Z"], "wnes_geometry": {"westBoundingCoordinate": -180, "eastBoundingCoordinate": 180, "northBoundingCoordinate": 90, "southBoundingCoordinate": -90}, "sizeMB": 1.25, "format": "Not provided"}, "f11_ssmi_199411v7.nc": {"temporal": ["1994-11-01T00:00:00.000Z", "1994-11-30T23:59:59.000Z"], "wnes_geometry": {"westBoundingCoordinate": -180, "eastBoundingCoordinate": 180, "northBoundingCoordinate": 90, "southBoundingCoordinate": -90}, "sizeMB": 1.27, "format": "Not provided"}, "f11_ssmi_199412v7.nc": {"temporal": ["1994-12-01T00:00:00.000Z", "1994-12-31T23:59:59.000Z"], "wnes_geometry": {"westBoundingCoordinate": -180, "eastBoundingCoordinate": 180, "northBoundingCoordinate": 90, "southBoundingCoordinate": -90}, "sizeMB": 1.27, "format": "Not provided"}, "f11_ssmi_199501v7.nc": {"temporal": ["1995-01-01T00:00:00.000Z", "1995-01-31T23:59:59.000Z"], "wnes_geometry": {"westBoundingCoordinate": -180, "eastBoundingCoordinate": 180, "northBoundingCoordinate": 90, "southBoundingCoordinate": -90}, "sizeMB": 1.27, "format": "Not provided"}, "f11_ssmi_199502v7.nc": {"temporal": ["1995-02-01T00:00:00.000Z", "1995-02-28T23:59:59.000Z"], "wnes_geometry": {"westBoundingCoordinate": -180, "eastBoundingCoordinate": 180, "northBoundingCoordinate": 90, "southBoundingCoordinate": -90}, "sizeMB": 1.28, "format": "Not provided"}, "f11_ssmi_199503v7.nc": {"temporal": ["1995-03-01T00:00:00.000Z", "1995-03-31T23:59:59.000Z"], "wnes_geometry": {"westBoundingCoordinate": -180, "eastBoundingCoordinate": 180, "northBoundingCoordinate": 90, "southBoundingCoordinate": -90}, "sizeMB": 1.28, "format": "Not provided"}, "f11_ssmi_199504v7.nc": {"temporal": ["1995-04-01T00:00:00.000Z", "1995-04-30T23:59:59.000Z"], "wnes_geometry": {"westBoundingCoordinate": -180, "eastBoundingCoordinate": 180, "northBoundingCoordinate": 90, "southBoundingCoordinate": -90}, "sizeMB": 1.28, "format": "Not provided"}, "f11_ssmi_199505v7.nc": {"temporal": ["1995-05-01T00:00:00.000Z", "1995-05-31T23:59:59.000Z"], "wnes_geometry": {"westBoundingCoordinate": -180, "eastBoundingCoordinate": 180, "northBoundingCoordinate": 90, "southBoundingCoordinate": -90}, "sizeMB": 1.31, "format": "Not provided"}, "f11_ssmi_199506v7.nc": {"temporal": ["1995-06-01T00:00:00.000Z", "1995-06-30T23:59:59.000Z"], "wnes_geometry": {"westBoundingCoordinate": -180, "eastBoundingCoordinate": 180, "northBoundingCoordinate": 90, "southBoundingCoordinate": -90}, "sizeMB": 1.28, "format": "Not provided"}, "f11_ssmi_199507v7.nc": {"temporal": ["1995-07-01T00:00:00.000Z", "1995-07-31T23:59:59.000Z"], "wnes_geometry": {"westBoundingCoordinate": -180, "eastBoundingCoordinate": 180, "northBoundingCoordinate": 90, "southBoundingCoordinate": -90}, "sizeMB": 1.3, "format": "Not provided"}, "f11_ssmi_199508v7.nc": {"temporal": ["1995-08-01T00:00:00.000Z", "1995-08-31T23:59:59.000Z"], "wnes_geometry": {"westBoundingCoordinate": -180, "eastBoundingCoordinate": 180, "northBoundingCoordinate": 90, "southBoundingCoordinate": -90}, "sizeMB": 1.3, "format": "Not provided"}, "f11_ssmi_199509v7.nc": {"temporal": ["1995-09-01T00:00:00.000Z", "1995-09-30T23:59:59.000Z"], "wnes_geometry": {"westBoundingCoordinate": -180, "eastBoundingCoordinate": 180, "northBoundingCoordinate": 90, "southBoundingCoordinate": -90}, "sizeMB": 1.26, "format": "Not provided"}, "f11_ssmi_199510v7.nc": {"temporal": ["1995-10-01T00:00:00.000Z", "1995-10-31T23:59:59.000Z"], "wnes_geometry": {"westBoundingCoordinate": -180, "eastBoundingCoordinate": 180, "northBoundingCoordinate": 90, "southBoundingCoordinate": -90}, "sizeMB": 1.26, "format": "Not provided"}, "f11_ssmi_199511v7.nc": {"temporal": ["1995-11-01T00:00:00.000Z", "1995-11-30T23:59:59.000Z"], "wnes_geometry": {"westBoundingCoordinate": -180, "eastBoundingCoordinate": 180, "northBoundingCoordinate": 90, "southBoundingCoordinate": -90}, "sizeMB": 1.32, "format": "Not provided"}, "f11_ssmi_199512v7.nc": {"temporal": ["1995-12-01T00:00:00.000Z", "1995-12-31T23:59:59.000Z"], "wnes_geometry": {"westBoundingCoordinate": -180, "eastBoundingCoordinate": 180, "northBoundingCoordinate": 90, "southBoundingCoordinate": -90}, "sizeMB": 1.29, "format": "Not provided"}, "f11_ssmi_199601v7.nc": {"temporal": ["1996-01-01T00:00:00.000Z", "1996-01-31T23:59:59.000Z"], "wnes_geometry": {"westBoundingCoordinate": -180, "eastBoundingCoordinate": 180, "northBoundingCoordinate": 90, "southBoundingCoordinate": -90}, "sizeMB": 1.31, "format": "Not provided"}, "f11_ssmi_199602v7.nc": {"temporal": ["1996-02-01T00:00:00.000Z", "1996-02-29T23:59:59.000Z"], "wnes_geometry": {"westBoundingCoordinate": -180, "eastBoundingCoordinate": 180, "northBoundingCoordinate": 90, "southBoundingCoordinate": -90}, "sizeMB": 1.34, "format": "Not provided"}, "f11_ssmi_199603v7.nc": {"temporal": ["1996-03-01T00:00:00.000Z", "1996-03-31T23:59:59.000Z"], "wnes_geometry": {"westBoundingCoordinate": -180, "eastBoundingCoordinate": 180, "northBoundingCoordinate": 90, "southBoundingCoordinate": -90}, "sizeMB": 1.32, "format": "Not provided"}, "f11_ssmi_199604v7.nc": {"temporal": ["1996-04-01T00:00:00.000Z", "1996-04-30T23:59:59.000Z"], "wnes_geometry": {"westBoundingCoordinate": -180, "eastBoundingCoordinate": 180, "northBoundingCoordinate": 90, "southBoundingCoordinate": -90}, "sizeMB": 1.39, "format": "Not provided"}, "f11_ssmi_199605v7.nc": {"temporal": ["1996-05-01T00:00:00.000Z", "1996-05-31T23:59:59.000Z"], "wnes_geometry": {"westBoundingCoordinate": -180, "eastBoundingCoordinate": 180, "northBoundingCoordinate": 90, "southBoundingCoordinate": -90}, "sizeMB": 1.31, "format": "Not provided"}, "f11_ssmi_199606v7.nc": {"temporal": ["1996-06-01T00:00:00.000Z", "1996-06-30T23:59:59.000Z"], "wnes_geometry": {"westBoundingCoordinate": -180, "eastBoundingCoordinate": 180, "northBoundingCoordinate": 90, "southBoundingCoordinate": -90}, "sizeMB": 1.29, "format": "Not provided"}, "f11_ssmi_199607v7.nc": {"temporal": ["1996-07-01T00:00:00.000Z", "1996-07-31T23:59:59.000Z"], "wnes_geometry": {"westBoundingCoordinate": -180, "eastBoundingCoordinate": 180, "northBoundingCoordinate": 90, "southBoundingCoordinate": -90}, "sizeMB": 1.33, "format": "Not provided"}, "f11_ssmi_199608v7.nc": {"temporal": ["1996-08-01T00:00:00.000Z", "1996-08-31T23:59:59.000Z"], "wnes_geometry": {"westBoundingCoordinate": -180, "eastBoundingCoordinate": 180, "northBoundingCoordinate": 90, "southBoundingCoordinate": -90}, "sizeMB": 1.29, "format": "Not provided"}, "f11_ssmi_199609v7.nc": {"temporal": ["1996-09-01T00:00:00.000Z", "1996-09-30T23:59:59.000Z"], "wnes_geometry": {"westBoundingCoordinate": -180, "eastBoundingCoordinate": 180, "northBoundingCoordinate": 90, "southBoundingCoordinate": -90}, "sizeMB": 1.29, "format": "Not provided"}, "f11_ssmi_199610v7.nc": {"temporal": ["1996-10-01T00:00:00.000Z", "1996-10-31T23:59:59.000Z"], "wnes_geometry": {"westBoundingCoordinate": -180, "eastBoundingCoordinate": 180, "northBoundingCoordinate": 90, "southBoundingCoordinate": -90}, "sizeMB": 1.26, "format": "Not provided"}, "f11_ssmi_199611v7.nc": {"temporal": ["1996-11-01T00:00:00.000Z", "1996-11-30T23:59:59.000Z"], "wnes_geometry": {"westBoundingCoordinate": -180, "eastBoundingCoordinate": 180, "northBoundingCoordinate": 90, "southBoundingCoordinate": -90}, "sizeMB": 1.28, "format": "Not provided"}, "f11_ssmi_199612v7.nc": {"temporal": ["1996-12-01T00:00:00.000Z", "1996-12-31T23:59:59.000Z"], "wnes_geometry": {"westBoundingCoordinate": -180, "eastBoundingCoordinate": 180, "northBoundingCoordinate": 90, "southBoundingCoordinate": -90}, "sizeMB": 1.32, "format": "Not provided"}, "f11_ssmi_199701v7.nc": {"temporal": ["1997-01-01T00:00:00.000Z", "1997-01-31T23:59:59.000Z"], "wnes_geometry": {"westBoundingCoordinate": -180, "eastBoundingCoordinate": 180, "northBoundingCoordinate": 90, "southBoundingCoordinate": -90}, "sizeMB": 1.27, "format": "Not provided"}, "f11_ssmi_199702v7.nc": {"temporal": ["1997-02-01T00:00:00.000Z", "1997-02-28T23:59:59.000Z"], "wnes_geometry": {"westBoundingCoordinate": -180, "eastBoundingCoordinate": 180, "northBoundingCoordinate": 90, "southBoundingCoordinate": -90}, "sizeMB": 1.33, "format": "Not provided"}, "f11_ssmi_199703v7.nc": {"temporal": ["1997-03-01T00:00:00.000Z", "1997-03-31T23:59:59.000Z"], "wnes_geometry": {"westBoundingCoordinate": -180, "eastBoundingCoordinate": 180, "northBoundingCoordinate": 90, "southBoundingCoordinate": -90}, "sizeMB": 1.4, "format": "Not provided"}, "f11_ssmi_199704v7.nc": {"temporal": ["1997-04-01T00:00:00.000Z", "1997-04-30T23:59:59.000Z"], "wnes_geometry": {"westBoundingCoordinate": -180, "eastBoundingCoordinate": 180, "northBoundingCoordinate": 90, "southBoundingCoordinate": -90}, "sizeMB": 1.39, "format": "Not provided"}, "f11_ssmi_199705v7.nc": {"temporal": ["1997-05-01T00:00:00.000Z", "1997-05-31T23:59:59.000Z"], "wnes_geometry": {"westBoundingCoordinate": -180, "eastBoundingCoordinate": 180, "northBoundingCoordinate": 90, "southBoundingCoordinate": -90}, "sizeMB": 1.28, "format": "Not provided"}, "f11_ssmi_199706v7.nc": {"temporal": ["1997-06-01T00:00:00.000Z", "1997-06-30T23:59:59.000Z"], "wnes_geometry": {"westBoundingCoordinate": -180, "eastBoundingCoordinate": 180, "northBoundingCoordinate": 90, "southBoundingCoordinate": -90}, "sizeMB": 1.25, "format": "Not provided"}, "f11_ssmi_199707v7.nc": {"temporal": ["1997-07-01T00:00:00.000Z", "1997-07-31T23:59:59.000Z"], "wnes_geometry": {"westBoundingCoordinate": -180, "eastBoundingCoordinate": 180, "northBoundingCoordinate": 90, "southBoundingCoordinate": -90}, "sizeMB": 1.24, "format": "Not provided"}, "f11_ssmi_199708v7.nc": {"temporal": ["1997-08-01T00:00:00.000Z", "1997-08-31T23:59:59.000Z"], "wnes_geometry": {"westBoundingCoordinate": -180, "eastBoundingCoordinate": 180, "northBoundingCoordinate": 90, "southBoundingCoordinate": -90}, "sizeMB": 1.28, "format": "Not provided"}, "f11_ssmi_199709v7.nc": {"temporal": ["1997-09-01T00:00:00.000Z", "1997-09-30T23:59:59.000Z"], "wnes_geometry": {"westBoundingCoordinate": -180, "eastBoundingCoordinate": 180, "northBoundingCoordinate": 90, "southBoundingCoordinate": -90}, "sizeMB": 1.25, "format": "Not provided"}, "f11_ssmi_199710v7.nc": {"temporal": ["1997-10-01T00:00:00.000Z", "1997-10-31T23:59:59.000Z"], "wnes_geometry": {"westBoundingCoordinate": -180, "eastBoundingCoordinate": 180, "northBoundingCoordinate": 90, "southBoundingCoordinate": -90}, "sizeMB": 1.25, "format": "Not provided"}, "f11_ssmi_199711v7.nc": {"temporal": ["1997-11-01T00:00:00.000Z", "1997-11-30T23:59:59.000Z"], "wnes_geometry": {"westBoundingCoordinate": -180, "eastBoundingCoordinate": 180, "northBoundingCoordinate": 90, "southBoundingCoordinate": -90}, "sizeMB": 1.25, "format": "Not provided"}, "f11_ssmi_199712v7.nc": {"temporal": ["1997-12-01T00:00:00.000Z", "1997-12-31T23:59:59.000Z"], "wnes_geometry": {"westBoundingCoordinate": -180, "eastBoundingCoordinate": 180, "northBoundingCoordinate": 90, "southBoundingCoordinate": -90}, "sizeMB": 1.26, "format": "Not provided"}, "f11_ssmi_199801v7.nc": {"temporal": ["1998-01-01T00:00:00.000Z", "1998-01-31T23:59:59.000Z"], "wnes_geometry": {"westBoundingCoordinate": -180, "eastBoundingCoordinate": 180, "northBoundingCoordinate": 90, "southBoundingCoordinate": -90}, "sizeMB": 1.26, "format": "Not provided"}, "f11_ssmi_199802v7.nc": {"temporal": ["1998-02-01T00:00:00.000Z", "1998-02-28T23:59:59.000Z"], "wnes_geometry": {"westBoundingCoordinate": -180, "eastBoundingCoordinate": 180, "northBoundingCoordinate": 90, "southBoundingCoordinate": -90}, "sizeMB": 1.27, "format": "Not provided"}, "f11_ssmi_199803v7.nc": {"temporal": ["1998-03-01T00:00:00.000Z", "1998-03-31T23:59:59.000Z"], "wnes_geometry": {"westBoundingCoordinate": -180, "eastBoundingCoordinate": 180, "northBoundingCoordinate": 90, "southBoundingCoordinate": -90}, "sizeMB": 1.26, "format": "Not provided"}, "f11_ssmi_199804v7.nc": {"temporal": ["1998-04-01T00:00:00.000Z", "1998-04-30T23:59:59.000Z"], "wnes_geometry": {"westBoundingCoordinate": -180, "eastBoundingCoordinate": 180, "northBoundingCoordinate": 90, "southBoundingCoordinate": -90}, "sizeMB": 1.26, "format": "Not provided"}, "f11_ssmi_199805v7.nc": {"temporal": ["1998-05-01T00:00:00.000Z", "1998-05-31T23:59:59.000Z"], "wnes_geometry": {"westBoundingCoordinate": -180, "eastBoundingCoordinate": 180, "northBoundingCoordinate": 90, "southBoundingCoordinate": -90}, "sizeMB": 1.25, "format": "Not provided"}, "f11_ssmi_199806v7.nc": {"temporal": ["1998-06-01T00:00:00.000Z", "1998-06-30T23:59:59.000Z"], "wnes_geometry": {"westBoundingCoordinate": -180, "eastBoundingCoordinate": 180, "northBoundingCoordinate": 90, "southBoundingCoordinate": -90}, "sizeMB": 1.23, "format": "Not provided"}, "f11_ssmi_199807v7.nc": {"temporal": ["1998-07-01T00:00:00.000Z", "1998-07-31T23:59:59.000Z"], "wnes_geometry": {"westBoundingCoordinate": -180, "eastBoundingCoordinate": 180, "northBoundingCoordinate": 90, "southBoundingCoordinate": -90}, "sizeMB": 1.23, "format": "Not provided"}, "f11_ssmi_199808v7.nc": {"temporal": ["1998-08-01T00:00:00.000Z", "1998-08-31T23:59:59.000Z"], "wnes_geometry": {"westBoundingCoordinate": -180, "eastBoundingCoordinate": 180, "northBoundingCoordinate": 90, "southBoundingCoordinate": -90}, "sizeMB": 1.23, "format": "Not provided"}, "f11_ssmi_199809v7.nc": {"temporal": ["1998-09-01T00:00:00.000Z", "1998-09-30T23:59:59.000Z"], "wnes_geometry": {"westBoundingCoordinate": -180, "eastBoundingCoordinate": 180, "northBoundingCoordinate": 90, "southBoundingCoordinate": -90}, "sizeMB": 1.24, "format": "Not provided"}, "f11_ssmi_199810v7.nc": {"temporal": ["1998-10-01T00:00:00.000Z", "1998-10-31T23:59:59.000Z"], "wnes_geometry": {"westBoundingCoordinate": -180, "eastBoundingCoordinate": 180, "northBoundingCoordinate": 90, "southBoundingCoordinate": -90}, "sizeMB": 1.23, "format": "Not provided"}, "f11_ssmi_199811v7.nc": {"temporal": ["1998-11-01T00:00:00.000Z", "1998-11-30T23:59:59.000Z"], "wnes_geometry": {"westBoundingCoordinate": -180, "eastBoundingCoordinate": 180, "northBoundingCoordinate": 90, "southBoundingCoordinate": -90}, "sizeMB": 1.25, "format": "Not provided"}, "f11_ssmi_199812v7.nc": {"temporal": ["1998-12-01T00:00:00.000Z", "1998-12-31T23:59:59.000Z"], "wnes_geometry": {"westBoundingCoordinate": -180, "eastBoundingCoordinate": 180, "northBoundingCoordinate": 90, "southBoundingCoordinate": -90}, "sizeMB": 1.28, "format": "Not provided"}, "f11_ssmi_199901v7.nc": {"temporal": ["1999-01-01T00:00:00.000Z", "1999-01-31T23:59:59.000Z"], "wnes_geometry": {"westBoundingCoordinate": -180, "eastBoundingCoordinate": 180, "northBoundingCoordinate": 90, "southBoundingCoordinate": -90}, "sizeMB": 1.27, "format": "Not provided"}, "f11_ssmi_199902v7.nc": {"temporal": ["1999-02-01T00:00:00.000Z", "1999-02-28T23:59:59.000Z"], "wnes_geometry": {"westBoundingCoordinate": -180, "eastBoundingCoordinate": 180, "northBoundingCoordinate": 90, "southBoundingCoordinate": -90}, "sizeMB": 1.3, "format": "Not provided"}, "f11_ssmi_199903v7.nc": {"temporal": ["1999-03-01T00:00:00.000Z", "1999-03-31T23:59:59.000Z"], "wnes_geometry": {"westBoundingCoordinate": -180, "eastBoundingCoordinate": 180, "northBoundingCoordinate": 90, "southBoundingCoordinate": -90}, "sizeMB": 1.29, "format": "Not provided"}, "f11_ssmi_199904v7.nc": {"temporal": ["1999-04-01T00:00:00.000Z", "1999-04-30T23:59:59.000Z"], "wnes_geometry": {"westBoundingCoordinate": -180, "eastBoundingCoordinate": 180, "northBoundingCoordinate": 90, "southBoundingCoordinate": -90}, "sizeMB": 1.31, "format": "Not provided"}, "f11_ssmi_199905v7.nc": {"temporal": ["1999-05-01T00:00:00.000Z", "1999-05-31T23:59:59.000Z"], "wnes_geometry": {"westBoundingCoordinate": -180, "eastBoundingCoordinate": 180, "northBoundingCoordinate": 90, "southBoundingCoordinate": -90}, "sizeMB": 1.32, "format": "Not provided"}, "f11_ssmi_199906v7.nc": {"temporal": ["1999-06-01T00:00:00.000Z", "1999-06-30T23:59:59.000Z"], "wnes_geometry": {"westBoundingCoordinate": -180, "eastBoundingCoordinate": 180, "northBoundingCoordinate": 90, "southBoundingCoordinate": -90}, "sizeMB": 1.3, "format": "Not provided"}, "f11_ssmi_199907v7.nc": {"temporal": ["1999-07-01T00:00:00.000Z", "1999-07-31T23:59:59.000Z"], "wnes_geometry": {"westBoundingCoordinate": -180, "eastBoundingCoordinate": 180, "northBoundingCoordinate": 90, "southBoundingCoordinate": -90}, "sizeMB": 1.3, "format": "Not provided"}, "f11_ssmi_199908v7.nc": {"temporal": ["1999-08-01T00:00:00.000Z", "1999-08-31T23:59:59.000Z"], "wnes_geometry": {"westBoundingCoordinate": -180, "eastBoundingCoordinate": 180, "northBoundingCoordinate": 90, "southBoundingCoordinate": -90}, "sizeMB": 1.31, "format": "Not provided"}, "f11_ssmi_199909v7.nc": {"temporal": ["1999-09-01T00:00:00.000Z", "1999-09-30T23:59:59.000Z"], "wnes_geometry": {"westBoundingCoordinate": -180, "eastBoundingCoordinate": 180, "northBoundingCoordinate": 90, "southBoundingCoordinate": -90}, "sizeMB": 1.33, "format": "Not provided"}, "f11_ssmi_199910v7.nc": {"temporal": ["1999-10-01T00:00:00.000Z", "1999-10-31T23:59:59.000Z"], "wnes_geometry": {"westBoundingCoordinate": -180, "eastBoundingCoordinate": 180, "northBoundingCoordinate": 90, "southBoundingCoordinate": -90}, "sizeMB": 1.31, "format": "Not provided"}, "f11_ssmi_199911v7.nc": {"temporal": ["1999-11-01T00:00:00.000Z", "1999-11-30T23:59:59.000Z"], "wnes_geometry": {"westBoundingCoordinate": -180, "eastBoundingCoordinate": 180, "northBoundingCoordinate": 90, "southBoundingCoordinate": -90}, "sizeMB": 1.32, "format": "Not provided"}, "f11_ssmi_199912v7.nc": {"temporal": ["1999-12-01T00:00:00.000Z", "1999-12-31T23:59:59.000Z"], "wnes_geometry": {"westBoundingCoordinate": -180, "eastBoundingCoordinate": 180, "northBoundingCoordinate": 90, "southBoundingCoordinate": -90}, "sizeMB": 1.33, "format": "Not provided"}, "f11_ssmi_200001v7.nc": {"temporal": ["2000-01-01T00:00:00.000Z", "2000-01-31T23:59:59.000Z"], "wnes_geometry": {"westBoundingCoordinate": -180, "eastBoundingCoordinate": 180, "northBoundingCoordinate": 90, "southBoundingCoordinate": -90}, "sizeMB": 1.32, "format": "Not provided"}, "f11_ssmi_200002v7.nc": {"temporal": ["2000-02-01T00:00:00.000Z", "2000-02-29T23:59:59.000Z"], "wnes_geometry": {"westBoundingCoordinate": -180, "eastBoundingCoordinate": 180, "northBoundingCoordinate": 90, "southBoundingCoordinate": -90}, "sizeMB": 1.32, "format": "Not provided"}, "f11_ssmi_200003v7.nc": {"temporal": ["2000-03-01T00:00:00.000Z", "2000-03-31T23:59:59.000Z"], "wnes_geometry": {"westBoundingCoordinate": -180, "eastBoundingCoordinate": 180, "northBoundingCoordinate": 90, "southBoundingCoordinate": -90}, "sizeMB": 1.32, "format": "Not provided"}, "f11_ssmi_200004v7.nc": {"temporal": ["2000-04-01T00:00:00.000Z", "2000-04-30T23:59:59.000Z"], "wnes_geometry": {"westBoundingCoordinate": -180, "eastBoundingCoordinate": 180, "northBoundingCoordinate": 90, "southBoundingCoordinate": -90}, "sizeMB": 1.4, "format": "Not provided"}, "f11_ssmi_200005v7.nc": {"temporal": ["2000-05-01T00:00:00.000Z", "2000-05-31T23:59:59.000Z"], "wnes_geometry": {"westBoundingCoordinate": -180, "eastBoundingCoordinate": 180, "northBoundingCoordinate": 90, "southBoundingCoordinate": -90}, "sizeMB": 1.57, "format": "Not provided"}}