{"f08_ssmi_198707v7.nc": {"temporal": ["1987-07-01T00:00:00.000Z", "1987-07-31T23:59:59.000Z"], "wnes_geometry": {"westBoundingCoordinate": -180, "eastBoundingCoordinate": 180, "northBoundingCoordinate": 90, "southBoundingCoordinate": -90}, "sizeMB": 1.32, "format": "Not provided"}, "f08_ssmi_198708v7.nc": {"temporal": ["1987-08-01T00:00:00.000Z", "1987-08-31T23:59:59.000Z"], "wnes_geometry": {"westBoundingCoordinate": -180, "eastBoundingCoordinate": 180, "northBoundingCoordinate": 90, "southBoundingCoordinate": -90}, "sizeMB": 1.27, "format": "Not provided"}, "f08_ssmi_198709v7.nc": {"temporal": ["1987-09-01T00:00:00.000Z", "1987-09-30T23:59:59.000Z"], "wnes_geometry": {"westBoundingCoordinate": -180, "eastBoundingCoordinate": 180, "northBoundingCoordinate": 90, "southBoundingCoordinate": -90}, "sizeMB": 1.26, "format": "Not provided"}, "f08_ssmi_198710v7.nc": {"temporal": ["1987-10-01T00:00:00.000Z", "1987-10-31T23:59:59.000Z"], "wnes_geometry": {"westBoundingCoordinate": -180, "eastBoundingCoordinate": 180, "northBoundingCoordinate": 90, "southBoundingCoordinate": -90}, "sizeMB": 1.28, "format": "Not provided"}, "f08_ssmi_198711v7.nc": {"temporal": ["1987-11-01T00:00:00.000Z", "1987-11-30T23:59:59.000Z"], "wnes_geometry": {"westBoundingCoordinate": -180, "eastBoundingCoordinate": 180, "northBoundingCoordinate": 90, "southBoundingCoordinate": -90}, "sizeMB": 1.26, "format": "Not provided"}, "f08_ssmi_198712v7.nc": {"temporal": ["1987-12-01T00:00:00.000Z", "1987-12-31T23:59:59.000Z"], "wnes_geometry": {"westBoundingCoordinate": -180, "eastBoundingCoordinate": 180, "northBoundingCoordinate": 90, "southBoundingCoordinate": -90}, "sizeMB": 1.43, "format": "Not provided"}, "f08_ssmi_198801v7.nc": {"temporal": ["1988-01-01T00:00:00.000Z", "1988-01-31T23:59:59.000Z"], "wnes_geometry": {"westBoundingCoordinate": -180, "eastBoundingCoordinate": 180, "northBoundingCoordinate": 90, "southBoundingCoordinate": -90}, "sizeMB": 1.36, "format": "Not provided"}, "f08_ssmi_198802v7.nc": {"temporal": ["1988-02-01T00:00:00.000Z", "1988-02-29T23:59:59.000Z"], "wnes_geometry": {"westBoundingCoordinate": -180, "eastBoundingCoordinate": 180, "northBoundingCoordinate": 90, "southBoundingCoordinate": -90}, "sizeMB": 1.29, "format": "Not provided"}, "f08_ssmi_198803v7.nc": {"temporal": ["1988-03-01T00:00:00.000Z", "1988-03-31T23:59:59.000Z"], "wnes_geometry": {"westBoundingCoordinate": -180, "eastBoundingCoordinate": 180, "northBoundingCoordinate": 90, "southBoundingCoordinate": -90}, "sizeMB": 1.29, "format": "Not provided"}, "f08_ssmi_198804v7.nc": {"temporal": ["1988-04-01T00:00:00.000Z", "1988-04-30T23:59:59.000Z"], "wnes_geometry": {"westBoundingCoordinate": -180, "eastBoundingCoordinate": 180, "northBoundingCoordinate": 90, "southBoundingCoordinate": -90}, "sizeMB": 1.27, "format": "Not provided"}, "f08_ssmi_198805v7.nc": {"temporal": ["1988-05-01T00:00:00.000Z", "1988-05-31T23:59:59.000Z"], "wnes_geometry": {"westBoundingCoordinate": -180, "eastBoundingCoordinate": 180, "northBoundingCoordinate": 90, "southBoundingCoordinate": -90}, "sizeMB": 1.29, "format": "Not provided"}, "f08_ssmi_198806v7.nc": {"temporal": ["1988-06-01T00:00:00.000Z", "1988-06-30T23:59:59.000Z"], "wnes_geometry": {"westBoundingCoordinate": -180, "eastBoundingCoordinate": 180, "northBoundingCoordinate": 90, "southBoundingCoordinate": -90}, "sizeMB": 1.26, "format": "Not provided"}, "f08_ssmi_198807v7.nc": {"temporal": ["1988-07-01T00:00:00.000Z", "1988-07-31T23:59:59.000Z"], "wnes_geometry": {"westBoundingCoordinate": -180, "eastBoundingCoordinate": 180, "northBoundingCoordinate": 90, "southBoundingCoordinate": -90}, "sizeMB": 1.24, "format": "Not provided"}, "f08_ssmi_198808v7.nc": {"temporal": ["1988-08-01T00:00:00.000Z", "1988-08-31T23:59:59.000Z"], "wnes_geometry": {"westBoundingCoordinate": -180, "eastBoundingCoordinate": 180, "northBoundingCoordinate": 90, "southBoundingCoordinate": -90}, "sizeMB": 1.24, "format": "Not provided"}, "f08_ssmi_198809v7.nc": {"temporal": ["1988-09-01T00:00:00.000Z", "1988-09-30T23:59:59.000Z"], "wnes_geometry": {"westBoundingCoordinate": -180, "eastBoundingCoordinate": 180, "northBoundingCoordinate": 90, "southBoundingCoordinate": -90}, "sizeMB": 1.27, "format": "Not provided"}, "f08_ssmi_198810v7.nc": {"temporal": ["1988-10-01T00:00:00.000Z", "1988-10-31T23:59:59.000Z"], "wnes_geometry": {"westBoundingCoordinate": -180, "eastBoundingCoordinate": 180, "northBoundingCoordinate": 90, "southBoundingCoordinate": -90}, "sizeMB": 1.24, "format": "Not provided"}, "f08_ssmi_198811v7.nc": {"temporal": ["1988-11-01T00:00:00.000Z", "1988-11-30T23:59:59.000Z"], "wnes_geometry": {"westBoundingCoordinate": -180, "eastBoundingCoordinate": 180, "northBoundingCoordinate": 90, "southBoundingCoordinate": -90}, "sizeMB": 1.26, "format": "Not provided"}, "f08_ssmi_198812v7.nc": {"temporal": ["1988-12-01T00:00:00.000Z", "1988-12-31T23:59:59.000Z"], "wnes_geometry": {"westBoundingCoordinate": -180, "eastBoundingCoordinate": 180, "northBoundingCoordinate": 90, "southBoundingCoordinate": -90}, "sizeMB": 1.29, "format": "Not provided"}, "f08_ssmi_198901v7.nc": {"temporal": ["1989-01-01T00:00:00.000Z", "1989-01-31T23:59:59.000Z"], "wnes_geometry": {"westBoundingCoordinate": -180, "eastBoundingCoordinate": 180, "northBoundingCoordinate": 90, "southBoundingCoordinate": -90}, "sizeMB": 1.29, "format": "Not provided"}, "f08_ssmi_198902v7.nc": {"temporal": ["1989-02-01T00:00:00.000Z", "1989-02-28T23:59:59.000Z"], "wnes_geometry": {"westBoundingCoordinate": -180, "eastBoundingCoordinate": 180, "northBoundingCoordinate": 90, "southBoundingCoordinate": -90}, "sizeMB": 1.31, "format": "Not provided"}, "f08_ssmi_198903v7.nc": {"temporal": ["1989-03-01T00:00:00.000Z", "1989-03-31T23:59:59.000Z"], "wnes_geometry": {"westBoundingCoordinate": -180, "eastBoundingCoordinate": 180, "northBoundingCoordinate": 90, "southBoundingCoordinate": -90}, "sizeMB": 1.27, "format": "Not provided"}, "f08_ssmi_198904v7.nc": {"temporal": ["1989-04-01T00:00:00.000Z", "1989-04-30T23:59:59.000Z"], "wnes_geometry": {"westBoundingCoordinate": -180, "eastBoundingCoordinate": 180, "northBoundingCoordinate": 90, "southBoundingCoordinate": -90}, "sizeMB": 1.28, "format": "Not provided"}, "f08_ssmi_198905v7.nc": {"temporal": ["1989-05-01T00:00:00.000Z", "1989-05-31T23:59:59.000Z"], "wnes_geometry": {"westBoundingCoordinate": -180, "eastBoundingCoordinate": 180, "northBoundingCoordinate": 90, "southBoundingCoordinate": -90}, "sizeMB": 1.25, "format": "Not provided"}, "f08_ssmi_198906v7.nc": {"temporal": ["1989-06-01T00:00:00.000Z", "1989-06-30T23:59:59.000Z"], "wnes_geometry": {"westBoundingCoordinate": -180, "eastBoundingCoordinate": 180, "northBoundingCoordinate": 90, "southBoundingCoordinate": -90}, "sizeMB": 1.27, "format": "Not provided"}, "f08_ssmi_198907v7.nc": {"temporal": ["1989-07-01T00:00:00.000Z", "1989-07-31T23:59:59.000Z"], "wnes_geometry": {"westBoundingCoordinate": -180, "eastBoundingCoordinate": 180, "northBoundingCoordinate": 90, "southBoundingCoordinate": -90}, "sizeMB": 1.28, "format": "Not provided"}, "f08_ssmi_198908v7.nc": {"temporal": ["1989-08-01T00:00:00.000Z", "1989-08-31T23:59:59.000Z"], "wnes_geometry": {"westBoundingCoordinate": -180, "eastBoundingCoordinate": 180, "northBoundingCoordinate": 90, "southBoundingCoordinate": -90}, "sizeMB": 1.25, "format": "Not provided"}, "f08_ssmi_198909v7.nc": {"temporal": ["1989-09-01T00:00:00.000Z", "1989-09-30T23:59:59.000Z"], "wnes_geometry": {"westBoundingCoordinate": -180, "eastBoundingCoordinate": 180, "northBoundingCoordinate": 90, "southBoundingCoordinate": -90}, "sizeMB": 1.26, "format": "Not provided"}, "f08_ssmi_198910v7.nc": {"temporal": ["1989-10-01T00:00:00.000Z", "1989-10-31T23:59:59.000Z"], "wnes_geometry": {"westBoundingCoordinate": -180, "eastBoundingCoordinate": 180, "northBoundingCoordinate": 90, "southBoundingCoordinate": -90}, "sizeMB": 1.27, "format": "Not provided"}, "f08_ssmi_198911v7.nc": {"temporal": ["1989-11-01T00:00:00.000Z", "1989-11-30T23:59:59.000Z"], "wnes_geometry": {"westBoundingCoordinate": -180, "eastBoundingCoordinate": 180, "northBoundingCoordinate": 90, "southBoundingCoordinate": -90}, "sizeMB": 1.26, "format": "Not provided"}, "f08_ssmi_198912v7.nc": {"temporal": ["1989-12-01T00:00:00.000Z", "1989-12-31T23:59:59.000Z"], "wnes_geometry": {"westBoundingCoordinate": -180, "eastBoundingCoordinate": 180, "northBoundingCoordinate": 90, "southBoundingCoordinate": -90}, "sizeMB": 1.28, "format": "Not provided"}, "f08_ssmi_199001v7.nc": {"temporal": ["1990-01-01T00:00:00.000Z", "1990-01-31T23:59:59.000Z"], "wnes_geometry": {"westBoundingCoordinate": -180, "eastBoundingCoordinate": 180, "northBoundingCoordinate": 90, "southBoundingCoordinate": -90}, "sizeMB": 1.29, "format": "Not provided"}, "f08_ssmi_199002v7.nc": {"temporal": ["1990-02-01T00:00:00.000Z", "1990-02-28T23:59:59.000Z"], "wnes_geometry": {"westBoundingCoordinate": -180, "eastBoundingCoordinate": 180, "northBoundingCoordinate": 90, "southBoundingCoordinate": -90}, "sizeMB": 1.32, "format": "Not provided"}, "f08_ssmi_199003v7.nc": {"temporal": ["1990-03-01T00:00:00.000Z", "1990-03-31T23:59:59.000Z"], "wnes_geometry": {"westBoundingCoordinate": -180, "eastBoundingCoordinate": 180, "northBoundingCoordinate": 90, "southBoundingCoordinate": -90}, "sizeMB": 1.3, "format": "Not provided"}, "f08_ssmi_199004v7.nc": {"temporal": ["1990-04-01T00:00:00.000Z", "1990-04-30T23:59:59.000Z"], "wnes_geometry": {"westBoundingCoordinate": -180, "eastBoundingCoordinate": 180, "northBoundingCoordinate": 90, "southBoundingCoordinate": -90}, "sizeMB": 1.29, "format": "Not provided"}, "f08_ssmi_199005v7.nc": {"temporal": ["1990-05-01T00:00:00.000Z", "1990-05-31T23:59:59.000Z"], "wnes_geometry": {"westBoundingCoordinate": -180, "eastBoundingCoordinate": 180, "northBoundingCoordinate": 90, "southBoundingCoordinate": -90}, "sizeMB": 1.27, "format": "Not provided"}, "f08_ssmi_199006v7.nc": {"temporal": ["1990-06-01T00:00:00.000Z", "1990-06-30T23:59:59.000Z"], "wnes_geometry": {"westBoundingCoordinate": -180, "eastBoundingCoordinate": 180, "northBoundingCoordinate": 90, "southBoundingCoordinate": -90}, "sizeMB": 1.25, "format": "Not provided"}, "f08_ssmi_199007v7.nc": {"temporal": ["1990-07-01T00:00:00.000Z", "1990-07-31T23:59:59.000Z"], "wnes_geometry": {"westBoundingCoordinate": -180, "eastBoundingCoordinate": 180, "northBoundingCoordinate": 90, "southBoundingCoordinate": -90}, "sizeMB": 1.26, "format": "Not provided"}, "f08_ssmi_199008v7.nc": {"temporal": ["1990-08-01T00:00:00.000Z", "1990-08-31T23:59:59.000Z"], "wnes_geometry": {"westBoundingCoordinate": -180, "eastBoundingCoordinate": 180, "northBoundingCoordinate": 90, "southBoundingCoordinate": -90}, "sizeMB": 1.3, "format": "Not provided"}, "f08_ssmi_199009v7.nc": {"temporal": ["1990-09-01T00:00:00.000Z", "1990-09-30T23:59:59.000Z"], "wnes_geometry": {"westBoundingCoordinate": -180, "eastBoundingCoordinate": 180, "northBoundingCoordinate": 90, "southBoundingCoordinate": -90}, "sizeMB": 1.25, "format": "Not provided"}, "f08_ssmi_199010v7.nc": {"temporal": ["1990-10-01T00:00:00.000Z", "1990-10-31T23:59:59.000Z"], "wnes_geometry": {"westBoundingCoordinate": -180, "eastBoundingCoordinate": 180, "northBoundingCoordinate": 90, "southBoundingCoordinate": -90}, "sizeMB": 1.31, "format": "Not provided"}, "f08_ssmi_199011v7.nc": {"temporal": ["1990-11-01T00:00:00.000Z", "1990-11-30T23:59:59.000Z"], "wnes_geometry": {"westBoundingCoordinate": -180, "eastBoundingCoordinate": 180, "northBoundingCoordinate": 90, "southBoundingCoordinate": -90}, "sizeMB": 1.32, "format": "Not provided"}, "f08_ssmi_199012v7.nc": {"temporal": ["1990-12-01T00:00:00.000Z", "1990-12-31T23:59:59.000Z"], "wnes_geometry": {"westBoundingCoordinate": -180, "eastBoundingCoordinate": 180, "northBoundingCoordinate": 90, "southBoundingCoordinate": -90}, "sizeMB": 1.33, "format": "Not provided"}, "f08_ssmi_199101v7.nc": {"temporal": ["1991-01-01T00:00:00.000Z", "1991-01-31T23:59:59.000Z"], "wnes_geometry": {"westBoundingCoordinate": -180, "eastBoundingCoordinate": 180, "northBoundingCoordinate": 90, "southBoundingCoordinate": -90}, "sizeMB": 1.3, "format": "Not provided"}, "f08_ssmi_199102v7.nc": {"temporal": ["1991-02-01T00:00:00.000Z", "1991-02-28T23:59:59.000Z"], "wnes_geometry": {"westBoundingCoordinate": -180, "eastBoundingCoordinate": 180, "northBoundingCoordinate": 90, "southBoundingCoordinate": -90}, "sizeMB": 1.33, "format": "Not provided"}, "f08_ssmi_199103v7.nc": {"temporal": ["1991-03-01T00:00:00.000Z", "1991-03-31T23:59:59.000Z"], "wnes_geometry": {"westBoundingCoordinate": -180, "eastBoundingCoordinate": 180, "northBoundingCoordinate": 90, "southBoundingCoordinate": -90}, "sizeMB": 1.32, "format": "Not provided"}, "f08_ssmi_199104v7.nc": {"temporal": ["1991-04-01T00:00:00.000Z", "1991-04-30T23:59:59.000Z"], "wnes_geometry": {"westBoundingCoordinate": -180, "eastBoundingCoordinate": 180, "northBoundingCoordinate": 90, "southBoundingCoordinate": -90}, "sizeMB": 1.3, "format": "Not provided"}, "f08_ssmi_199105v7.nc": {"temporal": ["1991-05-01T00:00:00.000Z", "1991-05-31T23:59:59.000Z"], "wnes_geometry": {"westBoundingCoordinate": -180, "eastBoundingCoordinate": 180, "northBoundingCoordinate": 90, "southBoundingCoordinate": -90}, "sizeMB": 1.29, "format": "Not provided"}, "f08_ssmi_199106v7.nc": {"temporal": ["1991-06-01T00:00:00.000Z", "1991-06-30T23:59:59.000Z"], "wnes_geometry": {"westBoundingCoordinate": -180, "eastBoundingCoordinate": 180, "northBoundingCoordinate": 90, "southBoundingCoordinate": -90}, "sizeMB": 1.3, "format": "Not provided"}, "f08_ssmi_199107v7.nc": {"temporal": ["1991-07-01T00:00:00.000Z", "1991-07-31T23:59:59.000Z"], "wnes_geometry": {"westBoundingCoordinate": -180, "eastBoundingCoordinate": 180, "northBoundingCoordinate": 90, "southBoundingCoordinate": -90}, "sizeMB": 1.28, "format": "Not provided"}, "f08_ssmi_199108v7.nc": {"temporal": ["1991-08-01T00:00:00.000Z", "1991-08-31T23:59:59.000Z"], "wnes_geometry": {"westBoundingCoordinate": -180, "eastBoundingCoordinate": 180, "northBoundingCoordinate": 90, "southBoundingCoordinate": -90}, "sizeMB": 1.28, "format": "Not provided"}, "f08_ssmi_199109v7.nc": {"temporal": ["1991-09-01T00:00:00.000Z", "1991-09-30T23:59:59.000Z"], "wnes_geometry": {"westBoundingCoordinate": -180, "eastBoundingCoordinate": 180, "northBoundingCoordinate": 90, "southBoundingCoordinate": -90}, "sizeMB": 1.28, "format": "Not provided"}, "f08_ssmi_199110v7.nc": {"temporal": ["1991-10-01T00:00:00.000Z", "1991-10-31T23:59:59.000Z"], "wnes_geometry": {"westBoundingCoordinate": -180, "eastBoundingCoordinate": 180, "northBoundingCoordinate": 90, "southBoundingCoordinate": -90}, "sizeMB": 1.28, "format": "Not provided"}, "f08_ssmi_199111v7.nc": {"temporal": ["1991-11-01T00:00:00.000Z", "1991-11-30T23:59:59.000Z"], "wnes_geometry": {"westBoundingCoordinate": -180, "eastBoundingCoordinate": 180, "northBoundingCoordinate": 90, "southBoundingCoordinate": -90}, "sizeMB": 1.28, "format": "Not provided"}, "f08_ssmi_199112v7.nc": {"temporal": ["1991-12-01T00:00:00.000Z", "1991-12-31T23:59:59.000Z"], "wnes_geometry": {"westBoundingCoordinate": -180, "eastBoundingCoordinate": 180, "northBoundingCoordinate": 90, "southBoundingCoordinate": -90}, "sizeMB": 1.35, "format": "Not provided"}}