{"f08_ssmi_19870711v7_wk.nc": {"temporal": ["1987-07-05T00:00:00.000Z", "1987-07-11T23:59:59.000Z"], "wnes_geometry": {"westBoundingCoordinate": -180, "eastBoundingCoordinate": 180, "northBoundingCoordinate": 90, "southBoundingCoordinate": -90}, "sizeMB": 1.43, "format": "Not provided"}, "f08_ssmi_19870718v7_wk.nc": {"temporal": ["1987-07-12T00:00:00.000Z", "1987-07-18T23:59:59.000Z"], "wnes_geometry": {"westBoundingCoordinate": -180, "eastBoundingCoordinate": 180, "northBoundingCoordinate": 90, "southBoundingCoordinate": -90}, "sizeMB": 1.44, "format": "Not provided"}, "f08_ssmi_19870725v7_wk.nc": {"temporal": ["1987-07-19T00:00:00.000Z", "1987-07-25T23:59:59.000Z"], "wnes_geometry": {"westBoundingCoordinate": -180, "eastBoundingCoordinate": 180, "northBoundingCoordinate": 90, "southBoundingCoordinate": -90}, "sizeMB": 1.43, "format": "Not provided"}, "f08_ssmi_19870801v7_wk.nc": {"temporal": ["1987-07-26T00:00:00.000Z", "1987-08-01T23:59:59.000Z"], "wnes_geometry": {"westBoundingCoordinate": -180, "eastBoundingCoordinate": 180, "northBoundingCoordinate": 90, "southBoundingCoordinate": -90}, "sizeMB": 1.42, "format": "Not provided"}, "f08_ssmi_19870808v7_wk.nc": {"temporal": ["1987-08-02T00:00:00.000Z", "1987-08-08T23:59:59.000Z"], "wnes_geometry": {"westBoundingCoordinate": -180, "eastBoundingCoordinate": 180, "northBoundingCoordinate": 90, "southBoundingCoordinate": -90}, "sizeMB": 1.41, "format": "Not provided"}, "f08_ssmi_19870815v7_wk.nc": {"temporal": ["1987-08-09T00:00:00.000Z", "1987-08-15T23:59:59.000Z"], "wnes_geometry": {"westBoundingCoordinate": -180, "eastBoundingCoordinate": 180, "northBoundingCoordinate": 90, "southBoundingCoordinate": -90}, "sizeMB": 1.41, "format": "Not provided"}, "f08_ssmi_19870822v7_wk.nc": {"temporal": ["1987-08-16T00:00:00.000Z", "1987-08-22T23:59:59.000Z"], "wnes_geometry": {"westBoundingCoordinate": -180, "eastBoundingCoordinate": 180, "northBoundingCoordinate": 90, "southBoundingCoordinate": -90}, "sizeMB": 1.41, "format": "Not provided"}, "f08_ssmi_19870829v7_wk.nc": {"temporal": ["1987-08-23T00:00:00.000Z", "1987-08-29T23:59:59.000Z"], "wnes_geometry": {"westBoundingCoordinate": -180, "eastBoundingCoordinate": 180, "northBoundingCoordinate": 90, "southBoundingCoordinate": -90}, "sizeMB": 1.46, "format": "Not provided"}, "f08_ssmi_19870905v7_wk.nc": {"temporal": ["1987-08-30T00:00:00.000Z", "1987-09-05T23:59:59.000Z"], "wnes_geometry": {"westBoundingCoordinate": -180, "eastBoundingCoordinate": 180, "northBoundingCoordinate": 90, "southBoundingCoordinate": -90}, "sizeMB": 1.41, "format": "Not provided"}, "f08_ssmi_19870912v7_wk.nc": {"temporal": ["1987-09-06T00:00:00.000Z", "1987-09-12T23:59:59.000Z"], "wnes_geometry": {"westBoundingCoordinate": -180, "eastBoundingCoordinate": 180, "northBoundingCoordinate": 90, "southBoundingCoordinate": -90}, "sizeMB": 1.4, "format": "Not provided"}, "f08_ssmi_19870919v7_wk.nc": {"temporal": ["1987-09-13T00:00:00.000Z", "1987-09-19T23:59:59.000Z"], "wnes_geometry": {"westBoundingCoordinate": -180, "eastBoundingCoordinate": 180, "northBoundingCoordinate": 90, "southBoundingCoordinate": -90}, "sizeMB": 1.4, "format": "Not provided"}, "f08_ssmi_19870926v7_wk.nc": {"temporal": ["1987-09-20T00:00:00.000Z", "1987-09-26T23:59:59.000Z"], "wnes_geometry": {"westBoundingCoordinate": -180, "eastBoundingCoordinate": 180, "northBoundingCoordinate": 90, "southBoundingCoordinate": -90}, "sizeMB": 1.42, "format": "Not provided"}, "f08_ssmi_19871003v7_wk.nc": {"temporal": ["1987-09-27T00:00:00.000Z", "1987-10-03T23:59:59.000Z"], "wnes_geometry": {"westBoundingCoordinate": -180, "eastBoundingCoordinate": 180, "northBoundingCoordinate": 90, "southBoundingCoordinate": -90}, "sizeMB": 1.42, "format": "Not provided"}, "f08_ssmi_19871010v7_wk.nc": {"temporal": ["1987-10-04T00:00:00.000Z", "1987-10-10T23:59:59.000Z"], "wnes_geometry": {"westBoundingCoordinate": -180, "eastBoundingCoordinate": 180, "northBoundingCoordinate": 90, "southBoundingCoordinate": -90}, "sizeMB": 1.46, "format": "Not provided"}, "f08_ssmi_19871017v7_wk.nc": {"temporal": ["1987-10-11T00:00:00.000Z", "1987-10-17T23:59:59.000Z"], "wnes_geometry": {"westBoundingCoordinate": -180, "eastBoundingCoordinate": 180, "northBoundingCoordinate": 90, "southBoundingCoordinate": -90}, "sizeMB": 1.41, "format": "Not provided"}, "f08_ssmi_19871024v7_wk.nc": {"temporal": ["1987-10-18T00:00:00.000Z", "1987-10-24T23:59:59.000Z"], "wnes_geometry": {"westBoundingCoordinate": -180, "eastBoundingCoordinate": 180, "northBoundingCoordinate": 90, "southBoundingCoordinate": -90}, "sizeMB": 1.42, "format": "Not provided"}, "f08_ssmi_19871031v7_wk.nc": {"temporal": ["1987-10-25T00:00:00.000Z", "1987-10-31T23:59:59.000Z"], "wnes_geometry": {"westBoundingCoordinate": -180, "eastBoundingCoordinate": 180, "northBoundingCoordinate": 90, "southBoundingCoordinate": -90}, "sizeMB": 1.42, "format": "Not provided"}, "f08_ssmi_19871107v7_wk.nc": {"temporal": ["1987-11-01T00:00:00.000Z", "1987-11-07T23:59:59.000Z"], "wnes_geometry": {"westBoundingCoordinate": -180, "eastBoundingCoordinate": 180, "northBoundingCoordinate": 90, "southBoundingCoordinate": -90}, "sizeMB": 1.41, "format": "Not provided"}, "f08_ssmi_19871114v7_wk.nc": {"temporal": ["1987-11-08T00:00:00.000Z", "1987-11-14T23:59:59.000Z"], "wnes_geometry": {"westBoundingCoordinate": -180, "eastBoundingCoordinate": 180, "northBoundingCoordinate": 90, "southBoundingCoordinate": -90}, "sizeMB": 1.41, "format": "Not provided"}, "f08_ssmi_19871121v7_wk.nc": {"temporal": ["1987-11-15T00:00:00.000Z", "1987-11-21T23:59:59.000Z"], "wnes_geometry": {"westBoundingCoordinate": -180, "eastBoundingCoordinate": 180, "northBoundingCoordinate": 90, "southBoundingCoordinate": -90}, "sizeMB": 1.42, "format": "Not provided"}, "f08_ssmi_19871128v7_wk.nc": {"temporal": ["1987-11-22T00:00:00.000Z", "1987-11-28T23:59:59.000Z"], "wnes_geometry": {"westBoundingCoordinate": -180, "eastBoundingCoordinate": 180, "northBoundingCoordinate": 90, "southBoundingCoordinate": -90}, "sizeMB": 1.41, "format": "Not provided"}, "f08_ssmi_19871205v7_wk.nc": {"temporal": ["1987-11-29T00:00:00.000Z", "1987-12-05T23:59:59.000Z"], "wnes_geometry": {"westBoundingCoordinate": -180, "eastBoundingCoordinate": 180, "northBoundingCoordinate": 90, "southBoundingCoordinate": -90}, "sizeMB": 1.46, "format": "Not provided"}, "f08_ssmi_19880116v7_wk.nc": {"temporal": ["1988-01-10T00:00:00.000Z", "1988-01-16T23:59:59.000Z"], "wnes_geometry": {"westBoundingCoordinate": -180, "eastBoundingCoordinate": 180, "northBoundingCoordinate": 90, "southBoundingCoordinate": -90}, "sizeMB": 1.5, "format": "Not provided"}, "f08_ssmi_19880123v7_wk.nc": {"temporal": ["1988-01-17T00:00:00.000Z", "1988-01-23T23:59:59.000Z"], "wnes_geometry": {"westBoundingCoordinate": -180, "eastBoundingCoordinate": 180, "northBoundingCoordinate": 90, "southBoundingCoordinate": -90}, "sizeMB": 1.46, "format": "Not provided"}, "f08_ssmi_19880130v7_wk.nc": {"temporal": ["1988-01-24T00:00:00.000Z", "1988-01-30T23:59:59.000Z"], "wnes_geometry": {"westBoundingCoordinate": -180, "eastBoundingCoordinate": 180, "northBoundingCoordinate": 90, "southBoundingCoordinate": -90}, "sizeMB": 1.47, "format": "Not provided"}, "f08_ssmi_19880206v7_wk.nc": {"temporal": ["1988-01-31T00:00:00.000Z", "1988-02-06T23:59:59.000Z"], "wnes_geometry": {"westBoundingCoordinate": -180, "eastBoundingCoordinate": 180, "northBoundingCoordinate": 90, "southBoundingCoordinate": -90}, "sizeMB": 1.45, "format": "Not provided"}, "f08_ssmi_19880213v7_wk.nc": {"temporal": ["1988-02-07T00:00:00.000Z", "1988-02-13T23:59:59.000Z"], "wnes_geometry": {"westBoundingCoordinate": -180, "eastBoundingCoordinate": 180, "northBoundingCoordinate": 90, "southBoundingCoordinate": -90}, "sizeMB": 1.42, "format": "Not provided"}, "f08_ssmi_19880220v7_wk.nc": {"temporal": ["1988-02-14T00:00:00.000Z", "1988-02-20T23:59:59.000Z"], "wnes_geometry": {"westBoundingCoordinate": -180, "eastBoundingCoordinate": 180, "northBoundingCoordinate": 90, "southBoundingCoordinate": -90}, "sizeMB": 1.45, "format": "Not provided"}, "f08_ssmi_19880227v7_wk.nc": {"temporal": ["1988-02-21T00:00:00.000Z", "1988-02-27T23:59:59.000Z"], "wnes_geometry": {"westBoundingCoordinate": -180, "eastBoundingCoordinate": 180, "northBoundingCoordinate": 90, "southBoundingCoordinate": -90}, "sizeMB": 1.45, "format": "Not provided"}, "f08_ssmi_19880305v7_wk.nc": {"temporal": ["1988-02-28T00:00:00.000Z", "1988-03-05T23:59:59.000Z"], "wnes_geometry": {"westBoundingCoordinate": -180, "eastBoundingCoordinate": 180, "northBoundingCoordinate": 90, "southBoundingCoordinate": -90}, "sizeMB": 1.45, "format": "Not provided"}, "f08_ssmi_19880312v7_wk.nc": {"temporal": ["1988-03-06T00:00:00.000Z", "1988-03-12T23:59:59.000Z"], "wnes_geometry": {"westBoundingCoordinate": -180, "eastBoundingCoordinate": 180, "northBoundingCoordinate": 90, "southBoundingCoordinate": -90}, "sizeMB": 1.45, "format": "Not provided"}, "f08_ssmi_19880319v7_wk.nc": {"temporal": ["1988-03-13T00:00:00.000Z", "1988-03-19T23:59:59.000Z"], "wnes_geometry": {"westBoundingCoordinate": -180, "eastBoundingCoordinate": 180, "northBoundingCoordinate": 90, "southBoundingCoordinate": -90}, "sizeMB": 1.46, "format": "Not provided"}, "f08_ssmi_19880326v7_wk.nc": {"temporal": ["1988-03-20T00:00:00.000Z", "1988-03-26T23:59:59.000Z"], "wnes_geometry": {"westBoundingCoordinate": -180, "eastBoundingCoordinate": 180, "northBoundingCoordinate": 90, "southBoundingCoordinate": -90}, "sizeMB": 1.44, "format": "Not provided"}, "f08_ssmi_19880402v7_wk.nc": {"temporal": ["1988-03-27T00:00:00.000Z", "1988-04-02T23:59:59.000Z"], "wnes_geometry": {"westBoundingCoordinate": -180, "eastBoundingCoordinate": 180, "northBoundingCoordinate": 90, "southBoundingCoordinate": -90}, "sizeMB": 1.43, "format": "Not provided"}, "f08_ssmi_19880409v7_wk.nc": {"temporal": ["1988-04-03T00:00:00.000Z", "1988-04-09T23:59:59.000Z"], "wnes_geometry": {"westBoundingCoordinate": -180, "eastBoundingCoordinate": 180, "northBoundingCoordinate": 90, "southBoundingCoordinate": -90}, "sizeMB": 1.42, "format": "Not provided"}, "f08_ssmi_19880416v7_wk.nc": {"temporal": ["1988-04-10T00:00:00.000Z", "1988-04-16T23:59:59.000Z"], "wnes_geometry": {"westBoundingCoordinate": -180, "eastBoundingCoordinate": 180, "northBoundingCoordinate": 90, "southBoundingCoordinate": -90}, "sizeMB": 1.44, "format": "Not provided"}, "f08_ssmi_19880423v7_wk.nc": {"temporal": ["1988-04-17T00:00:00.000Z", "1988-04-23T23:59:59.000Z"], "wnes_geometry": {"westBoundingCoordinate": -180, "eastBoundingCoordinate": 180, "northBoundingCoordinate": 90, "southBoundingCoordinate": -90}, "sizeMB": 1.42, "format": "Not provided"}, "f08_ssmi_19880430v7_wk.nc": {"temporal": ["1988-04-24T00:00:00.000Z", "1988-04-30T23:59:59.000Z"], "wnes_geometry": {"westBoundingCoordinate": -180, "eastBoundingCoordinate": 180, "northBoundingCoordinate": 90, "southBoundingCoordinate": -90}, "sizeMB": 1.44, "format": "Not provided"}, "f08_ssmi_19880507v7_wk.nc": {"temporal": ["1988-05-01T00:00:00.000Z", "1988-05-07T23:59:59.000Z"], "wnes_geometry": {"westBoundingCoordinate": -180, "eastBoundingCoordinate": 180, "northBoundingCoordinate": 90, "southBoundingCoordinate": -90}, "sizeMB": 1.47, "format": "Not provided"}, "f08_ssmi_19880514v7_wk.nc": {"temporal": ["1988-05-08T00:00:00.000Z", "1988-05-14T23:59:59.000Z"], "wnes_geometry": {"westBoundingCoordinate": -180, "eastBoundingCoordinate": 180, "northBoundingCoordinate": 90, "southBoundingCoordinate": -90}, "sizeMB": 1.45, "format": "Not provided"}, "f08_ssmi_19880521v7_wk.nc": {"temporal": ["1988-05-15T00:00:00.000Z", "1988-05-21T23:59:59.000Z"], "wnes_geometry": {"westBoundingCoordinate": -180, "eastBoundingCoordinate": 180, "northBoundingCoordinate": 90, "southBoundingCoordinate": -90}, "sizeMB": 1.43, "format": "Not provided"}, "f08_ssmi_19880528v7_wk.nc": {"temporal": ["1988-05-22T00:00:00.000Z", "1988-05-28T23:59:59.000Z"], "wnes_geometry": {"westBoundingCoordinate": -180, "eastBoundingCoordinate": 180, "northBoundingCoordinate": 90, "southBoundingCoordinate": -90}, "sizeMB": 1.4, "format": "Not provided"}, "f08_ssmi_19880604v7_wk.nc": {"temporal": ["1988-05-29T00:00:00.000Z", "1988-06-04T23:59:59.000Z"], "wnes_geometry": {"westBoundingCoordinate": -180, "eastBoundingCoordinate": 180, "northBoundingCoordinate": 90, "southBoundingCoordinate": -90}, "sizeMB": 1.41, "format": "Not provided"}, "f08_ssmi_19880611v7_wk.nc": {"temporal": ["1988-06-05T00:00:00.000Z", "1988-06-11T23:59:59.000Z"], "wnes_geometry": {"westBoundingCoordinate": -180, "eastBoundingCoordinate": 180, "northBoundingCoordinate": 90, "southBoundingCoordinate": -90}, "sizeMB": 1.42, "format": "Not provided"}, "f08_ssmi_19880618v7_wk.nc": {"temporal": ["1988-06-12T00:00:00.000Z", "1988-06-18T23:59:59.000Z"], "wnes_geometry": {"westBoundingCoordinate": -180, "eastBoundingCoordinate": 180, "northBoundingCoordinate": 90, "southBoundingCoordinate": -90}, "sizeMB": 1.41, "format": "Not provided"}, "f08_ssmi_19880625v7_wk.nc": {"temporal": ["1988-06-19T00:00:00.000Z", "1988-06-25T23:59:59.000Z"], "wnes_geometry": {"westBoundingCoordinate": -180, "eastBoundingCoordinate": 180, "northBoundingCoordinate": 90, "southBoundingCoordinate": -90}, "sizeMB": 1.41, "format": "Not provided"}, "f08_ssmi_19880702v7_wk.nc": {"temporal": ["1988-06-26T00:00:00.000Z", "1988-07-02T23:59:59.000Z"], "wnes_geometry": {"westBoundingCoordinate": -180, "eastBoundingCoordinate": 180, "northBoundingCoordinate": 90, "southBoundingCoordinate": -90}, "sizeMB": 1.4, "format": "Not provided"}, "f08_ssmi_19880709v7_wk.nc": {"temporal": ["1988-07-03T00:00:00.000Z", "1988-07-09T23:59:59.000Z"], "wnes_geometry": {"westBoundingCoordinate": -180, "eastBoundingCoordinate": 180, "northBoundingCoordinate": 90, "southBoundingCoordinate": -90}, "sizeMB": 1.4, "format": "Not provided"}, "f08_ssmi_19880716v7_wk.nc": {"temporal": ["1988-07-10T00:00:00.000Z", "1988-07-16T23:59:59.000Z"], "wnes_geometry": {"westBoundingCoordinate": -180, "eastBoundingCoordinate": 180, "northBoundingCoordinate": 90, "southBoundingCoordinate": -90}, "sizeMB": 1.4, "format": "Not provided"}, "f08_ssmi_19880723v7_wk.nc": {"temporal": ["1988-07-17T00:00:00.000Z", "1988-07-23T23:59:59.000Z"], "wnes_geometry": {"westBoundingCoordinate": -180, "eastBoundingCoordinate": 180, "northBoundingCoordinate": 90, "southBoundingCoordinate": -90}, "sizeMB": 1.39, "format": "Not provided"}, "f08_ssmi_19880730v7_wk.nc": {"temporal": ["1988-07-24T00:00:00.000Z", "1988-07-30T23:59:59.000Z"], "wnes_geometry": {"westBoundingCoordinate": -180, "eastBoundingCoordinate": 180, "northBoundingCoordinate": 90, "southBoundingCoordinate": -90}, "sizeMB": 1.4, "format": "Not provided"}, "f08_ssmi_19880806v7_wk.nc": {"temporal": ["1988-07-31T00:00:00.000Z", "1988-08-06T23:59:59.000Z"], "wnes_geometry": {"westBoundingCoordinate": -180, "eastBoundingCoordinate": 180, "northBoundingCoordinate": 90, "southBoundingCoordinate": -90}, "sizeMB": 1.4, "format": "Not provided"}, "f08_ssmi_19880813v7_wk.nc": {"temporal": ["1988-08-07T00:00:00.000Z", "1988-08-13T23:59:59.000Z"], "wnes_geometry": {"westBoundingCoordinate": -180, "eastBoundingCoordinate": 180, "northBoundingCoordinate": 90, "southBoundingCoordinate": -90}, "sizeMB": 1.41, "format": "Not provided"}, "f08_ssmi_19880820v7_wk.nc": {"temporal": ["1988-08-14T00:00:00.000Z", "1988-08-20T23:59:59.000Z"], "wnes_geometry": {"westBoundingCoordinate": -180, "eastBoundingCoordinate": 180, "northBoundingCoordinate": 90, "southBoundingCoordinate": -90}, "sizeMB": 1.39, "format": "Not provided"}, "f08_ssmi_19880827v7_wk.nc": {"temporal": ["1988-08-21T00:00:00.000Z", "1988-08-27T23:59:59.000Z"], "wnes_geometry": {"westBoundingCoordinate": -180, "eastBoundingCoordinate": 180, "northBoundingCoordinate": 90, "southBoundingCoordinate": -90}, "sizeMB": 1.4, "format": "Not provided"}, "f08_ssmi_19880903v7_wk.nc": {"temporal": ["1988-08-28T00:00:00.000Z", "1988-09-03T23:59:59.000Z"], "wnes_geometry": {"westBoundingCoordinate": -180, "eastBoundingCoordinate": 180, "northBoundingCoordinate": 90, "southBoundingCoordinate": -90}, "sizeMB": 1.41, "format": "Not provided"}, "f08_ssmi_19880910v7_wk.nc": {"temporal": ["1988-09-04T00:00:00.000Z", "1988-09-10T23:59:59.000Z"], "wnes_geometry": {"westBoundingCoordinate": -180, "eastBoundingCoordinate": 180, "northBoundingCoordinate": 90, "southBoundingCoordinate": -90}, "sizeMB": 1.41, "format": "Not provided"}, "f08_ssmi_19880917v7_wk.nc": {"temporal": ["1988-09-11T00:00:00.000Z", "1988-09-17T23:59:59.000Z"], "wnes_geometry": {"westBoundingCoordinate": -180, "eastBoundingCoordinate": 180, "northBoundingCoordinate": 90, "southBoundingCoordinate": -90}, "sizeMB": 1.41, "format": "Not provided"}, "f08_ssmi_19880924v7_wk.nc": {"temporal": ["1988-09-18T00:00:00.000Z", "1988-09-24T23:59:59.000Z"], "wnes_geometry": {"westBoundingCoordinate": -180, "eastBoundingCoordinate": 180, "northBoundingCoordinate": 90, "southBoundingCoordinate": -90}, "sizeMB": 1.44, "format": "Not provided"}, "f08_ssmi_19881001v7_wk.nc": {"temporal": ["1988-09-25T00:00:00.000Z", "1988-10-01T23:59:59.000Z"], "wnes_geometry": {"westBoundingCoordinate": -180, "eastBoundingCoordinate": 180, "northBoundingCoordinate": 90, "southBoundingCoordinate": -90}, "sizeMB": 1.4, "format": "Not provided"}, "f08_ssmi_19881008v7_wk.nc": {"temporal": ["1988-10-02T00:00:00.000Z", "1988-10-08T23:59:59.000Z"], "wnes_geometry": {"westBoundingCoordinate": -180, "eastBoundingCoordinate": 180, "northBoundingCoordinate": 90, "southBoundingCoordinate": -90}, "sizeMB": 1.38, "format": "Not provided"}, "f08_ssmi_19881015v7_wk.nc": {"temporal": ["1988-10-09T00:00:00.000Z", "1988-10-15T23:59:59.000Z"], "wnes_geometry": {"westBoundingCoordinate": -180, "eastBoundingCoordinate": 180, "northBoundingCoordinate": 90, "southBoundingCoordinate": -90}, "sizeMB": 1.4, "format": "Not provided"}, "f08_ssmi_19881022v7_wk.nc": {"temporal": ["1988-10-16T00:00:00.000Z", "1988-10-22T23:59:59.000Z"], "wnes_geometry": {"westBoundingCoordinate": -180, "eastBoundingCoordinate": 180, "northBoundingCoordinate": 90, "southBoundingCoordinate": -90}, "sizeMB": 1.41, "format": "Not provided"}, "f08_ssmi_19881029v7_wk.nc": {"temporal": ["1988-10-23T00:00:00.000Z", "1988-10-29T23:59:59.000Z"], "wnes_geometry": {"westBoundingCoordinate": -180, "eastBoundingCoordinate": 180, "northBoundingCoordinate": 90, "southBoundingCoordinate": -90}, "sizeMB": 1.4, "format": "Not provided"}, "f08_ssmi_19881105v7_wk.nc": {"temporal": ["1988-10-30T00:00:00.000Z", "1988-11-05T23:59:59.000Z"], "wnes_geometry": {"westBoundingCoordinate": -180, "eastBoundingCoordinate": 180, "northBoundingCoordinate": 90, "southBoundingCoordinate": -90}, "sizeMB": 1.4, "format": "Not provided"}, "f08_ssmi_19881112v7_wk.nc": {"temporal": ["1988-11-06T00:00:00.000Z", "1988-11-12T23:59:59.000Z"], "wnes_geometry": {"westBoundingCoordinate": -180, "eastBoundingCoordinate": 180, "northBoundingCoordinate": 90, "southBoundingCoordinate": -90}, "sizeMB": 1.42, "format": "Not provided"}, "f08_ssmi_19881119v7_wk.nc": {"temporal": ["1988-11-13T00:00:00.000Z", "1988-11-19T23:59:59.000Z"], "wnes_geometry": {"westBoundingCoordinate": -180, "eastBoundingCoordinate": 180, "northBoundingCoordinate": 90, "southBoundingCoordinate": -90}, "sizeMB": 1.4, "format": "Not provided"}, "f08_ssmi_19881126v7_wk.nc": {"temporal": ["1988-11-20T00:00:00.000Z", "1988-11-26T23:59:59.000Z"], "wnes_geometry": {"westBoundingCoordinate": -180, "eastBoundingCoordinate": 180, "northBoundingCoordinate": 90, "southBoundingCoordinate": -90}, "sizeMB": 1.4, "format": "Not provided"}, "f08_ssmi_19881203v7_wk.nc": {"temporal": ["1988-11-27T00:00:00.000Z", "1988-12-03T23:59:59.000Z"], "wnes_geometry": {"westBoundingCoordinate": -180, "eastBoundingCoordinate": 180, "northBoundingCoordinate": 90, "southBoundingCoordinate": -90}, "sizeMB": 1.42, "format": "Not provided"}, "f08_ssmi_19881210v7_wk.nc": {"temporal": ["1988-12-04T00:00:00.000Z", "1988-12-10T23:59:59.000Z"], "wnes_geometry": {"westBoundingCoordinate": -180, "eastBoundingCoordinate": 180, "northBoundingCoordinate": 90, "southBoundingCoordinate": -90}, "sizeMB": 1.43, "format": "Not provided"}, "f08_ssmi_19881217v7_wk.nc": {"temporal": ["1988-12-11T00:00:00.000Z", "1988-12-17T23:59:59.000Z"], "wnes_geometry": {"westBoundingCoordinate": -180, "eastBoundingCoordinate": 180, "northBoundingCoordinate": 90, "southBoundingCoordinate": -90}, "sizeMB": 1.44, "format": "Not provided"}, "f08_ssmi_19881224v7_wk.nc": {"temporal": ["1988-12-18T00:00:00.000Z", "1988-12-24T23:59:59.000Z"], "wnes_geometry": {"westBoundingCoordinate": -180, "eastBoundingCoordinate": 180, "northBoundingCoordinate": 90, "southBoundingCoordinate": -90}, "sizeMB": 1.42, "format": "Not provided"}, "f08_ssmi_19881231v7_wk.nc": {"temporal": ["1988-12-25T00:00:00.000Z", "1988-12-31T23:59:59.000Z"], "wnes_geometry": {"westBoundingCoordinate": -180, "eastBoundingCoordinate": 180, "northBoundingCoordinate": 90, "southBoundingCoordinate": -90}, "sizeMB": 1.48, "format": "Not provided"}, "f08_ssmi_19890107v7_wk.nc": {"temporal": ["1989-01-01T00:00:00.000Z", "1989-01-07T23:59:59.000Z"], "wnes_geometry": {"westBoundingCoordinate": -180, "eastBoundingCoordinate": 180, "northBoundingCoordinate": 90, "southBoundingCoordinate": -90}, "sizeMB": 1.43, "format": "Not provided"}, "f08_ssmi_19890114v7_wk.nc": {"temporal": ["1989-01-08T00:00:00.000Z", "1989-01-14T23:59:59.000Z"], "wnes_geometry": {"westBoundingCoordinate": -180, "eastBoundingCoordinate": 180, "northBoundingCoordinate": 90, "southBoundingCoordinate": -90}, "sizeMB": 1.46, "format": "Not provided"}, "f08_ssmi_19890121v7_wk.nc": {"temporal": ["1989-01-15T00:00:00.000Z", "1989-01-21T23:59:59.000Z"], "wnes_geometry": {"westBoundingCoordinate": -180, "eastBoundingCoordinate": 180, "northBoundingCoordinate": 90, "southBoundingCoordinate": -90}, "sizeMB": 1.45, "format": "Not provided"}, "f08_ssmi_19890128v7_wk.nc": {"temporal": ["1989-01-22T00:00:00.000Z", "1989-01-28T23:59:59.000Z"], "wnes_geometry": {"westBoundingCoordinate": -180, "eastBoundingCoordinate": 180, "northBoundingCoordinate": 90, "southBoundingCoordinate": -90}, "sizeMB": 1.45, "format": "Not provided"}, "f08_ssmi_19890204v7_wk.nc": {"temporal": ["1989-01-29T00:00:00.000Z", "1989-02-04T23:59:59.000Z"], "wnes_geometry": {"westBoundingCoordinate": -180, "eastBoundingCoordinate": 180, "northBoundingCoordinate": 90, "southBoundingCoordinate": -90}, "sizeMB": 1.46, "format": "Not provided"}, "f08_ssmi_19890211v7_wk.nc": {"temporal": ["1989-02-05T00:00:00.000Z", "1989-02-11T23:59:59.000Z"], "wnes_geometry": {"westBoundingCoordinate": -180, "eastBoundingCoordinate": 180, "northBoundingCoordinate": 90, "southBoundingCoordinate": -90}, "sizeMB": 1.46, "format": "Not provided"}, "f08_ssmi_19890218v7_wk.nc": {"temporal": ["1989-02-12T00:00:00.000Z", "1989-02-18T23:59:59.000Z"], "wnes_geometry": {"westBoundingCoordinate": -180, "eastBoundingCoordinate": 180, "northBoundingCoordinate": 90, "southBoundingCoordinate": -90}, "sizeMB": 1.45, "format": "Not provided"}, "f08_ssmi_19890225v7_wk.nc": {"temporal": ["1989-02-19T00:00:00.000Z", "1989-02-25T23:59:59.000Z"], "wnes_geometry": {"westBoundingCoordinate": -180, "eastBoundingCoordinate": 180, "northBoundingCoordinate": 90, "southBoundingCoordinate": -90}, "sizeMB": 1.46, "format": "Not provided"}, "f08_ssmi_19890304v7_wk.nc": {"temporal": ["1989-02-26T00:00:00.000Z", "1989-03-04T23:59:59.000Z"], "wnes_geometry": {"westBoundingCoordinate": -180, "eastBoundingCoordinate": 180, "northBoundingCoordinate": 90, "southBoundingCoordinate": -90}, "sizeMB": 1.45, "format": "Not provided"}, "f08_ssmi_19890311v7_wk.nc": {"temporal": ["1989-03-05T00:00:00.000Z", "1989-03-11T23:59:59.000Z"], "wnes_geometry": {"westBoundingCoordinate": -180, "eastBoundingCoordinate": 180, "northBoundingCoordinate": 90, "southBoundingCoordinate": -90}, "sizeMB": 1.43, "format": "Not provided"}, "f08_ssmi_19890318v7_wk.nc": {"temporal": ["1989-03-12T00:00:00.000Z", "1989-03-18T23:59:59.000Z"], "wnes_geometry": {"westBoundingCoordinate": -180, "eastBoundingCoordinate": 180, "northBoundingCoordinate": 90, "southBoundingCoordinate": -90}, "sizeMB": 1.45, "format": "Not provided"}, "f08_ssmi_19890325v7_wk.nc": {"temporal": ["1989-03-19T00:00:00.000Z", "1989-03-25T23:59:59.000Z"], "wnes_geometry": {"westBoundingCoordinate": -180, "eastBoundingCoordinate": 180, "northBoundingCoordinate": 90, "southBoundingCoordinate": -90}, "sizeMB": 1.44, "format": "Not provided"}, "f08_ssmi_19890401v7_wk.nc": {"temporal": ["1989-03-26T00:00:00.000Z", "1989-04-01T23:59:59.000Z"], "wnes_geometry": {"westBoundingCoordinate": -180, "eastBoundingCoordinate": 180, "northBoundingCoordinate": 90, "southBoundingCoordinate": -90}, "sizeMB": 1.44, "format": "Not provided"}, "f08_ssmi_19890408v7_wk.nc": {"temporal": ["1989-04-02T00:00:00.000Z", "1989-04-08T23:59:59.000Z"], "wnes_geometry": {"westBoundingCoordinate": -180, "eastBoundingCoordinate": 180, "northBoundingCoordinate": 90, "southBoundingCoordinate": -90}, "sizeMB": 1.43, "format": "Not provided"}, "f08_ssmi_19890415v7_wk.nc": {"temporal": ["1989-04-09T00:00:00.000Z", "1989-04-15T23:59:59.000Z"], "wnes_geometry": {"westBoundingCoordinate": -180, "eastBoundingCoordinate": 180, "northBoundingCoordinate": 90, "southBoundingCoordinate": -90}, "sizeMB": 1.43, "format": "Not provided"}, "f08_ssmi_19890422v7_wk.nc": {"temporal": ["1989-04-16T00:00:00.000Z", "1989-04-22T23:59:59.000Z"], "wnes_geometry": {"westBoundingCoordinate": -180, "eastBoundingCoordinate": 180, "northBoundingCoordinate": 90, "southBoundingCoordinate": -90}, "sizeMB": 1.43, "format": "Not provided"}, "f08_ssmi_19890429v7_wk.nc": {"temporal": ["1989-04-23T00:00:00.000Z", "1989-04-29T23:59:59.000Z"], "wnes_geometry": {"westBoundingCoordinate": -180, "eastBoundingCoordinate": 180, "northBoundingCoordinate": 90, "southBoundingCoordinate": -90}, "sizeMB": 1.45, "format": "Not provided"}, "f08_ssmi_19890506v7_wk.nc": {"temporal": ["1989-04-30T00:00:00.000Z", "1989-05-06T23:59:59.000Z"], "wnes_geometry": {"westBoundingCoordinate": -180, "eastBoundingCoordinate": 180, "northBoundingCoordinate": 90, "southBoundingCoordinate": -90}, "sizeMB": 1.42, "format": "Not provided"}, "f08_ssmi_19890513v7_wk.nc": {"temporal": ["1989-05-07T00:00:00.000Z", "1989-05-13T23:59:59.000Z"], "wnes_geometry": {"westBoundingCoordinate": -180, "eastBoundingCoordinate": 180, "northBoundingCoordinate": 90, "southBoundingCoordinate": -90}, "sizeMB": 1.4, "format": "Not provided"}, "f08_ssmi_19890520v7_wk.nc": {"temporal": ["1989-05-14T00:00:00.000Z", "1989-05-20T23:59:59.000Z"], "wnes_geometry": {"westBoundingCoordinate": -180, "eastBoundingCoordinate": 180, "northBoundingCoordinate": 90, "southBoundingCoordinate": -90}, "sizeMB": 1.41, "format": "Not provided"}, "f08_ssmi_19890527v7_wk.nc": {"temporal": ["1989-05-21T00:00:00.000Z", "1989-05-27T23:59:59.000Z"], "wnes_geometry": {"westBoundingCoordinate": -180, "eastBoundingCoordinate": 180, "northBoundingCoordinate": 90, "southBoundingCoordinate": -90}, "sizeMB": 1.4, "format": "Not provided"}, "f08_ssmi_19890603v7_wk.nc": {"temporal": ["1989-05-28T00:00:00.000Z", "1989-06-03T23:59:59.000Z"], "wnes_geometry": {"westBoundingCoordinate": -180, "eastBoundingCoordinate": 180, "northBoundingCoordinate": 90, "southBoundingCoordinate": -90}, "sizeMB": 1.4, "format": "Not provided"}, "f08_ssmi_19890610v7_wk.nc": {"temporal": ["1989-06-04T00:00:00.000Z", "1989-06-10T23:59:59.000Z"], "wnes_geometry": {"westBoundingCoordinate": -180, "eastBoundingCoordinate": 180, "northBoundingCoordinate": 90, "southBoundingCoordinate": -90}, "sizeMB": 1.45, "format": "Not provided"}, "f08_ssmi_19890617v7_wk.nc": {"temporal": ["1989-06-11T00:00:00.000Z", "1989-06-17T23:59:59.000Z"], "wnes_geometry": {"westBoundingCoordinate": -180, "eastBoundingCoordinate": 180, "northBoundingCoordinate": 90, "southBoundingCoordinate": -90}, "sizeMB": 1.41, "format": "Not provided"}, "f08_ssmi_19890624v7_wk.nc": {"temporal": ["1989-06-18T00:00:00.000Z", "1989-06-24T23:59:59.000Z"], "wnes_geometry": {"westBoundingCoordinate": -180, "eastBoundingCoordinate": 180, "northBoundingCoordinate": 90, "southBoundingCoordinate": -90}, "sizeMB": 1.4, "format": "Not provided"}, "f08_ssmi_19890701v7_wk.nc": {"temporal": ["1989-06-25T00:00:00.000Z", "1989-07-01T23:59:59.000Z"], "wnes_geometry": {"westBoundingCoordinate": -180, "eastBoundingCoordinate": 180, "northBoundingCoordinate": 90, "southBoundingCoordinate": -90}, "sizeMB": 1.41, "format": "Not provided"}, "f08_ssmi_19890708v7_wk.nc": {"temporal": ["1989-07-02T00:00:00.000Z", "1989-07-08T23:59:59.000Z"], "wnes_geometry": {"westBoundingCoordinate": -180, "eastBoundingCoordinate": 180, "northBoundingCoordinate": 90, "southBoundingCoordinate": -90}, "sizeMB": 1.42, "format": "Not provided"}, "f08_ssmi_19890715v7_wk.nc": {"temporal": ["1989-07-09T00:00:00.000Z", "1989-07-15T23:59:59.000Z"], "wnes_geometry": {"westBoundingCoordinate": -180, "eastBoundingCoordinate": 180, "northBoundingCoordinate": 90, "southBoundingCoordinate": -90}, "sizeMB": 1.4, "format": "Not provided"}, "f08_ssmi_19890722v7_wk.nc": {"temporal": ["1989-07-16T00:00:00.000Z", "1989-07-22T23:59:59.000Z"], "wnes_geometry": {"westBoundingCoordinate": -180, "eastBoundingCoordinate": 180, "northBoundingCoordinate": 90, "southBoundingCoordinate": -90}, "sizeMB": 1.44, "format": "Not provided"}, "f08_ssmi_19890729v7_wk.nc": {"temporal": ["1989-07-23T00:00:00.000Z", "1989-07-29T23:59:59.000Z"], "wnes_geometry": {"westBoundingCoordinate": -180, "eastBoundingCoordinate": 180, "northBoundingCoordinate": 90, "southBoundingCoordinate": -90}, "sizeMB": 1.45, "format": "Not provided"}, "f08_ssmi_19890805v7_wk.nc": {"temporal": ["1989-07-30T00:00:00.000Z", "1989-08-05T23:59:59.000Z"], "wnes_geometry": {"westBoundingCoordinate": -180, "eastBoundingCoordinate": 180, "northBoundingCoordinate": 90, "southBoundingCoordinate": -90}, "sizeMB": 1.41, "format": "Not provided"}, "f08_ssmi_19890812v7_wk.nc": {"temporal": ["1989-08-06T00:00:00.000Z", "1989-08-12T23:59:59.000Z"], "wnes_geometry": {"westBoundingCoordinate": -180, "eastBoundingCoordinate": 180, "northBoundingCoordinate": 90, "southBoundingCoordinate": -90}, "sizeMB": 1.39, "format": "Not provided"}, "f08_ssmi_19890819v7_wk.nc": {"temporal": ["1989-08-13T00:00:00.000Z", "1989-08-19T23:59:59.000Z"], "wnes_geometry": {"westBoundingCoordinate": -180, "eastBoundingCoordinate": 180, "northBoundingCoordinate": 90, "southBoundingCoordinate": -90}, "sizeMB": 1.41, "format": "Not provided"}, "f08_ssmi_19890826v7_wk.nc": {"temporal": ["1989-08-20T00:00:00.000Z", "1989-08-26T23:59:59.000Z"], "wnes_geometry": {"westBoundingCoordinate": -180, "eastBoundingCoordinate": 180, "northBoundingCoordinate": 90, "southBoundingCoordinate": -90}, "sizeMB": 1.41, "format": "Not provided"}, "f08_ssmi_19890902v7_wk.nc": {"temporal": ["1989-08-27T00:00:00.000Z", "1989-09-02T23:59:59.000Z"], "wnes_geometry": {"westBoundingCoordinate": -180, "eastBoundingCoordinate": 180, "northBoundingCoordinate": 90, "southBoundingCoordinate": -90}, "sizeMB": 1.4, "format": "Not provided"}, "f08_ssmi_19890909v7_wk.nc": {"temporal": ["1989-09-03T00:00:00.000Z", "1989-09-09T23:59:59.000Z"], "wnes_geometry": {"westBoundingCoordinate": -180, "eastBoundingCoordinate": 180, "northBoundingCoordinate": 90, "southBoundingCoordinate": -90}, "sizeMB": 1.41, "format": "Not provided"}, "f08_ssmi_19890916v7_wk.nc": {"temporal": ["1989-09-10T00:00:00.000Z", "1989-09-16T23:59:59.000Z"], "wnes_geometry": {"westBoundingCoordinate": -180, "eastBoundingCoordinate": 180, "northBoundingCoordinate": 90, "southBoundingCoordinate": -90}, "sizeMB": 1.41, "format": "Not provided"}, "f08_ssmi_19890923v7_wk.nc": {"temporal": ["1989-09-17T00:00:00.000Z", "1989-09-23T23:59:59.000Z"], "wnes_geometry": {"westBoundingCoordinate": -180, "eastBoundingCoordinate": 180, "northBoundingCoordinate": 90, "southBoundingCoordinate": -90}, "sizeMB": 1.4, "format": "Not provided"}, "f08_ssmi_19890930v7_wk.nc": {"temporal": ["1989-09-24T00:00:00.000Z", "1989-09-30T23:59:59.000Z"], "wnes_geometry": {"westBoundingCoordinate": -180, "eastBoundingCoordinate": 180, "northBoundingCoordinate": 90, "southBoundingCoordinate": -90}, "sizeMB": 1.42, "format": "Not provided"}, "f08_ssmi_19891007v7_wk.nc": {"temporal": ["1989-10-01T00:00:00.000Z", "1989-10-07T23:59:59.000Z"], "wnes_geometry": {"westBoundingCoordinate": -180, "eastBoundingCoordinate": 180, "northBoundingCoordinate": 90, "southBoundingCoordinate": -90}, "sizeMB": 1.41, "format": "Not provided"}, "f08_ssmi_19891014v7_wk.nc": {"temporal": ["1989-10-08T00:00:00.000Z", "1989-10-14T23:59:59.000Z"], "wnes_geometry": {"westBoundingCoordinate": -180, "eastBoundingCoordinate": 180, "northBoundingCoordinate": 90, "southBoundingCoordinate": -90}, "sizeMB": 1.4, "format": "Not provided"}, "f08_ssmi_19891021v7_wk.nc": {"temporal": ["1989-10-15T00:00:00.000Z", "1989-10-21T23:59:59.000Z"], "wnes_geometry": {"westBoundingCoordinate": -180, "eastBoundingCoordinate": 180, "northBoundingCoordinate": 90, "southBoundingCoordinate": -90}, "sizeMB": 1.43, "format": "Not provided"}, "f08_ssmi_19891028v7_wk.nc": {"temporal": ["1989-10-22T00:00:00.000Z", "1989-10-28T23:59:59.000Z"], "wnes_geometry": {"westBoundingCoordinate": -180, "eastBoundingCoordinate": 180, "northBoundingCoordinate": 90, "southBoundingCoordinate": -90}, "sizeMB": 1.45, "format": "Not provided"}, "f08_ssmi_19891104v7_wk.nc": {"temporal": ["1989-10-29T00:00:00.000Z", "1989-11-04T23:59:59.000Z"], "wnes_geometry": {"westBoundingCoordinate": -180, "eastBoundingCoordinate": 180, "northBoundingCoordinate": 90, "southBoundingCoordinate": -90}, "sizeMB": 1.4, "format": "Not provided"}, "f08_ssmi_19891111v7_wk.nc": {"temporal": ["1989-11-05T00:00:00.000Z", "1989-11-11T23:59:59.000Z"], "wnes_geometry": {"westBoundingCoordinate": -180, "eastBoundingCoordinate": 180, "northBoundingCoordinate": 90, "southBoundingCoordinate": -90}, "sizeMB": 1.41, "format": "Not provided"}, "f08_ssmi_19891118v7_wk.nc": {"temporal": ["1989-11-12T00:00:00.000Z", "1989-11-18T23:59:59.000Z"], "wnes_geometry": {"westBoundingCoordinate": -180, "eastBoundingCoordinate": 180, "northBoundingCoordinate": 90, "southBoundingCoordinate": -90}, "sizeMB": 1.43, "format": "Not provided"}, "f08_ssmi_19891125v7_wk.nc": {"temporal": ["1989-11-19T00:00:00.000Z", "1989-11-25T23:59:59.000Z"], "wnes_geometry": {"westBoundingCoordinate": -180, "eastBoundingCoordinate": 180, "northBoundingCoordinate": 90, "southBoundingCoordinate": -90}, "sizeMB": 1.41, "format": "Not provided"}, "f08_ssmi_19891202v7_wk.nc": {"temporal": ["1989-11-26T00:00:00.000Z", "1989-12-02T23:59:59.000Z"], "wnes_geometry": {"westBoundingCoordinate": -180, "eastBoundingCoordinate": 180, "northBoundingCoordinate": 90, "southBoundingCoordinate": -90}, "sizeMB": 1.42, "format": "Not provided"}, "f08_ssmi_19891209v7_wk.nc": {"temporal": ["1989-12-03T00:00:00.000Z", "1989-12-09T23:59:59.000Z"], "wnes_geometry": {"westBoundingCoordinate": -180, "eastBoundingCoordinate": 180, "northBoundingCoordinate": 90, "southBoundingCoordinate": -90}, "sizeMB": 1.42, "format": "Not provided"}, "f08_ssmi_19891216v7_wk.nc": {"temporal": ["1989-12-10T00:00:00.000Z", "1989-12-16T23:59:59.000Z"], "wnes_geometry": {"westBoundingCoordinate": -180, "eastBoundingCoordinate": 180, "northBoundingCoordinate": 90, "southBoundingCoordinate": -90}, "sizeMB": 1.43, "format": "Not provided"}, "f08_ssmi_19891223v7_wk.nc": {"temporal": ["1989-12-17T00:00:00.000Z", "1989-12-23T23:59:59.000Z"], "wnes_geometry": {"westBoundingCoordinate": -180, "eastBoundingCoordinate": 180, "northBoundingCoordinate": 90, "southBoundingCoordinate": -90}, "sizeMB": 1.45, "format": "Not provided"}, "f08_ssmi_19891230v7_wk.nc": {"temporal": ["1989-12-24T00:00:00.000Z", "1989-12-30T23:59:59.000Z"], "wnes_geometry": {"westBoundingCoordinate": -180, "eastBoundingCoordinate": 180, "northBoundingCoordinate": 90, "southBoundingCoordinate": -90}, "sizeMB": 1.44, "format": "Not provided"}, "f08_ssmi_19900106v7_wk.nc": {"temporal": ["1989-12-31T00:00:00.000Z", "1990-01-06T23:59:59.000Z"], "wnes_geometry": {"westBoundingCoordinate": -180, "eastBoundingCoordinate": 180, "northBoundingCoordinate": 90, "southBoundingCoordinate": -90}, "sizeMB": 1.44, "format": "Not provided"}, "f08_ssmi_19900113v7_wk.nc": {"temporal": ["1990-01-07T00:00:00.000Z", "1990-01-13T23:59:59.000Z"], "wnes_geometry": {"westBoundingCoordinate": -180, "eastBoundingCoordinate": 180, "northBoundingCoordinate": 90, "southBoundingCoordinate": -90}, "sizeMB": 1.46, "format": "Not provided"}, "f08_ssmi_19900120v7_wk.nc": {"temporal": ["1990-01-14T00:00:00.000Z", "1990-01-20T23:59:59.000Z"], "wnes_geometry": {"westBoundingCoordinate": -180, "eastBoundingCoordinate": 180, "northBoundingCoordinate": 90, "southBoundingCoordinate": -90}, "sizeMB": 1.45, "format": "Not provided"}, "f08_ssmi_19900127v7_wk.nc": {"temporal": ["1990-01-21T00:00:00.000Z", "1990-01-27T23:59:59.000Z"], "wnes_geometry": {"westBoundingCoordinate": -180, "eastBoundingCoordinate": 180, "northBoundingCoordinate": 90, "southBoundingCoordinate": -90}, "sizeMB": 1.46, "format": "Not provided"}, "f08_ssmi_19900203v7_wk.nc": {"temporal": ["1990-01-28T00:00:00.000Z", "1990-02-03T23:59:59.000Z"], "wnes_geometry": {"westBoundingCoordinate": -180, "eastBoundingCoordinate": 180, "northBoundingCoordinate": 90, "southBoundingCoordinate": -90}, "sizeMB": 1.46, "format": "Not provided"}, "f08_ssmi_19900210v7_wk.nc": {"temporal": ["1990-02-04T00:00:00.000Z", "1990-02-10T23:59:59.000Z"], "wnes_geometry": {"westBoundingCoordinate": -180, "eastBoundingCoordinate": 180, "northBoundingCoordinate": 90, "southBoundingCoordinate": -90}, "sizeMB": 1.46, "format": "Not provided"}, "f08_ssmi_19900217v7_wk.nc": {"temporal": ["1990-02-11T00:00:00.000Z", "1990-02-17T23:59:59.000Z"], "wnes_geometry": {"westBoundingCoordinate": -180, "eastBoundingCoordinate": 180, "northBoundingCoordinate": 90, "southBoundingCoordinate": -90}, "sizeMB": 1.46, "format": "Not provided"}, "f08_ssmi_19900224v7_wk.nc": {"temporal": ["1990-02-18T00:00:00.000Z", "1990-02-24T23:59:59.000Z"], "wnes_geometry": {"westBoundingCoordinate": -180, "eastBoundingCoordinate": 180, "northBoundingCoordinate": 90, "southBoundingCoordinate": -90}, "sizeMB": 1.47, "format": "Not provided"}, "f08_ssmi_19900303v7_wk.nc": {"temporal": ["1990-02-25T00:00:00.000Z", "1990-03-03T23:59:59.000Z"], "wnes_geometry": {"westBoundingCoordinate": -180, "eastBoundingCoordinate": 180, "northBoundingCoordinate": 90, "southBoundingCoordinate": -90}, "sizeMB": 1.47, "format": "Not provided"}, "f08_ssmi_19900310v7_wk.nc": {"temporal": ["1990-03-04T00:00:00.000Z", "1990-03-10T23:59:59.000Z"], "wnes_geometry": {"westBoundingCoordinate": -180, "eastBoundingCoordinate": 180, "northBoundingCoordinate": 90, "southBoundingCoordinate": -90}, "sizeMB": 1.48, "format": "Not provided"}, "f08_ssmi_19900317v7_wk.nc": {"temporal": ["1990-03-11T00:00:00.000Z", "1990-03-17T23:59:59.000Z"], "wnes_geometry": {"westBoundingCoordinate": -180, "eastBoundingCoordinate": 180, "northBoundingCoordinate": 90, "southBoundingCoordinate": -90}, "sizeMB": 1.44, "format": "Not provided"}, "f08_ssmi_19900324v7_wk.nc": {"temporal": ["1990-03-18T00:00:00.000Z", "1990-03-24T23:59:59.000Z"], "wnes_geometry": {"westBoundingCoordinate": -180, "eastBoundingCoordinate": 180, "northBoundingCoordinate": 90, "southBoundingCoordinate": -90}, "sizeMB": 1.44, "format": "Not provided"}, "f08_ssmi_19900331v7_wk.nc": {"temporal": ["1990-03-25T00:00:00.000Z", "1990-03-31T23:59:59.000Z"], "wnes_geometry": {"westBoundingCoordinate": -180, "eastBoundingCoordinate": 180, "northBoundingCoordinate": 90, "southBoundingCoordinate": -90}, "sizeMB": 1.46, "format": "Not provided"}, "f08_ssmi_19900407v7_wk.nc": {"temporal": ["1990-04-01T00:00:00.000Z", "1990-04-07T23:59:59.000Z"], "wnes_geometry": {"westBoundingCoordinate": -180, "eastBoundingCoordinate": 180, "northBoundingCoordinate": 90, "southBoundingCoordinate": -90}, "sizeMB": 1.43, "format": "Not provided"}, "f08_ssmi_19900414v7_wk.nc": {"temporal": ["1990-04-08T00:00:00.000Z", "1990-04-14T23:59:59.000Z"], "wnes_geometry": {"westBoundingCoordinate": -180, "eastBoundingCoordinate": 180, "northBoundingCoordinate": 90, "southBoundingCoordinate": -90}, "sizeMB": 1.45, "format": "Not provided"}, "f08_ssmi_19900421v7_wk.nc": {"temporal": ["1990-04-15T00:00:00.000Z", "1990-04-21T23:59:59.000Z"], "wnes_geometry": {"westBoundingCoordinate": -180, "eastBoundingCoordinate": 180, "northBoundingCoordinate": 90, "southBoundingCoordinate": -90}, "sizeMB": 1.44, "format": "Not provided"}, "f08_ssmi_19900428v7_wk.nc": {"temporal": ["1990-04-22T00:00:00.000Z", "1990-04-28T23:59:59.000Z"], "wnes_geometry": {"westBoundingCoordinate": -180, "eastBoundingCoordinate": 180, "northBoundingCoordinate": 90, "southBoundingCoordinate": -90}, "sizeMB": 1.44, "format": "Not provided"}, "f08_ssmi_19900505v7_wk.nc": {"temporal": ["1990-04-29T00:00:00.000Z", "1990-05-05T23:59:59.000Z"], "wnes_geometry": {"westBoundingCoordinate": -180, "eastBoundingCoordinate": 180, "northBoundingCoordinate": 90, "southBoundingCoordinate": -90}, "sizeMB": 1.42, "format": "Not provided"}, "f08_ssmi_19900512v7_wk.nc": {"temporal": ["1990-05-06T00:00:00.000Z", "1990-05-12T23:59:59.000Z"], "wnes_geometry": {"westBoundingCoordinate": -180, "eastBoundingCoordinate": 180, "northBoundingCoordinate": 90, "southBoundingCoordinate": -90}, "sizeMB": 1.43, "format": "Not provided"}, "f08_ssmi_19900519v7_wk.nc": {"temporal": ["1990-05-13T00:00:00.000Z", "1990-05-19T23:59:59.000Z"], "wnes_geometry": {"westBoundingCoordinate": -180, "eastBoundingCoordinate": 180, "northBoundingCoordinate": 90, "southBoundingCoordinate": -90}, "sizeMB": 1.43, "format": "Not provided"}, "f08_ssmi_19900526v7_wk.nc": {"temporal": ["1990-05-20T00:00:00.000Z", "1990-05-26T23:59:59.000Z"], "wnes_geometry": {"westBoundingCoordinate": -180, "eastBoundingCoordinate": 180, "northBoundingCoordinate": 90, "southBoundingCoordinate": -90}, "sizeMB": 1.43, "format": "Not provided"}, "f08_ssmi_19900602v7_wk.nc": {"temporal": ["1990-05-27T00:00:00.000Z", "1990-06-02T23:59:59.000Z"], "wnes_geometry": {"westBoundingCoordinate": -180, "eastBoundingCoordinate": 180, "northBoundingCoordinate": 90, "southBoundingCoordinate": -90}, "sizeMB": 1.42, "format": "Not provided"}, "f08_ssmi_19900609v7_wk.nc": {"temporal": ["1990-06-03T00:00:00.000Z", "1990-06-09T23:59:59.000Z"], "wnes_geometry": {"westBoundingCoordinate": -180, "eastBoundingCoordinate": 180, "northBoundingCoordinate": 90, "southBoundingCoordinate": -90}, "sizeMB": 1.42, "format": "Not provided"}, "f08_ssmi_19900616v7_wk.nc": {"temporal": ["1990-06-10T00:00:00.000Z", "1990-06-16T23:59:59.000Z"], "wnes_geometry": {"westBoundingCoordinate": -180, "eastBoundingCoordinate": 180, "northBoundingCoordinate": 90, "southBoundingCoordinate": -90}, "sizeMB": 1.41, "format": "Not provided"}, "f08_ssmi_19900623v7_wk.nc": {"temporal": ["1990-06-17T00:00:00.000Z", "1990-06-23T23:59:59.000Z"], "wnes_geometry": {"westBoundingCoordinate": -180, "eastBoundingCoordinate": 180, "northBoundingCoordinate": 90, "southBoundingCoordinate": -90}, "sizeMB": 1.4, "format": "Not provided"}, "f08_ssmi_19900630v7_wk.nc": {"temporal": ["1990-06-24T00:00:00.000Z", "1990-06-30T23:59:59.000Z"], "wnes_geometry": {"westBoundingCoordinate": -180, "eastBoundingCoordinate": 180, "northBoundingCoordinate": 90, "southBoundingCoordinate": -90}, "sizeMB": 1.4, "format": "Not provided"}, "f08_ssmi_19900707v7_wk.nc": {"temporal": ["1990-07-01T00:00:00.000Z", "1990-07-07T23:59:59.000Z"], "wnes_geometry": {"westBoundingCoordinate": -180, "eastBoundingCoordinate": 180, "northBoundingCoordinate": 90, "southBoundingCoordinate": -90}, "sizeMB": 1.42, "format": "Not provided"}, "f08_ssmi_19900714v7_wk.nc": {"temporal": ["1990-07-08T00:00:00.000Z", "1990-07-14T23:59:59.000Z"], "wnes_geometry": {"westBoundingCoordinate": -180, "eastBoundingCoordinate": 180, "northBoundingCoordinate": 90, "southBoundingCoordinate": -90}, "sizeMB": 1.42, "format": "Not provided"}, "f08_ssmi_19900721v7_wk.nc": {"temporal": ["1990-07-15T00:00:00.000Z", "1990-07-21T23:59:59.000Z"], "wnes_geometry": {"westBoundingCoordinate": -180, "eastBoundingCoordinate": 180, "northBoundingCoordinate": 90, "southBoundingCoordinate": -90}, "sizeMB": 1.42, "format": "Not provided"}, "f08_ssmi_19900728v7_wk.nc": {"temporal": ["1990-07-22T00:00:00.000Z", "1990-07-28T23:59:59.000Z"], "wnes_geometry": {"westBoundingCoordinate": -180, "eastBoundingCoordinate": 180, "northBoundingCoordinate": 90, "southBoundingCoordinate": -90}, "sizeMB": 1.41, "format": "Not provided"}, "f08_ssmi_19900804v7_wk.nc": {"temporal": ["1990-07-29T00:00:00.000Z", "1990-08-04T23:59:59.000Z"], "wnes_geometry": {"westBoundingCoordinate": -180, "eastBoundingCoordinate": 180, "northBoundingCoordinate": 90, "southBoundingCoordinate": -90}, "sizeMB": 1.42, "format": "Not provided"}, "f08_ssmi_19900811v7_wk.nc": {"temporal": ["1990-08-05T00:00:00.000Z", "1990-08-11T23:59:59.000Z"], "wnes_geometry": {"westBoundingCoordinate": -180, "eastBoundingCoordinate": 180, "northBoundingCoordinate": 90, "southBoundingCoordinate": -90}, "sizeMB": 1.43, "format": "Not provided"}, "f08_ssmi_19900818v7_wk.nc": {"temporal": ["1990-08-12T00:00:00.000Z", "1990-08-18T23:59:59.000Z"], "wnes_geometry": {"westBoundingCoordinate": -180, "eastBoundingCoordinate": 180, "northBoundingCoordinate": 90, "southBoundingCoordinate": -90}, "sizeMB": 1.46, "format": "Not provided"}, "f08_ssmi_19900825v7_wk.nc": {"temporal": ["1990-08-19T00:00:00.000Z", "1990-08-25T23:59:59.000Z"], "wnes_geometry": {"westBoundingCoordinate": -180, "eastBoundingCoordinate": 180, "northBoundingCoordinate": 90, "southBoundingCoordinate": -90}, "sizeMB": 1.45, "format": "Not provided"}, "f08_ssmi_19900901v7_wk.nc": {"temporal": ["1990-08-26T00:00:00.000Z", "1990-09-01T23:59:59.000Z"], "wnes_geometry": {"westBoundingCoordinate": -180, "eastBoundingCoordinate": 180, "northBoundingCoordinate": 90, "southBoundingCoordinate": -90}, "sizeMB": 1.45, "format": "Not provided"}, "f08_ssmi_19900908v7_wk.nc": {"temporal": ["1990-09-02T00:00:00.000Z", "1990-09-08T23:59:59.000Z"], "wnes_geometry": {"westBoundingCoordinate": -180, "eastBoundingCoordinate": 180, "northBoundingCoordinate": 90, "southBoundingCoordinate": -90}, "sizeMB": 1.42, "format": "Not provided"}, "f08_ssmi_19900915v7_wk.nc": {"temporal": ["1990-09-09T00:00:00.000Z", "1990-09-15T23:59:59.000Z"], "wnes_geometry": {"westBoundingCoordinate": -180, "eastBoundingCoordinate": 180, "northBoundingCoordinate": 90, "southBoundingCoordinate": -90}, "sizeMB": 1.42, "format": "Not provided"}, "f08_ssmi_19900922v7_wk.nc": {"temporal": ["1990-09-16T00:00:00.000Z", "1990-09-22T23:59:59.000Z"], "wnes_geometry": {"westBoundingCoordinate": -180, "eastBoundingCoordinate": 180, "northBoundingCoordinate": 90, "southBoundingCoordinate": -90}, "sizeMB": 1.42, "format": "Not provided"}, "f08_ssmi_19900929v7_wk.nc": {"temporal": ["1990-09-23T00:00:00.000Z", "1990-09-29T23:59:59.000Z"], "wnes_geometry": {"westBoundingCoordinate": -180, "eastBoundingCoordinate": 180, "northBoundingCoordinate": 90, "southBoundingCoordinate": -90}, "sizeMB": 1.4, "format": "Not provided"}, "f08_ssmi_19901006v7_wk.nc": {"temporal": ["1990-09-30T00:00:00.000Z", "1990-10-06T23:59:59.000Z"], "wnes_geometry": {"westBoundingCoordinate": -180, "eastBoundingCoordinate": 180, "northBoundingCoordinate": 90, "southBoundingCoordinate": -90}, "sizeMB": 1.41, "format": "Not provided"}, "f08_ssmi_19901013v7_wk.nc": {"temporal": ["1990-10-07T00:00:00.000Z", "1990-10-13T23:59:59.000Z"], "wnes_geometry": {"westBoundingCoordinate": -180, "eastBoundingCoordinate": 180, "northBoundingCoordinate": 90, "southBoundingCoordinate": -90}, "sizeMB": 1.43, "format": "Not provided"}, "f08_ssmi_19901020v7_wk.nc": {"temporal": ["1990-10-14T00:00:00.000Z", "1990-10-20T23:59:59.000Z"], "wnes_geometry": {"westBoundingCoordinate": -180, "eastBoundingCoordinate": 180, "northBoundingCoordinate": 90, "southBoundingCoordinate": -90}, "sizeMB": 1.45, "format": "Not provided"}, "f08_ssmi_19901027v7_wk.nc": {"temporal": ["1990-10-21T00:00:00.000Z", "1990-10-27T23:59:59.000Z"], "wnes_geometry": {"westBoundingCoordinate": -180, "eastBoundingCoordinate": 180, "northBoundingCoordinate": 90, "southBoundingCoordinate": -90}, "sizeMB": 1.39, "format": "Not provided"}, "f08_ssmi_19901103v7_wk.nc": {"temporal": ["1990-10-28T00:00:00.000Z", "1990-11-03T23:59:59.000Z"], "wnes_geometry": {"westBoundingCoordinate": -180, "eastBoundingCoordinate": 180, "northBoundingCoordinate": 90, "southBoundingCoordinate": -90}, "sizeMB": 1.45, "format": "Not provided"}, "f08_ssmi_19901110v7_wk.nc": {"temporal": ["1990-11-04T00:00:00.000Z", "1990-11-10T23:59:59.000Z"], "wnes_geometry": {"westBoundingCoordinate": -180, "eastBoundingCoordinate": 180, "northBoundingCoordinate": 90, "southBoundingCoordinate": -90}, "sizeMB": 1.46, "format": "Not provided"}, "f08_ssmi_19901117v7_wk.nc": {"temporal": ["1990-11-11T00:00:00.000Z", "1990-11-17T23:59:59.000Z"], "wnes_geometry": {"westBoundingCoordinate": -180, "eastBoundingCoordinate": 180, "northBoundingCoordinate": 90, "southBoundingCoordinate": -90}, "sizeMB": 1.46, "format": "Not provided"}, "f08_ssmi_19901124v7_wk.nc": {"temporal": ["1990-11-18T00:00:00.000Z", "1990-11-24T23:59:59.000Z"], "wnes_geometry": {"westBoundingCoordinate": -180, "eastBoundingCoordinate": 180, "northBoundingCoordinate": 90, "southBoundingCoordinate": -90}, "sizeMB": 1.44, "format": "Not provided"}, "f08_ssmi_19901201v7_wk.nc": {"temporal": ["1990-11-25T00:00:00.000Z", "1990-12-01T23:59:59.000Z"], "wnes_geometry": {"westBoundingCoordinate": -180, "eastBoundingCoordinate": 180, "northBoundingCoordinate": 90, "southBoundingCoordinate": -90}, "sizeMB": 1.45, "format": "Not provided"}, "f08_ssmi_19901208v7_wk.nc": {"temporal": ["1990-12-02T00:00:00.000Z", "1990-12-08T23:59:59.000Z"], "wnes_geometry": {"westBoundingCoordinate": -180, "eastBoundingCoordinate": 180, "northBoundingCoordinate": 90, "southBoundingCoordinate": -90}, "sizeMB": 1.46, "format": "Not provided"}, "f08_ssmi_19901215v7_wk.nc": {"temporal": ["1990-12-09T00:00:00.000Z", "1990-12-15T23:59:59.000Z"], "wnes_geometry": {"westBoundingCoordinate": -180, "eastBoundingCoordinate": 180, "northBoundingCoordinate": 90, "southBoundingCoordinate": -90}, "sizeMB": 1.45, "format": "Not provided"}, "f08_ssmi_19901222v7_wk.nc": {"temporal": ["1990-12-16T00:00:00.000Z", "1990-12-22T23:59:59.000Z"], "wnes_geometry": {"westBoundingCoordinate": -180, "eastBoundingCoordinate": 180, "northBoundingCoordinate": 90, "southBoundingCoordinate": -90}, "sizeMB": 1.47, "format": "Not provided"}, "f08_ssmi_19901229v7_wk.nc": {"temporal": ["1990-12-23T00:00:00.000Z", "1990-12-29T23:59:59.000Z"], "wnes_geometry": {"westBoundingCoordinate": -180, "eastBoundingCoordinate": 180, "northBoundingCoordinate": 90, "southBoundingCoordinate": -90}, "sizeMB": 1.49, "format": "Not provided"}, "f08_ssmi_19910105v7_wk.nc": {"temporal": ["1990-12-30T00:00:00.000Z", "1991-01-05T23:59:59.000Z"], "wnes_geometry": {"westBoundingCoordinate": -180, "eastBoundingCoordinate": 180, "northBoundingCoordinate": 90, "southBoundingCoordinate": -90}, "sizeMB": 1.46, "format": "Not provided"}, "f08_ssmi_19910112v7_wk.nc": {"temporal": ["1991-01-06T00:00:00.000Z", "1991-01-12T23:59:59.000Z"], "wnes_geometry": {"westBoundingCoordinate": -180, "eastBoundingCoordinate": 180, "northBoundingCoordinate": 90, "southBoundingCoordinate": -90}, "sizeMB": 1.45, "format": "Not provided"}, "f08_ssmi_19910119v7_wk.nc": {"temporal": ["1991-01-13T00:00:00.000Z", "1991-01-19T23:59:59.000Z"], "wnes_geometry": {"westBoundingCoordinate": -180, "eastBoundingCoordinate": 180, "northBoundingCoordinate": 90, "southBoundingCoordinate": -90}, "sizeMB": 1.46, "format": "Not provided"}, "f08_ssmi_19910126v7_wk.nc": {"temporal": ["1991-01-20T00:00:00.000Z", "1991-01-26T23:59:59.000Z"], "wnes_geometry": {"westBoundingCoordinate": -180, "eastBoundingCoordinate": 180, "northBoundingCoordinate": 90, "southBoundingCoordinate": -90}, "sizeMB": 1.46, "format": "Not provided"}, "f08_ssmi_19910202v7_wk.nc": {"temporal": ["1991-01-27T00:00:00.000Z", "1991-02-02T23:59:59.000Z"], "wnes_geometry": {"westBoundingCoordinate": -180, "eastBoundingCoordinate": 180, "northBoundingCoordinate": 90, "southBoundingCoordinate": -90}, "sizeMB": 1.47, "format": "Not provided"}, "f08_ssmi_19910209v7_wk.nc": {"temporal": ["1991-02-03T00:00:00.000Z", "1991-02-09T23:59:59.000Z"], "wnes_geometry": {"westBoundingCoordinate": -180, "eastBoundingCoordinate": 180, "northBoundingCoordinate": 90, "southBoundingCoordinate": -90}, "sizeMB": 1.45, "format": "Not provided"}, "f08_ssmi_19910216v7_wk.nc": {"temporal": ["1991-02-10T00:00:00.000Z", "1991-02-16T23:59:59.000Z"], "wnes_geometry": {"westBoundingCoordinate": -180, "eastBoundingCoordinate": 180, "northBoundingCoordinate": 90, "southBoundingCoordinate": -90}, "sizeMB": 1.48, "format": "Not provided"}, "f08_ssmi_19910223v7_wk.nc": {"temporal": ["1991-02-17T00:00:00.000Z", "1991-02-23T23:59:59.000Z"], "wnes_geometry": {"westBoundingCoordinate": -180, "eastBoundingCoordinate": 180, "northBoundingCoordinate": 90, "southBoundingCoordinate": -90}, "sizeMB": 1.48, "format": "Not provided"}, "f08_ssmi_19910302v7_wk.nc": {"temporal": ["1991-02-24T00:00:00.000Z", "1991-03-02T23:59:59.000Z"], "wnes_geometry": {"westBoundingCoordinate": -180, "eastBoundingCoordinate": 180, "northBoundingCoordinate": 90, "southBoundingCoordinate": -90}, "sizeMB": 1.49, "format": "Not provided"}, "f08_ssmi_19910309v7_wk.nc": {"temporal": ["1991-03-03T00:00:00.000Z", "1991-03-09T23:59:59.000Z"], "wnes_geometry": {"westBoundingCoordinate": -180, "eastBoundingCoordinate": 180, "northBoundingCoordinate": 90, "southBoundingCoordinate": -90}, "sizeMB": 1.5, "format": "Not provided"}, "f08_ssmi_19910316v7_wk.nc": {"temporal": ["1991-03-10T00:00:00.000Z", "1991-03-16T23:59:59.000Z"], "wnes_geometry": {"westBoundingCoordinate": -180, "eastBoundingCoordinate": 180, "northBoundingCoordinate": 90, "southBoundingCoordinate": -90}, "sizeMB": 1.47, "format": "Not provided"}, "f08_ssmi_19910323v7_wk.nc": {"temporal": ["1991-03-17T00:00:00.000Z", "1991-03-23T23:59:59.000Z"], "wnes_geometry": {"westBoundingCoordinate": -180, "eastBoundingCoordinate": 180, "northBoundingCoordinate": 90, "southBoundingCoordinate": -90}, "sizeMB": 1.47, "format": "Not provided"}, "f08_ssmi_19910330v7_wk.nc": {"temporal": ["1991-03-24T00:00:00.000Z", "1991-03-30T23:59:59.000Z"], "wnes_geometry": {"westBoundingCoordinate": -180, "eastBoundingCoordinate": 180, "northBoundingCoordinate": 90, "southBoundingCoordinate": -90}, "sizeMB": 1.46, "format": "Not provided"}, "f08_ssmi_19910406v7_wk.nc": {"temporal": ["1991-03-31T00:00:00.000Z", "1991-04-06T23:59:59.000Z"], "wnes_geometry": {"westBoundingCoordinate": -180, "eastBoundingCoordinate": 180, "northBoundingCoordinate": 90, "southBoundingCoordinate": -90}, "sizeMB": 1.44, "format": "Not provided"}, "f08_ssmi_19910413v7_wk.nc": {"temporal": ["1991-04-07T00:00:00.000Z", "1991-04-13T23:59:59.000Z"], "wnes_geometry": {"westBoundingCoordinate": -180, "eastBoundingCoordinate": 180, "northBoundingCoordinate": 90, "southBoundingCoordinate": -90}, "sizeMB": 1.44, "format": "Not provided"}, "f08_ssmi_19910420v7_wk.nc": {"temporal": ["1991-04-14T00:00:00.000Z", "1991-04-20T23:59:59.000Z"], "wnes_geometry": {"westBoundingCoordinate": -180, "eastBoundingCoordinate": 180, "northBoundingCoordinate": 90, "southBoundingCoordinate": -90}, "sizeMB": 1.47, "format": "Not provided"}, "f08_ssmi_19910427v7_wk.nc": {"temporal": ["1991-04-21T00:00:00.000Z", "1991-04-27T23:59:59.000Z"], "wnes_geometry": {"westBoundingCoordinate": -180, "eastBoundingCoordinate": 180, "northBoundingCoordinate": 90, "southBoundingCoordinate": -90}, "sizeMB": 1.42, "format": "Not provided"}, "f08_ssmi_19910504v7_wk.nc": {"temporal": ["1991-04-28T00:00:00.000Z", "1991-05-04T23:59:59.000Z"], "wnes_geometry": {"westBoundingCoordinate": -180, "eastBoundingCoordinate": 180, "northBoundingCoordinate": 90, "southBoundingCoordinate": -90}, "sizeMB": 1.45, "format": "Not provided"}, "f08_ssmi_19910511v7_wk.nc": {"temporal": ["1991-05-05T00:00:00.000Z", "1991-05-11T23:59:59.000Z"], "wnes_geometry": {"westBoundingCoordinate": -180, "eastBoundingCoordinate": 180, "northBoundingCoordinate": 90, "southBoundingCoordinate": -90}, "sizeMB": 1.44, "format": "Not provided"}, "f08_ssmi_19910518v7_wk.nc": {"temporal": ["1991-05-12T00:00:00.000Z", "1991-05-18T23:59:59.000Z"], "wnes_geometry": {"westBoundingCoordinate": -180, "eastBoundingCoordinate": 180, "northBoundingCoordinate": 90, "southBoundingCoordinate": -90}, "sizeMB": 1.44, "format": "Not provided"}, "f08_ssmi_19910525v7_wk.nc": {"temporal": ["1991-05-19T00:00:00.000Z", "1991-05-25T23:59:59.000Z"], "wnes_geometry": {"westBoundingCoordinate": -180, "eastBoundingCoordinate": 180, "northBoundingCoordinate": 90, "southBoundingCoordinate": -90}, "sizeMB": 1.44, "format": "Not provided"}, "f08_ssmi_19910601v7_wk.nc": {"temporal": ["1991-05-26T00:00:00.000Z", "1991-06-01T23:59:59.000Z"], "wnes_geometry": {"westBoundingCoordinate": -180, "eastBoundingCoordinate": 180, "northBoundingCoordinate": 90, "southBoundingCoordinate": -90}, "sizeMB": 1.42, "format": "Not provided"}, "f08_ssmi_19910608v7_wk.nc": {"temporal": ["1991-06-02T00:00:00.000Z", "1991-06-08T23:59:59.000Z"], "wnes_geometry": {"westBoundingCoordinate": -180, "eastBoundingCoordinate": 180, "northBoundingCoordinate": 90, "southBoundingCoordinate": -90}, "sizeMB": 1.44, "format": "Not provided"}, "f08_ssmi_19910615v7_wk.nc": {"temporal": ["1991-06-09T00:00:00.000Z", "1991-06-15T23:59:59.000Z"], "wnes_geometry": {"westBoundingCoordinate": -180, "eastBoundingCoordinate": 180, "northBoundingCoordinate": 90, "southBoundingCoordinate": -90}, "sizeMB": 1.43, "format": "Not provided"}, "f08_ssmi_19910622v7_wk.nc": {"temporal": ["1991-06-16T00:00:00.000Z", "1991-06-22T23:59:59.000Z"], "wnes_geometry": {"westBoundingCoordinate": -180, "eastBoundingCoordinate": 180, "northBoundingCoordinate": 90, "southBoundingCoordinate": -90}, "sizeMB": 1.45, "format": "Not provided"}, "f08_ssmi_19910629v7_wk.nc": {"temporal": ["1991-06-23T00:00:00.000Z", "1991-06-29T23:59:59.000Z"], "wnes_geometry": {"westBoundingCoordinate": -180, "eastBoundingCoordinate": 180, "northBoundingCoordinate": 90, "southBoundingCoordinate": -90}, "sizeMB": 1.44, "format": "Not provided"}, "f08_ssmi_19910706v7_wk.nc": {"temporal": ["1991-06-30T00:00:00.000Z", "1991-07-06T23:59:59.000Z"], "wnes_geometry": {"westBoundingCoordinate": -180, "eastBoundingCoordinate": 180, "northBoundingCoordinate": 90, "southBoundingCoordinate": -90}, "sizeMB": 1.44, "format": "Not provided"}, "f08_ssmi_19910713v7_wk.nc": {"temporal": ["1991-07-07T00:00:00.000Z", "1991-07-13T23:59:59.000Z"], "wnes_geometry": {"westBoundingCoordinate": -180, "eastBoundingCoordinate": 180, "northBoundingCoordinate": 90, "southBoundingCoordinate": -90}, "sizeMB": 1.41, "format": "Not provided"}, "f08_ssmi_19910720v7_wk.nc": {"temporal": ["1991-07-14T00:00:00.000Z", "1991-07-20T23:59:59.000Z"], "wnes_geometry": {"westBoundingCoordinate": -180, "eastBoundingCoordinate": 180, "northBoundingCoordinate": 90, "southBoundingCoordinate": -90}, "sizeMB": 1.43, "format": "Not provided"}, "f08_ssmi_19910727v7_wk.nc": {"temporal": ["1991-07-21T00:00:00.000Z", "1991-07-27T23:59:59.000Z"], "wnes_geometry": {"westBoundingCoordinate": -180, "eastBoundingCoordinate": 180, "northBoundingCoordinate": 90, "southBoundingCoordinate": -90}, "sizeMB": 1.43, "format": "Not provided"}, "f08_ssmi_19910803v7_wk.nc": {"temporal": ["1991-07-28T00:00:00.000Z", "1991-08-03T23:59:59.000Z"], "wnes_geometry": {"westBoundingCoordinate": -180, "eastBoundingCoordinate": 180, "northBoundingCoordinate": 90, "southBoundingCoordinate": -90}, "sizeMB": 1.44, "format": "Not provided"}, "f08_ssmi_19910810v7_wk.nc": {"temporal": ["1991-08-04T00:00:00.000Z", "1991-08-10T23:59:59.000Z"], "wnes_geometry": {"westBoundingCoordinate": -180, "eastBoundingCoordinate": 180, "northBoundingCoordinate": 90, "southBoundingCoordinate": -90}, "sizeMB": 1.44, "format": "Not provided"}, "f08_ssmi_19910817v7_wk.nc": {"temporal": ["1991-08-11T00:00:00.000Z", "1991-08-17T23:59:59.000Z"], "wnes_geometry": {"westBoundingCoordinate": -180, "eastBoundingCoordinate": 180, "northBoundingCoordinate": 90, "southBoundingCoordinate": -90}, "sizeMB": 1.44, "format": "Not provided"}, "f08_ssmi_19910824v7_wk.nc": {"temporal": ["1991-08-18T00:00:00.000Z", "1991-08-24T23:59:59.000Z"], "wnes_geometry": {"westBoundingCoordinate": -180, "eastBoundingCoordinate": 180, "northBoundingCoordinate": 90, "southBoundingCoordinate": -90}, "sizeMB": 1.42, "format": "Not provided"}, "f08_ssmi_19910831v7_wk.nc": {"temporal": ["1991-08-25T00:00:00.000Z", "1991-08-31T23:59:59.000Z"], "wnes_geometry": {"westBoundingCoordinate": -180, "eastBoundingCoordinate": 180, "northBoundingCoordinate": 90, "southBoundingCoordinate": -90}, "sizeMB": 1.43, "format": "Not provided"}, "f08_ssmi_19910907v7_wk.nc": {"temporal": ["1991-09-01T00:00:00.000Z", "1991-09-07T23:59:59.000Z"], "wnes_geometry": {"westBoundingCoordinate": -180, "eastBoundingCoordinate": 180, "northBoundingCoordinate": 90, "southBoundingCoordinate": -90}, "sizeMB": 1.42, "format": "Not provided"}, "f08_ssmi_19910914v7_wk.nc": {"temporal": ["1991-09-08T00:00:00.000Z", "1991-09-14T23:59:59.000Z"], "wnes_geometry": {"westBoundingCoordinate": -180, "eastBoundingCoordinate": 180, "northBoundingCoordinate": 90, "southBoundingCoordinate": -90}, "sizeMB": 1.44, "format": "Not provided"}, "f08_ssmi_19910921v7_wk.nc": {"temporal": ["1991-09-15T00:00:00.000Z", "1991-09-21T23:59:59.000Z"], "wnes_geometry": {"westBoundingCoordinate": -180, "eastBoundingCoordinate": 180, "northBoundingCoordinate": 90, "southBoundingCoordinate": -90}, "sizeMB": 1.42, "format": "Not provided"}, "f08_ssmi_19910928v7_wk.nc": {"temporal": ["1991-09-22T00:00:00.000Z", "1991-09-28T23:59:59.000Z"], "wnes_geometry": {"westBoundingCoordinate": -180, "eastBoundingCoordinate": 180, "northBoundingCoordinate": 90, "southBoundingCoordinate": -90}, "sizeMB": 1.42, "format": "Not provided"}, "f08_ssmi_19911005v7_wk.nc": {"temporal": ["1991-09-29T00:00:00.000Z", "1991-10-05T23:59:59.000Z"], "wnes_geometry": {"westBoundingCoordinate": -180, "eastBoundingCoordinate": 180, "northBoundingCoordinate": 90, "southBoundingCoordinate": -90}, "sizeMB": 1.43, "format": "Not provided"}, "f08_ssmi_19911012v7_wk.nc": {"temporal": ["1991-10-06T00:00:00.000Z", "1991-10-12T23:59:59.000Z"], "wnes_geometry": {"westBoundingCoordinate": -180, "eastBoundingCoordinate": 180, "northBoundingCoordinate": 90, "southBoundingCoordinate": -90}, "sizeMB": 1.42, "format": "Not provided"}, "f08_ssmi_19911019v7_wk.nc": {"temporal": ["1991-10-13T00:00:00.000Z", "1991-10-19T23:59:59.000Z"], "wnes_geometry": {"westBoundingCoordinate": -180, "eastBoundingCoordinate": 180, "northBoundingCoordinate": 90, "southBoundingCoordinate": -90}, "sizeMB": 1.46, "format": "Not provided"}, "f08_ssmi_19911026v7_wk.nc": {"temporal": ["1991-10-20T00:00:00.000Z", "1991-10-26T23:59:59.000Z"], "wnes_geometry": {"westBoundingCoordinate": -180, "eastBoundingCoordinate": 180, "northBoundingCoordinate": 90, "southBoundingCoordinate": -90}, "sizeMB": 1.4, "format": "Not provided"}, "f08_ssmi_19911102v7_wk.nc": {"temporal": ["1991-10-27T00:00:00.000Z", "1991-11-02T23:59:59.000Z"], "wnes_geometry": {"westBoundingCoordinate": -180, "eastBoundingCoordinate": 180, "northBoundingCoordinate": 90, "southBoundingCoordinate": -90}, "sizeMB": 1.42, "format": "Not provided"}, "f08_ssmi_19911109v7_wk.nc": {"temporal": ["1991-11-03T00:00:00.000Z", "1991-11-09T23:59:59.000Z"], "wnes_geometry": {"westBoundingCoordinate": -180, "eastBoundingCoordinate": 180, "northBoundingCoordinate": 90, "southBoundingCoordinate": -90}, "sizeMB": 1.4, "format": "Not provided"}, "f08_ssmi_19911116v7_wk.nc": {"temporal": ["1991-11-10T00:00:00.000Z", "1991-11-16T23:59:59.000Z"], "wnes_geometry": {"westBoundingCoordinate": -180, "eastBoundingCoordinate": 180, "northBoundingCoordinate": 90, "southBoundingCoordinate": -90}, "sizeMB": 1.44, "format": "Not provided"}, "f08_ssmi_19911123v7_wk.nc": {"temporal": ["1991-11-17T00:00:00.000Z", "1991-11-23T23:59:59.000Z"], "wnes_geometry": {"westBoundingCoordinate": -180, "eastBoundingCoordinate": 180, "northBoundingCoordinate": 90, "southBoundingCoordinate": -90}, "sizeMB": 1.43, "format": "Not provided"}, "f08_ssmi_19911130v7_wk.nc": {"temporal": ["1991-11-24T00:00:00.000Z", "1991-11-30T23:59:59.000Z"], "wnes_geometry": {"westBoundingCoordinate": -180, "eastBoundingCoordinate": 180, "northBoundingCoordinate": 90, "southBoundingCoordinate": -90}, "sizeMB": 1.43, "format": "Not provided"}, "f08_ssmi_19911207v7_wk.nc": {"temporal": ["1991-12-01T00:00:00.000Z", "1991-12-07T23:59:59.000Z"], "wnes_geometry": {"westBoundingCoordinate": -180, "eastBoundingCoordinate": 180, "northBoundingCoordinate": 90, "southBoundingCoordinate": -90}, "sizeMB": 1.45, "format": "Not provided"}, "f08_ssmi_19911214v7_wk.nc": {"temporal": ["1991-12-08T00:00:00.000Z", "1991-12-14T23:59:59.000Z"], "wnes_geometry": {"westBoundingCoordinate": -180, "eastBoundingCoordinate": 180, "northBoundingCoordinate": 90, "southBoundingCoordinate": -90}, "sizeMB": 1.43, "format": "Not provided"}, "f08_ssmi_19911221v7_wk.nc": {"temporal": ["1991-12-15T00:00:00.000Z", "1991-12-21T23:59:59.000Z"], "wnes_geometry": {"westBoundingCoordinate": -180, "eastBoundingCoordinate": 180, "northBoundingCoordinate": 90, "southBoundingCoordinate": -90}, "sizeMB": 1.5, "format": "Not provided"}, "f08_ssmi_19911228v7_wk.nc": {"temporal": ["1991-12-22T00:00:00.000Z", "1991-12-28T23:59:59.000Z"], "wnes_geometry": {"westBoundingCoordinate": -180, "eastBoundingCoordinate": 180, "northBoundingCoordinate": 90, "southBoundingCoordinate": -90}, "sizeMB": 0.65, "format": "Not provided"}, "f08_ssmi_19920104v7_wk.nc": {"temporal": ["1991-12-29T00:00:00.000Z", "1992-01-04T23:59:59.000Z"], "wnes_geometry": {"westBoundingCoordinate": -180, "eastBoundingCoordinate": 180, "northBoundingCoordinate": 90, "southBoundingCoordinate": -90}, "sizeMB": 0.63, "format": "Not provided"}}