{"f13_ssmi_199505v7.nc": {"temporal": ["1995-05-01T00:00:00.000Z", "1995-05-31T23:59:59.000Z"], "wnes_geometry": {"westBoundingCoordinate": -180, "eastBoundingCoordinate": 180, "northBoundingCoordinate": 90, "southBoundingCoordinate": -90}, "sizeMB": 1.28, "format": "Not provided"}, "f13_ssmi_199506v7.nc": {"temporal": ["1995-06-01T00:00:00.000Z", "1995-06-30T23:59:59.000Z"], "wnes_geometry": {"westBoundingCoordinate": -180, "eastBoundingCoordinate": 180, "northBoundingCoordinate": 90, "southBoundingCoordinate": -90}, "sizeMB": 1.26, "format": "Not provided"}, "f13_ssmi_199507v7.nc": {"temporal": ["1995-07-01T00:00:00.000Z", "1995-07-31T23:59:59.000Z"], "wnes_geometry": {"westBoundingCoordinate": -180, "eastBoundingCoordinate": 180, "northBoundingCoordinate": 90, "southBoundingCoordinate": -90}, "sizeMB": 1.27, "format": "Not provided"}, "f13_ssmi_199508v7.nc": {"temporal": ["1995-08-01T00:00:00.000Z", "1995-08-31T23:59:59.000Z"], "wnes_geometry": {"westBoundingCoordinate": -180, "eastBoundingCoordinate": 180, "northBoundingCoordinate": 90, "southBoundingCoordinate": -90}, "sizeMB": 1.25, "format": "Not provided"}, "f13_ssmi_199509v7.nc": {"temporal": ["1995-09-01T00:00:00.000Z", "1995-09-30T23:59:59.000Z"], "wnes_geometry": {"westBoundingCoordinate": -180, "eastBoundingCoordinate": 180, "northBoundingCoordinate": 90, "southBoundingCoordinate": -90}, "sizeMB": 1.25, "format": "Not provided"}, "f13_ssmi_199510v7.nc": {"temporal": ["1995-10-01T00:00:00.000Z", "1995-10-31T23:59:59.000Z"], "wnes_geometry": {"westBoundingCoordinate": -180, "eastBoundingCoordinate": 180, "northBoundingCoordinate": 90, "southBoundingCoordinate": -90}, "sizeMB": 1.25, "format": "Not provided"}, "f13_ssmi_199511v7.nc": {"temporal": ["1995-11-01T00:00:00.000Z", "1995-11-30T23:59:59.000Z"], "wnes_geometry": {"westBoundingCoordinate": -180, "eastBoundingCoordinate": 180, "northBoundingCoordinate": 90, "southBoundingCoordinate": -90}, "sizeMB": 1.26, "format": "Not provided"}, "f13_ssmi_199512v7.nc": {"temporal": ["1995-12-01T00:00:00.000Z", "1995-12-31T23:59:59.000Z"], "wnes_geometry": {"westBoundingCoordinate": -180, "eastBoundingCoordinate": 180, "northBoundingCoordinate": 90, "southBoundingCoordinate": -90}, "sizeMB": 1.28, "format": "Not provided"}, "f13_ssmi_199601v7.nc": {"temporal": ["1996-01-01T00:00:00.000Z", "1996-01-31T23:59:59.000Z"], "wnes_geometry": {"westBoundingCoordinate": -180, "eastBoundingCoordinate": 180, "northBoundingCoordinate": 90, "southBoundingCoordinate": -90}, "sizeMB": 1.29, "format": "Not provided"}, "f13_ssmi_199602v7.nc": {"temporal": ["1996-02-01T00:00:00.000Z", "1996-02-29T23:59:59.000Z"], "wnes_geometry": {"westBoundingCoordinate": -180, "eastBoundingCoordinate": 180, "northBoundingCoordinate": 90, "southBoundingCoordinate": -90}, "sizeMB": 1.3, "format": "Not provided"}, "f13_ssmi_199603v7.nc": {"temporal": ["1996-03-01T00:00:00.000Z", "1996-03-31T23:59:59.000Z"], "wnes_geometry": {"westBoundingCoordinate": -180, "eastBoundingCoordinate": 180, "northBoundingCoordinate": 90, "southBoundingCoordinate": -90}, "sizeMB": 1.3, "format": "Not provided"}, "f13_ssmi_199604v7.nc": {"temporal": ["1996-04-01T00:00:00.000Z", "1996-04-30T23:59:59.000Z"], "wnes_geometry": {"westBoundingCoordinate": -180, "eastBoundingCoordinate": 180, "northBoundingCoordinate": 90, "southBoundingCoordinate": -90}, "sizeMB": 1.3, "format": "Not provided"}, "f13_ssmi_199605v7.nc": {"temporal": ["1996-05-01T00:00:00.000Z", "1996-05-31T23:59:59.000Z"], "wnes_geometry": {"westBoundingCoordinate": -180, "eastBoundingCoordinate": 180, "northBoundingCoordinate": 90, "southBoundingCoordinate": -90}, "sizeMB": 1.28, "format": "Not provided"}, "f13_ssmi_199606v7.nc": {"temporal": ["1996-06-01T00:00:00.000Z", "1996-06-30T23:59:59.000Z"], "wnes_geometry": {"westBoundingCoordinate": -180, "eastBoundingCoordinate": 180, "northBoundingCoordinate": 90, "southBoundingCoordinate": -90}, "sizeMB": 1.27, "format": "Not provided"}, "f13_ssmi_199607v7.nc": {"temporal": ["1996-07-01T00:00:00.000Z", "1996-07-31T23:59:59.000Z"], "wnes_geometry": {"westBoundingCoordinate": -180, "eastBoundingCoordinate": 180, "northBoundingCoordinate": 90, "southBoundingCoordinate": -90}, "sizeMB": 1.25, "format": "Not provided"}, "f13_ssmi_199608v7.nc": {"temporal": ["1996-08-01T00:00:00.000Z", "1996-08-31T23:59:59.000Z"], "wnes_geometry": {"westBoundingCoordinate": -180, "eastBoundingCoordinate": 180, "northBoundingCoordinate": 90, "southBoundingCoordinate": -90}, "sizeMB": 1.26, "format": "Not provided"}, "f13_ssmi_199609v7.nc": {"temporal": ["1996-09-01T00:00:00.000Z", "1996-09-30T23:59:59.000Z"], "wnes_geometry": {"westBoundingCoordinate": -180, "eastBoundingCoordinate": 180, "northBoundingCoordinate": 90, "southBoundingCoordinate": -90}, "sizeMB": 1.26, "format": "Not provided"}, "f13_ssmi_199610v7.nc": {"temporal": ["1996-10-01T00:00:00.000Z", "1996-10-31T23:59:59.000Z"], "wnes_geometry": {"westBoundingCoordinate": -180, "eastBoundingCoordinate": 180, "northBoundingCoordinate": 90, "southBoundingCoordinate": -90}, "sizeMB": 1.24, "format": "Not provided"}, "f13_ssmi_199611v7.nc": {"temporal": ["1996-11-01T00:00:00.000Z", "1996-11-30T23:59:59.000Z"], "wnes_geometry": {"westBoundingCoordinate": -180, "eastBoundingCoordinate": 180, "northBoundingCoordinate": 90, "southBoundingCoordinate": -90}, "sizeMB": 1.27, "format": "Not provided"}, "f13_ssmi_199612v7.nc": {"temporal": ["1996-12-01T00:00:00.000Z", "1996-12-31T23:59:59.000Z"], "wnes_geometry": {"westBoundingCoordinate": -180, "eastBoundingCoordinate": 180, "northBoundingCoordinate": 90, "southBoundingCoordinate": -90}, "sizeMB": 1.29, "format": "Not provided"}, "f13_ssmi_199701v7.nc": {"temporal": ["1997-01-01T00:00:00.000Z", "1997-01-31T23:59:59.000Z"], "wnes_geometry": {"westBoundingCoordinate": -180, "eastBoundingCoordinate": 180, "northBoundingCoordinate": 90, "southBoundingCoordinate": -90}, "sizeMB": 1.28, "format": "Not provided"}, "f13_ssmi_199702v7.nc": {"temporal": ["1997-02-01T00:00:00.000Z", "1997-02-28T23:59:59.000Z"], "wnes_geometry": {"westBoundingCoordinate": -180, "eastBoundingCoordinate": 180, "northBoundingCoordinate": 90, "southBoundingCoordinate": -90}, "sizeMB": 1.28, "format": "Not provided"}, "f13_ssmi_199703v7.nc": {"temporal": ["1997-03-01T00:00:00.000Z", "1997-03-31T23:59:59.000Z"], "wnes_geometry": {"westBoundingCoordinate": -180, "eastBoundingCoordinate": 180, "northBoundingCoordinate": 90, "southBoundingCoordinate": -90}, "sizeMB": 1.28, "format": "Not provided"}, "f13_ssmi_199704v7.nc": {"temporal": ["1997-04-01T00:00:00.000Z", "1997-04-30T23:59:59.000Z"], "wnes_geometry": {"westBoundingCoordinate": -180, "eastBoundingCoordinate": 180, "northBoundingCoordinate": 90, "southBoundingCoordinate": -90}, "sizeMB": 1.28, "format": "Not provided"}, "f13_ssmi_199705v7.nc": {"temporal": ["1997-05-01T00:00:00.000Z", "1997-05-31T23:59:59.000Z"], "wnes_geometry": {"westBoundingCoordinate": -180, "eastBoundingCoordinate": 180, "northBoundingCoordinate": 90, "southBoundingCoordinate": -90}, "sizeMB": 1.27, "format": "Not provided"}, "f13_ssmi_199706v7.nc": {"temporal": ["1997-06-01T00:00:00.000Z", "1997-06-30T23:59:59.000Z"], "wnes_geometry": {"westBoundingCoordinate": -180, "eastBoundingCoordinate": 180, "northBoundingCoordinate": 90, "southBoundingCoordinate": -90}, "sizeMB": 1.26, "format": "Not provided"}, "f13_ssmi_199707v7.nc": {"temporal": ["1997-07-01T00:00:00.000Z", "1997-07-31T23:59:59.000Z"], "wnes_geometry": {"westBoundingCoordinate": -180, "eastBoundingCoordinate": 180, "northBoundingCoordinate": 90, "southBoundingCoordinate": -90}, "sizeMB": 1.25, "format": "Not provided"}, "f13_ssmi_199708v7.nc": {"temporal": ["1997-08-01T00:00:00.000Z", "1997-08-31T23:59:59.000Z"], "wnes_geometry": {"westBoundingCoordinate": -180, "eastBoundingCoordinate": 180, "northBoundingCoordinate": 90, "southBoundingCoordinate": -90}, "sizeMB": 1.25, "format": "Not provided"}, "f13_ssmi_199709v7.nc": {"temporal": ["1997-09-01T00:00:00.000Z", "1997-09-30T23:59:59.000Z"], "wnes_geometry": {"westBoundingCoordinate": -180, "eastBoundingCoordinate": 180, "northBoundingCoordinate": 90, "southBoundingCoordinate": -90}, "sizeMB": 1.26, "format": "Not provided"}, "f13_ssmi_199710v7.nc": {"temporal": ["1997-10-01T00:00:00.000Z", "1997-10-31T23:59:59.000Z"], "wnes_geometry": {"westBoundingCoordinate": -180, "eastBoundingCoordinate": 180, "northBoundingCoordinate": 90, "southBoundingCoordinate": -90}, "sizeMB": 1.25, "format": "Not provided"}, "f13_ssmi_199711v7.nc": {"temporal": ["1997-11-01T00:00:00.000Z", "1997-11-30T23:59:59.000Z"], "wnes_geometry": {"westBoundingCoordinate": -180, "eastBoundingCoordinate": 180, "northBoundingCoordinate": 90, "southBoundingCoordinate": -90}, "sizeMB": 1.26, "format": "Not provided"}, "f13_ssmi_199712v7.nc": {"temporal": ["1997-12-01T00:00:00.000Z", "1997-12-31T23:59:59.000Z"], "wnes_geometry": {"westBoundingCoordinate": -180, "eastBoundingCoordinate": 180, "northBoundingCoordinate": 90, "southBoundingCoordinate": -90}, "sizeMB": 1.27, "format": "Not provided"}, "f13_ssmi_199801v7.nc": {"temporal": ["1998-01-01T00:00:00.000Z", "1998-01-31T23:59:59.000Z"], "wnes_geometry": {"westBoundingCoordinate": -180, "eastBoundingCoordinate": 180, "northBoundingCoordinate": 90, "southBoundingCoordinate": -90}, "sizeMB": 1.27, "format": "Not provided"}, "f13_ssmi_199802v7.nc": {"temporal": ["1998-02-01T00:00:00.000Z", "1998-02-28T23:59:59.000Z"], "wnes_geometry": {"westBoundingCoordinate": -180, "eastBoundingCoordinate": 180, "northBoundingCoordinate": 90, "southBoundingCoordinate": -90}, "sizeMB": 1.27, "format": "Not provided"}, "f13_ssmi_199803v7.nc": {"temporal": ["1998-03-01T00:00:00.000Z", "1998-03-31T23:59:59.000Z"], "wnes_geometry": {"westBoundingCoordinate": -180, "eastBoundingCoordinate": 180, "northBoundingCoordinate": 90, "southBoundingCoordinate": -90}, "sizeMB": 1.28, "format": "Not provided"}, "f13_ssmi_199804v7.nc": {"temporal": ["1998-04-01T00:00:00.000Z", "1998-04-30T23:59:59.000Z"], "wnes_geometry": {"westBoundingCoordinate": -180, "eastBoundingCoordinate": 180, "northBoundingCoordinate": 90, "southBoundingCoordinate": -90}, "sizeMB": 1.27, "format": "Not provided"}, "f13_ssmi_199805v7.nc": {"temporal": ["1998-05-01T00:00:00.000Z", "1998-05-31T23:59:59.000Z"], "wnes_geometry": {"westBoundingCoordinate": -180, "eastBoundingCoordinate": 180, "northBoundingCoordinate": 90, "southBoundingCoordinate": -90}, "sizeMB": 1.26, "format": "Not provided"}, "f13_ssmi_199806v7.nc": {"temporal": ["1998-06-01T00:00:00.000Z", "1998-06-30T23:59:59.000Z"], "wnes_geometry": {"westBoundingCoordinate": -180, "eastBoundingCoordinate": 180, "northBoundingCoordinate": 90, "southBoundingCoordinate": -90}, "sizeMB": 1.25, "format": "Not provided"}, "f13_ssmi_199807v7.nc": {"temporal": ["1998-07-01T00:00:00.000Z", "1998-07-31T23:59:59.000Z"], "wnes_geometry": {"westBoundingCoordinate": -180, "eastBoundingCoordinate": 180, "northBoundingCoordinate": 90, "southBoundingCoordinate": -90}, "sizeMB": 1.24, "format": "Not provided"}, "f13_ssmi_199808v7.nc": {"temporal": ["1998-08-01T00:00:00.000Z", "1998-08-31T23:59:59.000Z"], "wnes_geometry": {"westBoundingCoordinate": -180, "eastBoundingCoordinate": 180, "northBoundingCoordinate": 90, "southBoundingCoordinate": -90}, "sizeMB": 1.25, "format": "Not provided"}, "f13_ssmi_199809v7.nc": {"temporal": ["1998-09-01T00:00:00.000Z", "1998-09-30T23:59:59.000Z"], "wnes_geometry": {"westBoundingCoordinate": -180, "eastBoundingCoordinate": 180, "northBoundingCoordinate": 90, "southBoundingCoordinate": -90}, "sizeMB": 1.25, "format": "Not provided"}, "f13_ssmi_199810v7.nc": {"temporal": ["1998-10-01T00:00:00.000Z", "1998-10-31T23:59:59.000Z"], "wnes_geometry": {"westBoundingCoordinate": -180, "eastBoundingCoordinate": 180, "northBoundingCoordinate": 90, "southBoundingCoordinate": -90}, "sizeMB": 1.23, "format": "Not provided"}, "f13_ssmi_199811v7.nc": {"temporal": ["1998-11-01T00:00:00.000Z", "1998-11-30T23:59:59.000Z"], "wnes_geometry": {"westBoundingCoordinate": -180, "eastBoundingCoordinate": 180, "northBoundingCoordinate": 90, "southBoundingCoordinate": -90}, "sizeMB": 1.25, "format": "Not provided"}, "f13_ssmi_199812v7.nc": {"temporal": ["1998-12-01T00:00:00.000Z", "1998-12-31T23:59:59.000Z"], "wnes_geometry": {"westBoundingCoordinate": -180, "eastBoundingCoordinate": 180, "northBoundingCoordinate": 90, "southBoundingCoordinate": -90}, "sizeMB": 1.27, "format": "Not provided"}, "f13_ssmi_199901v7.nc": {"temporal": ["1999-01-01T00:00:00.000Z", "1999-01-31T23:59:59.000Z"], "wnes_geometry": {"westBoundingCoordinate": -180, "eastBoundingCoordinate": 180, "northBoundingCoordinate": 90, "southBoundingCoordinate": -90}, "sizeMB": 1.27, "format": "Not provided"}, "f13_ssmi_199902v7.nc": {"temporal": ["1999-02-01T00:00:00.000Z", "1999-02-28T23:59:59.000Z"], "wnes_geometry": {"westBoundingCoordinate": -180, "eastBoundingCoordinate": 180, "northBoundingCoordinate": 90, "southBoundingCoordinate": -90}, "sizeMB": 1.3, "format": "Not provided"}, "f13_ssmi_199903v7.nc": {"temporal": ["1999-03-01T00:00:00.000Z", "1999-03-31T23:59:59.000Z"], "wnes_geometry": {"westBoundingCoordinate": -180, "eastBoundingCoordinate": 180, "northBoundingCoordinate": 90, "southBoundingCoordinate": -90}, "sizeMB": 1.27, "format": "Not provided"}, "f13_ssmi_199904v7.nc": {"temporal": ["1999-04-01T00:00:00.000Z", "1999-04-30T23:59:59.000Z"], "wnes_geometry": {"westBoundingCoordinate": -180, "eastBoundingCoordinate": 180, "northBoundingCoordinate": 90, "southBoundingCoordinate": -90}, "sizeMB": 1.27, "format": "Not provided"}, "f13_ssmi_199905v7.nc": {"temporal": ["1999-05-01T00:00:00.000Z", "1999-05-31T23:59:59.000Z"], "wnes_geometry": {"westBoundingCoordinate": -180, "eastBoundingCoordinate": 180, "northBoundingCoordinate": 90, "southBoundingCoordinate": -90}, "sizeMB": 1.26, "format": "Not provided"}, "f13_ssmi_199906v7.nc": {"temporal": ["1999-06-01T00:00:00.000Z", "1999-06-30T23:59:59.000Z"], "wnes_geometry": {"westBoundingCoordinate": -180, "eastBoundingCoordinate": 180, "northBoundingCoordinate": 90, "southBoundingCoordinate": -90}, "sizeMB": 1.25, "format": "Not provided"}, "f13_ssmi_199907v7.nc": {"temporal": ["1999-07-01T00:00:00.000Z", "1999-07-31T23:59:59.000Z"], "wnes_geometry": {"westBoundingCoordinate": -180, "eastBoundingCoordinate": 180, "northBoundingCoordinate": 90, "southBoundingCoordinate": -90}, "sizeMB": 1.24, "format": "Not provided"}, "f13_ssmi_199908v7.nc": {"temporal": ["1999-08-01T00:00:00.000Z", "1999-08-31T23:59:59.000Z"], "wnes_geometry": {"westBoundingCoordinate": -180, "eastBoundingCoordinate": 180, "northBoundingCoordinate": 90, "southBoundingCoordinate": -90}, "sizeMB": 1.24, "format": "Not provided"}, "f13_ssmi_199909v7.nc": {"temporal": ["1999-09-01T00:00:00.000Z", "1999-09-30T23:59:59.000Z"], "wnes_geometry": {"westBoundingCoordinate": -180, "eastBoundingCoordinate": 180, "northBoundingCoordinate": 90, "southBoundingCoordinate": -90}, "sizeMB": 1.26, "format": "Not provided"}, "f13_ssmi_199910v7.nc": {"temporal": ["1999-10-01T00:00:00.000Z", "1999-10-31T23:59:59.000Z"], "wnes_geometry": {"westBoundingCoordinate": -180, "eastBoundingCoordinate": 180, "northBoundingCoordinate": 90, "southBoundingCoordinate": -90}, "sizeMB": 1.24, "format": "Not provided"}, "f13_ssmi_199911v7.nc": {"temporal": ["1999-11-01T00:00:00.000Z", "1999-11-30T23:59:59.000Z"], "wnes_geometry": {"westBoundingCoordinate": -180, "eastBoundingCoordinate": 180, "northBoundingCoordinate": 90, "southBoundingCoordinate": -90}, "sizeMB": 1.26, "format": "Not provided"}, "f13_ssmi_199912v7.nc": {"temporal": ["1999-12-01T00:00:00.000Z", "1999-12-31T23:59:59.000Z"], "wnes_geometry": {"westBoundingCoordinate": -180, "eastBoundingCoordinate": 180, "northBoundingCoordinate": 90, "southBoundingCoordinate": -90}, "sizeMB": 1.26, "format": "Not provided"}, "f13_ssmi_200001v7.nc": {"temporal": ["2000-01-01T00:00:00.000Z", "2000-01-31T23:59:59.000Z"], "wnes_geometry": {"westBoundingCoordinate": -180, "eastBoundingCoordinate": 180, "northBoundingCoordinate": 90, "southBoundingCoordinate": -90}, "sizeMB": 1.28, "format": "Not provided"}, "f13_ssmi_200002v7.nc": {"temporal": ["2000-02-01T00:00:00.000Z", "2000-02-29T23:59:59.000Z"], "wnes_geometry": {"westBoundingCoordinate": -180, "eastBoundingCoordinate": 180, "northBoundingCoordinate": 90, "southBoundingCoordinate": -90}, "sizeMB": 1.28, "format": "Not provided"}, "f13_ssmi_200003v7.nc": {"temporal": ["2000-03-01T00:00:00.000Z", "2000-03-31T23:59:59.000Z"], "wnes_geometry": {"westBoundingCoordinate": -180, "eastBoundingCoordinate": 180, "northBoundingCoordinate": 90, "southBoundingCoordinate": -90}, "sizeMB": 1.25, "format": "Not provided"}, "f13_ssmi_200004v7.nc": {"temporal": ["2000-04-01T00:00:00.000Z", "2000-04-30T23:59:59.000Z"], "wnes_geometry": {"westBoundingCoordinate": -180, "eastBoundingCoordinate": 180, "northBoundingCoordinate": 90, "southBoundingCoordinate": -90}, "sizeMB": 1.27, "format": "Not provided"}, "f13_ssmi_200005v7.nc": {"temporal": ["2000-05-01T00:00:00.000Z", "2000-05-31T23:59:59.000Z"], "wnes_geometry": {"westBoundingCoordinate": -180, "eastBoundingCoordinate": 180, "northBoundingCoordinate": 90, "southBoundingCoordinate": -90}, "sizeMB": 1.26, "format": "Not provided"}, "f13_ssmi_200006v7.nc": {"temporal": ["2000-06-01T00:00:00.000Z", "2000-06-30T23:59:59.000Z"], "wnes_geometry": {"westBoundingCoordinate": -180, "eastBoundingCoordinate": 180, "northBoundingCoordinate": 90, "southBoundingCoordinate": -90}, "sizeMB": 1.24, "format": "Not provided"}, "f13_ssmi_200007v7.nc": {"temporal": ["2000-07-01T00:00:00.000Z", "2000-07-31T23:59:59.000Z"], "wnes_geometry": {"westBoundingCoordinate": -180, "eastBoundingCoordinate": 180, "northBoundingCoordinate": 90, "southBoundingCoordinate": -90}, "sizeMB": 1.25, "format": "Not provided"}, "f13_ssmi_200008v7.nc": {"temporal": ["2000-08-01T00:00:00.000Z", "2000-08-31T23:59:59.000Z"], "wnes_geometry": {"westBoundingCoordinate": -180, "eastBoundingCoordinate": 180, "northBoundingCoordinate": 90, "southBoundingCoordinate": -90}, "sizeMB": 1.25, "format": "Not provided"}, "f13_ssmi_200009v7.nc": {"temporal": ["2000-09-01T00:00:00.000Z", "2000-09-30T23:59:59.000Z"], "wnes_geometry": {"westBoundingCoordinate": -180, "eastBoundingCoordinate": 180, "northBoundingCoordinate": 90, "southBoundingCoordinate": -90}, "sizeMB": 1.25, "format": "Not provided"}, "f13_ssmi_200010v7.nc": {"temporal": ["2000-10-01T00:00:00.000Z", "2000-10-31T23:59:59.000Z"], "wnes_geometry": {"westBoundingCoordinate": -180, "eastBoundingCoordinate": 180, "northBoundingCoordinate": 90, "southBoundingCoordinate": -90}, "sizeMB": 1.25, "format": "Not provided"}, "f13_ssmi_200011v7.nc": {"temporal": ["2000-11-01T00:00:00.000Z", "2000-11-30T23:59:59.000Z"], "wnes_geometry": {"westBoundingCoordinate": -180, "eastBoundingCoordinate": 180, "northBoundingCoordinate": 90, "southBoundingCoordinate": -90}, "sizeMB": 1.25, "format": "Not provided"}, "f13_ssmi_200012v7.nc": {"temporal": ["2000-12-01T00:00:00.000Z", "2000-12-31T23:59:59.000Z"], "wnes_geometry": {"westBoundingCoordinate": -180, "eastBoundingCoordinate": 180, "northBoundingCoordinate": 90, "southBoundingCoordinate": -90}, "sizeMB": 1.27, "format": "Not provided"}, "f13_ssmi_200101v7.nc": {"temporal": ["2001-01-01T00:00:00.000Z", "2001-01-31T23:59:59.000Z"], "wnes_geometry": {"westBoundingCoordinate": -180, "eastBoundingCoordinate": 180, "northBoundingCoordinate": 90, "southBoundingCoordinate": -90}, "sizeMB": 1.26, "format": "Not provided"}, "f13_ssmi_200102v7.nc": {"temporal": ["2001-02-01T00:00:00.000Z", "2001-02-28T23:59:59.000Z"], "wnes_geometry": {"westBoundingCoordinate": -180, "eastBoundingCoordinate": 180, "northBoundingCoordinate": 90, "southBoundingCoordinate": -90}, "sizeMB": 1.29, "format": "Not provided"}, "f13_ssmi_200103v7.nc": {"temporal": ["2001-03-01T00:00:00.000Z", "2001-03-31T23:59:59.000Z"], "wnes_geometry": {"westBoundingCoordinate": -180, "eastBoundingCoordinate": 180, "northBoundingCoordinate": 90, "southBoundingCoordinate": -90}, "sizeMB": 1.26, "format": "Not provided"}, "f13_ssmi_200104v7.nc": {"temporal": ["2001-04-01T00:00:00.000Z", "2001-04-30T23:59:59.000Z"], "wnes_geometry": {"westBoundingCoordinate": -180, "eastBoundingCoordinate": 180, "northBoundingCoordinate": 90, "southBoundingCoordinate": -90}, "sizeMB": 1.27, "format": "Not provided"}, "f13_ssmi_200105v7.nc": {"temporal": ["2001-05-01T00:00:00.000Z", "2001-05-31T23:59:59.000Z"], "wnes_geometry": {"westBoundingCoordinate": -180, "eastBoundingCoordinate": 180, "northBoundingCoordinate": 90, "southBoundingCoordinate": -90}, "sizeMB": 1.26, "format": "Not provided"}, "f13_ssmi_200106v7.nc": {"temporal": ["2001-06-01T00:00:00.000Z", "2001-06-30T23:59:59.000Z"], "wnes_geometry": {"westBoundingCoordinate": -180, "eastBoundingCoordinate": 180, "northBoundingCoordinate": 90, "southBoundingCoordinate": -90}, "sizeMB": 1.25, "format": "Not provided"}, "f13_ssmi_200107v7.nc": {"temporal": ["2001-07-01T00:00:00.000Z", "2001-07-31T23:59:59.000Z"], "wnes_geometry": {"westBoundingCoordinate": -180, "eastBoundingCoordinate": 180, "northBoundingCoordinate": 90, "southBoundingCoordinate": -90}, "sizeMB": 1.25, "format": "Not provided"}, "f13_ssmi_200108v7.nc": {"temporal": ["2001-08-01T00:00:00.000Z", "2001-08-31T23:59:59.000Z"], "wnes_geometry": {"westBoundingCoordinate": -180, "eastBoundingCoordinate": 180, "northBoundingCoordinate": 90, "southBoundingCoordinate": -90}, "sizeMB": 1.25, "format": "Not provided"}, "f13_ssmi_200109v7.nc": {"temporal": ["2001-09-01T00:00:00.000Z", "2001-09-30T23:59:59.000Z"], "wnes_geometry": {"westBoundingCoordinate": -180, "eastBoundingCoordinate": 180, "northBoundingCoordinate": 90, "southBoundingCoordinate": -90}, "sizeMB": 1.26, "format": "Not provided"}, "f13_ssmi_200110v7.nc": {"temporal": ["2001-10-01T00:00:00.000Z", "2001-10-31T23:59:59.000Z"], "wnes_geometry": {"westBoundingCoordinate": -180, "eastBoundingCoordinate": 180, "northBoundingCoordinate": 90, "southBoundingCoordinate": -90}, "sizeMB": 1.25, "format": "Not provided"}, "f13_ssmi_200111v7.nc": {"temporal": ["2001-11-01T00:00:00.000Z", "2001-11-30T23:59:59.000Z"], "wnes_geometry": {"westBoundingCoordinate": -180, "eastBoundingCoordinate": 180, "northBoundingCoordinate": 90, "southBoundingCoordinate": -90}, "sizeMB": 1.26, "format": "Not provided"}, "f13_ssmi_200112v7.nc": {"temporal": ["2001-12-01T00:00:00.000Z", "2001-12-31T23:59:59.000Z"], "wnes_geometry": {"westBoundingCoordinate": -180, "eastBoundingCoordinate": 180, "northBoundingCoordinate": 90, "southBoundingCoordinate": -90}, "sizeMB": 1.27, "format": "Not provided"}, "f13_ssmi_200201v7.nc": {"temporal": ["2002-01-01T00:00:00.000Z", "2002-01-31T23:59:59.000Z"], "wnes_geometry": {"westBoundingCoordinate": -180, "eastBoundingCoordinate": 180, "northBoundingCoordinate": 90, "southBoundingCoordinate": -90}, "sizeMB": 1.29, "format": "Not provided"}, "f13_ssmi_200202v7.nc": {"temporal": ["2002-02-01T00:00:00.000Z", "2002-02-28T23:59:59.000Z"], "wnes_geometry": {"westBoundingCoordinate": -180, "eastBoundingCoordinate": 180, "northBoundingCoordinate": 90, "southBoundingCoordinate": -90}, "sizeMB": 1.3, "format": "Not provided"}, "f13_ssmi_200203v7.nc": {"temporal": ["2002-03-01T00:00:00.000Z", "2002-03-31T23:59:59.000Z"], "wnes_geometry": {"westBoundingCoordinate": -180, "eastBoundingCoordinate": 180, "northBoundingCoordinate": 90, "southBoundingCoordinate": -90}, "sizeMB": 1.29, "format": "Not provided"}, "f13_ssmi_200204v7.nc": {"temporal": ["2002-04-01T00:00:00.000Z", "2002-04-30T23:59:59.000Z"], "wnes_geometry": {"westBoundingCoordinate": -180, "eastBoundingCoordinate": 180, "northBoundingCoordinate": 90, "southBoundingCoordinate": -90}, "sizeMB": 1.29, "format": "Not provided"}, "f13_ssmi_200205v7.nc": {"temporal": ["2002-05-01T00:00:00.000Z", "2002-05-31T23:59:59.000Z"], "wnes_geometry": {"westBoundingCoordinate": -180, "eastBoundingCoordinate": 180, "northBoundingCoordinate": 90, "southBoundingCoordinate": -90}, "sizeMB": 1.27, "format": "Not provided"}, "f13_ssmi_200206v7.nc": {"temporal": ["2002-06-01T00:00:00.000Z", "2002-06-30T23:59:59.000Z"], "wnes_geometry": {"westBoundingCoordinate": -180, "eastBoundingCoordinate": 180, "northBoundingCoordinate": 90, "southBoundingCoordinate": -90}, "sizeMB": 1.26, "format": "Not provided"}, "f13_ssmi_200207v7.nc": {"temporal": ["2002-07-01T00:00:00.000Z", "2002-07-31T23:59:59.000Z"], "wnes_geometry": {"westBoundingCoordinate": -180, "eastBoundingCoordinate": 180, "northBoundingCoordinate": 90, "southBoundingCoordinate": -90}, "sizeMB": 1.25, "format": "Not provided"}, "f13_ssmi_200208v7.nc": {"temporal": ["2002-08-01T00:00:00.000Z", "2002-08-31T23:59:59.000Z"], "wnes_geometry": {"westBoundingCoordinate": -180, "eastBoundingCoordinate": 180, "northBoundingCoordinate": 90, "southBoundingCoordinate": -90}, "sizeMB": 1.26, "format": "Not provided"}, "f13_ssmi_200209v7.nc": {"temporal": ["2002-09-01T00:00:00.000Z", "2002-09-30T23:59:59.000Z"], "wnes_geometry": {"westBoundingCoordinate": -180, "eastBoundingCoordinate": 180, "northBoundingCoordinate": 90, "southBoundingCoordinate": -90}, "sizeMB": 1.26, "format": "Not provided"}, "f13_ssmi_200210v7.nc": {"temporal": ["2002-10-01T00:00:00.000Z", "2002-10-31T23:59:59.000Z"], "wnes_geometry": {"westBoundingCoordinate": -180, "eastBoundingCoordinate": 180, "northBoundingCoordinate": 90, "southBoundingCoordinate": -90}, "sizeMB": 1.25, "format": "Not provided"}, "f13_ssmi_200211v7.nc": {"temporal": ["2002-11-01T00:00:00.000Z", "2002-11-30T23:59:59.000Z"], "wnes_geometry": {"westBoundingCoordinate": -180, "eastBoundingCoordinate": 180, "northBoundingCoordinate": 90, "southBoundingCoordinate": -90}, "sizeMB": 1.26, "format": "Not provided"}, "f13_ssmi_200212v7.nc": {"temporal": ["2002-12-01T00:00:00.000Z", "2002-12-31T23:59:59.000Z"], "wnes_geometry": {"westBoundingCoordinate": -180, "eastBoundingCoordinate": 180, "northBoundingCoordinate": 90, "southBoundingCoordinate": -90}, "sizeMB": 1.26, "format": "Not provided"}, "f13_ssmi_200301v7.nc": {"temporal": ["2003-01-01T00:00:00.000Z", "2003-01-31T23:59:59.000Z"], "wnes_geometry": {"westBoundingCoordinate": -180, "eastBoundingCoordinate": 180, "northBoundingCoordinate": 90, "southBoundingCoordinate": -90}, "sizeMB": 1.27, "format": "Not provided"}, "f13_ssmi_200302v7.nc": {"temporal": ["2003-02-01T00:00:00.000Z", "2003-02-28T23:59:59.000Z"], "wnes_geometry": {"westBoundingCoordinate": -180, "eastBoundingCoordinate": 180, "northBoundingCoordinate": 90, "southBoundingCoordinate": -90}, "sizeMB": 1.29, "format": "Not provided"}, "f13_ssmi_200303v7.nc": {"temporal": ["2003-03-01T00:00:00.000Z", "2003-03-31T23:59:59.000Z"], "wnes_geometry": {"westBoundingCoordinate": -180, "eastBoundingCoordinate": 180, "northBoundingCoordinate": 90, "southBoundingCoordinate": -90}, "sizeMB": 1.28, "format": "Not provided"}, "f13_ssmi_200304v7.nc": {"temporal": ["2003-04-01T00:00:00.000Z", "2003-04-30T23:59:59.000Z"], "wnes_geometry": {"westBoundingCoordinate": -180, "eastBoundingCoordinate": 180, "northBoundingCoordinate": 90, "southBoundingCoordinate": -90}, "sizeMB": 1.28, "format": "Not provided"}, "f13_ssmi_200305v7.nc": {"temporal": ["2003-05-01T00:00:00.000Z", "2003-05-31T23:59:59.000Z"], "wnes_geometry": {"westBoundingCoordinate": -180, "eastBoundingCoordinate": 180, "northBoundingCoordinate": 90, "southBoundingCoordinate": -90}, "sizeMB": 1.26, "format": "Not provided"}, "f13_ssmi_200306v7.nc": {"temporal": ["2003-06-01T00:00:00.000Z", "2003-06-30T23:59:59.000Z"], "wnes_geometry": {"westBoundingCoordinate": -180, "eastBoundingCoordinate": 180, "northBoundingCoordinate": 90, "southBoundingCoordinate": -90}, "sizeMB": 1.25, "format": "Not provided"}, "f13_ssmi_200307v7.nc": {"temporal": ["2003-07-01T00:00:00.000Z", "2003-07-31T23:59:59.000Z"], "wnes_geometry": {"westBoundingCoordinate": -180, "eastBoundingCoordinate": 180, "northBoundingCoordinate": 90, "southBoundingCoordinate": -90}, "sizeMB": 1.25, "format": "Not provided"}, "f13_ssmi_200308v7.nc": {"temporal": ["2003-08-01T00:00:00.000Z", "2003-08-31T23:59:59.000Z"], "wnes_geometry": {"westBoundingCoordinate": -180, "eastBoundingCoordinate": 180, "northBoundingCoordinate": 90, "southBoundingCoordinate": -90}, "sizeMB": 1.25, "format": "Not provided"}, "f13_ssmi_200309v7.nc": {"temporal": ["2003-09-01T00:00:00.000Z", "2003-09-30T23:59:59.000Z"], "wnes_geometry": {"westBoundingCoordinate": -180, "eastBoundingCoordinate": 180, "northBoundingCoordinate": 90, "southBoundingCoordinate": -90}, "sizeMB": 1.26, "format": "Not provided"}, "f13_ssmi_200310v7.nc": {"temporal": ["2003-10-01T00:00:00.000Z", "2003-10-31T23:59:59.000Z"], "wnes_geometry": {"westBoundingCoordinate": -180, "eastBoundingCoordinate": 180, "northBoundingCoordinate": 90, "southBoundingCoordinate": -90}, "sizeMB": 1.26, "format": "Not provided"}, "f13_ssmi_200311v7.nc": {"temporal": ["2003-11-01T00:00:00.000Z", "2003-11-30T23:59:59.000Z"], "wnes_geometry": {"westBoundingCoordinate": -180, "eastBoundingCoordinate": 180, "northBoundingCoordinate": 90, "southBoundingCoordinate": -90}, "sizeMB": 1.26, "format": "Not provided"}, "f13_ssmi_200312v7.nc": {"temporal": ["2003-12-01T00:00:00.000Z", "2003-12-31T23:59:59.000Z"], "wnes_geometry": {"westBoundingCoordinate": -180, "eastBoundingCoordinate": 180, "northBoundingCoordinate": 90, "southBoundingCoordinate": -90}, "sizeMB": 1.27, "format": "Not provided"}, "f13_ssmi_200401v7.nc": {"temporal": ["2004-01-01T00:00:00.000Z", "2004-01-31T23:59:59.000Z"], "wnes_geometry": {"westBoundingCoordinate": -180, "eastBoundingCoordinate": 180, "northBoundingCoordinate": 90, "southBoundingCoordinate": -90}, "sizeMB": 1.28, "format": "Not provided"}, "f13_ssmi_200402v7.nc": {"temporal": ["2004-02-01T00:00:00.000Z", "2004-02-29T23:59:59.000Z"], "wnes_geometry": {"westBoundingCoordinate": -180, "eastBoundingCoordinate": 180, "northBoundingCoordinate": 90, "southBoundingCoordinate": -90}, "sizeMB": 1.3, "format": "Not provided"}, "f13_ssmi_200403v7.nc": {"temporal": ["2004-03-01T00:00:00.000Z", "2004-03-31T23:59:59.000Z"], "wnes_geometry": {"westBoundingCoordinate": -180, "eastBoundingCoordinate": 180, "northBoundingCoordinate": 90, "southBoundingCoordinate": -90}, "sizeMB": 1.28, "format": "Not provided"}, "f13_ssmi_200404v7.nc": {"temporal": ["2004-04-01T00:00:00.000Z", "2004-04-30T23:59:59.000Z"], "wnes_geometry": {"westBoundingCoordinate": -180, "eastBoundingCoordinate": 180, "northBoundingCoordinate": 90, "southBoundingCoordinate": -90}, "sizeMB": 1.28, "format": "Not provided"}, "f13_ssmi_200405v7.nc": {"temporal": ["2004-05-01T00:00:00.000Z", "2004-05-31T23:59:59.000Z"], "wnes_geometry": {"westBoundingCoordinate": -180, "eastBoundingCoordinate": 180, "northBoundingCoordinate": 90, "southBoundingCoordinate": -90}, "sizeMB": 1.27, "format": "Not provided"}, "f13_ssmi_200406v7.nc": {"temporal": ["2004-06-01T00:00:00.000Z", "2004-06-30T23:59:59.000Z"], "wnes_geometry": {"westBoundingCoordinate": -180, "eastBoundingCoordinate": 180, "northBoundingCoordinate": 90, "southBoundingCoordinate": -90}, "sizeMB": 1.25, "format": "Not provided"}, "f13_ssmi_200407v7.nc": {"temporal": ["2004-07-01T00:00:00.000Z", "2004-07-31T23:59:59.000Z"], "wnes_geometry": {"westBoundingCoordinate": -180, "eastBoundingCoordinate": 180, "northBoundingCoordinate": 90, "southBoundingCoordinate": -90}, "sizeMB": 1.25, "format": "Not provided"}, "f13_ssmi_200408v7.nc": {"temporal": ["2004-08-01T00:00:00.000Z", "2004-08-31T23:59:59.000Z"], "wnes_geometry": {"westBoundingCoordinate": -180, "eastBoundingCoordinate": 180, "northBoundingCoordinate": 90, "southBoundingCoordinate": -90}, "sizeMB": 1.26, "format": "Not provided"}, "f13_ssmi_200409v7.nc": {"temporal": ["2004-09-01T00:00:00.000Z", "2004-09-30T23:59:59.000Z"], "wnes_geometry": {"westBoundingCoordinate": -180, "eastBoundingCoordinate": 180, "northBoundingCoordinate": 90, "southBoundingCoordinate": -90}, "sizeMB": 1.26, "format": "Not provided"}, "f13_ssmi_200410v7.nc": {"temporal": ["2004-10-01T00:00:00.000Z", "2004-10-31T23:59:59.000Z"], "wnes_geometry": {"westBoundingCoordinate": -180, "eastBoundingCoordinate": 180, "northBoundingCoordinate": 90, "southBoundingCoordinate": -90}, "sizeMB": 1.26, "format": "Not provided"}, "f13_ssmi_200411v7.nc": {"temporal": ["2004-11-01T00:00:00.000Z", "2004-11-30T23:59:59.000Z"], "wnes_geometry": {"westBoundingCoordinate": -180, "eastBoundingCoordinate": 180, "northBoundingCoordinate": 90, "southBoundingCoordinate": -90}, "sizeMB": 1.26, "format": "Not provided"}, "f13_ssmi_200412v7.nc": {"temporal": ["2004-12-01T00:00:00.000Z", "2004-12-31T23:59:59.000Z"], "wnes_geometry": {"westBoundingCoordinate": -180, "eastBoundingCoordinate": 180, "northBoundingCoordinate": 90, "southBoundingCoordinate": -90}, "sizeMB": 1.28, "format": "Not provided"}, "f13_ssmi_200501v7.nc": {"temporal": ["2005-01-01T00:00:00.000Z", "2005-01-31T23:59:59.000Z"], "wnes_geometry": {"westBoundingCoordinate": -180, "eastBoundingCoordinate": 180, "northBoundingCoordinate": 90, "southBoundingCoordinate": -90}, "sizeMB": 1.3, "format": "Not provided"}, "f13_ssmi_200502v7.nc": {"temporal": ["2005-02-01T00:00:00.000Z", "2005-02-28T23:59:59.000Z"], "wnes_geometry": {"westBoundingCoordinate": -180, "eastBoundingCoordinate": 180, "northBoundingCoordinate": 90, "southBoundingCoordinate": -90}, "sizeMB": 1.3, "format": "Not provided"}, "f13_ssmi_200503v7.nc": {"temporal": ["2005-03-01T00:00:00.000Z", "2005-03-31T23:59:59.000Z"], "wnes_geometry": {"westBoundingCoordinate": -180, "eastBoundingCoordinate": 180, "northBoundingCoordinate": 90, "southBoundingCoordinate": -90}, "sizeMB": 1.29, "format": "Not provided"}, "f13_ssmi_200504v7.nc": {"temporal": ["2005-04-01T00:00:00.000Z", "2005-04-30T23:59:59.000Z"], "wnes_geometry": {"westBoundingCoordinate": -180, "eastBoundingCoordinate": 180, "northBoundingCoordinate": 90, "southBoundingCoordinate": -90}, "sizeMB": 1.28, "format": "Not provided"}, "f13_ssmi_200505v7.nc": {"temporal": ["2005-05-01T00:00:00.000Z", "2005-05-31T23:59:59.000Z"], "wnes_geometry": {"westBoundingCoordinate": -180, "eastBoundingCoordinate": 180, "northBoundingCoordinate": 90, "southBoundingCoordinate": -90}, "sizeMB": 1.27, "format": "Not provided"}, "f13_ssmi_200506v7.nc": {"temporal": ["2005-06-01T00:00:00.000Z", "2005-06-30T23:59:59.000Z"], "wnes_geometry": {"westBoundingCoordinate": -180, "eastBoundingCoordinate": 180, "northBoundingCoordinate": 90, "southBoundingCoordinate": -90}, "sizeMB": 1.26, "format": "Not provided"}, "f13_ssmi_200507v7.nc": {"temporal": ["2005-07-01T00:00:00.000Z", "2005-07-31T23:59:59.000Z"], "wnes_geometry": {"westBoundingCoordinate": -180, "eastBoundingCoordinate": 180, "northBoundingCoordinate": 90, "southBoundingCoordinate": -90}, "sizeMB": 1.26, "format": "Not provided"}, "f13_ssmi_200508v7.nc": {"temporal": ["2005-08-01T00:00:00.000Z", "2005-08-31T23:59:59.000Z"], "wnes_geometry": {"westBoundingCoordinate": -180, "eastBoundingCoordinate": 180, "northBoundingCoordinate": 90, "southBoundingCoordinate": -90}, "sizeMB": 1.26, "format": "Not provided"}, "f13_ssmi_200509v7.nc": {"temporal": ["2005-09-01T00:00:00.000Z", "2005-09-30T23:59:59.000Z"], "wnes_geometry": {"westBoundingCoordinate": -180, "eastBoundingCoordinate": 180, "northBoundingCoordinate": 90, "southBoundingCoordinate": -90}, "sizeMB": 1.27, "format": "Not provided"}, "f13_ssmi_200510v7.nc": {"temporal": ["2005-10-01T00:00:00.000Z", "2005-10-31T23:59:59.000Z"], "wnes_geometry": {"westBoundingCoordinate": -180, "eastBoundingCoordinate": 180, "northBoundingCoordinate": 90, "southBoundingCoordinate": -90}, "sizeMB": 1.27, "format": "Not provided"}, "f13_ssmi_200511v7.nc": {"temporal": ["2005-11-01T00:00:00.000Z", "2005-11-30T23:59:59.000Z"], "wnes_geometry": {"westBoundingCoordinate": -180, "eastBoundingCoordinate": 180, "northBoundingCoordinate": 90, "southBoundingCoordinate": -90}, "sizeMB": 1.26, "format": "Not provided"}, "f13_ssmi_200512v7.nc": {"temporal": ["2005-12-01T00:00:00.000Z", "2005-12-31T23:59:59.000Z"], "wnes_geometry": {"westBoundingCoordinate": -180, "eastBoundingCoordinate": 180, "northBoundingCoordinate": 90, "southBoundingCoordinate": -90}, "sizeMB": 1.28, "format": "Not provided"}, "f13_ssmi_200601v7.nc": {"temporal": ["2006-01-01T00:00:00.000Z", "2006-01-31T23:59:59.000Z"], "wnes_geometry": {"westBoundingCoordinate": -180, "eastBoundingCoordinate": 180, "northBoundingCoordinate": 90, "southBoundingCoordinate": -90}, "sizeMB": 1.29, "format": "Not provided"}, "f13_ssmi_200602v7.nc": {"temporal": ["2006-02-01T00:00:00.000Z", "2006-02-28T23:59:59.000Z"], "wnes_geometry": {"westBoundingCoordinate": -180, "eastBoundingCoordinate": 180, "northBoundingCoordinate": 90, "southBoundingCoordinate": -90}, "sizeMB": 1.31, "format": "Not provided"}, "f13_ssmi_200603v7.nc": {"temporal": ["2006-03-01T00:00:00.000Z", "2006-03-31T23:59:59.000Z"], "wnes_geometry": {"westBoundingCoordinate": -180, "eastBoundingCoordinate": 180, "northBoundingCoordinate": 90, "southBoundingCoordinate": -90}, "sizeMB": 1.29, "format": "Not provided"}, "f13_ssmi_200604v7.nc": {"temporal": ["2006-04-01T00:00:00.000Z", "2006-04-30T23:59:59.000Z"], "wnes_geometry": {"westBoundingCoordinate": -180, "eastBoundingCoordinate": 180, "northBoundingCoordinate": 90, "southBoundingCoordinate": -90}, "sizeMB": 1.29, "format": "Not provided"}, "f13_ssmi_200605v7.nc": {"temporal": ["2006-05-01T00:00:00.000Z", "2006-05-31T23:59:59.000Z"], "wnes_geometry": {"westBoundingCoordinate": -180, "eastBoundingCoordinate": 180, "northBoundingCoordinate": 90, "southBoundingCoordinate": -90}, "sizeMB": 1.28, "format": "Not provided"}, "f13_ssmi_200606v7.nc": {"temporal": ["2006-06-01T00:00:00.000Z", "2006-06-30T23:59:59.000Z"], "wnes_geometry": {"westBoundingCoordinate": -180, "eastBoundingCoordinate": 180, "northBoundingCoordinate": 90, "southBoundingCoordinate": -90}, "sizeMB": 1.27, "format": "Not provided"}, "f13_ssmi_200607v7.nc": {"temporal": ["2006-07-01T00:00:00.000Z", "2006-07-31T23:59:59.000Z"], "wnes_geometry": {"westBoundingCoordinate": -180, "eastBoundingCoordinate": 180, "northBoundingCoordinate": 90, "southBoundingCoordinate": -90}, "sizeMB": 1.26, "format": "Not provided"}, "f13_ssmi_200608v7.nc": {"temporal": ["2006-08-01T00:00:00.000Z", "2006-08-31T23:59:59.000Z"], "wnes_geometry": {"westBoundingCoordinate": -180, "eastBoundingCoordinate": 180, "northBoundingCoordinate": 90, "southBoundingCoordinate": -90}, "sizeMB": 1.27, "format": "Not provided"}, "f13_ssmi_200609v7.nc": {"temporal": ["2006-09-01T00:00:00.000Z", "2006-09-30T23:59:59.000Z"], "wnes_geometry": {"westBoundingCoordinate": -180, "eastBoundingCoordinate": 180, "northBoundingCoordinate": 90, "southBoundingCoordinate": -90}, "sizeMB": 1.26, "format": "Not provided"}, "f13_ssmi_200610v7.nc": {"temporal": ["2006-10-01T00:00:00.000Z", "2006-10-31T23:59:59.000Z"], "wnes_geometry": {"westBoundingCoordinate": -180, "eastBoundingCoordinate": 180, "northBoundingCoordinate": 90, "southBoundingCoordinate": -90}, "sizeMB": 1.25, "format": "Not provided"}, "f13_ssmi_200611v7.nc": {"temporal": ["2006-11-01T00:00:00.000Z", "2006-11-30T23:59:59.000Z"], "wnes_geometry": {"westBoundingCoordinate": -180, "eastBoundingCoordinate": 180, "northBoundingCoordinate": 90, "southBoundingCoordinate": -90}, "sizeMB": 1.26, "format": "Not provided"}, "f13_ssmi_200612v7.nc": {"temporal": ["2006-12-01T00:00:00.000Z", "2006-12-31T23:59:59.000Z"], "wnes_geometry": {"westBoundingCoordinate": -180, "eastBoundingCoordinate": 180, "northBoundingCoordinate": 90, "southBoundingCoordinate": -90}, "sizeMB": 1.27, "format": "Not provided"}, "f13_ssmi_200701v7.nc": {"temporal": ["2007-01-01T00:00:00.000Z", "2007-01-31T23:59:59.000Z"], "wnes_geometry": {"westBoundingCoordinate": -180, "eastBoundingCoordinate": 180, "northBoundingCoordinate": 90, "southBoundingCoordinate": -90}, "sizeMB": 1.28, "format": "Not provided"}, "f13_ssmi_200702v7.nc": {"temporal": ["2007-02-01T00:00:00.000Z", "2007-02-28T23:59:59.000Z"], "wnes_geometry": {"westBoundingCoordinate": -180, "eastBoundingCoordinate": 180, "northBoundingCoordinate": 90, "southBoundingCoordinate": -90}, "sizeMB": 1.29, "format": "Not provided"}, "f13_ssmi_200703v7.nc": {"temporal": ["2007-03-01T00:00:00.000Z", "2007-03-31T23:59:59.000Z"], "wnes_geometry": {"westBoundingCoordinate": -180, "eastBoundingCoordinate": 180, "northBoundingCoordinate": 90, "southBoundingCoordinate": -90}, "sizeMB": 1.29, "format": "Not provided"}, "f13_ssmi_200704v7.nc": {"temporal": ["2007-04-01T00:00:00.000Z", "2007-04-30T23:59:59.000Z"], "wnes_geometry": {"westBoundingCoordinate": -180, "eastBoundingCoordinate": 180, "northBoundingCoordinate": 90, "southBoundingCoordinate": -90}, "sizeMB": 1.29, "format": "Not provided"}, "f13_ssmi_200705v7.nc": {"temporal": ["2007-05-01T00:00:00.000Z", "2007-05-31T23:59:59.000Z"], "wnes_geometry": {"westBoundingCoordinate": -180, "eastBoundingCoordinate": 180, "northBoundingCoordinate": 90, "southBoundingCoordinate": -90}, "sizeMB": 1.27, "format": "Not provided"}, "f13_ssmi_200706v7.nc": {"temporal": ["2007-06-01T00:00:00.000Z", "2007-06-30T23:59:59.000Z"], "wnes_geometry": {"westBoundingCoordinate": -180, "eastBoundingCoordinate": 180, "northBoundingCoordinate": 90, "southBoundingCoordinate": -90}, "sizeMB": 1.26, "format": "Not provided"}, "f13_ssmi_200707v7.nc": {"temporal": ["2007-07-01T00:00:00.000Z", "2007-07-31T23:59:59.000Z"], "wnes_geometry": {"westBoundingCoordinate": -180, "eastBoundingCoordinate": 180, "northBoundingCoordinate": 90, "southBoundingCoordinate": -90}, "sizeMB": 1.26, "format": "Not provided"}, "f13_ssmi_200708v7.nc": {"temporal": ["2007-08-01T00:00:00.000Z", "2007-08-31T23:59:59.000Z"], "wnes_geometry": {"westBoundingCoordinate": -180, "eastBoundingCoordinate": 180, "northBoundingCoordinate": 90, "southBoundingCoordinate": -90}, "sizeMB": 1.25, "format": "Not provided"}, "f13_ssmi_200709v7.nc": {"temporal": ["2007-09-01T00:00:00.000Z", "2007-09-30T23:59:59.000Z"], "wnes_geometry": {"westBoundingCoordinate": -180, "eastBoundingCoordinate": 180, "northBoundingCoordinate": 90, "southBoundingCoordinate": -90}, "sizeMB": 1.27, "format": "Not provided"}, "f13_ssmi_200710v7.nc": {"temporal": ["2007-10-01T00:00:00.000Z", "2007-10-31T23:59:59.000Z"], "wnes_geometry": {"westBoundingCoordinate": -180, "eastBoundingCoordinate": 180, "northBoundingCoordinate": 90, "southBoundingCoordinate": -90}, "sizeMB": 1.27, "format": "Not provided"}, "f13_ssmi_200711v7.nc": {"temporal": ["2007-11-01T00:00:00.000Z", "2007-11-30T23:59:59.000Z"], "wnes_geometry": {"westBoundingCoordinate": -180, "eastBoundingCoordinate": 180, "northBoundingCoordinate": 90, "southBoundingCoordinate": -90}, "sizeMB": 1.26, "format": "Not provided"}, "f13_ssmi_200712v7.nc": {"temporal": ["2007-12-01T00:00:00.000Z", "2007-12-31T23:59:59.000Z"], "wnes_geometry": {"westBoundingCoordinate": -180, "eastBoundingCoordinate": 180, "northBoundingCoordinate": 90, "southBoundingCoordinate": -90}, "sizeMB": 1.27, "format": "Not provided"}, "f13_ssmi_200801v7.nc": {"temporal": ["2008-01-01T00:00:00.000Z", "2008-01-31T23:59:59.000Z"], "wnes_geometry": {"westBoundingCoordinate": -180, "eastBoundingCoordinate": 180, "northBoundingCoordinate": 90, "southBoundingCoordinate": -90}, "sizeMB": 1.27, "format": "Not provided"}, "f13_ssmi_200802v7.nc": {"temporal": ["2008-02-01T00:00:00.000Z", "2008-02-29T23:59:59.000Z"], "wnes_geometry": {"westBoundingCoordinate": -180, "eastBoundingCoordinate": 180, "northBoundingCoordinate": 90, "southBoundingCoordinate": -90}, "sizeMB": 1.3, "format": "Not provided"}, "f13_ssmi_200803v7.nc": {"temporal": ["2008-03-01T00:00:00.000Z", "2008-03-31T23:59:59.000Z"], "wnes_geometry": {"westBoundingCoordinate": -180, "eastBoundingCoordinate": 180, "northBoundingCoordinate": 90, "southBoundingCoordinate": -90}, "sizeMB": 1.28, "format": "Not provided"}, "f13_ssmi_200804v7.nc": {"temporal": ["2008-04-01T00:00:00.000Z", "2008-04-30T23:59:59.000Z"], "wnes_geometry": {"westBoundingCoordinate": -180, "eastBoundingCoordinate": 180, "northBoundingCoordinate": 90, "southBoundingCoordinate": -90}, "sizeMB": 1.29, "format": "Not provided"}, "f13_ssmi_200805v7.nc": {"temporal": ["2008-05-01T00:00:00.000Z", "2008-05-31T23:59:59.000Z"], "wnes_geometry": {"westBoundingCoordinate": -180, "eastBoundingCoordinate": 180, "northBoundingCoordinate": 90, "southBoundingCoordinate": -90}, "sizeMB": 1.27, "format": "Not provided"}, "f13_ssmi_200806v7.nc": {"temporal": ["2008-06-01T00:00:00.000Z", "2008-06-30T23:59:59.000Z"], "wnes_geometry": {"westBoundingCoordinate": -180, "eastBoundingCoordinate": 180, "northBoundingCoordinate": 90, "southBoundingCoordinate": -90}, "sizeMB": 1.26, "format": "Not provided"}, "f13_ssmi_200807v7.nc": {"temporal": ["2008-07-01T00:00:00.000Z", "2008-07-31T23:59:59.000Z"], "wnes_geometry": {"westBoundingCoordinate": -180, "eastBoundingCoordinate": 180, "northBoundingCoordinate": 90, "southBoundingCoordinate": -90}, "sizeMB": 1.25, "format": "Not provided"}, "f13_ssmi_200808v7.nc": {"temporal": ["2008-08-01T00:00:00.000Z", "2008-08-31T23:59:59.000Z"], "wnes_geometry": {"westBoundingCoordinate": -180, "eastBoundingCoordinate": 180, "northBoundingCoordinate": 90, "southBoundingCoordinate": -90}, "sizeMB": 1.26, "format": "Not provided"}, "f13_ssmi_200809v7.nc": {"temporal": ["2008-09-01T00:00:00.000Z", "2008-09-30T23:59:59.000Z"], "wnes_geometry": {"westBoundingCoordinate": -180, "eastBoundingCoordinate": 180, "northBoundingCoordinate": 90, "southBoundingCoordinate": -90}, "sizeMB": 1.28, "format": "Not provided"}, "f13_ssmi_200810v7.nc": {"temporal": ["2008-10-01T00:00:00.000Z", "2008-10-31T23:59:59.000Z"], "wnes_geometry": {"westBoundingCoordinate": -180, "eastBoundingCoordinate": 180, "northBoundingCoordinate": 90, "southBoundingCoordinate": -90}, "sizeMB": 1.25, "format": "Not provided"}, "f13_ssmi_200811v7.nc": {"temporal": ["2008-11-01T00:00:00.000Z", "2008-11-30T23:59:59.000Z"], "wnes_geometry": {"westBoundingCoordinate": -180, "eastBoundingCoordinate": 180, "northBoundingCoordinate": 90, "southBoundingCoordinate": -90}, "sizeMB": 1.26, "format": "Not provided"}, "f13_ssmi_200812v7.nc": {"temporal": ["2008-12-01T00:00:00.000Z", "2008-12-31T23:59:59.000Z"], "wnes_geometry": {"westBoundingCoordinate": -180, "eastBoundingCoordinate": 180, "northBoundingCoordinate": 90, "southBoundingCoordinate": -90}, "sizeMB": 1.27, "format": "Not provided"}, "f13_ssmi_200901v7.nc": {"temporal": ["2009-01-01T00:00:00.000Z", "2009-01-31T23:59:59.000Z"], "wnes_geometry": {"westBoundingCoordinate": -180, "eastBoundingCoordinate": 180, "northBoundingCoordinate": 90, "southBoundingCoordinate": -90}, "sizeMB": 1.29, "format": "Not provided"}, "f13_ssmi_200902v7.nc": {"temporal": ["2009-02-01T00:00:00.000Z", "2009-02-28T23:59:59.000Z"], "wnes_geometry": {"westBoundingCoordinate": -180, "eastBoundingCoordinate": 180, "northBoundingCoordinate": 90, "southBoundingCoordinate": -90}, "sizeMB": 1.3, "format": "Not provided"}, "f13_ssmi_200903v7.nc": {"temporal": ["2009-03-01T00:00:00.000Z", "2009-03-31T23:59:59.000Z"], "wnes_geometry": {"westBoundingCoordinate": -180, "eastBoundingCoordinate": 180, "northBoundingCoordinate": 90, "southBoundingCoordinate": -90}, "sizeMB": 1.28, "format": "Not provided"}, "f13_ssmi_200904v7.nc": {"temporal": ["2009-04-01T00:00:00.000Z", "2009-04-30T23:59:59.000Z"], "wnes_geometry": {"westBoundingCoordinate": -180, "eastBoundingCoordinate": 180, "northBoundingCoordinate": 90, "southBoundingCoordinate": -90}, "sizeMB": 1.27, "format": "Not provided"}, "f13_ssmi_200905v7.nc": {"temporal": ["2009-05-01T00:00:00.000Z", "2009-05-31T23:59:59.000Z"], "wnes_geometry": {"westBoundingCoordinate": -180, "eastBoundingCoordinate": 180, "northBoundingCoordinate": 90, "southBoundingCoordinate": -90}, "sizeMB": 1.27, "format": "Not provided"}, "f13_ssmi_200906v7.nc": {"temporal": ["2009-06-01T00:00:00.000Z", "2009-06-30T23:59:59.000Z"], "wnes_geometry": {"westBoundingCoordinate": -180, "eastBoundingCoordinate": 180, "northBoundingCoordinate": 90, "southBoundingCoordinate": -90}, "sizeMB": 1.27, "format": "Not provided"}, "f13_ssmi_200907v7.nc": {"temporal": ["2009-07-01T00:00:00.000Z", "2009-07-31T23:59:59.000Z"], "wnes_geometry": {"westBoundingCoordinate": -180, "eastBoundingCoordinate": 180, "northBoundingCoordinate": 90, "southBoundingCoordinate": -90}, "sizeMB": 1.27, "format": "Not provided"}, "f13_ssmi_200908v7.nc": {"temporal": ["2009-08-01T00:00:00.000Z", "2009-08-31T23:59:59.000Z"], "wnes_geometry": {"westBoundingCoordinate": -180, "eastBoundingCoordinate": 180, "northBoundingCoordinate": 90, "southBoundingCoordinate": -90}, "sizeMB": 1.29, "format": "Not provided"}, "f13_ssmi_200909v7.nc": {"temporal": ["2009-09-01T00:00:00.000Z", "2009-09-30T23:59:59.000Z"], "wnes_geometry": {"westBoundingCoordinate": -180, "eastBoundingCoordinate": 180, "northBoundingCoordinate": 90, "southBoundingCoordinate": -90}, "sizeMB": 1.29, "format": "Not provided"}, "f13_ssmi_200910v7.nc": {"temporal": ["2009-10-01T00:00:00.000Z", "2009-10-31T23:59:59.000Z"], "wnes_geometry": {"westBoundingCoordinate": -180, "eastBoundingCoordinate": 180, "northBoundingCoordinate": 90, "southBoundingCoordinate": -90}, "sizeMB": 1.28, "format": "Not provided"}, "f13_ssmi_200911v7.nc": {"temporal": ["2009-11-01T00:00:00.000Z", "2009-11-30T23:59:59.000Z"], "wnes_geometry": {"westBoundingCoordinate": -180, "eastBoundingCoordinate": 180, "northBoundingCoordinate": 90, "southBoundingCoordinate": -90}, "sizeMB": 1.48, "format": "Not provided"}}