{"Zipped_grid_T20000914_helene.zip": {"temporal": ["2000-09-14T00:00:00.000Z", "2000-09-14T23:59:59.000Z"], "wnes_geometry": {"westBoundingCoordinate": -90, "eastBoundingCoordinate": -84.25, "northBoundingCoordinate": 31, "southBoundingCoordinate": 27}, "sizeMB": 0.02, "format": "ASCII"}, "SE_T20000914_helene.jpg": {"temporal": ["2000-09-14T00:00:00.000Z", "2000-09-14T23:59:59.000Z"], "wnes_geometry": {"westBoundingCoordinate": -90, "eastBoundingCoordinate": -84.25, "northBoundingCoordinate": 31, "southBoundingCoordinate": 27}, "sizeMB": 1.71, "format": "JPEG"}, "SE_T20000914_helene.txt": {"temporal": ["2000-09-14T00:00:00.000Z", "2000-09-14T23:59:59.000Z"], "wnes_geometry": {"westBoundingCoordinate": -90, "eastBoundingCoordinate": -84.25, "northBoundingCoordinate": 31, "southBoundingCoordinate": 27}, "sizeMB": 0.01, "format": "ASCII"}, "Landsat_and_MODIS_Info-M.xls": {"temporal": ["2000-09-14T00:00:00.000Z", "2008-09-08T23:59:59.000Z"], "wnes_geometry": {"westBoundingCoordinate": -90, "eastBoundingCoordinate": -84.25, "northBoundingCoordinate": 31, "southBoundingCoordinate": 27}, "sizeMB": 0.05, "format": "Not Provided"}, "SE_T20000914_helene.pdf": {"temporal": ["2000-09-14T00:00:00.000Z", "2000-09-14T23:59:59.000Z"], "wnes_geometry": {"westBoundingCoordinate": -90, "eastBoundingCoordinate": -84.25, "northBoundingCoordinate": 31, "southBoundingCoordinate": 27}, "sizeMB": 0.54, "format": "Not Provided"}, "SE_T20000928_helene.txt": {"temporal": ["2000-09-28T00:00:00.000Z", "2000-09-28T23:59:59.000Z"], "wnes_geometry": {"westBoundingCoordinate": -90, "eastBoundingCoordinate": -84.25, "northBoundingCoordinate": 31, "southBoundingCoordinate": 27}, "sizeMB": 0.01, "format": "ASCII"}, "SE_T20000928_helene.pdf": {"temporal": ["2000-09-28T00:00:00.000Z", "2000-09-28T23:59:59.000Z"], "wnes_geometry": {"westBoundingCoordinate": -90, "eastBoundingCoordinate": -84.25, "northBoundingCoordinate": 31, "southBoundingCoordinate": 27}, "sizeMB": 0.54, "format": "Not Provided"}, "SE_T20000928_helene.jpg": {"temporal": ["2000-09-28T00:00:00.000Z", "2000-09-28T23:59:59.000Z"], "wnes_geometry": {"westBoundingCoordinate": -90, "eastBoundingCoordinate": -84.25, "northBoundingCoordinate": 31, "southBoundingCoordinate": 27}, "sizeMB": 1.24, "format": "JPEG"}, "Zipped_grid_T20000928_helene.zip": {"temporal": ["2000-09-28T00:00:00.000Z", "2000-09-28T23:59:59.000Z"], "wnes_geometry": {"westBoundingCoordinate": -90, "eastBoundingCoordinate": -84.25, "northBoundingCoordinate": 31, "southBoundingCoordinate": 27}, "sizeMB": 0.02, "format": "ASCII"}, "SE_T20000930_helene.jpg": {"temporal": ["2000-09-30T00:00:00.000Z", "2000-09-30T23:59:59.000Z"], "wnes_geometry": {"westBoundingCoordinate": -90, "eastBoundingCoordinate": -84.25, "northBoundingCoordinate": 31, "southBoundingCoordinate": 27}, "sizeMB": 1.52, "format": "JPEG"}, "Zipped_grid_T20000930_helene.zip": {"temporal": ["2000-09-30T00:00:00.000Z", "2000-09-30T23:59:59.000Z"], "wnes_geometry": {"westBoundingCoordinate": -90, "eastBoundingCoordinate": -84.25, "northBoundingCoordinate": 31, "southBoundingCoordinate": 27}, "sizeMB": 0.02, "format": "ASCII"}, "SE_T20000930_helene.txt": {"temporal": ["2000-09-30T00:00:00.000Z", "2000-09-30T23:59:59.000Z"], "wnes_geometry": {"westBoundingCoordinate": -90, "eastBoundingCoordinate": -84.25, "northBoundingCoordinate": 31, "southBoundingCoordinate": 27}, "sizeMB": 0.01, "format": "ASCII"}, "SE_T20000930_helene.pdf": {"temporal": ["2000-09-30T00:00:00.000Z", "2000-09-30T23:59:59.000Z"], "wnes_geometry": {"westBoundingCoordinate": -90, "eastBoundingCoordinate": -84.25, "northBoundingCoordinate": 31, "southBoundingCoordinate": 27}, "sizeMB": 0.77, "format": "Not Provided"}, "SE_T20010526_allison.jpg": {"temporal": ["2001-05-26T00:00:00.000Z", "2001-05-26T23:59:59.000Z"], "wnes_geometry": {"westBoundingCoordinate": -90, "eastBoundingCoordinate": -84.25, "northBoundingCoordinate": 31, "southBoundingCoordinate": 27}, "sizeMB": 1.3, "format": "JPEG"}, "SE_T20010526_allison.pdf": {"temporal": ["2001-05-26T00:00:00.000Z", "2001-05-26T23:59:59.000Z"], "wnes_geometry": {"westBoundingCoordinate": -90, "eastBoundingCoordinate": -84.25, "northBoundingCoordinate": 31, "southBoundingCoordinate": 27}, "sizeMB": 0.48, "format": "Not Provided"}, "Zipped_grid_T20010526_allison.zip": {"temporal": ["2001-05-26T00:00:00.000Z", "2001-05-26T23:59:59.000Z"], "wnes_geometry": {"westBoundingCoordinate": -90, "eastBoundingCoordinate": -84.25, "northBoundingCoordinate": 31, "southBoundingCoordinate": 27}, "sizeMB": 0.02, "format": "ASCII"}, "SE_T20010526_allison.txt": {"temporal": ["2001-05-26T00:00:00.000Z", "2001-05-26T23:59:59.000Z"], "wnes_geometry": {"westBoundingCoordinate": -90, "eastBoundingCoordinate": -84.25, "northBoundingCoordinate": 31, "southBoundingCoordinate": 27}, "sizeMB": 0.01, "format": "ASCII"}, "Zipped_grid_T20010528_allison.zip": {"temporal": ["2001-05-28T00:00:00.000Z", "2001-05-28T23:59:59.000Z"], "wnes_geometry": {"westBoundingCoordinate": -90, "eastBoundingCoordinate": -84.25, "northBoundingCoordinate": 31, "southBoundingCoordinate": 27}, "sizeMB": 0.01, "format": "ASCII"}, "SE_T20010528_allison.pdf": {"temporal": ["2001-05-28T00:00:00.000Z", "2001-05-28T23:59:59.000Z"], "wnes_geometry": {"westBoundingCoordinate": -90, "eastBoundingCoordinate": -84.25, "northBoundingCoordinate": 31, "southBoundingCoordinate": 27}, "sizeMB": 0.37, "format": "Not Provided"}, "SE_T20010528_allison.txt": {"temporal": ["2001-05-28T00:00:00.000Z", "2001-05-28T23:59:59.000Z"], "wnes_geometry": {"westBoundingCoordinate": -90, "eastBoundingCoordinate": -84.25, "northBoundingCoordinate": 31, "southBoundingCoordinate": 27}, "sizeMB": 0.01, "format": "ASCII"}, "SE_T20010528_allison.jpg": {"temporal": ["2001-05-28T00:00:00.000Z", "2001-05-28T23:59:59.000Z"], "wnes_geometry": {"westBoundingCoordinate": -90, "eastBoundingCoordinate": -84.25, "northBoundingCoordinate": 31, "southBoundingCoordinate": 27}, "sizeMB": 0.73, "format": "JPEG"}, "SE_T20010531_allison.pdf": {"temporal": ["2001-05-31T00:00:00.000Z", "2001-05-31T23:59:59.000Z"], "wnes_geometry": {"westBoundingCoordinate": -90, "eastBoundingCoordinate": -84.25, "northBoundingCoordinate": 31, "southBoundingCoordinate": 27}, "sizeMB": 0.39, "format": "Not Provided"}, "SE_T20010531_allison.jpg": {"temporal": ["2001-05-31T00:00:00.000Z", "2001-05-31T23:59:59.000Z"], "wnes_geometry": {"westBoundingCoordinate": -90, "eastBoundingCoordinate": -84.25, "northBoundingCoordinate": 31, "southBoundingCoordinate": 27}, "sizeMB": 0.83, "format": "JPEG"}, "SE_T20010531_allison.txt": {"temporal": ["2001-05-31T00:00:00.000Z", "2001-05-31T23:59:59.000Z"], "wnes_geometry": {"westBoundingCoordinate": -90, "eastBoundingCoordinate": -84.25, "northBoundingCoordinate": 31, "southBoundingCoordinate": 27}, "sizeMB": 0.01, "format": "ASCII"}, "Zipped_grid_T20010531_allison.zip": {"temporal": ["2001-05-31T00:00:00.000Z", "2001-05-31T23:59:59.000Z"], "wnes_geometry": {"westBoundingCoordinate": -90, "eastBoundingCoordinate": -84.25, "northBoundingCoordinate": 31, "southBoundingCoordinate": 27}, "sizeMB": 0.01, "format": "ASCII"}, "Zipped_grid_T20010602_allison.zip": {"temporal": ["2001-06-02T00:00:00.000Z", "2001-06-02T23:59:59.000Z"], "wnes_geometry": {"westBoundingCoordinate": -90, "eastBoundingCoordinate": -84.25, "northBoundingCoordinate": 31, "southBoundingCoordinate": 27}, "sizeMB": 0.02, "format": "ASCII"}, "SE_T20010602_allison.txt": {"temporal": ["2001-06-02T00:00:00.000Z", "2001-06-02T23:59:59.000Z"], "wnes_geometry": {"westBoundingCoordinate": -90, "eastBoundingCoordinate": -84.25, "northBoundingCoordinate": 31, "southBoundingCoordinate": 27}, "sizeMB": 0.01, "format": "ASCII"}, "SE_T20010602_allison.pdf": {"temporal": ["2001-06-02T00:00:00.000Z", "2001-06-02T23:59:59.000Z"], "wnes_geometry": {"westBoundingCoordinate": -90, "eastBoundingCoordinate": -84.25, "northBoundingCoordinate": 31, "southBoundingCoordinate": 27}, "sizeMB": 0.6, "format": "Not Provided"}, "SE_T20010602_allison.jpg": {"temporal": ["2001-06-02T00:00:00.000Z", "2001-06-02T23:59:59.000Z"], "wnes_geometry": {"westBoundingCoordinate": -90, "eastBoundingCoordinate": -84.25, "northBoundingCoordinate": 31, "southBoundingCoordinate": 27}, "sizeMB": 1.53, "format": "JPEG"}, "SE_T20010604_allison.pdf": {"temporal": ["2001-06-04T00:00:00.000Z", "2001-06-04T23:59:59.000Z"], "wnes_geometry": {"westBoundingCoordinate": -90, "eastBoundingCoordinate": -84.25, "northBoundingCoordinate": 31, "southBoundingCoordinate": 27}, "sizeMB": 0.48, "format": "Not Provided"}, "SE_T20010604_allison.txt": {"temporal": ["2001-06-04T00:00:00.000Z", "2001-06-04T23:59:59.000Z"], "wnes_geometry": {"westBoundingCoordinate": -90, "eastBoundingCoordinate": -84.25, "northBoundingCoordinate": 31, "southBoundingCoordinate": 27}, "sizeMB": 0.01, "format": "ASCII"}, "Zipped_grid_T20010604_allison.zip": {"temporal": ["2001-06-04T00:00:00.000Z", "2001-06-04T23:59:59.000Z"], "wnes_geometry": {"westBoundingCoordinate": -90, "eastBoundingCoordinate": -84.25, "northBoundingCoordinate": 31, "southBoundingCoordinate": 27}, "sizeMB": 0.02, "format": "ASCII"}, "SE_T20010604_allison.jpg": {"temporal": ["2001-06-04T00:00:00.000Z", "2001-06-04T23:59:59.000Z"], "wnes_geometry": {"westBoundingCoordinate": -90, "eastBoundingCoordinate": -84.25, "northBoundingCoordinate": 31, "southBoundingCoordinate": 27}, "sizeMB": 1.35, "format": "JPEG"}, "SE_T20010729_barry.pdf": {"temporal": ["2001-07-29T00:00:00.000Z", "2001-07-29T23:59:59.000Z"], "wnes_geometry": {"westBoundingCoordinate": -90, "eastBoundingCoordinate": -84.25, "northBoundingCoordinate": 31, "southBoundingCoordinate": 27}, "sizeMB": 0.58, "format": "Not Provided"}, "Zipped_grid_T20010729_barry.zip": {"temporal": ["2001-07-29T00:00:00.000Z", "2001-07-29T23:59:59.000Z"], "wnes_geometry": {"westBoundingCoordinate": -90, "eastBoundingCoordinate": -84.25, "northBoundingCoordinate": 31, "southBoundingCoordinate": 27}, "sizeMB": 0.02, "format": "ASCII"}, "SE_T20010729_barry.txt": {"temporal": ["2001-07-29T00:00:00.000Z", "2001-07-29T23:59:59.000Z"], "wnes_geometry": {"westBoundingCoordinate": -90, "eastBoundingCoordinate": -84.25, "northBoundingCoordinate": 31, "southBoundingCoordinate": 27}, "sizeMB": 0.01, "format": "ASCII"}, "SE_T20010729_barry.jpg": {"temporal": ["2001-07-29T00:00:00.000Z", "2001-07-29T23:59:59.000Z"], "wnes_geometry": {"westBoundingCoordinate": -90, "eastBoundingCoordinate": -84.25, "northBoundingCoordinate": 31, "southBoundingCoordinate": 27}, "sizeMB": 1.76, "format": "JPEG"}, "SE_A20020917_isidore.jpg": {"temporal": ["2002-09-17T00:00:00.000Z", "2002-09-17T23:59:59.000Z"], "wnes_geometry": {"westBoundingCoordinate": -90, "eastBoundingCoordinate": -84.25, "northBoundingCoordinate": 31, "southBoundingCoordinate": 27}, "sizeMB": 1.5, "format": "JPEG"}, "SE_A20020917_isidore.txt": {"temporal": ["2002-09-17T00:00:00.000Z", "2002-09-17T23:59:59.000Z"], "wnes_geometry": {"westBoundingCoordinate": -90, "eastBoundingCoordinate": -84.25, "northBoundingCoordinate": 31, "southBoundingCoordinate": 27}, "sizeMB": 0.01, "format": "ASCII"}, "SE_A20020917_isidore.pdf": {"temporal": ["2002-09-17T00:00:00.000Z", "2002-09-17T23:59:59.000Z"], "wnes_geometry": {"westBoundingCoordinate": -90, "eastBoundingCoordinate": -84.25, "northBoundingCoordinate": 31, "southBoundingCoordinate": 27}, "sizeMB": 0.51, "format": "Not Provided"}, "Zipped_grid_A20020917_isidore.zip": {"temporal": ["2002-09-17T00:00:00.000Z", "2002-09-17T23:59:59.000Z"], "wnes_geometry": {"westBoundingCoordinate": -90, "eastBoundingCoordinate": -84.25, "northBoundingCoordinate": 31, "southBoundingCoordinate": 27}, "sizeMB": 0.02, "format": "ASCII"}, "SE_A20020919_isidore.jpg": {"temporal": ["2002-09-19T00:00:00.000Z", "2002-09-19T23:59:59.000Z"], "wnes_geometry": {"westBoundingCoordinate": -90, "eastBoundingCoordinate": -84.25, "northBoundingCoordinate": 31, "southBoundingCoordinate": 27}, "sizeMB": 1.75, "format": "JPEG"}, "Zipped_grid_A20020919_isidore.zip": {"temporal": ["2002-09-19T00:00:00.000Z", "2002-09-19T23:59:59.000Z"], "wnes_geometry": {"westBoundingCoordinate": -90, "eastBoundingCoordinate": -84.25, "northBoundingCoordinate": 31, "southBoundingCoordinate": 27}, "sizeMB": 0.03, "format": "ASCII"}, "SE_A20020919_isidore.txt": {"temporal": ["2002-09-19T00:00:00.000Z", "2002-09-19T23:59:59.000Z"], "wnes_geometry": {"westBoundingCoordinate": -90, "eastBoundingCoordinate": -84.25, "northBoundingCoordinate": 31, "southBoundingCoordinate": 27}, "sizeMB": 0.01, "format": "ASCII"}, "SE_A20020919_isidore.pdf": {"temporal": ["2002-09-19T00:00:00.000Z", "2002-09-19T23:59:59.000Z"], "wnes_geometry": {"westBoundingCoordinate": -90, "eastBoundingCoordinate": -84.25, "northBoundingCoordinate": 31, "southBoundingCoordinate": 27}, "sizeMB": 0.55, "format": "Not Provided"}, "Zipped_grid_A20020929_isidore.zip": {"temporal": ["2002-09-29T00:00:00.000Z", "2002-09-29T23:59:59.000Z"], "wnes_geometry": {"westBoundingCoordinate": -90, "eastBoundingCoordinate": -84.25, "northBoundingCoordinate": 31, "southBoundingCoordinate": 27}, "sizeMB": 0.03, "format": "ASCII"}, "SE_A20020929_isidore.pdf": {"temporal": ["2002-09-29T00:00:00.000Z", "2002-09-29T23:59:59.000Z"], "wnes_geometry": {"westBoundingCoordinate": -90, "eastBoundingCoordinate": -84.25, "northBoundingCoordinate": 31, "southBoundingCoordinate": 27}, "sizeMB": 0.83, "format": "Not Provided"}, "SE_A20020929_isidore.jpg": {"temporal": ["2002-09-29T00:00:00.000Z", "2002-09-29T23:59:59.000Z"], "wnes_geometry": {"westBoundingCoordinate": -90, "eastBoundingCoordinate": -84.25, "northBoundingCoordinate": 31, "southBoundingCoordinate": 27}, "sizeMB": 2.17, "format": "JPEG"}, "SE_A20020929_isidore.txt": {"temporal": ["2002-09-29T00:00:00.000Z", "2002-09-29T23:59:59.000Z"], "wnes_geometry": {"westBoundingCoordinate": -90, "eastBoundingCoordinate": -84.25, "northBoundingCoordinate": 31, "southBoundingCoordinate": 27}, "sizeMB": 0.01, "format": "ASCII"}, "Zipped_grid_A20021001_isidore.zip": {"temporal": ["2002-10-01T00:00:00.000Z", "2002-10-01T23:59:59.000Z"], "wnes_geometry": {"westBoundingCoordinate": -90, "eastBoundingCoordinate": -84.25, "northBoundingCoordinate": 31, "southBoundingCoordinate": 27}, "sizeMB": 0.03, "format": "ASCII"}, "SE_A20021001_isidore.jpg": {"temporal": ["2002-10-01T00:00:00.000Z", "2002-10-01T23:59:59.000Z"], "wnes_geometry": {"westBoundingCoordinate": -90, "eastBoundingCoordinate": -84.25, "northBoundingCoordinate": 31, "southBoundingCoordinate": 27}, "sizeMB": 2.48, "format": "JPEG"}, "SE_A20021001_isidore.pdf": {"temporal": ["2002-10-01T00:00:00.000Z", "2002-10-01T23:59:59.000Z"], "wnes_geometry": {"westBoundingCoordinate": -90, "eastBoundingCoordinate": -84.25, "northBoundingCoordinate": 31, "southBoundingCoordinate": 27}, "sizeMB": 0.76, "format": "Not Provided"}, "SE_A20021001_isidore.txt": {"temporal": ["2002-10-01T00:00:00.000Z", "2002-10-01T23:59:59.000Z"], "wnes_geometry": {"westBoundingCoordinate": -90, "eastBoundingCoordinate": -84.25, "northBoundingCoordinate": 31, "southBoundingCoordinate": 27}, "sizeMB": 0.01, "format": "ASCII"}, "Zipped_grid_A20021006_isidore.zip": {"temporal": ["2002-10-06T00:00:00.000Z", "2002-10-06T23:59:59.000Z"], "wnes_geometry": {"westBoundingCoordinate": -90, "eastBoundingCoordinate": -84.25, "northBoundingCoordinate": 31, "southBoundingCoordinate": 27}, "sizeMB": 0.02, "format": "ASCII"}, "SE_A20021006_isidore.jpg": {"temporal": ["2002-10-06T00:00:00.000Z", "2002-10-06T23:59:59.000Z"], "wnes_geometry": {"westBoundingCoordinate": -90, "eastBoundingCoordinate": -84.25, "northBoundingCoordinate": 31, "southBoundingCoordinate": 27}, "sizeMB": 1.7, "format": "JPEG"}, "SE_A20021006_isidore.txt": {"temporal": ["2002-10-06T00:00:00.000Z", "2002-10-06T23:59:59.000Z"], "wnes_geometry": {"westBoundingCoordinate": -90, "eastBoundingCoordinate": -84.25, "northBoundingCoordinate": 31, "southBoundingCoordinate": 27}, "sizeMB": 0.01, "format": "ASCII"}, "SE_A20021006_isidore.pdf": {"temporal": ["2002-10-06T00:00:00.000Z", "2002-10-06T23:59:59.000Z"], "wnes_geometry": {"westBoundingCoordinate": -90, "eastBoundingCoordinate": -84.25, "northBoundingCoordinate": 31, "southBoundingCoordinate": 27}, "sizeMB": 0.6, "format": "Not Provided"}, "Zipped_grid_A20040917_ivan.zip": {"temporal": ["2004-09-17T00:00:00.000Z", "2004-09-17T23:59:59.000Z"], "wnes_geometry": {"westBoundingCoordinate": -90, "eastBoundingCoordinate": -84.25, "northBoundingCoordinate": 31, "southBoundingCoordinate": 27}, "sizeMB": 0.03, "format": "ASCII"}, "SE_A20040917_ivan.txt": {"temporal": ["2004-09-17T00:00:00.000Z", "2004-09-17T23:59:59.000Z"], "wnes_geometry": {"westBoundingCoordinate": -90, "eastBoundingCoordinate": -84.25, "northBoundingCoordinate": 31, "southBoundingCoordinate": 27}, "sizeMB": 0.01, "format": "ASCII"}, "SE_A20040917_ivan.jpg": {"temporal": ["2004-09-17T00:00:00.000Z", "2004-09-17T23:59:59.000Z"], "wnes_geometry": {"westBoundingCoordinate": -90, "eastBoundingCoordinate": -84.25, "northBoundingCoordinate": 31, "southBoundingCoordinate": 27}, "sizeMB": 1.71, "format": "JPEG"}, "SE_A20040917_ivan.pdf": {"temporal": ["2004-09-17T00:00:00.000Z", "2004-09-17T23:59:59.000Z"], "wnes_geometry": {"westBoundingCoordinate": -90, "eastBoundingCoordinate": -84.25, "northBoundingCoordinate": 31, "southBoundingCoordinate": 27}, "sizeMB": 0.74, "format": "Not Provided"}, "Zipped_grid_A20040918_ivan.zip": {"temporal": ["2004-09-18T00:00:00.000Z", "2004-09-18T23:59:59.000Z"], "wnes_geometry": {"westBoundingCoordinate": -90, "eastBoundingCoordinate": -84.25, "northBoundingCoordinate": 31, "southBoundingCoordinate": 27}, "sizeMB": 0.03, "format": "ASCII"}, "SE_A20040918_ivan.pdf": {"temporal": ["2004-09-18T00:00:00.000Z", "2004-09-18T23:59:59.000Z"], "wnes_geometry": {"westBoundingCoordinate": -90, "eastBoundingCoordinate": -84.25, "northBoundingCoordinate": 31, "southBoundingCoordinate": 27}, "sizeMB": 0.7, "format": "Not Provided"}, "SE_A20040918_ivan.txt": {"temporal": ["2004-09-18T00:00:00.000Z", "2004-09-18T23:59:59.000Z"], "wnes_geometry": {"westBoundingCoordinate": -90, "eastBoundingCoordinate": -84.25, "northBoundingCoordinate": 31, "southBoundingCoordinate": 27}, "sizeMB": 0.01, "format": "ASCII"}, "SE_A20040918_ivan.jpg": {"temporal": ["2004-09-18T00:00:00.000Z", "2004-09-18T23:59:59.000Z"], "wnes_geometry": {"westBoundingCoordinate": -90, "eastBoundingCoordinate": -84.25, "northBoundingCoordinate": 31, "southBoundingCoordinate": 27}, "sizeMB": 2.02, "format": "JPEG"}, "SE_A20050603_arlene.pdf": {"temporal": ["2005-06-03T00:00:00.000Z", "2005-06-03T23:59:59.000Z"], "wnes_geometry": {"westBoundingCoordinate": -90, "eastBoundingCoordinate": -84.25, "northBoundingCoordinate": 31, "southBoundingCoordinate": 27}, "sizeMB": 0.5, "format": "Not Provided"}, "Zipped_grid_A20050603_arlene.zip": {"temporal": ["2005-06-03T00:00:00.000Z", "2005-06-03T23:59:59.000Z"], "wnes_geometry": {"westBoundingCoordinate": -90, "eastBoundingCoordinate": -84.25, "northBoundingCoordinate": 31, "southBoundingCoordinate": 27}, "sizeMB": 0.02, "format": "ASCII"}, "SE_A20050603_arlene.txt": {"temporal": ["2005-06-03T00:00:00.000Z", "2005-06-03T23:59:59.000Z"], "wnes_geometry": {"westBoundingCoordinate": -90, "eastBoundingCoordinate": -84.25, "northBoundingCoordinate": 31, "southBoundingCoordinate": 27}, "sizeMB": 0.01, "format": "ASCII"}, "SE_A20050603_arlene.jpg": {"temporal": ["2005-06-03T00:00:00.000Z", "2005-06-03T23:59:59.000Z"], "wnes_geometry": {"westBoundingCoordinate": -90, "eastBoundingCoordinate": -84.25, "northBoundingCoordinate": 31, "southBoundingCoordinate": 27}, "sizeMB": 1.11, "format": "JPEG"}, "SE_T20050604_arlene.txt": {"temporal": ["2005-06-04T00:00:00.000Z", "2005-06-04T23:59:59.000Z"], "wnes_geometry": {"westBoundingCoordinate": -90, "eastBoundingCoordinate": -84.25, "northBoundingCoordinate": 31, "southBoundingCoordinate": 27}, "sizeMB": 0.01, "format": "ASCII"}, "SE_T20050604_arlene.pdf": {"temporal": ["2005-06-04T00:00:00.000Z", "2005-06-04T23:59:59.000Z"], "wnes_geometry": {"westBoundingCoordinate": -90, "eastBoundingCoordinate": -84.25, "northBoundingCoordinate": 31, "southBoundingCoordinate": 27}, "sizeMB": 0.56, "format": "Not Provided"}, "SE_T20050604_arlene.jpg": {"temporal": ["2005-06-04T00:00:00.000Z", "2005-06-04T23:59:59.000Z"], "wnes_geometry": {"westBoundingCoordinate": -90, "eastBoundingCoordinate": -84.25, "northBoundingCoordinate": 31, "southBoundingCoordinate": 27}, "sizeMB": 1.62, "format": "JPEG"}, "Zipped_grid_T20050604_arlene.zip": {"temporal": ["2005-06-04T00:00:00.000Z", "2005-06-04T23:59:59.000Z"], "wnes_geometry": {"westBoundingCoordinate": -90, "eastBoundingCoordinate": -84.25, "northBoundingCoordinate": 31, "southBoundingCoordinate": 27}, "sizeMB": 0.02, "format": "ASCII"}, "SE_A20050605_arlene.jpg": {"temporal": ["2005-06-05T00:00:00.000Z", "2005-06-05T23:59:59.000Z"], "wnes_geometry": {"westBoundingCoordinate": -90, "eastBoundingCoordinate": -84.25, "northBoundingCoordinate": 31, "southBoundingCoordinate": 27}, "sizeMB": 1.47, "format": "JPEG"}, "Zipped_grid_A20050605_arlene.zip": {"temporal": ["2005-06-05T00:00:00.000Z", "2005-06-05T23:59:59.000Z"], "wnes_geometry": {"westBoundingCoordinate": -90, "eastBoundingCoordinate": -84.25, "northBoundingCoordinate": 31, "southBoundingCoordinate": 27}, "sizeMB": 0.02, "format": "ASCII"}, "SE_A20050605_arlene.txt": {"temporal": ["2005-06-05T00:00:00.000Z", "2005-06-05T23:59:59.000Z"], "wnes_geometry": {"westBoundingCoordinate": -90, "eastBoundingCoordinate": -84.25, "northBoundingCoordinate": 31, "southBoundingCoordinate": 27}, "sizeMB": 0.01, "format": "ASCII"}, "SE_A20050605_arlene.pdf": {"temporal": ["2005-06-05T00:00:00.000Z", "2005-06-05T23:59:59.000Z"], "wnes_geometry": {"westBoundingCoordinate": -90, "eastBoundingCoordinate": -84.25, "northBoundingCoordinate": 31, "southBoundingCoordinate": 27}, "sizeMB": 0.55, "format": "Not Provided"}, "SE_T20050606_arlene.txt": {"temporal": ["2005-06-06T00:00:00.000Z", "2005-06-06T23:59:59.000Z"], "wnes_geometry": {"westBoundingCoordinate": -90, "eastBoundingCoordinate": -84.25, "northBoundingCoordinate": 31, "southBoundingCoordinate": 27}, "sizeMB": 0.01, "format": "ASCII"}, "Zipped_grid_T20050606_arlene.zip": {"temporal": ["2005-06-06T00:00:00.000Z", "2005-06-06T23:59:59.000Z"], "wnes_geometry": {"westBoundingCoordinate": -90, "eastBoundingCoordinate": -84.25, "northBoundingCoordinate": 31, "southBoundingCoordinate": 27}, "sizeMB": 0.02, "format": "ASCII"}, "SE_T20050606_arlene.pdf": {"temporal": ["2005-06-06T00:00:00.000Z", "2005-06-06T23:59:59.000Z"], "wnes_geometry": {"westBoundingCoordinate": -90, "eastBoundingCoordinate": -84.25, "northBoundingCoordinate": 31, "southBoundingCoordinate": 27}, "sizeMB": 0.49, "format": "Not Provided"}, "SE_T20050606_arlene.jpg": {"temporal": ["2005-06-06T00:00:00.000Z", "2005-06-06T23:59:59.000Z"], "wnes_geometry": {"westBoundingCoordinate": -90, "eastBoundingCoordinate": -84.25, "northBoundingCoordinate": 31, "southBoundingCoordinate": 27}, "sizeMB": 1.19, "format": "JPEG"}, "SE_A20050612_arlene.jpg": {"temporal": ["2005-06-12T00:00:00.000Z", "2005-06-12T23:59:59.000Z"], "wnes_geometry": {"westBoundingCoordinate": -90, "eastBoundingCoordinate": -84.25, "northBoundingCoordinate": 31, "southBoundingCoordinate": 27}, "sizeMB": 1.82, "format": "JPEG"}, "SE_A20050612_arlene.pdf": {"temporal": ["2005-06-12T00:00:00.000Z", "2005-06-12T23:59:59.000Z"], "wnes_geometry": {"westBoundingCoordinate": -90, "eastBoundingCoordinate": -84.25, "northBoundingCoordinate": 31, "southBoundingCoordinate": 27}, "sizeMB": 0.56, "format": "Not Provided"}, "SE_A20050612_arlene.txt": {"temporal": ["2005-06-12T00:00:00.000Z", "2005-06-12T23:59:59.000Z"], "wnes_geometry": {"westBoundingCoordinate": -90, "eastBoundingCoordinate": -84.25, "northBoundingCoordinate": 31, "southBoundingCoordinate": 27}, "sizeMB": 0.01, "format": "ASCII"}, "Zipped_grid_A20050612_arlene.zip": {"temporal": ["2005-06-12T00:00:00.000Z", "2005-06-12T23:59:59.000Z"], "wnes_geometry": {"westBoundingCoordinate": -90, "eastBoundingCoordinate": -84.25, "northBoundingCoordinate": 31, "southBoundingCoordinate": 27}, "sizeMB": 0.02, "format": "ASCII"}, "SE_T20050613_arlene.txt": {"temporal": ["2005-06-13T00:00:00.000Z", "2005-06-13T23:59:59.000Z"], "wnes_geometry": {"westBoundingCoordinate": -90, "eastBoundingCoordinate": -84.25, "northBoundingCoordinate": 31, "southBoundingCoordinate": 27}, "sizeMB": 0.01, "format": "ASCII"}, "Zipped_grid_T20050613_arlene.zip": {"temporal": ["2005-06-13T00:00:00.000Z", "2005-06-13T23:59:59.000Z"], "wnes_geometry": {"westBoundingCoordinate": -90, "eastBoundingCoordinate": -84.25, "northBoundingCoordinate": 31, "southBoundingCoordinate": 27}, "sizeMB": 0.02, "format": "ASCII"}, "SE_T20050613_arlene.pdf": {"temporal": ["2005-06-13T00:00:00.000Z", "2005-06-13T23:59:59.000Z"], "wnes_geometry": {"westBoundingCoordinate": -90, "eastBoundingCoordinate": -84.25, "northBoundingCoordinate": 31, "southBoundingCoordinate": 27}, "sizeMB": 0.48, "format": "Not Provided"}, "SE_T20050613_arlene.jpg": {"temporal": ["2005-06-13T00:00:00.000Z", "2005-06-13T23:59:59.000Z"], "wnes_geometry": {"westBoundingCoordinate": -90, "eastBoundingCoordinate": -84.25, "northBoundingCoordinate": 31, "southBoundingCoordinate": 27}, "sizeMB": 1.18, "format": "JPEG"}, "SE_A20050614_arlene.txt": {"temporal": ["2005-06-14T00:00:00.000Z", "2005-06-14T23:59:59.000Z"], "wnes_geometry": {"westBoundingCoordinate": -90, "eastBoundingCoordinate": -84.25, "northBoundingCoordinate": 31, "southBoundingCoordinate": 27}, "sizeMB": 0.01, "format": "ASCII"}, "Zipped_grid_A20050614_arlene.zip": {"temporal": ["2005-06-14T00:00:00.000Z", "2005-06-14T23:59:59.000Z"], "wnes_geometry": {"westBoundingCoordinate": -90, "eastBoundingCoordinate": -84.25, "northBoundingCoordinate": 31, "southBoundingCoordinate": 27}, "sizeMB": 0.02, "format": "ASCII"}, "SE_A20050614_arlene.jpg": {"temporal": ["2005-06-14T00:00:00.000Z", "2005-06-14T23:59:59.000Z"], "wnes_geometry": {"westBoundingCoordinate": -90, "eastBoundingCoordinate": -84.25, "northBoundingCoordinate": 31, "southBoundingCoordinate": 27}, "sizeMB": 1.44, "format": "JPEG"}, "SE_A20050614_arlene.pdf": {"temporal": ["2005-06-14T00:00:00.000Z", "2005-06-14T23:59:59.000Z"], "wnes_geometry": {"westBoundingCoordinate": -90, "eastBoundingCoordinate": -84.25, "northBoundingCoordinate": 31, "southBoundingCoordinate": 27}, "sizeMB": 0.55, "format": "Not Provided"}, "SE_T20050615_arlene.jpg": {"temporal": ["2005-06-15T00:00:00.000Z", "2005-06-15T23:59:59.000Z"], "wnes_geometry": {"westBoundingCoordinate": -90, "eastBoundingCoordinate": -84.25, "northBoundingCoordinate": 31, "southBoundingCoordinate": 27}, "sizeMB": 1.72, "format": "JPEG"}, "SE_T20050615_arlene.txt": {"temporal": ["2005-06-15T00:00:00.000Z", "2005-06-15T23:59:59.000Z"], "wnes_geometry": {"westBoundingCoordinate": -90, "eastBoundingCoordinate": -84.25, "northBoundingCoordinate": 31, "southBoundingCoordinate": 27}, "sizeMB": 0.01, "format": "ASCII"}, "SE_T20050615_arlene.pdf": {"temporal": ["2005-06-15T00:00:00.000Z", "2005-06-15T23:59:59.000Z"], "wnes_geometry": {"westBoundingCoordinate": -90, "eastBoundingCoordinate": -84.25, "northBoundingCoordinate": 31, "southBoundingCoordinate": 27}, "sizeMB": 0.62, "format": "Not Provided"}, "Zipped_grid_T20050615_arlene.zip": {"temporal": ["2005-06-15T00:00:00.000Z", "2005-06-15T23:59:59.000Z"], "wnes_geometry": {"westBoundingCoordinate": -90, "eastBoundingCoordinate": -84.25, "northBoundingCoordinate": 31, "southBoundingCoordinate": 27}, "sizeMB": 0.02, "format": "ASCII"}, "SE_A20050617_arlene.txt": {"temporal": ["2005-06-17T00:00:00.000Z", "2005-06-17T23:59:59.000Z"], "wnes_geometry": {"westBoundingCoordinate": -90, "eastBoundingCoordinate": -84.25, "northBoundingCoordinate": 31, "southBoundingCoordinate": 27}, "sizeMB": 0.01, "format": "ASCII"}, "SE_A20050617_arlene.pdf": {"temporal": ["2005-06-17T00:00:00.000Z", "2005-06-17T23:59:59.000Z"], "wnes_geometry": {"westBoundingCoordinate": -90, "eastBoundingCoordinate": -84.25, "northBoundingCoordinate": 31, "southBoundingCoordinate": 27}, "sizeMB": 0.48, "format": "Not Provided"}, "Zipped_grid_A20050617_arlene.zip": {"temporal": ["2005-06-17T00:00:00.000Z", "2005-06-17T23:59:59.000Z"], "wnes_geometry": {"westBoundingCoordinate": -90, "eastBoundingCoordinate": -84.25, "northBoundingCoordinate": 31, "southBoundingCoordinate": 27}, "sizeMB": 0.02, "format": "ASCII"}, "SE_A20050617_arlene.jpg": {"temporal": ["2005-06-17T00:00:00.000Z", "2005-06-17T23:59:59.000Z"], "wnes_geometry": {"westBoundingCoordinate": -90, "eastBoundingCoordinate": -84.25, "northBoundingCoordinate": 31, "southBoundingCoordinate": 27}, "sizeMB": 1.4, "format": "JPEG"}, "SE_A20050619_arlene.pdf": {"temporal": ["2005-06-19T00:00:00.000Z", "2005-06-19T23:59:59.000Z"], "wnes_geometry": {"westBoundingCoordinate": -90, "eastBoundingCoordinate": -84.25, "northBoundingCoordinate": 31, "southBoundingCoordinate": 27}, "sizeMB": 0.47, "format": "Not Provided"}, "SE_A20050619_arlene.txt": {"temporal": ["2005-06-19T00:00:00.000Z", "2005-06-19T23:59:59.000Z"], "wnes_geometry": {"westBoundingCoordinate": -90, "eastBoundingCoordinate": -84.25, "northBoundingCoordinate": 31, "southBoundingCoordinate": 27}, "sizeMB": 0.01, "format": "ASCII"}, "SE_A20050619_arlene.jpg": {"temporal": ["2005-06-19T00:00:00.000Z", "2005-06-19T23:59:59.000Z"], "wnes_geometry": {"westBoundingCoordinate": -90, "eastBoundingCoordinate": -84.25, "northBoundingCoordinate": 31, "southBoundingCoordinate": 27}, "sizeMB": 1.38, "format": "JPEG"}, "Zipped_grid_A20050619_arlene.zip": {"temporal": ["2005-06-19T00:00:00.000Z", "2005-06-19T23:59:59.000Z"], "wnes_geometry": {"westBoundingCoordinate": -90, "eastBoundingCoordinate": -84.25, "northBoundingCoordinate": 31, "southBoundingCoordinate": 27}, "sizeMB": 0.02, "format": "ASCII"}, "SE_T20050620_arlene.pdf": {"temporal": ["2005-06-20T00:00:00.000Z", "2005-06-20T23:59:59.000Z"], "wnes_geometry": {"westBoundingCoordinate": -90, "eastBoundingCoordinate": -84.25, "northBoundingCoordinate": 31, "southBoundingCoordinate": 27}, "sizeMB": 0.55, "format": "Not Provided"}, "SE_T20050620_arlene.jpg": {"temporal": ["2005-06-20T00:00:00.000Z", "2005-06-20T23:59:59.000Z"], "wnes_geometry": {"westBoundingCoordinate": -90, "eastBoundingCoordinate": -84.25, "northBoundingCoordinate": 31, "southBoundingCoordinate": 27}, "sizeMB": 1.11, "format": "JPEG"}, "Zipped_grid_T20050620_arlene.zip": {"temporal": ["2005-06-20T00:00:00.000Z", "2005-06-20T23:59:59.000Z"], "wnes_geometry": {"westBoundingCoordinate": -90, "eastBoundingCoordinate": -84.25, "northBoundingCoordinate": 31, "southBoundingCoordinate": 27}, "sizeMB": 0.02, "format": "ASCII"}, "SE_T20050620_arlene.txt": {"temporal": ["2005-06-20T00:00:00.000Z", "2005-06-20T23:59:59.000Z"], "wnes_geometry": {"westBoundingCoordinate": -90, "eastBoundingCoordinate": -84.25, "northBoundingCoordinate": 31, "southBoundingCoordinate": 27}, "sizeMB": 0.01, "format": "ASCII"}, "SE_A20050703_dennis.pdf": {"temporal": ["2005-07-03T00:00:00.000Z", "2005-07-03T23:59:59.000Z"], "wnes_geometry": {"westBoundingCoordinate": -90, "eastBoundingCoordinate": -84.25, "northBoundingCoordinate": 31, "southBoundingCoordinate": 27}, "sizeMB": 0.44, "format": "Not Provided"}, "SE_A20050703_dennis.jpg": {"temporal": ["2005-07-03T00:00:00.000Z", "2005-07-03T23:59:59.000Z"], "wnes_geometry": {"westBoundingCoordinate": -90, "eastBoundingCoordinate": -84.25, "northBoundingCoordinate": 31, "southBoundingCoordinate": 27}, "sizeMB": 1.15, "format": "JPEG"}, "Zipped_grid_A20050703_dennis.zip": {"temporal": ["2005-07-03T00:00:00.000Z", "2005-07-03T23:59:59.000Z"], "wnes_geometry": {"westBoundingCoordinate": -90, "eastBoundingCoordinate": -84.25, "northBoundingCoordinate": 31, "southBoundingCoordinate": 27}, "sizeMB": 0.02, "format": "ASCII"}, "SE_A20050703_dennis.txt": {"temporal": ["2005-07-03T00:00:00.000Z", "2005-07-03T23:59:59.000Z"], "wnes_geometry": {"westBoundingCoordinate": -90, "eastBoundingCoordinate": -84.25, "northBoundingCoordinate": 31, "southBoundingCoordinate": 27}, "sizeMB": 0.01, "format": "ASCII"}, "SE_A20050707_dennis.txt": {"temporal": ["2005-07-07T00:00:00.000Z", "2005-07-07T23:59:59.000Z"], "wnes_geometry": {"westBoundingCoordinate": -90, "eastBoundingCoordinate": -84.25, "northBoundingCoordinate": 31, "southBoundingCoordinate": 27}, "sizeMB": 0.01, "format": "ASCII"}, "SE_A20050707_dennis.jpg": {"temporal": ["2005-07-07T00:00:00.000Z", "2005-07-07T23:59:59.000Z"], "wnes_geometry": {"westBoundingCoordinate": -90, "eastBoundingCoordinate": -84.25, "northBoundingCoordinate": 31, "southBoundingCoordinate": 27}, "sizeMB": 0.87, "format": "JPEG"}, "Zipped_grid_A20050707_dennis.zip": {"temporal": ["2005-07-07T00:00:00.000Z", "2005-07-07T23:59:59.000Z"], "wnes_geometry": {"westBoundingCoordinate": -90, "eastBoundingCoordinate": -84.25, "northBoundingCoordinate": 31, "southBoundingCoordinate": 27}, "sizeMB": 0.01, "format": "ASCII"}, "SE_A20050707_dennis.pdf": {"temporal": ["2005-07-07T00:00:00.000Z", "2005-07-07T23:59:59.000Z"], "wnes_geometry": {"westBoundingCoordinate": -90, "eastBoundingCoordinate": -84.25, "northBoundingCoordinate": 31, "southBoundingCoordinate": 27}, "sizeMB": 0.41, "format": "Not Provided"}, "SE_A20050712_dennis.pdf": {"temporal": ["2005-07-12T00:00:00.000Z", "2005-07-12T23:59:59.000Z"], "wnes_geometry": {"westBoundingCoordinate": -90, "eastBoundingCoordinate": -84.25, "northBoundingCoordinate": 31, "southBoundingCoordinate": 27}, "sizeMB": 0.48, "format": "Not Provided"}, "SE_A20050712_dennis.jpg": {"temporal": ["2005-07-12T00:00:00.000Z", "2005-07-12T23:59:59.000Z"], "wnes_geometry": {"westBoundingCoordinate": -90, "eastBoundingCoordinate": -84.25, "northBoundingCoordinate": 31, "southBoundingCoordinate": 27}, "sizeMB": 1.38, "format": "JPEG"}, "SE_A20050712_dennis.txt": {"temporal": ["2005-07-12T00:00:00.000Z", "2005-07-12T23:59:59.000Z"], "wnes_geometry": {"westBoundingCoordinate": -90, "eastBoundingCoordinate": -84.25, "northBoundingCoordinate": 31, "southBoundingCoordinate": 27}, "sizeMB": 0.01, "format": "ASCII"}, "Zipped_grid_A20050712_dennis.zip": {"temporal": ["2005-07-12T00:00:00.000Z", "2005-07-12T23:59:59.000Z"], "wnes_geometry": {"westBoundingCoordinate": -90, "eastBoundingCoordinate": -84.25, "northBoundingCoordinate": 31, "southBoundingCoordinate": 27}, "sizeMB": 0.02, "format": "ASCII"}, "Zipped_grid_A20050820_katrina.zip": {"temporal": ["2005-08-20T00:00:00.000Z", "2005-08-20T23:59:59.000Z"], "wnes_geometry": {"westBoundingCoordinate": -90, "eastBoundingCoordinate": -84.25, "northBoundingCoordinate": 31, "southBoundingCoordinate": 27}, "sizeMB": 0.02, "format": "ASCII"}, "SE_A20050820_katrina.txt": {"temporal": ["2005-08-20T00:00:00.000Z", "2005-08-20T23:59:59.000Z"], "wnes_geometry": {"westBoundingCoordinate": -90, "eastBoundingCoordinate": -84.25, "northBoundingCoordinate": 31, "southBoundingCoordinate": 27}, "sizeMB": 0.01, "format": "ASCII"}, "SE_A20050820_katrina.jpg": {"temporal": ["2005-08-20T00:00:00.000Z", "2005-08-20T23:59:59.000Z"], "wnes_geometry": {"westBoundingCoordinate": -90, "eastBoundingCoordinate": -84.25, "northBoundingCoordinate": 31, "southBoundingCoordinate": 27}, "sizeMB": 1.26, "format": "JPEG"}, "SE_A20050820_katrina.pdf": {"temporal": ["2005-08-20T00:00:00.000Z", "2005-08-20T23:59:59.000Z"], "wnes_geometry": {"westBoundingCoordinate": -90, "eastBoundingCoordinate": -84.25, "northBoundingCoordinate": 31, "southBoundingCoordinate": 27}, "sizeMB": 0.55, "format": "Not Provided"}, "SE_A20050822_katrina.txt": {"temporal": ["2005-08-22T00:00:00.000Z", "2005-08-22T23:59:59.000Z"], "wnes_geometry": {"westBoundingCoordinate": -90, "eastBoundingCoordinate": -84.25, "northBoundingCoordinate": 31, "southBoundingCoordinate": 27}, "sizeMB": 0.01, "format": "ASCII"}, "Zipped_grid_A20050822_katrina.zip": {"temporal": ["2005-08-22T00:00:00.000Z", "2005-08-22T23:59:59.000Z"], "wnes_geometry": {"westBoundingCoordinate": -90, "eastBoundingCoordinate": -84.25, "northBoundingCoordinate": 31, "southBoundingCoordinate": 27}, "sizeMB": 0.03, "format": "ASCII"}, "SE_A20050822_katrina.jpg": {"temporal": ["2005-08-22T00:00:00.000Z", "2005-08-22T23:59:59.000Z"], "wnes_geometry": {"westBoundingCoordinate": -90, "eastBoundingCoordinate": -84.25, "northBoundingCoordinate": 31, "southBoundingCoordinate": 27}, "sizeMB": 1.83, "format": "JPEG"}, "SE_A20050822_katrina.pdf": {"temporal": ["2005-08-22T00:00:00.000Z", "2005-08-22T23:59:59.000Z"], "wnes_geometry": {"westBoundingCoordinate": -90, "eastBoundingCoordinate": -84.25, "northBoundingCoordinate": 31, "southBoundingCoordinate": 27}, "sizeMB": 0.63, "format": "Not Provided"}, "SE_A20050831_katrina.txt": {"temporal": ["2005-08-31T00:00:00.000Z", "2005-08-31T23:59:59.000Z"], "wnes_geometry": {"westBoundingCoordinate": -90, "eastBoundingCoordinate": -84.25, "northBoundingCoordinate": 31, "southBoundingCoordinate": 27}, "sizeMB": 0.01, "format": "ASCII"}, "Zipped_grid_A20050831_katrina.zip": {"temporal": ["2005-08-31T00:00:00.000Z", "2005-08-31T23:59:59.000Z"], "wnes_geometry": {"westBoundingCoordinate": -90, "eastBoundingCoordinate": -84.25, "northBoundingCoordinate": 31, "southBoundingCoordinate": 27}, "sizeMB": 0.03, "format": "ASCII"}, "SE_A20050831_katrina.jpg": {"temporal": ["2005-08-31T00:00:00.000Z", "2005-08-31T23:59:59.000Z"], "wnes_geometry": {"westBoundingCoordinate": -90, "eastBoundingCoordinate": -84.25, "northBoundingCoordinate": 31, "southBoundingCoordinate": 27}, "sizeMB": 1.78, "format": "JPEG"}, "SE_A20050831_katrina.pdf": {"temporal": ["2005-08-31T00:00:00.000Z", "2005-08-31T23:59:59.000Z"], "wnes_geometry": {"westBoundingCoordinate": -90, "eastBoundingCoordinate": -84.25, "northBoundingCoordinate": 31, "southBoundingCoordinate": 27}, "sizeMB": 0.8, "format": "Not Provided"}, "Zipped_grid_A20050904_katrina.zip": {"temporal": ["2005-09-04T00:00:00.000Z", "2005-09-04T23:59:59.000Z"], "wnes_geometry": {"westBoundingCoordinate": -90, "eastBoundingCoordinate": -84.25, "northBoundingCoordinate": 31, "southBoundingCoordinate": 27}, "sizeMB": 0.03, "format": "ASCII"}, "SE_A20050904_katrina.txt": {"temporal": ["2005-09-04T00:00:00.000Z", "2005-09-04T23:59:59.000Z"], "wnes_geometry": {"westBoundingCoordinate": -90, "eastBoundingCoordinate": -84.25, "northBoundingCoordinate": 31, "southBoundingCoordinate": 27}, "sizeMB": 0.01, "format": "ASCII"}, "SE_A20050904_katrina.jpg": {"temporal": ["2005-09-04T00:00:00.000Z", "2005-09-04T23:59:59.000Z"], "wnes_geometry": {"westBoundingCoordinate": -90, "eastBoundingCoordinate": -84.25, "northBoundingCoordinate": 31, "southBoundingCoordinate": 27}, "sizeMB": 2.23, "format": "JPEG"}, "SE_A20050904_katrina.pdf": {"temporal": ["2005-09-04T00:00:00.000Z", "2005-09-04T23:59:59.000Z"], "wnes_geometry": {"westBoundingCoordinate": -90, "eastBoundingCoordinate": -84.25, "northBoundingCoordinate": 31, "southBoundingCoordinate": 27}, "sizeMB": 0.59, "format": "Not Provided"}, "SE_A20050905_katrina.jpg": {"temporal": ["2005-09-05T00:00:00.000Z", "2005-09-05T23:59:59.000Z"], "wnes_geometry": {"westBoundingCoordinate": -90, "eastBoundingCoordinate": -84.25, "northBoundingCoordinate": 31, "southBoundingCoordinate": 27}, "sizeMB": 1.22, "format": "JPEG"}, "SE_A20050905_katrina.pdf": {"temporal": ["2005-09-05T00:00:00.000Z", "2005-09-05T23:59:59.000Z"], "wnes_geometry": {"westBoundingCoordinate": -90, "eastBoundingCoordinate": -84.25, "northBoundingCoordinate": 31, "southBoundingCoordinate": 27}, "sizeMB": 0.47, "format": "Not Provided"}, "SE_A20050905_katrina.txt": {"temporal": ["2005-09-05T00:00:00.000Z", "2005-09-05T23:59:59.000Z"], "wnes_geometry": {"westBoundingCoordinate": -90, "eastBoundingCoordinate": -84.25, "northBoundingCoordinate": 31, "southBoundingCoordinate": 27}, "sizeMB": 0.01, "format": "ASCII"}, "Zipped_grid_A20050905_katrina.zip": {"temporal": ["2005-09-05T00:00:00.000Z", "2005-09-05T23:59:59.000Z"], "wnes_geometry": {"westBoundingCoordinate": -90, "eastBoundingCoordinate": -84.25, "northBoundingCoordinate": 31, "southBoundingCoordinate": 27}, "sizeMB": 0.02, "format": "ASCII"}, "SE_A20080819_fay.txt": {"temporal": ["2008-08-19T00:00:00.000Z", "2008-08-19T23:59:59.000Z"], "wnes_geometry": {"westBoundingCoordinate": -90, "eastBoundingCoordinate": -84.25, "northBoundingCoordinate": 31, "southBoundingCoordinate": 27}, "sizeMB": 0.01, "format": "ASCII"}, "SE_A20080819_fay.pdf": {"temporal": ["2008-08-19T00:00:00.000Z", "2008-08-19T23:59:59.000Z"], "wnes_geometry": {"westBoundingCoordinate": -90, "eastBoundingCoordinate": -84.25, "northBoundingCoordinate": 31, "southBoundingCoordinate": 27}, "sizeMB": 0.45, "format": "Not Provided"}, "Zipped_grid_A20080819_fay.zip": {"temporal": ["2008-08-19T00:00:00.000Z", "2008-08-19T23:59:59.000Z"], "wnes_geometry": {"westBoundingCoordinate": -90, "eastBoundingCoordinate": -84.25, "northBoundingCoordinate": 31, "southBoundingCoordinate": 27}, "sizeMB": 0.02, "format": "ASCII"}, "SE_A20080819_fay.jpg": {"temporal": ["2008-08-19T00:00:00.000Z", "2008-08-19T23:59:59.000Z"], "wnes_geometry": {"westBoundingCoordinate": -90, "eastBoundingCoordinate": -84.25, "northBoundingCoordinate": 31, "southBoundingCoordinate": 27}, "sizeMB": 1.22, "format": "JPEG"}, "SE_A20080827_gustav.pdf": {"temporal": ["2008-08-27T00:00:00.000Z", "2008-08-27T23:59:59.000Z"], "wnes_geometry": {"westBoundingCoordinate": -90, "eastBoundingCoordinate": -84.25, "northBoundingCoordinate": 31, "southBoundingCoordinate": 27}, "sizeMB": 0.5, "format": "Not Provided"}, "Zipped_grid_A20080827_fay.zip": {"temporal": ["2008-08-27T00:00:00.000Z", "2008-08-27T23:59:59.000Z"], "wnes_geometry": {"westBoundingCoordinate": -90, "eastBoundingCoordinate": -84.25, "northBoundingCoordinate": 31, "southBoundingCoordinate": 27}, "sizeMB": 0.02, "format": "ASCII"}, "SE_A20080827_gustav.jpg": {"temporal": ["2008-08-27T00:00:00.000Z", "2008-08-27T23:59:59.000Z"], "wnes_geometry": {"westBoundingCoordinate": -90, "eastBoundingCoordinate": -84.25, "northBoundingCoordinate": 31, "southBoundingCoordinate": 27}, "sizeMB": 1.32, "format": "JPEG"}, "SE_A20080827_fay.jpg": {"temporal": ["2008-08-27T00:00:00.000Z", "2008-08-27T23:59:59.000Z"], "wnes_geometry": {"westBoundingCoordinate": -90, "eastBoundingCoordinate": -84.25, "northBoundingCoordinate": 31, "southBoundingCoordinate": 27}, "sizeMB": 1.26, "format": "JPEG"}, "Zipped_grid_A20080827_gustav.zip": {"temporal": ["2008-08-27T00:00:00.000Z", "2008-08-27T23:59:59.000Z"], "wnes_geometry": {"westBoundingCoordinate": -90, "eastBoundingCoordinate": -84.25, "northBoundingCoordinate": 31, "southBoundingCoordinate": 27}, "sizeMB": 0.02, "format": "ASCII"}, "SE_A20080827_fay.txt": {"temporal": ["2008-08-27T00:00:00.000Z", "2008-08-27T23:59:59.000Z"], "wnes_geometry": {"westBoundingCoordinate": -90, "eastBoundingCoordinate": -84.25, "northBoundingCoordinate": 31, "southBoundingCoordinate": 27}, "sizeMB": 0.01, "format": "ASCII"}, "SE_A20080827_fay.pdf": {"temporal": ["2008-08-27T00:00:00.000Z", "2008-08-27T23:59:59.000Z"], "wnes_geometry": {"westBoundingCoordinate": -90, "eastBoundingCoordinate": -84.25, "northBoundingCoordinate": 31, "southBoundingCoordinate": 27}, "sizeMB": 0.48, "format": "Not Provided"}, "SE_A20080827_gustav.txt": {"temporal": ["2008-08-27T00:00:00.000Z", "2008-08-27T23:59:59.000Z"], "wnes_geometry": {"westBoundingCoordinate": -90, "eastBoundingCoordinate": -84.25, "northBoundingCoordinate": 31, "southBoundingCoordinate": 27}, "sizeMB": 0.01, "format": "ASCII"}, "SE_A20080828_fay.pdf": {"temporal": ["2008-08-28T00:00:00.000Z", "2008-08-28T23:59:59.000Z"], "wnes_geometry": {"westBoundingCoordinate": -90, "eastBoundingCoordinate": -84.25, "northBoundingCoordinate": 31, "southBoundingCoordinate": 27}, "sizeMB": 0.49, "format": "Not Provided"}, "SE_A20080828_gustav.txt": {"temporal": ["2008-08-28T00:00:00.000Z", "2008-08-28T23:59:59.000Z"], "wnes_geometry": {"westBoundingCoordinate": -90, "eastBoundingCoordinate": -84.25, "northBoundingCoordinate": 31, "southBoundingCoordinate": 27}, "sizeMB": 0.01, "format": "ASCII"}, "Zipped_grid_A20080828_fay.zip": {"temporal": ["2008-08-28T00:00:00.000Z", "2008-08-28T23:59:59.000Z"], "wnes_geometry": {"westBoundingCoordinate": -90, "eastBoundingCoordinate": -84.25, "northBoundingCoordinate": 31, "southBoundingCoordinate": 27}, "sizeMB": 0.02, "format": "ASCII"}, "SE_A20080828_gustav.jpg": {"temporal": ["2008-08-28T00:00:00.000Z", "2008-08-28T23:59:59.000Z"], "wnes_geometry": {"westBoundingCoordinate": -90, "eastBoundingCoordinate": -84.25, "northBoundingCoordinate": 31, "southBoundingCoordinate": 27}, "sizeMB": 1.3, "format": "JPEG"}, "SE_A20080828_fay.txt": {"temporal": ["2008-08-28T00:00:00.000Z", "2008-08-28T23:59:59.000Z"], "wnes_geometry": {"westBoundingCoordinate": -90, "eastBoundingCoordinate": -84.25, "northBoundingCoordinate": 31, "southBoundingCoordinate": 27}, "sizeMB": 0.01, "format": "ASCII"}, "SE_A20080828_fay.jpg": {"temporal": ["2008-08-28T00:00:00.000Z", "2008-08-28T23:59:59.000Z"], "wnes_geometry": {"westBoundingCoordinate": -90, "eastBoundingCoordinate": -84.25, "northBoundingCoordinate": 31, "southBoundingCoordinate": 27}, "sizeMB": 1.36, "format": "JPEG"}, "SE_A20080828_gustav.pdf": {"temporal": ["2008-08-28T00:00:00.000Z", "2008-08-28T23:59:59.000Z"], "wnes_geometry": {"westBoundingCoordinate": -90, "eastBoundingCoordinate": -84.25, "northBoundingCoordinate": 31, "southBoundingCoordinate": 27}, "sizeMB": 0.48, "format": "Not Provided"}, "Zipped_grid_A20080828_gustav.zip": {"temporal": ["2008-08-28T00:00:00.000Z", "2008-08-28T23:59:59.000Z"], "wnes_geometry": {"westBoundingCoordinate": -90, "eastBoundingCoordinate": -84.25, "northBoundingCoordinate": 31, "southBoundingCoordinate": 27}, "sizeMB": 0.02, "format": "ASCII"}, "Zipped_grid_A20080830_fay.zip": {"temporal": ["2008-08-30T00:00:00.000Z", "2008-08-30T23:59:59.000Z"], "wnes_geometry": {"westBoundingCoordinate": -90, "eastBoundingCoordinate": -84.25, "northBoundingCoordinate": 31, "southBoundingCoordinate": 27}, "sizeMB": 0.02, "format": "ASCII"}, "SE_A20080830_gustav.pdf": {"temporal": ["2008-08-30T00:00:00.000Z", "2008-08-30T23:59:59.000Z"], "wnes_geometry": {"westBoundingCoordinate": -90, "eastBoundingCoordinate": -84.25, "northBoundingCoordinate": 31, "southBoundingCoordinate": 27}, "sizeMB": 0.63, "format": "Not Provided"}, "SE_A20080830_fay.pdf": {"temporal": ["2008-08-30T00:00:00.000Z", "2008-08-30T23:59:59.000Z"], "wnes_geometry": {"westBoundingCoordinate": -90, "eastBoundingCoordinate": -84.25, "northBoundingCoordinate": 31, "southBoundingCoordinate": 27}, "sizeMB": 0.57, "format": "Not Provided"}, "SE_A20080830_gustav.jpg": {"temporal": ["2008-08-30T00:00:00.000Z", "2008-08-30T23:59:59.000Z"], "wnes_geometry": {"westBoundingCoordinate": -90, "eastBoundingCoordinate": -84.25, "northBoundingCoordinate": 31, "southBoundingCoordinate": 27}, "sizeMB": 1.51, "format": "JPEG"}, "SE_A20080830_gustav.txt": {"temporal": ["2008-08-30T00:00:00.000Z", "2008-08-30T23:59:59.000Z"], "wnes_geometry": {"westBoundingCoordinate": -90, "eastBoundingCoordinate": -84.25, "northBoundingCoordinate": 31, "southBoundingCoordinate": 27}, "sizeMB": 0.01, "format": "ASCII"}, "SE_A20080830_fay.jpg": {"temporal": ["2008-08-30T00:00:00.000Z", "2008-08-30T23:59:59.000Z"], "wnes_geometry": {"westBoundingCoordinate": -90, "eastBoundingCoordinate": -84.25, "northBoundingCoordinate": 31, "southBoundingCoordinate": 27}, "sizeMB": 1.38, "format": "JPEG"}, "SE_A20080830_fay.txt": {"temporal": ["2008-08-30T00:00:00.000Z", "2008-08-30T23:59:59.000Z"], "wnes_geometry": {"westBoundingCoordinate": -90, "eastBoundingCoordinate": -84.25, "northBoundingCoordinate": 31, "southBoundingCoordinate": 27}, "sizeMB": 0.01, "format": "ASCII"}, "Zipped_grid_A20080830_gustav.zip": {"temporal": ["2008-08-30T00:00:00.000Z", "2008-08-30T23:59:59.000Z"], "wnes_geometry": {"westBoundingCoordinate": -90, "eastBoundingCoordinate": -84.25, "northBoundingCoordinate": 31, "southBoundingCoordinate": 27}, "sizeMB": 0.02, "format": "ASCII"}, "SE_A20080906_gustav.txt": {"temporal": ["2008-09-06T00:00:00.000Z", "2008-09-06T23:59:59.000Z"], "wnes_geometry": {"westBoundingCoordinate": -90, "eastBoundingCoordinate": -84.25, "northBoundingCoordinate": 31, "southBoundingCoordinate": 27}, "sizeMB": 0.01, "format": "ASCII"}, "Zipped_grid_A20080906_gustav.zip": {"temporal": ["2008-09-06T00:00:00.000Z", "2008-09-06T23:59:59.000Z"], "wnes_geometry": {"westBoundingCoordinate": -90, "eastBoundingCoordinate": -84.25, "northBoundingCoordinate": 31, "southBoundingCoordinate": 27}, "sizeMB": 0.02, "format": "ASCII"}, "SE_A20080906_gustav.pdf": {"temporal": ["2008-09-06T00:00:00.000Z", "2008-09-06T23:59:59.000Z"], "wnes_geometry": {"westBoundingCoordinate": -90, "eastBoundingCoordinate": -84.25, "northBoundingCoordinate": 31, "southBoundingCoordinate": 27}, "sizeMB": 0.45, "format": "Not Provided"}, "SE_A20080906_gustav.jpg": {"temporal": ["2008-09-06T00:00:00.000Z", "2008-09-06T23:59:59.000Z"], "wnes_geometry": {"westBoundingCoordinate": -90, "eastBoundingCoordinate": -84.25, "northBoundingCoordinate": 31, "southBoundingCoordinate": 27}, "sizeMB": 1.21, "format": "JPEG"}, "SE_A20080908_gustav.pdf": {"temporal": ["2008-09-08T00:00:00.000Z", "2008-09-08T23:59:59.000Z"], "wnes_geometry": {"westBoundingCoordinate": -90, "eastBoundingCoordinate": -84.25, "northBoundingCoordinate": 31, "southBoundingCoordinate": 27}, "sizeMB": 0.68, "format": "Not Provided"}, "SE_A20080908_gustav.txt": {"temporal": ["2008-09-08T00:00:00.000Z", "2008-09-08T23:59:59.000Z"], "wnes_geometry": {"westBoundingCoordinate": -90, "eastBoundingCoordinate": -84.25, "northBoundingCoordinate": 31, "southBoundingCoordinate": 27}, "sizeMB": 0.01, "format": "ASCII"}, "Zipped_grid_A20080908_gustav.zip": {"temporal": ["2008-09-08T00:00:00.000Z", "2008-09-08T23:59:59.000Z"], "wnes_geometry": {"westBoundingCoordinate": -90, "eastBoundingCoordinate": -84.25, "northBoundingCoordinate": 31, "southBoundingCoordinate": 27}, "sizeMB": 0.03, "format": "ASCII"}, "SE_A20080908_gustav.jpg": {"temporal": ["2008-09-08T00:00:00.000Z", "2008-09-08T23:59:59.000Z"], "wnes_geometry": {"westBoundingCoordinate": -90, "eastBoundingCoordinate": -84.25, "northBoundingCoordinate": 31, "southBoundingCoordinate": 27}, "sizeMB": 2.11, "format": "JPEG"}}