{"TCSP_MTP_20050702_MP.txt": {"temporal": ["2005-07-02T12:58:40.000Z", "2005-07-02T17:00:50.000Z"], "wnes_geometry": {"westBoundingCoordinate": -85.131, "eastBoundingCoordinate": -80.645, "northBoundingCoordinate": 15.225, "southBoundingCoordinate": 9.533}, "sizeMB": 0.67, "format": "Not provided"}, "TCSP_MTP_20050705_MP.txt": {"temporal": ["2005-07-05T17:53:58.000Z", "2005-07-06T01:04:11.000Z"], "wnes_geometry": {"westBoundingCoordinate": -84.448, "eastBoundingCoordinate": -65.918, "northBoundingCoordinate": 16.256, "southBoundingCoordinate": 9.74}, "sizeMB": 1.48, "format": "Not provided"}, "TCSP_MTP_20050706_MP.txt": {"temporal": ["2005-07-06T19:47:45.000Z", "2005-07-07T04:02:32.000Z"], "wnes_geometry": {"westBoundingCoordinate": -84.465, "eastBoundingCoordinate": -71.176, "northBoundingCoordinate": 17.82, "southBoundingCoordinate": 9.912}, "sizeMB": 1.46, "format": "Not provided"}, "TCSP_MTP_20050709_MP.txt": {"temporal": ["2005-07-09T10:51:09.000Z", "2005-07-09T18:12:55.000Z"], "wnes_geometry": {"westBoundingCoordinate": -86.25, "eastBoundingCoordinate": -82.104, "northBoundingCoordinate": 24.784, "southBoundingCoordinate": 9.773}, "sizeMB": 1.41, "format": "Not provided"}, "TCSP_MTP_20050715_MP.txt": {"temporal": ["2005-07-15T06:02:32.000Z", "2005-07-15T12:33:08.000Z"], "wnes_geometry": {"westBoundingCoordinate": -97.407, "eastBoundingCoordinate": -84.209, "northBoundingCoordinate": 14.006, "southBoundingCoordinate": 8.333}, "sizeMB": 1.29, "format": "Not provided"}, "TCSP_MTP_20050716_MP.txt": {"temporal": ["2005-07-16T06:04:50.000Z", "2005-07-16T12:48:29.000Z"], "wnes_geometry": {"westBoundingCoordinate": -91.288, "eastBoundingCoordinate": -84.224, "northBoundingCoordinate": 11.236, "southBoundingCoordinate": 4.684}, "sizeMB": 1.46, "format": "Not provided"}, "TCSP_MTP_20050717_MP.txt": {"temporal": ["2005-07-17T06:03:53.000Z", "2005-07-17T13:42:21.000Z"], "wnes_geometry": {"westBoundingCoordinate": -84.445, "eastBoundingCoordinate": -79.722, "northBoundingCoordinate": 19.097, "southBoundingCoordinate": 9.679}, "sizeMB": 1.4, "format": "Not provided"}, "TCSP_MTP_20050720_MP.txt": {"temporal": ["2005-07-20T06:04:54.000Z", "2005-07-20T12:29:10.000Z"], "wnes_geometry": {"westBoundingCoordinate": -90.978, "eastBoundingCoordinate": -84.209, "northBoundingCoordinate": 13.296, "southBoundingCoordinate": 7.931}, "sizeMB": 1.24, "format": "Not provided"}, "TCSP_MTP_20050723_MP.txt": {"temporal": ["2005-07-23T02:10:52.000Z", "2005-07-23T10:09:45.000Z"], "wnes_geometry": {"westBoundingCoordinate": -92.518, "eastBoundingCoordinate": -82.139, "northBoundingCoordinate": 22.804, "southBoundingCoordinate": 9.878}, "sizeMB": 1.68, "format": "Not provided"}, "TCSP_MTP_20050724_MP.txt": {"temporal": ["2005-07-24T02:04:17.000Z", "2005-07-24T09:53:23.000Z"], "wnes_geometry": {"westBoundingCoordinate": -96.569, "eastBoundingCoordinate": -82.517, "northBoundingCoordinate": 21.908, "southBoundingCoordinate": 9.793}, "sizeMB": 1.63, "format": "Not provided"}, "TCSP_MTP_20050725_MP.txt": {"temporal": ["2005-07-25T02:03:19.000Z", "2005-07-25T10:05:18.000Z"], "wnes_geometry": {"westBoundingCoordinate": -99.737, "eastBoundingCoordinate": -83.762, "northBoundingCoordinate": 23.234, "southBoundingCoordinate": 9.906}, "sizeMB": 1.78, "format": "Not provided"}, "TCSP_MTP_20050727_MP.txt": {"temporal": ["2005-07-27T06:01:44.000Z", "2005-07-27T11:39:46.000Z"], "wnes_geometry": {"westBoundingCoordinate": -91.609, "eastBoundingCoordinate": -80.537, "northBoundingCoordinate": 13.112, "southBoundingCoordinate": 8.985}, "sizeMB": 1.02, "format": "Not provided"}}