{"TCSP_LIP_cond_2005.183_050702_1250.txt": {"temporal": ["2005-07-02T12:50:35.000Z", "2005-07-02T16:58:19.000Z"], "wnes_geometry": {"westBoundingCoordinate": -85.13, "eastBoundingCoordinate": -80.644, "northBoundingCoordinate": 15.224, "southBoundingCoordinate": 9.533}, "sizeMB": 3.32, "format": "Not provided"}, "TCSP_LIP_fieldmill_2005.183_050702.txt": {"temporal": ["2005-07-02T12:50:58.000Z", "2005-07-02T16:58:19.000Z"], "wnes_geometry": {"westBoundingCoordinate": -85.13, "eastBoundingCoordinate": -80.644, "northBoundingCoordinate": 15.224, "southBoundingCoordinate": 9.533}, "sizeMB": 1.44, "format": "Not provided"}, "TCSP_LIP_fieldmill_2005.186_050705.txt": {"temporal": ["2005-07-05T17:54:35.000Z", "2005-07-06T01:02:00.000Z"], "wnes_geometry": {"westBoundingCoordinate": -84.45, "eastBoundingCoordinate": -65.918, "northBoundingCoordinate": 16.259, "southBoundingCoordinate": 9.741}, "sizeMB": 2.43, "format": "Not provided"}, "TCSP_LIP_cond_2005.186_050705_1754.txt": {"temporal": ["2005-07-05T17:54:35.000Z", "2005-07-06T01:02:00.000Z"], "wnes_geometry": {"westBoundingCoordinate": -84.45, "eastBoundingCoordinate": -65.918, "northBoundingCoordinate": 16.259, "southBoundingCoordinate": 9.741}, "sizeMB": 5.72, "format": "Not provided"}, "TCSP_LIP_cond_2005.187_050706_1948.txt": {"temporal": ["2005-07-06T19:48:22.000Z", "2005-07-07T04:02:34.000Z"], "wnes_geometry": {"westBoundingCoordinate": -84.465, "eastBoundingCoordinate": -71.171, "northBoundingCoordinate": 17.817, "southBoundingCoordinate": 9.912}, "sizeMB": 6.81, "format": "Not provided"}, "TCSP_LIP_fieldmill_2005.187_050706.txt": {"temporal": ["2005-07-06T19:48:22.000Z", "2005-07-07T04:02:34.000Z"], "wnes_geometry": {"westBoundingCoordinate": -84.465, "eastBoundingCoordinate": -71.171, "northBoundingCoordinate": 17.817, "southBoundingCoordinate": 9.912}, "sizeMB": 2.89, "format": "Not provided"}, "TCSP_LIP_cond_2005.190_050709_1051.txt": {"temporal": ["2005-07-09T10:51:01.000Z", "2005-07-09T18:10:01.000Z"], "wnes_geometry": {"westBoundingCoordinate": -86.25, "eastBoundingCoordinate": -82.103, "northBoundingCoordinate": 24.785, "southBoundingCoordinate": 9.773}, "sizeMB": 5.57, "format": "Not provided"}, "TCSP_LIP_fieldmill_2005.190_050709.txt": {"temporal": ["2005-07-09T10:51:01.000Z", "2005-07-09T18:10:01.000Z"], "wnes_geometry": {"westBoundingCoordinate": -86.25, "eastBoundingCoordinate": -82.103, "northBoundingCoordinate": 24.785, "southBoundingCoordinate": 9.773}, "sizeMB": 2.63, "format": "Not provided"}, "TCSP_LIP_fieldmill_2005.196_050715.txt": {"temporal": ["2005-07-15T05:51:39.000Z", "2005-07-15T11:50:42.000Z"], "wnes_geometry": {"westBoundingCoordinate": -97.411, "eastBoundingCoordinate": -84.164, "northBoundingCoordinate": 14.007, "southBoundingCoordinate": 8.333}, "sizeMB": 2.27, "format": "Not provided"}, "TCSP_LIP_cond_2005.196_050715_0551.txt": {"temporal": ["2005-07-15T05:51:39.000Z", "2005-07-15T11:50:42.000Z"], "wnes_geometry": {"westBoundingCoordinate": -97.411, "eastBoundingCoordinate": -84.164, "northBoundingCoordinate": 14.007, "southBoundingCoordinate": 8.333}, "sizeMB": 4.93, "format": "Not provided"}, "TCSP_LIP_fieldmill_2005.197_050716.txt": {"temporal": ["2005-07-16T05:55:08.000Z", "2005-07-16T12:50:00.000Z"], "wnes_geometry": {"westBoundingCoordinate": -91.289, "eastBoundingCoordinate": -84.151, "northBoundingCoordinate": 11.237, "southBoundingCoordinate": 4.683}, "sizeMB": 2.45, "format": "Not provided"}, "TCSP_LIP_cond_2005.197_050716_0555.txt": {"temporal": ["2005-07-16T05:55:08.000Z", "2005-07-16T12:50:00.000Z"], "wnes_geometry": {"westBoundingCoordinate": -91.289, "eastBoundingCoordinate": -84.151, "northBoundingCoordinate": 11.237, "southBoundingCoordinate": 4.683}, "sizeMB": 5, "format": "Not provided"}, "TCSP_LIP_cond_2005.198_050717_0550.txt": {"temporal": ["2005-07-17T05:50:27.000Z", "2005-07-17T13:41:30.000Z"], "wnes_geometry": {"westBoundingCoordinate": -84.444, "eastBoundingCoordinate": -79.723, "northBoundingCoordinate": 19.097, "southBoundingCoordinate": 9.678}, "sizeMB": 6.51, "format": "Not provided"}, "TCSP_LIP_fieldmill_2005.198_050717.txt": {"temporal": ["2005-07-17T05:50:27.000Z", "2005-07-17T13:41:30.000Z"], "wnes_geometry": {"westBoundingCoordinate": -84.444, "eastBoundingCoordinate": -79.723, "northBoundingCoordinate": 19.097, "southBoundingCoordinate": 9.678}, "sizeMB": 2.8, "format": "Not provided"}, "TCSP_LIP_fieldmill_2005.201_050720.txt": {"temporal": ["2005-07-20T05:51:15.000Z", "2005-07-20T12:22:14.000Z"], "wnes_geometry": {"westBoundingCoordinate": -90.978, "eastBoundingCoordinate": -84.158, "northBoundingCoordinate": 13.299, "southBoundingCoordinate": 7.93}, "sizeMB": 2.36, "format": "Not provided"}, "TCSP_LIP_cond_2005.201_050720_0551.txt": {"temporal": ["2005-07-20T05:51:15.000Z", "2005-07-20T12:22:14.000Z"], "wnes_geometry": {"westBoundingCoordinate": -90.978, "eastBoundingCoordinate": -84.158, "northBoundingCoordinate": 13.299, "southBoundingCoordinate": 7.93}, "sizeMB": 5.27, "format": "Not provided"}, "TCSP_LIP_cond_2005.204_050723_0200.txt": {"temporal": ["2005-07-23T02:00:40.000Z", "2005-07-23T09:59:38.000Z"], "wnes_geometry": {"westBoundingCoordinate": -92.521, "eastBoundingCoordinate": -82.139, "northBoundingCoordinate": 22.805, "southBoundingCoordinate": 9.878}, "sizeMB": 6.72, "format": "Not provided"}, "TCSP_LIP_fieldmill_2005.204_050723.txt": {"temporal": ["2005-07-23T02:29:57.000Z", "2005-07-23T09:59:38.000Z"], "wnes_geometry": {"westBoundingCoordinate": -92.521, "eastBoundingCoordinate": -82.139, "northBoundingCoordinate": 22.805, "southBoundingCoordinate": 9.878}, "sizeMB": 2.71, "format": "Not provided"}, "TCSP_LIP_fieldmill_2005.205_050724.txt": {"temporal": ["2005-07-24T01:53:54.000Z", "2005-07-24T09:44:53.000Z"], "wnes_geometry": {"westBoundingCoordinate": -96.567, "eastBoundingCoordinate": -53.067, "northBoundingCoordinate": 21.908, "southBoundingCoordinate": 6.61}, "sizeMB": 2.82, "format": "Not provided"}, "TCSP_LIP_cond_2005.205_050724_0153.txt": {"temporal": ["2005-07-24T01:53:54.000Z", "2005-07-24T09:44:53.000Z"], "wnes_geometry": {"westBoundingCoordinate": -96.567, "eastBoundingCoordinate": -53.067, "northBoundingCoordinate": 21.908, "southBoundingCoordinate": 6.61}, "sizeMB": 6.59, "format": "Not provided"}, "TCSP_LIP_cond_2005.206_050725_0153.txt": {"temporal": ["2005-07-25T01:53:39.000Z", "2005-07-25T10:00:37.000Z"], "wnes_geometry": {"westBoundingCoordinate": -99.737, "eastBoundingCoordinate": -83.761, "northBoundingCoordinate": 23.235, "southBoundingCoordinate": 9.906}, "sizeMB": 6.84, "format": "Not provided"}, "TCSP_LIP_fieldmill_2005.206_050725.txt": {"temporal": ["2005-07-25T01:53:39.000Z", "2005-07-25T10:00:37.000Z"], "wnes_geometry": {"westBoundingCoordinate": -99.737, "eastBoundingCoordinate": -83.761, "northBoundingCoordinate": 23.235, "southBoundingCoordinate": 9.906}, "sizeMB": 2.93, "format": "Not provided"}, "TCSP_LIP_fieldmill_2005.208_050727.txt": {"temporal": ["2005-07-27T05:55:00.000Z", "2005-07-27T11:30:00.000Z"], "wnes_geometry": {"westBoundingCoordinate": -91.61, "eastBoundingCoordinate": -80.538, "northBoundingCoordinate": 13.113, "southBoundingCoordinate": 8.987}, "sizeMB": 2.06, "format": "Not provided"}, "TCSP_LIP_cond_2005.208_050727_0555.txt": {"temporal": ["2005-07-27T05:55:00.000Z", "2005-07-27T11:30:00.000Z"], "wnes_geometry": {"westBoundingCoordinate": -91.61, "eastBoundingCoordinate": -80.538, "northBoundingCoordinate": 13.113, "southBoundingCoordinate": 8.987}, "sizeMB": 4.74, "format": "Not provided"}}