{"Mission_Scientist_Report_07-15-05.txt": {"temporal": ["2005-07-01T00:00:00.000Z", "2005-07-27T23:59:00.000Z"], "wnes_geometry": {"westBoundingCoordinate": -115, "eastBoundingCoordinate": -62, "northBoundingCoordinate": 32, "southBoundingCoordinate": 4}, "sizeMB": 0, "format": "ASCII"}, "Mission_Scientist_Report_07-25-05.txt": {"temporal": ["2005-07-01T00:00:00.000Z", "2005-07-27T23:59:00.000Z"], "wnes_geometry": {"westBoundingCoordinate": -115, "eastBoundingCoordinate": -62, "northBoundingCoordinate": 32, "southBoundingCoordinate": 4}, "sizeMB": 0, "format": "ASCII"}, "Mission_Scientist_Report_07-17-05.txt": {"temporal": ["2005-07-01T00:00:00.000Z", "2005-07-27T23:59:00.000Z"], "wnes_geometry": {"westBoundingCoordinate": -115, "eastBoundingCoordinate": -62, "northBoundingCoordinate": 32, "southBoundingCoordinate": 4}, "sizeMB": 0, "format": "ASCII"}, "P3_Mission_Summary_07-08-05_42.doc": {"temporal": ["2005-07-01T00:00:00.000Z", "2005-07-27T23:59:00.000Z"], "wnes_geometry": {"westBoundingCoordinate": -115, "eastBoundingCoordinate": -62, "northBoundingCoordinate": 32, "southBoundingCoordinate": 4}, "sizeMB": 0.3, "format": "Not Provided"}, "Ticosonde_Mission_Summary.doc": {"temporal": ["2005-07-01T00:00:00.000Z", "2005-07-27T23:59:00.000Z"], "wnes_geometry": {"westBoundingCoordinate": -115, "eastBoundingCoordinate": -62, "northBoundingCoordinate": 32, "southBoundingCoordinate": 4}, "sizeMB": 0.02, "format": "Not Provided"}, "Mission_Scientist_Report_07-27-05.txt": {"temporal": ["2005-07-01T00:00:00.000Z", "2005-07-27T23:59:00.000Z"], "wnes_geometry": {"westBoundingCoordinate": -115, "eastBoundingCoordinate": -62, "northBoundingCoordinate": 32, "southBoundingCoordinate": 4}, "sizeMB": 0, "format": "ASCII"}, "Mission_Scientist_Report_07-06-05.txt": {"temporal": ["2005-07-01T00:00:00.000Z", "2005-07-27T23:59:00.000Z"], "wnes_geometry": {"westBoundingCoordinate": -115, "eastBoundingCoordinate": -62, "northBoundingCoordinate": 32, "southBoundingCoordinate": 4}, "sizeMB": 0, "format": "ASCII"}, "Mission_Scientist_Report_07-16-05.txt": {"temporal": ["2005-07-01T00:00:00.000Z", "2005-07-27T23:59:00.000Z"], "wnes_geometry": {"westBoundingCoordinate": -115, "eastBoundingCoordinate": -62, "northBoundingCoordinate": 32, "southBoundingCoordinate": 4}, "sizeMB": 0, "format": "ASCII"}, "Mission_Scientist_Report_07-20-05.txt": {"temporal": ["2005-07-01T00:00:00.000Z", "2005-07-27T23:59:00.000Z"], "wnes_geometry": {"westBoundingCoordinate": -115, "eastBoundingCoordinate": -62, "northBoundingCoordinate": 32, "southBoundingCoordinate": 4}, "sizeMB": 0, "format": "ASCII"}, "ER-2_Flight_Summary_07-20-05.doc": {"temporal": ["2005-07-01T00:00:00.000Z", "2005-07-27T23:59:00.000Z"], "wnes_geometry": {"westBoundingCoordinate": -115, "eastBoundingCoordinate": -62, "northBoundingCoordinate": 32, "southBoundingCoordinate": 4}, "sizeMB": 0.03, "format": "Not Provided"}, "ER-2_Flight_Summary_07-24-05.doc": {"temporal": ["2005-07-01T00:00:00.000Z", "2005-07-27T23:59:00.000Z"], "wnes_geometry": {"westBoundingCoordinate": -115, "eastBoundingCoordinate": -62, "northBoundingCoordinate": 32, "southBoundingCoordinate": 4}, "sizeMB": 0.03, "format": "Not Provided"}, "P3_Mission_Summary_07-17-05_49.doc": {"temporal": ["2005-07-01T00:00:00.000Z", "2005-07-27T23:59:00.000Z"], "wnes_geometry": {"westBoundingCoordinate": -115, "eastBoundingCoordinate": -62, "northBoundingCoordinate": 32, "southBoundingCoordinate": 4}, "sizeMB": 0.09, "format": "Not Provided"}, "Mission_Scientist_Report_07-02-05.txt": {"temporal": ["2005-07-01T00:00:00.000Z", "2005-07-27T23:59:00.000Z"], "wnes_geometry": {"westBoundingCoordinate": -115, "eastBoundingCoordinate": -62, "northBoundingCoordinate": 32, "southBoundingCoordinate": 4}, "sizeMB": 0, "format": "ASCII"}, "P3_Mission_Summary_07-23-05_42.doc": {"temporal": ["2005-07-01T00:00:00.000Z", "2005-07-27T23:59:00.000Z"], "wnes_geometry": {"westBoundingCoordinate": -115, "eastBoundingCoordinate": -62, "northBoundingCoordinate": 32, "southBoundingCoordinate": 4}, "sizeMB": 1.32, "format": "Not Provided"}, "P3_Mission_Summary_07-22-05_43.doc": {"temporal": ["2005-07-01T00:00:00.000Z", "2005-07-27T23:59:00.000Z"], "wnes_geometry": {"westBoundingCoordinate": -115, "eastBoundingCoordinate": -62, "northBoundingCoordinate": 32, "southBoundingCoordinate": 4}, "sizeMB": 0.03, "format": "Not Provided"}, "P3_Mission_Summary_07-06-05_43.doc": {"temporal": ["2005-07-01T00:00:00.000Z", "2005-07-27T23:59:00.000Z"], "wnes_geometry": {"westBoundingCoordinate": -115, "eastBoundingCoordinate": -62, "northBoundingCoordinate": 32, "southBoundingCoordinate": 4}, "sizeMB": 1.62, "format": "Not Provided"}, "P3_Mission_Summary_07-18-05_49.doc": {"temporal": ["2005-07-01T00:00:00.000Z", "2005-07-27T23:59:00.000Z"], "wnes_geometry": {"westBoundingCoordinate": -115, "eastBoundingCoordinate": -62, "northBoundingCoordinate": 32, "southBoundingCoordinate": 4}, "sizeMB": 0.07, "format": "Not Provided"}, "P3_Mission_Summary_07-05-05_43.doc": {"temporal": ["2005-07-01T00:00:00.000Z", "2005-07-27T23:59:00.000Z"], "wnes_geometry": {"westBoundingCoordinate": -115, "eastBoundingCoordinate": -62, "northBoundingCoordinate": 32, "southBoundingCoordinate": 4}, "sizeMB": 1.44, "format": "Not Provided"}, "Aerosonde_Flight_Summary_07-17-05.doc": {"temporal": ["2005-07-01T00:00:00.000Z", "2005-07-27T23:59:00.000Z"], "wnes_geometry": {"westBoundingCoordinate": -115, "eastBoundingCoordinate": -62, "northBoundingCoordinate": 32, "southBoundingCoordinate": 4}, "sizeMB": 0.02, "format": "Not Provided"}, "Aerosonde_Flight_Summary_07-20-05.doc": {"temporal": ["2005-07-01T00:00:00.000Z", "2005-07-27T23:59:00.000Z"], "wnes_geometry": {"westBoundingCoordinate": -115, "eastBoundingCoordinate": -62, "northBoundingCoordinate": 32, "southBoundingCoordinate": 4}, "sizeMB": 0.02, "format": "Not Provided"}, "ER-2_Flight_Summary_07-05-05.doc": {"temporal": ["2005-07-01T00:00:00.000Z", "2005-07-27T23:59:00.000Z"], "wnes_geometry": {"westBoundingCoordinate": -115, "eastBoundingCoordinate": -62, "northBoundingCoordinate": 32, "southBoundingCoordinate": 4}, "sizeMB": 0.03, "format": "Not Provided"}, "ER-2_Flight_Summary_07-06-05.doc": {"temporal": ["2005-07-01T00:00:00.000Z", "2005-07-27T23:59:00.000Z"], "wnes_geometry": {"westBoundingCoordinate": -115, "eastBoundingCoordinate": -62, "northBoundingCoordinate": 32, "southBoundingCoordinate": 4}, "sizeMB": 0.04, "format": "Not Provided"}, "P3_Mission_Summary_07-16-05_42.doc": {"temporal": ["2005-07-01T00:00:00.000Z", "2005-07-27T23:59:00.000Z"], "wnes_geometry": {"westBoundingCoordinate": -115, "eastBoundingCoordinate": -62, "northBoundingCoordinate": 32, "southBoundingCoordinate": 4}, "sizeMB": 0.71, "format": "Not Provided"}, "Aerosonde_Flight_Summary_07-07-05.doc": {"temporal": ["2005-07-01T00:00:00.000Z", "2005-07-27T23:59:00.000Z"], "wnes_geometry": {"westBoundingCoordinate": -115, "eastBoundingCoordinate": -62, "northBoundingCoordinate": 32, "southBoundingCoordinate": 4}, "sizeMB": 0.02, "format": "Not Provided"}, "ER-2_Flight_Summary_07-27-05.doc": {"temporal": ["2005-07-01T00:00:00.000Z", "2005-07-27T23:59:00.000Z"], "wnes_geometry": {"westBoundingCoordinate": -115, "eastBoundingCoordinate": -62, "northBoundingCoordinate": 32, "southBoundingCoordinate": 4}, "sizeMB": 0.03, "format": "Not Provided"}, "Aerosonde_Flight_Summary_07-14-05.doc": {"temporal": ["2005-07-01T00:00:00.000Z", "2005-07-27T23:59:00.000Z"], "wnes_geometry": {"westBoundingCoordinate": -115, "eastBoundingCoordinate": -62, "northBoundingCoordinate": 32, "southBoundingCoordinate": 4}, "sizeMB": 0.02, "format": "Not Provided"}, "P3_Mission_Summary_07-10-05_43.doc": {"temporal": ["2005-07-01T00:00:00.000Z", "2005-07-27T23:59:00.000Z"], "wnes_geometry": {"westBoundingCoordinate": -115, "eastBoundingCoordinate": -62, "northBoundingCoordinate": 32, "southBoundingCoordinate": 4}, "sizeMB": 0.17, "format": "Not Provided"}, "ER-2_Flight_Summary_07-09-05.doc": {"temporal": ["2005-07-01T00:00:00.000Z", "2005-07-27T23:59:00.000Z"], "wnes_geometry": {"westBoundingCoordinate": -115, "eastBoundingCoordinate": -62, "northBoundingCoordinate": 32, "southBoundingCoordinate": 4}, "sizeMB": 0.03, "format": "Not Provided"}, "P3_Mission_Summary_07-10-05_42.doc": {"temporal": ["2005-07-01T00:00:00.000Z", "2005-07-27T23:59:00.000Z"], "wnes_geometry": {"westBoundingCoordinate": -115, "eastBoundingCoordinate": -62, "northBoundingCoordinate": 32, "southBoundingCoordinate": 4}, "sizeMB": 0.36, "format": "Not Provided"}, "P3_Mission_Summary_07-24-05_43.doc": {"temporal": ["2005-07-01T00:00:00.000Z", "2005-07-27T23:59:00.000Z"], "wnes_geometry": {"westBoundingCoordinate": -115, "eastBoundingCoordinate": -62, "northBoundingCoordinate": 32, "southBoundingCoordinate": 4}, "sizeMB": 14.95, "format": "Not Provided"}, "ER-2_Flight_Summary_07-23-05.doc": {"temporal": ["2005-07-01T00:00:00.000Z", "2005-07-27T23:59:00.000Z"], "wnes_geometry": {"westBoundingCoordinate": -115, "eastBoundingCoordinate": -62, "northBoundingCoordinate": 32, "southBoundingCoordinate": 4}, "sizeMB": 0.03, "format": "Not Provided"}, "ER-2_Flight_Summary_07-16-05.doc": {"temporal": ["2005-07-01T00:00:00.000Z", "2005-07-27T23:59:00.000Z"], "wnes_geometry": {"westBoundingCoordinate": -115, "eastBoundingCoordinate": -62, "northBoundingCoordinate": 32, "southBoundingCoordinate": 4}, "sizeMB": 0.03, "format": "Not Provided"}, "ER-2_Flight_Summary_07-15-05.doc": {"temporal": ["2005-07-01T00:00:00.000Z", "2005-07-27T23:59:00.000Z"], "wnes_geometry": {"westBoundingCoordinate": -115, "eastBoundingCoordinate": -62, "northBoundingCoordinate": 32, "southBoundingCoordinate": 4}, "sizeMB": 0.03, "format": "Not Provided"}, "Mission_Scientist_Report_07-23-05.txt": {"temporal": ["2005-07-01T00:00:00.000Z", "2005-07-27T23:59:00.000Z"], "wnes_geometry": {"westBoundingCoordinate": -115, "eastBoundingCoordinate": -62, "northBoundingCoordinate": 32, "southBoundingCoordinate": 4}, "sizeMB": 0, "format": "ASCII"}, "Mission_Scientist_Report_07-09-05.txt": {"temporal": ["2005-07-01T00:00:00.000Z", "2005-07-27T23:59:00.000Z"], "wnes_geometry": {"westBoundingCoordinate": -115, "eastBoundingCoordinate": -62, "northBoundingCoordinate": 32, "southBoundingCoordinate": 4}, "sizeMB": 0, "format": "ASCII"}, "ER-2_Flight_Summary_07-25-05.doc": {"temporal": ["2005-07-01T00:00:00.000Z", "2005-07-27T23:59:00.000Z"], "wnes_geometry": {"westBoundingCoordinate": -115, "eastBoundingCoordinate": -62, "northBoundingCoordinate": 32, "southBoundingCoordinate": 4}, "sizeMB": 0.03, "format": "Not Provided"}, "Mission_Scientist_Report_07-24-05.txt": {"temporal": ["2005-07-01T00:00:00.000Z", "2005-07-27T23:59:00.000Z"], "wnes_geometry": {"westBoundingCoordinate": -115, "eastBoundingCoordinate": -62, "northBoundingCoordinate": 32, "southBoundingCoordinate": 4}, "sizeMB": 0, "format": "ASCII"}, "P3_Mission_Summary_07-09-05_43.doc": {"temporal": ["2005-07-01T00:00:00.000Z", "2005-07-27T23:59:00.000Z"], "wnes_geometry": {"westBoundingCoordinate": -115, "eastBoundingCoordinate": -62, "northBoundingCoordinate": 32, "southBoundingCoordinate": 4}, "sizeMB": 0.09, "format": "Not Provided"}, "P3_Mission_Summary_07-16-05_43.doc": {"temporal": ["2005-07-01T00:00:00.000Z", "2005-07-27T23:59:00.000Z"], "wnes_geometry": {"westBoundingCoordinate": -115, "eastBoundingCoordinate": -62, "northBoundingCoordinate": 32, "southBoundingCoordinate": 4}, "sizeMB": 0.03, "format": "Not Provided"}, "P3_Mission_Summary_07-14-05_42.doc": {"temporal": ["2005-07-01T00:00:00.000Z", "2005-07-27T23:59:00.000Z"], "wnes_geometry": {"westBoundingCoordinate": -115, "eastBoundingCoordinate": -62, "northBoundingCoordinate": 32, "southBoundingCoordinate": 4}, "sizeMB": 1.41, "format": "Not Provided"}, "Aerosonde_Flight_Summary_07-05-05.doc": {"temporal": ["2005-07-01T00:00:00.000Z", "2005-07-27T23:59:00.000Z"], "wnes_geometry": {"westBoundingCoordinate": -115, "eastBoundingCoordinate": -62, "northBoundingCoordinate": 32, "southBoundingCoordinate": 4}, "sizeMB": 0.02, "format": "Not Provided"}, "P3_Mission_Summary_07-15-05_42.doc": {"temporal": ["2005-07-01T00:00:00.000Z", "2005-07-27T23:59:00.000Z"], "wnes_geometry": {"westBoundingCoordinate": -115, "eastBoundingCoordinate": -62, "northBoundingCoordinate": 32, "southBoundingCoordinate": 4}, "sizeMB": 0.99, "format": "Not Provided"}, "Aerosonde_Flight_Summary_07-10-05.doc": {"temporal": ["2005-07-01T00:00:00.000Z", "2005-07-27T23:59:00.000Z"], "wnes_geometry": {"westBoundingCoordinate": -115, "eastBoundingCoordinate": -62, "northBoundingCoordinate": 32, "southBoundingCoordinate": 4}, "sizeMB": 0.02, "format": "Not Provided"}, "ER-2_Flight_Summary_07-02-05.doc": {"temporal": ["2005-07-01T00:00:00.000Z", "2005-07-27T23:59:00.000Z"], "wnes_geometry": {"westBoundingCoordinate": -115, "eastBoundingCoordinate": -62, "northBoundingCoordinate": 32, "southBoundingCoordinate": 4}, "sizeMB": 0.03, "format": "Not Provided"}, "ER-2_Flight_Summary_07-17-05.doc": {"temporal": ["2005-07-01T00:00:00.000Z", "2005-07-27T23:59:00.000Z"], "wnes_geometry": {"westBoundingCoordinate": -115, "eastBoundingCoordinate": -62, "northBoundingCoordinate": 32, "southBoundingCoordinate": 4}, "sizeMB": 0.04, "format": "Not Provided"}, "Aerosonde_Flight_Summary_07-13-05.doc": {"temporal": ["2005-07-01T00:00:00.000Z", "2005-07-27T23:59:00.000Z"], "wnes_geometry": {"westBoundingCoordinate": -115, "eastBoundingCoordinate": -62, "northBoundingCoordinate": 32, "southBoundingCoordinate": 4}, "sizeMB": 0.02, "format": "Not Provided"}, "Aerosonde_Flight_Summary_07-11-05.doc": {"temporal": ["2005-07-01T00:00:00.000Z", "2005-07-27T23:59:00.000Z"], "wnes_geometry": {"westBoundingCoordinate": -115, "eastBoundingCoordinate": -62, "northBoundingCoordinate": 32, "southBoundingCoordinate": 4}, "sizeMB": 0.02, "format": "Not Provided"}, "Mission_Scientist_Report_07-05-05.txt": {"temporal": ["2005-07-01T00:00:00.000Z", "2005-07-27T23:59:00.000Z"], "wnes_geometry": {"westBoundingCoordinate": -115, "eastBoundingCoordinate": -62, "northBoundingCoordinate": 32, "southBoundingCoordinate": 4}, "sizeMB": 0, "format": "ASCII"}, "Aerosonde_TCSP_report.pdf": {"temporal": ["2005-07-01T00:00:00.000Z", "2005-07-27T23:59:00.000Z"], "wnes_geometry": {"westBoundingCoordinate": -115, "eastBoundingCoordinate": -62, "northBoundingCoordinate": 32, "southBoundingCoordinate": 4}, "sizeMB": 3.85, "format": "Not Provided"}, "P3_Mission_Summary_07-18-05_43.doc": {"temporal": ["2005-07-01T00:00:00.000Z", "2005-07-27T23:59:00.000Z"], "wnes_geometry": {"westBoundingCoordinate": -115, "eastBoundingCoordinate": -62, "northBoundingCoordinate": 32, "southBoundingCoordinate": 4}, "sizeMB": 0.86, "format": "Not Provided"}, "P3_Mission_Summary_07-09-05_42.doc": {"temporal": ["2005-07-01T00:00:00.000Z", "2005-07-27T23:59:00.000Z"], "wnes_geometry": {"westBoundingCoordinate": -115, "eastBoundingCoordinate": -62, "northBoundingCoordinate": 32, "southBoundingCoordinate": 4}, "sizeMB": 0.09, "format": "Not Provided"}}