{"RS78762_2005-06-16T00.EDT": {"temporal": ["2005-06-15T23:49:00.000Z", "2005-06-16T00:27:44.000Z"], "wnes_geometry": {"westBoundingCoordinate": -84.22, "eastBoundingCoordinate": -84.199, "northBoundingCoordinate": 10.04, "southBoundingCoordinate": 9.99}, "sizeMB": 0.16, "format": "Not provided"}, "RS78762_2005-06-16T06.EDT": {"temporal": ["2005-06-16T05:31:00.000Z", "2005-06-16T06:12:22.000Z"], "wnes_geometry": {"westBoundingCoordinate": -84.228, "eastBoundingCoordinate": -84.207, "northBoundingCoordinate": 10.037, "southBoundingCoordinate": 9.99}, "sizeMB": 0.17, "format": "Not provided"}, "RS78762_2005-06-16T12.EDT": {"temporal": ["2005-06-16T12:12:00.000Z", "2005-06-16T12:15:58.000Z"], "wnes_geometry": {"westBoundingCoordinate": -84.224, "eastBoundingCoordinate": -84.219, "northBoundingCoordinate": 9.99, "southBoundingCoordinate": 9.989}, "sizeMB": 0.02, "format": "Not provided"}, "RS78762_2005-06-16T18.EDT": {"temporal": ["2005-06-16T17:30:00.000Z", "2005-06-16T18:46:54.000Z"], "wnes_geometry": {"westBoundingCoordinate": -84.427, "eastBoundingCoordinate": -84.216, "northBoundingCoordinate": 10.024, "southBoundingCoordinate": 9.909}, "sizeMB": 0.3, "format": "Not provided"}, "RS78762_2005-06-17T00.EDT": {"temporal": ["2005-06-16T23:42:00.000Z", "2005-06-17T00:40:10.000Z"], "wnes_geometry": {"westBoundingCoordinate": -84.333, "eastBoundingCoordinate": -84.219, "northBoundingCoordinate": 10.024, "southBoundingCoordinate": 9.917}, "sizeMB": 0.24, "format": "Not provided"}, "RS78762_2005-06-17T06.EDT": {"temporal": ["2005-06-17T05:20:00.000Z", "2005-06-17T05:20:00.000Z"], "wnes_geometry": {"westBoundingCoordinate": -84.22, "eastBoundingCoordinate": -84.22, "northBoundingCoordinate": 9.99, "southBoundingCoordinate": 9.99}, "sizeMB": 0.01, "format": "Not provided"}, "RS78762_2005-06-17T12.EDT": {"temporal": ["2005-06-17T11:59:00.000Z", "2005-06-17T13:15:06.000Z"], "wnes_geometry": {"westBoundingCoordinate": -84.62, "eastBoundingCoordinate": -84.22, "northBoundingCoordinate": 10.013, "southBoundingCoordinate": 9.913}, "sizeMB": 0.31, "format": "Not provided"}, "RS78762_2005-06-17T18.EDT": {"temporal": ["2005-06-17T17:20:00.000Z", "2005-06-17T18:47:52.000Z"], "wnes_geometry": {"westBoundingCoordinate": -84.654, "eastBoundingCoordinate": -84.215, "northBoundingCoordinate": 10.019, "southBoundingCoordinate": 9.961}, "sizeMB": 0.36, "format": "Not provided"}, "RS78762_2005-06-18T00.EDT": {"temporal": ["2005-06-17T23:17:00.000Z", "2005-06-18T00:20:16.000Z"], "wnes_geometry": {"westBoundingCoordinate": -84.395, "eastBoundingCoordinate": -84.219, "northBoundingCoordinate": 9.994, "southBoundingCoordinate": 9.918}, "sizeMB": 0.26, "format": "Not provided"}, "RS78762_2005-06-18T06.EDT": {"temporal": ["2005-06-18T05:18:00.000Z", "2005-06-18T06:36:04.000Z"], "wnes_geometry": {"westBoundingCoordinate": -84.62, "eastBoundingCoordinate": -84.218, "northBoundingCoordinate": 9.999, "southBoundingCoordinate": 9.882}, "sizeMB": 0.32, "format": "Not provided"}, "RS78762_2005-06-18T12.EDT": {"temporal": ["2005-06-18T11:36:00.000Z", "2005-06-18T12:46:20.000Z"], "wnes_geometry": {"westBoundingCoordinate": -84.594, "eastBoundingCoordinate": -84.22, "northBoundingCoordinate": 10.029, "southBoundingCoordinate": 9.899}, "sizeMB": 0.29, "format": "Not provided"}, "RS78762_2005-06-18T18.EDT": {"temporal": ["2005-06-18T17:18:00.000Z", "2005-06-18T18:24:48.000Z"], "wnes_geometry": {"westBoundingCoordinate": -84.506, "eastBoundingCoordinate": -84.217, "northBoundingCoordinate": 10.031, "southBoundingCoordinate": 9.939}, "sizeMB": 0.27, "format": "Not provided"}, "RS78762_2005-06-19T00.EDT": {"temporal": ["2005-06-18T23:28:00.000Z", "2005-06-18T23:41:30.000Z"], "wnes_geometry": {"westBoundingCoordinate": -84.232, "eastBoundingCoordinate": -84.215, "northBoundingCoordinate": 9.998, "southBoundingCoordinate": 9.99}, "sizeMB": 0.06, "format": "Not provided"}, "RS78762_2005-06-19T06.EDT": {"temporal": ["2005-06-19T05:19:00.000Z", "2005-06-19T06:18:30.000Z"], "wnes_geometry": {"westBoundingCoordinate": -84.443, "eastBoundingCoordinate": -84.22, "northBoundingCoordinate": 10.019, "southBoundingCoordinate": 9.888}, "sizeMB": 0.24, "format": "Not provided"}, "RS78762_2005-06-19T12.EDT": {"temporal": ["2005-06-19T11:23:00.000Z", "2005-06-19T12:31:10.000Z"], "wnes_geometry": {"westBoundingCoordinate": -84.606, "eastBoundingCoordinate": -84.22, "northBoundingCoordinate": 10.026, "southBoundingCoordinate": 9.844}, "sizeMB": 0.28, "format": "Not provided"}, "RS78762_2005-06-19T18.EDT": {"temporal": ["2005-06-19T17:22:00.000Z", "2005-06-19T18:29:48.000Z"], "wnes_geometry": {"westBoundingCoordinate": -84.542, "eastBoundingCoordinate": -84.216, "northBoundingCoordinate": 10.018, "southBoundingCoordinate": 9.822}, "sizeMB": 0.28, "format": "Not provided"}, "RS78762_2005-06-20T00.EDT": {"temporal": ["2005-06-19T23:19:00.000Z", "2005-06-20T00:31:42.000Z"], "wnes_geometry": {"westBoundingCoordinate": -84.568, "eastBoundingCoordinate": -84.218, "northBoundingCoordinate": 9.996, "southBoundingCoordinate": 9.774}, "sizeMB": 0.3, "format": "Not provided"}, "RS78762_2005-06-20T06.EDT": {"temporal": ["2005-06-20T05:21:00.000Z", "2005-06-20T06:37:54.000Z"], "wnes_geometry": {"westBoundingCoordinate": -84.725, "eastBoundingCoordinate": -84.22, "northBoundingCoordinate": 10.007, "southBoundingCoordinate": 9.85}, "sizeMB": 0.31, "format": "Not provided"}, "RS78762_2005-06-20T12.EDT": {"temporal": ["2005-06-20T12:04:00.000Z", "2005-06-20T13:12:04.000Z"], "wnes_geometry": {"westBoundingCoordinate": -84.703, "eastBoundingCoordinate": -84.218, "northBoundingCoordinate": 10.008, "southBoundingCoordinate": 9.883}, "sizeMB": 0.28, "format": "Not provided"}, "RS78762_2005-06-20T18.EDT": {"temporal": ["2005-06-20T17:22:00.000Z", "2005-06-20T18:37:20.000Z"], "wnes_geometry": {"westBoundingCoordinate": -84.762, "eastBoundingCoordinate": -84.22, "northBoundingCoordinate": 10, "southBoundingCoordinate": 9.85}, "sizeMB": 0.31, "format": "Not provided"}, "RS78762_2005-06-21T00.EDT": {"temporal": ["2005-06-20T23:16:00.000Z", "2005-06-21T00:38:46.000Z"], "wnes_geometry": {"westBoundingCoordinate": -84.866, "eastBoundingCoordinate": -84.219, "northBoundingCoordinate": 9.991, "southBoundingCoordinate": 9.821}, "sizeMB": 0.34, "format": "Not provided"}, "RS78762_2005-06-21T06.EDT": {"temporal": ["2005-06-21T05:18:00.000Z", "2005-06-21T06:46:02.000Z"], "wnes_geometry": {"westBoundingCoordinate": -84.896, "eastBoundingCoordinate": -84.22, "northBoundingCoordinate": 10.007, "southBoundingCoordinate": 9.882}, "sizeMB": 0.36, "format": "Not provided"}, "RS78762_2005-06-21T12.EDT": {"temporal": ["2005-06-21T12:02:00.000Z", "2005-06-21T13:12:18.000Z"], "wnes_geometry": {"westBoundingCoordinate": -84.603, "eastBoundingCoordinate": -84.219, "northBoundingCoordinate": 10.03, "southBoundingCoordinate": 9.922}, "sizeMB": 0.29, "format": "Not provided"}, "RS78762_2005-06-21T18.EDT": {"temporal": ["2005-06-21T17:16:00.000Z", "2005-06-21T18:24:08.000Z"], "wnes_geometry": {"westBoundingCoordinate": -84.538, "eastBoundingCoordinate": -84.215, "northBoundingCoordinate": 10.02, "southBoundingCoordinate": 9.944}, "sizeMB": 0.28, "format": "Not provided"}, "RS78762_2005-06-22T00.EDT": {"temporal": ["2005-06-21T23:18:00.000Z", "2005-06-21T23:39:46.000Z"], "wnes_geometry": {"westBoundingCoordinate": -84.257, "eastBoundingCoordinate": -84.215, "northBoundingCoordinate": 10.028, "southBoundingCoordinate": 9.988}, "sizeMB": 0.09, "format": "Not provided"}, "RS78762_2005-06-22T06.EDT": {"temporal": ["2005-06-22T05:20:00.000Z", "2005-06-22T06:31:02.000Z"], "wnes_geometry": {"westBoundingCoordinate": -84.554, "eastBoundingCoordinate": -84.22, "northBoundingCoordinate": 10.024, "southBoundingCoordinate": 9.924}, "sizeMB": 0.29, "format": "Not provided"}, "RS78762_2005-06-22T12.EDT": {"temporal": ["2005-06-22T11:58:00.000Z", "2005-06-22T13:12:14.000Z"], "wnes_geometry": {"westBoundingCoordinate": -84.572, "eastBoundingCoordinate": -84.214, "northBoundingCoordinate": 10.026, "southBoundingCoordinate": 9.967}, "sizeMB": 0.3, "format": "Not provided"}, "RS78762_2005-06-22T18.EDT": {"temporal": ["2005-06-22T17:16:00.000Z", "2005-06-22T18:17:36.000Z"], "wnes_geometry": {"westBoundingCoordinate": -84.437, "eastBoundingCoordinate": -84.207, "northBoundingCoordinate": 10.022, "southBoundingCoordinate": 9.976}, "sizeMB": 0.25, "format": "Not provided"}, "RS78762_2005-06-23T00.EDT": {"temporal": ["2005-06-22T23:17:00.000Z", "2005-06-23T00:33:22.000Z"], "wnes_geometry": {"westBoundingCoordinate": -84.494, "eastBoundingCoordinate": -84.19, "northBoundingCoordinate": 9.99, "southBoundingCoordinate": 9.955}, "sizeMB": 0.31, "format": "Not provided"}, "RS78762_2005-06-23T06.EDT": {"temporal": ["2005-06-23T05:17:00.000Z", "2005-06-23T06:28:12.000Z"], "wnes_geometry": {"westBoundingCoordinate": -84.516, "eastBoundingCoordinate": -84.22, "northBoundingCoordinate": 10.013, "southBoundingCoordinate": 9.976}, "sizeMB": 0.29, "format": "Not provided"}, "RS78762_2005-06-23T12.EDT": {"temporal": ["2005-06-23T12:10:00.000Z", "2005-06-23T13:26:52.000Z"], "wnes_geometry": {"westBoundingCoordinate": -84.544, "eastBoundingCoordinate": -84.22, "northBoundingCoordinate": 10.027, "southBoundingCoordinate": 9.988}, "sizeMB": 0.31, "format": "Not provided"}, "RS78762_2005-06-23T18.EDT": {"temporal": ["2005-06-23T17:22:00.000Z", "2005-06-23T18:30:50.000Z"], "wnes_geometry": {"westBoundingCoordinate": -84.415, "eastBoundingCoordinate": -84.215, "northBoundingCoordinate": 10.026, "southBoundingCoordinate": 9.981}, "sizeMB": 0.28, "format": "Not provided"}, "RS78762_2005-06-24T00.EDT": {"temporal": ["2005-06-23T23:27:00.000Z", "2005-06-24T00:24:36.000Z"], "wnes_geometry": {"westBoundingCoordinate": -84.321, "eastBoundingCoordinate": -84.219, "northBoundingCoordinate": 10.019, "southBoundingCoordinate": 9.931}, "sizeMB": 0.24, "format": "Not provided"}, "RS78762_2005-06-24T06.EDT": {"temporal": ["2005-06-24T05:19:00.000Z", "2005-06-24T06:44:04.000Z"], "wnes_geometry": {"westBoundingCoordinate": -84.612, "eastBoundingCoordinate": -84.218, "northBoundingCoordinate": 10.008, "southBoundingCoordinate": 9.91}, "sizeMB": 0.35, "format": "Not provided"}, "RS78762_2005-06-24T12.EDT": {"temporal": ["2005-06-24T12:19:00.000Z", "2005-06-24T13:41:00.000Z"], "wnes_geometry": {"westBoundingCoordinate": -84.571, "eastBoundingCoordinate": -84.22, "northBoundingCoordinate": 10.001, "southBoundingCoordinate": 9.909}, "sizeMB": 0.33, "format": "Not provided"}, "RS78762_2005-06-24T18.EDT": {"temporal": ["2005-06-24T17:18:00.000Z", "2005-06-24T18:25:04.000Z"], "wnes_geometry": {"westBoundingCoordinate": -84.424, "eastBoundingCoordinate": -84.215, "northBoundingCoordinate": 10.006, "southBoundingCoordinate": 9.961}, "sizeMB": 0.28, "format": "Not provided"}, "RS78762_2005-06-25T00.EDT": {"temporal": ["2005-06-24T23:30:00.000Z", "2005-06-24T23:49:24.000Z"], "wnes_geometry": {"westBoundingCoordinate": -84.22, "eastBoundingCoordinate": -84.204, "northBoundingCoordinate": 10.03, "southBoundingCoordinate": 9.988}, "sizeMB": 0.08, "format": "Not provided"}, "RS78762_2005-06-25T06.EDT": {"temporal": ["2005-06-25T05:28:00.000Z", "2005-06-25T06:21:06.000Z"], "wnes_geometry": {"westBoundingCoordinate": -84.345, "eastBoundingCoordinate": -84.22, "northBoundingCoordinate": 10.006, "southBoundingCoordinate": 9.96}, "sizeMB": 0.22, "format": "Not provided"}, "RS78762_2005-06-25T12.EDT": {"temporal": ["2005-06-25T11:52:00.000Z", "2005-06-25T13:04:28.000Z"], "wnes_geometry": {"westBoundingCoordinate": -84.604, "eastBoundingCoordinate": -84.22, "northBoundingCoordinate": 9.999, "southBoundingCoordinate": 9.943}, "sizeMB": 0.3, "format": "Not provided"}, "RS78762_2005-06-25T18.EDT": {"temporal": ["2005-06-25T17:22:00.000Z", "2005-06-25T18:36:44.000Z"], "wnes_geometry": {"westBoundingCoordinate": -84.531, "eastBoundingCoordinate": -84.215, "northBoundingCoordinate": 10.006, "southBoundingCoordinate": 9.979}, "sizeMB": 0.3, "format": "Not provided"}, "RS78762_2005-06-26T00.EDT": {"temporal": ["2005-06-25T23:19:00.000Z", "2005-06-26T00:09:14.000Z"], "wnes_geometry": {"westBoundingCoordinate": -84.326, "eastBoundingCoordinate": -84.219, "northBoundingCoordinate": 9.996, "southBoundingCoordinate": 9.95}, "sizeMB": 0.21, "format": "Not provided"}, "RS78762_2005-06-26T06.EDT": {"temporal": ["2005-06-26T05:15:00.000Z", "2005-06-26T06:39:48.000Z"], "wnes_geometry": {"westBoundingCoordinate": -84.744, "eastBoundingCoordinate": -84.22, "northBoundingCoordinate": 9.99, "southBoundingCoordinate": 9.912}, "sizeMB": 0.35, "format": "Not provided"}, "RS78762_2005-06-26T12.EDT": {"temporal": ["2005-06-26T11:22:00.000Z", "2005-06-26T12:43:06.000Z"], "wnes_geometry": {"westBoundingCoordinate": -84.686, "eastBoundingCoordinate": -84.22, "northBoundingCoordinate": 10.005, "southBoundingCoordinate": 9.875}, "sizeMB": 0.33, "format": "Not provided"}, "RS78762_2005-06-26T18.EDT": {"temporal": ["2005-06-26T17:21:00.000Z", "2005-06-26T18:36:08.000Z"], "wnes_geometry": {"westBoundingCoordinate": -84.679, "eastBoundingCoordinate": -84.214, "northBoundingCoordinate": 10.001, "southBoundingCoordinate": 9.931}, "sizeMB": 0.31, "format": "Not provided"}, "RS78762_2005-06-27T00.EDT": {"temporal": ["2005-06-26T23:17:00.000Z", "2005-06-27T00:01:32.000Z"], "wnes_geometry": {"westBoundingCoordinate": -84.365, "eastBoundingCoordinate": -84.204, "northBoundingCoordinate": 10.006, "southBoundingCoordinate": 9.933}, "sizeMB": 0.18, "format": "Not provided"}, "RS78762_2005-06-27T06.EDT": {"temporal": ["2005-06-27T05:18:00.000Z", "2005-06-27T06:33:44.000Z"], "wnes_geometry": {"westBoundingCoordinate": -84.74, "eastBoundingCoordinate": -84.22, "northBoundingCoordinate": 10.012, "southBoundingCoordinate": 9.858}, "sizeMB": 0.31, "format": "Not provided"}, "RS78762_2005-06-27T12.EDT": {"temporal": ["2005-06-27T11:39:00.000Z", "2005-06-27T12:50:00.000Z"], "wnes_geometry": {"westBoundingCoordinate": -84.711, "eastBoundingCoordinate": -84.22, "northBoundingCoordinate": 10.012, "southBoundingCoordinate": 9.849}, "sizeMB": 0.29, "format": "Not provided"}, "RS78762_2005-06-27T18.EDT": {"temporal": ["2005-06-27T17:51:00.000Z", "2005-06-27T19:02:56.000Z"], "wnes_geometry": {"westBoundingCoordinate": -84.685, "eastBoundingCoordinate": -84.22, "northBoundingCoordinate": 9.999, "southBoundingCoordinate": 9.881}, "sizeMB": 0.29, "format": "Not provided"}, "RS78762_2005-06-28T00.EDT": {"temporal": ["2005-06-27T23:54:00.000Z", "2005-06-28T01:23:18.000Z"], "wnes_geometry": {"westBoundingCoordinate": -84.933, "eastBoundingCoordinate": -84.219, "northBoundingCoordinate": 9.991, "southBoundingCoordinate": 9.774}, "sizeMB": 0.36, "format": "Not provided"}, "RS78762_2005-06-28T06.EDT": {"temporal": ["2005-06-28T05:15:00.000Z", "2005-06-28T06:33:52.000Z"], "wnes_geometry": {"westBoundingCoordinate": -84.675, "eastBoundingCoordinate": -84.22, "northBoundingCoordinate": 9.992, "southBoundingCoordinate": 9.748}, "sizeMB": 0.32, "format": "Not provided"}, "RS78762_2005-06-28T12.EDT": {"temporal": ["2005-06-28T12:01:00.000Z", "2005-06-28T13:13:40.000Z"], "wnes_geometry": {"westBoundingCoordinate": -84.605, "eastBoundingCoordinate": -84.22, "northBoundingCoordinate": 9.992, "southBoundingCoordinate": 9.776}, "sizeMB": 0.3, "format": "Not provided"}, "RS78762_2005-06-28T18.EDT": {"temporal": ["2005-06-28T17:15:00.000Z", "2005-06-28T18:22:22.000Z"], "wnes_geometry": {"westBoundingCoordinate": -84.594, "eastBoundingCoordinate": -84.215, "northBoundingCoordinate": 10.014, "southBoundingCoordinate": 9.85}, "sizeMB": 0.28, "format": "Not provided"}, "RS78762_2005-06-29T00.EDT": {"temporal": ["2005-06-28T23:38:00.000Z", "2005-06-29T01:07:10.000Z"], "wnes_geometry": {"westBoundingCoordinate": -84.789, "eastBoundingCoordinate": -84.218, "northBoundingCoordinate": 9.994, "southBoundingCoordinate": 9.88}, "sizeMB": 0.36, "format": "Not provided"}, "RS78762_2005-06-29T06.EDT": {"temporal": ["2005-06-29T05:20:00.000Z", "2005-06-29T06:34:28.000Z"], "wnes_geometry": {"westBoundingCoordinate": -84.592, "eastBoundingCoordinate": -84.218, "northBoundingCoordinate": 10.021, "southBoundingCoordinate": 9.947}, "sizeMB": 0.3, "format": "Not provided"}, "RS78762_2005-06-29T12.EDT": {"temporal": ["2005-06-29T12:10:00.000Z", "2005-06-29T13:26:04.000Z"], "wnes_geometry": {"westBoundingCoordinate": -84.532, "eastBoundingCoordinate": -84.214, "northBoundingCoordinate": 10.08, "southBoundingCoordinate": 9.99}, "sizeMB": 0.31, "format": "Not provided"}, "RS78762_2005-06-29T18.EDT": {"temporal": ["2005-06-29T17:33:00.000Z", "2005-06-29T18:58:40.000Z"], "wnes_geometry": {"westBoundingCoordinate": -84.65, "eastBoundingCoordinate": -84.219, "northBoundingCoordinate": 10.127, "southBoundingCoordinate": 9.989}, "sizeMB": 0.35, "format": "Not provided"}, "RS78762_2005-06-30T00.EDT": {"temporal": ["2005-06-29T23:30:00.000Z", "2005-06-30T00:30:02.000Z"], "wnes_geometry": {"westBoundingCoordinate": -84.41, "eastBoundingCoordinate": -84.22, "northBoundingCoordinate": 10.107, "southBoundingCoordinate": 9.989}, "sizeMB": 0.25, "format": "Not provided"}, "RS78762_2005-06-30T06.EDT": {"temporal": ["2005-06-30T05:23:00.000Z", "2005-06-30T05:23:00.000Z"], "wnes_geometry": {"westBoundingCoordinate": -84.22, "eastBoundingCoordinate": -84.22, "northBoundingCoordinate": 9.99, "southBoundingCoordinate": 9.99}, "sizeMB": 0.01, "format": "Not provided"}, "RS78762_2005-06-30T12.EDT": {"temporal": ["2005-06-30T12:01:00.000Z", "2005-06-30T13:24:10.000Z"], "wnes_geometry": {"westBoundingCoordinate": -84.67, "eastBoundingCoordinate": -84.22, "northBoundingCoordinate": 9.99, "southBoundingCoordinate": 9.953}, "sizeMB": 0.34, "format": "Not provided"}, "RS78762_2005-06-30T18.EDT": {"temporal": ["2005-06-30T17:14:00.000Z", "2005-06-30T18:21:44.000Z"], "wnes_geometry": {"westBoundingCoordinate": -84.486, "eastBoundingCoordinate": -84.215, "northBoundingCoordinate": 9.991, "southBoundingCoordinate": 9.946}, "sizeMB": 0.28, "format": "Not provided"}, "RS78762_2005-07-01T00.EDT": {"temporal": ["2005-06-30T23:19:00.000Z", "2005-07-01T00:37:12.000Z"], "wnes_geometry": {"westBoundingCoordinate": -84.515, "eastBoundingCoordinate": -84.214, "northBoundingCoordinate": 9.995, "southBoundingCoordinate": 9.876}, "sizeMB": 0.32, "format": "Not provided"}, "RS78762_2005-07-01T06.EDT": {"temporal": ["2005-07-01T05:16:00.000Z", "2005-07-01T06:42:42.000Z"], "wnes_geometry": {"westBoundingCoordinate": -84.628, "eastBoundingCoordinate": -84.212, "northBoundingCoordinate": 9.991, "southBoundingCoordinate": 9.877}, "sizeMB": 0.35, "format": "Not provided"}, "RS78762_2005-07-01T12.EDT": {"temporal": ["2005-07-01T12:07:00.000Z", "2005-07-01T13:29:04.000Z"], "wnes_geometry": {"westBoundingCoordinate": -84.54, "eastBoundingCoordinate": -84.185, "northBoundingCoordinate": 10.003, "southBoundingCoordinate": 9.874}, "sizeMB": 0.34, "format": "Not provided"}, "RS78762_2005-07-01T18.EDT": {"temporal": ["2005-07-01T17:22:00.000Z", "2005-07-01T18:39:04.000Z"], "wnes_geometry": {"westBoundingCoordinate": -84.416, "eastBoundingCoordinate": -84.154, "northBoundingCoordinate": 10.006, "southBoundingCoordinate": 9.92}, "sizeMB": 0.32, "format": "Not provided"}, "RS78762_2005-07-02T00.EDT": {"temporal": ["2005-07-01T23:18:00.000Z", "2005-07-02T00:36:06.000Z"], "wnes_geometry": {"westBoundingCoordinate": -84.559, "eastBoundingCoordinate": -84.167, "northBoundingCoordinate": 10.006, "southBoundingCoordinate": 9.962}, "sizeMB": 0.32, "format": "Not provided"}, "RS78762_2005-07-02T06.EDT": {"temporal": ["2005-07-02T05:17:00.000Z", "2005-07-02T06:41:12.000Z"], "wnes_geometry": {"westBoundingCoordinate": -84.662, "eastBoundingCoordinate": -84.177, "northBoundingCoordinate": 10.018, "southBoundingCoordinate": 9.962}, "sizeMB": 0.34, "format": "Not provided"}, "RS78762_2005-07-02T12.EDT": {"temporal": ["2005-07-02T11:32:00.000Z", "2005-07-02T12:49:52.000Z"], "wnes_geometry": {"westBoundingCoordinate": -84.595, "eastBoundingCoordinate": -84.201, "northBoundingCoordinate": 10.048, "southBoundingCoordinate": 9.988}, "sizeMB": 0.32, "format": "Not provided"}, "RS78762_2005-07-02T18.EDT": {"temporal": ["2005-07-02T17:18:00.000Z", "2005-07-02T18:24:16.000Z"], "wnes_geometry": {"westBoundingCoordinate": -84.451, "eastBoundingCoordinate": -84.203, "northBoundingCoordinate": 10.046, "southBoundingCoordinate": 9.99}, "sizeMB": 0.27, "format": "Not provided"}, "RS78762_2005-07-03T00.EDT": {"temporal": ["2005-07-02T23:59:00.000Z", "2005-07-03T00:25:54.000Z"], "wnes_geometry": {"westBoundingCoordinate": -84.22, "eastBoundingCoordinate": -84.184, "northBoundingCoordinate": 10.015, "southBoundingCoordinate": 9.99}, "sizeMB": 0.11, "format": "Not provided"}, "RS78762_2005-07-03T06.EDT": {"temporal": ["2005-07-03T05:17:00.000Z", "2005-07-03T06:38:56.000Z"], "wnes_geometry": {"westBoundingCoordinate": -84.517, "eastBoundingCoordinate": -84.194, "northBoundingCoordinate": 10.087, "southBoundingCoordinate": 9.988}, "sizeMB": 0.33, "format": "Not provided"}, "RS78762_2005-07-03T12.EDT": {"temporal": ["2005-07-03T12:09:00.000Z", "2005-07-03T13:23:12.000Z"], "wnes_geometry": {"westBoundingCoordinate": -84.667, "eastBoundingCoordinate": -84.22, "northBoundingCoordinate": 10.035, "southBoundingCoordinate": 9.906}, "sizeMB": 0.3, "format": "Not provided"}, "RS78762_2005-07-03T18.EDT": {"temporal": ["2005-07-03T17:33:00.000Z", "2005-07-03T18:40:10.000Z"], "wnes_geometry": {"westBoundingCoordinate": -84.602, "eastBoundingCoordinate": -84.217, "northBoundingCoordinate": 10.016, "southBoundingCoordinate": 9.929}, "sizeMB": 0.28, "format": "Not provided"}, "RS78762_2005-07-04T00.EDT": {"temporal": ["2005-07-03T23:33:00.000Z", "2005-07-04T00:40:28.000Z"], "wnes_geometry": {"westBoundingCoordinate": -84.563, "eastBoundingCoordinate": -84.218, "northBoundingCoordinate": 9.992, "southBoundingCoordinate": 9.862}, "sizeMB": 0.28, "format": "Not provided"}, "RS78762_2005-07-04T06.EDT": {"temporal": ["2005-07-04T05:16:00.000Z", "2005-07-04T06:30:10.000Z"], "wnes_geometry": {"westBoundingCoordinate": -84.783, "eastBoundingCoordinate": -84.22, "northBoundingCoordinate": 9.99, "southBoundingCoordinate": 9.882}, "sizeMB": 0.3, "format": "Not provided"}, "RS78762_2005-07-04T12.EDT": {"temporal": ["2005-07-04T12:10:00.000Z", "2005-07-04T13:16:04.000Z"], "wnes_geometry": {"westBoundingCoordinate": -84.616, "eastBoundingCoordinate": -84.22, "northBoundingCoordinate": 9.991, "southBoundingCoordinate": 9.93}, "sizeMB": 0.27, "format": "Not provided"}, "RS78762_2005-07-04T18.EDT": {"temporal": ["2005-07-04T17:49:00.000Z", "2005-07-04T18:59:30.000Z"], "wnes_geometry": {"westBoundingCoordinate": -84.654, "eastBoundingCoordinate": -84.22, "northBoundingCoordinate": 9.992, "southBoundingCoordinate": 9.943}, "sizeMB": 0.29, "format": "Not provided"}, "RS78762_2005-07-05T00.EDT": {"temporal": ["2005-07-05T00:48:00.000Z", "2005-07-05T02:15:14.000Z"], "wnes_geometry": {"westBoundingCoordinate": -84.22, "eastBoundingCoordinate": -84.22, "northBoundingCoordinate": 9.99, "southBoundingCoordinate": 9.99}, "sizeMB": 0.07, "format": "Not provided"}, "RS78762_2005-07-05T06.EDT": {"temporal": ["2005-07-05T05:34:00.000Z", "2005-07-05T06:59:58.000Z"], "wnes_geometry": {"westBoundingCoordinate": -84.906, "eastBoundingCoordinate": -84.22, "northBoundingCoordinate": 10.021, "southBoundingCoordinate": 9.975}, "sizeMB": 0.35, "format": "Not provided"}, "RS78762_2005-07-05T12.EDT": {"temporal": ["2005-07-05T12:14:00.000Z", "2005-07-05T13:20:40.000Z"], "wnes_geometry": {"westBoundingCoordinate": -84.704, "eastBoundingCoordinate": -84.22, "northBoundingCoordinate": 10.002, "southBoundingCoordinate": 9.974}, "sizeMB": 0.27, "format": "Not provided"}, "RS78762_2005-07-05T18.EDT": {"temporal": ["2005-07-05T17:40:00.000Z", "2005-07-05T18:53:44.000Z"], "wnes_geometry": {"westBoundingCoordinate": -84.649, "eastBoundingCoordinate": -84.216, "northBoundingCoordinate": 9.998, "southBoundingCoordinate": 9.968}, "sizeMB": 0.3, "format": "Not provided"}, "RS78762_2005-07-06T00.EDT": {"temporal": ["2005-07-05T23:38:00.000Z", "2005-07-06T01:05:58.000Z"], "wnes_geometry": {"westBoundingCoordinate": -84.866, "eastBoundingCoordinate": -84.217, "northBoundingCoordinate": 9.994, "southBoundingCoordinate": 9.954}, "sizeMB": 0.36, "format": "Not provided"}, "RS78762_2005-07-06T06.EDT": {"temporal": ["2005-07-06T06:08:00.000Z", "2005-07-06T07:34:36.000Z"], "wnes_geometry": {"westBoundingCoordinate": -84.848, "eastBoundingCoordinate": -84.22, "northBoundingCoordinate": 10.018, "southBoundingCoordinate": 9.971}, "sizeMB": 0.35, "format": "Not provided"}, "RS78762_2005-07-06T12.EDT": {"temporal": ["2005-07-06T12:49:00.000Z", "2005-07-06T14:05:56.000Z"], "wnes_geometry": {"westBoundingCoordinate": -84.706, "eastBoundingCoordinate": -84.22, "northBoundingCoordinate": 10.03, "southBoundingCoordinate": 9.974}, "sizeMB": 0.32, "format": "Not provided"}, "RS78762_2005-07-06T18.EDT": {"temporal": ["2005-07-06T17:18:00.000Z", "2005-07-06T18:29:46.000Z"], "wnes_geometry": {"westBoundingCoordinate": -84.637, "eastBoundingCoordinate": -84.214, "northBoundingCoordinate": 10.004, "southBoundingCoordinate": 9.971}, "sizeMB": 0.29, "format": "Not provided"}, "RS78762_2005-07-07T00.EDT": {"temporal": ["2005-07-06T23:23:00.000Z", "2005-07-07T00:25:44.000Z"], "wnes_geometry": {"westBoundingCoordinate": -84.659, "eastBoundingCoordinate": -84.214, "northBoundingCoordinate": 9.992, "southBoundingCoordinate": 9.959}, "sizeMB": 0.26, "format": "Not provided"}, "RS78762_2005-07-07T06.EDT": {"temporal": ["2005-07-07T05:18:00.000Z", "2005-07-07T06:36:16.000Z"], "wnes_geometry": {"westBoundingCoordinate": -84.891, "eastBoundingCoordinate": -84.22, "northBoundingCoordinate": 9.991, "southBoundingCoordinate": 9.959}, "sizeMB": 0.32, "format": "Not provided"}, "RS78762_2005-07-07T12.EDT": {"temporal": ["2005-07-07T12:06:00.000Z", "2005-07-07T13:23:14.000Z"], "wnes_geometry": {"westBoundingCoordinate": -84.839, "eastBoundingCoordinate": -84.22, "northBoundingCoordinate": 9.991, "southBoundingCoordinate": 9.953}, "sizeMB": 0.32, "format": "Not provided"}, "RS78762_2005-07-07T18.EDT": {"temporal": ["2005-07-07T17:43:00.000Z", "2005-07-07T19:02:04.000Z"], "wnes_geometry": {"westBoundingCoordinate": -84.875, "eastBoundingCoordinate": -84.21, "northBoundingCoordinate": 10.015, "southBoundingCoordinate": 9.98}, "sizeMB": 0.32, "format": "Not provided"}, "RS78762_2005-07-08T00.EDT": {"temporal": ["2005-07-07T23:17:00.000Z", "2005-07-08T00:37:04.000Z"], "wnes_geometry": {"westBoundingCoordinate": -84.826, "eastBoundingCoordinate": -84.206, "northBoundingCoordinate": 10.026, "southBoundingCoordinate": 9.987}, "sizeMB": 0.33, "format": "Not provided"}, "RS78762_2005-07-08T06.EDT": {"temporal": ["2005-07-08T05:15:00.000Z", "2005-07-08T06:34:54.000Z"], "wnes_geometry": {"westBoundingCoordinate": -84.841, "eastBoundingCoordinate": -84.205, "northBoundingCoordinate": 10.039, "southBoundingCoordinate": 9.99}, "sizeMB": 0.33, "format": "Not provided"}, "RS78762_2005-07-08T12.EDT": {"temporal": ["2005-07-08T12:08:00.000Z", "2005-07-08T13:27:58.000Z"], "wnes_geometry": {"westBoundingCoordinate": -84.787, "eastBoundingCoordinate": -84.22, "northBoundingCoordinate": 10.036, "southBoundingCoordinate": 9.989}, "sizeMB": 0.33, "format": "Not provided"}, "RS78762_2005-07-08T18.EDT": {"temporal": ["2005-07-08T18:06:00.000Z", "2005-07-08T19:25:10.000Z"], "wnes_geometry": {"westBoundingCoordinate": -84.865, "eastBoundingCoordinate": -84.209, "northBoundingCoordinate": 10.035, "southBoundingCoordinate": 9.99}, "sizeMB": 0.32, "format": "Not provided"}, "RS78762_2005-07-09T00.EDT": {"temporal": ["2005-07-08T23:26:00.000Z", "2005-07-09T00:45:58.000Z"], "wnes_geometry": {"westBoundingCoordinate": -84.767, "eastBoundingCoordinate": -84.205, "northBoundingCoordinate": 10.012, "southBoundingCoordinate": 9.963}, "sizeMB": 0.33, "format": "Not provided"}, "RS78762_2005-07-09T06.EDT": {"temporal": ["2005-07-09T05:20:00.000Z", "2005-07-09T06:37:04.000Z"], "wnes_geometry": {"westBoundingCoordinate": -84.747, "eastBoundingCoordinate": -84.22, "northBoundingCoordinate": 10.001, "southBoundingCoordinate": 9.95}, "sizeMB": 0.32, "format": "Not provided"}, "RS78762_2005-07-09T12.EDT": {"temporal": ["2005-07-09T12:32:00.000Z", "2005-07-09T14:09:42.000Z"], "wnes_geometry": {"westBoundingCoordinate": -85.021, "eastBoundingCoordinate": -84.22, "northBoundingCoordinate": 9.999, "southBoundingCoordinate": 9.902}, "sizeMB": 0.4, "format": "Not provided"}, "RS78762_2005-07-09T18.EDT": {"temporal": ["2005-07-09T17:52:00.000Z", "2005-07-09T19:13:46.000Z"], "wnes_geometry": {"westBoundingCoordinate": -84.943, "eastBoundingCoordinate": -84.216, "northBoundingCoordinate": 9.997, "southBoundingCoordinate": 9.933}, "sizeMB": 0.33, "format": "Not provided"}, "RS78762_2005-07-10T00.EDT": {"temporal": ["2005-07-09T23:42:00.000Z", "2005-07-10T01:12:24.000Z"], "wnes_geometry": {"westBoundingCoordinate": -84.889, "eastBoundingCoordinate": -84.217, "northBoundingCoordinate": 9.996, "southBoundingCoordinate": 9.898}, "sizeMB": 0.37, "format": "Not provided"}, "RS78762_2005-07-10T06.EDT": {"temporal": ["2005-07-10T05:19:00.000Z", "2005-07-10T07:02:38.000Z"], "wnes_geometry": {"westBoundingCoordinate": -85.121, "eastBoundingCoordinate": -84.22, "northBoundingCoordinate": 10.002, "southBoundingCoordinate": 9.892}, "sizeMB": 0.42, "format": "Not provided"}, "RS78762_2005-07-10T12.EDT": {"temporal": ["2005-07-10T11:22:00.000Z", "2005-07-10T12:52:14.000Z"], "wnes_geometry": {"westBoundingCoordinate": -84.95, "eastBoundingCoordinate": -84.22, "northBoundingCoordinate": 9.994, "southBoundingCoordinate": 9.906}, "sizeMB": 0.37, "format": "Not provided"}, "RS78762_2005-07-10T18.EDT": {"temporal": ["2005-07-10T17:56:00.000Z", "2005-07-10T19:21:08.000Z"], "wnes_geometry": {"westBoundingCoordinate": -84.996, "eastBoundingCoordinate": -84.216, "northBoundingCoordinate": 9.99, "southBoundingCoordinate": 9.901}, "sizeMB": 0.35, "format": "Not provided"}, "RS78762_2005-07-11T00.EDT": {"temporal": ["2005-07-11T00:01:00.000Z", "2005-07-11T01:30:50.000Z"], "wnes_geometry": {"westBoundingCoordinate": -84.736, "eastBoundingCoordinate": -84.216, "northBoundingCoordinate": 9.992, "southBoundingCoordinate": 9.81}, "sizeMB": 0.37, "format": "Not provided"}, "RS78762_2005-07-11T06.EDT": {"temporal": ["2005-07-11T05:24:00.000Z", "2005-07-11T07:12:54.000Z"], "wnes_geometry": {"westBoundingCoordinate": -84.994, "eastBoundingCoordinate": -84.219, "northBoundingCoordinate": 9.99, "southBoundingCoordinate": 9.775}, "sizeMB": 0.44, "format": "Not provided"}, "RS78762_2005-07-11T12.EDT": {"temporal": ["2005-07-11T12:18:00.000Z", "2005-07-11T14:17:54.000Z"], "wnes_geometry": {"westBoundingCoordinate": -85.066, "eastBoundingCoordinate": -84.22, "northBoundingCoordinate": 10.003, "southBoundingCoordinate": 9.856}, "sizeMB": 0.49, "format": "Not provided"}, "RS78762_2005-07-11T18.EDT": {"temporal": ["2005-07-11T18:12:00.000Z", "2005-07-11T19:32:52.000Z"], "wnes_geometry": {"westBoundingCoordinate": -84.789, "eastBoundingCoordinate": -84.207, "northBoundingCoordinate": 10.007, "southBoundingCoordinate": 9.859}, "sizeMB": 0.33, "format": "Not provided"}, "RS78762_2005-07-12T00.EDT": {"temporal": ["2005-07-11T23:32:00.000Z", "2005-07-12T00:48:00.000Z"], "wnes_geometry": {"westBoundingCoordinate": -84.374, "eastBoundingCoordinate": -84.219, "northBoundingCoordinate": 10.016, "southBoundingCoordinate": 9.848}, "sizeMB": 0.31, "format": "Not provided"}, "RS78762_2005-07-12T06.EDT": {"temporal": ["2005-07-12T05:22:00.000Z", "2005-07-12T06:21:34.000Z"], "wnes_geometry": {"westBoundingCoordinate": -84.451, "eastBoundingCoordinate": -84.22, "northBoundingCoordinate": 10.047, "southBoundingCoordinate": 9.98}, "sizeMB": 0.24, "format": "Not provided"}, "RS78762_2005-07-12T12.EDT": {"temporal": ["2005-07-12T12:04:00.000Z", "2005-07-12T13:35:58.000Z"], "wnes_geometry": {"westBoundingCoordinate": -84.806, "eastBoundingCoordinate": -84.208, "northBoundingCoordinate": 10.075, "southBoundingCoordinate": 9.952}, "sizeMB": 0.38, "format": "Not provided"}, "RS78762_2005-07-12T18.EDT": {"temporal": ["2005-07-12T18:08:00.000Z", "2005-07-12T19:24:32.000Z"], "wnes_geometry": {"westBoundingCoordinate": -84.795, "eastBoundingCoordinate": -84.194, "northBoundingCoordinate": 10.061, "southBoundingCoordinate": 9.99}, "sizeMB": 0.31, "format": "Not provided"}, "RS78762_2005-07-13T00.EDT": {"temporal": ["2005-07-12T23:15:00.000Z", "2005-07-13T00:31:04.000Z"], "wnes_geometry": {"westBoundingCoordinate": -84.689, "eastBoundingCoordinate": -84.208, "northBoundingCoordinate": 10.046, "southBoundingCoordinate": 9.99}, "sizeMB": 0.31, "format": "Not provided"}, "RS78762_2005-07-13T06.EDT": {"temporal": ["2005-07-13T05:16:00.000Z", "2005-07-13T06:31:54.000Z"], "wnes_geometry": {"westBoundingCoordinate": -84.763, "eastBoundingCoordinate": -84.22, "northBoundingCoordinate": 10.021, "southBoundingCoordinate": 9.988}, "sizeMB": 0.31, "format": "Not provided"}, "RS78762_2005-07-13T12.EDT": {"temporal": ["2005-07-13T12:03:00.000Z", "2005-07-13T13:14:10.000Z"], "wnes_geometry": {"westBoundingCoordinate": -84.67, "eastBoundingCoordinate": -84.219, "northBoundingCoordinate": 10, "southBoundingCoordinate": 9.974}, "sizeMB": 0.29, "format": "Not provided"}, "RS78762_2005-07-13T18.EDT": {"temporal": ["2005-07-13T18:04:00.000Z", "2005-07-13T20:03:46.000Z"], "wnes_geometry": {"westBoundingCoordinate": -85.184, "eastBoundingCoordinate": -84.213, "northBoundingCoordinate": 9.992, "southBoundingCoordinate": 9.95}, "sizeMB": 0.49, "format": "Not provided"}, "RS78762_2005-07-14T00.EDT": {"temporal": ["2005-07-13T23:20:00.000Z", "2005-07-14T01:19:54.000Z"], "wnes_geometry": {"westBoundingCoordinate": -84.528, "eastBoundingCoordinate": -84.213, "northBoundingCoordinate": 9.992, "southBoundingCoordinate": 9.856}, "sizeMB": 0.49, "format": "Not provided"}, "RS78762_2005-07-14T06.EDT": {"temporal": ["2005-07-14T05:15:00.000Z", "2005-07-14T06:37:52.000Z"], "wnes_geometry": {"westBoundingCoordinate": -84.786, "eastBoundingCoordinate": -84.217, "northBoundingCoordinate": 9.991, "southBoundingCoordinate": 9.885}, "sizeMB": 0.34, "format": "Not provided"}, "RS78762_2005-07-14T12.EDT": {"temporal": ["2005-07-14T12:09:00.000Z", "2005-07-14T13:30:34.000Z"], "wnes_geometry": {"westBoundingCoordinate": -84.797, "eastBoundingCoordinate": -84.22, "northBoundingCoordinate": 9.991, "southBoundingCoordinate": 9.867}, "sizeMB": 0.33, "format": "Not provided"}, "RS78762_2005-07-14T18.EDT": {"temporal": ["2005-07-14T18:14:00.000Z", "2005-07-14T19:33:22.000Z"], "wnes_geometry": {"westBoundingCoordinate": -84.864, "eastBoundingCoordinate": -84.218, "northBoundingCoordinate": 9.994, "southBoundingCoordinate": 9.911}, "sizeMB": 0.32, "format": "Not provided"}, "RS78762_2005-07-15T00.EDT": {"temporal": ["2005-07-14T23:21:00.000Z", "2005-07-15T00:50:34.000Z"], "wnes_geometry": {"westBoundingCoordinate": -84.726, "eastBoundingCoordinate": -84.218, "northBoundingCoordinate": 9.992, "southBoundingCoordinate": 9.909}, "sizeMB": 0.36, "format": "Not provided"}, "RS78762_2005-07-15T06.EDT": {"temporal": ["2005-07-15T05:17:00.000Z", "2005-07-15T06:56:18.000Z"], "wnes_geometry": {"westBoundingCoordinate": -84.828, "eastBoundingCoordinate": -84.219, "northBoundingCoordinate": 9.993, "southBoundingCoordinate": 9.902}, "sizeMB": 0.4, "format": "Not provided"}, "RS78762_2005-07-15T12.EDT": {"temporal": ["2005-07-15T12:12:00.000Z", "2005-07-15T13:39:02.000Z"], "wnes_geometry": {"westBoundingCoordinate": -84.764, "eastBoundingCoordinate": -84.22, "northBoundingCoordinate": 10.001, "southBoundingCoordinate": 9.953}, "sizeMB": 0.35, "format": "Not provided"}, "RS78762_2005-07-15T18.EDT": {"temporal": ["2005-07-15T17:54:00.000Z", "2005-07-15T19:18:22.000Z"], "wnes_geometry": {"westBoundingCoordinate": -84.874, "eastBoundingCoordinate": -84.214, "northBoundingCoordinate": 10.014, "southBoundingCoordinate": 9.976}, "sizeMB": 0.34, "format": "Not provided"}, "RS78762_2005-07-16T00.EDT": {"temporal": ["2005-07-15T23:53:00.000Z", "2005-07-16T01:03:02.000Z"], "wnes_geometry": {"westBoundingCoordinate": -84.358, "eastBoundingCoordinate": -84.219, "northBoundingCoordinate": 10.034, "southBoundingCoordinate": 9.958}, "sizeMB": 0.29, "format": "Not provided"}, "RS78762_2005-07-16T06.EDT": {"temporal": ["2005-07-16T05:20:00.000Z", "2005-07-16T07:00:24.000Z"], "wnes_geometry": {"westBoundingCoordinate": -84.95, "eastBoundingCoordinate": -84.22, "northBoundingCoordinate": 10.1, "southBoundingCoordinate": 9.99}, "sizeMB": 0.41, "format": "Not provided"}, "RS78762_2005-07-16T12.EDT": {"temporal": ["2005-07-16T11:58:00.000Z", "2005-07-16T13:45:12.000Z"], "wnes_geometry": {"westBoundingCoordinate": -85.117, "eastBoundingCoordinate": -84.22, "northBoundingCoordinate": 10.075, "southBoundingCoordinate": 9.978}, "sizeMB": 0.44, "format": "Not provided"}, "RS78762_2005-07-16T18.EDT": {"temporal": ["2005-07-16T18:12:00.000Z", "2005-07-16T19:36:56.000Z"], "wnes_geometry": {"westBoundingCoordinate": -84.909, "eastBoundingCoordinate": -84.214, "northBoundingCoordinate": 10.032, "southBoundingCoordinate": 9.957}, "sizeMB": 0.35, "format": "Not provided"}, "RS78762_2005-07-17T00.EDT": {"temporal": ["2005-07-16T23:15:00.000Z", "2005-07-17T00:22:50.000Z"], "wnes_geometry": {"westBoundingCoordinate": -84.63, "eastBoundingCoordinate": -84.22, "northBoundingCoordinate": 10.016, "southBoundingCoordinate": 9.982}, "sizeMB": 0.28, "format": "Not provided"}, "RS78762_2005-07-17T06.EDT": {"temporal": ["2005-07-17T05:15:00.000Z", "2005-07-17T06:33:22.000Z"], "wnes_geometry": {"westBoundingCoordinate": -84.857, "eastBoundingCoordinate": -84.22, "northBoundingCoordinate": 10.011, "southBoundingCoordinate": 9.958}, "sizeMB": 0.32, "format": "Not provided"}, "RS78762_2005-07-17T12.EDT": {"temporal": ["2005-07-17T12:08:00.000Z", "2005-07-17T13:25:58.000Z"], "wnes_geometry": {"westBoundingCoordinate": -84.946, "eastBoundingCoordinate": -84.22, "northBoundingCoordinate": 9.995, "southBoundingCoordinate": 9.95}, "sizeMB": 0.32, "format": "Not provided"}, "RS78762_2005-07-17T18.EDT": {"temporal": ["2005-07-17T17:40:00.000Z", "2005-07-17T19:02:14.000Z"], "wnes_geometry": {"westBoundingCoordinate": -84.996, "eastBoundingCoordinate": -84.215, "northBoundingCoordinate": 9.993, "southBoundingCoordinate": 9.95}, "sizeMB": 0.34, "format": "Not provided"}, "RS78762_2005-07-18T00.EDT": {"temporal": ["2005-07-17T23:18:00.000Z", "2005-07-18T00:07:00.000Z"], "wnes_geometry": {"westBoundingCoordinate": -84.437, "eastBoundingCoordinate": -84.217, "northBoundingCoordinate": 9.994, "southBoundingCoordinate": 9.934}, "sizeMB": 0.2, "format": "Not provided"}, "RS78762_2005-07-18T06.EDT": {"temporal": ["2005-07-18T05:19:00.000Z", "2005-07-18T06:45:20.000Z"], "wnes_geometry": {"westBoundingCoordinate": -85.043, "eastBoundingCoordinate": -84.22, "northBoundingCoordinate": 10.019, "southBoundingCoordinate": 9.97}, "sizeMB": 0.35, "format": "Not provided"}, "RS78762_2005-07-18T12.EDT": {"temporal": ["2005-07-18T12:01:00.000Z", "2005-07-18T13:22:52.000Z"], "wnes_geometry": {"westBoundingCoordinate": -85.009, "eastBoundingCoordinate": -84.22, "northBoundingCoordinate": 10, "southBoundingCoordinate": 9.973}, "sizeMB": 0.33, "format": "Not provided"}, "RS78762_2005-07-18T18.EDT": {"temporal": ["2005-07-18T17:43:00.000Z", "2005-07-18T19:07:40.000Z"], "wnes_geometry": {"westBoundingCoordinate": -85.128, "eastBoundingCoordinate": -84.22, "northBoundingCoordinate": 9.998, "southBoundingCoordinate": 9.967}, "sizeMB": 0.34, "format": "Not provided"}, "RS78762_2005-07-19T06.EDT": {"temporal": ["2005-07-19T05:28:00.000Z", "2005-07-19T06:46:30.000Z"], "wnes_geometry": {"westBoundingCoordinate": -84.901, "eastBoundingCoordinate": -84.22, "northBoundingCoordinate": 9.992, "southBoundingCoordinate": 9.909}, "sizeMB": 0.32, "format": "Not provided"}, "RS78762_2005-07-19T12.EDT": {"temporal": ["2005-07-19T12:11:00.000Z", "2005-07-19T13:06:46.000Z"], "wnes_geometry": {"westBoundingCoordinate": -84.561, "eastBoundingCoordinate": -84.22, "northBoundingCoordinate": 9.992, "southBoundingCoordinate": 9.922}, "sizeMB": 0.23, "format": "Not provided"}, "RS78762_2005-07-19T18.EDT": {"temporal": ["2005-07-19T17:35:00.000Z", "2005-07-19T18:58:34.000Z"], "wnes_geometry": {"westBoundingCoordinate": -85.014, "eastBoundingCoordinate": -84.22, "northBoundingCoordinate": 9.996, "southBoundingCoordinate": 9.93}, "sizeMB": 0.34, "format": "Not provided"}, "RS78762_2005-07-20T00.EDT": {"temporal": ["2005-07-19T23:35:00.000Z", "2005-07-20T00:52:58.000Z"], "wnes_geometry": {"westBoundingCoordinate": -84.67, "eastBoundingCoordinate": -84.219, "northBoundingCoordinate": 9.993, "southBoundingCoordinate": 9.935}, "sizeMB": 0.32, "format": "Not provided"}, "RS78762_2005-07-20T06.EDT": {"temporal": ["2005-07-20T05:15:00.000Z", "2005-07-20T06:51:10.000Z"], "wnes_geometry": {"westBoundingCoordinate": -84.885, "eastBoundingCoordinate": -84.22, "northBoundingCoordinate": 10.002, "southBoundingCoordinate": 9.879}, "sizeMB": 0.39, "format": "Not provided"}, "RS78762_2005-07-20T12.EDT": {"temporal": ["2005-07-20T12:06:00.000Z", "2005-07-20T13:31:10.000Z"], "wnes_geometry": {"westBoundingCoordinate": -84.886, "eastBoundingCoordinate": -84.219, "northBoundingCoordinate": 10.006, "southBoundingCoordinate": 9.891}, "sizeMB": 0.35, "format": "Not provided"}, "RS78762_2005-07-20T18.EDT": {"temporal": ["2005-07-20T18:47:00.000Z", "2005-07-20T19:22:12.000Z"], "wnes_geometry": {"westBoundingCoordinate": -84.285, "eastBoundingCoordinate": -84.219, "northBoundingCoordinate": 10.073, "southBoundingCoordinate": 9.99}, "sizeMB": 0.15, "format": "Not provided"}, "RS78762_2005-07-19T00.EDT": {"temporal": ["2005-07-20T23:24:00.000Z", "2005-07-21T00:35:10.000Z"], "wnes_geometry": {"westBoundingCoordinate": -84.66, "eastBoundingCoordinate": -84.213, "northBoundingCoordinate": 9.995, "southBoundingCoordinate": 9.962}, "sizeMB": 0.29, "format": "Not provided"}, "RS78762_2005-07-21T00.EDT": {"temporal": ["2005-07-20T23:26:00.000Z", "2005-07-21T00:22:54.000Z"], "wnes_geometry": {"westBoundingCoordinate": -84.381, "eastBoundingCoordinate": -84.22, "northBoundingCoordinate": 10.056, "southBoundingCoordinate": 9.987}, "sizeMB": 0.23, "format": "Not provided"}, "RS78762_2005-07-21T06.EDT": {"temporal": ["2005-07-21T05:58:00.000Z", "2005-07-21T06:46:32.000Z"], "wnes_geometry": {"westBoundingCoordinate": -84.227, "eastBoundingCoordinate": -84.159, "northBoundingCoordinate": 10.077, "southBoundingCoordinate": 9.99}, "sizeMB": 0.2, "format": "Not provided"}, "RS78762_2005-07-21T12.EDT": {"temporal": ["2005-07-21T12:55:00.000Z", "2005-07-21T14:14:04.000Z"], "wnes_geometry": {"westBoundingCoordinate": -84.673, "eastBoundingCoordinate": -84.186, "northBoundingCoordinate": 10.063, "southBoundingCoordinate": 9.989}, "sizeMB": 0.32, "format": "Not provided"}, "RS78762_2005-07-21T18.EDT": {"temporal": ["2005-07-21T17:39:00.000Z", "2005-07-21T18:57:54.000Z"], "wnes_geometry": {"westBoundingCoordinate": -84.77, "eastBoundingCoordinate": -84.197, "northBoundingCoordinate": 10.045, "southBoundingCoordinate": 9.99}, "sizeMB": 0.32, "format": "Not provided"}, "RS78762_2005-07-22T00.EDT": {"temporal": ["2005-07-22T00:46:00.000Z", "2005-07-22T02:24:30.000Z"], "wnes_geometry": {"westBoundingCoordinate": -85.132, "eastBoundingCoordinate": -84.22, "northBoundingCoordinate": 9.994, "southBoundingCoordinate": 9.955}, "sizeMB": 0.4, "format": "Not provided"}, "RS78762_2005-07-22T06.EDT": {"temporal": ["2005-07-22T05:28:00.000Z", "2005-07-22T06:48:18.000Z"], "wnes_geometry": {"westBoundingCoordinate": -84.984, "eastBoundingCoordinate": -84.22, "northBoundingCoordinate": 10.003, "southBoundingCoordinate": 9.959}, "sizeMB": 0.33, "format": "Not provided"}, "RS78762_2005-07-22T12.EDT": {"temporal": ["2005-07-22T12:02:00.000Z", "2005-07-22T13:20:22.000Z"], "wnes_geometry": {"westBoundingCoordinate": -84.875, "eastBoundingCoordinate": -84.22, "northBoundingCoordinate": 9.993, "southBoundingCoordinate": 9.926}, "sizeMB": 0.32, "format": "Not provided"}, "RS78762_2005-07-22T18.EDT": {"temporal": ["2005-07-22T17:34:00.000Z", "2005-07-22T18:49:52.000Z"], "wnes_geometry": {"westBoundingCoordinate": -84.999, "eastBoundingCoordinate": -84.22, "northBoundingCoordinate": 9.991, "southBoundingCoordinate": 9.914}, "sizeMB": 0.31, "format": "Not provided"}, "RS78762_2005-07-23T00.EDT": {"temporal": ["2005-07-23T00:48:00.000Z", "2005-07-23T02:16:42.000Z"], "wnes_geometry": {"westBoundingCoordinate": -85.131, "eastBoundingCoordinate": -84.22, "northBoundingCoordinate": 9.991, "southBoundingCoordinate": 9.834}, "sizeMB": 0.36, "format": "Not provided"}, "RS78762_2005-07-23T06.EDT": {"temporal": ["2005-07-23T05:15:00.000Z", "2005-07-23T06:03:06.000Z"], "wnes_geometry": {"westBoundingCoordinate": -84.554, "eastBoundingCoordinate": -84.22, "northBoundingCoordinate": 9.991, "southBoundingCoordinate": 9.81}, "sizeMB": 0.2, "format": "Not provided"}, "RS78762_2005-07-23T12.EDT": {"temporal": ["2005-07-23T11:59:00.000Z", "2005-07-23T13:13:44.000Z"], "wnes_geometry": {"westBoundingCoordinate": -84.916, "eastBoundingCoordinate": -84.22, "northBoundingCoordinate": 9.998, "southBoundingCoordinate": 9.91}, "sizeMB": 0.3, "format": "Not provided"}, "RS78762_2005-07-23T18.EDT": {"temporal": ["2005-07-23T19:04:00.000Z", "2005-07-23T20:34:58.000Z"], "wnes_geometry": {"westBoundingCoordinate": -84.967, "eastBoundingCoordinate": -84.218, "northBoundingCoordinate": 9.992, "southBoundingCoordinate": 9.933}, "sizeMB": 0.37, "format": "Not provided"}, "RS78762_2005-07-24T00.EDT": {"temporal": ["2005-07-23T23:30:00.000Z", "2005-07-24T01:14:12.000Z"], "wnes_geometry": {"westBoundingCoordinate": -84.989, "eastBoundingCoordinate": -84.216, "northBoundingCoordinate": 10.016, "southBoundingCoordinate": 9.962}, "sizeMB": 0.42, "format": "Not provided"}, "RS78762_2005-07-24T06.EDT": {"temporal": ["2005-07-24T05:33:00.000Z", "2005-07-24T06:56:44.000Z"], "wnes_geometry": {"westBoundingCoordinate": -84.933, "eastBoundingCoordinate": -84.22, "northBoundingCoordinate": 10.035, "southBoundingCoordinate": 9.977}, "sizeMB": 0.34, "format": "Not provided"}, "RS78762_2005-07-24T12.EDT": {"temporal": ["2005-07-24T12:30:00.000Z", "2005-07-24T14:02:18.000Z"], "wnes_geometry": {"westBoundingCoordinate": -84.968, "eastBoundingCoordinate": -84.22, "northBoundingCoordinate": 10.059, "southBoundingCoordinate": 9.99}, "sizeMB": 0.38, "format": "Not provided"}, "RS78762_2005-07-24T18.EDT": {"temporal": ["2005-07-24T17:23:00.000Z", "2005-07-24T18:16:08.000Z"], "wnes_geometry": {"westBoundingCoordinate": -84.428, "eastBoundingCoordinate": -84.218, "northBoundingCoordinate": 10.043, "southBoundingCoordinate": 9.99}, "sizeMB": 0.22, "format": "Not provided"}, "RS78762_2005-07-25T00.EDT": {"temporal": ["2005-07-24T23:25:00.000Z", "2005-07-25T00:17:52.000Z"], "wnes_geometry": {"westBoundingCoordinate": -84.395, "eastBoundingCoordinate": -84.218, "northBoundingCoordinate": 10.023, "southBoundingCoordinate": 9.988}, "sizeMB": 0.22, "format": "Not provided"}, "RS78762_2005-07-25T06.EDT": {"temporal": ["2005-07-25T05:33:00.000Z", "2005-07-25T07:00:52.000Z"], "wnes_geometry": {"westBoundingCoordinate": -84.977, "eastBoundingCoordinate": -84.22, "northBoundingCoordinate": 10.009, "southBoundingCoordinate": 9.932}, "sizeMB": 0.36, "format": "Not provided"}, "RS78762_2005-07-25T12.EDT": {"temporal": ["2005-07-25T12:41:00.000Z", "2005-07-25T14:16:04.000Z"], "wnes_geometry": {"westBoundingCoordinate": -85.058, "eastBoundingCoordinate": -84.22, "northBoundingCoordinate": 10.004, "southBoundingCoordinate": 9.943}, "sizeMB": 0.39, "format": "Not provided"}, "RS78762_2005-07-25T18.EDT": {"temporal": ["2005-07-25T17:26:00.000Z", "2005-07-25T19:25:54.000Z"], "wnes_geometry": {"westBoundingCoordinate": -84.704, "eastBoundingCoordinate": -84.22, "northBoundingCoordinate": 10.081, "southBoundingCoordinate": 9.983}, "sizeMB": 0.49, "format": "Not provided"}, "RS78762_2005-07-26T00.EDT": {"temporal": ["2005-07-25T23:36:00.000Z", "2005-07-26T00:42:10.000Z"], "wnes_geometry": {"westBoundingCoordinate": -84.399, "eastBoundingCoordinate": -84.217, "northBoundingCoordinate": 10.016, "southBoundingCoordinate": 9.959}, "sizeMB": 0.27, "format": "Not provided"}, "RS78762_2005-07-26T06.EDT": {"temporal": ["2005-07-26T05:19:00.000Z", "2005-07-26T06:40:26.000Z"], "wnes_geometry": {"westBoundingCoordinate": -84.796, "eastBoundingCoordinate": -84.22, "northBoundingCoordinate": 10.011, "southBoundingCoordinate": 9.962}, "sizeMB": 0.33, "format": "Not provided"}, "RS78762_2005-07-26T12.EDT": {"temporal": ["2005-07-26T12:07:00.000Z", "2005-07-26T13:33:12.000Z"], "wnes_geometry": {"westBoundingCoordinate": -84.866, "eastBoundingCoordinate": -84.22, "northBoundingCoordinate": 10.002, "southBoundingCoordinate": 9.944}, "sizeMB": 0.35, "format": "Not provided"}, "RS78762_2005-07-26T18.EDT": {"temporal": ["2005-07-26T17:19:00.000Z", "2005-07-26T18:36:28.000Z"], "wnes_geometry": {"westBoundingCoordinate": -84.671, "eastBoundingCoordinate": -84.22, "northBoundingCoordinate": 10.001, "southBoundingCoordinate": 9.951}, "sizeMB": 0.32, "format": "Not provided"}, "RS78762_2005-07-27T00.EDT": {"temporal": ["2005-07-26T23:18:00.000Z", "2005-07-27T00:37:32.000Z"], "wnes_geometry": {"westBoundingCoordinate": -84.795, "eastBoundingCoordinate": -84.219, "northBoundingCoordinate": 9.99, "southBoundingCoordinate": 9.922}, "sizeMB": 0.33, "format": "Not provided"}, "RS78762_2005-07-27T06.EDT": {"temporal": ["2005-07-27T05:27:00.000Z", "2005-07-27T06:49:04.000Z"], "wnes_geometry": {"westBoundingCoordinate": -84.857, "eastBoundingCoordinate": -84.22, "northBoundingCoordinate": 10.022, "southBoundingCoordinate": 9.982}, "sizeMB": 0.34, "format": "Not provided"}, "RS78762_2005-07-27T12.EDT": {"temporal": ["2005-07-27T11:29:00.000Z", "2005-07-27T12:45:52.000Z"], "wnes_geometry": {"westBoundingCoordinate": -84.768, "eastBoundingCoordinate": -84.22, "northBoundingCoordinate": 10.039, "southBoundingCoordinate": 9.984}, "sizeMB": 0.31, "format": "Not provided"}, "RS78762_2005-07-27T18.EDT": {"temporal": ["2005-07-27T17:17:00.000Z", "2005-07-27T18:15:34.000Z"], "wnes_geometry": {"westBoundingCoordinate": -84.465, "eastBoundingCoordinate": -84.22, "northBoundingCoordinate": 10.055, "southBoundingCoordinate": 9.99}, "sizeMB": 0.24, "format": "Not provided"}, "RS78762_2005-07-28T00.EDT": {"temporal": ["2005-07-27T23:16:00.000Z", "2005-07-28T00:24:08.000Z"], "wnes_geometry": {"westBoundingCoordinate": -84.588, "eastBoundingCoordinate": -84.22, "northBoundingCoordinate": 10.051, "southBoundingCoordinate": 9.981}, "sizeMB": 0.28, "format": "Not provided"}, "RS78762_2005-07-28T06.EDT": {"temporal": ["2005-07-28T05:15:00.000Z", "2005-07-28T06:39:50.000Z"], "wnes_geometry": {"westBoundingCoordinate": -84.89, "eastBoundingCoordinate": -84.22, "northBoundingCoordinate": 10.084, "southBoundingCoordinate": 9.98}, "sizeMB": 0.35, "format": "Not provided"}, "RS78762_2005-07-28T12.EDT": {"temporal": ["2005-07-28T11:54:00.000Z", "2005-07-28T13:04:44.000Z"], "wnes_geometry": {"westBoundingCoordinate": -84.637, "eastBoundingCoordinate": -84.22, "northBoundingCoordinate": 10.07, "southBoundingCoordinate": 9.983}, "sizeMB": 0.29, "format": "Not provided"}, "RS78762_2005-07-28T18.EDT": {"temporal": ["2005-07-28T17:18:00.000Z", "2005-07-28T18:24:00.000Z"], "wnes_geometry": {"westBoundingCoordinate": -84.776, "eastBoundingCoordinate": -84.22, "northBoundingCoordinate": 10.016, "southBoundingCoordinate": 9.974}, "sizeMB": 0.27, "format": "Not provided"}, "RS78762_2005-07-29T00.EDT": {"temporal": ["2005-07-28T23:38:00.000Z", "2005-07-29T00:56:06.000Z"], "wnes_geometry": {"westBoundingCoordinate": -84.822, "eastBoundingCoordinate": -84.22, "northBoundingCoordinate": 10.011, "southBoundingCoordinate": 9.973}, "sizeMB": 0.32, "format": "Not provided"}, "RS78762_2005-07-29T06.EDT": {"temporal": ["2005-07-29T05:25:00.000Z", "2005-07-29T06:53:06.000Z"], "wnes_geometry": {"westBoundingCoordinate": -85.052, "eastBoundingCoordinate": -84.22, "northBoundingCoordinate": 10.057, "southBoundingCoordinate": 9.99}, "sizeMB": 0.36, "format": "Not provided"}, "RS78762_2005-07-29T12.EDT": {"temporal": ["2005-07-29T11:15:00.000Z", "2005-07-29T12:28:34.000Z"], "wnes_geometry": {"westBoundingCoordinate": -84.832, "eastBoundingCoordinate": -84.22, "northBoundingCoordinate": 10.04, "southBoundingCoordinate": 9.986}, "sizeMB": 0.3, "format": "Not provided"}, "RS78762_2005-07-29T18.EDT": {"temporal": ["2005-07-29T17:16:00.000Z", "2005-07-29T18:35:48.000Z"], "wnes_geometry": {"westBoundingCoordinate": -84.856, "eastBoundingCoordinate": -84.22, "northBoundingCoordinate": 10.013, "southBoundingCoordinate": 9.979}, "sizeMB": 0.33, "format": "Not provided"}, "RS78762_2005-07-30T00.EDT": {"temporal": ["2005-07-30T00:25:00.000Z", "2005-07-30T01:25:28.000Z"], "wnes_geometry": {"westBoundingCoordinate": -84.496, "eastBoundingCoordinate": -84.22, "northBoundingCoordinate": 9.991, "southBoundingCoordinate": 9.964}, "sizeMB": 0.25, "format": "Not provided"}, "RS78762_2005-07-30T06.EDT": {"temporal": ["2005-07-30T05:25:00.000Z", "2005-07-30T06:41:08.000Z"], "wnes_geometry": {"westBoundingCoordinate": -84.844, "eastBoundingCoordinate": -84.22, "northBoundingCoordinate": 10.004, "southBoundingCoordinate": 9.974}, "sizeMB": 0.31, "format": "Not provided"}, "RS78762_2005-07-30T12.EDT": {"temporal": ["2005-07-30T11:27:00.000Z", "2005-07-30T12:31:34.000Z"], "wnes_geometry": {"westBoundingCoordinate": -84.717, "eastBoundingCoordinate": -84.22, "northBoundingCoordinate": 9.991, "southBoundingCoordinate": 9.963}, "sizeMB": 0.27, "format": "Not provided"}, "RS78762_2005-07-30T18.EDT": {"temporal": ["2005-07-30T17:34:00.000Z", "2005-07-30T18:57:44.000Z"], "wnes_geometry": {"westBoundingCoordinate": -84.868, "eastBoundingCoordinate": -84.22, "northBoundingCoordinate": 10.019, "southBoundingCoordinate": 9.986}, "sizeMB": 0.34, "format": "Not provided"}, "RS78762_2005-07-31T00.EDT": {"temporal": ["2005-07-31T00:49:00.000Z", "2005-07-31T02:24:30.000Z"], "wnes_geometry": {"westBoundingCoordinate": -85.107, "eastBoundingCoordinate": -84.22, "northBoundingCoordinate": 9.99, "southBoundingCoordinate": 9.949}, "sizeMB": 0.39, "format": "Not provided"}, "RS78762_2005-07-31T06.EDT": {"temporal": ["2005-07-31T05:25:00.000Z", "2005-07-31T06:49:30.000Z"], "wnes_geometry": {"westBoundingCoordinate": -84.88, "eastBoundingCoordinate": -84.22, "northBoundingCoordinate": 10.018, "southBoundingCoordinate": 9.963}, "sizeMB": 0.34, "format": "Not provided"}, "RS78762_2005-07-31T12.EDT": {"temporal": ["2005-07-31T11:22:00.000Z", "2005-07-31T12:41:46.000Z"], "wnes_geometry": {"westBoundingCoordinate": -84.79, "eastBoundingCoordinate": -84.22, "northBoundingCoordinate": 10.012, "southBoundingCoordinate": 9.958}, "sizeMB": 0.33, "format": "Not provided"}, "RS78762_2005-07-31T18.EDT": {"temporal": ["2005-07-31T17:17:00.000Z", "2005-07-31T18:32:48.000Z"], "wnes_geometry": {"westBoundingCoordinate": -84.636, "eastBoundingCoordinate": -84.22, "northBoundingCoordinate": 9.993, "southBoundingCoordinate": 9.93}, "sizeMB": 0.31, "format": "Not provided"}, "RS78762_2005-08-01T00.EDT": {"temporal": ["2005-08-01T00:14:00.000Z", "2005-08-01T01:28:50.000Z"], "wnes_geometry": {"westBoundingCoordinate": -84.668, "eastBoundingCoordinate": -84.22, "northBoundingCoordinate": 10.023, "southBoundingCoordinate": 9.956}, "sizeMB": 0.31, "format": "Not provided"}, "RS78762_2005-08-01T06.EDT": {"temporal": ["2005-08-01T05:17:00.000Z", "2005-08-01T06:41:08.000Z"], "wnes_geometry": {"westBoundingCoordinate": -84.857, "eastBoundingCoordinate": -84.22, "northBoundingCoordinate": 10.015, "southBoundingCoordinate": 9.953}, "sizeMB": 0.34, "format": "Not provided"}, "RS78762_2005-08-01T12.EDT": {"temporal": ["2005-08-01T12:30:00.000Z", "2005-08-01T13:48:40.000Z"], "wnes_geometry": {"westBoundingCoordinate": -84.785, "eastBoundingCoordinate": -84.22, "northBoundingCoordinate": 10.013, "southBoundingCoordinate": 9.897}, "sizeMB": 0.32, "format": "Not provided"}, "RS78762_2005-08-01T18.EDT": {"temporal": ["2005-08-01T17:52:00.000Z", "2005-08-01T19:07:08.000Z"], "wnes_geometry": {"westBoundingCoordinate": -84.801, "eastBoundingCoordinate": -84.22, "northBoundingCoordinate": 10.005, "southBoundingCoordinate": 9.951}, "sizeMB": 0.31, "format": "Not provided"}, "RS78762_2005-08-02T00.EDT": {"temporal": ["2005-08-01T23:23:00.000Z", "2005-08-02T00:28:10.000Z"], "wnes_geometry": {"westBoundingCoordinate": -84.592, "eastBoundingCoordinate": -84.22, "northBoundingCoordinate": 10.018, "southBoundingCoordinate": 9.981}, "sizeMB": 0.27, "format": "Not provided"}, "RS78762_2005-08-02T06.EDT": {"temporal": ["2005-08-02T05:20:00.000Z", "2005-08-02T06:24:52.000Z"], "wnes_geometry": {"westBoundingCoordinate": -84.626, "eastBoundingCoordinate": -84.22, "northBoundingCoordinate": 9.993, "southBoundingCoordinate": 9.969}, "sizeMB": 0.27, "format": "Not provided"}, "RS78762_2005-08-02T12.EDT": {"temporal": ["2005-08-02T12:48:00.000Z", "2005-08-02T14:12:02.000Z"], "wnes_geometry": {"westBoundingCoordinate": -84.846, "eastBoundingCoordinate": -84.22, "northBoundingCoordinate": 10.004, "southBoundingCoordinate": 9.976}, "sizeMB": 0.34, "format": "Not provided"}, "RS78762_2005-08-02T18.EDT": {"temporal": ["2005-08-02T17:15:00.000Z", "2005-08-02T18:37:26.000Z"], "wnes_geometry": {"westBoundingCoordinate": -84.835, "eastBoundingCoordinate": -84.22, "northBoundingCoordinate": 10.036, "southBoundingCoordinate": 9.978}, "sizeMB": 0.34, "format": "Not provided"}, "RS78762_2005-08-03T00.EDT": {"temporal": ["2005-08-03T00:00:00.000Z", "2005-08-03T01:31:18.000Z"], "wnes_geometry": {"westBoundingCoordinate": -84.921, "eastBoundingCoordinate": -84.219, "northBoundingCoordinate": 10.02, "southBoundingCoordinate": 9.963}, "sizeMB": 0.37, "format": "Not provided"}, "RS78762_2005-08-03T06.EDT": {"temporal": ["2005-08-03T07:48:00.000Z", "2005-08-03T08:14:56.000Z"], "wnes_geometry": {"westBoundingCoordinate": -84.35, "eastBoundingCoordinate": -84.22, "northBoundingCoordinate": 10.006, "southBoundingCoordinate": 9.989}, "sizeMB": 0.11, "format": "Not provided"}, "RS78762_2005-08-03T12.EDT": {"temporal": ["2005-08-03T12:00:00.000Z", "2005-08-03T13:14:36.000Z"], "wnes_geometry": {"westBoundingCoordinate": -84.787, "eastBoundingCoordinate": -84.22, "northBoundingCoordinate": 9.998, "southBoundingCoordinate": 9.958}, "sizeMB": 0.3, "format": "Not provided"}, "RS78762_2005-08-03T18.EDT": {"temporal": ["2005-08-03T17:31:00.000Z", "2005-08-03T19:16:58.000Z"], "wnes_geometry": {"westBoundingCoordinate": -85.092, "eastBoundingCoordinate": -84.22, "northBoundingCoordinate": 9.99, "southBoundingCoordinate": 9.964}, "sizeMB": 0.43, "format": "Not provided"}, "RS78762_2005-08-04T00.EDT": {"temporal": ["2005-08-03T23:31:00.000Z", "2005-08-04T00:28:52.000Z"], "wnes_geometry": {"westBoundingCoordinate": -84.41, "eastBoundingCoordinate": -84.22, "northBoundingCoordinate": 9.99, "southBoundingCoordinate": 9.939}, "sizeMB": 0.24, "format": "Not provided"}, "RS78762_2005-08-04T06.EDT": {"temporal": ["2005-08-04T05:25:00.000Z", "2005-08-04T06:58:12.000Z"], "wnes_geometry": {"westBoundingCoordinate": -84.96, "eastBoundingCoordinate": -84.22, "northBoundingCoordinate": 10.018, "southBoundingCoordinate": 9.962}, "sizeMB": 0.38, "format": "Not provided"}, "RS78762_2005-08-04T12.EDT": {"temporal": ["2005-08-04T12:11:00.000Z", "2005-08-04T13:31:54.000Z"], "wnes_geometry": {"westBoundingCoordinate": -84.822, "eastBoundingCoordinate": -84.22, "northBoundingCoordinate": 10.019, "southBoundingCoordinate": 9.984}, "sizeMB": 0.33, "format": "Not provided"}, "RS78762_2005-08-04T18.EDT": {"temporal": ["2005-08-04T17:28:00.000Z", "2005-08-04T18:59:46.000Z"], "wnes_geometry": {"westBoundingCoordinate": -84.961, "eastBoundingCoordinate": -84.22, "northBoundingCoordinate": 10.049, "southBoundingCoordinate": 9.982}, "sizeMB": 0.37, "format": "Not provided"}, "RS78762_2005-08-05T00.EDT": {"temporal": ["2005-08-05T00:00:00.000Z", "2005-08-05T01:19:08.000Z"], "wnes_geometry": {"westBoundingCoordinate": -84.812, "eastBoundingCoordinate": -84.22, "northBoundingCoordinate": 9.991, "southBoundingCoordinate": 9.956}, "sizeMB": 0.32, "format": "Not provided"}, "RS78762_2005-08-05T06.EDT": {"temporal": ["2005-08-05T05:38:00.000Z", "2005-08-05T06:53:00.000Z"], "wnes_geometry": {"westBoundingCoordinate": -84.819, "eastBoundingCoordinate": -84.22, "northBoundingCoordinate": 10.003, "southBoundingCoordinate": 9.956}, "sizeMB": 0.31, "format": "Not provided"}, "RS78762_2005-08-05T12.EDT": {"temporal": ["2005-08-05T12:06:00.000Z", "2005-08-05T13:36:00.000Z"], "wnes_geometry": {"westBoundingCoordinate": -85.036, "eastBoundingCoordinate": -84.22, "northBoundingCoordinate": 10.011, "southBoundingCoordinate": 9.942}, "sizeMB": 0.37, "format": "Not provided"}, "RS78762_2005-08-05T18.EDT": {"temporal": ["2005-08-05T17:21:00.000Z", "2005-08-05T18:46:10.000Z"], "wnes_geometry": {"westBoundingCoordinate": -85.004, "eastBoundingCoordinate": -84.22, "northBoundingCoordinate": 10.019, "southBoundingCoordinate": 9.98}, "sizeMB": 0.35, "format": "Not provided"}, "RS78762_2005-08-06T00.EDT": {"temporal": ["2005-08-05T23:15:00.000Z", "2005-08-06T00:32:46.000Z"], "wnes_geometry": {"westBoundingCoordinate": -84.866, "eastBoundingCoordinate": -84.22, "northBoundingCoordinate": 9.998, "southBoundingCoordinate": 9.961}, "sizeMB": 0.32, "format": "Not provided"}, "RS78762_2005-08-06T06.EDT": {"temporal": ["2005-08-06T05:16:00.000Z", "2005-08-06T06:33:38.000Z"], "wnes_geometry": {"westBoundingCoordinate": -84.859, "eastBoundingCoordinate": -84.22, "northBoundingCoordinate": 9.997, "southBoundingCoordinate": 9.941}, "sizeMB": 0.32, "format": "Not provided"}, "RS78762_2005-08-06T12.EDT": {"temporal": ["2005-08-06T12:00:00.000Z", "2005-08-06T13:34:14.000Z"], "wnes_geometry": {"westBoundingCoordinate": -85.025, "eastBoundingCoordinate": -84.22, "northBoundingCoordinate": 10.005, "southBoundingCoordinate": 9.911}, "sizeMB": 0.38, "format": "Not provided"}, "RS78762_2005-08-06T18.EDT": {"temporal": ["2005-08-06T17:56:00.000Z", "2005-08-06T19:08:26.000Z"], "wnes_geometry": {"westBoundingCoordinate": -84.74, "eastBoundingCoordinate": -84.22, "northBoundingCoordinate": 10.004, "southBoundingCoordinate": 9.948}, "sizeMB": 0.3, "format": "Not provided"}, "RS78762_2005-08-08T00.EDT": {"temporal": ["2005-08-07T00:33:00.000Z", "2005-08-07T02:09:50.000Z"], "wnes_geometry": {"westBoundingCoordinate": -85.04, "eastBoundingCoordinate": -84.22, "northBoundingCoordinate": 10.017, "southBoundingCoordinate": 9.965}, "sizeMB": 0.39, "format": "Not provided"}, "RS78762_2005-08-07T00.EDT": {"temporal": ["2005-08-07T00:33:00.000Z", "2005-08-07T02:03:38.000Z"], "wnes_geometry": {"westBoundingCoordinate": -84.845, "eastBoundingCoordinate": -84.219, "northBoundingCoordinate": 10.002, "southBoundingCoordinate": 9.914}, "sizeMB": 0.37, "format": "Not provided"}, "RS78762_2005-08-07T06.EDT": {"temporal": ["2005-08-07T05:36:00.000Z", "2005-08-07T06:39:26.000Z"], "wnes_geometry": {"westBoundingCoordinate": -84.463, "eastBoundingCoordinate": -84.22, "northBoundingCoordinate": 10.042, "southBoundingCoordinate": 9.949}, "sizeMB": 0.26, "format": "Not provided"}, "RS78762_2005-08-07T12.EDT": {"temporal": ["2005-08-07T13:08:00.000Z", "2005-08-07T14:11:54.000Z"], "wnes_geometry": {"westBoundingCoordinate": -84.567, "eastBoundingCoordinate": -84.22, "northBoundingCoordinate": 10.028, "southBoundingCoordinate": 9.975}, "sizeMB": 0.26, "format": "Not provided"}, "RS78762_2005-08-07T18.EDT": {"temporal": ["2005-08-07T17:30:00.000Z", "2005-08-07T18:45:24.000Z"], "wnes_geometry": {"westBoundingCoordinate": -84.663, "eastBoundingCoordinate": -84.22, "northBoundingCoordinate": 10.037, "southBoundingCoordinate": 9.986}, "sizeMB": 0.31, "format": "Not provided"}, "RS78762_2005-08-08T06.EDT": {"temporal": ["2005-08-08T05:24:00.000Z", "2005-08-08T06:52:26.000Z"], "wnes_geometry": {"westBoundingCoordinate": -84.994, "eastBoundingCoordinate": -84.22, "northBoundingCoordinate": 10.066, "southBoundingCoordinate": 9.984}, "sizeMB": 0.36, "format": "Not provided"}, "RS78762_2005-08-08T12.EDT": {"temporal": ["2005-08-08T12:15:00.000Z", "2005-08-08T13:14:02.000Z"], "wnes_geometry": {"westBoundingCoordinate": -84.478, "eastBoundingCoordinate": -84.22, "northBoundingCoordinate": 10.057, "southBoundingCoordinate": 9.983}, "sizeMB": 0.24, "format": "Not provided"}, "RS78762_2005-08-08T18.EDT": {"temporal": ["2005-08-08T18:55:00.000Z", "2005-08-08T19:59:14.000Z"], "wnes_geometry": {"westBoundingCoordinate": -84.554, "eastBoundingCoordinate": -84.22, "northBoundingCoordinate": 10.101, "southBoundingCoordinate": 9.986}, "sizeMB": 0.26, "format": "Not provided"}, "RS78762_2005-08-09T00.EDT": {"temporal": ["2005-08-09T00:25:00.000Z", "2005-08-09T01:42:46.000Z"], "wnes_geometry": {"westBoundingCoordinate": -84.69, "eastBoundingCoordinate": -84.22, "northBoundingCoordinate": 10.046, "southBoundingCoordinate": 9.971}, "sizeMB": 0.32, "format": "Not provided"}, "RS78762_2005-08-09T06.EDT": {"temporal": ["2005-08-09T05:20:00.000Z", "2005-08-09T06:19:40.000Z"], "wnes_geometry": {"westBoundingCoordinate": -84.509, "eastBoundingCoordinate": -84.22, "northBoundingCoordinate": 10.015, "southBoundingCoordinate": 9.98}, "sizeMB": 0.24, "format": "Not provided"}, "RS78762_2005-08-09T12.EDT": {"temporal": ["2005-08-09T13:00:00.000Z", "2005-08-09T13:54:00.000Z"], "wnes_geometry": {"westBoundingCoordinate": -84.472, "eastBoundingCoordinate": -84.22, "northBoundingCoordinate": 10.057, "southBoundingCoordinate": 9.982}, "sizeMB": 0.22, "format": "Not provided"}, "RS78762_2005-08-09T18.EDT": {"temporal": ["2005-08-09T17:31:00.000Z", "2005-08-09T18:23:10.000Z"], "wnes_geometry": {"westBoundingCoordinate": -84.458, "eastBoundingCoordinate": -84.22, "northBoundingCoordinate": 10.085, "southBoundingCoordinate": 9.977}, "sizeMB": 0.21, "format": "Not provided"}, "RS78762_2005-08-10T00.EDT": {"temporal": ["2005-08-10T00:51:00.000Z", "2005-08-10T01:41:18.000Z"], "wnes_geometry": {"westBoundingCoordinate": -84.446, "eastBoundingCoordinate": -84.22, "northBoundingCoordinate": 10.028, "southBoundingCoordinate": 9.97}, "sizeMB": 0.21, "format": "Not provided"}, "RS78762_2005-08-10T06.EDT": {"temporal": ["2005-08-10T05:20:00.000Z", "2005-08-10T06:31:40.000Z"], "wnes_geometry": {"westBoundingCoordinate": -84.647, "eastBoundingCoordinate": -84.22, "northBoundingCoordinate": 10.033, "southBoundingCoordinate": 9.987}, "sizeMB": 0.29, "format": "Not provided"}, "RS78762_2005-08-10T12.EDT": {"temporal": ["2005-08-10T12:48:00.000Z", "2005-08-10T14:35:14.000Z"], "wnes_geometry": {"westBoundingCoordinate": -85.189, "eastBoundingCoordinate": -84.22, "northBoundingCoordinate": 10.086, "southBoundingCoordinate": 9.99}, "sizeMB": 0.44, "format": "Not provided"}, "RS78762_2005-08-10T18.EDT": {"temporal": ["2005-08-10T17:21:00.000Z", "2005-08-10T18:13:32.000Z"], "wnes_geometry": {"westBoundingCoordinate": -84.385, "eastBoundingCoordinate": -84.22, "northBoundingCoordinate": 10.042, "southBoundingCoordinate": 9.99}, "sizeMB": 0.22, "format": "Not provided"}, "RS78762_2005-08-11T00.EDT": {"temporal": ["2005-08-10T23:27:00.000Z", "2005-08-11T00:21:40.000Z"], "wnes_geometry": {"westBoundingCoordinate": -84.332, "eastBoundingCoordinate": -84.22, "northBoundingCoordinate": 10.037, "southBoundingCoordinate": 9.98}, "sizeMB": 0.22, "format": "Not provided"}, "RS78762_2005-08-11T06.EDT": {"temporal": ["2005-08-11T06:21:00.000Z", "2005-08-11T07:34:18.000Z"], "wnes_geometry": {"westBoundingCoordinate": -84.481, "eastBoundingCoordinate": -84.22, "northBoundingCoordinate": 10.04, "southBoundingCoordinate": 9.986}, "sizeMB": 0.3, "format": "Not provided"}, "RS78762_2005-08-11T12.EDT": {"temporal": ["2005-08-11T11:53:00.000Z", "2005-08-11T12:58:36.000Z"], "wnes_geometry": {"westBoundingCoordinate": -84.586, "eastBoundingCoordinate": -84.22, "northBoundingCoordinate": 10.026, "southBoundingCoordinate": 9.97}, "sizeMB": 0.27, "format": "Not provided"}, "RS78762_2005-08-11T18.EDT": {"temporal": ["2005-08-11T17:24:00.000Z", "2005-08-11T18:23:30.000Z"], "wnes_geometry": {"westBoundingCoordinate": -84.472, "eastBoundingCoordinate": -84.218, "northBoundingCoordinate": 10, "southBoundingCoordinate": 9.961}, "sizeMB": 0.24, "format": "Not provided"}, "RS78762_2005-08-12T00.EDT": {"temporal": ["2005-08-11T23:15:00.000Z", "2005-08-12T00:04:22.000Z"], "wnes_geometry": {"westBoundingCoordinate": -84.43, "eastBoundingCoordinate": -84.22, "northBoundingCoordinate": 9.994, "southBoundingCoordinate": 9.924}, "sizeMB": 0.2, "format": "Not provided"}, "RS78762_2005-08-12T06.EDT": {"temporal": ["2005-08-12T05:15:00.000Z", "2005-08-12T06:31:34.000Z"], "wnes_geometry": {"westBoundingCoordinate": -84.636, "eastBoundingCoordinate": -84.22, "northBoundingCoordinate": 9.996, "southBoundingCoordinate": 9.861}, "sizeMB": 0.31, "format": "Not provided"}, "RS78762_2005-08-12T12.EDT": {"temporal": ["2005-08-12T12:06:00.000Z", "2005-08-12T13:20:34.000Z"], "wnes_geometry": {"westBoundingCoordinate": -84.718, "eastBoundingCoordinate": -84.22, "northBoundingCoordinate": 9.99, "southBoundingCoordinate": 9.87}, "sizeMB": 0.3, "format": "Not provided"}, "RS78762_2005-08-12T18.EDT": {"temporal": ["2005-08-12T17:17:00.000Z", "2005-08-12T18:26:32.000Z"], "wnes_geometry": {"westBoundingCoordinate": -84.552, "eastBoundingCoordinate": -84.22, "northBoundingCoordinate": 9.993, "southBoundingCoordinate": 9.905}, "sizeMB": 0.28, "format": "Not provided"}, "RS78762_2005-08-13T00.EDT": {"temporal": ["2005-08-12T23:35:00.000Z", "2005-08-13T00:58:08.000Z"], "wnes_geometry": {"westBoundingCoordinate": -84.699, "eastBoundingCoordinate": -84.216, "northBoundingCoordinate": 9.992, "southBoundingCoordinate": 9.902}, "sizeMB": 0.34, "format": "Not provided"}, "RS78762_2005-08-13T06.EDT": {"temporal": ["2005-08-13T05:20:00.000Z", "2005-08-13T06:08:02.000Z"], "wnes_geometry": {"westBoundingCoordinate": -84.365, "eastBoundingCoordinate": -84.22, "northBoundingCoordinate": 10.023, "southBoundingCoordinate": 9.898}, "sizeMB": 0.2, "format": "Not provided"}, "RS78762_2005-08-13T12.EDT": {"temporal": ["2005-08-13T11:20:00.000Z", "2005-08-13T12:25:28.000Z"], "wnes_geometry": {"westBoundingCoordinate": -84.491, "eastBoundingCoordinate": -84.22, "northBoundingCoordinate": 10.041, "southBoundingCoordinate": 9.936}, "sizeMB": 0.27, "format": "Not provided"}, "RS78762_2005-08-13T18.EDT": {"temporal": ["2005-08-13T17:24:00.000Z", "2005-08-13T18:24:22.000Z"], "wnes_geometry": {"westBoundingCoordinate": -84.409, "eastBoundingCoordinate": -84.219, "northBoundingCoordinate": 10.057, "southBoundingCoordinate": 9.99}, "sizeMB": 0.25, "format": "Not provided"}, "RS78762_2005-08-14T00.EDT": {"temporal": ["2005-08-14T00:34:00.000Z", "2005-08-14T01:35:56.000Z"], "wnes_geometry": {"westBoundingCoordinate": -84.422, "eastBoundingCoordinate": -84.22, "northBoundingCoordinate": 10.014, "southBoundingCoordinate": 9.978}, "sizeMB": 0.25, "format": "Not provided"}, "RS78762_2005-08-14T06.EDT": {"temporal": ["2005-08-14T05:35:00.000Z", "2005-08-14T06:33:52.000Z"], "wnes_geometry": {"westBoundingCoordinate": -84.42, "eastBoundingCoordinate": -84.22, "northBoundingCoordinate": 9.992, "southBoundingCoordinate": 9.922}, "sizeMB": 0.24, "format": "Not provided"}, "RS78762_2005-08-14T12.EDT": {"temporal": ["2005-08-14T11:57:00.000Z", "2005-08-14T13:05:02.000Z"], "wnes_geometry": {"westBoundingCoordinate": -84.626, "eastBoundingCoordinate": -84.22, "northBoundingCoordinate": 9.994, "southBoundingCoordinate": 9.911}, "sizeMB": 0.28, "format": "Not provided"}, "RS78762_2005-08-14T18.EDT": {"temporal": ["2005-08-14T17:15:00.000Z", "2005-08-14T18:23:56.000Z"], "wnes_geometry": {"westBoundingCoordinate": -84.573, "eastBoundingCoordinate": -84.216, "northBoundingCoordinate": 9.996, "southBoundingCoordinate": 9.945}, "sizeMB": 0.28, "format": "Not provided"}, "RS78762_2005-08-15T00.EDT": {"temporal": ["2005-08-14T23:37:00.000Z", "2005-08-15T00:53:36.000Z"], "wnes_geometry": {"westBoundingCoordinate": -84.463, "eastBoundingCoordinate": -84.214, "northBoundingCoordinate": 10, "southBoundingCoordinate": 9.937}, "sizeMB": 0.31, "format": "Not provided"}, "RS78762_2005-08-15T06.EDT": {"temporal": ["2005-08-15T05:25:00.000Z", "2005-08-15T06:51:30.000Z"], "wnes_geometry": {"westBoundingCoordinate": -84.77, "eastBoundingCoordinate": -84.22, "northBoundingCoordinate": 10.018, "southBoundingCoordinate": 9.932}, "sizeMB": 0.35, "format": "Not provided"}, "RS78762_2005-08-15T12.EDT": {"temporal": ["2005-08-15T12:15:00.000Z", "2005-08-15T13:10:24.000Z"], "wnes_geometry": {"westBoundingCoordinate": -84.432, "eastBoundingCoordinate": -84.22, "northBoundingCoordinate": 10.031, "southBoundingCoordinate": 9.975}, "sizeMB": 0.23, "format": "Not provided"}, "RS78762_2005-08-15T18.EDT": {"temporal": ["2005-08-15T17:37:00.000Z", "2005-08-15T18:42:54.000Z"], "wnes_geometry": {"westBoundingCoordinate": -84.538, "eastBoundingCoordinate": -84.218, "northBoundingCoordinate": 10.034, "southBoundingCoordinate": 9.99}, "sizeMB": 0.27, "format": "Not provided"}, "RS78762_2005-08-16T00.EDT": {"temporal": ["2005-08-16T00:34:00.000Z", "2005-08-16T02:02:18.000Z"], "wnes_geometry": {"westBoundingCoordinate": -85.158, "eastBoundingCoordinate": -84.219, "northBoundingCoordinate": 9.991, "southBoundingCoordinate": 9.939}, "sizeMB": 0.36, "format": "Not provided"}, "RS78762_2005-08-16T06.EDT": {"temporal": ["2005-08-16T05:17:00.000Z", "2005-08-16T06:43:48.000Z"], "wnes_geometry": {"westBoundingCoordinate": -84.847, "eastBoundingCoordinate": -84.22, "northBoundingCoordinate": 9.999, "southBoundingCoordinate": 9.875}, "sizeMB": 0.35, "format": "Not provided"}, "RS78762_2005-08-16T12.EDT": {"temporal": ["2005-08-16T12:13:00.000Z", "2005-08-16T13:33:16.000Z"], "wnes_geometry": {"westBoundingCoordinate": -84.768, "eastBoundingCoordinate": -84.22, "northBoundingCoordinate": 10.004, "southBoundingCoordinate": 9.897}, "sizeMB": 0.33, "format": "Not provided"}, "RS78762_2005-08-16T18.EDT": {"temporal": ["2005-08-16T17:16:00.000Z", "2005-08-16T18:21:18.000Z"], "wnes_geometry": {"westBoundingCoordinate": -84.524, "eastBoundingCoordinate": -84.218, "northBoundingCoordinate": 10.005, "southBoundingCoordinate": 9.945}, "sizeMB": 0.27, "format": "Not provided"}, "RS78762_2005-08-17T00.EDT": {"temporal": ["2005-08-16T23:29:00.000Z", "2005-08-17T00:23:52.000Z"], "wnes_geometry": {"westBoundingCoordinate": -84.363, "eastBoundingCoordinate": -84.218, "northBoundingCoordinate": 10.014, "southBoundingCoordinate": 9.943}, "sizeMB": 0.23, "format": "Not provided"}, "RS78762_2005-08-17T06.EDT": {"temporal": ["2005-08-17T05:15:00.000Z", "2005-08-17T06:16:20.000Z"], "wnes_geometry": {"westBoundingCoordinate": -84.349, "eastBoundingCoordinate": -84.219, "northBoundingCoordinate": 9.995, "southBoundingCoordinate": 9.92}, "sizeMB": 0.25, "format": "Not provided"}, "RS78762_2005-08-17T12.EDT": {"temporal": ["2005-08-17T11:56:00.000Z", "2005-08-17T12:57:56.000Z"], "wnes_geometry": {"westBoundingCoordinate": -84.329, "eastBoundingCoordinate": -84.22, "northBoundingCoordinate": 10.021, "southBoundingCoordinate": 9.91}, "sizeMB": 0.25, "format": "Not provided"}, "RS78762_2005-08-17T18.EDT": {"temporal": ["2005-08-17T17:45:00.000Z", "2005-08-17T19:10:28.000Z"], "wnes_geometry": {"westBoundingCoordinate": -84.744, "eastBoundingCoordinate": -84.197, "northBoundingCoordinate": 10.032, "southBoundingCoordinate": 9.884}, "sizeMB": 0.35, "format": "Not provided"}, "RS78762_2005-08-18T00.EDT": {"temporal": ["2005-08-17T23:45:00.000Z", "2005-08-18T00:50:28.000Z"], "wnes_geometry": {"westBoundingCoordinate": -84.248, "eastBoundingCoordinate": -84.18, "northBoundingCoordinate": 10.046, "southBoundingCoordinate": 9.989}, "sizeMB": 0.27, "format": "Not provided"}, "RS78762_2005-08-18T06.EDT": {"temporal": ["2005-08-18T05:40:00.000Z", "2005-08-18T07:20:48.000Z"], "wnes_geometry": {"westBoundingCoordinate": -84.781, "eastBoundingCoordinate": -84.18, "northBoundingCoordinate": 10.033, "southBoundingCoordinate": 9.955}, "sizeMB": 0.41, "format": "Not provided"}, "RS78762_2005-08-18T12.EDT": {"temporal": ["2005-08-18T12:44:00.000Z", "2005-08-18T14:12:02.000Z"], "wnes_geometry": {"westBoundingCoordinate": -84.913, "eastBoundingCoordinate": -84.173, "northBoundingCoordinate": 10.037, "southBoundingCoordinate": 9.966}, "sizeMB": 0.36, "format": "Not provided"}, "RS78762_2005-08-18T18.EDT": {"temporal": ["2005-08-18T17:45:00.000Z", "2005-08-18T19:03:00.000Z"], "wnes_geometry": {"westBoundingCoordinate": -84.449, "eastBoundingCoordinate": -84.165, "northBoundingCoordinate": 10.031, "southBoundingCoordinate": 9.963}, "sizeMB": 0.32, "format": "Not provided"}, "RS78762_2005-08-19T00.EDT": {"temporal": ["2005-08-18T23:45:00.000Z", "2005-08-19T01:09:18.000Z"], "wnes_geometry": {"westBoundingCoordinate": -84.225, "eastBoundingCoordinate": -84.193, "northBoundingCoordinate": 10.022, "southBoundingCoordinate": 9.98}, "sizeMB": 0.34, "format": "Not provided"}, "RS78762_2005-08-19T06.EDT": {"temporal": ["2005-08-19T05:16:00.000Z", "2005-08-19T06:06:04.000Z"], "wnes_geometry": {"westBoundingCoordinate": -84.269, "eastBoundingCoordinate": -84.22, "northBoundingCoordinate": 10.004, "southBoundingCoordinate": 9.977}, "sizeMB": 0.21, "format": "Not provided"}, "RS78762_2005-08-19T12.EDT": {"temporal": ["2005-08-19T12:14:00.000Z", "2005-08-19T13:31:08.000Z"], "wnes_geometry": {"westBoundingCoordinate": -84.569, "eastBoundingCoordinate": -84.219, "northBoundingCoordinate": 10.006, "southBoundingCoordinate": 9.965}, "sizeMB": 0.32, "format": "Not provided"}, "RS78762_2005-08-19T18.EDT": {"temporal": ["2005-08-19T17:15:00.000Z", "2005-08-19T18:25:42.000Z"], "wnes_geometry": {"westBoundingCoordinate": -84.496, "eastBoundingCoordinate": -84.219, "northBoundingCoordinate": 10.001, "southBoundingCoordinate": 9.953}, "sizeMB": 0.29, "format": "Not provided"}, "RS78762_2005-08-20T00.EDT": {"temporal": ["2005-08-20T00:42:00.000Z", "2005-08-20T02:03:54.000Z"], "wnes_geometry": {"westBoundingCoordinate": -84.674, "eastBoundingCoordinate": -84.22, "northBoundingCoordinate": 10.005, "southBoundingCoordinate": 9.926}, "sizeMB": 0.33, "format": "Not provided"}, "RS78762_2005-08-20T06.EDT": {"temporal": ["2005-08-20T05:53:00.000Z", "2005-08-20T07:21:42.000Z"], "wnes_geometry": {"westBoundingCoordinate": -84.87, "eastBoundingCoordinate": -84.22, "northBoundingCoordinate": 10.01, "southBoundingCoordinate": 9.928}, "sizeMB": 0.36, "format": "Not provided"}, "RS78762_2005-08-20T12.EDT": {"temporal": ["2005-08-20T11:30:00.000Z", "2005-08-20T12:36:38.000Z"], "wnes_geometry": {"westBoundingCoordinate": -84.569, "eastBoundingCoordinate": -84.22, "northBoundingCoordinate": 9.991, "southBoundingCoordinate": 9.928}, "sizeMB": 0.27, "format": "Not provided"}, "RS78762_2005-08-20T18.EDT": {"temporal": ["2005-08-20T17:20:00.000Z", "2005-08-20T18:31:14.000Z"], "wnes_geometry": {"westBoundingCoordinate": -84.679, "eastBoundingCoordinate": -84.22, "northBoundingCoordinate": 9.993, "southBoundingCoordinate": 9.963}, "sizeMB": 0.29, "format": "Not provided"}, "RS78762_2005-08-21T00.EDT": {"temporal": ["2005-08-21T00:30:00.000Z", "2005-08-21T01:59:52.000Z"], "wnes_geometry": {"westBoundingCoordinate": -84.921, "eastBoundingCoordinate": -84.219, "northBoundingCoordinate": 9.991, "southBoundingCoordinate": 9.917}, "sizeMB": 0.37, "format": "Not provided"}, "RS78762_2005-08-21T06.EDT": {"temporal": ["2005-08-21T05:18:00.000Z", "2005-08-21T06:51:20.000Z"], "wnes_geometry": {"westBoundingCoordinate": -85.005, "eastBoundingCoordinate": -84.22, "northBoundingCoordinate": 9.995, "southBoundingCoordinate": 9.94}, "sizeMB": 0.38, "format": "Not provided"}, "RS78762_2005-08-21T12.EDT": {"temporal": ["2005-08-21T11:22:00.000Z", "2005-08-21T12:40:02.000Z"], "wnes_geometry": {"westBoundingCoordinate": -84.763, "eastBoundingCoordinate": -84.22, "northBoundingCoordinate": 9.999, "southBoundingCoordinate": 9.923}, "sizeMB": 0.32, "format": "Not provided"}, "RS78762_2005-08-21T18.EDT": {"temporal": ["2005-08-21T17:16:00.000Z", "2005-08-21T18:18:28.000Z"], "wnes_geometry": {"westBoundingCoordinate": -84.492, "eastBoundingCoordinate": -84.217, "northBoundingCoordinate": 10.029, "southBoundingCoordinate": 9.955}, "sizeMB": 0.26, "format": "Not provided"}, "RS78762_2005-08-22T00.EDT": {"temporal": ["2005-08-21T23:15:00.000Z", "2005-08-22T00:34:14.000Z"], "wnes_geometry": {"westBoundingCoordinate": -84.666, "eastBoundingCoordinate": -84.218, "northBoundingCoordinate": 10.01, "southBoundingCoordinate": 9.951}, "sizeMB": 0.32, "format": "Not provided"}, "RS78762_2005-08-22T06.EDT": {"temporal": ["2005-08-22T06:30:00.000Z", "2005-08-22T07:50:08.000Z"], "wnes_geometry": {"westBoundingCoordinate": -84.681, "eastBoundingCoordinate": -84.218, "northBoundingCoordinate": 10.006, "southBoundingCoordinate": 9.922}, "sizeMB": 0.33, "format": "Not provided"}, "RS78762_2005-08-22T12.EDT": {"temporal": ["2005-08-22T12:15:00.000Z", "2005-08-22T13:19:12.000Z"], "wnes_geometry": {"westBoundingCoordinate": -84.436, "eastBoundingCoordinate": -84.22, "northBoundingCoordinate": 10.028, "southBoundingCoordinate": 9.924}, "sizeMB": 0.26, "format": "Not provided"}, "RS78762_2005-08-22T18.EDT": {"temporal": ["2005-08-22T17:18:00.000Z", "2005-08-22T18:37:40.000Z"], "wnes_geometry": {"westBoundingCoordinate": -84.736, "eastBoundingCoordinate": -84.215, "northBoundingCoordinate": 10.033, "southBoundingCoordinate": 9.976}, "sizeMB": 0.33, "format": "Not provided"}, "RS78762_2005-08-23T00.EDT": {"temporal": ["2005-08-23T00:30:00.000Z", "2005-08-23T01:47:06.000Z"], "wnes_geometry": {"westBoundingCoordinate": -84.372, "eastBoundingCoordinate": -84.19, "northBoundingCoordinate": 10.015, "southBoundingCoordinate": 9.932}, "sizeMB": 0.32, "format": "Not provided"}, "RS78762_2005-08-23T06.EDT": {"temporal": ["2005-08-23T05:57:00.000Z", "2005-08-23T06:52:20.000Z"], "wnes_geometry": {"westBoundingCoordinate": -84.22, "eastBoundingCoordinate": -84.22, "northBoundingCoordinate": 9.99, "southBoundingCoordinate": 9.99}, "sizeMB": 0.23, "format": "Not provided"}, "RS78762_2005-08-23T12.EDT": {"temporal": ["2005-08-23T12:15:00.000Z", "2005-08-23T13:17:44.000Z"], "wnes_geometry": {"westBoundingCoordinate": -84.415, "eastBoundingCoordinate": -84.22, "northBoundingCoordinate": 9.991, "southBoundingCoordinate": 9.913}, "sizeMB": 0.26, "format": "Not provided"}, "RS78762_2005-08-23T18.EDT": {"temporal": ["2005-08-23T17:20:00.000Z", "2005-08-23T18:31:32.000Z"], "wnes_geometry": {"westBoundingCoordinate": -84.443, "eastBoundingCoordinate": -84.217, "northBoundingCoordinate": 9.996, "southBoundingCoordinate": 9.903}, "sizeMB": 0.29, "format": "Not provided"}, "RS78762_2005-08-24T00.EDT": {"temporal": ["2005-08-24T00:32:00.000Z", "2005-08-24T01:27:34.000Z"], "wnes_geometry": {"westBoundingCoordinate": -84.358, "eastBoundingCoordinate": -84.216, "northBoundingCoordinate": 9.998, "southBoundingCoordinate": 9.924}, "sizeMB": 0.23, "format": "Not provided"}}