{"TRMM_LBA_ER2_LIP_v1_1999.023_029.hdf": {"temporal": ["1999-01-22T11:35:06.000Z", "1999-01-23T13:04:00.000Z"], "wnes_geometry": {"westBoundingCoordinate": -51.355, "eastBoundingCoordinate": -47.863, "northBoundingCoordinate": -13.304, "southBoundingCoordinate": -15.943}, "sizeMB": 18.03, "format": "HDF4"}, "TRMM_LBA_ER2_LIP_v1_1999.024_030.hdf": {"temporal": ["1999-01-24T02:04:53.000Z", "1999-01-24T23:22:58.000Z"], "wnes_geometry": {"westBoundingCoordinate": -62.62, "eastBoundingCoordinate": -47.873, "northBoundingCoordinate": -11.002, "southBoundingCoordinate": -16.023}, "sizeMB": 58.7, "format": "HDF4"}, "TRMM_LBA_ER2_LIP_v1_1999.025_031.hdf": {"temporal": ["1999-01-25T14:32:26.000Z", "1999-01-26T02:12:57.000Z"], "wnes_geometry": {"westBoundingCoordinate": -63.412, "eastBoundingCoordinate": -47.892, "northBoundingCoordinate": -10.737, "southBoundingCoordinate": -15.912}, "sizeMB": 66.59, "format": "HDF4"}, "TRMM_LBA_ER2_LIP_v1_1999.027_032.hdf": {"temporal": ["1999-01-27T13:10:30.000Z", "1999-01-28T00:53:05.000Z"], "wnes_geometry": {"westBoundingCoordinate": -62.3, "eastBoundingCoordinate": -47.785, "northBoundingCoordinate": -9.623, "southBoundingCoordinate": -15.897}, "sizeMB": 63.51, "format": "HDF4"}, "TRMM_LBA_ER2_LIP_v1_1999.030_033.hdf": {"temporal": ["1999-01-30T02:26:49.000Z", "1999-01-31T00:19:05.000Z"], "wnes_geometry": {"westBoundingCoordinate": -62.963, "eastBoundingCoordinate": -47, "northBoundingCoordinate": -10.616, "southBoundingCoordinate": -15.869}, "sizeMB": 63.17, "format": "HDF4"}, "TRMM_LBA_ER2_LIP_v1_1999.032_034.hdf": {"temporal": ["1999-01-31T00:00:09.000Z", "1999-02-01T23:23:07.000Z"], "wnes_geometry": {"westBoundingCoordinate": -62.117, "eastBoundingCoordinate": -47, "northBoundingCoordinate": -10.002, "southBoundingCoordinate": -15.871}, "sizeMB": 68.65, "format": "HDF4"}, "TRMM_LBA_ER2_LIP_v1_1999.034_035.hdf": {"temporal": ["1999-02-03T10:56:53.000Z", "1999-02-03T16:22:02.000Z"], "wnes_geometry": {"westBoundingCoordinate": -49.977, "eastBoundingCoordinate": -47.761, "northBoundingCoordinate": -14.321, "southBoundingCoordinate": -15.938}, "sizeMB": 12.21, "format": "HDF4"}, "TRMM_LBA_ER2_LIP_v1_1999.035_036.hdf": {"temporal": ["1999-02-04T10:57:56.000Z", "1999-02-04T17:27:54.000Z"], "wnes_geometry": {"westBoundingCoordinate": -50.014, "eastBoundingCoordinate": -47.81, "northBoundingCoordinate": -14.291, "southBoundingCoordinate": -15.95}, "sizeMB": 10.16, "format": "HDF4"}, "TRMM_LBA_ER2_LIP_v1_1999.036_037.hdf": {"temporal": ["1999-02-05T02:00:11.000Z", "1999-02-06T02:15:04.000Z"], "wnes_geometry": {"westBoundingCoordinate": -62.586, "eastBoundingCoordinate": -47.874, "northBoundingCoordinate": -10.083, "southBoundingCoordinate": -15.913}, "sizeMB": 66.24, "format": "HDF4"}, "TRMM_LBA_ER2_LIP_v1_1999.038_038.hdf": {"temporal": ["1999-02-07T02:00:33.000Z", "1999-02-08T00:16:50.000Z"], "wnes_geometry": {"westBoundingCoordinate": -62.356, "eastBoundingCoordinate": -47.789, "northBoundingCoordinate": -10.067, "southBoundingCoordinate": -15.94}, "sizeMB": 65.68, "format": "HDF4"}, "TRMM_LBA_ER2_LIP_v1_1999.039_039.hdf": {"temporal": ["1999-02-08T00:00:06.000Z", "1999-02-09T00:50:43.000Z"], "wnes_geometry": {"westBoundingCoordinate": -62.642, "eastBoundingCoordinate": -47.789, "northBoundingCoordinate": -9.79, "southBoundingCoordinate": -15.942}, "sizeMB": 53.01, "format": "HDF4"}, "TRMM_LBA_ER2_LIP_v1_1999.041_040.hdf": {"temporal": ["1999-02-10T01:03:14.000Z", "1999-02-11T00:12:33.000Z"], "wnes_geometry": {"westBoundingCoordinate": -62.473, "eastBoundingCoordinate": -47.724, "northBoundingCoordinate": -9.991, "southBoundingCoordinate": -15.87}, "sizeMB": 61.08, "format": "HDF4"}, "TRMM_LBA_ER2_LIP_v1_1999.043_041.hdf": {"temporal": ["1999-02-12T12:14:54.000Z", "1999-02-13T00:35:18.000Z"], "wnes_geometry": {"westBoundingCoordinate": -47.928, "eastBoundingCoordinate": -47.913, "northBoundingCoordinate": -15.863, "southBoundingCoordinate": -15.87}, "sizeMB": 6.04, "format": "HDF4"}, "TRMM_LBA_ER2_LIP_v1_1999.045_042.hdf": {"temporal": ["1999-02-14T12:04:03.000Z", "1999-02-15T00:19:29.000Z"], "wnes_geometry": {"westBoundingCoordinate": -62.567, "eastBoundingCoordinate": -47.786, "northBoundingCoordinate": -9.907, "southBoundingCoordinate": -15.9}, "sizeMB": 64.21, "format": "HDF4"}, "TRMM_LBA_ER2_LIP_v1_1999.048_043.hdf": {"temporal": ["1999-02-17T00:00:04.000Z", "1999-02-18T00:18:58.000Z"], "wnes_geometry": {"westBoundingCoordinate": -62.8, "eastBoundingCoordinate": -47.616, "northBoundingCoordinate": -9.914, "southBoundingCoordinate": -15.936}, "sizeMB": 61.07, "format": "HDF4"}, "TRMM_LBA_ER2_LIP_v1_1999.052_044.hdf": {"temporal": ["1999-02-21T12:14:05.000Z", "1999-02-22T19:02:26.000Z"], "wnes_geometry": {"westBoundingCoordinate": -62.78, "eastBoundingCoordinate": -47.567, "northBoundingCoordinate": -9.926, "southBoundingCoordinate": -15.924}, "sizeMB": 64.72, "format": "HDF4"}, "TRMM_LBA_ER2_LIP_v1_1999.054_045.hdf": {"temporal": ["1999-02-23T01:41:34.000Z", "1999-02-24T01:27:44.000Z"], "wnes_geometry": {"westBoundingCoordinate": -62.336, "eastBoundingCoordinate": -47.762, "northBoundingCoordinate": -9, "southBoundingCoordinate": -15.869}, "sizeMB": 62.68, "format": "HDF4"}}