{"IMPACTS_UAlb_Soundings_UAETEC_20230119_1713_TSPOTINT.txt": {"start": "2023-01-19T17:33:02Z", "end": "2023-01-19T17:40:53Z", "north": "42.698", "south": "42.68", "east": "-73.799", "west": "-73.818", "format": "ASCII", "sizeMB": 0.15}, "IMPACTS_UAlb_Soundings_UAETEC_20230113_0238_TSPOTINT.txt": {"start": "2023-01-13T03:05:39Z", "end": "2023-01-13T03:47:39Z", "north": "43.037", "south": "42.681", "east": "-72.981", "west": "-73.822", "format": "ASCII", "sizeMB": 0.8}, "IMPACTS_UAlb_Soundings_UAETEC_20230105_1038_TSPOTINT.txt": {"start": "2023-01-05T16:31:55Z", "end": "2023-01-05T17:33:45Z", "north": "43.621", "south": "42.681", "east": "-72.43", "west": "-73.817", "format": "ASCII", "sizeMB": 1.18}, "IMPACTS_UAlb_Soundings_UAETEC_20230113_0645_TSPOTINT.txt": {"start": "2023-01-13T07:02:01Z", "end": "2023-01-13T07:46:16Z", "north": "43.256", "south": "42.68", "east": "-73.079", "west": "-73.817", "format": "ASCII", "sizeMB": 0.84}, "IMPACTS_UAlb_Soundings_UAETEC_20230113_1141_TSPOTINT.txt": {"start": "2023-01-13T11:58:08Z", "end": "2023-01-14T00:40:54Z", "north": "43.342", "south": "42.681", "east": "-73.153", "west": "-73.815", "format": "ASCII", "sizeMB": 0.81}, "IMPACTS_UAlb_Soundings_UAETEC_20230113_0847_TSPOTINT.txt": {"start": "2023-01-13T09:06:27Z", "end": "2023-01-13T09:52:17Z", "north": "43.294", "south": "42.68", "east": "-73.061", "west": "-73.815", "format": "ASCII", "sizeMB": 0.87}, "IMPACTS_UAlb_Soundings_UAETEC_20230119_2020_TSPOTINT.txt": {"start": "2023-01-19T20:44:52Z", "end": "2023-01-19T21:36:01Z", "north": "42.957", "south": "42.681", "east": "-72.739", "west": "-73.825", "format": "ASCII", "sizeMB": 0.97}, "IMPACTS_UAlb_Soundings_UAETEC_20230119_1756_TSPOTINT.txt": {"start": "2023-01-19T18:07:54Z", "end": "2023-01-19T18:59:39Z", "north": "42.878", "south": "42.679", "east": "-72.674", "west": "-73.818", "format": "ASCII", "sizeMB": 0.99}, "IMPACTS_UAlb_Soundings_UAETEC_20230112_2334_TSPOTINT.txt": {"start": "2023-01-13T01:00:00Z", "end": "2023-01-13T12:59:59Z", "north": "43.119", "south": "42.681", "east": "-72.662", "west": "-73.827", "format": "ASCII", "sizeMB": 1.13}, "IMPACTS_UAlb_Soundings_UAETEC_20230119_2306_TSPOTINT.txt": {"start": "2023-01-19T23:30:10Z", "end": "2023-01-20T12:30:13Z", "north": "43.285", "south": "42.681", "east": "-72.532", "west": "-73.821", "format": "ASCII", "sizeMB": 1.14}, "IMPACTS_UAlb_Soundings_UAETEC_20230120_0205_TSPOTINT.txt": {"start": "2023-01-20T02:23:44Z", "end": "2023-01-20T03:20:37Z", "north": "43.258", "south": "42.681", "east": "-72.634", "west": "-73.82", "format": "ASCII", "sizeMB": 1.08}, "IMPACTS_UAlb_Soundings_UAETEC_20230125_2008_TSPOTINT.txt": {"start": "2023-01-25T20:25:41Z", "end": "2023-01-25T21:06:20Z", "north": "43.125", "south": "42.681", "east": "-72.793", "west": "-73.835", "format": "ASCII", "sizeMB": 0.77}, "IMPACTS_UAlb_Soundings_UAETEC_20230123_1104_TSPOTINT.txt": {"start": "2023-01-23T11:33:23Z", "end": "2023-01-24T00:34:10Z", "north": "43.243", "south": "42.664", "east": "-72.675", "west": "-73.821", "format": "ASCII", "sizeMB": 1.16}, "IMPACTS_UAlb_Soundings_UAETEC_20230123_1413_TSPOTINT.txt": {"start": "2023-01-23T14:29:27Z", "end": "2023-01-23T15:23:30Z", "north": "43.063", "south": "42.639", "east": "-73.073", "west": "-73.823", "format": "ASCII", "sizeMB": 1.03}, "IMPACTS_UAlb_Soundings_UAETEC_20230125_1412_TSPOTINT.txt": {"start": "2023-01-25T14:30:19Z", "end": "2023-01-25T15:17:49Z", "north": "42.829", "south": "42.681", "east": "-72.597", "west": "-73.819", "format": "ASCII", "sizeMB": 0.9}, "IMPACTS_UAlb_Soundings_UAETEC_20230123_1711_TSPOTINT.txt": {"start": "2023-01-23T17:32:14Z", "end": "2023-01-23T18:29:02Z", "north": "42.93", "south": "42.614", "east": "-73.092", "west": "-73.814", "format": "ASCII", "sizeMB": 1.08}, "IMPACTS_UAlb_Soundings_UAETEC_20230125_1702_TSPOTINT.txt": {"start": "2023-01-25T17:26:07Z", "end": "2023-01-25T18:08:55Z", "north": "43.003", "south": "42.681", "east": "-72.717", "west": "-73.82", "format": "ASCII", "sizeMB": 0.82}, "IMPACTS_UAlb_Soundings_UAETEC_20230125_1115_TSPOTINT.txt": {"start": "2023-01-25T11:35:11Z", "end": "2023-01-26T00:28:16Z", "north": "42.789", "south": "42.674", "east": "-72.403", "west": "-73.815", "format": "ASCII", "sizeMB": 1.01}, "IMPACTS_UAlb_Soundings_UAETEC_20230217_1113_TSPOTINT.txt": {"start": "2023-02-17T11:30:28Z", "end": "2023-02-18T00:15:15Z", "north": "42.966", "south": "42.681", "east": "-72.459", "west": "-73.817", "format": "ASCII", "sizeMB": 0.85}, "IMPACTS_UAlb_Soundings_UAETEC_20230129_1712_TSPOTINT.txt": {"start": "2023-01-29T17:35:01Z", "end": "2023-01-29T18:21:37Z", "north": "42.923", "south": "42.681", "east": "-72.286", "west": "-73.815", "format": "ASCII", "sizeMB": 0.89}, "IMPACTS_UAlb_Soundings_UAETEC_20230217_1411_TSPOTINT.txt": {"start": "2023-02-17T14:33:04Z", "end": "2023-02-17T15:22:09Z", "north": "43.074", "south": "42.681", "east": "-72.432", "west": "-73.815", "format": "ASCII", "sizeMB": 0.93}, "IMPACTS_UAlb_Soundings_UAETEC_20230228_0817_TSPOTINT.txt": {"start": "2023-02-28T08:35:10Z", "end": "2023-02-28T09:26:20Z", "north": "42.737", "south": "42.549", "east": "-73.081", "west": "-73.845", "format": "ASCII", "sizeMB": 0.97}, "IMPACTS_UAlb_Soundings_UAETEC_20230228_1419_TSPOTINT.txt": {"start": "2023-02-28T14:32:14Z", "end": "2023-02-28T15:33:57Z", "north": "42.743", "south": "42.612", "east": "-72.724", "west": "-73.845", "format": "ASCII", "sizeMB": 1.18}, "IMPACTS_UAlb_Soundings_UAETEC_20230227_2315_TSPOTINT.txt": {"start": "2023-02-27T23:46:01Z", "end": "2023-02-28T12:34:31Z", "north": "42.773", "south": "42.663", "east": "-72.972", "west": "-73.829", "format": "ASCII", "sizeMB": 0.92}, "IMPACTS_UAlb_Soundings_UAETEC_20230228_1116_TSPOTINT.txt": {"start": "2023-02-28T11:32:35Z", "end": "2023-03-01T00:17:24Z", "north": "42.741", "south": "42.645", "east": "-73.122", "west": "-73.851", "format": "ASCII", "sizeMB": 0.85}, "IMPACTS_UAlb_Soundings_UAETEC_20230228_0515_TSPOTINT.txt": {"start": "2023-02-28T05:20:56Z", "end": "2023-02-28T06:19:11Z", "north": "42.768", "south": "42.6", "east": "-73.037", "west": "-73.836", "format": "ASCII", "sizeMB": 1.11}}