{"GLMc_th_2022.nc": {"start": "2022-01-01T00:00:00Z", "end": "2022-12-31T23:59:59Z", "north": "90.0", "south": "-90.0", "east": "180.0", "west": "-180.0", "format": "netCDF-4", "sizeMB": 622.15}, "GLMc_th_2021.nc": {"start": "2021-01-01T00:00:00Z", "end": "2021-12-31T23:59:59Z", "north": "90.0", "south": "-90.0", "east": "180.0", "west": "-180.0", "format": "netCDF-4", "sizeMB": 622.15}, "GLMc_th_2019.nc": {"start": "2019-01-01T00:00:00Z", "end": "2019-12-31T23:59:59Z", "north": "90.0", "south": "-90.0", "east": "180.0", "west": "-180.0", "format": "netCDF-4", "sizeMB": 622.15}, "GLMc_th_2020.nc": {"start": "2020-01-01T00:00:00Z", "end": "2020-12-31T23:59:59Z", "north": "90.0", "south": "-90.0", "east": "180.0", "west": "-180.0", "format": "netCDF-4", "sizeMB": 622.15}, "GLMc_th_2023.nc": {"start": "2023-01-01T00:00:00Z", "end": "2023-12-31T23:59:59Z", "north": "90.0", "south": "-90.0", "east": "180.0", "west": "-180.0", "format": "netCDF-4", "sizeMB": 622.15}, "GLMc_th_2024.nc": {"start": "2024-01-01T00:00:00Z", "end": "2024-12-31T23:59:59Z", "north": "90.0", "south": "-90.0", "east": "180.0", "west": "-180.0", "format": "netCDF-4", "sizeMB": 622.15}}