{"GLMc_th_2019.nc.zip": {"start": "2019-01-01T00:00:00Z", "end": "2019-12-31T23:59:59Z", "north": "90.0", "south": "-90.0", "east": "180.0", "west": "-180.0", "format": "netCDF-4", "sizeMB": 33.95}, "GLMc_th_2024.nc.zip": {"start": "2024-01-01T00:00:00Z", "end": "2024-12-31T23:59:59Z", "north": "90.0", "south": "-90.0", "east": "180.0", "west": "-180.0", "format": "netCDF-4", "sizeMB": 33.98}, "GLMc_th_2021.nc.zip": {"start": "2021-01-01T00:00:00Z", "end": "2021-12-31T23:59:59Z", "north": "90.0", "south": "-90.0", "east": "180.0", "west": "-180.0", "format": "netCDF-4", "sizeMB": 33.47}, "GLMc_th_2022.nc.zip": {"start": "2022-01-01T00:00:00Z", "end": "2022-12-31T23:59:59Z", "north": "90.0", "south": "-90.0", "east": "180.0", "west": "-180.0", "format": "netCDF-4", "sizeMB": 33.97}, "GLMc_th_2023.nc.zip": {"start": "2023-01-01T00:00:00Z", "end": "2023-12-31T23:59:59Z", "north": "90.0", "south": "-90.0", "east": "180.0", "west": "-180.0", "format": "netCDF-4", "sizeMB": 36.07}, "GLMc_th_2020.nc.zip": {"start": "2020-01-01T00:00:00Z", "end": "2020-12-31T23:59:59Z", "north": "90.0", "south": "-90.0", "east": "180.0", "west": "-180.0", "format": "netCDF-4", "sizeMB": 32.68}}