{"CPEX_Nav_IWG1_10hz.06Jun2017_2220": {"start": "2017-06-06T15:47:56Z", "end": "2017-06-06T22:20:36Z", "north": "26.911", "south": "25.3", "east": "-80.139", "west": "-85.903", "format": "ASCII", "sizeMB": 0.52}, "CPEX_Nav_IWG1_10hz.15Jun2017_2201": {"start": "2017-06-15T14:09:29Z", "end": "2017-06-15T22:01:29Z", "north": "26.318", "south": "16.933", "east": "-79.434", "west": "-81.412", "format": "ASCII", "sizeMB": 0.62}, "CPEX_Nav_IWG1_10hz.01Jun2017_2258": {"start": "2017-06-01T13:46:22Z", "end": "2017-06-01T22:58:42Z", "north": "27.387", "south": "23.598", "east": "-80.024", "west": "-88.952", "format": "ASCII", "sizeMB": 0.74}, "CPEX_Nav_IWG1_10hz.10Jun2017_2335": {"start": "2017-06-10T13:35:31Z", "end": "2017-06-10T23:35:01Z", "north": "26.985", "south": "24.45", "east": "-72.15", "west": "-80.404", "format": "ASCII", "sizeMB": 0.8}, "CPEX_Nav_IWG1_10hz.16Jun2017_2257": {"start": "2017-06-16T14:12:20Z", "end": "2017-06-16T22:57:20Z", "north": "26.528", "south": "17.419", "east": "-80.043", "west": "-86.49", "format": "ASCII", "sizeMB": 0.7}, "CPEX_Nav_IWG1_10hz.20Jun2017_2248": {"start": "2017-06-20T14:08:40Z", "end": "2017-06-20T22:48:20Z", "north": "27.59", "south": "24.915", "east": "-80.032", "west": "-91.968", "format": "ASCII", "sizeMB": 0.7}, "CPEX_Nav_IWG1_10hz.02Jun2017_2324": {"start": "2017-06-02T13:48:45Z", "end": "2017-06-02T23:24:45Z", "north": "26.613", "south": "22.948", "east": "-80.049", "west": "-96.026", "format": "ASCII", "sizeMB": 0.77}, "CPEX_Nav_IWG1_10hz.19Jun2017_2305": {"start": "2017-06-19T13:38:54Z", "end": "2017-06-19T23:05:35Z", "north": "27.87", "south": "25.455", "east": "-80.023", "west": "-91.857", "format": "ASCII", "sizeMB": 0.76}, "CPEX_Nav_IWG1_10hz.11Jun2017_2244": {"start": "2017-06-11T13:11:51Z", "end": "2017-06-11T22:44:11Z", "north": "27.347", "south": "22.053", "east": "-80.044", "west": "-93.076", "format": "ASCII", "sizeMB": 0.77}, "CPEX_Nav_IWG1_10hz.18Jun2017_0013": {"start": "2017-06-17T14:16:04Z", "end": "2017-06-18T00:13:54Z", "north": "26.307", "south": "16.809", "east": "-79.631", "west": "-86.371", "format": "ASCII", "sizeMB": 0.8}, "CPEX_Nav_IWG1_10hz.22Jun2017_0010": {"start": "2017-06-21T17:46:33Z", "end": "2017-06-22T00:10:13Z", "north": "28.904", "south": "25.526", "east": "-80.031", "west": "-94.318", "format": "ASCII", "sizeMB": 0.52}, "CPEX_Nav_IWG1_10hz.25May2017_2106": {"start": "2017-05-25T14:28:28Z", "end": "2017-05-25T21:06:18Z", "north": "34.934", "south": "25.931", "east": "-79.977", "west": "-118.146", "format": "ASCII", "sizeMB": 0.54}, "CPEX_Nav_IWG1_10hz.27May2017_2337": {"start": "2017-05-27T15:32:35Z", "end": "2017-05-27T23:37:05Z", "north": "26.859", "south": "24.912", "east": "-80.036", "west": "-89.833", "format": "ASCII", "sizeMB": 0.68}, "CPEX_Nav_IWG1_10hz.23Jun2017_2150": {"start": "2017-06-23T14:10:29Z", "end": "2017-06-23T21:50:49Z", "north": "26.612", "south": "25.333", "east": "-72.417", "west": "-80.791", "format": "ASCII", "sizeMB": 0.62}, "CPEX_Nav_IWG1_10hz.29May2017_2140": {"start": "2017-05-29T13:06:04Z", "end": "2017-05-29T21:40:24Z", "north": "26.385", "south": "17.146", "east": "-80.035", "west": "-85.629", "format": "ASCII", "sizeMB": 0.69}, "CPEX_Nav_IWG1_10hz.24Jun2017_2253": {"start": "2017-06-24T14:10:15Z", "end": "2017-06-24T22:53:05Z", "north": "26.47", "south": "19.069", "east": "-80.033", "west": "-85.83", "format": "ASCII", "sizeMB": 0.7}, "CPEX_Nav_IWG1_10hz.31May2017_2322": {"start": "2017-05-31T13:18:04Z", "end": "2017-05-31T23:22:24Z", "north": "26.079", "south": "20.915", "east": "-69.299", "west": "-80.399", "format": "ASCII", "sizeMB": 0.82}}