{"impacts_2dvd_diameter020.txt": {"start": "2020-01-15T01:37:06Z", "end": "2020-02-28T20:41:44Z", "north": "37.954", "south": "37.919", "east": "-75.446", "west": "-75.491", "format": "ASCII", "sizeMB": 0.0}, "impacts_2dvd_eachdrop_sn25_100pct.txt": {"start": "2020-01-16T05:00:43Z", "end": "2020-02-28T15:31:59Z", "north": "37.947", "south": "37.927", "east": "-75.456", "west": "-75.476", "format": "ASCII", "sizeMB": 125.68}, "impacts_2dvd_eachdrop_sn25_50pct.txt": {"start": "2020-01-16T05:00:43Z", "end": "2020-02-27T14:04:49Z", "north": "37.947", "south": "37.927", "east": "-75.456", "west": "-75.476", "format": "ASCII", "sizeMB": 105.54}, "impacts_2dvd_eachdrop_sn35_100pct.txt": {"start": "2020-01-15T01:40:43Z", "end": "2020-02-28T15:56:43Z", "north": "37.954", "south": "37.934", "east": "-75.471", "west": "-75.491", "format": "ASCII", "sizeMB": 311.05}, "impacts_2dvd_eachdrop_sn35_50pct.txt": {"start": "2020-01-15T01:44:42Z", "end": "2020-02-28T11:11:21Z", "north": "37.954", "south": "37.934", "east": "-75.471", "west": "-75.491", "format": "ASCII", "sizeMB": 273.94}, "impacts_2dvd_eachdrop_sn37_100pct.txt": {"start": "2020-01-15T01:37:06Z", "end": "2020-02-05T23:59:26Z", "north": "37.948", "south": "37.928", "east": "-75.446", "west": "-75.466", "format": "ASCII", "sizeMB": 94.59}, "impacts_2dvd_eachdrop_sn37_50pct.txt": {"start": "2020-01-15T01:50:12Z", "end": "2020-02-05T23:59:26Z", "north": "37.948", "south": "37.928", "east": "-75.446", "west": "-75.466", "format": "ASCII", "sizeMB": 70.1}, "impacts_2dvd_eachdrop_sn38_100pct.txt": {"start": "2020-01-16T05:12:40Z", "end": "2020-02-28T19:04:32Z", "north": "37.939", "south": "37.919", "east": "-75.463", "west": "-75.483", "format": "ASCII", "sizeMB": 256.8}, "impacts_2dvd_eachdrop_sn38_50pct.txt": {"start": "2020-01-16T05:12:40Z", "end": "2020-02-27T19:59:10Z", "north": "37.939", "south": "37.919", "east": "-75.463", "west": "-75.483", "format": "ASCII", "sizeMB": 225.2}, "impacts_2dvd_eachdrop_sn70_100pct.txt": {"start": "2020-01-15T01:37:37Z", "end": "2020-02-28T20:41:44Z", "north": "37.944", "south": "37.925", "east": "-75.461", "west": "-75.481", "format": "ASCII", "sizeMB": 243.33}, "impacts_2dvd_eachdrop_sn70_50pct.txt": {"start": "2020-01-15T01:50:49Z", "end": "2020-02-28T20:41:44Z", "north": "37.944", "south": "37.925", "east": "-75.461", "west": "-75.481", "format": "ASCII", "sizeMB": 203.62}, "impacts_2dvd_largedrop_sn25_50pct.txt": {"start": "2020-01-25T12:40:08Z", "end": "2020-02-21T01:29:55Z", "north": "37.947", "south": "37.927", "east": "-75.456", "west": "-75.476", "format": "ASCII", "sizeMB": 0.0}, "impacts_2dvd_largedrop_sn35_50pct.txt": {"start": "2020-02-07T06:25:12Z", "end": "2020-02-27T05:27:53Z", "north": "37.954", "south": "37.934", "east": "-75.471", "west": "-75.491", "format": "ASCII", "sizeMB": 0.0}, "impacts_2dvd_largedrop_sn38_50pct.txt": {"start": "2020-02-07T07:10:25Z", "end": "2020-02-21T01:31:55Z", "north": "37.939", "south": "37.919", "east": "-75.463", "west": "-75.483", "format": "ASCII", "sizeMB": 0.0}, "impacts_2dvd_largedrop_sn70_50pct.txt": {"start": "2020-01-25T11:38:41Z", "end": "2020-02-27T05:31:31Z", "north": "37.944", "south": "37.925", "east": "-75.461", "west": "-75.481", "format": "ASCII", "sizeMB": 0.0}, "impacts_2dvd_sn25_dropcounts.txt": {"start": "2020-01-16T05:17:00Z", "end": "2020-02-21T01:58:00Z", "north": "37.947", "south": "37.927", "east": "-75.456", "west": "-75.476", "format": "ASCII", "sizeMB": 1.08}, "impacts_2dvd_sn25_raindsd.txt": {"start": "2020-01-16T05:17:00Z", "end": "2020-02-21T01:58:00Z", "north": "37.947", "south": "37.927", "east": "-75.456", "west": "-75.476", "format": "ASCII", "sizeMB": 1.98}, "impacts_2dvd_sn25_raindsd_ter.txt": {"start": "2020-01-16T05:17:00Z", "end": "2020-02-21T01:58:00Z", "north": "37.947", "south": "37.927", "east": "-75.456", "west": "-75.476", "format": "ASCII", "sizeMB": 1.98}, "impacts_2dvd_sn25_rainparameter.txt": {"start": "2020-01-16T05:17:00Z", "end": "2020-02-21T01:58:00Z", "north": "37.947", "south": "37.927", "east": "-75.456", "west": "-75.476", "format": "ASCII", "sizeMB": 0.29}, "impacts_2dvd_sn25_rainparameter_ter.txt": {"start": "2020-01-16T05:17:00Z", "end": "2020-02-21T01:58:00Z", "north": "37.947", "south": "37.927", "east": "-75.456", "west": "-75.476", "format": "ASCII", "sizeMB": 0.29}, "impacts_2dvd_sn25_raintotalhour.txt": {"start": "2020-01-18T19:54:00Z", "end": "2020-02-21T01:58:00Z", "north": "37.947", "south": "37.927", "east": "-75.456", "west": "-75.476", "format": "ASCII", "sizeMB": 0.0}, "impacts_2dvd_sn35_dropcounts.txt": {"start": "2020-01-18T13:03:00Z", "end": "2020-02-27T11:25:00Z", "north": "37.954", "south": "37.934", "east": "-75.471", "west": "-75.491", "format": "ASCII", "sizeMB": 2.54}, "impacts_2dvd_sn35_raindsd.txt": {"start": "2020-01-18T13:03:00Z", "end": "2020-02-27T11:25:00Z", "north": "37.954", "south": "37.934", "east": "-75.471", "west": "-75.491", "format": "ASCII", "sizeMB": 4.65}, "impacts_2dvd_sn35_raindsd_ter.txt": {"start": "2020-01-18T13:03:00Z", "end": "2020-02-27T11:25:00Z", "north": "37.954", "south": "37.934", "east": "-75.471", "west": "-75.491", "format": "ASCII", "sizeMB": 4.65}, "impacts_2dvd_sn35_rainparameter.txt": {"start": "2020-01-18T13:03:00Z", "end": "2020-02-27T11:25:00Z", "north": "37.954", "south": "37.934", "east": "-75.471", "west": "-75.491", "format": "ASCII", "sizeMB": 0.67}, "impacts_2dvd_sn35_rainparameter_ter.txt": {"start": "2020-01-18T13:03:00Z", "end": "2020-02-27T11:25:00Z", "north": "37.954", "south": "37.934", "east": "-75.471", "west": "-75.491", "format": "ASCII", "sizeMB": 0.67}, "impacts_2dvd_sn35_raintotalhour.txt": {"start": "2020-01-18T13:03:00Z", "end": "2020-02-27T11:25:00Z", "north": "37.954", "south": "37.934", "east": "-75.471", "west": "-75.491", "format": "ASCII", "sizeMB": 0.0}, "impacts_2dvd_sn37_dropcounts.txt": {"start": "2020-01-16T05:13:00Z", "end": "2020-02-05T23:59:00Z", "north": "37.948", "south": "37.928", "east": "-75.446", "west": "-75.466", "format": "ASCII", "sizeMB": 0.7}, "impacts_2dvd_sn37_raindsd.txt": {"start": "2020-01-16T05:13:00Z", "end": "2020-02-05T23:59:00Z", "north": "37.948", "south": "37.928", "east": "-75.446", "west": "-75.466", "format": "ASCII", "sizeMB": 1.29}, "impacts_2dvd_sn37_raindsd_ter.txt": {"start": "2020-01-16T05:13:00Z", "end": "2020-02-05T23:59:00Z", "north": "37.948", "south": "37.928", "east": "-75.446", "west": "-75.466", "format": "ASCII", "sizeMB": 1.29}, "impacts_2dvd_sn37_rainparameter.txt": {"start": "2020-01-16T05:13:00Z", "end": "2020-02-05T23:59:00Z", "north": "37.948", "south": "37.928", "east": "-75.446", "west": "-75.466", "format": "ASCII", "sizeMB": 0.19}, "impacts_2dvd_sn37_rainparameter_ter.txt": {"start": "2020-01-16T05:13:00Z", "end": "2020-02-05T23:59:00Z", "north": "37.948", "south": "37.928", "east": "-75.446", "west": "-75.466", "format": "ASCII", "sizeMB": 0.19}, "impacts_2dvd_sn37_raintotalhour.txt": {"start": "2020-01-18T19:55:00Z", "end": "2020-02-05T23:59:00Z", "north": "37.948", "south": "37.928", "east": "-75.446", "west": "-75.466", "format": "ASCII", "sizeMB": 0.0}, "impacts_2dvd_sn38_dropcounts.txt": {"start": "2020-01-16T05:13:00Z", "end": "2020-02-27T11:30:00Z", "north": "37.939", "south": "37.919", "east": "-75.463", "west": "-75.483", "format": "ASCII", "sizeMB": 2.45}, "impacts_2dvd_sn38_raindsd.txt": {"start": "2020-01-16T05:13:00Z", "end": "2020-02-27T11:30:00Z", "north": "37.939", "south": "37.919", "east": "-75.463", "west": "-75.483", "format": "ASCII", "sizeMB": 4.49}, "impacts_2dvd_sn38_raindsd_ter.txt": {"start": "2020-01-16T05:13:00Z", "end": "2020-02-27T11:30:00Z", "north": "37.939", "south": "37.919", "east": "-75.463", "west": "-75.483", "format": "ASCII", "sizeMB": 4.49}, "impacts_2dvd_sn38_rainparameter.txt": {"start": "2020-01-16T05:13:00Z", "end": "2020-02-27T11:30:00Z", "north": "37.939", "south": "37.919", "east": "-75.463", "west": "-75.483", "format": "ASCII", "sizeMB": 0.65}, "impacts_2dvd_sn38_rainparameter_ter.txt": {"start": "2020-01-16T05:13:00Z", "end": "2020-02-27T11:30:00Z", "north": "37.939", "south": "37.919", "east": "-75.463", "west": "-75.483", "format": "ASCII", "sizeMB": 0.65}, "impacts_2dvd_sn38_raintotalhour.txt": {"start": "2020-01-18T19:55:00Z", "end": "2020-02-27T11:30:00Z", "north": "37.939", "south": "37.919", "east": "-75.463", "west": "-75.483", "format": "ASCII", "sizeMB": 0.0}, "impacts_2dvd_sn70_dropcounts.txt": {"start": "2020-01-16T05:13:00Z", "end": "2020-02-27T11:29:00Z", "north": "37.944", "south": "37.925", "east": "-75.461", "west": "-75.481", "format": "ASCII", "sizeMB": 2.14}, "impacts_2dvd_sn70_raindsd.txt": {"start": "2020-01-16T05:13:00Z", "end": "2020-02-27T11:29:00Z", "north": "37.944", "south": "37.925", "east": "-75.461", "west": "-75.481", "format": "ASCII", "sizeMB": 3.91}, "impacts_2dvd_sn70_raindsd_ter.txt": {"start": "2020-01-16T05:13:00Z", "end": "2020-02-27T11:29:00Z", "north": "37.944", "south": "37.925", "east": "-75.461", "west": "-75.481", "format": "ASCII", "sizeMB": 3.91}, "impacts_2dvd_sn70_rainparameter.txt": {"start": "2020-01-16T05:13:00Z", "end": "2020-02-27T11:29:00Z", "north": "37.944", "south": "37.925", "east": "-75.461", "west": "-75.481", "format": "ASCII", "sizeMB": 0.56}, "impacts_2dvd_sn70_rainparameter_ter.txt": {"start": "2020-01-16T05:13:00Z", "end": "2020-02-27T11:29:00Z", "north": "37.944", "south": "37.925", "east": "-75.461", "west": "-75.481", "format": "ASCII", "sizeMB": 0.56}, "impacts_2dvd_sn70_raintotalhour.txt": {"start": "2020-01-24T12:45:00Z", "end": "2020-02-27T11:29:00Z", "north": "37.944", "south": "37.925", "east": "-75.461", "west": "-75.481", "format": "ASCII", "sizeMB": 0.0}}