{"CAMEX4_EDOP_Nadir_L1B_RevA_200109191720_200109191725.nc": {"start": "2001-09-19T17:20:09Z", "end": "2001-09-19T17:25:19Z", "north": "25.029", "south": "24.502", "east": "-80.72", "west": "-80.998", "format": "netCDF-4", "sizeMB": 8.21}, "CAMEX4_EDOP_Nadir_L1B_RevA_200109091742_200109091747.nc": {"start": "2001-09-09T17:42:36Z", "end": "2001-09-09T17:47:29Z", "north": "26.046", "south": "25.557", "east": "-81.028", "west": "-81.361", "format": "netCDF-4", "sizeMB": 8.02}, "CAMEX4_EDOP_Forward_L1B_RevA_200109221715_200109221721.nc": {"start": "2001-09-22T17:15:06Z", "end": "2001-09-22T17:21:21Z", "north": "30.183", "south": "30.136", "east": "-78.154", "west": "-78.947", "format": "netCDF-4", "sizeMB": 10.6}, "CAMEX4_EDOP_Forward_L1B_RevA_200109250019_200109250025.nc": {"start": "2001-09-25T00:19:53Z", "end": "2001-09-25T00:25:30Z", "north": "30.555", "south": "30.463", "east": "-77.562", "west": "-78.313", "format": "netCDF-4", "sizeMB": 10.21}, "CAMEX4_EDOP_Forward_L1B_RevA_200109261848_200109261852.nc": {"start": "2001-09-26T18:48:54Z", "end": "2001-09-26T18:52:33Z", "north": "34.949", "south": "34.936", "east": "-115.055", "west": "-115.553", "format": "netCDF-4", "sizeMB": 6.27}, "CAMEX4_EDOP_Nadir_L1B_RevA_200108202034_200108202048.nc": {"start": "2001-08-20T20:34:53Z", "end": "2001-08-20T20:48:59Z", "north": "17.365", "south": "16.608", "east": "-85.569", "west": "-86.894", "format": "netCDF-4", "sizeMB": 18.67}, "CAMEX4_EDOP_Nadir_L1B_RevA_200109191755_200109191801.nc": {"start": "2001-09-19T17:55:40Z", "end": "2001-09-19T18:01:18Z", "north": "24.721", "south": "24.679", "east": "-80.658", "west": "-81.391", "format": "netCDF-4", "sizeMB": 9.21}, "CAMEX4_EDOP_Forward_L1B_RevA_200109222001_200109222006.nc": {"start": "2001-09-22T20:01:32Z", "end": "2001-09-22T20:06:35Z", "north": "29.412", "south": "29.013", "east": "-66.005", "west": "-66.458", "format": "netCDF-4", "sizeMB": 10.84}, "CAMEX4_EDOP_Nadir_L1B_RevA_200109101621_200109101647.nc": {"start": "2001-09-10T16:21:30Z", "end": "2001-09-10T16:47:59Z", "north": "33.768", "south": "33.189", "east": "-66.308", "west": "-69.626", "format": "netCDF-4", "sizeMB": 32.48}, "CAMEX4_EDOP_Nadir_L1B_RevA_200109222110_200109222118.nc": {"start": "2001-09-22T21:10:22Z", "end": "2001-09-22T21:18:30Z", "north": "30.1", "south": "29.947", "east": "-73.696", "west": "-74.781", "format": "netCDF-4", "sizeMB": 9.04}, "CAMEX4_EDOP_Forward_L1B_RevA_200108202127_200108202140.nc": {"start": "2001-08-20T21:27:40Z", "end": "2001-08-20T21:40:16Z", "north": "18.224", "south": "16.892", "east": "-87.692", "west": "-88.292", "format": "netCDF-4", "sizeMB": 22.03}, "CAMEX4_EDOP_Forward_L1B_RevA_200108202148_200108202224.nc": {"start": "2001-08-20T21:48:00Z", "end": "2001-08-20T22:24:39Z", "north": "19.983", "south": "17.171", "east": "-85.265", "west": "-88.058", "format": "netCDF-4", "sizeMB": 74.6}, "CAMEX4_EDOP_Nadir_L1B_RevA_200109091713_200109091722.nc": {"start": "2001-09-09T17:13:38Z", "end": "2001-09-09T17:22:51Z", "north": "26.034", "south": "25.161", "east": "-80.995", "west": "-81.71", "format": "netCDF-4", "sizeMB": 15.69}, "CAMEX4_EDOP_Forward_L1B_RevA_200108261857_200108261905.nc": {"start": "2001-08-26T18:57:43Z", "end": "2001-08-26T19:05:17Z", "north": "28.927", "south": "28.863", "east": "-77.936", "west": "-78.937", "format": "netCDF-4", "sizeMB": 12.99}, "CAMEX4_EDOP_Forward_L1B_RevA_200108261821_200108261829.nc": {"start": "2001-08-26T18:21:52Z", "end": "2001-08-26T18:29:11Z", "north": "28.924", "south": "28.867", "east": "-77.878", "west": "-78.861", "format": "netCDF-4", "sizeMB": 10.96}, "CAMEX4_EDOP_Nadir_L1B_RevA_200108202113_200108202125.nc": {"start": "2001-08-20T21:13:37Z", "end": "2001-08-20T21:25:46Z", "north": "18.369", "south": "18.362", "east": "-85.97", "west": "-87.535", "format": "netCDF-4", "sizeMB": 22.02}, "CAMEX4_EDOP_Forward_L1B_RevA_200109232251_200109232311.nc": {"start": "2001-09-23T22:51:06Z", "end": "2001-09-23T23:11:26Z", "north": "34.258", "south": "31.994", "east": "-63.46", "west": "-63.489", "format": "netCDF-4", "sizeMB": 38.32}, "CAMEX4_EDOP_Nadir_L1B_RevA_200109101734_200109101751.nc": {"start": "2001-09-10T17:34:31Z", "end": "2001-09-10T17:51:08Z", "north": "37.965", "south": "37.938", "east": "-63.492", "west": "-65.977", "format": "netCDF-4", "sizeMB": 20.52}, "CAMEX4_EDOP_Nadir_L1B_RevA_200109091847_200109091914.nc": {"start": "2001-09-09T18:47:13Z", "end": "2001-09-09T19:14:03Z", "north": "28.453", "south": "25.543", "east": "-81.497", "west": "-82.808", "format": "netCDF-4", "sizeMB": 36.98}, "CAMEX4_EDOP_Nadir_L1B_RevA_200109232314_200109240010.nc": {"start": "2001-09-23T23:14:21Z", "end": "2001-09-24T00:10:25Z", "north": "34.322", "south": "31.039", "east": "-63.796", "west": "-70.48", "format": "netCDF-4", "sizeMB": 78.72}, "CAMEX4_EDOP_Nadir_L1B_RevA_200109071914_200109071920.nc": {"start": "2001-09-07T19:14:19Z", "end": "2001-09-07T19:20:49Z", "north": "26.842", "south": "26.227", "east": "-83.133", "west": "-83.573", "format": "netCDF-4", "sizeMB": 11.44}, "CAMEX4_EDOP_Forward_L1B_RevA_200109242158_200109242205.nc": {"start": "2001-09-24T21:58:31Z", "end": "2001-09-24T22:05:19Z", "north": "39.392", "south": "39.089", "east": "-65.251", "west": "-66.178", "format": "netCDF-4", "sizeMB": 11.73}, "CAMEX4_EDOP_Forward_L1B_RevA_200109242047_200109242053.nc": {"start": "2001-09-24T20:47:26Z", "end": "2001-09-24T20:53:57Z", "north": "32.984", "south": "32.726", "east": "-64.778", "west": "-65.573", "format": "netCDF-4", "sizeMB": 11.39}, "CAMEX4_EDOP_Forward_L1B_RevA_200109232213_200109232238.nc": {"start": "2001-09-23T22:13:08Z", "end": "2001-09-23T22:38:35Z", "north": "32.225", "south": "30.764", "east": "-63.733", "west": "-66.555", "format": "netCDF-4", "sizeMB": 47.18}, "CAMEX4_EDOP_Nadir_L1B_RevA_200109101754_200109101836.nc": {"start": "2001-09-10T17:54:42Z", "end": "2001-09-10T18:36:38Z", "north": "37.622", "south": "33.327", "east": "-63.881", "west": "-66.164", "format": "netCDF-4", "sizeMB": 62.8}, "CAMEX4_EDOP_Forward_L1B_RevA_200109071707_200109071713.nc": {"start": "2001-09-07T17:07:06Z", "end": "2001-09-07T17:13:14Z", "north": "26.592", "south": "26.559", "east": "-83.269", "west": "-83.998", "format": "netCDF-4", "sizeMB": 12.92}, "CAMEX4_EDOP_Nadir_L1B_RevA_200109031705_200109031710.nc": {"start": "2001-09-03T17:05:28Z", "end": "2001-09-03T17:10:43Z", "north": "27.206", "south": "26.611", "east": "-84.765", "west": "-84.807", "format": "netCDF-4", "sizeMB": 8.56}, "CAMEX4_EDOP_Nadir_L1B_RevA_200108202332_200108202341.nc": {"start": "2001-08-20T23:32:38Z", "end": "2001-08-20T23:41:56Z", "north": "23.471", "south": "22.429", "east": "-86.496", "west": "-86.961", "format": "netCDF-4", "sizeMB": 10.72}, "CAMEX4_EDOP_Nadir_L1B_RevA_200109191657_200109191712.nc": {"start": "2001-09-19T16:57:00Z", "end": "2001-09-19T17:12:33Z", "north": "26.797", "south": "25.063", "east": "-80.968", "west": "-81.289", "format": "netCDF-4", "sizeMB": 17.77}, "CAMEX4_EDOP_Forward_L1B_RevA_200109242104_200109242154.nc": {"start": "2001-09-24T21:04:04Z", "end": "2001-09-24T21:54:22Z", "north": "39.327", "south": "33.683", "east": "-64.748", "west": "-64.75", "format": "netCDF-4", "sizeMB": 96.98}, "CAMEX4_EDOP_Nadir_L1B_RevA_200109191731_200109191738.nc": {"start": "2001-09-19T17:31:44Z", "end": "2001-09-19T17:38:19Z", "north": "25.003", "south": "24.335", "east": "-80.731", "west": "-81.088", "format": "netCDF-4", "sizeMB": 10.36}, "CAMEX4_EDOP_Nadir_L1B_RevA_200109191856_200109191904.nc": {"start": "2001-09-19T18:56:13Z", "end": "2001-09-19T19:04:01Z", "north": "24.716", "south": "24.709", "east": "-80.427", "west": "-81.444", "format": "netCDF-4", "sizeMB": 11.25}, "CAMEX4_EDOP_Nadir_L1B_RevA_200109071750_200109071757.nc": {"start": "2001-09-07T17:50:11Z", "end": "2001-09-07T17:57:53Z", "north": "26.238", "south": "25.361", "east": "-83.556", "west": "-83.703", "format": "netCDF-4", "sizeMB": 11.63}, "CAMEX4_EDOP_Nadir_L1B_RevA_200109191904_200109191941.nc": {"start": "2001-09-19T19:04:34Z", "end": "2001-09-19T19:41:23Z", "north": "25.039", "south": "24.189", "east": "-80.609", "west": "-82.235", "format": "netCDF-4", "sizeMB": 50.57}, "CAMEX4_EDOP_Nadir_L1B_RevA_200109191744_200109191747.nc": {"start": "2001-09-19T17:44:32Z", "end": "2001-09-19T17:47:53Z", "north": "25.236", "south": "24.893", "east": "-80.604", "west": "-80.79", "format": "netCDF-4", "sizeMB": 4.35}, "CAMEX4_EDOP_Forward_L1B_RevA_200109231808_200109231828.nc": {"start": "2001-09-23T18:08:16Z", "end": "2001-09-23T18:28:18Z", "north": "30.383", "south": "30.266", "east": "-77.041", "west": "-79.576", "format": "netCDF-4", "sizeMB": 32.65}, "CAMEX4_EDOP_Forward_L1B_RevA_200108202049_200108202058.nc": {"start": "2001-08-20T20:49:54Z", "end": "2001-08-20T20:58:20Z", "north": "18.14", "south": "17.433", "east": "-84.91", "west": "-85.499", "format": "netCDF-4", "sizeMB": 18.73}, "CAMEX4_EDOP_Forward_L1B_RevA_200109250009_200109250015.nc": {"start": "2001-09-25T00:09:29Z", "end": "2001-09-25T00:15:08Z", "north": "30.964", "south": "30.659", "east": "-76.257", "west": "-76.933", "format": "netCDF-4", "sizeMB": 10.17}, "CAMEX4_EDOP_Forward_L1B_RevA_200109191858_200109191904.nc": {"start": "2001-09-19T18:58:47Z", "end": "2001-09-19T19:04:06Z", "north": "24.716", "south": "24.715", "east": "-80.763", "west": "-81.456", "format": "netCDF-4", "sizeMB": 10.74}, "CAMEX4_EDOP_Forward_L1B_RevA_200108261751_200108261801.nc": {"start": "2001-08-26T17:51:42Z", "end": "2001-08-26T18:01:24Z", "north": "28.764", "south": "27.985", "east": "-79.879", "west": "-80.722", "format": "netCDF-4", "sizeMB": 16.53}, "CAMEX4_EDOP_Forward_L1B_RevA_200109232241_200109232249.nc": {"start": "2001-09-23T22:41:41Z", "end": "2001-09-23T22:49:02Z", "north": "31.766", "south": "30.959", "east": "-63.437", "west": "-63.52", "format": "netCDF-4", "sizeMB": 14.16}, "CAMEX4_EDOP_Forward_L1B_RevA_200109221916_200109221916.nc": {"start": "2001-09-22T19:16:00Z", "end": "2001-09-22T19:16:52Z", "north": "29.434", "south": "29.346", "east": "-65.876", "west": "-65.936", "format": "netCDF-4", "sizeMB": 1.91}, "CAMEX4_EDOP_Nadir_L1B_RevA_200109071815_200109071823.nc": {"start": "2001-09-07T18:15:43Z", "end": "2001-09-07T18:23:45Z", "north": "26.319", "south": "25.408", "east": "-83.542", "west": "-83.682", "format": "netCDF-4", "sizeMB": 12.37}, "CAMEX4_EDOP_Forward_L1B_RevA_200108202313_200108202332.nc": {"start": "2001-08-20T23:13:16Z", "end": "2001-08-20T23:32:02Z", "north": "22.365", "south": "20.34", "east": "-85.389", "west": "-86.465", "format": "netCDF-4", "sizeMB": 35.78}, "CAMEX4_EDOP_Forward_L1B_RevA_200109191824_200109191831.nc": {"start": "2001-09-19T18:24:38Z", "end": "2001-09-19T18:31:32Z", "north": "24.667", "south": "24.664", "east": "-80.78", "west": "-81.684", "format": "netCDF-4", "sizeMB": 13.9}, "CAMEX4_EDOP_Forward_L1B_RevA_200109031638_200109031646.nc": {"start": "2001-09-03T16:38:02Z", "end": "2001-09-03T16:46:34Z", "north": "27.354", "south": "26.403", "east": "-84.715", "west": "-84.871", "format": "netCDF-4", "sizeMB": 12.79}, "CAMEX4_EDOP_Forward_L1B_RevA_200109031556_200109031624.nc": {"start": "2001-09-03T15:56:08Z", "end": "2001-09-03T16:24:25Z", "north": "26.202", "south": "26.171", "east": "-81.853", "west": "-85.616", "format": "netCDF-4", "sizeMB": 40.93}, "CAMEX4_EDOP_Forward_L1B_RevA_200108261839_200108261852.nc": {"start": "2001-08-26T18:39:14Z", "end": "2001-08-26T18:52:06Z", "north": "28.922", "south": "28.817", "east": "-77.979", "west": "-79.583", "format": "netCDF-4", "sizeMB": 20.2}, "CAMEX4_EDOP_Forward_L1B_RevA_200109031751_200109031813.nc": {"start": "2001-09-03T17:51:43Z", "end": "2001-09-03T18:13:17Z", "north": "27.02", "south": "24.694", "east": "-80.583", "west": "-81.193", "format": "netCDF-4", "sizeMB": 31.94}, "CAMEX4_EDOP_Nadir_L1B_RevA_200109221952_200109221959.nc": {"start": "2001-09-22T19:52:47Z", "end": "2001-09-22T19:59:25Z", "north": "28.843", "south": "28.135", "east": "-66.64", "west": "-66.927", "format": "netCDF-4", "sizeMB": 9.32}, "CAMEX4_EDOP_Forward_L1B_RevA_200109071900_200109071908.nc": {"start": "2001-09-07T19:00:04Z", "end": "2001-09-07T19:08:16Z", "north": "27.103", "south": "26.315", "east": "-82.946", "west": "-83.515", "format": "netCDF-4", "sizeMB": 16.71}, "CAMEX4_EDOP_Forward_L1B_RevA_200109101520_200109101602.nc": {"start": "2001-09-10T15:20:39Z", "end": "2001-09-10T16:02:01Z", "north": "32.736", "south": "31.366", "east": "-72.054", "west": "-76.971", "format": "netCDF-4", "sizeMB": 68.45}, "CAMEX4_EDOP_Forward_L1B_RevA_200109101649_200109101731.nc": {"start": "2001-09-10T16:49:59Z", "end": "2001-09-10T17:31:04Z", "north": "37.783", "south": "33.934", "east": "-63.179", "west": "-66.147", "format": "netCDF-4", "sizeMB": 80.48}, "CAMEX4_EDOP_Nadir_L1B_RevA_200109242205_200109242223.nc": {"start": "2001-09-24T22:05:20Z", "end": "2001-09-24T22:23:14Z", "north": "39.088", "south": "38.258", "east": "-66.18", "west": "-68.58", "format": "netCDF-4", "sizeMB": 20.65}, "CAMEX4_EDOP_Forward_L1B_RevA_200109242233_200109242240.nc": {"start": "2001-09-24T22:33:38Z", "end": "2001-09-24T22:40:24Z", "north": "37.815", "south": "37.458", "east": "-66.705", "west": "-67.544", "format": "netCDF-4", "sizeMB": 11.95}, "CAMEX4_EDOP_Nadir_L1B_RevA_200108202101_200108202125.nc": {"start": "2001-08-20T21:01:20Z", "end": "2001-08-20T21:25:46Z", "north": "18.369", "south": "18.356", "east": "-85.02", "west": "-87.535", "format": "netCDF-4", "sizeMB": 33.78}, "CAMEX4_EDOP_Forward_L1B_RevA_200108202026_200108202031.nc": {"start": "2001-08-20T20:26:55Z", "end": "2001-08-20T20:31:52Z", "north": "17.238", "south": "16.703", "east": "-86.933", "west": "-87.104", "format": "netCDF-4", "sizeMB": 9.13}, "CAMEX4_EDOP_Forward_L1B_RevA_200109242036_200109242044.nc": {"start": "2001-09-24T20:36:45Z", "end": "2001-09-24T20:44:36Z", "north": "33.069", "south": "32.781", "east": "-65.92", "west": "-66.893", "format": "netCDF-4", "sizeMB": 13.63}, "CAMEX4_EDOP_Nadir_L1B_RevA_200109261658_200109261740.nc": {"start": "2001-09-26T16:58:48Z", "end": "2001-09-26T17:40:50Z", "north": "34.358", "south": "33.218", "east": "-100.044", "west": "-105.632", "format": "netCDF-4", "sizeMB": 48.91}, "CAMEX4_EDOP_Forward_L1B_RevA_200109191939_200109191943.nc": {"start": "2001-09-19T19:39:01Z", "end": "2001-09-19T19:43:23Z", "north": "24.807", "south": "24.335", "east": "-80.833", "west": "-80.836", "format": "netCDF-4", "sizeMB": 9.05}, "CAMEX4_EDOP_Nadir_L1B_RevA_200109232009_200109232104.nc": {"start": "2001-09-23T20:09:11Z", "end": "2001-09-23T21:04:58Z", "north": "36.012", "south": "29.807", "east": "-67.331", "west": "-67.334", "format": "netCDF-4", "sizeMB": 83.98}, "CAMEX4_EDOP_Nadir_L1B_RevA_200109091756_200109091808.nc": {"start": "2001-09-09T17:56:39Z", "end": "2001-09-09T18:08:05Z", "north": "25.966", "south": "24.828", "east": "-80.709", "west": "-81.308", "format": "netCDF-4", "sizeMB": 18.66}, "CAMEX4_EDOP_Forward_L1B_RevA_200109231909_200109231941.nc": {"start": "2001-09-23T19:09:34Z", "end": "2001-09-23T19:41:35Z", "north": "29.421", "south": "28.626", "east": "-68.06", "west": "-71.98", "format": "netCDF-4", "sizeMB": 55.5}, "CAMEX4_EDOP_Nadir_L1B_RevA_200109261502_200109261520.nc": {"start": "2001-09-26T15:02:22Z", "end": "2001-09-26T15:20:18Z", "north": "30.87", "south": "30.616", "east": "-84.688", "west": "-87.07", "format": "netCDF-4", "sizeMB": 22.45}, "CAMEX4_EDOP_Nadir_L1B_RevA_200109240100_200109240107.nc": {"start": "2001-09-24T01:00:13Z", "end": "2001-09-24T01:07:21Z", "north": "30.384", "south": "30.368", "east": "-77.046", "west": "-77.984", "format": "netCDF-4", "sizeMB": 8.59}, "CAMEX4_EDOP_Forward_L1B_RevA_200109071717_200109071723.nc": {"start": "2001-09-07T17:17:00Z", "end": "2001-09-07T17:23:10Z", "north": "26.879", "south": "26.444", "east": "-83.385", "west": "-84.053", "format": "netCDF-4", "sizeMB": 12.28}, "CAMEX4_EDOP_Nadir_L1B_RevA_200108202145_200108202147.nc": {"start": "2001-08-20T21:45:41Z", "end": "2001-08-20T21:47:17Z", "north": "17.114", "south": "16.976", "east": "-88.109", "west": "-88.219", "format": "netCDF-4", "sizeMB": 2.0}, "CAMEX4_EDOP_Forward_L1B_RevA_200109250025_200109250027.nc": {"start": "2001-09-25T00:25:47Z", "end": "2001-09-25T00:27:44Z", "north": "30.461", "south": "30.446", "east": "-78.352", "west": "-78.613", "format": "netCDF-4", "sizeMB": 3.61}, "CAMEX4_EDOP_Forward_L1B_RevA_200109231942_200109231948.nc": {"start": "2001-09-23T19:42:26Z", "end": "2001-09-23T19:48:17Z", "north": "28.608", "south": "28.448", "east": "-67.268", "west": "-67.957", "format": "netCDF-4", "sizeMB": 10.49}, "CAMEX4_EDOP_Nadir_L1B_RevA_200109250016_200109250019.nc": {"start": "2001-09-25T00:16:01Z", "end": "2001-09-25T00:19:36Z", "north": "30.631", "south": "30.56", "east": "-77.047", "west": "-77.523", "format": "netCDF-4", "sizeMB": 4.29}, "CAMEX4_EDOP_Forward_L1B_RevA_200109221816_200109221831.nc": {"start": "2001-09-22T18:16:37Z", "end": "2001-09-22T18:31:52Z", "north": "29.425", "south": "28.744", "east": "-69.497", "west": "-71.27", "format": "netCDF-4", "sizeMB": 27.38}, "CAMEX4_EDOP_Nadir_L1B_RevA_200109261602_200109261657.nc": {"start": "2001-09-26T16:02:01Z", "end": "2001-09-26T16:57:31Z", "north": "33.176", "south": "31.52", "east": "-92.617", "west": "-99.877", "format": "netCDF-4", "sizeMB": 65.53}, "CAMEX4_EDOP_Nadir_L1B_RevA_200109071717_200109071723.nc": {"start": "2001-09-07T17:17:00Z", "end": "2001-09-07T17:23:10Z", "north": "26.879", "south": "26.444", "east": "-83.385", "west": "-84.053", "format": "netCDF-4", "sizeMB": 9.52}, "CAMEX4_EDOP_Forward_L1B_RevA_200108202145_200108202147.nc": {"start": "2001-08-20T21:45:41Z", "end": "2001-08-20T21:47:17Z", "north": "17.114", "south": "16.976", "east": "-88.109", "west": "-88.219", "format": "netCDF-4", "sizeMB": 2.98}, "CAMEX4_EDOP_Forward_L1B_RevA_200109240100_200109240107.nc": {"start": "2001-09-24T01:00:13Z", "end": "2001-09-24T01:07:21Z", "north": "30.384", "south": "30.368", "east": "-77.046", "west": "-77.984", "format": "netCDF-4", "sizeMB": 12.8}, "CAMEX4_EDOP_Forward_L1B_RevA_200109261602_200109261657.nc": {"start": "2001-09-26T16:02:01Z", "end": "2001-09-26T16:57:31Z", "north": "33.176", "south": "31.52", "east": "-92.617", "west": "-99.877", "format": "netCDF-4", "sizeMB": 98.61}, "CAMEX4_EDOP_Nadir_L1B_RevA_200109221816_200109221831.nc": {"start": "2001-09-22T18:16:37Z", "end": "2001-09-22T18:31:52Z", "north": "29.425", "south": "28.744", "east": "-69.497", "west": "-71.27", "format": "netCDF-4", "sizeMB": 17.51}, "CAMEX4_EDOP_Nadir_L1B_RevA_200109250025_200109250027.nc": {"start": "2001-09-25T00:25:47Z", "end": "2001-09-25T00:27:44Z", "north": "30.461", "south": "30.446", "east": "-78.352", "west": "-78.613", "format": "netCDF-4", "sizeMB": 2.33}, "CAMEX4_EDOP_Nadir_L1B_RevA_200109231942_200109231948.nc": {"start": "2001-09-23T19:42:26Z", "end": "2001-09-23T19:48:17Z", "north": "28.608", "south": "28.448", "east": "-67.268", "west": "-67.957", "format": "netCDF-4", "sizeMB": 6.86}, "CAMEX4_EDOP_Forward_L1B_RevA_200109250016_200109250019.nc": {"start": "2001-09-25T00:16:01Z", "end": "2001-09-25T00:19:36Z", "north": "30.631", "south": "30.56", "east": "-77.047", "west": "-77.523", "format": "netCDF-4", "sizeMB": 6.42}, "CAMEX4_EDOP_Nadir_L1B_RevA_200109231909_200109231941.nc": {"start": "2001-09-23T19:09:34Z", "end": "2001-09-23T19:41:35Z", "north": "29.421", "south": "28.626", "east": "-68.06", "west": "-71.98", "format": "netCDF-4", "sizeMB": 36.7}, "CAMEX4_EDOP_Forward_L1B_RevA_200109091756_200109091808.nc": {"start": "2001-09-09T17:56:39Z", "end": "2001-09-09T18:08:05Z", "north": "25.966", "south": "24.828", "east": "-80.709", "west": "-81.308", "format": "netCDF-4", "sizeMB": 23.09}, "CAMEX4_EDOP_Forward_L1B_RevA_200109261502_200109261520.nc": {"start": "2001-09-26T15:02:22Z", "end": "2001-09-26T15:20:18Z", "north": "30.87", "south": "30.616", "east": "-84.688", "west": "-87.07", "format": "netCDF-4", "sizeMB": 32.15}, "CAMEX4_EDOP_Forward_L1B_RevA_200108202101_200108202125.nc": {"start": "2001-08-20T21:01:20Z", "end": "2001-08-20T21:25:46Z", "north": "18.369", "south": "18.356", "east": "-85.02", "west": "-87.535", "format": "netCDF-4", "sizeMB": 40.49}, "CAMEX4_EDOP_Nadir_L1B_RevA_200109242233_200109242240.nc": {"start": "2001-09-24T22:33:38Z", "end": "2001-09-24T22:40:24Z", "north": "37.815", "south": "37.458", "east": "-66.705", "west": "-67.544", "format": "netCDF-4", "sizeMB": 7.91}, "CAMEX4_EDOP_Forward_L1B_RevA_200109261658_200109261740.nc": {"start": "2001-09-26T16:58:48Z", "end": "2001-09-26T17:40:50Z", "north": "34.358", "south": "33.218", "east": "-100.044", "west": "-105.632", "format": "netCDF-4", "sizeMB": 71.99}, "CAMEX4_EDOP_Forward_L1B_RevA_200109232009_200109232104.nc": {"start": "2001-09-23T20:09:11Z", "end": "2001-09-23T21:04:58Z", "north": "36.012", "south": "29.807", "east": "-67.331", "west": "-67.334", "format": "netCDF-4", "sizeMB": 110.72}, "CAMEX4_EDOP_Nadir_L1B_RevA_200109191939_200109191943.nc": {"start": "2001-09-19T19:39:01Z", "end": "2001-09-19T19:43:23Z", "north": "24.807", "south": "24.335", "east": "-80.833", "west": "-80.836", "format": "netCDF-4", "sizeMB": 7.02}, "CAMEX4_EDOP_Nadir_L1B_RevA_200109242036_200109242044.nc": {"start": "2001-09-24T20:36:45Z", "end": "2001-09-24T20:44:36Z", "north": "33.069", "south": "32.781", "east": "-65.92", "west": "-66.893", "format": "netCDF-4", "sizeMB": 9.24}, "CAMEX4_EDOP_Nadir_L1B_RevA_200108202026_200108202031.nc": {"start": "2001-08-20T20:26:55Z", "end": "2001-08-20T20:31:52Z", "north": "17.238", "south": "16.703", "east": "-86.933", "west": "-87.104", "format": "netCDF-4", "sizeMB": 6.25}, "CAMEX4_EDOP_Nadir_L1B_RevA_200109101649_200109101731.nc": {"start": "2001-09-10T16:49:59Z", "end": "2001-09-10T17:31:04Z", "north": "37.783", "south": "33.934", "east": "-63.179", "west": "-66.147", "format": "netCDF-4", "sizeMB": 61.52}, "CAMEX4_EDOP_Nadir_L1B_RevA_200109101520_200109101602.nc": {"start": "2001-09-10T15:20:39Z", "end": "2001-09-10T16:02:01Z", "north": "32.736", "south": "31.366", "east": "-72.054", "west": "-76.971", "format": "netCDF-4", "sizeMB": 47.21}, "CAMEX4_EDOP_Nadir_L1B_RevA_200108261839_200108261852.nc": {"start": "2001-08-26T18:39:14Z", "end": "2001-08-26T18:52:06Z", "north": "28.922", "south": "28.817", "east": "-77.979", "west": "-79.583", "format": "netCDF-4", "sizeMB": 17.89}, "CAMEX4_EDOP_Nadir_L1B_RevA_200109031751_200109031813.nc": {"start": "2001-09-03T17:51:43Z", "end": "2001-09-03T18:13:17Z", "north": "27.02", "south": "24.694", "east": "-80.583", "west": "-81.193", "format": "netCDF-4", "sizeMB": 27.28}, "CAMEX4_EDOP_Nadir_L1B_RevA_200109071900_200109071908.nc": {"start": "2001-09-07T19:00:04Z", "end": "2001-09-07T19:08:16Z", "north": "27.103", "south": "26.315", "east": "-82.946", "west": "-83.515", "format": "netCDF-4", "sizeMB": 13.11}, "CAMEX4_EDOP_Forward_L1B_RevA_200109221952_200109221959.nc": {"start": "2001-09-22T19:52:47Z", "end": "2001-09-22T19:59:25Z", "north": "28.843", "south": "28.135", "east": "-66.64", "west": "-66.927", "format": "netCDF-4", "sizeMB": 12.93}, "CAMEX4_EDOP_Forward_L1B_RevA_200109242205_200109242223.nc": {"start": "2001-09-24T22:05:20Z", "end": "2001-09-24T22:23:14Z", "north": "39.088", "south": "38.258", "east": "-66.18", "west": "-68.58", "format": "netCDF-4", "sizeMB": 31.5}, "CAMEX4_EDOP_Nadir_L1B_RevA_200108202313_200108202332.nc": {"start": "2001-08-20T23:13:16Z", "end": "2001-08-20T23:32:02Z", "north": "22.365", "south": "20.34", "east": "-85.389", "west": "-86.465", "format": "netCDF-4", "sizeMB": 25.76}, "CAMEX4_EDOP_Nadir_L1B_RevA_200109031638_200109031646.nc": {"start": "2001-09-03T16:38:02Z", "end": "2001-09-03T16:46:34Z", "north": "27.354", "south": "26.403", "east": "-84.715", "west": "-84.871", "format": "netCDF-4", "sizeMB": 12.72}, "CAMEX4_EDOP_Nadir_L1B_RevA_200109191824_200109191831.nc": {"start": "2001-09-19T18:24:38Z", "end": "2001-09-19T18:31:32Z", "north": "24.667", "south": "24.664", "east": "-80.78", "west": "-81.684", "format": "netCDF-4", "sizeMB": 10.82}, "CAMEX4_EDOP_Nadir_L1B_RevA_200109031556_200109031624.nc": {"start": "2001-09-03T15:56:08Z", "end": "2001-09-03T16:24:25Z", "north": "26.202", "south": "26.171", "east": "-81.853", "west": "-85.616", "format": "netCDF-4", "sizeMB": 33.11}, "CAMEX4_EDOP_Nadir_L1B_RevA_200109191858_200109191904.nc": {"start": "2001-09-19T18:58:47Z", "end": "2001-09-19T19:04:06Z", "north": "24.716", "south": "24.715", "east": "-80.763", "west": "-81.456", "format": "netCDF-4", "sizeMB": 8.28}, "CAMEX4_EDOP_Nadir_L1B_RevA_200109221916_200109221916.nc": {"start": "2001-09-22T19:16:00Z", "end": "2001-09-22T19:16:52Z", "north": "29.434", "south": "29.346", "east": "-65.876", "west": "-65.936", "format": "netCDF-4", "sizeMB": 1.58}, "CAMEX4_EDOP_Forward_L1B_RevA_200109071815_200109071823.nc": {"start": "2001-09-07T18:15:43Z", "end": "2001-09-07T18:23:45Z", "north": "26.319", "south": "25.408", "east": "-83.542", "west": "-83.682", "format": "netCDF-4", "sizeMB": 15.86}, "CAMEX4_EDOP_Nadir_L1B_RevA_200108261751_200108261801.nc": {"start": "2001-08-26T17:51:42Z", "end": "2001-08-26T18:01:24Z", "north": "28.764", "south": "27.985", "east": "-79.879", "west": "-80.722", "format": "netCDF-4", "sizeMB": 12.31}, "CAMEX4_EDOP_Nadir_L1B_RevA_200109232241_200109232249.nc": {"start": "2001-09-23T22:41:41Z", "end": "2001-09-23T22:49:02Z", "north": "31.766", "south": "30.959", "east": "-63.437", "west": "-63.52", "format": "netCDF-4", "sizeMB": 10.16}, "CAMEX4_EDOP_Nadir_L1B_RevA_200109250009_200109250015.nc": {"start": "2001-09-25T00:09:29Z", "end": "2001-09-25T00:15:08Z", "north": "30.964", "south": "30.659", "east": "-76.257", "west": "-76.933", "format": "netCDF-4", "sizeMB": 6.69}, "CAMEX4_EDOP_Nadir_L1B_RevA_200108202049_200108202058.nc": {"start": "2001-08-20T20:49:54Z", "end": "2001-08-20T20:58:20Z", "north": "18.14", "south": "17.433", "east": "-84.91", "west": "-85.499", "format": "netCDF-4", "sizeMB": 15.43}, "CAMEX4_EDOP_Forward_L1B_RevA_200109191744_200109191747.nc": {"start": "2001-09-19T17:44:32Z", "end": "2001-09-19T17:47:53Z", "north": "25.236", "south": "24.893", "east": "-80.604", "west": "-80.79", "format": "netCDF-4", "sizeMB": 6.27}, "CAMEX4_EDOP_Nadir_L1B_RevA_200109231808_200109231828.nc": {"start": "2001-09-23T18:08:16Z", "end": "2001-09-23T18:28:18Z", "north": "30.383", "south": "30.266", "east": "-77.041", "west": "-79.576", "format": "netCDF-4", "sizeMB": 20.74}, "CAMEX4_EDOP_Forward_L1B_RevA_200109191904_200109191941.nc": {"start": "2001-09-19T19:04:34Z", "end": "2001-09-19T19:41:23Z", "north": "25.039", "south": "24.189", "east": "-80.609", "west": "-82.235", "format": "netCDF-4", "sizeMB": 69.42}, "CAMEX4_EDOP_Nadir_L1B_RevA_200109242104_200109242154.nc": {"start": "2001-09-24T21:04:04Z", "end": "2001-09-24T21:54:22Z", "north": "39.327", "south": "33.683", "east": "-64.748", "west": "-64.75", "format": "netCDF-4", "sizeMB": 71.96}, "CAMEX4_EDOP_Forward_L1B_RevA_200109191731_200109191738.nc": {"start": "2001-09-19T17:31:44Z", "end": "2001-09-19T17:38:19Z", "north": "25.003", "south": "24.335", "east": "-80.731", "west": "-81.088", "format": "netCDF-4", "sizeMB": 13.3}, "CAMEX4_EDOP_Forward_L1B_RevA_200109071750_200109071757.nc": {"start": "2001-09-07T17:50:11Z", "end": "2001-09-07T17:57:53Z", "north": "26.238", "south": "25.361", "east": "-83.556", "west": "-83.703", "format": "netCDF-4", "sizeMB": 15.31}, "CAMEX4_EDOP_Forward_L1B_RevA_200109191856_200109191904.nc": {"start": "2001-09-19T18:56:13Z", "end": "2001-09-19T19:04:01Z", "north": "24.716", "south": "24.709", "east": "-80.427", "west": "-81.444", "format": "netCDF-4", "sizeMB": 14.98}, "CAMEX4_EDOP_Forward_L1B_RevA_200109031705_200109031710.nc": {"start": "2001-09-03T17:05:28Z", "end": "2001-09-03T17:10:43Z", "north": "27.206", "south": "26.611", "east": "-84.765", "west": "-84.807", "format": "netCDF-4", "sizeMB": 8.87}, "CAMEX4_EDOP_Nadir_L1B_RevA_200109071707_200109071713.nc": {"start": "2001-09-07T17:07:06Z", "end": "2001-09-07T17:13:14Z", "north": "26.592", "south": "26.559", "east": "-83.269", "west": "-83.998", "format": "netCDF-4", "sizeMB": 10.3}, "CAMEX4_EDOP_Forward_L1B_RevA_200109191657_200109191712.nc": {"start": "2001-09-19T16:57:00Z", "end": "2001-09-19T17:12:33Z", "north": "26.797", "south": "25.063", "east": "-80.968", "west": "-81.289", "format": "netCDF-4", "sizeMB": 25.54}, "CAMEX4_EDOP_Forward_L1B_RevA_200108202332_200108202341.nc": {"start": "2001-08-20T23:32:38Z", "end": "2001-08-20T23:41:56Z", "north": "23.471", "south": "22.429", "east": "-86.496", "west": "-86.961", "format": "netCDF-4", "sizeMB": 16.34}, "CAMEX4_EDOP_Forward_L1B_RevA_200109232314_200109240010.nc": {"start": "2001-09-23T23:14:21Z", "end": "2001-09-24T00:10:25Z", "north": "34.322", "south": "31.039", "east": "-63.796", "west": "-70.48", "format": "netCDF-4", "sizeMB": 108.54}, "CAMEX4_EDOP_Nadir_L1B_RevA_200109242047_200109242053.nc": {"start": "2001-09-24T20:47:26Z", "end": "2001-09-24T20:53:57Z", "north": "32.984", "south": "32.726", "east": "-64.778", "west": "-65.573", "format": "netCDF-4", "sizeMB": 7.55}, "CAMEX4_EDOP_Forward_L1B_RevA_200109101754_200109101836.nc": {"start": "2001-09-10T17:54:42Z", "end": "2001-09-10T18:36:38Z", "north": "37.622", "south": "33.327", "east": "-63.881", "west": "-66.164", "format": "netCDF-4", "sizeMB": 82.04}, "CAMEX4_EDOP_Nadir_L1B_RevA_200109232213_200109232238.nc": {"start": "2001-09-23T22:13:08Z", "end": "2001-09-23T22:38:35Z", "north": "32.225", "south": "30.764", "east": "-63.733", "west": "-66.555", "format": "netCDF-4", "sizeMB": 32.59}, "CAMEX4_EDOP_Forward_L1B_RevA_200109071914_200109071920.nc": {"start": "2001-09-07T19:14:19Z", "end": "2001-09-07T19:20:49Z", "north": "26.842", "south": "26.227", "east": "-83.133", "west": "-83.573", "format": "netCDF-4", "sizeMB": 13.7}, "CAMEX4_EDOP_Nadir_L1B_RevA_200109242158_200109242205.nc": {"start": "2001-09-24T21:58:31Z", "end": "2001-09-24T22:05:19Z", "north": "39.392", "south": "39.089", "east": "-65.251", "west": "-66.178", "format": "netCDF-4", "sizeMB": 7.89}, "CAMEX4_EDOP_Nadir_L1B_RevA_200109232251_200109232311.nc": {"start": "2001-09-23T22:51:06Z", "end": "2001-09-23T23:11:26Z", "north": "34.258", "south": "31.994", "east": "-63.46", "west": "-63.489", "format": "netCDF-4", "sizeMB": 26.44}, "CAMEX4_EDOP_Forward_L1B_RevA_200108202113_200108202125.nc": {"start": "2001-08-20T21:13:37Z", "end": "2001-08-20T21:25:46Z", "north": "18.369", "south": "18.362", "east": "-85.97", "west": "-87.535", "format": "netCDF-4", "sizeMB": 26.7}, "CAMEX4_EDOP_Forward_L1B_RevA_200109101734_200109101751.nc": {"start": "2001-09-10T17:34:31Z", "end": "2001-09-10T17:51:08Z", "north": "37.965", "south": "37.938", "east": "-63.492", "west": "-65.977", "format": "netCDF-4", "sizeMB": 29.31}, "CAMEX4_EDOP_Forward_L1B_RevA_200109091847_200109091914.nc": {"start": "2001-09-09T18:47:13Z", "end": "2001-09-09T19:14:03Z", "north": "28.453", "south": "25.543", "east": "-81.497", "west": "-82.808", "format": "netCDF-4", "sizeMB": 49.78}, "CAMEX4_EDOP_Nadir_L1B_RevA_200108261821_200108261829.nc": {"start": "2001-08-26T18:21:52Z", "end": "2001-08-26T18:29:11Z", "north": "28.924", "south": "28.867", "east": "-77.878", "west": "-78.861", "format": "netCDF-4", "sizeMB": 9.21}, "CAMEX4_EDOP_Forward_L1B_RevA_200109222110_200109222118.nc": {"start": "2001-09-22T21:10:22Z", "end": "2001-09-22T21:18:30Z", "north": "30.1", "south": "29.947", "east": "-73.696", "west": "-74.781", "format": "netCDF-4", "sizeMB": 14.21}, "CAMEX4_EDOP_Nadir_L1B_RevA_200108202127_200108202140.nc": {"start": "2001-08-20T21:27:40Z", "end": "2001-08-20T21:40:16Z", "north": "18.224", "south": "16.892", "east": "-87.692", "west": "-88.292", "format": "netCDF-4", "sizeMB": 14.96}, "CAMEX4_EDOP_Nadir_L1B_RevA_200108202148_200108202224.nc": {"start": "2001-08-20T21:48:00Z", "end": "2001-08-20T22:24:39Z", "north": "19.983", "south": "17.171", "east": "-85.265", "west": "-88.058", "format": "netCDF-4", "sizeMB": 58.22}, "CAMEX4_EDOP_Forward_L1B_RevA_200109091713_200109091722.nc": {"start": "2001-09-09T17:13:38Z", "end": "2001-09-09T17:22:51Z", "north": "26.034", "south": "25.161", "east": "-80.995", "west": "-81.71", "format": "netCDF-4", "sizeMB": 19.22}, "CAMEX4_EDOP_Nadir_L1B_RevA_200108261857_200108261905.nc": {"start": "2001-08-26T18:57:43Z", "end": "2001-08-26T19:05:17Z", "north": "28.927", "south": "28.863", "east": "-77.936", "west": "-78.937", "format": "netCDF-4", "sizeMB": 9.58}, "CAMEX4_EDOP_Forward_L1B_RevA_200109191755_200109191801.nc": {"start": "2001-09-19T17:55:40Z", "end": "2001-09-19T18:01:18Z", "north": "24.721", "south": "24.679", "east": "-80.658", "west": "-81.391", "format": "netCDF-4", "sizeMB": 11.68}, "CAMEX4_EDOP_Forward_L1B_RevA_200108202034_200108202048.nc": {"start": "2001-08-20T20:34:53Z", "end": "2001-08-20T20:48:59Z", "north": "17.365", "south": "16.608", "east": "-85.569", "west": "-86.894", "format": "netCDF-4", "sizeMB": 26.61}, "CAMEX4_EDOP_Nadir_L1B_RevA_200109222001_200109222006.nc": {"start": "2001-09-22T20:01:32Z", "end": "2001-09-22T20:06:35Z", "north": "29.412", "south": "29.013", "east": "-66.005", "west": "-66.458", "format": "netCDF-4", "sizeMB": 8.8}, "CAMEX4_EDOP_Forward_L1B_RevA_200109101621_200109101647.nc": {"start": "2001-09-10T16:21:30Z", "end": "2001-09-10T16:47:59Z", "north": "33.768", "south": "33.189", "east": "-66.308", "west": "-69.626", "format": "netCDF-4", "sizeMB": 46.58}, "CAMEX4_EDOP_Forward_L1B_RevA_200109091742_200109091747.nc": {"start": "2001-09-09T17:42:36Z", "end": "2001-09-09T17:47:29Z", "north": "26.046", "south": "25.557", "east": "-81.028", "west": "-81.361", "format": "netCDF-4", "sizeMB": 9.72}, "CAMEX4_EDOP_Forward_L1B_RevA_200109191720_200109191725.nc": {"start": "2001-09-19T17:20:09Z", "end": "2001-09-19T17:25:19Z", "north": "25.029", "south": "24.502", "east": "-80.72", "west": "-80.998", "format": "netCDF-4", "sizeMB": 10.01}, "CAMEX4_EDOP_Nadir_L1B_RevA_200109261848_200109261852.nc": {"start": "2001-09-26T18:48:54Z", "end": "2001-09-26T18:52:33Z", "north": "34.949", "south": "34.936", "east": "-115.055", "west": "-115.553", "format": "netCDF-4", "sizeMB": 4.43}, "CAMEX4_EDOP_Nadir_L1B_RevA_200109221715_200109221721.nc": {"start": "2001-09-22T17:15:06Z", "end": "2001-09-22T17:21:21Z", "north": "30.183", "south": "30.136", "east": "-78.154", "west": "-78.947", "format": "netCDF-4", "sizeMB": 7.62}, "CAMEX4_EDOP_Nadir_L1B_RevA_200109250019_200109250025.nc": {"start": "2001-09-25T00:19:53Z", "end": "2001-09-25T00:25:30Z", "north": "30.555", "south": "30.463", "east": "-77.562", "west": "-78.313", "format": "netCDF-4", "sizeMB": 6.58}, "CAMEX4_EDOP_Nadir_L1B_RevA_200109231901_200109231907.nc": {"start": "2001-09-23T19:01:11Z", "end": "2001-09-23T19:07:39Z", "north": "29.61", "south": "29.465", "east": "-72.216", "west": "-73.016", "format": "netCDF-4", "sizeMB": 7.53}, "CAMEX4_EDOP_Forward_L1B_RevA_200109250007_200109250009.nc": {"start": "2001-09-25T00:07:53Z", "end": "2001-09-25T00:09:06Z", "north": "31.071", "south": "30.984", "east": "-76.086", "west": "-76.214", "format": "netCDF-4", "sizeMB": 2.35}, "CAMEX4_EDOP_Nadir_L1B_RevA_200109232110_200109232134.nc": {"start": "2001-09-23T21:10:27Z", "end": "2001-09-23T21:34:19Z", "north": "35.9", "south": "34.385", "east": "-67.948", "west": "-70.762", "format": "netCDF-4", "sizeMB": 27.56}, "CAMEX4_EDOP_Nadir_L1B_RevA_200109191905_200109191909.nc": {"start": "2001-09-19T19:05:01Z", "end": "2001-09-19T19:09:15Z", "north": "25.018", "south": "24.756", "east": "-81.565", "west": "-82.03", "format": "netCDF-4", "sizeMB": 5.08}, "CAMEX4_EDOP_Nadir_L1B_RevA_200109242306_200109242338.nc": {"start": "2001-09-24T23:06:36Z", "end": "2001-09-24T23:38:34Z", "north": "35.581", "south": "33.264", "east": "-69.466", "west": "-73.021", "format": "netCDF-4", "sizeMB": 37.24}, "CAMEX4_EDOP_Forward_L1B_RevA_200109031814_200109031823.nc": {"start": "2001-09-03T18:14:29Z", "end": "2001-09-03T18:23:57Z", "north": "28.231", "south": "27.152", "east": "-80.575", "west": "-80.736", "format": "netCDF-4", "sizeMB": 14.96}, "CAMEX4_EDOP_Nadir_L1B_RevA_200109091833_200109091842.nc": {"start": "2001-09-09T18:33:12Z", "end": "2001-09-09T18:42:44Z", "north": "25.333", "south": "25.331", "east": "-81.733", "west": "-82.827", "format": "netCDF-4", "sizeMB": 17.01}, "CAMEX4_EDOP_Nadir_L1B_RevA_200109071842_200109071855.nc": {"start": "2001-09-07T18:42:04Z", "end": "2001-09-07T18:55:01Z", "north": "26.937", "south": "25.572", "east": "-83.065", "west": "-83.661", "format": "netCDF-4", "sizeMB": 21.69}, "CAMEX4_EDOP_Forward_L1B_RevA_200109191848_200109191852.nc": {"start": "2001-09-19T18:48:26Z", "end": "2001-09-19T18:52:54Z", "north": "24.924", "south": "24.658", "east": "-80.339", "west": "-80.694", "format": "netCDF-4", "sizeMB": 8.27}, "CAMEX4_EDOP_Nadir_L1B_RevA_200108202343_200108210005.nc": {"start": "2001-08-20T23:43:33Z", "end": "2001-08-21T00:05:23Z", "north": "26.012", "south": "23.656", "east": "-85.997", "west": "-86.941", "format": "netCDF-4", "sizeMB": 27.37}, "CAMEX4_EDOP_Nadir_L1B_RevA_200109242226_200109242231.nc": {"start": "2001-09-24T22:26:28Z", "end": "2001-09-24T22:31:41Z", "north": "38.014", "south": "37.884", "east": "-67.799", "west": "-68.512", "format": "netCDF-4", "sizeMB": 6.46}, "CAMEX4_EDOP_Forward_L1B_RevA_200109071931_200109071934.nc": {"start": "2001-09-07T19:31:55Z", "end": "2001-09-07T19:34:44Z", "north": "26.335", "south": "26.124", "east": "-83.493", "west": "-83.725", "format": "netCDF-4", "sizeMB": 5.87}, "CAMEX4_EDOP_Forward_L1B_RevA_200109242003_200109242036.nc": {"start": "2001-09-24T20:03:23Z", "end": "2001-09-24T20:36:17Z", "north": "32.764", "south": "31.56", "east": "-66.952", "west": "-70.93", "format": "netCDF-4", "sizeMB": 56.37}, "CAMEX4_EDOP_Forward_L1B_RevA_200109191713_200109191715.nc": {"start": "2001-09-19T17:13:52Z", "end": "2001-09-19T17:15:49Z", "north": "24.961", "south": "24.86", "east": "-80.67", "west": "-80.871", "format": "netCDF-4", "sizeMB": 3.67}, "CAMEX4_EDOP_Nadir_L1B_RevA_200109221841_200109221855.nc": {"start": "2001-09-22T18:41:13Z", "end": "2001-09-22T18:55:19Z", "north": "28.736", "south": "28.732", "east": "-67.472", "west": "-69.206", "format": "netCDF-4", "sizeMB": 17.04}, "CAMEX4_EDOP_Nadir_L1B_RevA_200109031713_200109031748.nc": {"start": "2001-09-03T17:13:57Z", "end": "2001-09-03T17:48:54Z", "north": "27.142", "south": "24.56", "east": "-81.414", "west": "-84.484", "format": "netCDF-4", "sizeMB": 40.2}, "CAMEX4_EDOP_Forward_L1B_RevA_200108202204_200108202224.nc": {"start": "2001-08-20T22:04:41Z", "end": "2001-08-20T22:24:39Z", "north": "19.983", "south": "18.433", "east": "-85.265", "west": "-86.765", "format": "netCDF-4", "sizeMB": 43.26}, "CAMEX4_EDOP_Nadir_L1B_RevA_200109242057_200109242058.nc": {"start": "2001-09-24T20:57:22Z", "end": "2001-09-24T20:58:55Z", "north": "33.111", "south": "32.96", "east": "-64.63", "west": "-64.733", "format": "netCDF-4", "sizeMB": 1.96}, "CAMEX4_EDOP_Forward_L1B_RevA_200109231829_200109231900.nc": {"start": "2001-09-23T18:29:13Z", "end": "2001-09-23T19:00:51Z", "north": "30.37", "south": "29.617", "east": "-73.057", "west": "-76.925", "format": "netCDF-4", "sizeMB": 53.04}, "CAMEX4_EDOP_Forward_L1B_RevA_200109071830_200109071836.nc": {"start": "2001-09-07T18:30:39Z", "end": "2001-09-07T18:36:30Z", "north": "26.387", "south": "25.742", "east": "-83.528", "west": "-83.634", "format": "netCDF-4", "sizeMB": 12.2}, "CAMEX4_EDOP_Forward_L1B_RevA_200109091641_200109091656.nc": {"start": "2001-09-09T16:41:33Z", "end": "2001-09-09T16:56:26Z", "north": "26.464", "south": "24.849", "east": "-81.25", "west": "-81.755", "format": "netCDF-4", "sizeMB": 29.68}, "CAMEX4_EDOP_Nadir_L1B_RevA_200109191929_200109191932.nc": {"start": "2001-09-19T19:29:10Z", "end": "2001-09-19T19:32:46Z", "north": "24.886", "south": "24.489", "east": "-80.829", "west": "-80.834", "format": "netCDF-4", "sizeMB": 5.85}, "CAMEX4_EDOP_Nadir_L1B_RevA_200109261600_200109261657.nc": {"start": "2001-09-26T16:00:19Z", "end": "2001-09-26T16:57:31Z", "north": "33.176", "south": "31.464", "east": "-92.394", "west": "-99.877", "format": "netCDF-4", "sizeMB": 67.29}, "CAMEX4_EDOP_Nadir_L1B_RevA_200109240011_200109240014.nc": {"start": "2001-09-24T00:11:24Z", "end": "2001-09-24T00:14:14Z", "north": "31.014", "south": "30.987", "east": "-70.607", "west": "-70.988", "format": "netCDF-4", "sizeMB": 3.21}, "CAMEX4_EDOP_Forward_L1B_RevA_200109261600_200109261601.nc": {"start": "2001-09-26T16:00:19Z", "end": "2001-09-26T16:01:58Z", "north": "31.519", "south": "31.464", "east": "-92.394", "west": "-92.613", "format": "netCDF-4", "sizeMB": 2.71}, "CAMEX4_EDOP_Forward_L1B_RevA_200109222010_200109222015.nc": {"start": "2001-09-22T20:10:40Z", "end": "2001-09-22T20:15:41Z", "north": "29.2", "south": "28.914", "east": "-65.919", "west": "-66.503", "format": "netCDF-4", "sizeMB": 10.56}, "CAMEX4_EDOP_Nadir_L1B_RevA_200108151639_200108151645.nc": {"start": "2001-08-15T16:39:58Z", "end": "2001-08-15T16:45:26Z", "north": "33.666", "south": "33.447", "east": "-112.012", "west": "-112.69", "format": "netCDF-4", "sizeMB": 8.58}, "CAMEX4_EDOP_Nadir_L1B_RevA_200109240014_200109240059.nc": {"start": "2001-09-24T00:14:16Z", "end": "2001-09-24T00:59:33Z", "north": "30.987", "south": "30.389", "east": "-70.992", "west": "-76.959", "format": "netCDF-4", "sizeMB": 50.65}, "CAMEX4_EDOP_Forward_L1B_RevA_200109091818_200109091820.nc": {"start": "2001-09-09T18:18:05Z", "end": "2001-09-09T18:20:56Z", "north": "24.842", "south": "24.709", "east": "-81.914", "west": "-82.271", "format": "netCDF-4", "sizeMB": 4.83}, "CAMEX4_EDOP_Forward_L1B_RevA_200108210008_200108210036.nc": {"start": "2001-08-21T00:08:34Z", "end": "2001-08-21T00:36:59Z", "north": "28.483", "south": "26.298", "east": "-83.183", "west": "-85.765", "format": "netCDF-4", "sizeMB": 51.62}, "CAMEX4_EDOP_Forward_L1B_RevA_200109101839_200109101856.nc": {"start": "2001-09-10T18:39:46Z", "end": "2001-09-10T18:56:35Z", "north": "35.007", "south": "33.423", "east": "-62.507", "west": "-63.615", "format": "netCDF-4", "sizeMB": 29.84}, "CAMEX4_EDOP_Forward_L1B_RevA_200109091630_200109091640.nc": {"start": "2001-09-09T16:30:12Z", "end": "2001-09-09T16:40:37Z", "north": "27.543", "south": "26.56", "east": "-81.796", "west": "-82.442", "format": "netCDF-4", "sizeMB": 19.29}, "CAMEX4_EDOP_Forward_L1B_RevA_200108202228_200108202239.nc": {"start": "2001-08-20T22:28:46Z", "end": "2001-08-20T22:39:00Z", "north": "20.089", "south": "19.01", "east": "-85.517", "west": "-86.078", "format": "netCDF-4", "sizeMB": 21.42}, "CAMEX4_EDOP_Nadir_L1B_RevA_200109231954_200109232009.nc": {"start": "2001-09-23T19:54:35Z", "end": "2001-09-23T20:09:10Z", "north": "29.805", "south": "28.184", "east": "-67.331", "west": "-67.333", "format": "netCDF-4", "sizeMB": 16.74}, "CAMEX4_EDOP_Nadir_L1B_RevA_200108202241_200108202247.nc": {"start": "2001-08-20T22:41:47Z", "end": "2001-08-20T22:47:16Z", "north": "18.832", "south": "18.508", "east": "-86.374", "west": "-86.989", "format": "netCDF-4", "sizeMB": 10.35}, "CAMEX4_EDOP_Nadir_L1B_RevA_200108261802_200108261817.nc": {"start": "2001-08-26T18:02:29Z", "end": "2001-08-26T18:17:03Z", "north": "28.922", "south": "28.803", "east": "-77.957", "west": "-79.756", "format": "netCDF-4", "sizeMB": 18.18}, "CAMEX4_EDOP_Nadir_L1B_RevA_200109261858_200109261859.nc": {"start": "2001-09-26T18:58:14Z", "end": "2001-09-26T18:59:48Z", "north": "34.954", "south": "34.951", "east": "-116.244", "west": "-116.423", "format": "netCDF-4", "sizeMB": 1.94}, "CAMEX4_EDOP_Forward_L1B_RevA_200108202101_200108202107.nc": {"start": "2001-08-20T21:01:20Z", "end": "2001-08-20T21:07:32Z", "north": "18.362", "south": "18.356", "east": "-85.02", "west": "-85.82", "format": "netCDF-4", "sizeMB": 13.67}, "CAMEX4_EDOP_Nadir_L1B_RevA_200109242243_200109242306.nc": {"start": "2001-09-24T22:43:09Z", "end": "2001-09-24T23:06:35Z", "north": "37.212", "south": "35.583", "east": "-66.743", "west": "-69.464", "format": "netCDF-4", "sizeMB": 26.85}, "CAMEX4_EDOP_Forward_L1B_RevA_200109031537_200109031545.nc": {"start": "2001-09-03T15:37:19Z", "end": "2001-09-03T15:45:34Z", "north": "27.801", "south": "26.865", "east": "-81.359", "west": "-81.39", "format": "netCDF-4", "sizeMB": 13.38}, "CAMEX4_EDOP_Nadir_L1B_RevA_200109091821_200109091828.nc": {"start": "2001-09-09T18:21:53Z", "end": "2001-09-09T18:28:08Z", "north": "25.201", "south": "24.888", "east": "-82.389", "west": "-83.15", "format": "netCDF-4", "sizeMB": 9.97}, "CAMEX4_EDOP_Forward_L1B_RevA_200109102048_200109102107.nc": {"start": "2001-09-10T20:48:49Z", "end": "2001-09-10T21:07:47Z", "north": "32.623", "south": "31.593", "east": "-75.697", "west": "-77.959", "format": "netCDF-4", "sizeMB": 32.39}, "CAMEX4_EDOP_Forward_L1B_RevA_200109261805_200109261848.nc": {"start": "2001-09-26T18:05:08Z", "end": "2001-09-26T18:48:04Z", "north": "34.935", "south": "34.653", "east": "-109.017", "west": "-114.941", "format": "netCDF-4", "sizeMB": 74.72}, "CAMEX4_EDOP_Forward_L1B_RevA_200109232136_200109232211.nc": {"start": "2001-09-23T21:36:38Z", "end": "2001-09-23T22:11:27Z", "north": "34.194", "south": "32.32", "east": "-66.745", "west": "-70.707", "format": "netCDF-4", "sizeMB": 67.39}, "CAMEX4_EDOP_Nadir_L1B_RevA_200109031546_200109031550.nc": {"start": "2001-09-03T15:46:53Z", "end": "2001-09-03T15:50:49Z", "north": "26.721", "south": "26.295", "east": "-81.231", "west": "-81.359", "format": "netCDF-4", "sizeMB": 4.9}, "CAMEX4_EDOP_Forward_L1B_RevA_200109101857_200109101901.nc": {"start": "2001-09-10T18:57:20Z", "end": "2001-09-10T19:01:12Z", "north": "35.451", "south": "35.079", "east": "-62.192", "west": "-62.455", "format": "netCDF-4", "sizeMB": 7.03}, "CAMEX4_EDOP_Forward_L1B_RevA_200109031656_200109031659.nc": {"start": "2001-09-03T16:56:19Z", "end": "2001-09-03T16:59:49Z", "north": "27.096", "south": "26.716", "east": "-84.738", "west": "-84.818", "format": "netCDF-4", "sizeMB": 6.0}, "CAMEX4_EDOP_Forward_L1B_RevA_200109091727_200109091733.nc": {"start": "2001-09-09T17:27:24Z", "end": "2001-09-09T17:33:12Z", "north": "25.807", "south": "25.373", "east": "-81.315", "west": "-81.814", "format": "netCDF-4", "sizeMB": 11.61}, "CAMEX4_EDOP_Nadir_L1B_RevA_200109241915_200109242002.nc": {"start": "2001-09-24T19:15:05Z", "end": "2001-09-24T20:02:19Z", "north": "31.525", "south": "30.404", "east": "-71.059", "west": "-76.895", "format": "netCDF-4", "sizeMB": 54.65}, "CAMEX4_EDOP_Forward_L1B_RevA_200109191642_200109191656.nc": {"start": "2001-09-19T16:42:52Z", "end": "2001-09-19T16:56:48Z", "north": "28.376", "south": "26.819", "east": "-81.292", "west": "-81.357", "format": "netCDF-4", "sizeMB": 22.87}, "CAMEX4_EDOP_Nadir_L1B_RevA_200108261907_200108261917.nc": {"start": "2001-08-26T19:07:12Z", "end": "2001-08-26T19:17:36Z", "north": "29.575", "south": "28.948", "east": "-79.172", "west": "-80.368", "format": "netCDF-4", "sizeMB": 14.87}, "CAMEX4_EDOP_Forward_L1B_RevA_200109071652_200109071703.nc": {"start": "2001-09-07T16:52:37Z", "end": "2001-09-07T17:03:19Z", "north": "27.138", "south": "26.373", "east": "-82.766", "west": "-83.907", "format": "netCDF-4", "sizeMB": 22.42}, "CAMEX4_EDOP_Nadir_L1B_RevA_200109071803_200109071810.nc": {"start": "2001-09-07T18:03:17Z", "end": "2001-09-07T18:10:12Z", "north": "26.322", "south": "25.555", "east": "-83.543", "west": "-83.663", "format": "netCDF-4", "sizeMB": 10.59}, "CAMEX4_EDOP_Forward_L1B_RevA_200109191917_200109191924.nc": {"start": "2001-09-19T19:17:39Z", "end": "2001-09-19T19:24:45Z", "north": "24.753", "south": "24.749", "east": "-80.756", "west": "-81.597", "format": "netCDF-4", "sizeMB": 13.46}, "CAMEX4_EDOP_Nadir_L1B_RevA_200109221929_200109221948.nc": {"start": "2001-09-22T19:29:45Z", "end": "2001-09-22T19:48:06Z", "north": "30.067", "south": "28.014", "east": "-66.666", "west": "-66.75", "format": "netCDF-4", "sizeMB": 29.81}, "CAMEX4_EDOP_Forward_L1B_RevA_200109091812_200109091817.nc": {"start": "2001-09-09T18:12:28Z", "end": "2001-09-09T18:17:15Z", "north": "24.684", "south": "24.684", "east": "-81.153", "west": "-81.804", "format": "netCDF-4", "sizeMB": 8.65}, "CAMEX4_EDOP_Nadir_L1B_RevA_200109071942_200109072002.nc": {"start": "2001-09-07T19:42:24Z", "end": "2001-09-07T20:02:21Z", "north": "29.143", "south": "27.058", "east": "-82.136", "west": "-82.99", "format": "netCDF-4", "sizeMB": 24.22}, "CAMEX4_EDOP_Forward_L1B_RevA_200109261900_200109261904.nc": {"start": "2001-09-26T19:00:46Z", "end": "2001-09-26T19:04:08Z", "north": "34.99", "south": "34.959", "east": "-116.534", "west": "-116.874", "format": "netCDF-4", "sizeMB": 5.62}, "CAMEX4_EDOP_Nadir_L1B_RevA_200109071924_200109071930.nc": {"start": "2001-09-07T19:24:01Z", "end": "2001-09-07T19:30:16Z", "north": "26.871", "south": "26.272", "east": "-83.34", "west": "-83.778", "format": "netCDF-4", "sizeMB": 8.12}, "CAMEX4_EDOP_Nadir_L1B_RevA_200109241903_200109241913.nc": {"start": "2001-09-24T19:03:09Z", "end": "2001-09-24T19:13:54Z", "north": "30.381", "south": "30.347", "east": "-77.041", "west": "-78.394", "format": "netCDF-4", "sizeMB": 14.32}, "CAMEX4_EDOP_Forward_L1B_RevA_200109101906_200109101950.nc": {"start": "2001-09-10T19:06:49Z", "end": "2001-09-10T19:50:32Z", "north": "35.885", "south": "35.727", "east": "-62.237", "west": "-68.509", "format": "netCDF-4", "sizeMB": 85.07}, "CAMEX4_EDOP_Forward_L1B_RevA_200109101502_200109101520.nc": {"start": "2001-09-10T15:02:38Z", "end": "2001-09-10T15:20:04Z", "north": "31.346", "south": "30.785", "east": "-77.039", "west": "-79.1", "format": "netCDF-4", "sizeMB": 29.04}, "CAMEX4_EDOP_Nadir_L1B_RevA_200109261741_200109261804.nc": {"start": "2001-09-26T17:41:47Z", "end": "2001-09-26T18:04:16Z", "north": "34.644", "south": "34.375", "east": "-105.763", "west": "-108.897", "format": "netCDF-4", "sizeMB": 26.56}, "CAMEX4_EDOP_Forward_L1B_RevA_200109261703_200109261740.nc": {"start": "2001-09-26T17:03:16Z", "end": "2001-09-26T17:40:50Z", "north": "34.358", "south": "33.35", "east": "-100.618", "west": "-105.632", "format": "netCDF-4", "sizeMB": 64.92}, "CAMEX4_EDOP_Forward_L1B_RevA_200109071629_200109071639.nc": {"start": "2001-09-07T16:29:44Z", "end": "2001-09-07T16:39:14Z", "north": "28.192", "south": "27.184", "east": "-82.248", "west": "-82.634", "format": "netCDF-4", "sizeMB": 15.5}, "CAMEX4_EDOP_Forward_L1B_RevA_200108202252_200108202311.nc": {"start": "2001-08-20T22:52:14Z", "end": "2001-08-20T23:11:17Z", "north": "20.126", "south": "18.559", "east": "-85.368", "west": "-86.726", "format": "netCDF-4", "sizeMB": 41.45}, "CAMEX4_EDOP_Nadir_L1B_RevA_200109191808_200109191816.nc": {"start": "2001-09-19T18:08:23Z", "end": "2001-09-19T18:16:11Z", "north": "24.701", "south": "24.699", "east": "-80.76", "west": "-81.683", "format": "netCDF-4", "sizeMB": 12.33}, "CAMEX4_EDOP_Nadir_L1B_RevA_200109261658_200109261703.nc": {"start": "2001-09-26T16:58:48Z", "end": "2001-09-26T17:03:15Z", "north": "33.349", "south": "33.218", "east": "-100.044", "west": "-100.615", "format": "netCDF-4", "sizeMB": 4.89}, "CAMEX4_EDOP_Nadir_L1B_RevA_200108261917_200108261919.nc": {"start": "2001-08-26T19:17:38Z", "end": "2001-08-26T19:19:17Z", "north": "29.667", "south": "29.577", "east": "-80.371", "west": "-80.546", "format": "netCDF-4", "sizeMB": 1.99}, "CAMEX4_EDOP_Forward_L1B_RevA_200109191843_200109191849.nc": {"start": "2001-09-19T18:43:46Z", "end": "2001-09-19T18:49:16Z", "north": "24.665", "south": "24.658", "east": "-80.594", "west": "-81.247", "format": "netCDF-4", "sizeMB": 9.21}, "CAMEX4_EDOP_Forward_L1B_RevA_200109101951_200109102048.nc": {"start": "2001-09-10T19:51:52Z", "end": "2001-09-10T20:48:08Z", "north": "35.673", "south": "32.661", "east": "-68.687", "west": "-75.617", "format": "netCDF-4", "sizeMB": 96.97}, "CAMEX4_EDOP_Forward_L1B_RevA_200109261520_200109261559.nc": {"start": "2001-09-26T15:20:47Z", "end": "2001-09-26T15:59:26Z", "north": "31.442", "south": "30.878", "east": "-87.133", "west": "-92.278", "format": "netCDF-4", "sizeMB": 68.17}, "CAMEX4_EDOP_Forward_L1B_RevA_200109071731_200109071742.nc": {"start": "2001-09-07T17:31:50Z", "end": "2001-09-07T17:42:43Z", "north": "26.722", "south": "25.523", "east": "-83.485", "west": "-83.67", "format": "netCDF-4", "sizeMB": 20.68}, "CAMEX4_EDOP_Forward_L1B_RevA_200109232107_200109232110.nc": {"start": "2001-09-23T21:07:20Z", "end": "2001-09-23T21:10:26Z", "north": "36.092", "south": "35.901", "east": "-67.575", "west": "-67.945", "format": "netCDF-4", "sizeMB": 5.11}, "CAMEX4_EDOP_Nadir_L1B_RevA_200109091705_200109091710.nc": {"start": "2001-09-09T17:05:04Z", "end": "2001-09-09T17:10:30Z", "north": "24.953", "south": "24.915", "east": "-81.059", "west": "-81.687", "format": "netCDF-4", "sizeMB": 7.4}, "CAMEX4_EDOP_Nadir_L1B_RevA_200109242101_200109242104.nc": {"start": "2001-09-24T21:01:40Z", "end": "2001-09-24T21:04:03Z", "north": "33.681", "south": "33.413", "east": "-64.748", "west": "-64.749", "format": "netCDF-4", "sizeMB": 2.53}, "CAMEX4_EDOP_Nadir_L1B_RevA_200108261740_200108261743.nc": {"start": "2001-08-26T17:40:51Z", "end": "2001-08-26T17:43:45Z", "north": "27.948", "south": "27.855", "east": "-80.216", "west": "-80.583", "format": "netCDF-4", "sizeMB": 3.77}, "CAMEX4_EDOP_Forward_L1B_RevA_200108202148_200108202204.nc": {"start": "2001-08-20T21:48:00Z", "end": "2001-08-20T22:04:03Z", "north": "18.384", "south": "17.171", "east": "-86.813", "west": "-88.058", "format": "netCDF-4", "sizeMB": 30.63}, "CAMEX4_EDOP_Nadir_L1B_RevA_200108261829_200108261832.nc": {"start": "2001-08-26T18:29:26Z", "end": "2001-08-26T18:32:17Z", "north": "28.865", "south": "28.839", "east": "-78.895", "west": "-79.273", "format": "netCDF-4", "sizeMB": 3.86}, "CAMEX4_EDOP_Nadir_L1B_RevA_200109222018_200109222103.nc": {"start": "2001-09-22T20:18:35Z", "end": "2001-09-22T21:03:05Z", "north": "29.807", "south": "28.834", "east": "-66.862", "west": "-72.759", "format": "netCDF-4", "sizeMB": 54.38}, "CAMEX4_EDOP_Forward_L1B_RevA_200108151646_200108151714.nc": {"start": "2001-08-15T16:46:25Z", "end": "2001-08-15T17:14:38Z", "north": "33.414", "south": "32.517", "east": "-108.313", "west": "-111.889", "format": "netCDF-4", "sizeMB": 34.12}, "CAMEX4_EDOP_Forward_L1B_RevA_200109222018_200109222103.nc": {"start": "2001-09-22T20:18:35Z", "end": "2001-09-22T21:03:05Z", "north": "29.807", "south": "28.834", "east": "-66.862", "west": "-72.759", "format": "netCDF-4", "sizeMB": 80.78}, "CAMEX4_EDOP_Nadir_L1B_RevA_200108151646_200108151714.nc": {"start": "2001-08-15T16:46:25Z", "end": "2001-08-15T17:14:38Z", "north": "33.414", "south": "32.517", "east": "-108.313", "west": "-111.889", "format": "netCDF-4", "sizeMB": 44.54}, "CAMEX4_EDOP_Forward_L1B_RevA_200109242101_200109242104.nc": {"start": "2001-09-24T21:01:40Z", "end": "2001-09-24T21:04:03Z", "north": "33.681", "south": "33.413", "east": "-64.748", "west": "-64.749", "format": "netCDF-4", "sizeMB": 3.8}, "CAMEX4_EDOP_Forward_L1B_RevA_200109091705_200109091710.nc": {"start": "2001-09-09T17:05:04Z", "end": "2001-09-09T17:10:30Z", "north": "24.953", "south": "24.915", "east": "-81.059", "west": "-81.687", "format": "netCDF-4", "sizeMB": 10.31}, "CAMEX4_EDOP_Nadir_L1B_RevA_200108202148_200108202204.nc": {"start": "2001-08-20T21:48:00Z", "end": "2001-08-20T22:04:03Z", "north": "18.384", "south": "17.171", "east": "-86.813", "west": "-88.058", "format": "netCDF-4", "sizeMB": 21.14}, "CAMEX4_EDOP_Forward_L1B_RevA_200108261829_200108261832.nc": {"start": "2001-08-26T18:29:26Z", "end": "2001-08-26T18:32:17Z", "north": "28.865", "south": "28.839", "east": "-78.895", "west": "-79.273", "format": "netCDF-4", "sizeMB": 5.24}, "CAMEX4_EDOP_Forward_L1B_RevA_200108261740_200108261743.nc": {"start": "2001-08-26T17:40:51Z", "end": "2001-08-26T17:43:45Z", "north": "27.948", "south": "27.855", "east": "-80.216", "west": "-80.583", "format": "netCDF-4", "sizeMB": 4.41}, "CAMEX4_EDOP_Nadir_L1B_RevA_200109101951_200109102048.nc": {"start": "2001-09-10T19:51:52Z", "end": "2001-09-10T20:48:08Z", "north": "35.673", "south": "32.661", "east": "-68.687", "west": "-75.617", "format": "netCDF-4", "sizeMB": 64.22}, "CAMEX4_EDOP_Nadir_L1B_RevA_200109191843_200109191849.nc": {"start": "2001-09-19T18:43:46Z", "end": "2001-09-19T18:49:16Z", "north": "24.665", "south": "24.658", "east": "-80.594", "west": "-81.247", "format": "netCDF-4", "sizeMB": 8.57}, "CAMEX4_EDOP_Forward_L1B_RevA_200108261917_200108261919.nc": {"start": "2001-08-26T19:17:38Z", "end": "2001-08-26T19:19:17Z", "north": "29.667", "south": "29.577", "east": "-80.371", "west": "-80.546", "format": "netCDF-4", "sizeMB": 2.28}, "CAMEX4_EDOP_Nadir_L1B_RevA_200109232107_200109232110.nc": {"start": "2001-09-23T21:07:20Z", "end": "2001-09-23T21:10:26Z", "north": "36.092", "south": "35.901", "east": "-67.575", "west": "-67.945", "format": "netCDF-4", "sizeMB": 3.37}, "CAMEX4_EDOP_Nadir_L1B_RevA_200109261520_200109261559.nc": {"start": "2001-09-26T15:20:47Z", "end": "2001-09-26T15:59:26Z", "north": "31.442", "south": "30.878", "east": "-87.133", "west": "-92.278", "format": "netCDF-4", "sizeMB": 46.72}, "CAMEX4_EDOP_Nadir_L1B_RevA_200109071731_200109071742.nc": {"start": "2001-09-07T17:31:50Z", "end": "2001-09-07T17:42:43Z", "north": "26.722", "south": "25.523", "east": "-83.485", "west": "-83.67", "format": "netCDF-4", "sizeMB": 16.64}, "CAMEX4_EDOP_Nadir_L1B_RevA_200109071629_200109071639.nc": {"start": "2001-09-07T16:29:44Z", "end": "2001-09-07T16:39:14Z", "north": "28.192", "south": "27.184", "east": "-82.248", "west": "-82.634", "format": "netCDF-4", "sizeMB": 9.05}, "CAMEX4_EDOP_Forward_L1B_RevA_200109261741_200109261804.nc": {"start": "2001-09-26T17:41:47Z", "end": "2001-09-26T18:04:16Z", "north": "34.644", "south": "34.375", "east": "-105.763", "west": "-108.897", "format": "netCDF-4", "sizeMB": 39.17}, "CAMEX4_EDOP_Nadir_L1B_RevA_200109261703_200109261740.nc": {"start": "2001-09-26T17:03:16Z", "end": "2001-09-26T17:40:50Z", "north": "34.358", "south": "33.35", "east": "-100.618", "west": "-105.632", "format": "netCDF-4", "sizeMB": 44.1}, "CAMEX4_EDOP_Forward_L1B_RevA_200109261658_200109261703.nc": {"start": "2001-09-26T16:58:48Z", "end": "2001-09-26T17:03:15Z", "north": "33.349", "south": "33.218", "east": "-100.044", "west": "-100.615", "format": "netCDF-4", "sizeMB": 7.12}, "CAMEX4_EDOP_Nadir_L1B_RevA_200108202252_200108202311.nc": {"start": "2001-08-20T22:52:14Z", "end": "2001-08-20T23:11:17Z", "north": "20.126", "south": "18.559", "east": "-85.368", "west": "-86.726", "format": "netCDF-4", "sizeMB": 34.78}, "CAMEX4_EDOP_Forward_L1B_RevA_200109191808_200109191816.nc": {"start": "2001-09-19T18:08:23Z", "end": "2001-09-19T18:16:11Z", "north": "24.701", "south": "24.699", "east": "-80.76", "west": "-81.683", "format": "netCDF-4", "sizeMB": 15.1}, "CAMEX4_EDOP_Forward_L1B_RevA_200109071942_200109072002.nc": {"start": "2001-09-07T19:42:24Z", "end": "2001-09-07T20:02:21Z", "north": "29.143", "south": "27.058", "east": "-82.136", "west": "-82.99", "format": "netCDF-4", "sizeMB": 33.99}, "CAMEX4_EDOP_Nadir_L1B_RevA_200109091812_200109091817.nc": {"start": "2001-09-09T18:12:28Z", "end": "2001-09-09T18:17:15Z", "north": "24.684", "south": "24.684", "east": "-81.153", "west": "-81.804", "format": "netCDF-4", "sizeMB": 5.97}, "CAMEX4_EDOP_Nadir_L1B_RevA_200109261900_200109261904.nc": {"start": "2001-09-26T19:00:46Z", "end": "2001-09-26T19:04:08Z", "north": "34.99", "south": "34.959", "east": "-116.534", "west": "-116.874", "format": "netCDF-4", "sizeMB": 4.07}, "CAMEX4_EDOP_Forward_L1B_RevA_200109221929_200109221948.nc": {"start": "2001-09-22T19:29:45Z", "end": "2001-09-22T19:48:06Z", "north": "30.067", "south": "28.014", "east": "-66.666", "west": "-66.75", "format": "netCDF-4", "sizeMB": 38.1}, "CAMEX4_EDOP_Forward_L1B_RevA_200109241903_200109241913.nc": {"start": "2001-09-24T19:03:09Z", "end": "2001-09-24T19:13:54Z", "north": "30.381", "south": "30.347", "east": "-77.041", "west": "-78.394", "format": "netCDF-4", "sizeMB": 18.61}, "CAMEX4_EDOP_Forward_L1B_RevA_200109071924_200109071930.nc": {"start": "2001-09-07T19:24:01Z", "end": "2001-09-07T19:30:16Z", "north": "26.871", "south": "26.272", "east": "-83.34", "west": "-83.778", "format": "netCDF-4", "sizeMB": 11.91}, "CAMEX4_EDOP_Nadir_L1B_RevA_200109101906_200109101950.nc": {"start": "2001-09-10T19:06:49Z", "end": "2001-09-10T19:50:32Z", "north": "35.885", "south": "35.727", "east": "-62.237", "west": "-68.509", "format": "netCDF-4", "sizeMB": 66.23}, "CAMEX4_EDOP_Nadir_L1B_RevA_200109101502_200109101520.nc": {"start": "2001-09-10T15:02:38Z", "end": "2001-09-10T15:20:04Z", "north": "31.346", "south": "30.785", "east": "-77.039", "west": "-79.1", "format": "netCDF-4", "sizeMB": 21.04}, "CAMEX4_EDOP_Nadir_L1B_RevA_200109071652_200109071703.nc": {"start": "2001-09-07T16:52:37Z", "end": "2001-09-07T17:03:19Z", "north": "27.138", "south": "26.373", "east": "-82.766", "west": "-83.907", "format": "netCDF-4", "sizeMB": 17.08}, "CAMEX4_EDOP_Forward_L1B_RevA_200108261907_200108261917.nc": {"start": "2001-08-26T19:07:12Z", "end": "2001-08-26T19:17:36Z", "north": "29.575", "south": "28.948", "east": "-79.172", "west": "-80.368", "format": "netCDF-4", "sizeMB": 17.31}, "CAMEX4_EDOP_Forward_L1B_RevA_200109071803_200109071810.nc": {"start": "2001-09-07T18:03:17Z", "end": "2001-09-07T18:10:12Z", "north": "26.322", "south": "25.555", "east": "-83.543", "west": "-83.663", "format": "netCDF-4", "sizeMB": 13.73}, "CAMEX4_EDOP_Nadir_L1B_RevA_200109191917_200109191924.nc": {"start": "2001-09-19T19:17:39Z", "end": "2001-09-19T19:24:45Z", "north": "24.753", "south": "24.749", "east": "-80.756", "west": "-81.597", "format": "netCDF-4", "sizeMB": 10.4}, "CAMEX4_EDOP_Forward_L1B_RevA_200109241915_200109242002.nc": {"start": "2001-09-24T19:15:05Z", "end": "2001-09-24T20:02:19Z", "north": "31.525", "south": "30.404", "east": "-71.059", "west": "-76.895", "format": "netCDF-4", "sizeMB": 80.18}, "CAMEX4_EDOP_Nadir_L1B_RevA_200109191642_200109191656.nc": {"start": "2001-09-19T16:42:52Z", "end": "2001-09-19T16:56:48Z", "north": "28.376", "south": "26.819", "east": "-81.292", "west": "-81.357", "format": "netCDF-4", "sizeMB": 15.66}, "CAMEX4_EDOP_Nadir_L1B_RevA_200109091727_200109091733.nc": {"start": "2001-09-09T17:27:24Z", "end": "2001-09-09T17:33:12Z", "north": "25.807", "south": "25.373", "east": "-81.315", "west": "-81.814", "format": "netCDF-4", "sizeMB": 9.92}, "CAMEX4_EDOP_Nadir_L1B_RevA_200109031656_200109031659.nc": {"start": "2001-09-03T16:56:19Z", "end": "2001-09-03T16:59:49Z", "north": "27.096", "south": "26.716", "east": "-84.738", "west": "-84.818", "format": "netCDF-4", "sizeMB": 6.01}, "CAMEX4_EDOP_Nadir_L1B_RevA_200109102048_200109102107.nc": {"start": "2001-09-10T20:48:49Z", "end": "2001-09-10T21:07:47Z", "north": "32.623", "south": "31.593", "east": "-75.697", "west": "-77.959", "format": "netCDF-4", "sizeMB": 21.27}, "CAMEX4_EDOP_Nadir_L1B_RevA_200109261805_200109261848.nc": {"start": "2001-09-26T18:05:08Z", "end": "2001-09-26T18:48:04Z", "north": "34.935", "south": "34.653", "east": "-109.017", "west": "-114.941", "format": "netCDF-4", "sizeMB": 51.23}, "CAMEX4_EDOP_Nadir_L1B_RevA_200109101857_200109101901.nc": {"start": "2001-09-10T18:57:20Z", "end": "2001-09-10T19:01:12Z", "north": "35.451", "south": "35.079", "east": "-62.192", "west": "-62.455", "format": "netCDF-4", "sizeMB": 4.73}, "CAMEX4_EDOP_Forward_L1B_RevA_200109031546_200109031550.nc": {"start": "2001-09-03T15:46:53Z", "end": "2001-09-03T15:50:49Z", "north": "26.721", "south": "26.295", "east": "-81.231", "west": "-81.359", "format": "netCDF-4", "sizeMB": 5.96}, "CAMEX4_EDOP_Nadir_L1B_RevA_200109232136_200109232211.nc": {"start": "2001-09-23T21:36:38Z", "end": "2001-09-23T22:11:27Z", "north": "34.194", "south": "32.32", "east": "-66.745", "west": "-70.707", "format": "netCDF-4", "sizeMB": 49.74}, "CAMEX4_EDOP_Nadir_L1B_RevA_200108202101_200108202107.nc": {"start": "2001-08-20T21:01:20Z", "end": "2001-08-20T21:07:32Z", "north": "18.362", "south": "18.356", "east": "-85.02", "west": "-85.82", "format": "netCDF-4", "sizeMB": 11.69}, "CAMEX4_EDOP_Forward_L1B_RevA_200109091821_200109091828.nc": {"start": "2001-09-09T18:21:53Z", "end": "2001-09-09T18:28:08Z", "north": "25.201", "south": "24.888", "east": "-82.389", "west": "-83.15", "format": "netCDF-4", "sizeMB": 12.55}, "CAMEX4_EDOP_Nadir_L1B_RevA_200109031537_200109031545.nc": {"start": "2001-09-03T15:37:19Z", "end": "2001-09-03T15:45:34Z", "north": "27.801", "south": "26.865", "east": "-81.359", "west": "-81.39", "format": "netCDF-4", "sizeMB": 9.93}, "CAMEX4_EDOP_Forward_L1B_RevA_200109242243_200109242306.nc": {"start": "2001-09-24T22:43:09Z", "end": "2001-09-24T23:06:35Z", "north": "37.212", "south": "35.583", "east": "-66.743", "west": "-69.464", "format": "netCDF-4", "sizeMB": 41.05}, "CAMEX4_EDOP_Nadir_L1B_RevA_200109091630_200109091640.nc": {"start": "2001-09-09T16:30:12Z", "end": "2001-09-09T16:40:37Z", "north": "27.543", "south": "26.56", "east": "-81.796", "west": "-82.442", "format": "netCDF-4", "sizeMB": 12.99}, "CAMEX4_EDOP_Nadir_L1B_RevA_200109101839_200109101856.nc": {"start": "2001-09-10T18:39:46Z", "end": "2001-09-10T18:56:35Z", "north": "35.007", "south": "33.423", "east": "-62.507", "west": "-63.615", "format": "netCDF-4", "sizeMB": 20.65}, "CAMEX4_EDOP_Nadir_L1B_RevA_200108202228_200108202239.nc": {"start": "2001-08-20T22:28:46Z", "end": "2001-08-20T22:39:00Z", "north": "20.089", "south": "19.01", "east": "-85.517", "west": "-86.078", "format": "netCDF-4", "sizeMB": 17.86}, "CAMEX4_EDOP_Nadir_L1B_RevA_200108210008_200108210036.nc": {"start": "2001-08-21T00:08:34Z", "end": "2001-08-21T00:36:59Z", "north": "28.483", "south": "26.298", "east": "-83.183", "west": "-85.765", "format": "netCDF-4", "sizeMB": 36.11}, "CAMEX4_EDOP_Forward_L1B_RevA_200109261858_200109261859.nc": {"start": "2001-09-26T18:58:14Z", "end": "2001-09-26T18:59:48Z", "north": "34.954", "south": "34.951", "east": "-116.244", "west": "-116.423", "format": "netCDF-4", "sizeMB": 2.67}, "CAMEX4_EDOP_Forward_L1B_RevA_200108202241_200108202247.nc": {"start": "2001-08-20T22:41:47Z", "end": "2001-08-20T22:47:16Z", "north": "18.832", "south": "18.508", "east": "-86.374", "west": "-86.989", "format": "netCDF-4", "sizeMB": 12.26}, "CAMEX4_EDOP_Forward_L1B_RevA_200109231954_200109232009.nc": {"start": "2001-09-23T19:54:35Z", "end": "2001-09-23T20:09:10Z", "north": "29.805", "south": "28.184", "east": "-67.331", "west": "-67.333", "format": "netCDF-4", "sizeMB": 25.45}, "CAMEX4_EDOP_Forward_L1B_RevA_200108261802_200108261817.nc": {"start": "2001-08-26T18:02:29Z", "end": "2001-08-26T18:17:03Z", "north": "28.922", "south": "28.803", "east": "-77.957", "west": "-79.756", "format": "netCDF-4", "sizeMB": 22.64}, "CAMEX4_EDOP_Forward_L1B_RevA_200108151639_200108151645.nc": {"start": "2001-08-15T16:39:58Z", "end": "2001-08-15T16:45:26Z", "north": "33.666", "south": "33.447", "east": "-112.012", "west": "-112.69", "format": "netCDF-4", "sizeMB": 6.68}, "CAMEX4_EDOP_Nadir_L1B_RevA_200109091818_200109091820.nc": {"start": "2001-09-09T18:18:05Z", "end": "2001-09-09T18:20:56Z", "north": "24.842", "south": "24.709", "east": "-81.914", "west": "-82.271", "format": "netCDF-4", "sizeMB": 3.41}, "CAMEX4_EDOP_Forward_L1B_RevA_200109240014_200109240059.nc": {"start": "2001-09-24T00:14:16Z", "end": "2001-09-24T00:59:33Z", "north": "30.987", "south": "30.389", "east": "-70.992", "west": "-76.959", "format": "netCDF-4", "sizeMB": 79.07}, "CAMEX4_EDOP_Nadir_L1B_RevA_200109261600_200109261601.nc": {"start": "2001-09-26T16:00:19Z", "end": "2001-09-26T16:01:58Z", "north": "31.519", "south": "31.464", "east": "-92.394", "west": "-92.613", "format": "netCDF-4", "sizeMB": 1.87}, "CAMEX4_EDOP_Forward_L1B_RevA_200109240011_200109240014.nc": {"start": "2001-09-24T00:11:24Z", "end": "2001-09-24T00:14:14Z", "north": "31.014", "south": "30.987", "east": "-70.607", "west": "-70.988", "format": "netCDF-4", "sizeMB": 4.76}, "CAMEX4_EDOP_Forward_L1B_RevA_200109261600_200109261657.nc": {"start": "2001-09-26T16:00:19Z", "end": "2001-09-26T16:57:31Z", "north": "33.176", "south": "31.464", "east": "-92.394", "west": "-99.877", "format": "netCDF-4", "sizeMB": 101.19}, "CAMEX4_EDOP_Nadir_L1B_RevA_200109222010_200109222015.nc": {"start": "2001-09-22T20:10:40Z", "end": "2001-09-22T20:15:41Z", "north": "29.2", "south": "28.914", "east": "-65.919", "west": "-66.503", "format": "netCDF-4", "sizeMB": 8.31}, "CAMEX4_EDOP_Nadir_L1B_RevA_200109071830_200109071836.nc": {"start": "2001-09-07T18:30:39Z", "end": "2001-09-07T18:36:30Z", "north": "26.387", "south": "25.742", "east": "-83.528", "west": "-83.634", "format": "netCDF-4", "sizeMB": 9.99}, "CAMEX4_EDOP_Nadir_L1B_RevA_200109231829_200109231900.nc": {"start": "2001-09-23T18:29:13Z", "end": "2001-09-23T19:00:51Z", "north": "30.37", "south": "29.617", "east": "-73.057", "west": "-76.925", "format": "netCDF-4", "sizeMB": 35.54}, "CAMEX4_EDOP_Nadir_L1B_RevA_200109091641_200109091656.nc": {"start": "2001-09-09T16:41:33Z", "end": "2001-09-09T16:56:26Z", "north": "26.464", "south": "24.849", "east": "-81.25", "west": "-81.755", "format": "netCDF-4", "sizeMB": 22.55}, "CAMEX4_EDOP_Forward_L1B_RevA_200109191929_200109191932.nc": {"start": "2001-09-19T19:29:10Z", "end": "2001-09-19T19:32:46Z", "north": "24.886", "south": "24.489", "east": "-80.829", "west": "-80.834", "format": "netCDF-4", "sizeMB": 7.27}, "CAMEX4_EDOP_Forward_L1B_RevA_200109221841_200109221855.nc": {"start": "2001-09-22T18:41:13Z", "end": "2001-09-22T18:55:19Z", "north": "28.736", "south": "28.732", "east": "-67.472", "west": "-69.206", "format": "netCDF-4", "sizeMB": 25.84}, "CAMEX4_EDOP_Nadir_L1B_RevA_200109191713_200109191715.nc": {"start": "2001-09-19T17:13:52Z", "end": "2001-09-19T17:15:49Z", "north": "24.961", "south": "24.86", "east": "-80.67", "west": "-80.871", "format": "netCDF-4", "sizeMB": 2.72}, "CAMEX4_EDOP_Forward_L1B_RevA_200109242057_200109242058.nc": {"start": "2001-09-24T20:57:22Z", "end": "2001-09-24T20:58:55Z", "north": "33.111", "south": "32.96", "east": "-64.63", "west": "-64.733", "format": "netCDF-4", "sizeMB": 2.88}, "CAMEX4_EDOP_Forward_L1B_RevA_200109031713_200109031748.nc": {"start": "2001-09-03T17:13:57Z", "end": "2001-09-03T17:48:54Z", "north": "27.142", "south": "24.56", "east": "-81.414", "west": "-84.484", "format": "netCDF-4", "sizeMB": 49.24}, "CAMEX4_EDOP_Nadir_L1B_RevA_200108202204_200108202224.nc": {"start": "2001-08-20T22:04:41Z", "end": "2001-08-20T22:24:39Z", "north": "19.983", "south": "18.433", "east": "-85.265", "west": "-86.765", "format": "netCDF-4", "sizeMB": 36.44}, "CAMEX4_EDOP_Forward_L1B_RevA_200108202343_200108210005.nc": {"start": "2001-08-20T23:43:33Z", "end": "2001-08-21T00:05:23Z", "north": "26.012", "south": "23.656", "east": "-85.997", "west": "-86.941", "format": "netCDF-4", "sizeMB": 39.72}, "CAMEX4_EDOP_Nadir_L1B_RevA_200109191848_200109191852.nc": {"start": "2001-09-19T18:48:26Z", "end": "2001-09-19T18:52:54Z", "north": "24.924", "south": "24.658", "east": "-80.339", "west": "-80.694", "format": "netCDF-4", "sizeMB": 5.18}, "CAMEX4_EDOP_Forward_L1B_RevA_200109071842_200109071855.nc": {"start": "2001-09-07T18:42:04Z", "end": "2001-09-07T18:55:01Z", "north": "26.937", "south": "25.572", "east": "-83.065", "west": "-83.661", "format": "netCDF-4", "sizeMB": 26.56}, "CAMEX4_EDOP_Forward_L1B_RevA_200109091833_200109091842.nc": {"start": "2001-09-09T18:33:12Z", "end": "2001-09-09T18:42:44Z", "north": "25.333", "south": "25.331", "east": "-81.733", "west": "-82.827", "format": "netCDF-4", "sizeMB": 20.01}, "CAMEX4_EDOP_Nadir_L1B_RevA_200109031814_200109031823.nc": {"start": "2001-09-03T18:14:29Z", "end": "2001-09-03T18:23:57Z", "north": "28.231", "south": "27.152", "east": "-80.575", "west": "-80.736", "format": "netCDF-4", "sizeMB": 12.8}, "CAMEX4_EDOP_Nadir_L1B_RevA_200109242003_200109242036.nc": {"start": "2001-09-24T20:03:23Z", "end": "2001-09-24T20:36:17Z", "north": "32.764", "south": "31.56", "east": "-66.952", "west": "-70.93", "format": "netCDF-4", "sizeMB": 37.5}, "CAMEX4_EDOP_Forward_L1B_RevA_200109242226_200109242231.nc": {"start": "2001-09-24T22:26:28Z", "end": "2001-09-24T22:31:41Z", "north": "38.014", "south": "37.884", "east": "-67.799", "west": "-68.512", "format": "netCDF-4", "sizeMB": 9.52}, "CAMEX4_EDOP_Nadir_L1B_RevA_200109071931_200109071934.nc": {"start": "2001-09-07T19:31:55Z", "end": "2001-09-07T19:34:44Z", "north": "26.335", "south": "26.124", "east": "-83.493", "west": "-83.725", "format": "netCDF-4", "sizeMB": 4.77}, "CAMEX4_EDOP_Forward_L1B_RevA_200109232110_200109232134.nc": {"start": "2001-09-23T21:10:27Z", "end": "2001-09-23T21:34:19Z", "north": "35.9", "south": "34.385", "east": "-67.948", "west": "-70.762", "format": "netCDF-4", "sizeMB": 41.02}, "CAMEX4_EDOP_Nadir_L1B_RevA_200109250007_200109250009.nc": {"start": "2001-09-25T00:07:53Z", "end": "2001-09-25T00:09:06Z", "north": "31.071", "south": "30.984", "east": "-76.086", "west": "-76.214", "format": "netCDF-4", "sizeMB": 1.61}, "CAMEX4_EDOP_Forward_L1B_RevA_200109231901_200109231907.nc": {"start": "2001-09-23T19:01:11Z", "end": "2001-09-23T19:07:39Z", "north": "29.61", "south": "29.465", "east": "-72.216", "west": "-73.016", "format": "netCDF-4", "sizeMB": 11.09}, "CAMEX4_EDOP_Forward_L1B_RevA_200109242306_200109242338.nc": {"start": "2001-09-24T23:06:36Z", "end": "2001-09-24T23:38:34Z", "north": "35.581", "south": "33.264", "east": "-69.466", "west": "-73.021", "format": "netCDF-4", "sizeMB": 56.33}, "CAMEX4_EDOP_Forward_L1B_RevA_200109191905_200109191909.nc": {"start": "2001-09-19T19:05:01Z", "end": "2001-09-19T19:09:15Z", "north": "25.018", "south": "24.756", "east": "-81.565", "west": "-82.03", "format": "netCDF-4", "sizeMB": 7.42}}