{"OTDYearlyTimeSeries.hdf": {"start": "1995-04-13T00:00:00Z", "end": "2000-03-23T23:59:59Z", "north": "90.0", "south": "-90.0", "east": "180.0", "west": "-180.0", "format": "HDF-4", "sizeMB": 679.14}, "COMB_TRMM_ISS_AnnualCycle.hdf": {"start": "1998-01-01T00:00:00Z", "end": "2023-11-16T23:59:59Z", "north": "90.0", "south": "-90.0", "east": "180.0", "west": "-180.0", "format": "HDF-4", "sizeMB": 1332.33}, "ISSYearlyDiurnalTimeSeries.hdf": {"start": "2017-03-01T00:00:00Z", "end": "2023-11-16T23:59:59Z", "north": "90.0", "south": "-90.0", "east": "180.0", "west": "-180.0", "format": "HDF-4", "sizeMB": 392.19}, "ISSMonthlyTimeSeries.hdf": {"start": "2017-03-01T00:00:00Z", "end": "2023-11-16T23:59:59Z", "north": "90.0", "south": "-90.0", "east": "180.0", "west": "-180.0", "format": "HDF-4", "sizeMB": 31.41}, "OTDSeasonalCycle.hdf": {"start": "1995-04-13T00:00:00Z", "end": "2000-03-23T23:59:59Z", "north": "90.0", "south": "-90.0", "east": "180.0", "west": "-180.0", "format": "HDF-4", "sizeMB": 1332.32}, "TRMMYearlyTimeSeries.hdf": {"start": "1998-01-01T00:00:00Z", "end": "2015-04-08T23:59:59Z", "north": "90.0", "south": "-90.0", "east": "180.0", "west": "-180.0", "format": "HDF-4", "sizeMB": 1985.51}, "TRMMAnnualCycle.hdf": {"start": "1998-01-01T00:00:00Z", "end": "2015-04-08T23:59:59Z", "north": "90.0", "south": "-90.0", "east": "180.0", "west": "-180.0", "format": "HDF-4", "sizeMB": 1332.33}, "TRMMAnnualMean.hdf": {"start": "1998-01-01T00:00:00Z", "end": "2015-04-08T23:59:59Z", "north": "90.0", "south": "-90.0", "east": "180.0", "west": "-180.0", "format": "HDF-4", "sizeMB": 134.82}, "ISSAnnualDiurnalCycle.hdf": {"start": "2017-03-01T00:00:00Z", "end": "2023-11-16T23:59:59Z", "north": "90.0", "south": "-90.0", "east": "180.0", "west": "-180.0", "format": "HDF-4", "sizeMB": 672.12}, "COMB_TRMM_ISS_DiurnalCycle.hdf": {"start": "1998-01-01T00:00:00Z", "end": "2023-11-16T23:59:59Z", "north": "90.0", "south": "-90.0", "east": "180.0", "west": "-180.0", "format": "HDF-4", "sizeMB": 2016.62}, "TRMMYearlyDiurnalTimeSeries.hdf": {"start": "1998-01-01T00:00:00Z", "end": "2015-04-08T23:59:59Z", "north": "90.0", "south": "-90.0", "east": "180.0", "west": "-180.0", "format": "HDF-4", "sizeMB": 1008.05}, "ISSAnnualMean.hdf": {"start": "2017-03-01T00:00:00Z", "end": "2023-11-16T23:59:59Z", "north": "90.0", "south": "-90.0", "east": "180.0", "west": "-180.0", "format": "HDF-4", "sizeMB": 134.82}, "OTDMonthlyTimeSeries.hdf": {"start": "1995-04-13T00:00:00Z", "end": "2000-03-23T23:59:59Z", "north": "90.0", "south": "-90.0", "east": "180.0", "west": "-180.0", "format": "HDF-4", "sizeMB": 26.93}, "ISSAnnualCycle.hdf": {"start": "2017-03-01T00:00:00Z", "end": "2023-11-16T23:59:59Z", "north": "90.0", "south": "-90.0", "east": "180.0", "west": "-180.0", "format": "HDF-4", "sizeMB": 1332.32}, "COMB_TRMM_ISS_AnnualMean.hdf": {"start": "1998-01-01T00:00:00Z", "end": "2023-11-16T23:59:59Z", "north": "90.0", "south": "-90.0", "east": "180.0", "west": "-180.0", "format": "HDF-4", "sizeMB": 134.83}, "COMB_OTD_TRMM_ISS_DiurnalCycle.hdf": {"start": "1995-04-13T00:00:00Z", "end": "2023-11-16T23:59:59Z", "north": "90.0", "south": "-90.0", "east": "180.0", "west": "-180.0", "format": "HDF-4", "sizeMB": 2016.62}, "OTDYearlyDiurnalTimeSeries.hdf": {"start": "1995-04-13T00:00:00Z", "end": "2000-03-23T23:59:59Z", "north": "90.0", "south": "-90.0", "east": "180.0", "west": "-180.0", "format": "HDF-4", "sizeMB": 336.2}, "OTDAnnualCycle.hdf": {"start": "1995-04-13T00:00:00Z", "end": "2000-03-23T23:59:59Z", "north": "90.0", "south": "-90.0", "east": "180.0", "west": "-180.0", "format": "HDF-4", "sizeMB": 1332.32}, "OTDAnnualMean.hdf": {"start": "1995-04-13T00:00:00Z", "end": "2000-03-23T23:59:59Z", "north": "90.0", "south": "-90.0", "east": "180.0", "west": "-180.0", "format": "HDF-4", "sizeMB": 134.82}, "COMB_OTD_TRMM_ISS_AnnualMean.hdf": {"start": "1995-04-13T00:00:00Z", "end": "2023-11-16T23:59:59Z", "north": "90.0", "south": "-90.0", "east": "180.0", "west": "-180.0", "format": "HDF-4", "sizeMB": 134.83}, "ISSSeasonalCycle.hdf": {"start": "2017-03-01T00:00:00Z", "end": "2023-11-16T23:59:59Z", "north": "90.0", "south": "-90.0", "east": "180.0", "west": "-180.0", "format": "HDF-4", "sizeMB": 1332.32}, "COMB_OTD_TRMM_ISS_AnnualDiurnalCycle.hdf": {"start": "1995-04-13T00:00:00Z", "end": "2023-11-16T23:59:59Z", "north": "90.0", "south": "-90.0", "east": "180.0", "west": "-180.0", "format": "HDF-4", "sizeMB": 672.13}, "TRMMSeasonalCycle.hdf": {"start": "1998-01-01T00:00:00Z", "end": "2015-04-08T23:59:59Z", "north": "90.0", "south": "-90.0", "east": "180.0", "west": "-180.0", "format": "HDF-4", "sizeMB": 1332.33}, "COMB_TRMM_ISS_AnnualDiurnalCycle.hdf": {"start": "1998-01-01T00:00:00Z", "end": "2023-11-16T23:59:59Z", "north": "90.0", "south": "-90.0", "east": "180.0", "west": "-180.0", "format": "HDF-4", "sizeMB": 672.13}, "ISSDiurnalCycle.hdf": {"start": "2017-03-01T00:00:00Z", "end": "2023-11-16T23:59:59Z", "north": "90.0", "south": "-90.0", "east": "180.0", "west": "-180.0", "format": "HDF-4", "sizeMB": 2016.61}, "TRMMDiurnalCycle.hdf": {"start": "1998-01-01T00:00:00Z", "end": "2015-04-08T23:59:59Z", "north": "90.0", "south": "-90.0", "east": "180.0", "west": "-180.0", "format": "HDF-4", "sizeMB": 2016.62}, "COMB_TRMM_ISS_SeasonalCycle.hdf": {"start": "1998-01-01T00:00:00Z", "end": "2023-11-16T23:59:59Z", "north": "90.0", "south": "-90.0", "east": "180.0", "west": "-180.0", "format": "HDF-4", "sizeMB": 1332.33}, "TRMMAnnualDiurnalCycle.hdf": {"start": "1998-01-01T00:00:00Z", "end": "2015-04-08T23:59:59Z", "north": "90.0", "south": "-90.0", "east": "180.0", "west": "-180.0", "format": "HDF-4", "sizeMB": 672.13}, "COMB_OTD_TRMM_ISS_SeasonalCycle.hdf": {"start": "1995-04-13T00:00:00Z", "end": "2023-11-16T23:59:59Z", "north": "90.0", "south": "-90.0", "east": "180.0", "west": "-180.0", "format": "HDF-4", "sizeMB": 1332.33}, "COMB_OTD_TRMM_ISS_AnnualCycle.hdf": {"start": "1995-04-13T00:00:00Z", "end": "2023-11-16T23:59:59Z", "north": "90.0", "south": "-90.0", "east": "180.0", "west": "-180.0", "format": "HDF-4", "sizeMB": 1332.33}, "OTDDiurnalCycle.hdf": {"start": "1995-04-13T00:00:00Z", "end": "2000-03-23T23:59:59Z", "north": "90.0", "south": "-90.0", "east": "180.0", "west": "-180.0", "format": "HDF-4", "sizeMB": 2016.61}, "TRMMMonthlyTimeSeries.hdf": {"start": "1998-01-01T00:00:00Z", "end": "2015-04-08T23:59:59Z", "north": "90.0", "south": "-90.0", "east": "180.0", "west": "-180.0", "format": "HDF-4", "sizeMB": 80.68}, "ISSYearlyTimeSeries.hdf": {"start": "2017-03-01T00:00:00Z", "end": "2023-11-16T23:59:59Z", "north": "90.0", "south": "-90.0", "east": "180.0", "west": "-180.0", "format": "HDF-4", "sizeMB": 788.0}, "OTDAnnualDiurnalCycle.hdf": {"start": "1995-04-13T00:00:00Z", "end": "2000-03-23T23:59:59Z", "north": "90.0", "south": "-90.0", "east": "180.0", "west": "-180.0", "format": "HDF-4", "sizeMB": 672.12}}