{"IMPACTS_LIP_ER2_01082022.txt": {"start": "2022-01-08T15:40:55Z", "end": "2022-01-08T21:20:38Z", "north": "40.71", "south": "34.61", "east": "-78.88", "west": "-118.18", "format": "ASCII", "sizeMB": 2.23}, "IMPACTS_LIP_ER2_01192022.txt": {"start": "2022-01-19T10:32:01Z", "end": "2022-01-19T18:05:04Z", "north": "47.67", "south": "35.16", "east": "-72.2", "west": "-79.02", "format": "ASCII", "sizeMB": 5.65}, "IMPACTS_LIP_ER2_01292022.txt": {"start": "2022-01-29T22:00:58Z", "end": "2022-01-30T03:57:55Z", "north": "43.87", "south": "35.16", "east": "-68.26", "west": "-79.02", "format": "ASCII", "sizeMB": 3.18}, "IMPACTS_LIP_ER2_01182020.txt": {"start": "2020-01-18T16:56:43Z", "end": "2020-01-18T21:18:04Z", "north": "41.2", "south": "32.0", "east": "-74.01", "west": "-81.16", "format": "ASCII", "sizeMB": 16.6}, "IMPACTS_LIP_ER2_01052023.txt": {"start": "2023-01-05T15:48:48Z", "end": "2023-01-05T20:27:56Z", "north": "36.27", "south": "33.9", "east": "-84.44", "west": "-118.19", "format": "ASCII", "sizeMB": 18.12}, "IMPACTS_LIP_ER2_02032022.txt": {"start": "2022-02-03T13:36:51Z", "end": "2022-02-03T17:15:03Z", "north": "42.31", "south": "35.16", "east": "-78.86", "west": "-84.94", "format": "ASCII", "sizeMB": 2.52}, "IMPACTS_LIP_ER2_01152020.txt": {"start": "2020-01-15T17:09:43Z", "end": "2020-01-15T22:50:25Z", "north": "35.32", "south": "32.0", "east": "-80.9", "west": "-118.28", "format": "ASCII", "sizeMB": 21.07}, "IMPACTS_LIP_ER2_02042022.txt": {"start": "2022-02-04T12:15:14Z", "end": "2022-02-04T20:39:24Z", "north": "46.27", "south": "35.17", "east": "-68.18", "west": "-79.05", "format": "ASCII", "sizeMB": 4.33}, "IMPACTS_LIP_ER2_01152023.txt": {"start": "2023-01-15T13:03:07Z", "end": "2023-01-15T20:35:00Z", "north": "40.2", "south": "33.87", "east": "-67.29", "west": "-84.54", "format": "ASCII", "sizeMB": 30.32}, "IMPACTS_LIP_ER2_01132023.txt": {"start": "2023-01-13T03:38:49Z", "end": "2023-01-13T11:32:41Z", "north": "47.53", "south": "33.86", "east": "-74.58", "west": "-84.54", "format": "ASCII", "sizeMB": 31.18}, "IMPACTS_LIP_ER2_01292023.txt": {"start": "2023-01-29T12:48:46Z", "end": "2023-01-29T19:16:10Z", "north": "46.22", "south": "33.91", "east": "-75.32", "west": "-84.73", "format": "ASCII", "sizeMB": 25.71}, "IMPACTS_LIP_ER2_01232023.txt": {"start": "2023-01-23T12:07:48Z", "end": "2023-01-23T19:51:32Z", "north": "45.27", "south": "33.87", "east": "-68.39", "west": "-84.54", "format": "ASCII", "sizeMB": 40.59}, "IMPACTS_LIP_ER2_01192023.txt": {"start": "2023-01-19T19:43:01Z", "end": "2023-01-20T03:58:27Z", "north": "46.88", "south": "33.87", "east": "-74.6", "west": "-84.54", "format": "ASCII", "sizeMB": 41.83}, "IMPACTS_LIP_ER2_02082022.txt": {"start": "2022-02-08T11:42:25Z", "end": "2022-02-08T19:28:54Z", "north": "47.7", "south": "35.16", "east": "-64.89", "west": "-79.02", "format": "ASCII", "sizeMB": 3.96}, "IMPACTS_LIP_ER2_01252023.txt": {"start": "2023-01-25T17:39:48Z", "end": "2023-01-26T02:09:37Z", "north": "44.55", "south": "33.86", "east": "-73.23", "west": "-84.54", "format": "ASCII", "sizeMB": 43.68}, "IMPACTS_LIP_ER2_02132022.txt": {"start": "2022-02-13T11:16:34Z", "end": "2022-02-13T16:34:35Z", "north": "42.73", "south": "35.15", "east": "-69.58", "west": "-79.05", "format": "ASCII", "sizeMB": 3.03}, "IMPACTS_LIP_ER2_01262020.txt": {"start": "2020-01-25T17:24:43Z", "end": "2020-01-26T01:38:28Z", "north": "44.76", "south": "31.93", "east": "-71.69", "west": "-81.17", "format": "ASCII", "sizeMB": 38.09}, "IMPACTS_LIP_ER2_02192022.txt": {"start": "2022-02-19T09:18:26Z", "end": "2022-02-19T17:41:09Z", "north": "46.72", "south": "35.17", "east": "-71.43", "west": "-79.05", "format": "ASCII", "sizeMB": 3.47}, "IMPACTS_LIP_ER2_02172022.txt": {"start": "2022-02-15T17:09:06Z", "end": "2022-02-18T00:37:14Z", "north": "43.06", "south": "35.16", "east": "-78.75", "west": "-87.89", "format": "ASCII", "sizeMB": 17.42}, "IMPACTS_LIP_ER2_02222022.txt": {"start": "2022-02-22T21:39:02Z", "end": "2022-02-23T00:29:04Z", "north": "35.91", "south": "31.07", "east": "-77.71", "west": "-81.06", "format": "ASCII", "sizeMB": 21.78}, "IMPACTS_LIP_ER2_02012020.txt": {"start": "2020-02-01T10:51:43Z", "end": "2020-02-01T17:22:10Z", "north": "37.69", "south": "32.0", "east": "-71.75", "west": "-81.2", "format": "ASCII", "sizeMB": 29.55}, "IMPACTS_LIP_ER2_02252022.txt": {"start": "2022-02-25T07:44:25Z", "end": "2022-02-25T15:42:10Z", "north": "43.86", "south": "35.16", "east": "-73.12", "west": "-79.22", "format": "ASCII", "sizeMB": 15.06}, "IMPACTS_LIP_ER2_02232020.txt": {"start": "2020-02-23T16:12:00Z", "end": "2020-02-23T19:15:29Z", "north": "34.57", "south": "31.99", "east": "-76.14", "west": "-81.2", "format": "ASCII", "sizeMB": 12.44}, "IMPACTS_LIP_ER2_02062020.txt": {"start": "2020-02-05T18:41:00Z", "end": "2020-02-06T01:52:13Z", "north": "42.21", "south": "32.0", "east": "-79.87", "west": "-90.77", "format": "ASCII", "sizeMB": 32.8}, "IMPACTS_LIP_ER2_02052023.txt": {"start": "2023-02-05T12:38:14Z", "end": "2023-02-05T20:49:16Z", "north": "48.66", "south": "33.87", "east": "-74.58", "west": "-84.54", "format": "ASCII", "sizeMB": 45.42}, "IMPACTS_LIP_ER2_02282022.txt": {"start": "2022-02-28T13:38:25Z", "end": "2022-02-28T20:09:32Z", "north": "37.05", "south": "34.6", "east": "-79.01", "west": "-118.22", "format": "ASCII", "sizeMB": 22.65}, "IMPACTS_LIP_ER2_02072020.txt": {"start": "2020-02-07T11:46:43Z", "end": "2020-02-07T19:07:07Z", "north": "43.15", "south": "31.9", "east": "-73.18", "west": "-81.18", "format": "ASCII", "sizeMB": 32.0}, "IMPACTS_LIP_ER2_02122023.txt": {"start": "2023-02-12T12:59:05Z", "end": "2023-02-12T20:25:52Z", "north": "39.85", "south": "33.86", "east": "-74.51", "west": "-84.56", "format": "ASCII", "sizeMB": 32.73}, "IMPACTS_LIP_ER2_02262023.txt": {"start": "2023-02-26T14:42:35Z", "end": "2023-02-26T19:30:12Z", "north": "34.38", "south": "26.91", "east": "-82.55", "west": "-86.35", "format": "ASCII", "sizeMB": 19.21}, "IMPACTS_LIP_ER2_02172023.txt": {"start": "2023-02-17T12:04:15Z", "end": "2023-02-17T20:11:47Z", "north": "48.06", "south": "33.87", "east": "-69.09", "west": "-84.55", "format": "ASCII", "sizeMB": 32.08}, "IMPACTS_LIP_ER2_02142023.txt": {"start": "2023-02-14T21:36:12Z", "end": "2023-02-15T05:45:20Z", "north": "48.13", "south": "33.91", "east": "-83.9", "west": "-95.46", "format": "ASCII", "sizeMB": 44.0}, "IMPACTS_LIP_ER2_02252020.txt": {"start": "2020-02-25T19:43:43Z", "end": "2020-02-26T04:12:16Z", "north": "41.85", "south": "31.99", "east": "-79.91", "west": "-88.65", "format": "ASCII", "sizeMB": 33.14}, "IMPACTS_LIP_ER2_03022023.txt": {"start": "2023-03-02T11:46:53Z", "end": "2023-03-02T17:06:23Z", "north": "36.36", "south": "33.91", "east": "-84.35", "west": "-118.08", "format": "ASCII", "sizeMB": 21.44}, "IMPACTS_LIP_ER2_02272020.txt": {"start": "2020-02-27T07:00:43Z", "end": "2020-02-27T15:27:03Z", "north": "44.18", "south": "32.0", "east": "-72.93", "west": "-81.17", "format": "ASCII", "sizeMB": 35.06}, "IMPACTS_LIP_ER2_12152022.txt": {"start": "2022-12-15T19:36:00Z", "end": "2022-12-16T01:53:47Z", "north": "38.45", "south": "34.25", "east": "-117.83", "west": "-123.62", "format": "ASCII", "sizeMB": 24.81}, "IMPACTS_LIP_ER2_02282023.txt": {"start": "2023-02-28T08:49:40Z", "end": "2023-02-28T16:44:38Z", "north": "43.39", "south": "33.89", "east": "-69.41", "west": "-84.54", "format": "ASCII", "sizeMB": 35.93}}