{"IMPACTS_2DSH-P3_20200220_sizedistributions_v01.nc": {"start": "2020-02-20T19:40:00Z", "end": "2020-02-21T01:11:00Z", "north": "37.976", "south": "33.261", "east": "-75.451", "west": "-79.877", "format": "net\u00c7DF-4", "sizeMB": 8.14}, "IMPACTS_2DSH-P3_20200224_sizedistributions_v01.nc": {"start": "2020-02-24T17:51:00Z", "end": "2020-02-24T19:32:00Z", "north": "39.962", "south": "37.526", "east": "-75.457", "west": "-84.039", "format": "net\u00c7DF-4", "sizeMB": 2.5}, "IMPACTS_2DSH-P3_20200118_sizedistributions_v01.nc": {"start": "2020-01-18T18:00:00Z", "end": "2020-01-19T00:02:00Z", "north": "44.202", "south": "37.914", "east": "-73.132", "west": "-75.518", "format": "net\u00c7DF-4", "sizeMB": 8.9}, "IMPACTS_2DSH-P3_20200125_sizedistributions_v01.nc": {"start": "2020-01-25T18:52:00Z", "end": "2020-01-26T00:28:00Z", "north": "44.433", "south": "37.892", "east": "-71.595", "west": "-75.515", "format": "net\u00c7DF-4", "sizeMB": 8.26}, "IMPACTS_2DSH-P3_20200218_sizedistributions_v01.nc": {"start": "2020-02-18T17:22:00Z", "end": "2020-02-18T22:13:00Z", "north": "45.25", "south": "37.91", "east": "-70.193", "west": "-75.581", "format": "net\u00c7DF-4", "sizeMB": 7.16}, "IMPACTS_2DSH-P3_20200201_sizedistributions_v01.nc": {"start": "2020-02-01T11:31:00Z", "end": "2020-02-01T15:39:00Z", "north": "38.126", "south": "34.987", "east": "-72.475", "west": "-76.187", "format": "net\u00c7DF-4", "sizeMB": 6.1}, "IMPACTS_2DSH-P3_20200207_sizedistributions_v01.nc": {"start": "2020-02-07T14:06:00Z", "end": "2020-02-07T20:00:00Z", "north": "43.153", "south": "37.893", "east": "-73.1", "west": "-76.38", "format": "net\u00c7DF-4", "sizeMB": 8.71}, "IMPACTS_2DSH-P3_20200213_sizedistributions_v01.nc": {"start": "2020-02-13T06:13:00Z", "end": "2020-02-13T12:40:00Z", "north": "44.358", "south": "37.912", "east": "-72.577", "west": "-75.53", "format": "net\u00c7DF-4", "sizeMB": 9.52}, "IMPACTS_2DSH-P3_20200205_sizedistributions_v01.nc": {"start": "2020-02-05T18:30:00Z", "end": "2020-02-06T01:39:00Z", "north": "41.759", "south": "37.355", "east": "-75.452", "west": "-90.429", "format": "net\u00c7DF-4", "sizeMB": 10.55}, "IMPACTS_2DSH-P3_20220208_sizedistributions_v01.nc": {"start": "2022-02-08T12:17:00Z", "end": "2022-02-08T18:56:00Z", "north": "47.272", "south": "37.943", "east": "-64.987", "west": "-75.523", "format": "net\u00c7DF-4", "sizeMB": 9.81}, "IMPACTS_2DSH-P3_20220213_sizedistributions_v01.nc": {"start": "2022-02-13T11:50:00Z", "end": "2022-02-13T15:11:00Z", "north": "42.473", "south": "37.885", "east": "-70.253", "west": "-75.575", "format": "net\u00c7DF-4", "sizeMB": 4.95}, "IMPACTS_2DSH-P3_20220219_sizedistributions_v01.nc": {"start": "2022-02-19T12:12:00Z", "end": "2022-02-19T19:18:00Z", "north": "46.99", "south": "37.937", "east": "-70.697", "west": "-75.51", "format": "net\u00c7DF-4", "sizeMB": 10.47}, "IMPACTS_2DSH-P3_20230123_sizedistributions_v01.nc": {"start": "2023-01-23T11:44:10Z", "end": "2023-01-23T19:47:30Z", "north": "45.016", "south": "37.914", "east": "-68.768", "west": "-75.518", "format": "net\u00c7DF-4", "sizeMB": 11.89}, "IMPACTS_2DSH-P3_20230115_sizedistributions_v01.nc": {"start": "2023-01-15T14:08:30Z", "end": "2023-01-15T20:40:00Z", "north": "39.964", "south": "36.336", "east": "-67.878", "west": "-75.654", "format": "net\u00c7DF-4", "sizeMB": 9.64}, "IMPACTS_2DSH-P3_20230129_sizedistributions_v01.nc": {"start": "2023-01-29T13:29:00Z", "end": "2023-01-29T18:05:00Z", "north": "45.642", "south": "37.927", "east": "-75.333", "west": "-77.367", "format": "net\u00c7DF-4", "sizeMB": 6.8}, "IMPACTS_2DSH-P3_20220217_sizedistributions_v01.nc": {"start": "2022-02-17T16:34:00Z", "end": "2022-02-18T00:32:00Z", "north": "42.819", "south": "37.45", "east": "-75.464", "west": "-87.374", "format": "net\u00c7DF-4", "sizeMB": 11.75}, "IMPACTS_2DSH-P3_20220225_sizedistributions_v01.nc": {"start": "2022-02-25T15:12:00Z", "end": "2022-02-25T19:29:00Z", "north": "43.355", "south": "37.919", "east": "-70.44", "west": "-75.533", "format": "net\u00c7DF-4", "sizeMB": 6.33}, "IMPACTS_2DSH-P3_20230119_sizedistributions_v01.nc": {"start": "2023-01-19T20:20:30Z", "end": "2023-01-20T04:28:20Z", "north": "46.422", "south": "37.91", "east": "-73.442", "west": "-78.196", "format": "net\u00c7DF-4", "sizeMB": 12.0}, "IMPACTS_2DSH-P3_20230125_sizedistributions_v01.nc": {"start": "2023-01-25T18:42:00Z", "end": "2023-01-26T00:33:20Z", "north": "44.096", "south": "37.943", "east": "-73.777", "west": "-76.48", "format": "net\u00c7DF-4", "sizeMB": 8.65}, "IMPACTS_2DSH-P3_20230113_sizedistributions_v01.nc": {"start": "2023-01-13T04:32:10Z", "end": "2023-01-13T11:02:00Z", "north": "46.78", "south": "37.902", "east": "-74.976", "west": "-75.527", "format": "net\u00c7DF-4", "sizeMB": 9.59}, "IMPACTS_2DSH-P3_20230205_sizedistributions_v01.nc": {"start": "2023-02-05T13:28:40Z", "end": "2023-02-05T20:10:00Z", "north": "48.237", "south": "37.907", "east": "-73.97", "west": "-76.204", "format": "net\u00c7DF-4", "sizeMB": 9.88}, "IMPACTS_2DSH-P3_20230214_sizedistributions_v01.nc": {"start": "2023-02-14T21:00:50Z", "end": "2023-02-15T05:52:00Z", "north": "48.032", "south": "37.604", "east": "-75.257", "west": "-95.243", "format": "net\u00c7DF-4", "sizeMB": 13.06}, "IMPACTS_2DSH-P3_20230212_sizedistributions_v01.nc": {"start": "2023-02-12T13:23:20Z", "end": "2023-02-12T20:13:20Z", "north": "39.338", "south": "35.753", "east": "-74.818", "west": "-76.452", "format": "net\u00c7DF-4", "sizeMB": 10.09}, "IMPACTS_2DSH-P3_20230209_sizedistributions_v01.nc": {"start": "2023-02-09T17:23:20Z", "end": "2023-02-10T00:39:00Z", "north": "46.351", "south": "37.61", "east": "-75.316", "west": "-86.635", "format": "net\u00c7DF-4", "sizeMB": 10.72}, "IMPACTS_2DSH-P3_20230228_sizedistributions_v01.nc": {"start": "2023-02-28T09:03:00Z", "end": "2023-02-28T15:36:00Z", "north": "42.806", "south": "37.909", "east": "-69.642", "west": "-75.52", "format": "net\u00c7DF-4", "sizeMB": 9.67}, "IMPACTS_2DSV-P3_20200118_sizedistributions_v01.nc": {"start": "2020-01-18T18:00:00Z", "end": "2020-01-19T00:02:00Z", "north": "44.202", "south": "37.914", "east": "-73.132", "west": "-75.518", "format": "net\u00c7DF-4", "sizeMB": 8.9}, "IMPACTS_2DSV-P3_20200125_sizedistributions_v01.nc": {"start": "2020-01-25T18:52:00Z", "end": "2020-01-26T00:28:00Z", "north": "44.433", "south": "37.892", "east": "-71.595", "west": "-75.515", "format": "net\u00c7DF-4", "sizeMB": 8.26}, "IMPACTS_2DSV-P3_20200205_sizedistributions_v01.nc": {"start": "2020-02-05T18:30:00Z", "end": "2020-02-06T01:39:00Z", "north": "41.759", "south": "37.355", "east": "-75.452", "west": "-90.429", "format": "net\u00c7DF-4", "sizeMB": 10.55}, "IMPACTS_2DSH-P3_20230223_sizedistributions_v01.nc": {"start": "2023-02-23T11:35:00Z", "end": "2023-02-23T19:20:00Z", "north": "47.035", "south": "37.535", "east": "-75.081", "west": "-87.832", "format": "net\u00c7DF-4", "sizeMB": 11.44}, "IMPACTS_2DSV-P3_20200201_sizedistributions_v01.nc": {"start": "2020-02-01T11:31:00Z", "end": "2020-02-01T15:39:00Z", "north": "38.126", "south": "34.987", "east": "-72.475", "west": "-76.187", "format": "net\u00c7DF-4", "sizeMB": 6.1}, "IMPACTS_2DSH-P3_20230216_sizedistributions_v01.nc": {"start": "2023-02-16T14:57:30Z", "end": "2023-02-16T23:06:40Z", "north": "43.734", "south": "37.537", "east": "-75.284", "west": "-90.533", "format": "net\u00c7DF-4", "sizeMB": 12.03}, "IMPACTS_2DSV-P3_20200213_sizedistributions_v01.nc": {"start": "2020-02-13T06:13:00Z", "end": "2020-02-13T12:40:00Z", "north": "44.358", "south": "37.912", "east": "-72.577", "west": "-75.53", "format": "net\u00c7DF-4", "sizeMB": 9.52}, "IMPACTS_2DSV-P3_20200218_sizedistributions_v01.nc": {"start": "2020-02-18T17:22:00Z", "end": "2020-02-18T22:13:00Z", "north": "45.25", "south": "37.91", "east": "-70.193", "west": "-75.581", "format": "net\u00c7DF-4", "sizeMB": 7.16}, "IMPACTS_2DSV-P3_20200220_sizedistributions_v01.nc": {"start": "2020-02-20T19:40:00Z", "end": "2020-02-21T01:11:00Z", "north": "37.976", "south": "33.261", "east": "-75.451", "west": "-79.877", "format": "net\u00c7DF-4", "sizeMB": 8.14}, "IMPACTS_2DSV-P3_20200207_sizedistributions_v01.nc": {"start": "2020-02-07T14:06:00Z", "end": "2020-02-07T20:00:00Z", "north": "43.153", "south": "37.893", "east": "-73.1", "west": "-76.38", "format": "net\u00c7DF-4", "sizeMB": 8.71}, "IMPACTS_2DSV-P3_20220213_sizedistributions_v01.nc": {"start": "2022-02-13T11:50:00Z", "end": "2022-02-13T15:11:00Z", "north": "42.473", "south": "37.885", "east": "-70.253", "west": "-75.575", "format": "net\u00c7DF-4", "sizeMB": 4.95}, "IMPACTS_2DSV-P3_20200224_sizedistributions_v01.nc": {"start": "2020-02-24T17:51:00Z", "end": "2020-02-24T19:32:00Z", "north": "39.962", "south": "37.526", "east": "-75.457", "west": "-84.039", "format": "net\u00c7DF-4", "sizeMB": 2.5}, "IMPACTS_2DSV-P3_20220225_sizedistributions_v01.nc": {"start": "2022-02-25T15:12:00Z", "end": "2022-02-25T19:29:00Z", "north": "43.355", "south": "37.919", "east": "-70.44", "west": "-75.533", "format": "net\u00c7DF-4", "sizeMB": 6.33}, "IMPACTS_2DSV-P3_20220208_sizedistributions_v01.nc": {"start": "2022-02-08T12:17:00Z", "end": "2022-02-08T18:56:00Z", "north": "47.272", "south": "37.943", "east": "-64.987", "west": "-75.523", "format": "net\u00c7DF-4", "sizeMB": 9.81}, "IMPACTS_2DSV-P3_20220219_sizedistributions_v01.nc": {"start": "2022-02-19T12:12:00Z", "end": "2022-02-19T19:18:00Z", "north": "46.99", "south": "37.937", "east": "-70.697", "west": "-75.51", "format": "net\u00c7DF-4", "sizeMB": 10.47}, "IMPACTS_2DSV-P3_20220217_sizedistributions_v01.nc": {"start": "2022-02-17T16:34:00Z", "end": "2022-02-18T00:32:00Z", "north": "42.819", "south": "37.45", "east": "-75.464", "west": "-87.374", "format": "net\u00c7DF-4", "sizeMB": 11.75}, "IMPACTS_2DSV-P3_20230113_sizedistributions_v01.nc": {"start": "2023-01-13T04:32:10Z", "end": "2023-01-13T11:02:00Z", "north": "46.78", "south": "37.902", "east": "-74.976", "west": "-75.527", "format": "net\u00c7DF-4", "sizeMB": 9.59}, "IMPACTS_2DSV-P3_20230125_sizedistributions_v01.nc": {"start": "2023-01-25T18:42:00Z", "end": "2023-01-26T00:33:20Z", "north": "44.096", "south": "37.943", "east": "-73.777", "west": "-76.48", "format": "net\u00c7DF-4", "sizeMB": 8.65}, "IMPACTS_2DSV-P3_20230123_sizedistributions_v01.nc": {"start": "2023-01-23T11:44:10Z", "end": "2023-01-23T19:47:30Z", "north": "45.016", "south": "37.914", "east": "-68.768", "west": "-75.518", "format": "net\u00c7DF-4", "sizeMB": 11.89}, "IMPACTS_2DSV-P3_20230115_sizedistributions_v01.nc": {"start": "2023-01-15T14:08:30Z", "end": "2023-01-15T20:40:00Z", "north": "39.964", "south": "36.336", "east": "-67.878", "west": "-75.654", "format": "net\u00c7DF-4", "sizeMB": 9.64}, "IMPACTS_2DSV-P3_20230119_sizedistributions_v01.nc": {"start": "2023-01-19T20:20:30Z", "end": "2023-01-20T04:28:20Z", "north": "46.422", "south": "37.91", "east": "-73.442", "west": "-78.196", "format": "net\u00c7DF-4", "sizeMB": 12.0}, "IMPACTS_2DSV-P3_20230129_sizedistributions_v01.nc": {"start": "2023-01-29T13:29:00Z", "end": "2023-01-29T18:05:00Z", "north": "45.642", "south": "37.927", "east": "-75.333", "west": "-77.367", "format": "net\u00c7DF-4", "sizeMB": 6.8}, "IMPACTS_2DSV-P3_20230209_sizedistributions_v01.nc": {"start": "2023-02-09T17:23:20Z", "end": "2023-02-10T00:39:00Z", "north": "46.351", "south": "37.61", "east": "-75.316", "west": "-86.635", "format": "net\u00c7DF-4", "sizeMB": 10.72}, "IMPACTS_2DSV-P3_20230214_sizedistributions_v01.nc": {"start": "2023-02-14T21:00:50Z", "end": "2023-02-15T05:52:00Z", "north": "48.032", "south": "37.604", "east": "-75.257", "west": "-95.243", "format": "net\u00c7DF-4", "sizeMB": 13.06}, "IMPACTS_2DSV-P3_20230205_sizedistributions_v01.nc": {"start": "2023-02-05T13:28:40Z", "end": "2023-02-05T20:10:00Z", "north": "48.237", "south": "37.907", "east": "-73.97", "west": "-76.204", "format": "net\u00c7DF-4", "sizeMB": 9.88}, "IMPACTS_2DSV-P3_20230212_sizedistributions_v01.nc": {"start": "2023-02-12T13:23:20Z", "end": "2023-02-12T20:13:20Z", "north": "39.338", "south": "35.753", "east": "-74.818", "west": "-76.452", "format": "net\u00c7DF-4", "sizeMB": 10.09}, "IMPACTS_2DSV-P3_20230216_sizedistributions_v01.nc": {"start": "2023-02-16T14:57:30Z", "end": "2023-02-16T23:06:40Z", "north": "43.734", "south": "37.537", "east": "-75.284", "west": "-90.533", "format": "net\u00c7DF-4", "sizeMB": 12.03}, "IMPACTS_FastCDP-P3_20200201_sizedistributions_v01.nc": {"start": "2020-02-01T11:31:00Z", "end": "2020-02-01T15:39:00Z", "north": "38.126", "south": "34.987", "east": "-72.475", "west": "-76.187", "format": "net\u00c7DF-4", "sizeMB": 1.82}, "IMPACTS_FastCDP-P3_20200118_sizedistributions_v01.nc": {"start": "2020-01-18T18:00:00Z", "end": "2020-01-19T00:02:00Z", "north": "44.202", "south": "37.914", "east": "-73.132", "west": "-75.518", "format": "net\u00c7DF-4", "sizeMB": 2.64}, "IMPACTS_FastCDP-P3_20200125_sizedistributions_v01.nc": {"start": "2020-01-25T18:52:00Z", "end": "2020-01-26T00:28:00Z", "north": "44.433", "south": "37.892", "east": "-71.595", "west": "-75.515", "format": "net\u00c7DF-4", "sizeMB": 2.46}, "IMPACTS_FastCDP-P3_20200218_sizedistributions_v01.nc": {"start": "2020-02-18T17:22:00Z", "end": "2020-02-18T22:13:00Z", "north": "45.25", "south": "37.91", "east": "-70.193", "west": "-75.581", "format": "net\u00c7DF-4", "sizeMB": 2.13}, "IMPACTS_FastCDP-P3_20200224_sizedistributions_v01.nc": {"start": "2020-02-24T17:51:00Z", "end": "2020-02-24T19:32:00Z", "north": "39.962", "south": "37.526", "east": "-75.457", "west": "-84.039", "format": "net\u00c7DF-4", "sizeMB": 0.75}, "IMPACTS_FastCDP-P3_20200207_sizedistributions_v01.nc": {"start": "2020-02-07T14:06:00Z", "end": "2020-02-07T20:00:00Z", "north": "43.153", "south": "37.893", "east": "-73.1", "west": "-76.38", "format": "net\u00c7DF-4", "sizeMB": 2.59}, "IMPACTS_FastCDP-P3_20200205_sizedistributions_v01.nc": {"start": "2020-02-05T18:30:00Z", "end": "2020-02-06T01:39:00Z", "north": "41.759", "south": "37.355", "east": "-75.452", "west": "-90.429", "format": "net\u00c7DF-4", "sizeMB": 3.13}, "IMPACTS_FastCDP-P3_20200220_sizedistributions_v01.nc": {"start": "2020-02-20T19:40:00Z", "end": "2020-02-21T01:11:00Z", "north": "37.976", "south": "33.261", "east": "-75.451", "west": "-79.877", "format": "net\u00c7DF-4", "sizeMB": 2.42}, "IMPACTS_2DSV-P3_20230223_sizedistributions_v01.nc": {"start": "2023-02-23T11:35:00Z", "end": "2023-02-23T19:20:00Z", "north": "47.035", "south": "37.535", "east": "-75.081", "west": "-87.832", "format": "net\u00c7DF-4", "sizeMB": 11.44}, "IMPACTS_2DSV-P3_20230228_sizedistributions_v01.nc": {"start": "2023-02-28T09:03:00Z", "end": "2023-02-28T15:36:00Z", "north": "42.806", "south": "37.909", "east": "-69.642", "west": "-75.52", "format": "net\u00c7DF-4", "sizeMB": 9.67}, "IMPACTS_FastCDP-P3_20200225_sizedistributions_v01.nc": {"start": "2020-02-25T20:58:00Z", "end": "2020-02-26T04:11:00Z", "north": "41.424", "south": "37.945", "east": "-75.332", "west": "-88.266", "format": "net\u00c7DF-4", "sizeMB": 3.16}, "IMPACTS_FastCDP-P3_20220114_sizedistributions_v01.nc": {"start": "2022-01-14T19:17:00Z", "end": "2022-01-15T01:28:00Z", "north": "43.795", "south": "37.912", "east": "-68.987", "west": "-75.644", "format": "net\u00c7DF-4", "sizeMB": 2.71}, "IMPACTS_FastCDP-P3_20200213_sizedistributions_v01.nc": {"start": "2020-02-13T06:13:00Z", "end": "2020-02-13T12:40:00Z", "north": "44.358", "south": "37.912", "east": "-72.577", "west": "-75.53", "format": "net\u00c7DF-4", "sizeMB": 2.83}, "IMPACTS_FastCDP-P3_20220203_sizedistributions_v01.nc": {"start": "2022-02-03T13:11:00Z", "end": "2022-02-03T20:45:00Z", "north": "41.714", "south": "37.45", "east": "-75.452", "west": "-84.888", "format": "net\u00c7DF-4", "sizeMB": 3.31}, "IMPACTS_FastCDP-P3_20220117_sizedistributions_v01.nc": {"start": "2022-01-17T09:04:00Z", "end": "2022-01-17T15:58:00Z", "north": "44.199", "south": "37.915", "east": "-75.326", "west": "-81.009", "format": "net\u00c7DF-4", "sizeMB": 3.02}, "IMPACTS_FastCDP-P3_20220213_sizedistributions_v01.nc": {"start": "2022-02-13T11:50:00Z", "end": "2022-02-13T15:11:00Z", "north": "42.473", "south": "37.885", "east": "-70.253", "west": "-75.575", "format": "net\u00c7DF-4", "sizeMB": 1.48}, "IMPACTS_FastCDP-P3_20220217_sizedistributions_v01.nc": {"start": "2022-02-17T16:34:00Z", "end": "2022-02-18T00:32:00Z", "north": "42.819", "south": "37.45", "east": "-75.464", "west": "-87.374", "format": "net\u00c7DF-4", "sizeMB": 3.49}, "IMPACTS_FastCDP-P3_20220119_sizedistributions_v01.nc": {"start": "2022-01-19T11:00:00Z", "end": "2022-01-19T17:33:00Z", "north": "47.275", "south": "37.913", "east": "-72.498", "west": "-75.587", "format": "net\u00c7DF-4", "sizeMB": 2.87}, "IMPACTS_FastCDP-P3_20220204_sizedistributions_v01.nc": {"start": "2022-02-04T13:04:00Z", "end": "2022-02-04T20:26:00Z", "north": "45.297", "south": "37.913", "east": "-68.476", "west": "-75.576", "format": "net\u00c7DF-4", "sizeMB": 3.22}, "IMPACTS_FastCDP-P3_20220208_sizedistributions_v01.nc": {"start": "2022-02-08T12:17:00Z", "end": "2022-02-08T18:56:00Z", "north": "47.272", "south": "37.943", "east": "-64.987", "west": "-75.523", "format": "net\u00c7DF-4", "sizeMB": 2.91}, "IMPACTS_FastCDP-P3_20220129_sizedistributions_v01.nc": {"start": "2022-01-29T18:51:00Z", "end": "2022-01-30T03:50:00Z", "north": "43.714", "south": "39.707", "east": "-68.678", "west": "-84.143", "format": "net\u00c7DF-4", "sizeMB": 3.93}, "IMPACTS_FastCDP-P3_20220225_sizedistributions_v01.nc": {"start": "2022-02-25T15:12:00Z", "end": "2022-02-25T19:29:00Z", "north": "43.355", "south": "37.919", "east": "-70.44", "west": "-75.533", "format": "net\u00c7DF-4", "sizeMB": 1.88}, "IMPACTS_FastCDP-P3_20220219_sizedistributions_v01.nc": {"start": "2022-02-19T12:12:00Z", "end": "2022-02-19T19:18:00Z", "north": "46.99", "south": "37.937", "east": "-70.697", "west": "-75.51", "format": "net\u00c7DF-4", "sizeMB": 3.11}, "IMPACTS_FastCDP-P3_20230113_sizedistributions_v01.nc": {"start": "2023-01-13T04:32:10Z", "end": "2023-01-13T11:02:00Z", "north": "46.78", "south": "37.902", "east": "-74.976", "west": "-75.527", "format": "net\u00c7DF-4", "sizeMB": 2.85}, "IMPACTS_FastCDP-P3_20230115_sizedistributions_v01.nc": {"start": "2023-01-15T14:08:30Z", "end": "2023-01-15T20:40:00Z", "north": "39.964", "south": "36.336", "east": "-67.878", "west": "-75.654", "format": "net\u00c7DF-4", "sizeMB": 2.86}, "IMPACTS_FastCDP-P3_20230129_sizedistributions_v01.nc": {"start": "2023-01-29T13:29:00Z", "end": "2023-01-29T18:05:00Z", "north": "45.642", "south": "37.927", "east": "-75.333", "west": "-77.367", "format": "net\u00c7DF-4", "sizeMB": 2.02}, "IMPACTS_FastCDP-P3_20230119_sizedistributions_v01.nc": {"start": "2023-01-19T20:20:30Z", "end": "2023-01-20T04:28:20Z", "north": "46.422", "south": "37.91", "east": "-73.442", "west": "-78.196", "format": "net\u00c7DF-4", "sizeMB": 3.56}, "IMPACTS_FastCDP-P3_20230209_sizedistributions_v01.nc": {"start": "2023-02-09T17:23:20Z", "end": "2023-02-10T00:39:00Z", "north": "46.351", "south": "37.61", "east": "-75.316", "west": "-86.635", "format": "net\u00c7DF-4", "sizeMB": 3.18}, "IMPACTS_FastCDP-P3_20230223_sizedistributions_v01.nc": {"start": "2023-02-23T11:35:00Z", "end": "2023-02-23T19:20:00Z", "north": "47.035", "south": "37.535", "east": "-75.081", "west": "-87.832", "format": "net\u00c7DF-4", "sizeMB": 3.39}, "IMPACTS_FastCDP-P3_20230125_sizedistributions_v01.nc": {"start": "2023-01-25T18:42:00Z", "end": "2023-01-26T00:33:20Z", "north": "44.096", "south": "37.943", "east": "-73.777", "west": "-76.48", "format": "net\u00c7DF-4", "sizeMB": 2.57}, "IMPACTS_FastCDP-P3_20230214_sizedistributions_v01.nc": {"start": "2023-02-14T21:00:50Z", "end": "2023-02-15T05:52:00Z", "north": "48.032", "south": "37.604", "east": "-75.257", "west": "-95.243", "format": "net\u00c7DF-4", "sizeMB": 3.88}, "IMPACTS_FastCDP-P3_20230212_sizedistributions_v01.nc": {"start": "2023-02-12T13:23:20Z", "end": "2023-02-12T20:13:20Z", "north": "39.338", "south": "35.753", "east": "-74.818", "west": "-76.452", "format": "net\u00c7DF-4", "sizeMB": 3.0}, "IMPACTS_FastCDP-P3_20230205_sizedistributions_v01.nc": {"start": "2023-02-05T13:28:40Z", "end": "2023-02-05T20:10:00Z", "north": "48.237", "south": "37.907", "east": "-73.97", "west": "-76.204", "format": "net\u00c7DF-4", "sizeMB": 2.93}, "IMPACTS_FastCDP-P3_20230123_sizedistributions_v01.nc": {"start": "2023-01-23T11:44:10Z", "end": "2023-01-23T19:47:30Z", "north": "45.016", "south": "37.914", "east": "-68.768", "west": "-75.518", "format": "net\u00c7DF-4", "sizeMB": 3.53}, "IMPACTS_FastCDP-P3_20230216_sizedistributions_v01.nc": {"start": "2023-02-16T14:57:30Z", "end": "2023-02-16T23:06:40Z", "north": "43.734", "south": "37.537", "east": "-75.284", "west": "-90.533", "format": "net\u00c7DF-4", "sizeMB": 3.57}, "IMPACTS_FastCDP-P3_20230228_sizedistributions_v01.nc": {"start": "2023-02-28T09:03:00Z", "end": "2023-02-28T15:36:00Z", "north": "42.806", "south": "37.909", "east": "-69.642", "west": "-75.52", "format": "net\u00c7DF-4", "sizeMB": 2.87}, "IMPACTS_HVPS3A-P3_20200201_sizedistributions_v01.nc": {"start": "2020-02-01T11:31:00Z", "end": "2020-02-01T15:39:00Z", "north": "38.126", "south": "34.987", "east": "-72.475", "west": "-76.187", "format": "net\u00c7DF-4", "sizeMB": 7.3}, "IMPACTS_HVPS3A-P3_20200224_sizedistributions_v01.nc": {"start": "2020-02-24T17:51:00Z", "end": "2020-02-24T19:32:00Z", "north": "39.962", "south": "37.526", "east": "-75.457", "west": "-84.039", "format": "net\u00c7DF-4", "sizeMB": 2.98}, "IMPACTS_HVPS3A-P3_20200118_sizedistributions_v01.nc": {"start": "2020-01-18T18:00:00Z", "end": "2020-01-19T00:02:00Z", "north": "44.202", "south": "37.914", "east": "-73.132", "west": "-75.518", "format": "net\u00c7DF-4", "sizeMB": 10.64}, "IMPACTS_HVPS3A-P3_20200125_sizedistributions_v01.nc": {"start": "2020-01-25T18:52:00Z", "end": "2020-01-26T00:28:00Z", "north": "44.433", "south": "37.892", "east": "-71.595", "west": "-75.515", "format": "net\u00c7DF-4", "sizeMB": 9.88}, "IMPACTS_HVPS3A-P3_20200207_sizedistributions_v01.nc": {"start": "2020-02-07T14:06:00Z", "end": "2020-02-07T20:00:00Z", "north": "43.153", "south": "37.893", "east": "-73.1", "west": "-76.38", "format": "net\u00c7DF-4", "sizeMB": 10.41}, "IMPACTS_HVPS3A-P3_20200220_sizedistributions_v01.nc": {"start": "2020-02-20T19:40:00Z", "end": "2020-02-21T01:11:00Z", "north": "37.976", "south": "33.261", "east": "-75.451", "west": "-79.877", "format": "net\u00c7DF-4", "sizeMB": 9.73}, "IMPACTS_HVPS3A-P3_20200218_sizedistributions_v01.nc": {"start": "2020-02-18T17:22:00Z", "end": "2020-02-18T22:13:00Z", "north": "45.25", "south": "37.91", "east": "-70.193", "west": "-75.581", "format": "net\u00c7DF-4", "sizeMB": 8.56}, "IMPACTS_HVPS3A-P3_20200213_sizedistributions_v01.nc": {"start": "2020-02-13T06:13:00Z", "end": "2020-02-13T12:40:00Z", "north": "44.358", "south": "37.912", "east": "-72.577", "west": "-75.53", "format": "net\u00c7DF-4", "sizeMB": 11.37}, "IMPACTS_HVPS3A-P3_20200225_sizedistributions_v01.nc": {"start": "2020-02-25T20:58:00Z", "end": "2020-02-26T04:11:00Z", "north": "41.424", "south": "37.945", "east": "-75.332", "west": "-88.266", "format": "net\u00c7DF-4", "sizeMB": 12.72}, "IMPACTS_HVPS3A-P3_20200205_sizedistributions_v01.nc": {"start": "2020-02-05T18:30:00Z", "end": "2020-02-06T01:39:00Z", "north": "41.759", "south": "37.355", "east": "-75.452", "west": "-90.429", "format": "net\u00c7DF-4", "sizeMB": 12.61}, "IMPACTS_HVPS3A-P3_20220213_sizedistributions_v01.nc": {"start": "2022-02-13T11:50:00Z", "end": "2022-02-13T15:11:00Z", "north": "42.473", "south": "37.885", "east": "-70.253", "west": "-75.575", "format": "net\u00c7DF-4", "sizeMB": 5.92}, "IMPACTS_HVPS3A-P3_20220114_sizedistributions_v01.nc": {"start": "2022-01-14T19:17:00Z", "end": "2022-01-15T01:28:00Z", "north": "43.795", "south": "37.912", "east": "-68.987", "west": "-75.644", "format": "net\u00c7DF-4", "sizeMB": 10.9}, "IMPACTS_HVPS3A-P3_20220129_sizedistributions_v01.nc": {"start": "2022-01-29T18:51:00Z", "end": "2022-01-30T03:50:00Z", "north": "43.714", "south": "39.707", "east": "-68.678", "west": "-84.143", "format": "net\u00c7DF-4", "sizeMB": 15.83}, "IMPACTS_HVPS3A-P3_20220203_sizedistributions_v01.nc": {"start": "2022-02-03T13:11:00Z", "end": "2022-02-03T20:45:00Z", "north": "41.714", "south": "37.45", "east": "-75.452", "west": "-84.888", "format": "net\u00c7DF-4", "sizeMB": 13.34}, "IMPACTS_HVPS3A-P3_20220204_sizedistributions_v01.nc": {"start": "2022-02-04T13:04:00Z", "end": "2022-02-04T20:26:00Z", "north": "45.297", "south": "37.913", "east": "-68.476", "west": "-75.576", "format": "net\u00c7DF-4", "sizeMB": 12.99}, "IMPACTS_HVPS3A-P3_20220225_sizedistributions_v01.nc": {"start": "2022-02-25T15:12:00Z", "end": "2022-02-25T19:29:00Z", "north": "43.355", "south": "37.919", "east": "-70.44", "west": "-75.533", "format": "net\u00c7DF-4", "sizeMB": 7.56}, "IMPACTS_HVPS3A-P3_20220208_sizedistributions_v01.nc": {"start": "2022-02-08T12:17:00Z", "end": "2022-02-08T18:56:00Z", "north": "47.272", "south": "37.943", "east": "-64.987", "west": "-75.523", "format": "net\u00c7DF-4", "sizeMB": 11.73}, "IMPACTS_HVPS3A-P3_20230113_sizedistributions_v01.nc": {"start": "2023-01-13T04:32:10Z", "end": "2023-01-13T11:02:00Z", "north": "46.78", "south": "37.902", "east": "-74.976", "west": "-75.527", "format": "net\u00c7DF-4", "sizeMB": 11.47}, "IMPACTS_HVPS3A-P3_20220217_sizedistributions_v01.nc": {"start": "2022-02-17T16:34:00Z", "end": "2022-02-18T00:32:00Z", "north": "42.819", "south": "37.45", "east": "-75.464", "west": "-87.374", "format": "net\u00c7DF-4", "sizeMB": 14.04}, "IMPACTS_HVPS3A-P3_20230115_sizedistributions_v01.nc": {"start": "2023-01-15T14:08:30Z", "end": "2023-01-15T20:40:00Z", "north": "39.964", "south": "36.336", "east": "-67.878", "west": "-75.654", "format": "net\u00c7DF-4", "sizeMB": 11.51}, "IMPACTS_HVPS3A-P3_20220219_sizedistributions_v01.nc": {"start": "2022-02-19T12:12:00Z", "end": "2022-02-19T19:18:00Z", "north": "46.99", "south": "37.937", "east": "-70.697", "west": "-75.51", "format": "net\u00c7DF-4", "sizeMB": 12.52}, "IMPACTS_HVPS3A-P3_20230125_sizedistributions_v01.nc": {"start": "2023-01-25T18:42:00Z", "end": "2023-01-26T00:33:20Z", "north": "44.096", "south": "37.943", "east": "-73.777", "west": "-76.48", "format": "net\u00c7DF-4", "sizeMB": 10.34}, "IMPACTS_HVPS3A-P3_20230119_sizedistributions_v01.nc": {"start": "2023-01-19T20:20:30Z", "end": "2023-01-20T04:28:20Z", "north": "46.422", "south": "37.91", "east": "-73.442", "west": "-78.196", "format": "net\u00c7DF-4", "sizeMB": 14.34}, "IMPACTS_HVPS3A-P3_20230129_sizedistributions_v01.nc": {"start": "2023-01-29T13:29:00Z", "end": "2023-01-29T18:05:00Z", "north": "45.642", "south": "37.927", "east": "-75.333", "west": "-77.367", "format": "net\u00c7DF-4", "sizeMB": 8.13}, "IMPACTS_HVPS3A-P3_20230205_sizedistributions_v01.nc": {"start": "2023-02-05T13:28:40Z", "end": "2023-02-05T20:10:00Z", "north": "48.237", "south": "37.907", "east": "-73.97", "west": "-76.204", "format": "net\u00c7DF-4", "sizeMB": 11.8}, "IMPACTS_HVPS3A-P3_20230123_sizedistributions_v01.nc": {"start": "2023-01-23T11:44:10Z", "end": "2023-01-23T19:47:30Z", "north": "45.016", "south": "37.914", "east": "-68.768", "west": "-75.518", "format": "net\u00c7DF-4", "sizeMB": 14.21}, "IMPACTS_HVPS3A-P3_20230212_sizedistributions_v01.nc": {"start": "2023-02-12T13:23:20Z", "end": "2023-02-12T20:13:20Z", "north": "39.338", "south": "35.753", "east": "-74.818", "west": "-76.452", "format": "net\u00c7DF-4", "sizeMB": 12.06}, "IMPACTS_HVPS3A-P3_20230216_sizedistributions_v01.nc": {"start": "2023-02-16T14:57:30Z", "end": "2023-02-16T23:06:40Z", "north": "43.734", "south": "37.537", "east": "-75.284", "west": "-90.533", "format": "net\u00c7DF-4", "sizeMB": 14.38}, "IMPACTS_HVPS3A-P3_20230209_sizedistributions_v01.nc": {"start": "2023-02-09T17:23:20Z", "end": "2023-02-10T00:39:00Z", "north": "46.351", "south": "37.61", "east": "-75.316", "west": "-86.635", "format": "net\u00c7DF-4", "sizeMB": 12.81}, "IMPACTS_HVPS3A-P3_20230223_sizedistributions_v01.nc": {"start": "2023-02-23T11:35:00Z", "end": "2023-02-23T19:20:00Z", "north": "47.035", "south": "37.535", "east": "-75.081", "west": "-87.832", "format": "net\u00c7DF-4", "sizeMB": 13.67}, "IMPACTS_HVPS3B-P3_20200220_sizedistributions_v01.nc": {"start": "2020-02-20T19:40:00Z", "end": "2020-02-21T01:11:00Z", "north": "37.976", "south": "33.261", "east": "-75.451", "west": "-79.877", "format": "net\u00c7DF-4", "sizeMB": 9.73}, "IMPACTS_HVPS3A-P3_20230214_sizedistributions_v01.nc": {"start": "2023-02-14T21:00:50Z", "end": "2023-02-15T05:52:00Z", "north": "48.032", "south": "37.604", "east": "-75.257", "west": "-95.243", "format": "net\u00c7DF-4", "sizeMB": 15.61}, "IMPACTS_HVPS3B-P3_20200213_sizedistributions_v01.nc": {"start": "2020-02-13T06:13:00Z", "end": "2020-02-13T12:40:00Z", "north": "44.358", "south": "37.912", "east": "-72.577", "west": "-75.53", "format": "net\u00c7DF-4", "sizeMB": 11.37}, "IMPACTS_HVPS3B-P3_20200218_sizedistributions_v01.nc": {"start": "2020-02-18T17:22:00Z", "end": "2020-02-18T22:13:00Z", "north": "45.25", "south": "37.91", "east": "-70.193", "west": "-75.581", "format": "net\u00c7DF-4", "sizeMB": 8.56}, "IMPACTS_HVPS3B-P3_20200224_sizedistributions_v01.nc": {"start": "2020-02-24T17:51:00Z", "end": "2020-02-24T19:32:00Z", "north": "39.962", "south": "37.526", "east": "-75.457", "west": "-84.039", "format": "net\u00c7DF-4", "sizeMB": 2.98}, "IMPACTS_HVPS3B-P3_20200207_sizedistributions_v01.nc": {"start": "2020-02-07T14:06:00Z", "end": "2020-02-07T20:00:00Z", "north": "43.153", "south": "37.893", "east": "-73.1", "west": "-76.38", "format": "net\u00c7DF-4", "sizeMB": 10.41}, "IMPACTS_HVPS3A-P3_20230228_sizedistributions_v01.nc": {"start": "2023-02-28T09:03:00Z", "end": "2023-02-28T15:36:00Z", "north": "42.806", "south": "37.909", "east": "-69.642", "west": "-75.52", "format": "net\u00c7DF-4", "sizeMB": 11.56}, "IMPACTS_HVPS3B-P3_20220119_sizedistributions_v01.nc": {"start": "2022-01-19T11:00:00Z", "end": "2022-01-19T17:33:00Z", "north": "47.275", "south": "37.913", "east": "-72.498", "west": "-75.587", "format": "net\u00c7DF-4", "sizeMB": 11.55}, "IMPACTS_HVPS3B-P3_20200225_sizedistributions_v01.nc": {"start": "2020-02-25T20:58:00Z", "end": "2020-02-26T04:11:00Z", "north": "41.424", "south": "37.945", "east": "-75.332", "west": "-88.266", "format": "net\u00c7DF-4", "sizeMB": 12.72}, "IMPACTS_HVPS3B-P3_20220117_sizedistributions_v01.nc": {"start": "2022-01-17T09:04:00Z", "end": "2022-01-17T15:58:00Z", "north": "44.199", "south": "37.915", "east": "-75.326", "west": "-81.009", "format": "net\u00c7DF-4", "sizeMB": 12.17}, "IMPACTS_HVPS3B-P3_20220208_sizedistributions_v01.nc": {"start": "2022-02-08T12:17:00Z", "end": "2022-02-08T18:56:00Z", "north": "47.272", "south": "37.943", "east": "-64.987", "west": "-75.523", "format": "net\u00c7DF-4", "sizeMB": 11.73}, "IMPACTS_HVPS3B-P3_20220225_sizedistributions_v01.nc": {"start": "2022-02-25T15:12:00Z", "end": "2022-02-25T19:29:00Z", "north": "43.355", "south": "37.919", "east": "-70.44", "west": "-75.533", "format": "net\u00c7DF-4", "sizeMB": 7.56}, "IMPACTS_HVPS3B-P3_20220213_sizedistributions_v01.nc": {"start": "2022-02-13T11:50:00Z", "end": "2022-02-13T15:11:00Z", "north": "42.473", "south": "37.885", "east": "-70.253", "west": "-75.575", "format": "net\u00c7DF-4", "sizeMB": 5.92}, "IMPACTS_HVPS3B-P3_20220217_sizedistributions_v01.nc": {"start": "2022-02-17T16:34:00Z", "end": "2022-02-18T00:32:00Z", "north": "42.819", "south": "37.45", "east": "-75.464", "west": "-87.374", "format": "net\u00c7DF-4", "sizeMB": 14.04}, "IMPACTS_HVPS3B-P3_20220219_sizedistributions_v01.nc": {"start": "2022-02-19T12:12:00Z", "end": "2022-02-19T19:18:00Z", "north": "46.99", "south": "37.937", "east": "-70.697", "west": "-75.51", "format": "net\u00c7DF-4", "sizeMB": 12.52}, "IMPACTS_HVPS3B-P3_20220203_sizedistributions_v01.nc": {"start": "2022-02-03T13:11:00Z", "end": "2022-02-03T20:45:00Z", "north": "41.714", "south": "37.45", "east": "-75.452", "west": "-84.888", "format": "net\u00c7DF-4", "sizeMB": 13.34}, "IMPACTS_HVPS3B-P3_20220204_sizedistributions_v01.nc": {"start": "2022-02-04T13:04:00Z", "end": "2022-02-04T20:26:00Z", "north": "45.297", "south": "37.913", "east": "-68.476", "west": "-75.576", "format": "net\u00c7DF-4", "sizeMB": 12.99}, "IMPACTS_HVPS3B-P3_20230113_sizedistributions_v01.nc": {"start": "2023-01-13T04:32:10Z", "end": "2023-01-13T11:02:00Z", "north": "46.78", "south": "37.902", "east": "-74.976", "west": "-75.527", "format": "net\u00c7DF-4", "sizeMB": 11.47}, "IMPACTS_HVPS3B-P3_20230115_sizedistributions_v01.nc": {"start": "2023-01-15T14:08:30Z", "end": "2023-01-15T20:40:00Z", "north": "39.964", "south": "36.336", "east": "-67.878", "west": "-75.654", "format": "net\u00c7DF-4", "sizeMB": 11.51}, "IMPACTS_HVPS3B-P3_20220129_sizedistributions_v01.nc": {"start": "2022-01-29T18:51:00Z", "end": "2022-01-30T03:50:00Z", "north": "43.714", "south": "39.707", "east": "-68.678", "west": "-84.143", "format": "net\u00c7DF-4", "sizeMB": 15.83}, "IMPACTS_HVPS3B-P3_20230125_sizedistributions_v01.nc": {"start": "2023-01-25T18:42:00Z", "end": "2023-01-26T00:33:20Z", "north": "44.096", "south": "37.943", "east": "-73.777", "west": "-76.48", "format": "net\u00c7DF-4", "sizeMB": 10.34}, "IMPACTS_HVPS3B-P3_20230129_sizedistributions_v01.nc": {"start": "2023-01-29T13:29:00Z", "end": "2023-01-29T18:05:00Z", "north": "45.642", "south": "37.927", "east": "-75.333", "west": "-77.367", "format": "net\u00c7DF-4", "sizeMB": 8.13}, "IMPACTS_HVPS3B-P3_20230123_sizedistributions_v01.nc": {"start": "2023-01-23T11:44:10Z", "end": "2023-01-23T19:47:30Z", "north": "45.016", "south": "37.914", "east": "-68.768", "west": "-75.518", "format": "net\u00c7DF-4", "sizeMB": 14.21}, "IMPACTS_HVPS3B-P3_20230119_sizedistributions_v01.nc": {"start": "2023-01-19T20:20:30Z", "end": "2023-01-20T04:28:20Z", "north": "46.422", "south": "37.91", "east": "-73.442", "west": "-78.196", "format": "net\u00c7DF-4", "sizeMB": 14.34}, "IMPACTS_HVPS3B-P3_20230205_sizedistributions_v01.nc": {"start": "2023-02-05T13:28:40Z", "end": "2023-02-05T20:10:00Z", "north": "48.237", "south": "37.907", "east": "-73.97", "west": "-76.204", "format": "net\u00c7DF-4", "sizeMB": 11.8}, "IMPACTS_HVPS3B-P3_20230214_sizedistributions_v01.nc": {"start": "2023-02-14T21:00:50Z", "end": "2023-02-15T05:52:00Z", "north": "48.032", "south": "37.604", "east": "-75.257", "west": "-95.243", "format": "net\u00c7DF-4", "sizeMB": 15.61}, "IMPACTS_HVPS3B-P3_20230212_sizedistributions_v01.nc": {"start": "2023-02-12T13:23:20Z", "end": "2023-02-12T20:13:20Z", "north": "39.338", "south": "35.753", "east": "-74.818", "west": "-76.452", "format": "net\u00c7DF-4", "sizeMB": 12.06}, "IMPACTS_HVPS3B-P3_20230223_sizedistributions_v01.nc": {"start": "2023-02-23T11:35:00Z", "end": "2023-02-23T19:20:00Z", "north": "47.035", "south": "37.535", "east": "-75.081", "west": "-87.832", "format": "net\u00c7DF-4", "sizeMB": 13.67}, "IMPACTS_Hawkeye2DSH-P3_20220114_sizedistributions_v01.nc": {"start": "2022-01-14T19:17:00Z", "end": "2022-01-15T01:28:00Z", "north": "43.795", "south": "37.912", "east": "-68.987", "west": "-75.644", "format": "net\u00c7DF-4", "sizeMB": 11.97}, "IMPACTS_HVPS3B-P3_20230228_sizedistributions_v01.nc": {"start": "2023-02-28T09:03:00Z", "end": "2023-02-28T15:36:00Z", "north": "42.806", "south": "37.909", "east": "-69.642", "west": "-75.52", "format": "net\u00c7DF-4", "sizeMB": 11.56}, "IMPACTS_HVPS3B-P3_20230216_sizedistributions_v01.nc": {"start": "2023-02-16T14:57:30Z", "end": "2023-02-16T23:06:40Z", "north": "43.734", "south": "37.537", "east": "-75.284", "west": "-90.533", "format": "net\u00c7DF-4", "sizeMB": 14.38}, "IMPACTS_Hawkeye2DSH-P3_20220119_sizedistributions_v01.nc": {"start": "2022-01-19T11:00:00Z", "end": "2022-01-19T17:33:00Z", "north": "47.275", "south": "37.913", "east": "-72.498", "west": "-75.587", "format": "net\u00c7DF-4", "sizeMB": 12.68}, "IMPACTS_HVPS3B-P3_20230209_sizedistributions_v01.nc": {"start": "2023-02-09T17:23:20Z", "end": "2023-02-10T00:39:00Z", "north": "46.351", "south": "37.61", "east": "-75.316", "west": "-86.635", "format": "net\u00c7DF-4", "sizeMB": 12.81}, "IMPACTS_Hawkeye2DSH-P3_20220117_sizedistributions_v01.nc": {"start": "2022-01-17T09:04:00Z", "end": "2022-01-17T15:58:00Z", "north": "44.199", "south": "37.915", "east": "-75.326", "west": "-81.009", "format": "net\u00c7DF-4", "sizeMB": 13.36}, "IMPACTS_Hawkeye2DSH-P3_20220213_sizedistributions_v01.nc": {"start": "2022-02-13T11:50:00Z", "end": "2022-02-13T15:11:00Z", "north": "42.473", "south": "37.885", "east": "-70.253", "west": "-75.575", "format": "net\u00c7DF-4", "sizeMB": 6.5}, "IMPACTS_Hawkeye2DSH-P3_20220225_sizedistributions_v01.nc": {"start": "2022-02-25T15:12:00Z", "end": "2022-02-25T19:29:00Z", "north": "43.355", "south": "37.919", "east": "-70.44", "west": "-75.533", "format": "net\u00c7DF-4", "sizeMB": 8.3}, "IMPACTS_Hawkeye2DSH-P3_20220129_sizedistributions_v01.nc": {"start": "2022-01-29T18:51:00Z", "end": "2022-01-30T03:50:00Z", "north": "43.714", "south": "39.707", "east": "-68.678", "west": "-84.143", "format": "net\u00c7DF-4", "sizeMB": 17.39}, "IMPACTS_Hawkeye2DSH-P3_20220204_sizedistributions_v01.nc": {"start": "2022-02-04T13:04:00Z", "end": "2022-02-04T20:26:00Z", "north": "45.297", "south": "37.913", "east": "-68.476", "west": "-75.576", "format": "net\u00c7DF-4", "sizeMB": 14.26}, "IMPACTS_Hawkeye2DSH-P3_20220217_sizedistributions_v01.nc": {"start": "2022-02-17T16:34:00Z", "end": "2022-02-18T00:32:00Z", "north": "42.819", "south": "37.45", "east": "-75.464", "west": "-87.374", "format": "net\u00c7DF-4", "sizeMB": 15.42}, "IMPACTS_Hawkeye2DSV-P3_20220117_sizedistributions_v01.nc": {"start": "2022-01-17T09:04:00Z", "end": "2022-01-17T15:58:00Z", "north": "44.199", "south": "37.915", "east": "-75.326", "west": "-81.009", "format": "net\u00c7DF-4", "sizeMB": 10.18}, "IMPACTS_Hawkeye2DSV-P3_20220114_sizedistributions_v01.nc": {"start": "2022-01-14T19:17:00Z", "end": "2022-01-15T01:28:00Z", "north": "43.795", "south": "37.912", "east": "-68.987", "west": "-75.644", "format": "net\u00c7DF-4", "sizeMB": 9.12}, "IMPACTS_Hawkeye2DSH-P3_20220203_sizedistributions_v01.nc": {"start": "2022-02-03T13:11:00Z", "end": "2022-02-03T20:45:00Z", "north": "41.714", "south": "37.45", "east": "-75.452", "west": "-84.888", "format": "net\u00c7DF-4", "sizeMB": 14.65}, "IMPACTS_Hawkeye2DSH-P3_20220219_sizedistributions_v01.nc": {"start": "2022-02-19T12:12:00Z", "end": "2022-02-19T19:18:00Z", "north": "46.99", "south": "37.937", "east": "-70.697", "west": "-75.51", "format": "net\u00c7DF-4", "sizeMB": 13.75}, "IMPACTS_Hawkeye2DSH-P3_20220208_sizedistributions_v01.nc": {"start": "2022-02-08T12:17:00Z", "end": "2022-02-08T18:56:00Z", "north": "47.272", "south": "37.943", "east": "-64.987", "west": "-75.523", "format": "net\u00c7DF-4", "sizeMB": 12.88}, "IMPACTS_Hawkeye2DSV-P3_20220119_sizedistributions_v01.nc": {"start": "2022-01-19T11:00:00Z", "end": "2022-01-19T17:33:00Z", "north": "47.275", "south": "37.913", "east": "-72.498", "west": "-75.587", "format": "net\u00c7DF-4", "sizeMB": 9.66}, "IMPACTS_Hawkeye2DSV-P3_20220213_sizedistributions_v01.nc": {"start": "2022-02-13T11:50:00Z", "end": "2022-02-13T15:11:00Z", "north": "42.473", "south": "37.885", "east": "-70.253", "west": "-75.575", "format": "net\u00c7DF-4", "sizeMB": 4.95}, "IMPACTS_Hawkeye2DSV-P3_20220208_sizedistributions_v01.nc": {"start": "2022-02-08T12:17:00Z", "end": "2022-02-08T18:56:00Z", "north": "47.272", "south": "37.943", "east": "-64.987", "west": "-75.523", "format": "net\u00c7DF-4", "sizeMB": 9.81}, "IMPACTS_Hawkeye2DSV-P3_20220203_sizedistributions_v01.nc": {"start": "2022-02-03T13:11:00Z", "end": "2022-02-03T20:45:00Z", "north": "41.714", "south": "37.45", "east": "-75.452", "west": "-84.888", "format": "net\u00c7DF-4", "sizeMB": 11.16}, "IMPACTS_Hawkeye2DSV-P3_20220219_sizedistributions_v01.nc": {"start": "2022-02-19T12:12:00Z", "end": "2022-02-19T19:18:00Z", "north": "46.99", "south": "37.937", "east": "-70.697", "west": "-75.51", "format": "net\u00c7DF-4", "sizeMB": 10.47}, "IMPACTS_Hawkeye2DSV-P3_20220225_sizedistributions_v01.nc": {"start": "2022-02-25T15:12:00Z", "end": "2022-02-25T19:29:00Z", "north": "43.355", "south": "37.919", "east": "-70.44", "west": "-75.533", "format": "net\u00c7DF-4", "sizeMB": 6.33}, "IMPACTS_Hawkeye2DSV-P3_20220129_sizedistributions_v01.nc": {"start": "2022-01-29T18:51:00Z", "end": "2022-01-30T03:50:00Z", "north": "43.714", "south": "39.707", "east": "-68.678", "west": "-84.143", "format": "net\u00c7DF-4", "sizeMB": 13.25}, "IMPACTS_MergedHorizontal-P3_20200201_sizedistributions_v01.nc": {"start": "2020-02-01T11:31:00Z", "end": "2020-02-01T15:39:00Z", "north": "38.126", "south": "34.987", "east": "-72.475", "west": "-76.187", "format": "net\u00c7DF-4", "sizeMB": 8.13}, "IMPACTS_Hawkeye2DSV-P3_20220204_sizedistributions_v01.nc": {"start": "2022-02-04T13:04:00Z", "end": "2022-02-04T20:26:00Z", "north": "45.297", "south": "37.913", "east": "-68.476", "west": "-75.576", "format": "net\u00c7DF-4", "sizeMB": 10.87}, "IMPACTS_Hawkeye2DSV-P3_20220217_sizedistributions_v01.nc": {"start": "2022-02-17T16:34:00Z", "end": "2022-02-18T00:32:00Z", "north": "42.819", "south": "37.45", "east": "-75.464", "west": "-87.374", "format": "net\u00c7DF-4", "sizeMB": 11.75}, "IMPACTS_MergedHorizontal-P3_20200118_sizedistributions_v01.nc": {"start": "2020-01-18T18:00:00Z", "end": "2020-01-19T00:02:00Z", "north": "44.202", "south": "37.914", "east": "-73.132", "west": "-75.518", "format": "net\u00c7DF-4", "sizeMB": 11.86}, "IMPACTS_MergedHorizontal-P3_20200125_sizedistributions_v01.nc": {"start": "2020-01-25T18:52:00Z", "end": "2020-01-26T00:28:00Z", "north": "44.433", "south": "37.892", "east": "-71.595", "west": "-75.515", "format": "net\u00c7DF-4", "sizeMB": 11.01}, "IMPACTS_MergedHorizontal-P3_20200205_sizedistributions_v01.nc": {"start": "2020-02-05T18:30:00Z", "end": "2020-02-06T01:39:00Z", "north": "41.759", "south": "37.355", "east": "-75.452", "west": "-90.429", "format": "net\u00c7DF-4", "sizeMB": 14.05}, "IMPACTS_MergedHorizontal-P3_20200207_sizedistributions_v01.nc": {"start": "2020-02-07T14:06:00Z", "end": "2020-02-07T20:00:00Z", "north": "43.153", "south": "37.893", "east": "-73.1", "west": "-76.38", "format": "net\u00c7DF-4", "sizeMB": 11.59}, "IMPACTS_MergedHorizontal-P3_20200224_sizedistributions_v01.nc": {"start": "2020-02-24T17:51:00Z", "end": "2020-02-24T19:32:00Z", "north": "39.962", "south": "37.526", "east": "-75.457", "west": "-84.039", "format": "net\u00c7DF-4", "sizeMB": 3.32}, "IMPACTS_MergedHorizontal-P3_20200218_sizedistributions_v01.nc": {"start": "2020-02-18T17:22:00Z", "end": "2020-02-18T22:13:00Z", "north": "45.25", "south": "37.91", "east": "-70.193", "west": "-75.581", "format": "net\u00c7DF-4", "sizeMB": 9.53}, "IMPACTS_MergedHorizontal-P3_20200213_sizedistributions_v01.nc": {"start": "2020-02-13T06:13:00Z", "end": "2020-02-13T12:40:00Z", "north": "44.358", "south": "37.912", "east": "-72.577", "west": "-75.53", "format": "net\u00c7DF-4", "sizeMB": 12.67}, "IMPACTS_MergedHorizontal-P3_20200220_sizedistributions_v01.nc": {"start": "2020-02-20T19:40:00Z", "end": "2020-02-21T01:11:00Z", "north": "37.976", "south": "33.261", "east": "-75.451", "west": "-79.877", "format": "net\u00c7DF-4", "sizeMB": 10.84}, "IMPACTS_MergedHorizontal-P3_20220114_sizedistributions_v01.nc": {"start": "2022-01-14T19:17:00Z", "end": "2022-01-15T01:28:00Z", "north": "43.795", "south": "37.912", "east": "-68.987", "west": "-75.644", "format": "net\u00c7DF-4", "sizeMB": 12.15}, "IMPACTS_MergedHorizontal-P3_20220203_sizedistributions_v01.nc": {"start": "2022-02-03T13:11:00Z", "end": "2022-02-03T20:45:00Z", "north": "41.714", "south": "37.45", "east": "-75.452", "west": "-84.888", "format": "net\u00c7DF-4", "sizeMB": 14.87}, "IMPACTS_MergedHorizontal-P3_20220204_sizedistributions_v01.nc": {"start": "2022-02-04T13:04:00Z", "end": "2022-02-04T20:26:00Z", "north": "45.297", "south": "37.913", "east": "-68.476", "west": "-75.576", "format": "net\u00c7DF-4", "sizeMB": 14.47}, "IMPACTS_MergedHorizontal-P3_20220129_sizedistributions_v01.nc": {"start": "2022-01-29T18:51:00Z", "end": "2022-01-30T03:50:00Z", "north": "43.714", "south": "39.707", "east": "-68.678", "west": "-84.143", "format": "net\u00c7DF-4", "sizeMB": 17.65}, "IMPACTS_MergedHorizontal-P3_20220225_sizedistributions_v01.nc": {"start": "2022-02-25T15:12:00Z", "end": "2022-02-25T19:29:00Z", "north": "43.355", "south": "37.919", "east": "-70.44", "west": "-75.533", "format": "net\u00c7DF-4", "sizeMB": 8.42}, "IMPACTS_MergedHorizontal-P3_20220213_sizedistributions_v01.nc": {"start": "2022-02-13T11:50:00Z", "end": "2022-02-13T15:11:00Z", "north": "42.473", "south": "37.885", "east": "-70.253", "west": "-75.575", "format": "net\u00c7DF-4", "sizeMB": 6.59}, "IMPACTS_MergedHorizontal-P3_20220219_sizedistributions_v01.nc": {"start": "2022-02-19T12:12:00Z", "end": "2022-02-19T19:18:00Z", "north": "46.99", "south": "37.937", "east": "-70.697", "west": "-75.51", "format": "net\u00c7DF-4", "sizeMB": 13.95}, "IMPACTS_MergedHorizontal-P3_20230113_sizedistributions_v01.nc": {"start": "2023-01-13T04:32:10Z", "end": "2023-01-13T11:02:00Z", "north": "46.78", "south": "37.902", "east": "-74.976", "west": "-75.527", "format": "net\u00c7DF-4", "sizeMB": 12.78}, "IMPACTS_MergedHorizontal-P3_20220217_sizedistributions_v01.nc": {"start": "2022-02-17T16:34:00Z", "end": "2022-02-18T00:32:00Z", "north": "42.819", "south": "37.45", "east": "-75.464", "west": "-87.374", "format": "net\u00c7DF-4", "sizeMB": 15.65}, "IMPACTS_MergedHorizontal-P3_20220208_sizedistributions_v01.nc": {"start": "2022-02-08T12:17:00Z", "end": "2022-02-08T18:56:00Z", "north": "47.272", "south": "37.943", "east": "-64.987", "west": "-75.523", "format": "net\u00c7DF-4", "sizeMB": 13.07}, "IMPACTS_MergedHorizontal-P3_20230119_sizedistributions_v01.nc": {"start": "2023-01-19T20:20:30Z", "end": "2023-01-20T04:28:20Z", "north": "46.422", "south": "37.91", "east": "-73.442", "west": "-78.196", "format": "net\u00c7DF-4", "sizeMB": 15.98}, "IMPACTS_MergedHorizontal-P3_20230123_sizedistributions_v01.nc": {"start": "2023-01-23T11:44:10Z", "end": "2023-01-23T19:47:30Z", "north": "45.016", "south": "37.914", "east": "-68.768", "west": "-75.518", "format": "net\u00c7DF-4", "sizeMB": 15.84}, "IMPACTS_MergedHorizontal-P3_20230115_sizedistributions_v01.nc": {"start": "2023-01-15T14:08:30Z", "end": "2023-01-15T20:40:00Z", "north": "39.964", "south": "36.336", "east": "-67.878", "west": "-75.654", "format": "net\u00c7DF-4", "sizeMB": 12.83}, "IMPACTS_MergedHorizontal-P3_20230129_sizedistributions_v01.nc": {"start": "2023-01-29T13:29:00Z", "end": "2023-01-29T18:05:00Z", "north": "45.642", "south": "37.927", "east": "-75.333", "west": "-77.367", "format": "net\u00c7DF-4", "sizeMB": 9.06}, "IMPACTS_MergedHorizontal-P3_20230125_sizedistributions_v01.nc": {"start": "2023-01-25T18:42:00Z", "end": "2023-01-26T00:33:20Z", "north": "44.096", "south": "37.943", "east": "-73.777", "west": "-76.48", "format": "net\u00c7DF-4", "sizeMB": 11.52}, "IMPACTS_MergedHorizontal-P3_20230209_sizedistributions_v01.nc": {"start": "2023-02-09T17:23:20Z", "end": "2023-02-10T00:39:00Z", "north": "46.351", "south": "37.61", "east": "-75.316", "west": "-86.635", "format": "net\u00c7DF-4", "sizeMB": 14.28}, "IMPACTS_MergedHorizontal-P3_20230212_sizedistributions_v01.nc": {"start": "2023-02-12T13:23:20Z", "end": "2023-02-12T20:13:20Z", "north": "39.338", "south": "35.753", "east": "-74.818", "west": "-76.452", "format": "net\u00c7DF-4", "sizeMB": 13.44}, "IMPACTS_MergedHorizontal-P3_20230205_sizedistributions_v01.nc": {"start": "2023-02-05T13:28:40Z", "end": "2023-02-05T20:10:00Z", "north": "48.237", "south": "37.907", "east": "-73.97", "west": "-76.204", "format": "net\u00c7DF-4", "sizeMB": 13.15}, "IMPACTS_MergedHorizontal-P3_20230214_sizedistributions_v01.nc": {"start": "2023-02-14T21:00:50Z", "end": "2023-02-15T05:52:00Z", "north": "48.032", "south": "37.604", "east": "-75.257", "west": "-95.243", "format": "net\u00c7DF-4", "sizeMB": 17.4}, "IMPACTS_MergedHorizontal-P3_20230228_sizedistributions_v01.nc": {"start": "2023-02-28T09:03:00Z", "end": "2023-02-28T15:36:00Z", "north": "42.806", "south": "37.909", "east": "-69.642", "west": "-75.52", "format": "net\u00c7DF-4", "sizeMB": 12.88}, "IMPACTS_MergedHorizontal-P3_20230223_sizedistributions_v01.nc": {"start": "2023-02-23T11:35:00Z", "end": "2023-02-23T19:20:00Z", "north": "47.035", "south": "37.535", "east": "-75.081", "west": "-87.832", "format": "net\u00c7DF-4", "sizeMB": 15.24}, "IMPACTS_MergedHorizontal-P3_20230216_sizedistributions_v01.nc": {"start": "2023-02-16T14:57:30Z", "end": "2023-02-16T23:06:40Z", "north": "43.734", "south": "37.537", "east": "-75.284", "west": "-90.533", "format": "net\u00c7DF-4", "sizeMB": 16.03}, "IMPACTS_MergedVertical-P3_20200218_sizedistributions_v01.nc": {"start": "2020-02-18T17:22:00Z", "end": "2020-02-18T22:13:00Z", "north": "45.25", "south": "37.91", "east": "-70.193", "west": "-75.581", "format": "net\u00c7DF-4", "sizeMB": 9.53}, "IMPACTS_MergedVertical-P3_20200207_sizedistributions_v01.nc": {"start": "2020-02-07T14:06:00Z", "end": "2020-02-07T20:00:00Z", "north": "43.153", "south": "37.893", "east": "-73.1", "west": "-76.38", "format": "net\u00c7DF-4", "sizeMB": 11.59}, "IMPACTS_MergedVertical-P3_20200213_sizedistributions_v01.nc": {"start": "2020-02-13T06:13:00Z", "end": "2020-02-13T12:40:00Z", "north": "44.358", "south": "37.912", "east": "-72.577", "west": "-75.53", "format": "net\u00c7DF-4", "sizeMB": 12.67}, "IMPACTS_MergedVertical-P3_20200224_sizedistributions_v01.nc": {"start": "2020-02-24T17:51:00Z", "end": "2020-02-24T19:32:00Z", "north": "39.962", "south": "37.526", "east": "-75.457", "west": "-84.039", "format": "net\u00c7DF-4", "sizeMB": 3.32}, "IMPACTS_MergedVertical-P3_20200220_sizedistributions_v01.nc": {"start": "2020-02-20T19:40:00Z", "end": "2020-02-21T01:11:00Z", "north": "37.976", "south": "33.261", "east": "-75.451", "west": "-79.877", "format": "net\u00c7DF-4", "sizeMB": 10.84}, "IMPACTS_MergedVertical-P3_20220213_sizedistributions_v01.nc": {"start": "2022-02-13T11:50:00Z", "end": "2022-02-13T15:11:00Z", "north": "42.473", "south": "37.885", "east": "-70.253", "west": "-75.575", "format": "net\u00c7DF-4", "sizeMB": 6.59}, "IMPACTS_MergedVertical-P3_20220203_sizedistributions_v01.nc": {"start": "2022-02-03T13:11:00Z", "end": "2022-02-03T20:45:00Z", "north": "41.714", "south": "37.45", "east": "-75.452", "west": "-84.888", "format": "net\u00c7DF-4", "sizeMB": 14.87}, "IMPACTS_MergedVertical-P3_20220204_sizedistributions_v01.nc": {"start": "2022-02-04T13:04:00Z", "end": "2022-02-04T20:26:00Z", "north": "45.297", "south": "37.913", "east": "-68.476", "west": "-75.576", "format": "net\u00c7DF-4", "sizeMB": 14.47}, "IMPACTS_MergedVertical-P3_20220117_sizedistributions_v01.nc": {"start": "2022-01-17T09:04:00Z", "end": "2022-01-17T15:58:00Z", "north": "44.199", "south": "37.915", "east": "-75.326", "west": "-81.009", "format": "net\u00c7DF-4", "sizeMB": 13.56}, "IMPACTS_MergedVertical-P3_20220119_sizedistributions_v01.nc": {"start": "2022-01-19T11:00:00Z", "end": "2022-01-19T17:33:00Z", "north": "47.275", "south": "37.913", "east": "-72.498", "west": "-75.587", "format": "net\u00c7DF-4", "sizeMB": 12.87}, "IMPACTS_MergedVertical-P3_20220225_sizedistributions_v01.nc": {"start": "2022-02-25T15:12:00Z", "end": "2022-02-25T19:29:00Z", "north": "43.355", "south": "37.919", "east": "-70.44", "west": "-75.533", "format": "net\u00c7DF-4", "sizeMB": 8.42}, "IMPACTS_MergedVertical-P3_20220208_sizedistributions_v01.nc": {"start": "2022-02-08T12:17:00Z", "end": "2022-02-08T18:56:00Z", "north": "47.272", "south": "37.943", "east": "-64.987", "west": "-75.523", "format": "net\u00c7DF-4", "sizeMB": 13.07}, "IMPACTS_MergedVertical-P3_20220217_sizedistributions_v01.nc": {"start": "2022-02-17T16:34:00Z", "end": "2022-02-18T00:32:00Z", "north": "42.819", "south": "37.45", "east": "-75.464", "west": "-87.374", "format": "net\u00c7DF-4", "sizeMB": 15.65}, "IMPACTS_MergedVertical-P3_20220129_sizedistributions_v01.nc": {"start": "2022-01-29T18:51:00Z", "end": "2022-01-30T03:50:00Z", "north": "43.714", "south": "39.707", "east": "-68.678", "west": "-84.143", "format": "net\u00c7DF-4", "sizeMB": 17.65}, "IMPACTS_MergedVertical-P3_20220219_sizedistributions_v01.nc": {"start": "2022-02-19T12:12:00Z", "end": "2022-02-19T19:18:00Z", "north": "46.99", "south": "37.937", "east": "-70.697", "west": "-75.51", "format": "net\u00c7DF-4", "sizeMB": 13.95}, "IMPACTS_MergedVertical-P3_20230113_sizedistributions_v01.nc": {"start": "2023-01-13T04:32:10Z", "end": "2023-01-13T11:02:00Z", "north": "46.78", "south": "37.902", "east": "-74.976", "west": "-75.527", "format": "net\u00c7DF-4", "sizeMB": 12.78}, "IMPACTS_MergedVertical-P3_20230115_sizedistributions_v01.nc": {"start": "2023-01-15T14:08:30Z", "end": "2023-01-15T20:40:00Z", "north": "39.964", "south": "36.336", "east": "-67.878", "west": "-75.654", "format": "net\u00c7DF-4", "sizeMB": 12.83}, "IMPACTS_MergedVertical-P3_20230123_sizedistributions_v01.nc": {"start": "2023-01-23T11:44:10Z", "end": "2023-01-23T19:47:30Z", "north": "45.016", "south": "37.914", "east": "-68.768", "west": "-75.518", "format": "net\u00c7DF-4", "sizeMB": 15.84}, "IMPACTS_MergedVertical-P3_20230119_sizedistributions_v01.nc": {"start": "2023-01-19T20:20:30Z", "end": "2023-01-20T04:28:20Z", "north": "46.422", "south": "37.91", "east": "-73.442", "west": "-78.196", "format": "net\u00c7DF-4", "sizeMB": 15.98}, "IMPACTS_MergedVertical-P3_20230125_sizedistributions_v01.nc": {"start": "2023-01-25T18:42:00Z", "end": "2023-01-26T00:33:20Z", "north": "44.096", "south": "37.943", "east": "-73.777", "west": "-76.48", "format": "net\u00c7DF-4", "sizeMB": 11.52}, "IMPACTS_MergedVertical-P3_20230212_sizedistributions_v01.nc": {"start": "2023-02-12T13:23:20Z", "end": "2023-02-12T20:13:20Z", "north": "39.338", "south": "35.753", "east": "-74.818", "west": "-76.452", "format": "net\u00c7DF-4", "sizeMB": 13.44}, "IMPACTS_MergedVertical-P3_20230129_sizedistributions_v01.nc": {"start": "2023-01-29T13:29:00Z", "end": "2023-01-29T18:05:00Z", "north": "45.642", "south": "37.927", "east": "-75.333", "west": "-77.367", "format": "net\u00c7DF-4", "sizeMB": 9.06}, "IMPACTS_MergedVertical-P3_20230209_sizedistributions_v01.nc": {"start": "2023-02-09T17:23:20Z", "end": "2023-02-10T00:39:00Z", "north": "46.351", "south": "37.61", "east": "-75.316", "west": "-86.635", "format": "net\u00c7DF-4", "sizeMB": 14.28}, "IMPACTS_MergedVertical-P3_20230205_sizedistributions_v01.nc": {"start": "2023-02-05T13:28:40Z", "end": "2023-02-05T20:10:00Z", "north": "48.237", "south": "37.907", "east": "-73.97", "west": "-76.204", "format": "net\u00c7DF-4", "sizeMB": 13.15}, "IMPACTS_MergedVertical-P3_20230216_sizedistributions_v01.nc": {"start": "2023-02-16T14:57:30Z", "end": "2023-02-16T23:06:40Z", "north": "43.734", "south": "37.537", "east": "-75.284", "west": "-90.533", "format": "net\u00c7DF-4", "sizeMB": 16.03}, "IMPACTS_MergedVertical-P3_20230223_sizedistributions_v01.nc": {"start": "2023-02-23T11:35:00Z", "end": "2023-02-23T19:20:00Z", "north": "47.035", "south": "37.535", "east": "-75.081", "west": "-87.832", "format": "net\u00c7DF-4", "sizeMB": 15.24}, "IMPACTS_MergedVertical-P3_20230228_sizedistributions_v01.nc": {"start": "2023-02-28T09:03:00Z", "end": "2023-02-28T15:36:00Z", "north": "42.806", "south": "37.909", "east": "-69.642", "west": "-75.52", "format": "net\u00c7DF-4", "sizeMB": 12.88}, "IMPACTS_MergedVertical-P3_20230214_sizedistributions_v01.nc": {"start": "2023-02-14T21:00:50Z", "end": "2023-02-15T05:52:00Z", "north": "48.032", "south": "37.604", "east": "-75.257", "west": "-95.243", "format": "net\u00c7DF-4", "sizeMB": 17.4}}