{"IMPACTS_EXRAD_L1B_Rev-_20220119.h5": {"start": "2022-01-19T11:08:15Z", "end": "2022-01-19T17:34:46Z", "north": "47.673", "south": "35.787", "east": "-72.203", "west": "-78.359", "format": "HDF-5", "sizeMB": 5473.9}, "IMPACTS_EXRAD_L1B_Rev-_20220217.h5": {"start": "2022-02-17T16:32:24Z", "end": "2022-02-17T23:57:21Z", "north": "43.065", "south": "36.057", "east": "-78.943", "west": "-87.893", "format": "HDF-5", "sizeMB": 6301.48}, "IMPACTS_EXRAD_L1B_RevC_20200225.h5": {"start": "2020-02-25T20:29:39Z", "end": "2020-02-26T03:30:09Z", "north": "41.823", "south": "32.534", "east": "-80.415", "west": "-88.651", "format": "HDF-5", "sizeMB": 3872.65}, "IMPACTS_EXRAD_L1B_RevC_20200227.h5": {"start": "2020-02-27T07:45:12Z", "end": "2020-02-27T14:50:09Z", "north": "44.177", "south": "32.856", "east": "-72.932", "west": "-80.286", "format": "HDF-5", "sizeMB": 3913.63}, "IMPACTS_EXRAD_L1B_Rev-_20220213.h5": {"start": "2022-02-13T11:50:20Z", "end": "2022-02-13T16:06:33Z", "north": "42.728", "south": "35.538", "east": "-69.576", "west": "-78.475", "format": "HDF-5", "sizeMB": 3628.54}, "IMPACTS_EXRAD_L1B_Rev-_20220222.h5": {"start": "2022-02-22T22:10:30Z", "end": "2022-02-22T23:51:35Z", "north": "35.265", "south": "31.073", "east": "-77.714", "west": "-81.058", "format": "HDF-5", "sizeMB": 1431.73}, "IMPACTS_EXRAD_L1B_RevC_20200201.h5": {"start": "2020-02-01T11:33:18Z", "end": "2020-02-01T16:06:56Z", "north": "37.687", "south": "33.266", "east": "-71.749", "west": "-79.078", "format": "HDF-5", "sizeMB": 2520.04}, "IMPACTS_EXRAD_L1B_Rev-_20220219.h5": {"start": "2022-02-19T12:30:41Z", "end": "2022-02-19T16:13:00Z", "north": "46.716", "south": "37.257", "east": "-71.432", "west": "-77.987", "format": "HDF-5", "sizeMB": 3148.45}, "IMPACTS_EXRAD_L1B_Rev-_20220225.h5": {"start": "2022-02-25T08:23:54Z", "end": "2022-02-25T15:10:42Z", "north": "43.856", "south": "35.489", "east": "-73.122", "west": "-79.219", "format": "HDF-5", "sizeMB": 5761.21}, "IMPACTS_EXRAD_L1B_RevC_20200207.h5": {"start": "2020-02-07T12:22:26Z", "end": "2020-02-07T18:15:41Z", "north": "43.154", "south": "32.392", "east": "-73.182", "west": "-80.539", "format": "HDF-5", "sizeMB": 3253.25}, "IMPACTS_EXRAD_L1B_RevC_20200205.h5": {"start": "2020-02-05T19:23:26Z", "end": "2020-02-06T01:07:58Z", "north": "42.212", "south": "32.761", "east": "-80.282", "west": "-90.774", "format": "HDF-5", "sizeMB": 3172.98}, "IMPACTS_EXRAD_L1B_Rev-_20220129.h5": {"start": "2022-01-29T22:47:37Z", "end": "2022-01-30T03:23:13Z", "north": "43.867", "south": "36.171", "east": "-68.261", "west": "-78.278", "format": "HDF-5", "sizeMB": 3903.34}, "IMPACTS_EXRAD_L1B_RevC_20200125.h5": {"start": "2020-01-25T18:19:57Z", "end": "2020-01-26T00:52:01Z", "north": "44.76", "south": "32.743", "east": "-71.691", "west": "-80.128", "format": "HDF-5", "sizeMB": 3610.76}}
