{"IMPACTS2020_EXRAD_L1B_RevD_20200201.h5": {"start": "2020-02-01T11:33:18Z", "end": "2020-02-01T16:08:02Z", "north": "37.687", "south": "33.196", "east": "-71.749", "west": "-79.079", "format": "HDF-5", "sizeMB": 2171.18}, "IMPACTS2020_EXRAD_L1B_RevD_20200125.h5": {"start": "2020-01-25T18:19:57Z", "end": "2020-01-26T00:54:02Z", "north": "44.76", "south": "32.709", "east": "-71.691", "west": "-80.17", "format": "HDF-5", "sizeMB": 3114.22}, "IMPACTS2020_EXRAD_L1B_RevD_20200205.h5": {"start": "2020-02-05T19:23:26Z", "end": "2020-02-06T01:11:04Z", "north": "42.212", "south": "32.668", "east": "-80.281", "west": "-90.774", "format": "HDF-5", "sizeMB": 2747.19}, "IMPACTS2020_EXRAD_L1B_RevD_20200207.h5": {"start": "2020-02-07T12:22:26Z", "end": "2020-02-07T18:18:18Z", "north": "43.154", "south": "32.341", "east": "-73.182", "west": "-80.601", "format": "HDF-5", "sizeMB": 2812.29}, "IMPACTS2020_EXRAD_L1B_RevD_20200225.h5": {"start": "2020-02-25T21:06:07Z", "end": "2020-02-26T03:32:42Z", "north": "41.823", "south": "32.446", "east": "-81.186", "west": "-88.651", "format": "HDF-5", "sizeMB": 3054.95}, "IMPACTS2020_EXRAD_L1B_RevD_20200227.h5": {"start": "2020-02-27T07:45:12Z", "end": "2020-02-27T14:51:53Z", "north": "44.177", "south": "32.801", "east": "-72.932", "west": "-80.299", "format": "HDF-5", "sizeMB": 3371.86}, "IMPACTS2023_EXRAD_NADIR_L1B_RevA_20230113.h5": {"start": "2023-01-13T04:32:13Z", "end": "2023-01-13T10:46:04Z", "north": "47.534", "south": "34.97", "east": "-74.583", "west": "-83.702", "format": "HDF-5", "sizeMB": 1889.9}, "IMPACTS2023_EXRAD_NADIR_L1B_RevA_20230119.h5": {"start": "2023-01-20T00:09:35Z", "end": "2023-01-20T03:18:19Z", "north": "46.045", "south": "34.539", "east": "-74.725", "west": "-84.205", "format": "HDF-5", "sizeMB": 954.17}, "IMPACTS2023_EXRAD_NADIR_L1B_RevA_20230115.h5": {"start": "2023-01-15T12:54:21Z", "end": "2023-01-15T19:58:54Z", "north": "40.197", "south": "33.91", "east": "-67.286", "west": "-84.526", "format": "HDF-5", "sizeMB": 2146.23}, "IMPACTS2023_EXRAD_NADIR_L1B_RevA_20230123.h5": {"start": "2023-01-23T12:08:57Z", "end": "2023-01-23T19:16:55Z", "north": "45.274", "south": "33.91", "east": "-68.394", "west": "-84.527", "format": "HDF-5", "sizeMB": 2163.46}, "IMPACTS2023_EXRAD_NADIR_L1B_RevA_20230125.h5": {"start": "2023-01-25T19:22:36Z", "end": "2023-01-26T01:15:34Z", "north": "44.554", "south": "34.418", "east": "-73.233", "west": "-83.939", "format": "HDF-5", "sizeMB": 1784.42}, "IMPACTS2023_EXRAD_NADIR_L1B_RevA_20230129.h5": {"start": "2023-01-29T12:44:38Z", "end": "2023-01-29T18:32:26Z", "north": "46.218", "south": "33.91", "east": "-75.318", "west": "-84.547", "format": "HDF-5", "sizeMB": 1758.3}, "IMPACTS2023_EXRAD_NADIR_L1B_RevA_20230205.h5": {"start": "2023-02-05T12:39:06Z", "end": "2023-02-05T20:12:10Z", "north": "48.658", "south": "33.91", "east": "-74.577", "west": "-84.528", "format": "HDF-5", "sizeMB": 2290.42}, "IMPACTS2023_EXRAD_NADIR_L1B_RevA_20230212.h5": {"start": "2023-02-12T12:54:35Z", "end": "2023-02-12T19:51:41Z", "north": "39.85", "south": "33.91", "east": "-74.506", "west": "-84.563", "format": "HDF-5", "sizeMB": 2108.53}, "IMPACTS2023_EXRAD_NADIR_L1B_RevA_20230214.h5": {"start": "2023-02-14T21:37:25Z", "end": "2023-02-15T04:55:34Z", "north": "48.131", "south": "33.912", "east": "-83.902", "west": "-95.461", "format": "HDF-5", "sizeMB": 2214.98}, "IMPACTS2023_EXRAD_NADIR_L1B_RevA_20230217.h5": {"start": "2023-02-17T11:58:27Z", "end": "2023-02-17T19:16:52Z", "north": "48.058", "south": "33.91", "east": "-69.094", "west": "-84.554", "format": "HDF-5", "sizeMB": 2216.37}, "IMPACTS2023_EXRAD_NADIR_L1B_RevA_20230228.h5": {"start": "2023-02-28T08:44:05Z", "end": "2023-02-28T16:08:06Z", "north": "43.389", "south": "33.905", "east": "-69.412", "west": "-84.526", "format": "HDF-5", "sizeMB": 2244.67}, "IMPACTS_EXRAD_L1B_Rev-_20220129.h5": {"start": "2022-01-29T22:47:37Z", "end": "2022-01-30T03:23:13Z", "north": "43.867", "south": "36.171", "east": "-68.261", "west": "-78.278", "format": "HDF-5", "sizeMB": 3903.34}, "IMPACTS_EXRAD_L1B_Rev-_20220119.h5": {"start": "2022-01-19T11:08:15Z", "end": "2022-01-19T17:34:46Z", "north": "47.673", "south": "35.787", "east": "-72.203", "west": "-78.359", "format": "HDF-5", "sizeMB": 5473.9}, "IMPACTS_EXRAD_L1B_Rev-_20220213.h5": {"start": "2022-02-13T11:50:20Z", "end": "2022-02-13T16:06:33Z", "north": "42.728", "south": "35.538", "east": "-69.576", "west": "-78.475", "format": "HDF-5", "sizeMB": 3628.54}, "IMPACTS_EXRAD_L1B_Rev-_20220217.h5": {"start": "2022-02-17T16:32:24Z", "end": "2022-02-17T23:57:21Z", "north": "43.065", "south": "36.057", "east": "-78.943", "west": "-87.893", "format": "HDF-5", "sizeMB": 6301.48}, "IMPACTS_EXRAD_L1B_Rev-_20220219.h5": {"start": "2022-02-19T12:30:41Z", "end": "2022-02-19T16:13:00Z", "north": "46.716", "south": "37.257", "east": "-71.432", "west": "-77.987", "format": "HDF-5", "sizeMB": 3148.45}, "IMPACTS_EXRAD_L1B_Rev-_20220222.h5": {"start": "2022-02-22T22:10:30Z", "end": "2022-02-22T23:51:35Z", "north": "35.265", "south": "31.073", "east": "-77.714", "west": "-81.058", "format": "HDF-5", "sizeMB": 1431.73}, "IMPACTS_EXRAD_NADIR_L1B_Rev-_20230302.h5": {"start": "2023-03-02T11:41:18Z", "end": "2023-03-02T16:36:07Z", "north": "36.356", "south": "33.91", "east": "-84.353", "west": "-117.635", "format": "HDF-5", "sizeMB": 1484.8}, "IMPACTS_EXRAD_L1B_Rev-_20220225.h5": {"start": "2022-02-25T08:23:54Z", "end": "2022-02-25T15:10:42Z", "north": "43.856", "south": "35.489", "east": "-73.122", "west": "-79.219", "format": "HDF-5", "sizeMB": 5761.21}}