{"IMPACTS_EXRAD_L1B_Rev-_20220119.h5": {"start": "2022-01-19T11:08:15Z", "end": "2022-01-19T17:34:46Z", "north": "47.673", "south": "35.787", "east": "-72.203", "west": "-78.359", "format": "HDF-5", "sizeMB": 5473.9}, "IMPACTS_EXRAD_L1B_Rev-_20220217.h5": {"start": "2022-02-17T16:32:24Z", "end": "2022-02-17T23:57:21Z", "north": "43.065", "south": "36.057", "east": "-78.943", "west": "-87.893", "format": "HDF-5", "sizeMB": 6301.48}, "IMPACTS_EXRAD_L1B_RevC_20200225.h5": {"start": "2020-02-25T20:29:39Z", "end": "2020-02-26T03:30:09Z", "north": "41.823", "south": "32.534", "east": "-80.415", "west": "-88.651", "format": "HDF-5", "sizeMB": 3872.65}, "IMPACTS_EXRAD_L1B_RevC_20200227.h5": {"start": "2020-02-27T07:45:12Z", "end": "2020-02-27T14:50:09Z", "north": "44.177", "south": "32.856", "east": "-72.932", "west": "-80.286", "format": "HDF-5", "sizeMB": 3913.63}, "IMPACTS_EXRAD_L1B_Rev-_20220213.h5": {"start": "2022-02-13T11:50:20Z", "end": "2022-02-13T16:06:33Z", "north": "42.728", "south": "35.538", "east": "-69.576", "west": "-78.475", "format": "HDF-5", "sizeMB": 3628.54}, "IMPACTS_EXRAD_L1B_Rev-_20220222.h5": {"start": "2022-02-22T22:10:30Z", "end": "2022-02-22T23:51:35Z", "north": "35.265", "south": "31.073", "east": "-77.714", "west": "-81.058", "format": "HDF-5", "sizeMB": 1431.73}, "IMPACTS_EXRAD_L1B_RevC_20200201.h5": {"start": "2020-02-01T11:33:18Z", "end": "2020-02-01T16:06:56Z", "north": "37.687", "south": "33.266", "east": "-71.749", "west": "-79.078", "format": "HDF-5", "sizeMB": 2520.04}, "IMPACTS_EXRAD_L1B_Rev-_20220219.h5": {"start": "2022-02-19T12:30:41Z", "end": "2022-02-19T16:13:00Z", "north": "46.716", "south": "37.257", "east": "-71.432", "west": "-77.987", "format": "HDF-5", "sizeMB": 3148.45}, "IMPACTS_EXRAD_L1B_Rev-_20220225.h5": {"start": "2022-02-25T08:23:54Z", "end": "2022-02-25T15:10:42Z", "north": "43.856", "south": "35.489", "east": "-73.122", "west": "-79.219", "format": "HDF-5", "sizeMB": 5761.21}, "IMPACTS_EXRAD_L1B_RevC_20200207.h5": {"start": "2020-02-07T12:22:26Z", "end": "2020-02-07T18:15:41Z", "north": "43.154", "south": "32.392", "east": "-73.182", "west": "-80.539", "format": "HDF-5", "sizeMB": 3253.25}, "IMPACTS_EXRAD_L1B_RevC_20200205.h5": {"start": "2020-02-05T19:23:26Z", "end": "2020-02-06T01:07:58Z", "north": "42.212", "south": "32.761", "east": "-80.282", "west": "-90.774", "format": "HDF-5", "sizeMB": 3172.98}, "IMPACTS_EXRAD_L1B_Rev-_20220129.h5": {"start": "2022-01-29T22:47:37Z", "end": "2022-01-30T03:23:13Z", "north": "43.867", "south": "36.171", "east": "-68.261", "west": "-78.278", "format": "HDF-5", "sizeMB": 3903.34}, "IMPACTS_EXRAD_L1B_RevC_20200125.h5": {"start": "2020-01-25T18:19:57Z", "end": "2020-01-26T00:52:01Z", "north": "44.76", "south": "32.743", "east": "-71.691", "west": "-80.128", "format": "HDF-5", "sizeMB": 3610.76}, "IMPACTS_EXRAD_NADIR_L1B_Rev-_20230113.h5": {"start": "2023-01-13T04:32:13Z", "end": "2023-01-13T10:46:04Z", "north": "47.534", "south": "34.97", "east": "-74.583", "west": "-83.702", "format": "HDF-5", "sizeMB": 3252.27}, "IMPACTS_EXRAD_NADIR_L1B_Rev-_20230115.h5": {"start": "2023-01-15T12:54:21Z", "end": "2023-01-15T19:58:54Z", "north": "40.197", "south": "33.91", "east": "-67.286", "west": "-84.526", "format": "HDF-5", "sizeMB": 3693.39}, "IMPACTS_EXRAD_NADIR_L1B_Rev-_20230119.h5": {"start": "2023-01-20T00:09:35Z", "end": "2023-01-20T03:18:19Z", "north": "46.045", "south": "34.539", "east": "-74.725", "west": "-84.205", "format": "HDF-5", "sizeMB": 1641.98}, "IMPACTS_EXRAD_NADIR_L1B_Rev-_20230125.h5": {"start": "2023-01-25T19:22:36Z", "end": "2023-01-26T01:15:34Z", "north": "44.554", "south": "34.418", "east": "-73.233", "west": "-83.939", "format": "HDF-5", "sizeMB": 3070.74}, "IMPACTS_EXRAD_NADIR_L1B_Rev-_20230129.h5": {"start": "2023-01-29T12:44:38Z", "end": "2023-01-29T18:32:26Z", "north": "46.218", "south": "33.91", "east": "-75.318", "west": "-84.547", "format": "HDF-5", "sizeMB": 3025.8}, "IMPACTS_EXRAD_NADIR_L1B_Rev-_20230205.h5": {"start": "2023-02-05T12:39:06Z", "end": "2023-02-05T20:12:10Z", "north": "48.658", "south": "33.91", "east": "-74.577", "west": "-84.528", "format": "HDF-5", "sizeMB": 3941.53}, "IMPACTS_EXRAD_NADIR_L1B_Rev-_20230212.h5": {"start": "2023-02-12T12:54:35Z", "end": "2023-02-12T19:51:41Z", "north": "39.85", "south": "33.91", "east": "-74.506", "west": "-84.563", "format": "HDF-5", "sizeMB": 3628.5}, "IMPACTS_EXRAD_NADIR_L1B_Rev-_20230214.h5": {"start": "2023-02-14T21:37:25Z", "end": "2023-02-15T04:55:34Z", "north": "48.131", "south": "33.912", "east": "-83.902", "west": "-95.461", "format": "HDF-5", "sizeMB": 3811.69}, "IMPACTS_EXRAD_NADIR_L1B_Rev-_20230217.h5": {"start": "2023-02-17T11:58:27Z", "end": "2023-02-17T19:16:52Z", "north": "48.058", "south": "33.91", "east": "-69.094", "west": "-84.554", "format": "HDF-5", "sizeMB": 3814.09}, "IMPACTS_EXRAD_NADIR_L1B_Rev-_20230228.h5": {"start": "2023-02-28T08:44:05Z", "end": "2023-02-28T16:08:06Z", "north": "43.389", "south": "33.905", "east": "-69.412", "west": "-84.526", "format": "HDF-5", "sizeMB": 3862.8}, "IMPACTS_EXRAD_NADIR_L1B_Rev-_20230302.h5": {"start": "2023-03-02T11:41:18Z", "end": "2023-03-02T16:36:07Z", "north": "36.356", "south": "33.91", "east": "-84.353", "west": "-117.635", "format": "HDF-5", "sizeMB": 1484.8}}