{"IMPACTS2020_EXRAD_L1B_RevD_20200201.h5": {"start": "2020-02-01T11:33:18Z", "end": "2020-02-01T16:08:02Z", "north": "37.687", "south": "33.196", "east": "-71.749", "west": "-79.079", "format": "HDF-5", "sizeMB": 2171.18}, "IMPACTS2020_EXRAD_L1B_RevD_20200125.h5": {"start": "2020-01-25T18:19:57Z", "end": "2020-01-26T00:54:02Z", "north": "44.76", "south": "32.709", "east": "-71.691", "west": "-80.17", "format": "HDF-5", "sizeMB": 3114.22}, "IMPACTS2020_EXRAD_L1B_RevD_20200205.h5": {"start": "2020-02-05T19:23:26Z", "end": "2020-02-06T01:11:04Z", "north": "42.212", "south": "32.668", "east": "-80.281", "west": "-90.774", "format": "HDF-5", "sizeMB": 2747.19}, "IMPACTS2020_EXRAD_L1B_RevD_20200207.h5": {"start": "2020-02-07T12:22:26Z", "end": "2020-02-07T18:18:18Z", "north": "43.154", "south": "32.341", "east": "-73.182", "west": "-80.601", "format": "HDF-5", "sizeMB": 2812.29}, "IMPACTS2020_EXRAD_L1B_RevD_20200225.h5": {"start": "2020-02-25T21:06:07Z", "end": "2020-02-26T03:32:42Z", "north": "41.823", "south": "32.446", "east": "-81.186", "west": "-88.651", "format": "HDF-5", "sizeMB": 3054.95}, "IMPACTS2020_EXRAD_L1B_RevD_20200227.h5": {"start": "2020-02-27T07:45:12Z", "end": "2020-02-27T14:51:53Z", "north": "44.177", "south": "32.801", "east": "-72.932", "west": "-80.299", "format": "HDF-5", "sizeMB": 3371.86}, "IMPACTS2023_EXRAD_NADIR_L1B_RevA2_20230123.h5": {"start": "2023-01-23T12:08:57Z", "end": "2023-01-23T19:16:55Z", "north": "45.274", "south": "33.91", "east": "-68.394", "west": "-84.527", "format": "HDF-5", "sizeMB": 2163.46}, "IMPACTS2023_EXRAD_NADIR_L1B_RevA_20230113.h5": {"start": "2023-01-13T04:32:13Z", "end": "2023-01-13T10:46:04Z", "north": "47.534", "south": "34.97", "east": "-74.583", "west": "-83.702", "format": "HDF-5", "sizeMB": 1889.9}, "IMPACTS2023_EXRAD_NADIR_L1B_RevA_20230119.h5": {"start": "2023-01-20T00:09:35Z", "end": "2023-01-20T03:18:19Z", "north": "46.045", "south": "34.539", "east": "-74.725", "west": "-84.205", "format": "HDF-5", "sizeMB": 954.17}, "IMPACTS2023_EXRAD_NADIR_L1B_RevA_20230115.h5": {"start": "2023-01-15T12:54:21Z", "end": "2023-01-15T19:58:54Z", "north": "40.197", "south": "33.91", "east": "-67.286", "west": "-84.526", "format": "HDF-5", "sizeMB": 2146.23}, "IMPACTS2023_EXRAD_NADIR_L1B_RevA_20230125.h5": {"start": "2023-01-25T19:22:36Z", "end": "2023-01-26T01:15:34Z", "north": "44.554", "south": "34.418", "east": "-73.233", "west": "-83.939", "format": "HDF-5", "sizeMB": 1784.42}, "IMPACTS2023_EXRAD_NADIR_L1B_RevA_20230129.h5": {"start": "2023-01-29T12:44:38Z", "end": "2023-01-29T18:32:26Z", "north": "46.218", "south": "33.91", "east": "-75.318", "west": "-84.547", "format": "HDF-5", "sizeMB": 1758.3}, "IMPACTS2023_EXRAD_NADIR_L1B_RevA_20230205.h5": {"start": "2023-02-05T12:39:06Z", "end": "2023-02-05T20:12:10Z", "north": "48.658", "south": "33.91", "east": "-74.577", "west": "-84.528", "format": "HDF-5", "sizeMB": 2290.42}, "IMPACTS2023_EXRAD_NADIR_L1B_RevA_20230212.h5": {"start": "2023-02-12T12:54:35Z", "end": "2023-02-12T19:51:41Z", "north": "39.85", "south": "33.91", "east": "-74.506", "west": "-84.563", "format": "HDF-5", "sizeMB": 2108.53}, "IMPACTS2023_EXRAD_NADIR_L1B_RevA_20230214.h5": {"start": "2023-02-14T21:37:25Z", "end": "2023-02-15T04:55:34Z", "north": "48.131", "south": "33.912", "east": "-83.902", "west": "-95.461", "format": "HDF-5", "sizeMB": 2214.98}, "IMPACTS2023_EXRAD_NADIR_L1B_RevA_20230217.h5": {"start": "2023-02-17T11:58:27Z", "end": "2023-02-17T19:16:52Z", "north": "48.058", "south": "33.91", "east": "-69.094", "west": "-84.554", "format": "HDF-5", "sizeMB": 2216.37}, "IMPACTS2023_EXRAD_NADIR_L1B_RevA_20230302.h5": {"start": "2023-03-02T11:41:18Z", "end": "2023-03-02T16:36:07Z", "north": "36.356", "south": "33.91", "east": "-84.353", "west": "-117.635", "format": "HDF-5", "sizeMB": 770.41}, "IMPACTS_EXRAD_Gridded_Scan_L1B_Rev-2_20230123T125302_to_20230123T142248.h5": {"start": "2023-01-23T12:53:02Z", "end": "2023-01-23T14:22:48Z", "north": "43.297", "south": "36.689", "east": "-71.878", "west": "-82.765", "format": "HDF-5", "sizeMB": 347.39}, "IMPACTS_EXRAD_Gridded_Scan_L1B_Rev-2_20230123T142320_to_20230123T144743.h5": {"start": "2023-01-23T14:23:20Z", "end": "2023-01-23T14:47:43Z", "north": "45.035", "south": "43.333", "east": "-68.736", "west": "-71.81", "format": "HDF-5", "sizeMB": 91.16}, "IMPACTS_EXRAD_Gridded_Scan_L1B_Rev-2_20230123T145857_to_20230123T152214.h5": {"start": "2023-01-23T14:58:57Z", "end": "2023-01-23T15:22:14Z", "north": "44.832", "south": "43.345", "east": "-69.114", "west": "-71.786", "format": "HDF-5", "sizeMB": 79.51}, "IMPACTS_EXRAD_Gridded_Scan_L1B_Rev-2_20230123T153507_to_20230123T154938.h5": {"start": "2023-01-23T15:35:07Z", "end": "2023-01-23T15:49:38Z", "north": "44.387", "south": "43.445", "east": "-69.921", "west": "-71.61", "format": "HDF-5", "sizeMB": 50.48}, "IMPACTS_EXRAD_Gridded_Scan_L1B_Rev-2_20230123T155133_to_20230123T155758.h5": {"start": "2023-01-23T15:51:33Z", "end": "2023-01-23T15:57:58Z", "north": "45.155", "south": "44.554", "east": "-69.94", "west": "-70.382", "format": "HDF-5", "sizeMB": 22.26}, "IMPACTS_EXRAD_Gridded_Scan_L1B_Rev-2_20230123T160756_to_20230123T162109.h5": {"start": "2023-01-23T16:07:56Z", "end": "2023-01-23T16:21:09Z", "north": "44.81", "south": "43.419", "east": "-69.54", "west": "-70.477", "format": "HDF-5", "sizeMB": 50.59}, "IMPACTS_EXRAD_Gridded_Scan_L1B_Rev-2_20230123T163702_to_20230123T164743.h5": {"start": "2023-01-23T16:37:02Z", "end": "2023-01-23T16:47:42Z", "north": "44.875", "south": "43.834", "east": "-69.808", "west": "-70.521", "format": "HDF-5", "sizeMB": 38.01}, "IMPACTS_EXRAD_Gridded_Scan_L1B_Rev-2_20230123T165456_to_20230123T170938.h5": {"start": "2023-01-23T16:54:56Z", "end": "2023-01-23T17:09:38Z", "north": "44.485", "south": "43.103", "east": "-70.285", "west": "-71.429", "format": "HDF-5", "sizeMB": 52.7}, "IMPACTS_EXRAD_Gridded_Scan_L1B_Rev-2_20230123T171027_to_20230123T184830.h5": {"start": "2023-01-23T17:10:27Z", "end": "2023-01-23T18:48:30Z", "north": "43.043", "south": "36.03", "east": "-71.514", "west": "-81.945", "format": "HDF-5", "sizeMB": 348.33}, "IMPACTS2023_EXRAD_NADIR_L1B_RevA_20230228.h5": {"start": "2023-02-28T08:44:05Z", "end": "2023-02-28T16:08:06Z", "north": "43.389", "south": "33.905", "east": "-69.412", "west": "-84.526", "format": "HDF-5", "sizeMB": 2244.67}, "IMPACTS_EXRAD_Gridded_Scan_L1B_Rev-_20230113T043207_to_20230113T054758.h5": {"start": "2023-01-13T04:32:07Z", "end": "2023-01-13T05:47:58Z", "north": "43.713", "south": "37.112", "east": "-75.028", "west": "-82.7", "format": "HDF-5", "sizeMB": 287.74}, "IMPACTS_EXRAD_Gridded_Scan_L1B_Rev-_20230113T054923_to_20230113T062057.h5": {"start": "2023-01-13T05:49:23Z", "end": "2023-01-13T06:20:57Z", "north": "47.412", "south": "43.862", "east": "-74.945", "west": "-74.977", "format": "HDF-5", "sizeMB": 115.98}, "IMPACTS_EXRAD_Gridded_Scan_L1B_Rev-_20230113T062918_to_20230113T065408.h5": {"start": "2023-01-13T06:29:18Z", "end": "2023-01-13T06:54:07Z", "north": "47.024", "south": "44.238", "east": "-74.975", "west": "-74.981", "format": "HDF-5", "sizeMB": 91.04}, "IMPACTS_EXRAD_Gridded_Scan_L1B_Rev-_20230113T070409_to_20230113T073016.h5": {"start": "2023-01-13T07:04:09Z", "end": "2023-01-13T07:30:16Z", "north": "47.151", "south": "44.22", "east": "-74.98", "west": "-74.983", "format": "HDF-5", "sizeMB": 95.79}, "IMPACTS_EXRAD_Gridded_Scan_L1B_Rev-_20230113T073718_to_20230113T080754.h5": {"start": "2023-01-13T07:37:18Z", "end": "2023-01-13T08:07:54Z", "north": "47.283", "south": "43.843", "east": "-74.978", "west": "-74.981", "format": "HDF-5", "sizeMB": 112.41}, "IMPACTS_EXRAD_Gridded_Scan_L1B_Rev-_20230113T081704_to_20230113T083232.h5": {"start": "2023-01-13T08:17:04Z", "end": "2023-01-13T08:32:32Z", "north": "45.63", "south": "43.897", "east": "-74.98", "west": "-74.983", "format": "HDF-5", "sizeMB": 56.68}, "IMPACTS_EXRAD_Gridded_Scan_L1B_Rev-_20230113T090140_to_20230113T090951.h5": {"start": "2023-01-13T09:01:40Z", "end": "2023-01-13T09:09:51Z", "north": "43.564", "south": "43.18", "east": "-75.218", "west": "-76.3", "format": "HDF-5", "sizeMB": 28.76}, "IMPACTS_EXRAD_Gridded_Scan_L1B_Rev-_20230113T084256_to_20230113T085919.h5": {"start": "2023-01-13T08:42:56Z", "end": "2023-01-13T08:59:19Z", "north": "45.576", "south": "43.732", "east": "-74.978", "west": "-74.981", "format": "HDF-5", "sizeMB": 60.31}, "IMPACTS_EXRAD_Gridded_Scan_L1B_Rev-_20230113T091058_to_20230113T101548.h5": {"start": "2023-01-13T09:10:58Z", "end": "2023-01-13T10:15:48Z", "north": "43.093", "south": "37.292", "east": "-76.412", "west": "-81.819", "format": "HDF-5", "sizeMB": 232.48}, "IMPACTS_EXRAD_Gridded_Scan_L1B_Rev-_20230115T134310_to_20230115T145156.h5": {"start": "2023-01-15T13:43:10Z", "end": "2023-01-15T14:51:56Z", "north": "40.007", "south": "36.38", "east": "-73.898", "west": "-82.876", "format": "HDF-5", "sizeMB": 259.35}, "IMPACTS_EXRAD_Gridded_Scan_L1B_Rev-_20230115T150018_to_20230115T152300.h5": {"start": "2023-01-15T15:00:18Z", "end": "2023-01-15T15:23:00Z", "north": "39.991", "south": "38.112", "east": "-70.512", "west": "-72.76", "format": "HDF-5", "sizeMB": 83.9}, "IMPACTS_EXRAD_Gridded_Scan_L1B_Rev-_20230115T152932_to_20230115T153647.h5": {"start": "2023-01-15T15:29:32Z", "end": "2023-01-15T15:36:47Z", "north": "37.528", "south": "36.785", "east": "-70.026", "west": "-70.073", "format": "HDF-5", "sizeMB": 24.37}, "IMPACTS_EXRAD_Gridded_Scan_L1B_Rev-_20230115T154752_to_20230115T155059.h5": {"start": "2023-01-15T15:47:52Z", "end": "2023-01-15T15:50:59Z", "north": "37.154", "south": "36.802", "east": "-71.25", "west": "-71.292", "format": "HDF-5", "sizeMB": 11.66}, "IMPACTS_EXRAD_Gridded_Scan_L1B_Rev-_20230115T153813_to_20230115T154623.h5": {"start": "2023-01-15T15:38:13Z", "end": "2023-01-15T15:46:23Z", "north": "36.7", "south": "36.691", "east": "-70.138", "west": "-71.182", "format": "HDF-5", "sizeMB": 27.53}, "IMPACTS_EXRAD_Gridded_Scan_L1B_Rev-_20230115T163308_to_20230115T163631.h5": {"start": "2023-01-15T16:33:08Z", "end": "2023-01-15T16:36:30Z", "north": "37.703", "south": "37.336", "east": "-67.596", "west": "-67.655", "format": "HDF-5", "sizeMB": 12.19}, "IMPACTS_EXRAD_Gridded_Scan_L1B_Rev-_20230115T160453_to_20230115T162603.h5": {"start": "2023-01-15T16:04:53Z", "end": "2023-01-15T16:26:03Z", "north": "37.129", "south": "36.714", "east": "-67.504", "west": "-70.432", "format": "HDF-5", "sizeMB": 77.93}, "IMPACTS_EXRAD_Gridded_Scan_L1B_Rev-_20230115T164329_to_20230115T170649.h5": {"start": "2023-01-15T16:43:29Z", "end": "2023-01-15T17:06:49Z", "north": "37.704", "south": "36.25", "east": "-68.017", "west": "-70.482", "format": "HDF-5", "sizeMB": 80.1}, "IMPACTS_EXRAD_Gridded_Scan_L1B_Rev-_20230115T171318_to_20230115T173635.h5": {"start": "2023-01-15T17:13:18Z", "end": "2023-01-15T17:36:35Z", "north": "37.853", "south": "36.351", "east": "-67.744", "west": "-70.311", "format": "HDF-5", "sizeMB": 83.08}, "IMPACTS_EXRAD_Gridded_Scan_L1B_Rev-_20230115T174334_to_20230115T181211.h5": {"start": "2023-01-15T17:43:34Z", "end": "2023-01-15T18:12:11Z", "north": "37.929", "south": "36.191", "east": "-67.605", "west": "-70.579", "format": "HDF-5", "sizeMB": 96.25}, "IMPACTS_EXRAD_Gridded_Scan_L1B_Rev-_20230115T192507_to_20230115T194253.h5": {"start": "2023-01-15T19:25:07Z", "end": "2023-01-15T19:42:53Z", "north": "36.48", "south": "35.345", "east": "-80.396", "west": "-82.368", "format": "HDF-5", "sizeMB": 64.12}, "IMPACTS_EXRAD_Gridded_Scan_L1B_Rev-_20230125T192229_to_20230125T193935.h5": {"start": "2023-01-25T19:22:29Z", "end": "2023-01-25T19:39:35Z", "north": "42.041", "south": "40.764", "east": "-73.79", "west": "-75.807", "format": "HDF-5", "sizeMB": 64.82}, "IMPACTS_EXRAD_Gridded_Scan_L1B_Rev-_20230125T194601_to_20230125T194957.h5": {"start": "2023-01-25T19:46:01Z", "end": "2023-01-25T19:49:57Z", "north": "42.181", "south": "41.98", "east": "-73.418", "west": "-73.917", "format": "HDF-5", "sizeMB": 13.89}, "IMPACTS_EXRAD_Gridded_Scan_L1B_Rev-_20230115T181331_to_20230115T192346.h5": {"start": "2023-01-15T18:13:31Z", "end": "2023-01-15T19:23:46Z", "north": "36.545", "south": "36.178", "east": "-70.739", "west": "-80.231", "format": "HDF-5", "sizeMB": 250.45}, "IMPACTS_EXRAD_Gridded_Scan_L1B_Rev-_20230125T195154_to_20230125T201321.h5": {"start": "2023-01-25T19:51:54Z", "end": "2023-01-25T20:13:21Z", "north": "41.839", "south": "40.361", "east": "-74.119", "west": "-76.43", "format": "HDF-5", "sizeMB": 74.77}, "IMPACTS_EXRAD_Gridded_Scan_L1B_Rev-_20230125T204901_to_20230125T205734.h5": {"start": "2023-01-25T20:49:01Z", "end": "2023-01-25T20:57:34Z", "north": "43.289", "south": "42.317", "east": "-73.415", "west": "-73.515", "format": "HDF-5", "sizeMB": 31.92}, "IMPACTS_EXRAD_Gridded_Scan_L1B_Rev-_20230125T211314_to_20230125T212525.h5": {"start": "2023-01-25T21:13:14Z", "end": "2023-01-25T21:25:25Z", "north": "43.048", "south": "41.692", "east": "-73.822", "west": "-73.826", "format": "HDF-5", "sizeMB": 44.33}, "IMPACTS_EXRAD_Gridded_Scan_L1B_Rev-_20230125T202432_to_20230125T204734.h5": {"start": "2023-01-25T20:24:32Z", "end": "2023-01-25T20:47:34Z", "north": "42.165", "south": "40.428", "east": "-73.582", "west": "-76.321", "format": "HDF-5", "sizeMB": 88.12}, "IMPACTS_EXRAD_Gridded_Scan_L1B_Rev-_20230125T213222_to_20230125T215246.h5": {"start": "2023-01-25T21:32:22Z", "end": "2023-01-25T21:52:46Z", "north": "44.22", "south": "41.929", "east": "-73.815", "west": "-73.818", "format": "HDF-5", "sizeMB": 74.89}, "IMPACTS_EXRAD_Gridded_Scan_L1B_Rev-_20230125T220001_to_20230125T222450.h5": {"start": "2023-01-25T22:00:01Z", "end": "2023-01-25T22:24:50Z", "north": "44.229", "south": "41.485", "east": "-73.817", "west": "-73.82", "format": "HDF-5", "sizeMB": 89.64}, "IMPACTS_EXRAD_Gridded_Scan_L1B_Rev-_20230125T223127_to_20230125T225328.h5": {"start": "2023-01-25T22:31:27Z", "end": "2023-01-25T22:53:28Z", "north": "44.267", "south": "41.791", "east": "-73.806", "west": "-73.814", "format": "HDF-5", "sizeMB": 80.92}, "IMPACTS_EXRAD_Gridded_Scan_L1B_Rev-_20230125T230159_to_20230125T232610.h5": {"start": "2023-01-25T23:01:59Z", "end": "2023-01-25T23:26:10Z", "north": "44.121", "south": "41.449", "east": "-73.815", "west": "-73.829", "format": "HDF-5", "sizeMB": 87.3}, "IMPACTS_EXRAD_Gridded_Scan_L1B_Rev-_20230125T232803_to_20230126T005447.h5": {"start": "2023-01-25T23:28:03Z", "end": "2023-01-26T00:54:47Z", "north": "41.293", "south": "35.139", "east": "-73.972", "west": "-82.985", "format": "HDF-5", "sizeMB": 306.3}, "IMPACTS_EXRAD_Gridded_Scan_L1B_Rev-_20230129T133430_to_20230129T145047.h5": {"start": "2023-01-29T13:34:30Z", "end": "2023-01-29T14:50:47Z", "north": "43.458", "south": "36.802", "east": "-75.879", "west": "-83.063", "format": "HDF-5", "sizeMB": 281.71}, "IMPACTS_EXRAD_Gridded_Scan_L1B_Rev-_20230129T145407_to_20230129T151805.h5": {"start": "2023-01-29T14:54:07Z", "end": "2023-01-29T15:18:05Z", "north": "45.894", "south": "43.787", "east": "-75.711", "west": "-77.424", "format": "HDF-5", "sizeMB": 79.57}, "IMPACTS_EXRAD_Gridded_Scan_L1B_Rev-_20230129T152728_to_20230129T154542.h5": {"start": "2023-01-29T15:27:28Z", "end": "2023-01-29T15:45:42Z", "north": "45.645", "south": "43.784", "east": "-75.706", "west": "-77.215", "format": "HDF-5", "sizeMB": 70.26}, "IMPACTS_EXRAD_Gridded_Scan_L1B_Rev-_20230129T155013_to_20230129T155348.h5": {"start": "2023-01-29T15:50:13Z", "end": "2023-01-29T15:53:48Z", "north": "43.941", "south": "43.665", "east": "-75.473", "west": "-75.815", "format": "HDF-5", "sizeMB": 12.25}, "IMPACTS_EXRAD_Gridded_Scan_L1B_Rev-_20230129T162145_to_20230129T164002.h5": {"start": "2023-01-29T16:21:45Z", "end": "2023-01-29T16:40:02Z", "north": "45.634", "south": "43.806", "east": "-75.721", "west": "-77.21", "format": "HDF-5", "sizeMB": 69.09}, "IMPACTS_EXRAD_Gridded_Scan_L1B_Rev-_20230129T155426_to_20230129T161351.h5": {"start": "2023-01-29T15:54:26Z", "end": "2023-01-29T16:13:51Z", "north": "45.721", "south": "43.994", "east": "-75.865", "west": "-77.28", "format": "HDF-5", "sizeMB": 65.35}, "IMPACTS_EXRAD_Gridded_Scan_L1B_Rev-_20230129T180534_to_20230129T181711.h5": {"start": "2023-01-29T18:05:34Z", "end": "2023-01-29T18:17:11Z", "north": "36.546", "south": "35.439", "east": "-82.652", "west": "-83.367", "format": "HDF-5", "sizeMB": 40.88}, "IMPACTS_EXRAD_Gridded_Scan_L1B_Rev-_20230129T164742_to_20230129T180500.h5": {"start": "2023-01-29T16:47:42Z", "end": "2023-01-29T18:05:00Z", "north": "43.158", "south": "36.599", "east": "-76.272", "west": "-82.614", "format": "HDF-5", "sizeMB": 266.72}, "IMPACTS_EXRAD_Gridded_Scan_L1B_Rev-_20230205T151449_to_20230205T153807.h5": {"start": "2023-02-05T15:14:49Z", "end": "2023-02-05T15:38:07Z", "north": "48.442", "south": "45.86", "east": "-74.91", "west": "-74.913", "format": "HDF-5", "sizeMB": 84.43}, "IMPACTS_EXRAD_Gridded_Scan_L1B_Rev-_20230205T133655_to_20230205T145512.h5": {"start": "2023-02-05T13:36:55Z", "end": "2023-02-05T14:55:12Z", "north": "44.526", "south": "37.214", "east": "-76.157", "west": "-82.926", "format": "HDF-5", "sizeMB": 291.31}, "IMPACTS_EXRAD_Gridded_Scan_L1B_Rev-_20230205T154436_to_20230205T161515.h5": {"start": "2023-02-05T15:44:36Z", "end": "2023-02-05T16:15:15Z", "north": "48.315", "south": "44.739", "east": "-74.909", "west": "-74.92", "format": "HDF-5", "sizeMB": 116.86}, "IMPACTS_EXRAD_Gridded_Scan_L1B_Rev-_20230205T162321_to_20230205T165136.h5": {"start": "2023-02-05T16:23:21Z", "end": "2023-02-05T16:51:36Z", "north": "48.05", "south": "44.798", "east": "-74.891", "west": "-74.903", "format": "HDF-5", "sizeMB": 106.26}, "IMPACTS_EXRAD_Gridded_Scan_L1B_Rev-_20230205T173137_to_20230205T175201.h5": {"start": "2023-02-05T17:31:37Z", "end": "2023-02-05T17:52:01Z", "north": "46.941", "south": "44.627", "east": "-74.86", "west": "-74.927", "format": "HDF-5", "sizeMB": 75.65}, "IMPACTS_EXRAD_Gridded_Scan_L1B_Rev-_20230205T165825_to_20230205T172443.h5": {"start": "2023-02-05T16:58:25Z", "end": "2023-02-05T17:24:43Z", "north": "47.954", "south": "44.784", "east": "-74.895", "west": "-74.91", "format": "HDF-5", "sizeMB": 103.57}, "IMPACTS_EXRAD_Gridded_Scan_L1B_Rev-_20230205T175944_to_20230205T181213.h5": {"start": "2023-02-05T17:59:44Z", "end": "2023-02-05T18:12:13Z", "north": "46.922", "south": "45.478", "east": "-74.893", "west": "-74.907", "format": "HDF-5", "sizeMB": 47.26}, "IMPACTS_EXRAD_Gridded_Scan_L1B_Rev-_20230212T135436_to_20230212T143731.h5": {"start": "2023-02-12T13:54:36Z", "end": "2023-02-12T14:37:31Z", "north": "35.681", "south": "35.21", "east": "-74.849", "west": "-80.831", "format": "HDF-5", "sizeMB": 160.3}, "IMPACTS_EXRAD_Gridded_Scan_L1B_Rev-_20230212T144521_to_20230212T145626.h5": {"start": "2023-02-12T14:45:21Z", "end": "2023-02-12T14:56:26Z", "north": "37.184", "south": "35.976", "east": "-74.513", "west": "-74.666", "format": "HDF-5", "sizeMB": 39.76}, "IMPACTS_EXRAD_Gridded_Scan_L1B_Rev-_20230212T150459_to_20230212T152413.h5": {"start": "2023-02-12T15:04:59Z", "end": "2023-02-12T15:24:13Z", "north": "37.002", "south": "34.91", "east": "-74.997", "west": "-75.001", "format": "HDF-5", "sizeMB": 68.27}, "IMPACTS_EXRAD_Gridded_Scan_L1B_Rev-_20230205T181358_to_20230205T195026.h5": {"start": "2023-02-05T18:13:58Z", "end": "2023-02-05T19:50:26Z", "north": "45.317", "south": "36.332", "east": "-75.02", "west": "-82.728", "format": "HDF-5", "sizeMB": 350.32}, "IMPACTS_EXRAD_Gridded_Scan_L1B_Rev-_20230212T154723_to_20230212T161030.h5": {"start": "2023-02-12T15:47:23Z", "end": "2023-02-12T16:10:29Z", "north": "39.417", "south": "36.826", "east": "-76.287", "west": "-76.294", "format": "HDF-5", "sizeMB": 84.6}, "IMPACTS_EXRAD_Gridded_Scan_L1B_Rev-_20230212T162226_to_20230212T164413.h5": {"start": "2023-02-12T16:22:26Z", "end": "2023-02-12T16:44:12Z", "north": "39.135", "south": "36.703", "east": "-76.294", "west": "-76.296", "format": "HDF-5", "sizeMB": 79.39}, "IMPACTS_EXRAD_Gridded_Scan_L1B_Rev-_20230212T165621_to_20230212T171910.h5": {"start": "2023-02-12T16:56:21Z", "end": "2023-02-12T17:19:10Z", "north": "39.416", "south": "36.869", "east": "-76.293", "west": "-76.294", "format": "HDF-5", "sizeMB": 83.14}, "IMPACTS_EXRAD_Gridded_Scan_L1B_Rev-_20230212T172935_to_20230212T175303.h5": {"start": "2023-02-12T17:29:35Z", "end": "2023-02-12T17:53:03Z", "north": "39.313", "south": "36.699", "east": "-76.296", "west": "-76.297", "format": "HDF-5", "sizeMB": 85.31}, "IMPACTS_EXRAD_Gridded_Scan_L1B_Rev-_20230212T180222_to_20230212T182636.h5": {"start": "2023-02-12T18:02:22Z", "end": "2023-02-12T18:26:36Z", "north": "39.502", "south": "36.783", "east": "-76.293", "west": "-76.295", "format": "HDF-5", "sizeMB": 88.76}, "IMPACTS_EXRAD_Gridded_Scan_L1B_Rev-_20230212T191943_to_20230212T192317.h5": {"start": "2023-02-12T19:19:43Z", "end": "2023-02-12T19:23:17Z", "north": "37.4", "south": "37.058", "east": "-82.208", "west": "-82.422", "format": "HDF-5", "sizeMB": 12.6}, "IMPACTS_EXRAD_Gridded_Scan_L1B_Rev-_20230212T183255_to_20230212T191811.h5": {"start": "2023-02-12T18:32:55Z", "end": "2023-02-12T19:18:11Z", "north": "39.373", "south": "37.527", "east": "-76.411", "west": "-82.083", "format": "HDF-5", "sizeMB": 157.49}, "IMPACTS_EXRAD_Gridded_Scan_L1B_Rev-_20230214T234906_to_20230215T001537.h5": {"start": "2023-02-14T23:49:06Z", "end": "2023-02-15T00:15:37Z", "north": "46.064", "south": "43.923", "east": "-90.437", "west": "-93.45", "format": "HDF-5", "sizeMB": 98.89}, "IMPACTS_EXRAD_Gridded_Scan_L1B_Rev-_20230214T223430_to_20230214T234834.h5": {"start": "2023-02-14T22:34:30Z", "end": "2023-02-14T23:48:34Z", "north": "43.882", "south": "37.096", "east": "-84.788", "west": "-90.381", "format": "HDF-5", "sizeMB": 261.4}, "IMPACTS_EXRAD_Gridded_Scan_L1B_Rev-_20230215T001732_to_20230215T003258.h5": {"start": "2023-02-15T00:17:32Z", "end": "2023-02-15T00:32:58Z", "north": "47.795", "south": "46.243", "east": "-93.64", "west": "-94.948", "format": "HDF-5", "sizeMB": 58.61}, "IMPACTS_EXRAD_Gridded_Scan_L1B_Rev-_20230215T004011_to_20230215T005708.h5": {"start": "2023-02-15T00:40:11Z", "end": "2023-02-15T00:57:07Z", "north": "47.765", "south": "46.143", "east": "-93.554", "west": "-94.921", "format": "HDF-5", "sizeMB": 61.25}, "IMPACTS_EXRAD_Gridded_Scan_L1B_Rev-_20230215T010440_to_20230215T012151.h5": {"start": "2023-02-15T01:04:40Z", "end": "2023-02-15T01:21:51Z", "north": "47.949", "south": "46.253", "east": "-93.65", "west": "-95.069", "format": "HDF-5", "sizeMB": 63.88}, "IMPACTS_EXRAD_Gridded_Scan_L1B_Rev-_20230215T012748_to_20230215T014807.h5": {"start": "2023-02-15T01:27:48Z", "end": "2023-02-15T01:48:06Z", "north": "47.984", "south": "46.043", "east": "-93.458", "west": "-95.12", "format": "HDF-5", "sizeMB": 73.54}, "IMPACTS_EXRAD_Gridded_Scan_L1B_Rev-_20230215T015400_to_20230215T021331.h5": {"start": "2023-02-15T01:54:00Z", "end": "2023-02-15T02:13:31Z", "north": "47.859", "south": "46.014", "east": "-93.457", "west": "-94.986", "format": "HDF-5", "sizeMB": 69.38}, "IMPACTS_EXRAD_Gridded_Scan_L1B_Rev-_20230217T125126_to_20230217T133315.h5": {"start": "2023-02-17T12:51:26Z", "end": "2023-02-17T13:33:15Z", "north": "38.484", "south": "36.579", "east": "-76.753", "west": "-82.276", "format": "HDF-5", "sizeMB": 156.32}, "IMPACTS_EXRAD_Gridded_Scan_L1B_Rev-_20230217T133433_to_20230217T144425.h5": {"start": "2023-02-17T13:34:33Z", "end": "2023-02-17T14:44:25Z", "north": "44.947", "south": "38.587", "east": "-70.645", "west": "-76.628", "format": "HDF-5", "sizeMB": 253.67}, "IMPACTS_EXRAD_Gridded_Scan_L1B_Rev-_20230215T023132_to_20230215T043707.h5": {"start": "2023-02-15T02:31:32Z", "end": "2023-02-15T04:37:07Z", "north": "47.742", "south": "36.099", "east": "-84.927", "west": "-94.904", "format": "HDF-5", "sizeMB": 452.47}, "IMPACTS_EXRAD_Gridded_Scan_L1B_Rev-_20230217T151756_to_20230217T153216.h5": {"start": "2023-02-17T15:17:56Z", "end": "2023-02-17T15:32:16Z", "north": "47.236", "south": "45.703", "east": "-70.417", "west": "-71.0", "format": "HDF-5", "sizeMB": 51.88}, "IMPACTS_EXRAD_Gridded_Scan_L1B_Rev-_20230217T153840_to_20230217T155619.h5": {"start": "2023-02-17T15:38:40Z", "end": "2023-02-17T15:56:19Z", "north": "47.814", "south": "45.913", "east": "-70.036", "west": "-70.804", "format": "HDF-5", "sizeMB": 64.53}, "IMPACTS_EXRAD_Gridded_Scan_L1B_Rev-_20230217T160333_to_20230217T162056.h5": {"start": "2023-02-17T16:03:33Z", "end": "2023-02-17T16:20:56Z", "north": "47.698", "south": "45.867", "east": "-69.566", "west": "-70.268", "format": "HDF-5", "sizeMB": 61.95}, "IMPACTS_EXRAD_Gridded_Scan_L1B_Rev-_20230217T162534_to_20230217T163622.h5": {"start": "2023-02-17T16:25:34Z", "end": "2023-02-17T16:36:22Z", "north": "47.052", "south": "45.874", "east": "-69.107", "west": "-69.511", "format": "HDF-5", "sizeMB": 39.7}, "IMPACTS_EXRAD_Gridded_Scan_L1B_Rev-_20230217T171655_to_20230217T172914.h5": {"start": "2023-02-17T17:16:55Z", "end": "2023-02-17T17:29:14Z", "north": "44.189", "south": "42.973", "east": "-73.693", "west": "-74.51", "format": "HDF-5", "sizeMB": 44.33}, "IMPACTS_EXRAD_Gridded_Scan_L1B_Rev-_20230226T154145_to_20230226T154715.h5": {"start": "2023-02-26T15:41:45Z", "end": "2023-02-26T15:47:15Z", "north": "30.034", "south": "29.439", "east": "-83.57", "west": "-83.771", "format": "HDF-5", "sizeMB": 20.33}, "IMPACTS_EXRAD_Gridded_Scan_L1B_Rev-_20230226T155035_to_20230226T160127.h5": {"start": "2023-02-26T15:50:35Z", "end": "2023-02-26T16:01:27Z", "north": "29.082", "south": "27.897", "east": "-83.079", "west": "-83.454", "format": "HDF-5", "sizeMB": 40.17}, "IMPACTS_EXRAD_Gridded_Scan_L1B_Rev-_20230226T161429_to_20230226T162404.h5": {"start": "2023-02-26T16:14:29Z", "end": "2023-02-26T16:24:04Z", "north": "27.372", "south": "27.127", "east": "-82.701", "west": "-83.795", "format": "HDF-5", "sizeMB": 32.91}, "IMPACTS_EXRAD_Gridded_Scan_L1B_Rev-_20230226T162814_to_20230226T163704.h5": {"start": "2023-02-26T16:28:14Z", "end": "2023-02-26T16:37:04Z", "north": "27.671", "south": "27.472", "east": "-84.268", "west": "-85.302", "format": "HDF-5", "sizeMB": 30.81}, "IMPACTS_EXRAD_Gridded_Scan_L1B_Rev-_20230226T165645_to_20230226T170514.h5": {"start": "2023-02-26T16:56:45Z", "end": "2023-02-26T17:05:14Z", "north": "27.652", "south": "27.45", "east": "-84.182", "west": "-85.222", "format": "HDF-5", "sizeMB": 30.98}, "IMPACTS_EXRAD_Gridded_Scan_L1B_Rev-_20230226T170835_to_20230226T171755.h5": {"start": "2023-02-26T17:08:35Z", "end": "2023-02-26T17:17:54Z", "north": "27.365", "south": "27.106", "east": "-82.642", "west": "-83.775", "format": "HDF-5", "sizeMB": 34.14}, "IMPACTS_EXRAD_Gridded_Scan_L1B_Rev-_20230217T173850_to_20230217T185825.h5": {"start": "2023-02-17T17:38:50Z", "end": "2023-02-17T18:58:25Z", "north": "42.161", "south": "35.895", "east": "-75.429", "west": "-82.261", "format": "HDF-5", "sizeMB": 268.95}, "IMPACTS_EXRAD_Gridded_Scan_L1B_Rev-_20230226T173149_to_20230226T174505.h5": {"start": "2023-02-26T17:31:49Z", "end": "2023-02-26T17:45:05Z", "north": "29.304", "south": "27.98", "east": "-83.101", "west": "-83.521", "format": "HDF-5", "sizeMB": 44.86}, "IMPACTS_EXRAD_Gridded_Scan_L1B_Rev-_20230226T174749_to_20230226T181242.h5": {"start": "2023-02-26T17:47:49Z", "end": "2023-02-26T18:12:42Z", "north": "32.15", "south": "29.576", "east": "-83.608", "west": "-83.935", "format": "HDF-5", "sizeMB": 84.84}, "IMPACTS_EXRAD_Gridded_Scan_L1B_Rev-_20230228T110146_to_20230228T112156.h5": {"start": "2023-02-28T11:01:46Z", "end": "2023-02-28T11:21:56Z", "north": "42.558", "south": "40.572", "east": "-71.717", "west": "-72.577", "format": "HDF-5", "sizeMB": 68.21}, "IMPACTS_EXRAD_Gridded_Scan_L1B_Rev-_20230228T113100_to_20230228T114944.h5": {"start": "2023-02-28T11:31:00Z", "end": "2023-02-28T11:49:44Z", "north": "42.422", "south": "40.29", "east": "-71.601", "west": "-72.517", "format": "HDF-5", "sizeMB": 73.19}, "IMPACTS_EXRAD_Gridded_Scan_L1B_Rev-_20230228T120248_to_20230228T122954.h5": {"start": "2023-02-28T12:02:48Z", "end": "2023-02-28T12:29:54Z", "north": "43.048", "south": "40.258", "east": "-70.486", "west": "-71.763", "format": "HDF-5", "sizeMB": 96.31}, "IMPACTS_EXRAD_Gridded_Scan_L1B_Rev-_20230228T092940_to_20230228T105929.h5": {"start": "2023-02-28T09:29:40Z", "end": "2023-02-28T10:59:29Z", "north": "40.36", "south": "36.108", "east": "-71.765", "west": "-83.373", "format": "HDF-5", "sizeMB": 328.89}, "IMPACTS_EXRAD_Gridded_Scan_L1B_Rev-_20230228T123626_to_20230228T125801.h5": {"start": "2023-02-28T12:36:26Z", "end": "2023-02-28T12:58:01Z", "north": "42.89", "south": "40.453", "east": "-70.585", "west": "-71.686", "format": "HDF-5", "sizeMB": 84.02}, "IMPACTS_EXRAD_Gridded_Scan_L1B_Rev-_20230228T131242_to_20230228T133645.h5": {"start": "2023-02-28T13:12:42Z", "end": "2023-02-28T13:36:45Z", "north": "43.209", "south": "40.693", "east": "-69.547", "west": "-70.587", "format": "HDF-5", "sizeMB": 86.01}, "IMPACTS_EXRAD_Gridded_Scan_L1B_Rev-_20230228T134246_to_20230228T140322.h5": {"start": "2023-02-28T13:42:46Z", "end": "2023-02-28T14:03:22Z", "north": "43.166", "south": "40.82", "east": "-69.589", "west": "-70.614", "format": "HDF-5", "sizeMB": 80.62}, "IMPACTS_EXRAD_Gridded_Scan_L1B_Rev-_20230228T141513_to_20230228T154445.h5": {"start": "2023-02-28T14:15:13Z", "end": "2023-02-28T15:44:45Z", "north": "40.589", "south": "35.879", "east": "-71.094", "west": "-81.704", "format": "HDF-5", "sizeMB": 313.09}, "IMPACTS_EXRAD_L1B_RevDraft_20220129.h5": {"start": "2022-01-29T22:47:37Z", "end": "2022-01-30T03:23:13Z", "north": "43.867", "south": "36.171", "east": "-68.261", "west": "-78.278", "format": "HDF-5", "sizeMB": 3903.34}, "IMPACTS_EXRAD_L1B_RevDraft_20220119.h5": {"start": "2022-01-19T11:08:15Z", "end": "2022-01-19T17:34:46Z", "north": "47.673", "south": "35.787", "east": "-72.203", "west": "-78.359", "format": "HDF-5", "sizeMB": 5473.9}, "IMPACTS_EXRAD_L1B_RevDraft_20220213.h5": {"start": "2022-02-13T11:50:20Z", "end": "2022-02-13T16:06:33Z", "north": "42.728", "south": "35.538", "east": "-69.576", "west": "-78.475", "format": "HDF-5", "sizeMB": 3628.54}, "IMPACTS_EXRAD_L1B_RevDraft_20220219.h5": {"start": "2022-02-19T12:30:41Z", "end": "2022-02-19T16:13:00Z", "north": "46.716", "south": "37.257", "east": "-71.432", "west": "-77.987", "format": "HDF-5", "sizeMB": 3148.45}, "IMPACTS_EXRAD_L1B_RevDraft_20220217.h5": {"start": "2022-02-17T16:32:24Z", "end": "2022-02-17T23:57:21Z", "north": "43.065", "south": "36.057", "east": "-78.943", "west": "-87.893", "format": "HDF-5", "sizeMB": 6301.48}, "IMPACTS_EXRAD_L1B_RevDraft_20220222.h5": {"start": "2022-02-22T22:10:30Z", "end": "2022-02-22T23:51:35Z", "north": "35.265", "south": "31.073", "east": "-77.714", "west": "-81.058", "format": "HDF-5", "sizeMB": 1431.73}, "IMPACTS_EXRAD_Ungridded_Scan_L1B_Rev-2_20230123T125302_to_20230123T142248.h5": {"start": "2023-01-23T12:53:02Z", "end": "2023-01-23T14:22:48Z", "north": "43.297", "south": "36.689", "east": "-71.877", "west": "-82.765", "format": "HDF-5", "sizeMB": 1409.32}, "IMPACTS_EXRAD_Ungridded_Scan_L1B_Rev-2_20230123T142320_to_20230123T144743.h5": {"start": "2023-01-23T14:23:20Z", "end": "2023-01-23T14:47:43Z", "north": "45.035", "south": "43.333", "east": "-68.735", "west": "-71.81", "format": "HDF-5", "sizeMB": 393.4}, "IMPACTS_EXRAD_Ungridded_Scan_L1B_Rev-2_20230123T145857_to_20230123T152214.h5": {"start": "2023-01-23T14:58:57Z", "end": "2023-01-23T15:22:14Z", "north": "44.832", "south": "43.345", "east": "-69.114", "west": "-71.786", "format": "HDF-5", "sizeMB": 377.05}, "IMPACTS_EXRAD_Ungridded_Scan_L1B_Rev-2_20230123T153507_to_20230123T154938.h5": {"start": "2023-01-23T15:35:07Z", "end": "2023-01-23T15:49:38Z", "north": "44.387", "south": "43.445", "east": "-69.92", "west": "-71.61", "format": "HDF-5", "sizeMB": 229.55}, "IMPACTS_EXRAD_Ungridded_Scan_L1B_Rev-2_20230123T155133_to_20230123T155758.h5": {"start": "2023-01-23T15:51:33Z", "end": "2023-01-23T15:57:58Z", "north": "45.155", "south": "44.554", "east": "-69.94", "west": "-70.382", "format": "HDF-5", "sizeMB": 114.92}, "IMPACTS_EXRAD_Ungridded_Scan_L1B_Rev-2_20230123T160756_to_20230123T162109.h5": {"start": "2023-01-23T16:07:56Z", "end": "2023-01-23T16:21:09Z", "north": "44.81", "south": "43.418", "east": "-69.54", "west": "-70.477", "format": "HDF-5", "sizeMB": 213.19}, "IMPACTS_EXRAD_Ungridded_Scan_L1B_Rev-2_20230123T163702_to_20230123T164743.h5": {"start": "2023-01-23T16:37:02Z", "end": "2023-01-23T16:47:42Z", "north": "44.876", "south": "43.834", "east": "-69.808", "west": "-70.522", "format": "HDF-5", "sizeMB": 180.42}, "IMPACTS_EXRAD_Ungridded_Scan_L1B_Rev-2_20230123T165456_to_20230123T170938.h5": {"start": "2023-01-23T16:54:56Z", "end": "2023-01-23T17:09:38Z", "north": "44.485", "south": "43.102", "east": "-70.285", "west": "-71.43", "format": "HDF-5", "sizeMB": 245.94}, "IMPACTS_EXRAD_L1B_RevDraft_20220225.h5": {"start": "2022-02-25T08:23:54Z", "end": "2022-02-25T15:10:42Z", "north": "43.856", "south": "35.489", "east": "-73.122", "west": "-79.219", "format": "HDF-5", "sizeMB": 5761.21}, "IMPACTS_EXRAD_Ungridded_Scan_L1B_Rev-2_20230123T171027_to_20230123T184830.h5": {"start": "2023-01-23T17:10:27Z", "end": "2023-01-23T18:48:30Z", "north": "43.043", "south": "36.029", "east": "-71.514", "west": "-81.945", "format": "HDF-5", "sizeMB": 1540.49}, "IMPACTS_EXRAD_Ungridded_Scan_L1B_Rev-_20230113T054923_to_20230113T062057.h5": {"start": "2023-01-13T05:49:23Z", "end": "2023-01-13T06:20:57Z", "north": "47.413", "south": "43.862", "east": "-74.945", "west": "-74.977", "format": "HDF-5", "sizeMB": 508.13}, "IMPACTS_EXRAD_Ungridded_Scan_L1B_Rev-_20230113T062918_to_20230113T065408.h5": {"start": "2023-01-13T06:29:18Z", "end": "2023-01-13T06:54:07Z", "north": "47.024", "south": "44.236", "east": "-74.975", "west": "-74.981", "format": "HDF-5", "sizeMB": 393.39}, "IMPACTS_EXRAD_Ungridded_Scan_L1B_Rev-_20230113T043207_to_20230113T054758.h5": {"start": "2023-01-13T04:32:07Z", "end": "2023-01-13T05:47:58Z", "north": "43.713", "south": "37.112", "east": "-75.027", "west": "-82.7", "format": "HDF-5", "sizeMB": 1196.33}, "IMPACTS_EXRAD_Ungridded_Scan_L1B_Rev-_20230113T070409_to_20230113T073016.h5": {"start": "2023-01-13T07:04:09Z", "end": "2023-01-13T07:30:16Z", "north": "47.152", "south": "44.22", "east": "-74.98", "west": "-74.983", "format": "HDF-5", "sizeMB": 426.19}, "IMPACTS_EXRAD_Ungridded_Scan_L1B_Rev-_20230113T073718_to_20230113T080754.h5": {"start": "2023-01-13T07:37:18Z", "end": "2023-01-13T08:07:54Z", "north": "47.283", "south": "43.842", "east": "-74.978", "west": "-74.981", "format": "HDF-5", "sizeMB": 491.82}, "IMPACTS_EXRAD_Ungridded_Scan_L1B_Rev-_20230113T081704_to_20230113T083232.h5": {"start": "2023-01-13T08:17:04Z", "end": "2023-01-13T08:32:32Z", "north": "45.63", "south": "43.897", "east": "-74.98", "west": "-74.983", "format": "HDF-5", "sizeMB": 245.98}, "IMPACTS_EXRAD_Ungridded_Scan_L1B_Rev-_20230113T090140_to_20230113T090951.h5": {"start": "2023-01-13T09:01:40Z", "end": "2023-01-13T09:09:51Z", "north": "43.564", "south": "43.179", "east": "-75.218", "west": "-76.302", "format": "HDF-5", "sizeMB": 131.37}, "IMPACTS_EXRAD_Ungridded_Scan_L1B_Rev-_20230113T084256_to_20230113T085919.h5": {"start": "2023-01-13T08:42:56Z", "end": "2023-01-13T08:59:19Z", "north": "45.576", "south": "43.731", "east": "-74.978", "west": "-74.981", "format": "HDF-5", "sizeMB": 262.37}, "IMPACTS_EXRAD_Ungridded_Scan_L1B_Rev-_20230113T091058_to_20230113T101548.h5": {"start": "2023-01-13T09:10:58Z", "end": "2023-01-13T10:15:48Z", "north": "43.093", "south": "37.291", "east": "-76.412", "west": "-81.82", "format": "HDF-5", "sizeMB": 1032.4}, "IMPACTS_EXRAD_Ungridded_Scan_L1B_Rev-_20230115T134310_to_20230115T145156.h5": {"start": "2023-01-15T13:43:10Z", "end": "2023-01-15T14:51:56Z", "north": "40.007", "south": "36.38", "east": "-73.897", "west": "-82.876", "format": "HDF-5", "sizeMB": 1081.67}, "IMPACTS_EXRAD_Ungridded_Scan_L1B_Rev-_20230115T152932_to_20230115T153647.h5": {"start": "2023-01-15T15:29:32Z", "end": "2023-01-15T15:36:47Z", "north": "37.528", "south": "36.784", "east": "-70.026", "west": "-70.073", "format": "HDF-5", "sizeMB": 114.99}, "IMPACTS_EXRAD_Ungridded_Scan_L1B_Rev-_20230115T150018_to_20230115T152300.h5": {"start": "2023-01-15T15:00:18Z", "end": "2023-01-15T15:23:00Z", "north": "39.991", "south": "38.11", "east": "-70.511", "west": "-72.76", "format": "HDF-5", "sizeMB": 360.67}, "IMPACTS_EXRAD_Ungridded_Scan_L1B_Rev-_20230115T153813_to_20230115T154623.h5": {"start": "2023-01-15T15:38:13Z", "end": "2023-01-15T15:46:23Z", "north": "36.7", "south": "36.691", "east": "-70.138", "west": "-71.184", "format": "HDF-5", "sizeMB": 131.28}, "IMPACTS_EXRAD_Ungridded_Scan_L1B_Rev-_20230115T154752_to_20230115T155059.h5": {"start": "2023-01-15T15:47:52Z", "end": "2023-01-15T15:50:59Z", "north": "37.154", "south": "36.802", "east": "-71.25", "west": "-71.292", "format": "HDF-5", "sizeMB": 49.37}, "IMPACTS_EXRAD_Ungridded_Scan_L1B_Rev-_20230115T163308_to_20230115T163631.h5": {"start": "2023-01-15T16:33:08Z", "end": "2023-01-15T16:36:30Z", "north": "37.704", "south": "37.336", "east": "-67.596", "west": "-67.655", "format": "HDF-5", "sizeMB": 65.73}, "IMPACTS_EXRAD_Ungridded_Scan_L1B_Rev-_20230115T160453_to_20230115T162603.h5": {"start": "2023-01-15T16:04:53Z", "end": "2023-01-15T16:26:03Z", "north": "37.129", "south": "36.714", "east": "-67.502", "west": "-70.432", "format": "HDF-5", "sizeMB": 344.25}, "IMPACTS_EXRAD_Ungridded_Scan_L1B_Rev-_20230115T164329_to_20230115T170649.h5": {"start": "2023-01-15T16:43:29Z", "end": "2023-01-15T17:06:49Z", "north": "37.704", "south": "36.25", "east": "-68.017", "west": "-70.483", "format": "HDF-5", "sizeMB": 377.13}, "IMPACTS_EXRAD_Ungridded_Scan_L1B_Rev-_20230115T171318_to_20230115T173635.h5": {"start": "2023-01-15T17:13:18Z", "end": "2023-01-15T17:36:35Z", "north": "37.854", "south": "36.351", "east": "-67.742", "west": "-70.311", "format": "HDF-5", "sizeMB": 377.13}, "IMPACTS_EXRAD_Ungridded_Scan_L1B_Rev-_20230115T174334_to_20230115T181211.h5": {"start": "2023-01-15T17:43:34Z", "end": "2023-01-15T18:12:11Z", "north": "37.929", "south": "36.191", "east": "-67.605", "west": "-70.581", "format": "HDF-5", "sizeMB": 459.05}, "IMPACTS_EXRAD_Ungridded_Scan_L1B_Rev-_20230115T192507_to_20230115T194253.h5": {"start": "2023-01-15T19:25:07Z", "end": "2023-01-15T19:42:53Z", "north": "36.48", "south": "35.345", "east": "-80.396", "west": "-82.369", "format": "HDF-5", "sizeMB": 295.11}, "IMPACTS_EXRAD_Ungridded_Scan_L1B_Rev-_20230125T192229_to_20230125T193935.h5": {"start": "2023-01-25T19:22:29Z", "end": "2023-01-25T19:39:35Z", "north": "42.041", "south": "40.764", "east": "-73.789", "west": "-75.807", "format": "HDF-5", "sizeMB": 278.75}, "IMPACTS_EXRAD_Ungridded_Scan_L1B_Rev-_20230125T194601_to_20230125T194957.h5": {"start": "2023-01-25T19:46:01Z", "end": "2023-01-25T19:49:57Z", "north": "42.181", "south": "41.98", "east": "-73.418", "west": "-73.918", "format": "HDF-5", "sizeMB": 65.76}, "IMPACTS_EXRAD_Ungridded_Scan_L1B_Rev-_20230115T181331_to_20230115T192346.h5": {"start": "2023-01-15T18:13:31Z", "end": "2023-01-15T19:23:46Z", "north": "36.545", "south": "36.178", "east": "-70.739", "west": "-80.232", "format": "HDF-5", "sizeMB": 1114.41}, "IMPACTS_EXRAD_Ungridded_Scan_L1B_Rev-_20230125T195154_to_20230125T201321.h5": {"start": "2023-01-25T19:51:54Z", "end": "2023-01-25T20:13:21Z", "north": "41.839", "south": "40.36", "east": "-74.119", "west": "-76.43", "format": "HDF-5", "sizeMB": 344.27}, "IMPACTS_EXRAD_Ungridded_Scan_L1B_Rev-_20230125T204901_to_20230125T205734.h5": {"start": "2023-01-25T20:49:01Z", "end": "2023-01-25T20:57:34Z", "north": "43.29", "south": "42.317", "east": "-73.415", "west": "-73.515", "format": "HDF-5", "sizeMB": 147.65}, "IMPACTS_EXRAD_Ungridded_Scan_L1B_Rev-_20230125T202432_to_20230125T204734.h5": {"start": "2023-01-25T20:24:32Z", "end": "2023-01-25T20:47:34Z", "north": "42.166", "south": "40.428", "east": "-73.58", "west": "-76.321", "format": "HDF-5", "sizeMB": 377.05}, "IMPACTS_EXRAD_Ungridded_Scan_L1B_Rev-_20230125T211314_to_20230125T212525.h5": {"start": "2023-01-25T21:13:14Z", "end": "2023-01-25T21:25:25Z", "north": "43.048", "south": "41.692", "east": "-73.822", "west": "-73.826", "format": "HDF-5", "sizeMB": 196.79}, "IMPACTS_EXRAD_Ungridded_Scan_L1B_Rev-_20230125T213222_to_20230125T215246.h5": {"start": "2023-01-25T21:32:22Z", "end": "2023-01-25T21:52:46Z", "north": "44.221", "south": "41.929", "east": "-73.815", "west": "-73.818", "format": "HDF-5", "sizeMB": 327.91}, "IMPACTS_EXRAD_Ungridded_Scan_L1B_Rev-_20230125T220001_to_20230125T222450.h5": {"start": "2023-01-25T22:00:01Z", "end": "2023-01-25T22:24:50Z", "north": "44.229", "south": "41.484", "east": "-73.816", "west": "-73.82", "format": "HDF-5", "sizeMB": 393.41}, "IMPACTS_EXRAD_Ungridded_Scan_L1B_Rev-_20230125T223127_to_20230125T225328.h5": {"start": "2023-01-25T22:31:27Z", "end": "2023-01-25T22:53:28Z", "north": "44.267", "south": "41.791", "east": "-73.806", "west": "-73.814", "format": "HDF-5", "sizeMB": 360.68}, "IMPACTS_EXRAD_Ungridded_Scan_L1B_Rev-_20230125T230159_to_20230125T232610.h5": {"start": "2023-01-25T23:01:59Z", "end": "2023-01-25T23:26:10Z", "north": "44.121", "south": "41.447", "east": "-73.815", "west": "-73.829", "format": "HDF-5", "sizeMB": 393.52}, "IMPACTS_EXRAD_Ungridded_Scan_L1B_Rev-_20230125T232803_to_20230126T005447.h5": {"start": "2023-01-25T23:28:03Z", "end": "2023-01-26T00:54:47Z", "north": "41.293", "south": "35.139", "east": "-73.972", "west": "-82.985", "format": "HDF-5", "sizeMB": 1376.59}, "IMPACTS_EXRAD_Ungridded_Scan_L1B_Rev-_20230129T133430_to_20230129T145047.h5": {"start": "2023-01-29T13:34:30Z", "end": "2023-01-29T14:50:47Z", "north": "43.459", "south": "36.802", "east": "-75.878", "west": "-83.063", "format": "HDF-5", "sizeMB": 1212.72}, "IMPACTS_EXRAD_Ungridded_Scan_L1B_Rev-_20230129T152728_to_20230129T154542.h5": {"start": "2023-01-29T15:27:28Z", "end": "2023-01-29T15:45:42Z", "north": "45.645", "south": "43.783", "east": "-75.705", "west": "-77.215", "format": "HDF-5", "sizeMB": 295.13}, "IMPACTS_EXRAD_Ungridded_Scan_L1B_Rev-_20230129T145407_to_20230129T151805.h5": {"start": "2023-01-29T14:54:07Z", "end": "2023-01-29T15:18:05Z", "north": "45.895", "south": "43.787", "east": "-75.711", "west": "-77.425", "format": "HDF-5", "sizeMB": 377.13}, "IMPACTS_EXRAD_Ungridded_Scan_L1B_Rev-_20230129T155013_to_20230129T155348.h5": {"start": "2023-01-29T15:50:13Z", "end": "2023-01-29T15:53:48Z", "north": "43.942", "south": "43.665", "east": "-75.473", "west": "-75.816", "format": "HDF-5", "sizeMB": 65.84}, "IMPACTS_EXRAD_Ungridded_Scan_L1B_Rev-_20230129T155426_to_20230129T161351.h5": {"start": "2023-01-29T15:54:26Z", "end": "2023-01-29T16:13:51Z", "north": "45.722", "south": "43.994", "east": "-75.865", "west": "-77.281", "format": "HDF-5", "sizeMB": 311.51}, "IMPACTS_EXRAD_Ungridded_Scan_L1B_Rev-_20230129T162145_to_20230129T164002.h5": {"start": "2023-01-29T16:21:45Z", "end": "2023-01-29T16:40:02Z", "north": "45.634", "south": "43.805", "east": "-75.72", "west": "-77.21", "format": "HDF-5", "sizeMB": 295.1}, "IMPACTS_EXRAD_Ungridded_Scan_L1B_Rev-_20230129T180534_to_20230129T181711.h5": {"start": "2023-01-29T18:05:34Z", "end": "2023-01-29T18:17:11Z", "north": "36.546", "south": "35.438", "east": "-82.652", "west": "-83.367", "format": "HDF-5", "sizeMB": 196.91}, "IMPACTS_EXRAD_Ungridded_Scan_L1B_Rev-_20230129T164742_to_20230129T180500.h5": {"start": "2023-01-29T16:47:42Z", "end": "2023-01-29T18:05:00Z", "north": "43.158", "south": "36.598", "east": "-76.272", "west": "-82.615", "format": "HDF-5", "sizeMB": 1229.13}, "IMPACTS_EXRAD_Ungridded_Scan_L1B_Rev-_20230205T133655_to_20230205T145512.h5": {"start": "2023-02-05T13:36:55Z", "end": "2023-02-05T14:55:12Z", "north": "44.527", "south": "37.214", "east": "-76.156", "west": "-82.926", "format": "HDF-5", "sizeMB": 1229.08}, "IMPACTS_EXRAD_Ungridded_Scan_L1B_Rev-_20230205T151449_to_20230205T153807.h5": {"start": "2023-02-05T15:14:49Z", "end": "2023-02-05T15:38:07Z", "north": "48.443", "south": "45.86", "east": "-74.91", "west": "-74.913", "format": "HDF-5", "sizeMB": 377.01}, "IMPACTS_EXRAD_Ungridded_Scan_L1B_Rev-_20230205T154436_to_20230205T161515.h5": {"start": "2023-02-05T15:44:36Z", "end": "2023-02-05T16:15:15Z", "north": "48.315", "south": "44.738", "east": "-74.909", "west": "-74.92", "format": "HDF-5", "sizeMB": 491.71}, "IMPACTS_EXRAD_Ungridded_Scan_L1B_Rev-_20230205T162321_to_20230205T165136.h5": {"start": "2023-02-05T16:23:21Z", "end": "2023-02-05T16:51:36Z", "north": "48.052", "south": "44.798", "east": "-74.891", "west": "-74.903", "format": "HDF-5", "sizeMB": 459.05}, "IMPACTS_EXRAD_Ungridded_Scan_L1B_Rev-_20230205T165825_to_20230205T172443.h5": {"start": "2023-02-05T16:58:25Z", "end": "2023-02-05T17:24:43Z", "north": "47.954", "south": "44.784", "east": "-74.895", "west": "-74.91", "format": "HDF-5", "sizeMB": 426.17}, "IMPACTS_EXRAD_Ungridded_Scan_L1B_Rev-_20230205T173137_to_20230205T175201.h5": {"start": "2023-02-05T17:31:37Z", "end": "2023-02-05T17:52:01Z", "north": "46.942", "south": "44.627", "east": "-74.86", "west": "-74.927", "format": "HDF-5", "sizeMB": 327.91}, "IMPACTS_EXRAD_Ungridded_Scan_L1B_Rev-_20230205T175944_to_20230205T181213.h5": {"start": "2023-02-05T17:59:44Z", "end": "2023-02-05T18:12:13Z", "north": "46.922", "south": "45.477", "east": "-74.893", "west": "-74.907", "format": "HDF-5", "sizeMB": 196.8}, "IMPACTS_EXRAD_Ungridded_Scan_L1B_Rev-_20230212T135436_to_20230212T143731.h5": {"start": "2023-02-12T13:54:36Z", "end": "2023-02-12T14:37:31Z", "north": "35.681", "south": "35.21", "east": "-74.848", "west": "-80.831", "format": "HDF-5", "sizeMB": 688.36}, "IMPACTS_EXRAD_Ungridded_Scan_L1B_Rev-_20230212T144521_to_20230212T145626.h5": {"start": "2023-02-12T14:45:21Z", "end": "2023-02-12T14:56:26Z", "north": "37.186", "south": "35.976", "east": "-74.512", "west": "-74.666", "format": "HDF-5", "sizeMB": 180.43}, "IMPACTS_EXRAD_Ungridded_Scan_L1B_Rev-_20230212T150459_to_20230212T152413.h5": {"start": "2023-02-12T15:04:59Z", "end": "2023-02-12T15:24:13Z", "north": "37.002", "south": "34.909", "east": "-74.997", "west": "-75.001", "format": "HDF-5", "sizeMB": 311.49}, "IMPACTS_EXRAD_Ungridded_Scan_L1B_Rev-_20230205T181358_to_20230205T195026.h5": {"start": "2023-02-05T18:13:58Z", "end": "2023-02-05T19:50:26Z", "north": "45.317", "south": "36.332", "east": "-75.02", "west": "-82.728", "format": "HDF-5", "sizeMB": 1524.04}, "IMPACTS_EXRAD_Ungridded_Scan_L1B_Rev-_20230212T154723_to_20230212T161030.h5": {"start": "2023-02-12T15:47:23Z", "end": "2023-02-12T16:10:29Z", "north": "39.418", "south": "36.826", "east": "-76.287", "west": "-76.294", "format": "HDF-5", "sizeMB": 377.05}, "IMPACTS_EXRAD_Ungridded_Scan_L1B_Rev-_20230212T162226_to_20230212T164413.h5": {"start": "2023-02-12T16:22:26Z", "end": "2023-02-12T16:44:12Z", "north": "39.135", "south": "36.703", "east": "-76.294", "west": "-76.296", "format": "HDF-5", "sizeMB": 344.26}, "IMPACTS_EXRAD_Ungridded_Scan_L1B_Rev-_20230212T165621_to_20230212T171910.h5": {"start": "2023-02-12T16:56:21Z", "end": "2023-02-12T17:19:10Z", "north": "39.418", "south": "36.869", "east": "-76.293", "west": "-76.294", "format": "HDF-5", "sizeMB": 360.75}, "IMPACTS_EXRAD_Ungridded_Scan_L1B_Rev-_20230212T172935_to_20230212T175303.h5": {"start": "2023-02-12T17:29:35Z", "end": "2023-02-12T17:53:03Z", "north": "39.313", "south": "36.698", "east": "-76.296", "west": "-76.297", "format": "HDF-5", "sizeMB": 377.13}, "IMPACTS_EXRAD_Ungridded_Scan_L1B_Rev-_20230212T180222_to_20230212T182636.h5": {"start": "2023-02-12T18:02:22Z", "end": "2023-02-12T18:26:36Z", "north": "39.503", "south": "36.783", "east": "-76.293", "west": "-76.295", "format": "HDF-5", "sizeMB": 393.43}, "IMPACTS_EXRAD_Ungridded_Scan_L1B_Rev-_20230212T191943_to_20230212T192317.h5": {"start": "2023-02-12T19:19:43Z", "end": "2023-02-12T19:23:17Z", "north": "37.4", "south": "37.056", "east": "-82.208", "west": "-82.423", "format": "HDF-5", "sizeMB": 65.84}, "IMPACTS_EXRAD_Ungridded_Scan_L1B_Rev-_20230212T183255_to_20230212T191811.h5": {"start": "2023-02-12T18:32:55Z", "end": "2023-02-12T19:18:11Z", "north": "39.373", "south": "37.526", "east": "-76.411", "west": "-82.085", "format": "HDF-5", "sizeMB": 721.1}, "IMPACTS_EXRAD_Ungridded_Scan_L1B_Rev-_20230214T234906_to_20230215T001537.h5": {"start": "2023-02-14T23:49:06Z", "end": "2023-02-15T00:15:37Z", "north": "46.064", "south": "43.923", "east": "-90.437", "west": "-93.45", "format": "HDF-5", "sizeMB": 426.15}, "IMPACTS_EXRAD_Ungridded_Scan_L1B_Rev-_20230214T223430_to_20230214T234834.h5": {"start": "2023-02-14T22:34:30Z", "end": "2023-02-14T23:48:34Z", "north": "43.883", "south": "37.096", "east": "-84.788", "west": "-90.382", "format": "HDF-5", "sizeMB": 1163.66}, "IMPACTS_EXRAD_Ungridded_Scan_L1B_Rev-_20230215T001732_to_20230215T003258.h5": {"start": "2023-02-15T00:17:32Z", "end": "2023-02-15T00:32:58Z", "north": "47.795", "south": "46.243", "east": "-93.64", "west": "-94.949", "format": "HDF-5", "sizeMB": 246.06}, "IMPACTS_EXRAD_Ungridded_Scan_L1B_Rev-_20230215T004011_to_20230215T005708.h5": {"start": "2023-02-15T00:40:11Z", "end": "2023-02-15T00:57:07Z", "north": "47.765", "south": "46.142", "east": "-93.553", "west": "-94.921", "format": "HDF-5", "sizeMB": 278.7}, "IMPACTS_EXRAD_Ungridded_Scan_L1B_Rev-_20230215T010440_to_20230215T012151.h5": {"start": "2023-02-15T01:04:40Z", "end": "2023-02-15T01:21:51Z", "north": "47.95", "south": "46.253", "east": "-93.65", "west": "-95.07", "format": "HDF-5", "sizeMB": 278.83}, "IMPACTS_EXRAD_Ungridded_Scan_L1B_Rev-_20230215T012748_to_20230215T014807.h5": {"start": "2023-02-15T01:27:48Z", "end": "2023-02-15T01:48:06Z", "north": "47.984", "south": "46.043", "east": "-93.457", "west": "-95.12", "format": "HDF-5", "sizeMB": 327.9}, "IMPACTS_EXRAD_Ungridded_Scan_L1B_Rev-_20230215T015400_to_20230215T021331.h5": {"start": "2023-02-15T01:54:00Z", "end": "2023-02-15T02:13:31Z", "north": "47.86", "south": "46.014", "east": "-93.457", "west": "-94.986", "format": "HDF-5", "sizeMB": 311.6}, "IMPACTS_EXRAD_Ungridded_Scan_L1B_Rev-_20230217T125126_to_20230217T133315.h5": {"start": "2023-02-17T12:51:26Z", "end": "2023-02-17T13:33:15Z", "north": "38.484", "south": "36.579", "east": "-76.752", "west": "-82.276", "format": "HDF-5", "sizeMB": 671.93}, "IMPACTS_EXRAD_Ungridded_Scan_L1B_Rev-_20230217T133433_to_20230217T144425.h5": {"start": "2023-02-17T13:34:33Z", "end": "2023-02-17T14:44:25Z", "north": "44.947", "south": "38.587", "east": "-70.644", "west": "-76.628", "format": "HDF-5", "sizeMB": 1098.02}, "IMPACTS_EXRAD_Ungridded_Scan_L1B_Rev-_20230215T023132_to_20230215T043707.h5": {"start": "2023-02-15T02:31:32Z", "end": "2023-02-15T04:37:07Z", "north": "47.742", "south": "36.098", "east": "-84.927", "west": "-94.904", "format": "HDF-5", "sizeMB": 1982.86}, "IMPACTS_EXRAD_Ungridded_Scan_L1B_Rev-_20230217T151756_to_20230217T153216.h5": {"start": "2023-02-17T15:17:56Z", "end": "2023-02-17T15:32:16Z", "north": "47.236", "south": "45.701", "east": "-70.416", "west": "-71.0", "format": "HDF-5", "sizeMB": 229.6}, "IMPACTS_EXRAD_Ungridded_Scan_L1B_Rev-_20230217T153840_to_20230217T155619.h5": {"start": "2023-02-17T15:38:40Z", "end": "2023-02-17T15:56:19Z", "north": "47.814", "south": "45.913", "east": "-70.036", "west": "-70.804", "format": "HDF-5", "sizeMB": 278.83}, "IMPACTS_EXRAD_Ungridded_Scan_L1B_Rev-_20230217T160333_to_20230217T162056.h5": {"start": "2023-02-17T16:03:33Z", "end": "2023-02-17T16:20:56Z", "north": "47.698", "south": "45.867", "east": "-69.566", "west": "-70.268", "format": "HDF-5", "sizeMB": 278.75}, "IMPACTS_EXRAD_Ungridded_Scan_L1B_Rev-_20230217T162534_to_20230217T163622.h5": {"start": "2023-02-17T16:25:34Z", "end": "2023-02-17T16:36:22Z", "north": "47.053", "south": "45.874", "east": "-69.107", "west": "-69.511", "format": "HDF-5", "sizeMB": 180.52}, "IMPACTS_EXRAD_Ungridded_Scan_L1B_Rev-_20230217T171655_to_20230217T172914.h5": {"start": "2023-02-17T17:16:55Z", "end": "2023-02-17T17:29:14Z", "north": "44.189", "south": "42.972", "east": "-73.693", "west": "-74.511", "format": "HDF-5", "sizeMB": 196.91}, "IMPACTS_EXRAD_Ungridded_Scan_L1B_Rev-_20230226T154145_to_20230226T154715.h5": {"start": "2023-02-26T15:41:45Z", "end": "2023-02-26T15:47:15Z", "north": "30.034", "south": "29.437", "east": "-83.57", "west": "-83.771", "format": "HDF-5", "sizeMB": 98.6}, "IMPACTS_EXRAD_Ungridded_Scan_L1B_Rev-_20230226T155035_to_20230226T160127.h5": {"start": "2023-02-26T15:50:35Z", "end": "2023-02-26T16:01:27Z", "north": "29.082", "south": "27.897", "east": "-83.079", "west": "-83.454", "format": "HDF-5", "sizeMB": 180.43}, "IMPACTS_EXRAD_Ungridded_Scan_L1B_Rev-_20230226T161429_to_20230226T162404.h5": {"start": "2023-02-26T16:14:29Z", "end": "2023-02-26T16:24:04Z", "north": "27.373", "south": "27.127", "east": "-82.701", "west": "-83.796", "format": "HDF-5", "sizeMB": 164.14}, "IMPACTS_EXRAD_Ungridded_Scan_L1B_Rev-_20230226T162814_to_20230226T163704.h5": {"start": "2023-02-26T16:28:14Z", "end": "2023-02-26T16:37:04Z", "north": "27.671", "south": "27.472", "east": "-84.268", "west": "-85.303", "format": "HDF-5", "sizeMB": 147.67}, "IMPACTS_EXRAD_Ungridded_Scan_L1B_Rev-_20230226T165645_to_20230226T170514.h5": {"start": "2023-02-26T16:56:45Z", "end": "2023-02-26T17:05:14Z", "north": "27.652", "south": "27.45", "east": "-84.182", "west": "-85.222", "format": "HDF-5", "sizeMB": 147.68}, "IMPACTS_EXRAD_Ungridded_Scan_L1B_Rev-_20230226T170835_to_20230226T171755.h5": {"start": "2023-02-26T17:08:35Z", "end": "2023-02-26T17:17:54Z", "north": "27.365", "south": "27.106", "east": "-82.642", "west": "-83.775", "format": "HDF-5", "sizeMB": 147.63}, "IMPACTS_EXRAD_Ungridded_Scan_L1B_Rev-_20230226T173149_to_20230226T174505.h5": {"start": "2023-02-26T17:31:49Z", "end": "2023-02-26T17:45:05Z", "north": "29.305", "south": "27.98", "east": "-83.101", "west": "-83.521", "format": "HDF-5", "sizeMB": 213.21}, "IMPACTS_EXRAD_Ungridded_Scan_L1B_Rev-_20230217T173850_to_20230217T185825.h5": {"start": "2023-02-17T17:38:50Z", "end": "2023-02-17T18:58:25Z", "north": "42.161", "south": "35.895", "east": "-75.429", "west": "-82.261", "format": "HDF-5", "sizeMB": 1261.84}, "IMPACTS_EXRAD_Ungridded_Scan_L1B_Rev-_20230226T174749_to_20230226T181242.h5": {"start": "2023-02-26T17:47:49Z", "end": "2023-02-26T18:12:42Z", "north": "32.15", "south": "29.576", "east": "-83.608", "west": "-83.935", "format": "HDF-5", "sizeMB": 393.4}, "IMPACTS_EXRAD_Ungridded_Scan_L1B_Rev-_20230228T110146_to_20230228T112156.h5": {"start": "2023-02-28T11:01:46Z", "end": "2023-02-28T11:21:56Z", "north": "42.558", "south": "40.572", "east": "-71.717", "west": "-72.577", "format": "HDF-5", "sizeMB": 327.98}, "IMPACTS_EXRAD_Ungridded_Scan_L1B_Rev-_20230228T113100_to_20230228T114944.h5": {"start": "2023-02-28T11:31:00Z", "end": "2023-02-28T11:49:44Z", "north": "42.422", "south": "40.289", "east": "-71.6", "west": "-72.517", "format": "HDF-5", "sizeMB": 295.13}, "IMPACTS_EXRAD_Ungridded_Scan_L1B_Rev-_20230228T120248_to_20230228T122954.h5": {"start": "2023-02-28T12:02:48Z", "end": "2023-02-28T12:29:54Z", "north": "43.048", "south": "40.258", "east": "-70.486", "west": "-71.763", "format": "HDF-5", "sizeMB": 426.28}, "IMPACTS_EXRAD_Ungridded_Scan_L1B_Rev-_20230228T092940_to_20230228T105929.h5": {"start": "2023-02-28T09:29:40Z", "end": "2023-02-28T10:59:29Z", "north": "40.361", "south": "36.108", "east": "-71.764", "west": "-83.373", "format": "HDF-5", "sizeMB": 1425.73}, "IMPACTS_EXRAD_Ungridded_Scan_L1B_Rev-_20230228T123626_to_20230228T125801.h5": {"start": "2023-02-28T12:36:26Z", "end": "2023-02-28T12:58:01Z", "north": "42.89", "south": "40.452", "east": "-70.584", "west": "-71.686", "format": "HDF-5", "sizeMB": 344.36}, "IMPACTS_EXRAD_Ungridded_Scan_L1B_Rev-_20230228T131242_to_20230228T133645.h5": {"start": "2023-02-28T13:12:42Z", "end": "2023-02-28T13:36:45Z", "north": "43.21", "south": "40.693", "east": "-69.547", "west": "-70.588", "format": "HDF-5", "sizeMB": 393.52}, "IMPACTS_EXRAD_Ungridded_Scan_L1B_Rev-_20230228T134246_to_20230228T140322.h5": {"start": "2023-02-28T13:42:46Z", "end": "2023-02-28T14:03:22Z", "north": "43.166", "south": "40.818", "east": "-69.589", "west": "-70.614", "format": "HDF-5", "sizeMB": 327.98}, "IMPACTS_EXRAD_Ungridded_Scan_L1B_Rev-_20230228T141513_to_20230228T154445.h5": {"start": "2023-02-28T14:15:13Z", "end": "2023-02-28T15:44:45Z", "north": "40.589", "south": "35.879", "east": "-71.094", "west": "-81.704", "format": "HDF-5", "sizeMB": 1409.34}}