{"IMPACTS_MetNav_P3B_20200224_R0.ict": {"start": "2020-02-24T17:50:45Z", "end": "2020-02-24T19:28:40Z", "north": "39.962", "south": "37.526", "east": "-75.456", "west": "-84.039", "format": "ASCII", "sizeMB": 1.33}, "IMPACTS_MetNav_P3B_20200112_R0.ict": {"start": "2020-01-12T18:25:28Z", "end": "2020-01-12T22:06:16Z", "north": "37.981", "south": "36.315", "east": "-73.025", "west": "-76.183", "format": "ASCII", "sizeMB": 3.0}, "IMPACTS_MetNav_P3B_20200201_R0.ict": {"start": "2020-02-01T11:30:54Z", "end": "2020-02-01T15:39:55Z", "north": "38.126", "south": "34.987", "east": "-72.475", "west": "-76.187", "format": "ASCII", "sizeMB": 3.38}, "IMPACTS_MetNav_P3B_20200125_R1.ict": {"start": "2020-01-25T18:52:44Z", "end": "2020-01-26T00:29:02Z", "north": "44.433", "south": "37.892", "east": "-71.595", "west": "-75.515", "format": "ASCII", "sizeMB": 4.47}, "IMPACTS_MetNav_P3B_20200118_R1.ict": {"start": "2020-01-18T18:01:07Z", "end": "2020-01-19T00:04:45Z", "north": "44.202", "south": "37.914", "east": "-73.132", "west": "-75.518", "format": "ASCII", "sizeMB": 4.95}, "IMPACTS_MetNav_P3B_20200218_R0.ict": {"start": "2020-02-18T17:21:44Z", "end": "2020-02-18T22:15:19Z", "north": "45.25", "south": "37.91", "east": "-70.193", "west": "-75.581", "format": "ASCII", "sizeMB": 3.98}, "IMPACTS_MetNav_P3B_20200207_R0.ict": {"start": "2020-02-07T14:05:47Z", "end": "2020-02-07T20:01:45Z", "north": "43.153", "south": "37.893", "east": "-73.1", "west": "-76.38", "format": "ASCII", "sizeMB": 4.82}, "IMPACTS_MetNav_P3B_20200220_R0.ict": {"start": "2020-02-20T19:39:12Z", "end": "2020-02-21T01:12:20Z", "north": "37.976", "south": "33.261", "east": "-75.451", "west": "-79.877", "format": "ASCII", "sizeMB": 4.38}, "IMPACTS_MetNav_P3B_20200213_R0.ict": {"start": "2020-02-13T06:11:50Z", "end": "2020-02-13T12:41:30Z", "north": "44.358", "south": "37.912", "east": "-72.577", "west": "-75.53", "format": "ASCII", "sizeMB": 5.32}, "IMPACTS_MetNav_P3B_20200205_R0.ict": {"start": "2020-02-05T18:30:11Z", "end": "2020-02-06T01:40:15Z", "north": "41.759", "south": "37.355", "east": "-75.452", "west": "-90.429", "format": "ASCII", "sizeMB": 5.86}, "IMPACTS_MetNav_P3B_20220106_R0.ict": {"start": "2022-01-06T15:47:13Z", "end": "2022-01-06T18:07:12Z", "north": "38.623", "south": "37.393", "east": "-74.374", "west": "-75.542", "format": "ASCII", "sizeMB": 1.9}, "IMPACTS_MetNav_P3B_20220128_R0.ict": {"start": "2022-01-28T16:12:24Z", "end": "2022-01-28T18:09:11Z", "north": "39.828", "south": "37.45", "east": "-75.444", "west": "-84.265", "format": "ASCII", "sizeMB": 1.61}, "IMPACTS_MetNav_P3B_20200225_R0.ict": {"start": "2020-02-25T20:57:55Z", "end": "2020-02-26T04:12:30Z", "north": "41.424", "south": "37.932", "east": "-75.332", "west": "-88.266", "format": "ASCII", "sizeMB": 5.88}, "IMPACTS_MetNav_P3B_20220111_R0.ict": {"start": "2022-01-11T16:00:24Z", "end": "2022-01-11T23:22:40Z", "north": "37.975", "south": "35.881", "east": "-72.659", "west": "-75.995", "format": "ASCII", "sizeMB": 6.07}, "IMPACTS_MetNav_P3B_20220114_R0.ict": {"start": "2022-01-14T19:16:36Z", "end": "2022-01-15T01:29:40Z", "north": "43.795", "south": "37.912", "east": "-68.987", "west": "-75.644", "format": "ASCII", "sizeMB": 5.09}, "IMPACTS_MetNav_P3B_20220117_R0.ict": {"start": "2022-01-17T09:03:32Z", "end": "2022-01-17T16:00:09Z", "north": "44.199", "south": "37.915", "east": "-75.326", "west": "-81.009", "format": "ASCII", "sizeMB": 5.63}, "IMPACTS_MetNav_P3B_20220119_R0.ict": {"start": "2022-01-19T10:59:26Z", "end": "2022-01-19T17:34:40Z", "north": "47.275", "south": "37.913", "east": "-72.499", "west": "-75.587", "format": "ASCII", "sizeMB": 5.39}, "IMPACTS_MetNav_P3B_20220213_R1.ict": {"start": "2022-02-13T11:49:06Z", "end": "2022-02-13T15:15:48Z", "north": "42.473", "south": "37.885", "east": "-70.253", "west": "-75.575", "format": "ASCII", "sizeMB": 2.81}, "IMPACTS_MetNav_P3B_20220204_R0.ict": {"start": "2022-02-04T13:02:52Z", "end": "2022-02-04T20:28:18Z", "north": "45.297", "south": "37.913", "east": "-68.476", "west": "-75.576", "format": "ASCII", "sizeMB": 6.03}, "IMPACTS_MetNav_P3B_20220208_R0.ict": {"start": "2022-02-08T12:16:12Z", "end": "2022-02-08T18:57:39Z", "north": "47.272", "south": "37.932", "east": "-64.987", "west": "-75.523", "format": "ASCII", "sizeMB": 5.44}, "IMPACTS_MetNav_P3B_20220203_R0.ict": {"start": "2022-02-03T13:10:10Z", "end": "2022-02-03T20:49:30Z", "north": "41.714", "south": "37.45", "east": "-75.452", "west": "-84.888", "format": "ASCII", "sizeMB": 6.25}, "IMPACTS_MetNav_P3B_20220129_R0.ict": {"start": "2022-01-29T18:50:32Z", "end": "2022-01-30T03:51:50Z", "north": "43.714", "south": "39.707", "east": "-68.678", "west": "-84.143", "format": "ASCII", "sizeMB": 7.41}, "IMPACTS_MetNav_P3B_20221205_R0.ict": {"start": "2022-12-05T17:36:05Z", "end": "2022-12-05T19:59:35Z", "north": "39.305", "south": "37.895", "east": "-72.601", "west": "-75.865", "format": "ASCII", "sizeMB": 1.89}, "IMPACTS_MetNav_P3B_20220217_R0.ict": {"start": "2022-02-17T16:33:20Z", "end": "2022-02-18T00:44:37Z", "north": "42.819", "south": "37.45", "east": "-75.328", "west": "-87.374", "format": "ASCII", "sizeMB": 6.72}, "IMPACTS_MetNav_P3B_20221212_R0.ict": {"start": "2022-12-12T14:13:34Z", "end": "2022-12-12T18:18:00Z", "north": "40.635", "south": "37.664", "east": "-69.595", "west": "-75.657", "format": "ASCII", "sizeMB": 3.19}, "IMPACTS_MetNav_P3B_20220225_R0.ict": {"start": "2022-02-25T15:11:34Z", "end": "2022-02-25T19:30:27Z", "north": "43.355", "south": "37.919", "east": "-70.44", "west": "-75.533", "format": "ASCII", "sizeMB": 3.51}, "IMPACTS_MetNav_P3B_20221208_R0.ict": {"start": "2022-12-08T16:05:54Z", "end": "2022-12-08T21:05:05Z", "north": "37.967", "south": "35.021", "east": "-70.061", "west": "-75.863", "format": "ASCII", "sizeMB": 3.97}, "IMPACTS_MetNav_P3B_20220219_R0.ict": {"start": "2022-02-19T12:11:23Z", "end": "2022-02-19T19:19:10Z", "north": "46.99", "south": "37.927", "east": "-70.697", "west": "-75.51", "format": "ASCII", "sizeMB": 5.82}, "IMPACTS_MetNav_P3B_20230110_R0.ict": {"start": "2023-01-10T12:07:14Z", "end": "2023-01-10T16:58:38Z", "north": "39.075", "south": "37.629", "east": "-71.064", "west": "-75.659", "format": "ASCII", "sizeMB": 4.03}, "IMPACTS_MetNav_P3B_20221216_R0.ict": {"start": "2022-12-16T11:55:04Z", "end": "2022-12-16T17:01:05Z", "north": "43.188", "south": "37.904", "east": "-69.887", "west": "-75.584", "format": "ASCII", "sizeMB": 4.01}, "IMPACTS_MetNav_P3B_20230113_R0.ict": {"start": "2023-01-13T04:31:49Z", "end": "2023-01-13T11:03:35Z", "north": "46.78", "south": "37.902", "east": "-74.977", "west": "-75.527", "format": "ASCII", "sizeMB": 5.34}, "IMPACTS_MetNav_P3B_20230115_R0.ict": {"start": "2023-01-15T14:07:24Z", "end": "2023-01-15T20:40:30Z", "north": "39.964", "south": "36.336", "east": "-67.878", "west": "-75.654", "format": "ASCII", "sizeMB": 5.36}, "IMPACTS_MetNav_P3B_20230129_R0.ict": {"start": "2023-01-29T13:29:02Z", "end": "2023-01-29T18:05:45Z", "north": "45.642", "south": "37.927", "east": "-75.333", "west": "-77.367", "format": "ASCII", "sizeMB": 3.77}, "IMPACTS_MetNav_P3B_20230119_R0.ict": {"start": "2023-01-19T20:20:00Z", "end": "2023-01-20T04:29:15Z", "north": "46.422", "south": "37.91", "east": "-73.442", "west": "-78.196", "format": "ASCII", "sizeMB": 6.69}, "IMPACTS_MetNav_P3B_20230125_R0.ict": {"start": "2023-01-25T18:41:30Z", "end": "2023-01-26T00:35:26Z", "north": "44.096", "south": "37.932", "east": "-73.777", "west": "-76.48", "format": "ASCII", "sizeMB": 4.82}, "IMPACTS_MetNav_P3B_20230123_R0.ict": {"start": "2023-01-23T11:43:36Z", "end": "2023-01-23T19:48:30Z", "north": "45.017", "south": "37.914", "east": "-68.768", "west": "-75.519", "format": "ASCII", "sizeMB": 6.56}, "IMPACTS_MetNav_P3B_20230205_R0.ict": {"start": "2023-02-05T13:28:04Z", "end": "2023-02-05T20:15:36Z", "north": "48.237", "south": "37.907", "east": "-73.97", "west": "-76.204", "format": "ASCII", "sizeMB": 5.53}, "IMPACTS_MetNav_P3B_20230209_R0.ict": {"start": "2023-02-09T17:21:42Z", "end": "2023-02-10T00:40:07Z", "north": "46.352", "south": "37.61", "east": "-75.316", "west": "-86.635", "format": "ASCII", "sizeMB": 5.94}, "IMPACTS_MetNav_P3B_20230212_R0.ict": {"start": "2023-02-12T13:22:49Z", "end": "2023-02-12T20:13:48Z", "north": "39.338", "south": "35.753", "east": "-74.818", "west": "-76.452", "format": "ASCII", "sizeMB": 5.55}, "IMPACTS_MetNav_P3B_20230214_R0.ict": {"start": "2023-02-14T21:00:11Z", "end": "2023-02-15T05:53:37Z", "north": "48.032", "south": "37.604", "east": "-75.257", "west": "-95.243", "format": "ASCII", "sizeMB": 7.29}, "IMPACTS_MetNav_P3B_20230228_R0.ict": {"start": "2023-02-28T09:02:08Z", "end": "2023-02-28T15:36:45Z", "north": "42.806", "south": "37.909", "east": "-69.642", "west": "-75.52", "format": "ASCII", "sizeMB": 5.3}, "IMPACTS_MetNav_P3B_20230216_R0.ict": {"start": "2023-02-16T14:56:55Z", "end": "2023-02-16T23:10:00Z", "north": "43.734", "south": "37.537", "east": "-75.284", "west": "-90.533", "format": "ASCII", "sizeMB": 6.71}, "IMPACTS_MetNav_P3B_20230223_R0.ict": {"start": "2023-02-23T11:32:53Z", "end": "2023-02-23T19:21:20Z", "north": "47.035", "south": "37.535", "east": "-75.081", "west": "-87.832", "format": "ASCII", "sizeMB": 6.33}}