{"IMPACTS_TAMMS_P3_20200201_R3.ict": {"start": "2020-02-01T11:31:30Z", "end": "2020-02-01T15:39:07Z", "north": "38.126", "south": "34.987", "east": "-72.475", "west": "-76.187", "format": "ASCII", "sizeMB": 31.22}, "IMPACTS_TAMMS_P3_20200220_R3.ict": {"start": "2020-02-20T19:39:42Z", "end": "2020-02-21T01:11:03Z", "north": "37.976", "south": "33.261", "east": "-75.451", "west": "-79.877", "format": "ASCII", "sizeMB": 41.1}, "IMPACTS_TAMMS_P3_20220114_R0.ict": {"start": "2022-01-14T19:17:12Z", "end": "2022-01-15T01:28:56Z", "north": "43.788", "south": "37.9", "east": "-68.97", "west": "-75.613", "format": "ASCII", "sizeMB": 38.65}, "IMPACTS_TAMMS_P3_20200218_R3.ict": {"start": "2020-02-18T17:24:25Z", "end": "2020-02-18T22:13:45Z", "north": "45.25", "south": "37.93", "east": "-70.193", "west": "-75.581", "format": "ASCII", "sizeMB": 36.89}, "IMPACTS_TAMMS_P3_20200118_R3.ict": {"start": "2020-01-18T18:01:40Z", "end": "2020-01-19T00:03:00Z", "north": "44.202", "south": "37.914", "east": "-73.132", "west": "-75.518", "format": "ASCII", "sizeMB": 45.02}, "IMPACTS_TAMMS_P3_20200125_R3.ict": {"start": "2020-01-25T18:53:18Z", "end": "2020-01-26T00:28:21Z", "north": "44.433", "south": "37.892", "east": "-71.595", "west": "-75.515", "format": "ASCII", "sizeMB": 42.0}, "IMPACTS_TAMMS_P3_20200207_R3.ict": {"start": "2020-02-07T14:06:35Z", "end": "2020-02-07T20:00:17Z", "north": "43.153", "south": "37.893", "east": "-73.1", "west": "-76.38", "format": "ASCII", "sizeMB": 44.53}, "IMPACTS_TAMMS_P3_20200213_R3.ict": {"start": "2020-02-13T06:23:20Z", "end": "2020-02-13T12:40:25Z", "north": "44.358", "south": "37.912", "east": "-72.577", "west": "-75.53", "format": "ASCII", "sizeMB": 47.46}, "IMPACTS_TAMMS_P3_20200205_R3.ict": {"start": "2020-02-05T18:30:43Z", "end": "2020-02-06T01:39:30Z", "north": "41.759", "south": "37.355", "east": "-75.452", "west": "-90.429", "format": "ASCII", "sizeMB": 54.57}, "IMPACTS_TAMMS_P3_20200225_R3.ict": {"start": "2020-02-25T20:58:28Z", "end": "2020-02-26T04:11:04Z", "north": "41.424", "south": "37.942", "east": "-75.332", "west": "-88.266", "format": "ASCII", "sizeMB": 53.18}, "IMPACTS_TAMMS_P3_20220213_R0.ict": {"start": "2022-02-13T11:49:36Z", "end": "2022-02-13T15:15:01Z", "north": "42.452", "south": "37.887", "east": "-70.23", "west": "-75.549", "format": "ASCII", "sizeMB": 21.61}, "IMPACTS_TAMMS_P3_20220117_R0.ict": {"start": "2022-01-17T09:04:11Z", "end": "2022-01-17T15:58:35Z", "north": "44.27", "south": "37.942", "east": "-75.235", "west": "-80.984", "format": "ASCII", "sizeMB": 42.69}, "IMPACTS_TAMMS_P3_20220119_R0.ict": {"start": "2022-01-19T11:00:04Z", "end": "2022-01-19T17:33:32Z", "north": "47.28", "south": "37.909", "east": "-72.486", "west": "-75.561", "format": "ASCII", "sizeMB": 41.09}, "IMPACTS_TAMMS_P3_20220225_R0.ict": {"start": "2022-02-25T15:12:03Z", "end": "2022-02-25T19:29:33Z", "north": "43.356", "south": "37.937", "east": "-70.426", "west": "-75.513", "format": "ASCII", "sizeMB": 27.1}, "IMPACTS_TAMMS_P3_20220203_R0.ict": {"start": "2022-02-03T13:10:40Z", "end": "2022-02-03T20:45:23Z", "north": "41.75", "south": "37.497", "east": "-75.392", "west": "-84.84", "format": "ASCII", "sizeMB": 47.38}, "IMPACTS_TAMMS_P3_20220208_R0.ict": {"start": "2022-02-08T12:16:44Z", "end": "2022-02-08T18:56:36Z", "north": "47.259", "south": "37.939", "east": "-64.978", "west": "-75.497", "format": "ASCII", "sizeMB": 41.86}, "IMPACTS_TAMMS_P3_20220129_R0.ict": {"start": "2022-01-29T18:51:09Z", "end": "2022-01-30T03:49:43Z", "north": "43.714", "south": "39.71", "east": "-68.677", "west": "-84.125", "format": "ASCII", "sizeMB": 56.25}, "IMPACTS_TAMMS_P3_20220204_R0.ict": {"start": "2022-02-04T13:03:23Z", "end": "2022-02-04T20:26:51Z", "north": "45.328", "south": "37.93", "east": "-68.462", "west": "-75.554", "format": "ASCII", "sizeMB": 45.67}, "IMPACTS_TAMMS_P3_20220219_R0.ict": {"start": "2022-02-19T12:11:56Z", "end": "2022-02-19T19:18:17Z", "north": "46.934", "south": "37.908", "east": "-70.734", "west": "-75.489", "format": "ASCII", "sizeMB": 44.2}, "IMPACTS_TAMMS_P3_20220217_R0.ict": {"start": "2022-02-17T16:33:54Z", "end": "2022-02-18T00:42:57Z", "north": "42.89", "south": "37.503", "east": "-75.182", "west": "-87.246", "format": "ASCII", "sizeMB": 51.15}, "IMPACTS_TAMMS_P3_20230113_R0.ict": {"start": "2023-01-13T04:32:23Z", "end": "2023-01-13T11:04:18Z", "north": "46.84", "south": "37.931", "east": "-74.896", "west": "-75.496", "format": "ASCII", "sizeMB": 40.57}, "IMPACTS_TAMMS_P3_20230115_R0.ict": {"start": "2023-01-15T14:07:58Z", "end": "2023-01-15T20:39:37Z", "north": "39.962", "south": "36.356", "east": "-67.839", "west": "-75.602", "format": "ASCII", "sizeMB": 39.5}, "IMPACTS_TAMMS_P3_20230129_R0.ict": {"start": "2023-01-29T13:29:32Z", "end": "2023-01-29T18:04:06Z", "north": "45.654", "south": "37.93", "east": "-75.277", "west": "-77.34", "format": "ASCII", "sizeMB": 27.94}, "IMPACTS_TAMMS_P3_20230119_R0.ict": {"start": "2023-01-19T20:20:37Z", "end": "2023-01-20T04:28:16Z", "north": "46.482", "south": "37.957", "east": "-73.365", "west": "-78.162", "format": "ASCII", "sizeMB": 49.97}, "IMPACTS_TAMMS_P3_20230123_R0.ict": {"start": "2023-01-23T11:44:32Z", "end": "2023-01-23T19:47:04Z", "north": "45.061", "south": "37.957", "east": "-68.7", "west": "-75.484", "format": "ASCII", "sizeMB": 49.1}, "IMPACTS_TAMMS_P3_20230125_R0.ict": {"start": "2023-01-25T18:42:06Z", "end": "2023-01-26T00:33:56Z", "north": "44.078", "south": "37.93", "east": "-73.774", "west": "-76.445", "format": "ASCII", "sizeMB": 35.84}, "IMPACTS_TAMMS_P3_20230205_R0.ict": {"start": "2023-02-05T13:28:38Z", "end": "2023-02-05T20:10:05Z", "north": "48.244", "south": "37.919", "east": "-73.963", "west": "-76.217", "format": "ASCII", "sizeMB": 40.8}, "IMPACTS_TAMMS_P3_20230212_R0.ict": {"start": "2023-02-12T13:23:21Z", "end": "2023-02-12T20:12:33Z", "north": "39.325", "south": "35.706", "east": "-74.813", "west": "-76.473", "format": "ASCII", "sizeMB": 41.73}, "IMPACTS_TAMMS_P3_20230209_R0.ict": {"start": "2023-02-09T17:23:28Z", "end": "2023-02-10T00:38:55Z", "north": "46.38", "south": "37.623", "east": "-75.292", "west": "-86.583", "format": "ASCII", "sizeMB": 44.1}, "IMPACTS_TAMMS_P3_20230216_R0.ict": {"start": "2023-02-16T14:57:28Z", "end": "2023-02-16T23:08:10Z", "north": "43.772", "south": "37.577", "east": "-75.203", "west": "-90.472", "format": "ASCII", "sizeMB": 49.94}, "IMPACTS_TAMMS_P3_20230214_R0.ict": {"start": "2023-02-14T21:00:43Z", "end": "2023-02-15T05:52:41Z", "north": "48.015", "south": "37.609", "east": "-75.227", "west": "-95.204", "format": "ASCII", "sizeMB": 54.12}, "IMPACTS_TAMMS_P3_20230228_R0.ict": {"start": "2023-02-28T09:02:44Z", "end": "2023-02-28T15:35:38Z", "north": "42.783", "south": "37.878", "east": "-69.653", "west": "-75.491", "format": "ASCII", "sizeMB": 39.87}, "IMPACTS_TAMMS_P3_20230223_R0.ict": {"start": "2023-02-23T11:33:26Z", "end": "2023-02-23T19:19:55Z", "north": "47.042", "south": "37.556", "east": "-75.04", "west": "-87.798", "format": "ASCII", "sizeMB": 47.38}}