{"IMPACTS_UIUC_Mobile_research_sounding_20200118_1600.nc": {"start": "2020-01-18T16:00:00Z", "end": "2020-01-18T17:30:10Z", "north": "42.112", "south": "42.092", "east": "-76.38", "west": "-76.4", "format": "netCDF-4", "sizeMB": 0.04}, "IMPACTS_UIUC_Mobile_research_sounding_20200118_1800.nc": {"start": "2020-01-18T18:06:00Z", "end": "2020-01-18T18:50:20Z", "north": "42.112", "south": "42.092", "east": "-76.38", "west": "-76.4", "format": "netCDF-4", "sizeMB": 0.02}, "IMPACTS_UIUC_Mobile_research_sounding_20200118_2000.nc": {"start": "2020-01-18T19:59:00Z", "end": "2020-01-18T20:46:30Z", "north": "42.112", "south": "42.092", "east": "-76.38", "west": "-76.4", "format": "netCDF-4", "sizeMB": 0.03}, "IMPACTS_UIUC_Mobile_research_sounding_20200118_2200.nc": {"start": "2020-01-18T21:56:00Z", "end": "2020-01-18T22:41:00Z", "north": "42.112", "south": "42.092", "east": "-76.38", "west": "-76.4", "format": "netCDF-4", "sizeMB": 0.02}, "IMPACTS_UIUC_Mobile_research_sounding_20200119_0000.nc": {"start": "2020-01-19T00:00:00Z", "end": "2020-01-19T00:54:20Z", "north": "42.112", "south": "42.092", "east": "-76.38", "west": "-76.4", "format": "netCDF-4", "sizeMB": 0.03}, "IMPACTS_UIUC_Mobile_research_sounding_20200125_1800.nc": {"start": "2020-01-25T17:59:00Z", "end": "2020-01-25T19:10:50Z", "north": "43.595", "south": "43.575", "east": "-73.361", "west": "-73.381", "format": "netCDF-4", "sizeMB": 0.03}, "IMPACTS_UIUC_Mobile_research_sounding_20200125_2100.nc": {"start": "2020-01-25T20:57:00Z", "end": "2020-01-25T21:59:10Z", "north": "43.595", "south": "43.575", "east": "-73.361", "west": "-73.381", "format": "netCDF-4", "sizeMB": 0.03}, "IMPACTS_UIUC_Mobile_research_sounding_20200126_0000.nc": {"start": "2020-01-25T23:57:00Z", "end": "2020-01-26T01:05:30Z", "north": "43.595", "south": "43.575", "east": "-73.361", "west": "-73.381", "format": "netCDF-4", "sizeMB": 0.03}, "IMPACTS_UIUC_Mobile_research_sounding_20200126_0300.nc": {"start": "2020-01-26T02:58:00Z", "end": "2020-01-26T04:02:50Z", "north": "43.595", "south": "43.575", "east": "-73.361", "west": "-73.381", "format": "netCDF-4", "sizeMB": 0.03}, "IMPACTS_UIUC_Mobile_research_sounding_20200205_2100.nc": {"start": "2020-02-05T20:12:00Z", "end": "2020-02-05T20:41:37Z", "north": "40.126", "south": "40.106", "east": "-88.233", "west": "-88.253", "format": "netCDF-4", "sizeMB": 0.11}, "IMPACTS_UIUC_Mobile_research_sounding_20200206_0000.nc": {"start": "2020-02-05T23:12:00Z", "end": "2020-02-06T00:04:46Z", "north": "40.126", "south": "40.106", "east": "-88.233", "west": "-88.253", "format": "netCDF-4", "sizeMB": 0.19}, "IMPACTS_UIUC_Mobile_research_sounding_20200207_0900.nc": {"start": "2020-02-07T08:09:00Z", "end": "2020-02-07T08:41:10Z", "north": "43.113", "south": "43.093", "east": "-76.183", "west": "-76.203", "format": "netCDF-4", "sizeMB": 0.02}, "IMPACTS_UIUC_Mobile_research_sounding_20200207_1200.nc": {"start": "2020-02-07T11:09:00Z", "end": "2020-02-07T11:53:20Z", "north": "43.113", "south": "43.093", "east": "-76.183", "west": "-76.203", "format": "netCDF-4", "sizeMB": 0.02}, "IMPACTS_UIUC_Mobile_research_sounding_20200207_1500.nc": {"start": "2020-02-07T14:14:00Z", "end": "2020-02-07T15:03:00Z", "north": "43.113", "south": "43.093", "east": "-76.183", "west": "-76.203", "format": "netCDF-4", "sizeMB": 0.03}, "IMPACTS_UIUC_Mobile_research_sounding_20200207_1800.nc": {"start": "2020-02-07T17:04:00Z", "end": "2020-02-07T17:44:00Z", "north": "43.113", "south": "43.093", "east": "-76.183", "west": "-76.203", "format": "netCDF-4", "sizeMB": 0.02}, "IMPACTS_UIUC_Mobile_research_sounding_20200213_0300.nc": {"start": "2020-02-13T02:17:00Z", "end": "2020-02-13T03:02:50Z", "north": "44.272", "south": "44.252", "east": "-73.431", "west": "-73.451", "format": "netCDF-4", "sizeMB": 0.02}, "IMPACTS_UIUC_Mobile_research_sounding_20200213_0600.nc": {"start": "2020-02-13T05:07:00Z", "end": "2020-02-13T05:55:40Z", "north": "44.272", "south": "44.252", "east": "-73.431", "west": "-73.451", "format": "netCDF-4", "sizeMB": 0.03}, "IMPACTS_UIUC_Mobile_research_sounding_20200213_0900.nc": {"start": "2020-02-13T08:14:00Z", "end": "2020-02-13T08:53:40Z", "north": "44.272", "south": "44.252", "east": "-73.431", "west": "-73.451", "format": "netCDF-4", "sizeMB": 0.02}, "IMPACTS_UIUC_Mobile_research_sounding_20200213_1200.nc": {"start": "2020-02-13T11:11:00Z", "end": "2020-02-13T11:59:40Z", "north": "44.272", "south": "44.252", "east": "-73.431", "west": "-73.451", "format": "netCDF-4", "sizeMB": 0.03}, "IMPACTS_UIUC_Mobile_research_sounding_20200218_1500.nc": {"start": "2020-02-18T14:12:00Z", "end": "2020-02-18T14:57:40Z", "north": "43.656", "south": "43.636", "east": "-72.325", "west": "-72.345", "format": "netCDF-4", "sizeMB": 0.02}, "IMPACTS_UIUC_Mobile_research_sounding_20200218_1800.nc": {"start": "2020-02-18T17:15:00Z", "end": "2020-02-18T17:59:30Z", "north": "43.656", "south": "43.636", "east": "-72.325", "west": "-72.345", "format": "netCDF-4", "sizeMB": 0.02}, "IMPACTS_UIUC_Mobile_research_sounding_20200218_2100.nc": {"start": "2020-02-18T20:14:00Z", "end": "2020-02-18T20:59:10Z", "north": "43.656", "south": "43.636", "east": "-72.325", "west": "-72.345", "format": "netCDF-4", "sizeMB": 0.02}, "IMPACTS_UIUC_Mobile_research_sounding_20200225_1500.nc": {"start": "2020-02-25T14:07:00Z", "end": "2020-02-25T15:46:55Z", "north": "40.126", "south": "40.106", "east": "-88.233", "west": "-88.253", "format": "netCDF-4", "sizeMB": 0.34}, "IMPACTS_UIUC_Mobile_research_sounding_20200225_1800.nc": {"start": "2020-02-25T17:23:00Z", "end": "2020-02-25T18:45:06Z", "north": "40.126", "south": "40.106", "east": "-88.233", "west": "-88.253", "format": "netCDF-4", "sizeMB": 0.28}, "IMPACTS_UIUC_Mobile_research_sounding_20200225_2100.nc": {"start": "2020-02-25T20:10:00Z", "end": "2020-02-25T21:10:03Z", "north": "40.126", "south": "40.106", "east": "-88.233", "west": "-88.253", "format": "netCDF-4", "sizeMB": 0.21}, "IMPACTS_UIUC_Mobile_research_sounding_20200226_0000.nc": {"start": "2020-02-25T23:04:00Z", "end": "2020-02-26T00:17:03Z", "north": "40.126", "south": "40.106", "east": "-88.233", "west": "-88.253", "format": "netCDF-4", "sizeMB": 0.25}, "IMPACTS_UIUC_Mobile_research_sounding_20200226_0300.nc": {"start": "2020-02-26T02:23:00Z", "end": "2020-02-26T03:23:50Z", "north": "40.126", "south": "40.106", "east": "-88.233", "west": "-88.253", "format": "netCDF-4", "sizeMB": 0.21}, "IMPACTS_UIUC_Mobile_research_sounding_20200227_0600.nc": {"start": "2020-02-27T05:45:00Z", "end": "2020-02-27T06:32:50Z", "north": "42.112", "south": "42.092", "east": "-76.38", "west": "-76.4", "format": "netCDF-4", "sizeMB": 0.03}, "IMPACTS_UIUC_Mobile_research_sounding_20200227_0900.nc": {"start": "2020-02-27T08:17:00Z", "end": "2020-02-27T09:04:30Z", "north": "42.112", "south": "42.092", "east": "-76.38", "west": "-76.4", "format": "netCDF-4", "sizeMB": 0.03}, "IMPACTS_UIUC_Mobile_research_sounding_20200227_1200.nc": {"start": "2020-02-27T11:16:00Z", "end": "2020-02-27T12:01:00Z", "north": "42.112", "south": "42.092", "east": "-76.38", "west": "-76.4", "format": "netCDF-4", "sizeMB": 0.02}, "IMPACTS_UIUC_Mobile_research_sounding_20200227_1500.nc": {"start": "2020-02-27T14:13:00Z", "end": "2020-02-27T14:44:10Z", "north": "42.112", "south": "42.092", "east": "-76.38", "west": "-76.4", "format": "netCDF-4", "sizeMB": 0.02}, "IMPACTS_UIUC_Mobile_research_sounding_20220117_0600.nc": {"start": "2022-01-17T05:10:00Z", "end": "2022-01-17T05:42:50Z", "north": "42.81", "south": "42.79", "east": "-77.802", "west": "-77.822", "format": "netCDF-4", "sizeMB": 0.03}, "IMPACTS_UIUC_Mobile_research_sounding_20220117_0900.nc": {"start": "2022-01-17T08:12:00Z", "end": "2022-01-17T08:52:10Z", "north": "42.81", "south": "42.79", "east": "-77.802", "west": "-77.822", "format": "netCDF-4", "sizeMB": 0.03}, "IMPACTS_UIUC_Mobile_research_sounding_20220117_1200.nc": {"start": "2022-01-17T11:05:00Z", "end": "2022-01-17T11:49:10Z", "north": "42.81", "south": "42.79", "east": "-77.802", "west": "-77.822", "format": "netCDF-4", "sizeMB": 0.03}, "IMPACTS_UIUC_Mobile_research_sounding_20220117_1500.nc": {"start": "2022-01-17T14:06:00Z", "end": "2022-01-17T14:43:10Z", "north": "42.81", "south": "42.79", "east": "-77.802", "west": "-77.822", "format": "netCDF-4", "sizeMB": 0.03}, "IMPACTS_UIUC_Mobile_research_sounding_20220129_1800.nc": {"start": "2022-01-29T17:15:00Z", "end": "2022-01-29T17:35:20Z", "north": "41.969", "south": "41.949", "east": "-70.661", "west": "-70.681", "format": "netCDF-4", "sizeMB": 0.02}, "IMPACTS_UIUC_Mobile_research_sounding_20220129_2000.nc": {"start": "2022-01-29T19:20:00Z", "end": "2022-01-29T19:33:40Z", "north": "41.969", "south": "41.949", "east": "-70.661", "west": "-70.681", "format": "netCDF-4", "sizeMB": 0.02}, "IMPACTS_UIUC_Mobile_research_sounding_20220129_2200.nc": {"start": "2022-01-29T21:45:00Z", "end": "2022-01-29T22:30:10Z", "north": "41.969", "south": "41.949", "east": "-70.661", "west": "-70.681", "format": "netCDF-4", "sizeMB": 0.03}, "IMPACTS_UIUC_Mobile_research_sounding_20220130_0000.nc": {"start": "2022-01-29T23:05:00Z", "end": "2022-01-30T00:01:40Z", "north": "41.969", "south": "41.949", "east": "-70.661", "west": "-70.681", "format": "netCDF-4", "sizeMB": 0.04}, "IMPACTS_UIUC_Mobile_research_sounding_20220130_0200.nc": {"start": "2022-01-30T01:06:00Z", "end": "2022-01-30T02:07:00Z", "north": "41.969", "south": "41.949", "east": "-70.661", "west": "-70.681", "format": "netCDF-4", "sizeMB": 0.04}, "IMPACTS_UIUC_Mobile_research_sounding_20220203_1500.nc": {"start": "2022-02-03T15:07:00Z", "end": "2022-02-03T16:03:15Z", "north": "40.126", "south": "40.106", "east": "-88.233", "west": "-88.253", "format": "netCDF-4", "sizeMB": 0.26}, "IMPACTS_UIUC_Mobile_research_sounding_20220203_1800.nc": {"start": "2022-02-03T18:15:00Z", "end": "2022-02-03T19:18:28Z", "north": "40.126", "south": "40.106", "east": "-88.233", "west": "-88.253", "format": "netCDF-4", "sizeMB": 0.29}, "IMPACTS_UIUC_Mobile_research_sounding_20220204_1500.nc": {"start": "2022-02-04T14:05:00Z", "end": "2022-02-04T14:42:50Z", "north": "42.697", "south": "42.677", "east": "-73.843", "west": "-73.863", "format": "netCDF-4", "sizeMB": 0.03}, "IMPACTS_UIUC_Mobile_research_sounding_20220204_1800.nc": {"start": "2022-02-04T17:05:00Z", "end": "2022-02-04T17:34:00Z", "north": "42.697", "south": "42.677", "east": "-73.843", "west": "-73.863", "format": "netCDF-4", "sizeMB": 0.03}, "IMPACTS_UIUC_Mobile_research_sounding_20220204_2100.nc": {"start": "2022-02-04T20:05:00Z", "end": "2022-02-04T20:41:10Z", "north": "42.697", "south": "42.677", "east": "-73.843", "west": "-73.863", "format": "netCDF-4", "sizeMB": 0.03}, "IMPACTS_UIUC_Mobile_research_sounding_20220213_1200.nc": {"start": "2022-02-13T11:15:00Z", "end": "2022-02-13T12:00:50Z", "north": "41.834", "south": "41.814", "east": "-72.492", "west": "-72.512", "format": "netCDF-4", "sizeMB": 0.03}, "IMPACTS_UIUC_Mobile_research_sounding_20220213_1330.nc": {"start": "2022-02-13T12:45:00Z", "end": "2022-02-13T13:33:30Z", "north": "41.834", "south": "41.814", "east": "-72.492", "west": "-72.512", "format": "netCDF-4", "sizeMB": 0.03}, "IMPACTS_UIUC_Mobile_research_sounding_20220213_1500.nc": {"start": "2022-02-13T14:10:00Z", "end": "2022-02-13T14:54:00Z", "north": "41.834", "south": "41.814", "east": "-72.492", "west": "-72.512", "format": "netCDF-4", "sizeMB": 0.03}, "IMPACTS_UIUC_Mobile_research_sounding_20220213_1800.nc": {"start": "2022-02-13T17:05:00Z", "end": "2022-02-13T17:38:50Z", "north": "41.834", "south": "41.814", "east": "-72.492", "west": "-72.512", "format": "netCDF-4", "sizeMB": 0.03}, "IMPACTS_UIUC_Mobile_research_sounding_20220219_1200.nc": {"start": "2022-02-19T11:15:00Z", "end": "2022-02-19T11:51:50Z", "north": "44.705", "south": "44.685", "east": "-73.49", "west": "-73.51", "format": "netCDF-4", "sizeMB": 0.03}, "IMPACTS_UIUC_Mobile_research_sounding_20220219_1500.nc": {"start": "2022-02-19T14:10:00Z", "end": "2022-02-19T14:40:20Z", "north": "44.705", "south": "44.685", "east": "-73.49", "west": "-73.51", "format": "netCDF-4", "sizeMB": 0.03}, "IMPACTS_UIUC_Mobile_research_sounding_20220219_1800.nc": {"start": "2022-02-19T17:06:00Z", "end": "2022-02-19T17:53:30Z", "north": "44.705", "south": "44.685", "east": "-73.49", "west": "-73.51", "format": "netCDF-4", "sizeMB": 0.03}, "IMPACTS_UIUC_Mobile_research_sounding_20220225_0600.nc": {"start": "2022-02-25T05:16:00Z", "end": "2022-02-25T06:00:30Z", "north": "42.697", "south": "42.677", "east": "-73.843", "west": "-73.863", "format": "netCDF-4", "sizeMB": 0.03}, "IMPACTS_UIUC_Mobile_research_sounding_20220225_0900.nc": {"start": "2022-02-25T08:12:00Z", "end": "2022-02-25T08:58:20Z", "north": "42.697", "south": "42.677", "east": "-73.843", "west": "-73.863", "format": "netCDF-4", "sizeMB": 0.03}, "IMPACTS_UIUC_Mobile_research_sounding_20220225_1500.nc": {"start": "2022-02-25T14:06:00Z", "end": "2022-02-25T14:56:40Z", "north": "42.697", "south": "42.677", "east": "-73.843", "west": "-73.863", "format": "netCDF-4", "sizeMB": 0.03}}