{"ALOFT_EXRAD_NADIR_L1B_RevA_20230615.h5": {"start": "2023-06-15T17:34:23Z", "end": "2023-06-15T20:00:32Z", "north": "35.767", "south": "32.552", "east": "-115.554", "west": "-118.559", "format": "HDF-5", "sizeMB": 494.04}, "ALOFT_EXRAD_NADIR_L1B_RevA_20230629.h5": {"start": "2023-06-29T14:54:15Z", "end": "2023-06-29T20:13:09Z", "north": "35.881", "south": "27.98", "east": "-83.328", "west": "-118.208", "format": "HDF-5", "sizeMB": 1077.93}, "ALOFT_EXRAD_NADIR_L1B_RevA_20230703.h5": {"start": "2023-07-03T21:10:41Z", "end": "2023-07-04T02:46:37Z", "north": "27.886", "south": "18.952", "east": "-82.494", "west": "-91.351", "format": "HDF-5", "sizeMB": 1135.5}, "ALOFT_EXRAD_NADIR_L1B_RevA_20230707.h5": {"start": "2023-07-08T02:01:28Z", "end": "2023-07-08T09:21:34Z", "north": "27.861", "south": "12.676", "east": "-82.504", "west": "-89.961", "format": "HDF-5", "sizeMB": 1487.53}, "ALOFT_EXRAD_NADIR_L1B_RevA_20230705.h5": {"start": "2023-07-06T01:45:45Z", "end": "2023-07-06T09:40:16Z", "north": "27.893", "south": "18.767", "east": "-82.494", "west": "-95.351", "format": "HDF-5", "sizeMB": 2122.17}, "ALOFT_EXRAD_NADIR_L1B_RevA_20230712.h5": {"start": "2023-07-12T22:40:09Z", "end": "2023-07-13T01:35:01Z", "north": "29.92", "south": "26.08", "east": "-80.452", "west": "-83.27", "format": "HDF-5", "sizeMB": 591.12}, "ALOFT_EXRAD_NADIR_L1B_RevA_20230720.h5": {"start": "2023-07-20T20:34:36Z", "end": "2023-07-21T00:21:22Z", "north": "27.863", "south": "25.927", "east": "-81.139", "west": "-83.882", "format": "HDF-5", "sizeMB": 766.54}, "ALOFT_EXRAD_NADIR_L1B_RevA_20230716.h5": {"start": "2023-07-16T10:34:43Z", "end": "2023-07-16T18:42:18Z", "north": "27.861", "south": "10.888", "east": "-81.431", "west": "-86.159", "format": "HDF-5", "sizeMB": 1648.04}, "ALOFT_EXRAD_NADIR_L1B_RevA_20230723.h5": {"start": "2023-07-24T02:55:36Z", "end": "2023-07-24T10:17:04Z", "north": "27.861", "south": "18.674", "east": "-82.494", "west": "-95.35", "format": "HDF-5", "sizeMB": 1492.18}, "ALOFT_EXRAD_NADIR_L1B_RevA_20230725.h5": {"start": "2023-07-25T22:35:57Z", "end": "2023-07-26T06:03:55Z", "north": "27.872", "south": "17.121", "east": "-82.489", "west": "-95.041", "format": "HDF-5", "sizeMB": 1514.15}, "ALOFT_EXRAD_NADIR_L1B_RevA_20230729.h5": {"start": "2023-07-29T18:22:46Z", "end": "2023-07-29T22:30:21Z", "north": "29.023", "south": "26.462", "east": "-80.404", "west": "-83.647", "format": "HDF-5", "sizeMB": 836.89}, "ALOFT_EXRAD_NADIR_L1B_RevA_20230728.h5": {"start": "2023-07-28T12:46:40Z", "end": "2023-07-28T19:25:57Z", "north": "27.861", "south": "12.722", "east": "-81.559", "west": "-86.16", "format": "HDF-5", "sizeMB": 1349.61}, "ALOFT_EXRAD_NADIR_L1B_RevA_20230731.h5": {"start": "2023-07-31T12:13:08Z", "end": "2023-07-31T17:22:32Z", "north": "35.959", "south": "27.563", "east": "-82.495", "west": "-118.332", "format": "HDF-5", "sizeMB": 1045.79}}