{"WHyMSIE_MetNav_ER2_20241031_R0.ict": {"start": "2024-10-31T16:48:14Z", "end": "2024-10-31T23:11:17Z", "north": "37.132", "south": "34.765", "east": "-96.555", "west": "-117.983", "format": "ASCII", "sizeMB": 4.05}, "WHyMSIE_MetNav_ER2_20241104_R0.ict": {"start": "2024-11-04T17:02:59Z", "end": "2024-11-04T22:16:13Z", "north": "39.11", "south": "31.258", "east": "-114.839", "west": "-126.385", "format": "ASCII", "sizeMB": 3.31}, "WHyMSIE_MetNav_ER2_20241107_R0.ict": {"start": "2024-11-07T18:03:52Z", "end": "2024-11-07T23:50:30Z", "north": "37.448", "south": "30.451", "east": "-117.797", "west": "-125.739", "format": "ASCII", "sizeMB": 3.67}, "WHyMSIE_MetNav_ER2_20241112_R0.ict": {"start": "2024-11-12T17:49:25Z", "end": "2024-11-12T22:19:42Z", "north": "36.152", "south": "31.253", "east": "-117.667", "west": "-128.753", "format": "ASCII", "sizeMB": 2.87}, "WHyMSIE_MetNav_ER2_20241022_R0.ict": {"start": "2024-10-22T17:01:48Z", "end": "2024-10-22T23:11:18Z", "north": "37.35", "south": "34.75", "east": "-96.799", "west": "-118.014", "format": "ASCII", "sizeMB": 3.9}, "WHyMSIE_MetNav_ER2_20241025_R0.ict": {"start": "2024-10-25T16:40:47Z", "end": "2024-10-26T00:18:27Z", "north": "38.756", "south": "34.907", "east": "-89.537", "west": "-117.919", "format": "ASCII", "sizeMB": 4.82}, "WHyMSIE_MetNav_ER2_20241030_R0.ict": {"start": "2024-10-30T18:52:51Z", "end": "2024-10-31T00:02:21Z", "north": "36.516", "south": "23.298", "east": "-117.788", "west": "-122.589", "format": "ASCII", "sizeMB": 3.29}, "WHyMSIE_MetNav_ER2_20241023_R0.ict": {"start": "2024-10-23T17:48:44Z", "end": "2024-10-23T22:43:24Z", "north": "36.027", "south": "22.728", "east": "-117.517", "west": "-119.533", "format": "ASCII", "sizeMB": 3.14}, "WHyMSIE_MetNav_ER2_20241018_R0.ict": {"start": "2024-10-18T16:59:33Z", "end": "2024-10-18T20:49:26Z", "north": "39.112", "south": "33.073", "east": "-115.375", "west": "-125.021", "format": "ASCII", "sizeMB": 2.44}, "WHyMSIE_MetNav_ER2_20241113_R0.ict": {"start": "2024-11-13T18:30:04Z", "end": "2024-11-13T23:36:43Z", "north": "41.002", "south": "33.25", "east": "-117.409", "west": "-129.726", "format": "ASCII", "sizeMB": 3.26}}