{"impacts_cossir_20230105_along_track_v1.nc": {"start": "2023-01-05T16:44:10Z", "end": "2023-01-05T19:38:44Z", "north": "36.275", "south": "34.464", "east": "-87.675", "west": "-112.989", "format": "netCDF-4", "sizeMB": 15.11}, "impacts_cossir_20230113_along_track_v1.nc": {"start": "2023-01-13T04:30:33Z", "end": "2023-01-13T10:15:30Z", "north": "47.714", "south": "36.828", "east": "-74.323", "west": "-82.986", "format": "netCDF-4", "sizeMB": 29.72}, "impacts_cossir_20230115_along_track_v1.nc": {"start": "2023-01-15T13:43:56Z", "end": "2023-01-15T19:42:42Z", "north": "40.306", "south": "35.252", "east": "-67.073", "west": "-82.962", "format": "netCDF-4", "sizeMB": 30.9}, "impacts_cossir_20230123_along_track_v1.nc": {"start": "2023-01-23T12:58:21Z", "end": "2023-01-23T18:48:12Z", "north": "45.487", "south": "35.909", "east": "-68.129", "west": "-82.323", "format": "netCDF-4", "sizeMB": 30.14}, "impacts_cossir_20230119_along_track_v1.nc": {"start": "2023-01-19T20:30:44Z", "end": "2023-01-20T02:59:11Z", "north": "47.026", "south": "35.774", "east": "-74.386", "west": "-83.572", "format": "netCDF-4", "sizeMB": 33.45}, "impacts_cossir_20230105_forward_conical_v1.nc": {"start": "2023-01-05T16:44:14Z", "end": "2023-01-05T19:38:50Z", "north": "36.458", "south": "34.309", "east": "-87.641", "west": "-112.623", "format": "netCDF-4", "sizeMB": 37.35}, "impacts_cossir_20230125_along_track_v1.nc": {"start": "2023-01-25T18:27:28Z", "end": "2023-01-26T00:54:34Z", "north": "44.761", "south": "35.019", "east": "-73.01", "west": "-83.137", "format": "netCDF-4", "sizeMB": 33.33}, "impacts_cossir_20230129_along_track_v1.nc": {"start": "2023-01-29T13:34:49Z", "end": "2023-01-29T18:01:15Z", "north": "46.418", "south": "36.686", "east": "-75.024", "west": "-83.164", "format": "netCDF-4", "sizeMB": 22.98}, "impacts_cossir_20230205_along_track_v1.nc": {"start": "2023-02-05T13:37:39Z", "end": "2023-02-05T19:50:13Z", "north": "48.878", "south": "36.191", "east": "-74.316", "west": "-82.979", "format": "netCDF-4", "sizeMB": 32.08}, "impacts_cossir_20230113_forward_conical_v1.nc": {"start": "2023-01-13T04:30:36Z", "end": "2023-01-13T10:15:35Z", "north": "48.021", "south": "36.952", "east": "-73.89", "west": "-82.939", "format": "netCDF-4", "sizeMB": 73.66}, "impacts_cossir_20230212_along_track_v1.nc": {"start": "2023-02-12T13:53:17Z", "end": "2023-02-12T19:22:57Z", "north": "40.067", "south": "34.612", "east": "-74.317", "west": "-82.524", "format": "netCDF-4", "sizeMB": 28.41}, "impacts_cossir_20230123_forward_conical_v1.nc": {"start": "2023-01-23T12:58:16Z", "end": "2023-01-23T18:48:17Z", "north": "45.933", "south": "35.827", "east": "-67.734", "west": "-82.225", "format": "netCDF-4", "sizeMB": 74.73}, "impacts_cossir_20230115_forward_conical_v1.nc": {"start": "2023-01-15T13:44:00Z", "end": "2023-01-15T19:42:38Z", "north": "40.523", "south": "35.151", "east": "-66.647", "west": "-82.79", "format": "netCDF-4", "sizeMB": 76.57}, "impacts_cossir_20230119_forward_conical_v1.nc": {"start": "2023-01-19T20:30:48Z", "end": "2023-01-20T02:59:16Z", "north": "47.242", "south": "35.744", "east": "-74.061", "west": "-83.731", "format": "netCDF-4", "sizeMB": 82.93}, "impacts_cossir_20230129_forward_conical_v1.nc": {"start": "2023-01-29T13:34:52Z", "end": "2023-01-29T18:01:11Z", "north": "46.756", "south": "36.726", "east": "-74.261", "west": "-83.148", "format": "netCDF-4", "sizeMB": 56.9}, "impacts_cossir_20230226_along_track_v1.nc": {"start": "2023-02-26T15:24:09Z", "end": "2023-02-26T18:12:29Z", "north": "32.33", "south": "26.72", "east": "-82.35", "west": "-86.571", "format": "netCDF-4", "sizeMB": 14.57}, "impacts_cossir_20230214_along_track_v1.nc": {"start": "2023-02-14T22:35:15Z", "end": "2023-02-15T04:36:50Z", "north": "48.326", "south": "35.946", "east": "-84.723", "west": "-95.763", "format": "netCDF-4", "sizeMB": 31.14}, "impacts_cossir_20230217_along_track_v1.nc": {"start": "2023-02-17T12:52:13Z", "end": "2023-02-17T18:17:44Z", "north": "48.26", "south": "36.545", "east": "-68.787", "west": "-82.365", "format": "netCDF-4", "sizeMB": 28.05}, "impacts_cossir_20230125_forward_conical_v1.nc": {"start": "2023-01-25T18:27:31Z", "end": "2023-01-26T00:54:31Z", "north": "45.15", "south": "34.949", "east": "-72.636", "west": "-83.206", "format": "netCDF-4", "sizeMB": 82.61}, "impacts_cossir_20230205_forward_conical_v1.nc": {"start": "2023-02-05T13:37:43Z", "end": "2023-02-05T19:50:09Z", "north": "49.36", "south": "36.155", "east": "-73.491", "west": "-83.004", "format": "netCDF-4", "sizeMB": 79.51}, "impacts_cossir_20230302_along_track_v1.nc": {"start": "2023-03-02T12:30:10Z", "end": "2023-03-02T16:11:12Z", "north": "36.359", "south": "34.926", "east": "-86.2", "west": "-115.7", "format": "netCDF-4", "sizeMB": 19.09}, "impacts_cossir_20230226_forward_conical_v1.nc": {"start": "2023-02-26T15:24:12Z", "end": "2023-02-26T18:12:25Z", "north": "32.334", "south": "26.395", "east": "-81.969", "west": "-86.916", "format": "netCDF-4", "sizeMB": 35.99}, "impacts_cossir_20230228_along_track_v1.nc": {"start": "2023-02-28T09:30:27Z", "end": "2023-02-28T15:45:14Z", "north": "43.638", "south": "35.747", "east": "-69.129", "west": "-83.456", "format": "netCDF-4", "sizeMB": 32.27}, "impacts_cossir_20230212_forward_conical_v1.nc": {"start": "2023-02-12T13:53:21Z", "end": "2023-02-12T19:22:53Z", "north": "40.384", "south": "34.33", "east": "-74.128", "west": "-82.667", "format": "netCDF-4", "sizeMB": 70.37}, "impacts_cossir_20230217_forward_conical_v1.nc": {"start": "2023-02-17T12:52:17Z", "end": "2023-02-17T18:17:40Z", "north": "48.779", "south": "36.527", "east": "-68.2", "west": "-82.156", "format": "netCDF-4", "sizeMB": 69.48}, "impacts_cossir_20230214_forward_conical_v1.nc": {"start": "2023-02-14T22:35:19Z", "end": "2023-02-15T04:36:47Z", "north": "48.724", "south": "35.922", "east": "-84.692", "west": "-96.419", "format": "netCDF-4", "sizeMB": 77.17}, "impacts_cossir_20230302_forward_conical_v1.nc": {"start": "2023-03-02T12:30:14Z", "end": "2023-03-02T16:11:08Z", "north": "36.532", "south": "34.792", "east": "-86.443", "west": "-115.701", "format": "netCDF-4", "sizeMB": 47.22}, "impacts_cossir_20230228_forward_conical_v1.nc": {"start": "2023-02-28T09:30:30Z", "end": "2023-02-28T15:45:10Z", "north": "44.452", "south": "35.641", "east": "-68.408", "west": "-83.26", "format": "netCDF-4", "sizeMB": 79.98}}