{"GOESR_CRS_L1B_20170411_v0.nc": {"start": "2017-04-11T16:29:39Z", "end": "2017-04-11T20:11:50Z", "north": "36.597", "south": "33.485", "east": "-86.562", "west": "-117.184", "format": "Not Provided", "sizeMB": 454.85}, "GOESR_CRS_L1B_20170413_v0.nc": {"start": "2017-04-13T05:46:42Z", "end": "2017-04-13T08:40:23Z", "north": "30.784", "south": "26.449", "east": "-83.974", "west": "-87.434", "format": "Not Provided", "sizeMB": 179.26}, "GOESR_CRS_L1B_20170416_v0.nc": {"start": "2017-04-16T06:53:10Z", "end": "2017-04-16T13:30:49Z", "north": "37.868", "south": "32.899", "east": "-85.462", "west": "-98.197", "format": "Not Provided", "sizeMB": 410.41}, "GOESR_CRS_L1B_20170418_v0.nc": {"start": "2017-04-18T17:22:11Z", "end": "2017-04-18T22:30:03Z", "north": "36.5", "south": "32.81", "east": "-83.068", "west": "-87.642", "format": "Not Provided", "sizeMB": 317.75}, "GOESR_CRS_L1B_20170420_v0.nc": {"start": "2017-04-20T00:00:00Z", "end": "2017-04-20T23:59:59Z", "north": "43.572", "south": "34.469", "east": "-76.216", "west": "-82.981", "format": "Not Provided", "sizeMB": 369.12}, "GOESR_CRS_L1B_20170422_v0.nc": {"start": "2017-04-22T00:00:00Z", "end": "2017-04-22T23:59:59Z", "north": "35.589", "south": "32.733", "east": "-85.127", "west": "-88.31", "format": "Not Provided", "sizeMB": 291.05}, "GOESR_CRS_L1B_20170507_v0.nc": {"start": "2017-05-07T16:08:45Z", "end": "2017-05-07T18:55:35Z", "north": "31.079", "south": "29.864", "east": "-77.758", "west": "-84.014", "format": "Not Provided", "sizeMB": 172.2}, "GOESR_CRS_L1B_20170508_v0.nc": {"start": "2017-05-08T00:00:00Z", "end": "2017-05-08T23:59:59Z", "north": "41.061", "south": "33.681", "east": "-86.198", "west": "-104.983", "format": "Not Provided", "sizeMB": 414.55}, "GOESR_CRS_L1B_20170512_v0.nc": {"start": "2017-05-12T13:42:09Z", "end": "2017-05-12T19:44:33Z", "north": "32.708", "south": "28.536", "east": "-85.689", "west": "-92.252", "format": "Not Provided", "sizeMB": 374.04}, "GOESR_CRS_L1B_20170514_v0.nc": {"start": "2017-05-14T12:55:46Z", "end": "2017-05-14T18:31:29Z", "north": "30.696", "south": "27.61", "east": "-72.202", "west": "-82.309", "format": "Not Provided", "sizeMB": 346.5}, "GOESR_CRS_L1B_20170517_v0.nc": {"start": "2017-05-17T02:28:33Z", "end": "2017-05-17T07:35:23Z", "north": "36.01", "south": "32.747", "east": "-85.487", "west": "-102.427", "format": "Not Provided", "sizeMB": 290.72}}