{"TC4_AVAPS_DC8_DS20070717_1443.txt": {"start": "2007-07-17T14:43:27Z", "end": "2007-07-17T14:55:30Z", "north": "4.727", "south": "4.722", "east": "-81.83", "west": "-81.85", "format": "ASCII", "sizeMB": 0.16}, "TC4_AVAPS_DC8_DS20070808_1305.txt": {"start": "2007-08-08T13:05:05Z", "end": "2007-08-08T13:16:34Z", "north": "6.358", "south": "6.348", "east": "-83.007", "west": "-83.032", "format": "ASCII", "sizeMB": 0.15}, "TC4_AVAPS_DC8_DS20070728_1539.txt": {"start": "2007-07-28T15:39:09Z", "end": "2007-07-28T15:52:43Z", "north": "14.62", "south": "14.605", "east": "-81.754", "west": "-81.789", "format": "ASCII", "sizeMB": 0.18}, "TC4_AVAPS_DC8_DS20070806_1405.txt": {"start": "2007-08-06T14:05:50Z", "end": "2007-08-06T14:18:23Z", "north": "2.015", "south": "2.005", "east": "-91.117", "west": "-91.171", "format": "ASCII", "sizeMB": 0.16}, "TC4_AVAPS_DC8_DS20070808_1409.txt": {"start": "2007-08-08T14:09:30Z", "end": "2007-08-08T14:21:35Z", "north": "7.001", "south": "6.982", "east": "-82.502", "west": "-82.526", "format": "ASCII", "sizeMB": 0.15}, "TC4_AVAPS_DC8_DS20070728_1544.txt": {"start": "2007-07-28T15:44:12Z", "end": "2007-07-28T15:57:27Z", "north": "14.042", "south": "14.028", "east": "-81.564", "west": "-81.6", "format": "ASCII", "sizeMB": 0.17}, "TC4_AVAPS_DC8_DS20070722_1834.txt": {"start": "2007-07-22T18:34:49Z", "end": "2007-07-22T18:48:42Z", "north": "13.405", "south": "13.382", "east": "-78.673", "west": "-78.735", "format": "ASCII", "sizeMB": 0.18}, "TC4_AVAPS_DC8_DS20070731_1627.txt": {"start": "2007-07-31T16:27:34Z", "end": "2007-07-31T16:41:03Z", "north": "9.09", "south": "9.078", "east": "-83.802", "west": "-83.841", "format": "ASCII", "sizeMB": 0.17}, "TC4_AVAPS_DC8_DS20070729_1359.txt": {"start": "2007-07-29T13:59:40Z", "end": "2007-07-29T14:12:14Z", "north": "1.359", "south": "1.35", "east": "-84.327", "west": "-84.367", "format": "ASCII", "sizeMB": 0.16}, "TC4_AVAPS_DC8_DS20070731_1548.txt": {"start": "2007-07-31T15:48:34Z", "end": "2007-07-31T16:02:00Z", "north": "9.033", "south": "9.021", "east": "-83.736", "west": "-83.773", "format": "ASCII", "sizeMB": 0.17}, "TC4_AVAPS_DC8_DS20070808_1330.txt": {"start": "2007-08-08T13:30:48Z", "end": "2007-08-08T13:42:53Z", "north": "6.08", "south": "6.072", "east": "-82.112", "west": "-82.151", "format": "ASCII", "sizeMB": 0.15}, "TC4_AVAPS_DC8_DS20070808_1239.txt": {"start": "2007-08-08T12:39:43Z", "end": "2007-08-08T12:51:19Z", "north": "6.893", "south": "6.885", "east": "-83.312", "west": "-83.337", "format": "ASCII", "sizeMB": 0.15}, "TC4_AVAPS_DC8_DS20070731_1759.txt": {"start": "2007-07-31T17:59:07Z", "end": "2007-07-31T18:12:55Z", "north": "8.992", "south": "8.974", "east": "-89.005", "west": "-89.048", "format": "ASCII", "sizeMB": 0.18}, "TC4_AVAPS_DC8_DS20070724_1504.txt": {"start": "2007-07-24T15:04:44Z", "end": "2007-07-24T15:17:38Z", "north": "5.625", "south": "5.611", "east": "-85.812", "west": "-85.837", "format": "ASCII", "sizeMB": 0.17}, "TC4_AVAPS_DC8_DS20070808_1312.txt": {"start": "2007-08-08T13:12:01Z", "end": "2007-08-08T13:23:56Z", "north": "6.825", "south": "6.817", "east": "-83.697", "west": "-83.719", "format": "ASCII", "sizeMB": 0.15}, "TC4_AVAPS_DC8_DS20070722_1350.txt": {"start": "2007-07-22T13:50:20Z", "end": "2007-07-22T14:00:09Z", "north": "6.497", "south": "6.487", "east": "-84.425", "west": "-84.442", "format": "ASCII", "sizeMB": 0.13}, "TC4_AVAPS_DC8_DS20070808_1253.txt": {"start": "2007-08-08T12:53:37Z", "end": "2007-08-08T13:05:07Z", "north": "5.99", "south": "5.98", "east": "-81.982", "west": "-82.013", "format": "ASCII", "sizeMB": 0.15}, "TC4_AVAPS_DC8_DS20070728_1701.txt": {"start": "2007-07-28T17:01:04Z", "end": "2007-07-28T17:14:44Z", "north": "11.013", "south": "11.002", "east": "-88.682", "west": "-88.72", "format": "ASCII", "sizeMB": 0.18}, "TC4_AVAPS_DC8_DS20070724_1459.txt": {"start": "2007-07-24T14:59:05Z", "end": "2007-07-24T15:11:47Z", "north": "5.758", "south": "5.731", "east": "-85.515", "west": "-85.54", "format": "ASCII", "sizeMB": 0.15}, "TC4_AVAPS_DC8_DS20070722_1414.txt": {"start": "2007-07-22T14:13:59Z", "end": "2007-07-22T14:25:39Z", "north": "6.831", "south": "6.821", "east": "-85.803", "west": "-85.825", "format": "ASCII", "sizeMB": 0.15}, "TC4_AVAPS_DC8_DS20070717_1644.txt": {"start": "2007-07-17T16:44:30Z", "end": "2007-07-17T16:57:18Z", "north": "-1.653", "south": "-1.664", "east": "-81.533", "west": "-81.568", "format": "ASCII", "sizeMB": 0.17}, "TC4_AVAPS_DC8_DS20070628_2255.txt": {"start": "2007-06-28T22:54:59Z", "end": "2007-06-28T23:06:22Z", "north": "39.507", "south": "39.428", "east": "-125.041", "west": "-125.177", "format": "ASCII", "sizeMB": 0.15}, "TC4_AVAPS_DC8_DS20070806_1700.txt": {"start": "2007-08-06T17:00:50Z", "end": "2007-08-06T17:13:19Z", "north": "1.85", "south": "1.84", "east": "-92.032", "west": "-92.084", "format": "ASCII", "sizeMB": 0.16}, "TC4_AVAPS_DC8_DS20070630_2051.txt": {"start": "2007-06-30T20:51:01Z", "end": "2007-06-30T21:03:35Z", "north": "43.885", "south": "43.813", "east": "-126.774", "west": "-126.908", "format": "ASCII", "sizeMB": 0.16}, "TC4_AVAPS_DC8_DS20070722_1854.txt": {"start": "2007-07-22T18:54:35Z", "end": "2007-07-22T19:08:35Z", "north": "15.715", "south": "15.685", "east": "-79.195", "west": "-79.25", "format": "ASCII", "sizeMB": 0.18}, "TC4_AVAPS_DC8_DS20070803_1655.txt": {"start": "2007-08-03T16:55:15Z", "end": "2007-08-03T17:08:48Z", "north": "7.352", "south": "7.341", "east": "-81.268", "west": "-81.308", "format": "ASCII", "sizeMB": 0.17}, "TC4_AVAPS_DC8_DS20070717_1958.txt": {"start": "2007-07-17T19:58:21Z", "end": "2007-07-17T20:11:52Z", "north": "8.693", "south": "8.688", "east": "-84.468", "west": "-84.489", "format": "ASCII", "sizeMB": 0.17}, "TC4_AVAPS_DC8_DS20070628_2258.txt": {"start": "2007-06-28T22:57:59Z", "end": "2007-06-28T23:09:14Z", "north": "39.522", "south": "39.442", "east": "-125.472", "west": "-125.612", "format": "ASCII", "sizeMB": 0.15}, "TC4_AVAPS_DC8_DS20070722_1602.txt": {"start": "2007-07-22T16:02:10Z", "end": "2007-07-22T16:11:46Z", "north": "7.715", "south": "7.708", "east": "-82.667", "west": "-82.675", "format": "ASCII", "sizeMB": 0.12}, "TC4_AVAPS_DC8_DS20070805_1441.txt": {"start": "2007-08-05T14:41:31Z", "end": "2007-08-05T14:54:30Z", "north": "6.183", "south": "6.174", "east": "-81.367", "west": "-81.411", "format": "ASCII", "sizeMB": 0.16}, "TC4_AVAPS_DC8_DS20070728_1646.txt": {"start": "2007-07-28T16:46:52Z", "end": "2007-07-28T17:00:06Z", "north": "12.578", "south": "12.566", "east": "-88.07", "west": "-88.122", "format": "ASCII", "sizeMB": 0.17}, "TC4_AVAPS_DC8_DS20070728_1529.txt": {"start": "2007-07-28T15:29:46Z", "end": "2007-07-28T15:42:24Z", "north": "15.681", "south": "15.676", "east": "-82.12", "west": "-82.164", "format": "ASCII", "sizeMB": 0.17}, "TC4_AVAPS_DC8_DS20070729_1720.txt": {"start": "2007-07-29T17:20:07Z", "end": "2007-07-29T17:27:50Z", "north": "-1.086", "south": "-1.091", "east": "-81.659", "west": "-81.67", "format": "ASCII", "sizeMB": 0.1}, "TC4_AVAPS_DC8_DS20070722_1608.txt": {"start": "2007-07-22T16:08:01Z", "end": "2007-07-22T16:20:40Z", "north": "7.808", "south": "7.8", "east": "-81.963", "west": "-81.977", "format": "ASCII", "sizeMB": 0.16}, "TC4_AVAPS_DC8_DS20070806_1421.txt": {"start": "2007-08-06T14:21:34Z", "end": "2007-08-06T14:34:03Z", "north": "0.0", "south": "-0.014", "east": "-89.76", "west": "-89.811", "format": "ASCII", "sizeMB": 0.16}, "TC4_AVAPS_DC8_DS20070717_1519.txt": {"start": "2007-07-17T15:19:20Z", "end": "2007-07-17T15:30:23Z", "north": "4.316", "south": "4.31", "east": "-81.293", "west": "-81.312", "format": "ASCII", "sizeMB": 0.14}, "TC4_AVAPS_DC8_DS20070728_1555.txt": {"start": "2007-07-28T15:55:34Z", "end": "2007-07-28T16:08:54Z", "north": "13.666", "south": "13.65", "east": "-82.296", "west": "-82.333", "format": "ASCII", "sizeMB": 0.17}, "TC4_AVAPS_DC8_DS20070731_1510.txt": {"start": "2007-07-31T15:10:36Z", "end": "2007-07-31T15:23:36Z", "north": "9.143", "south": "9.13", "east": "-83.862", "west": "-83.9", "format": "ASCII", "sizeMB": 0.16}, "TC4_AVAPS_DC8_DS20070806_1706.txt": {"start": "2007-08-06T17:06:43Z", "end": "2007-08-06T17:18:59Z", "north": "2.537", "south": "2.527", "east": "-92.212", "west": "-92.264", "format": "ASCII", "sizeMB": 0.16}, "TC4_AVAPS_DC8_DS20070722_1636.txt": {"start": "2007-07-22T16:36:00Z", "end": "2007-07-22T16:45:11Z", "north": "8.032", "south": "8.03", "east": "-80.043", "west": "-80.047", "format": "ASCII", "sizeMB": 0.11}, "TC4_AVAPS_DC8_DS20070729_1445.txt": {"start": "2007-07-29T14:45:40Z", "end": "2007-07-29T14:53:33Z", "north": "-4.033", "south": "-4.036", "east": "-83.282", "west": "-83.304", "format": "ASCII", "sizeMB": 0.12}, "TC4_AVAPS_DC8_DS20070805_1517.txt": {"start": "2007-08-05T15:17:39Z", "end": "2007-08-05T15:31:02Z", "north": "6.167", "south": "6.157", "east": "-81.382", "west": "-81.429", "format": "ASCII", "sizeMB": 0.17}, "TC4_AVAPS_DC8_DS20070803_1851.txt": {"start": "2007-08-03T18:51:06Z", "end": "2007-08-03T18:59:33Z", "north": "5.191", "south": "5.181", "east": "-83.133", "west": "-83.156", "format": "ASCII", "sizeMB": 0.1}, "TC4_AVAPS_DC8_DS20070803_1910.txt": {"start": "2007-08-03T19:10:55Z", "end": "2007-08-03T19:22:23Z", "north": "7.194", "south": "7.175", "east": "-83.552", "west": "-83.592", "format": "ASCII", "sizeMB": 0.15}, "TC4_AVAPS_DC8_DS20070729_1322.txt": {"start": "2007-07-29T13:22:53Z", "end": "2007-07-29T13:35:27Z", "north": "5.865", "south": "5.86", "east": "-84.852", "west": "-84.888", "format": "ASCII", "sizeMB": 0.16}, "TC4_AVAPS_DC8_DS20070729_1411.txt": {"start": "2007-07-29T14:11:23Z", "end": "2007-07-29T14:24:10Z", "north": "0.002", "south": "-0.006", "east": "-84.159", "west": "-84.201", "format": "ASCII", "sizeMB": 0.17}, "TC4_AVAPS_DC8_DS20070806_1711.txt": {"start": "2007-08-06T17:11:56Z", "end": "2007-08-06T17:24:07Z", "north": "3.108", "south": "3.099", "east": "-92.23", "west": "-92.282", "format": "ASCII", "sizeMB": 0.16}, "TC4_AVAPS_DC8_DS20070728_1724.txt": {"start": "2007-07-28T17:24:52Z", "end": "2007-07-28T17:38:38Z", "north": "8.922", "south": "8.915", "east": "-86.635", "west": "-86.653", "format": "ASCII", "sizeMB": 0.17}, "TC4_AVAPS_DC8_DS20070717_1406.txt": {"start": "2007-07-17T14:06:37Z", "end": "2007-07-17T14:19:22Z", "north": "4.56", "south": "4.554", "east": "-82.338", "west": "-82.363", "format": "ASCII", "sizeMB": 0.16}, "TC4_AVAPS_DC8_DS20070729_1910.txt": {"start": "2007-07-29T19:10:06Z", "end": "2007-07-29T19:23:38Z", "north": "8.429", "south": "8.421", "east": "-79.407", "west": "-79.44", "format": "ASCII", "sizeMB": 0.18}, "TC4_AVAPS_DC8_DS20070630_2037.txt": {"start": "2007-06-30T20:37:01Z", "end": "2007-06-30T20:50:29Z", "north": "44.399", "south": "44.315", "east": "-125.185", "west": "-125.332", "format": "ASCII", "sizeMB": 0.18}, "TC4_AVAPS_DC8_DS20070721_1344.txt": {"start": "2007-07-21T13:44:04Z", "end": "2007-07-21T13:56:08Z", "north": "7.183", "south": "7.169", "east": "-79.418", "west": "-79.442", "format": "ASCII", "sizeMB": 0.16}, "TC4_AVAPS_DC8_DS20070806_1316.txt": {"start": "2007-08-06T13:16:58Z", "end": "2007-08-06T13:29:33Z", "north": "5.595", "south": "5.584", "east": "-89.405", "west": "-89.45", "format": "ASCII", "sizeMB": 0.16}, "TC4_AVAPS_DC8_DS20070808_1353.txt": {"start": "2007-08-08T13:53:42Z", "end": "2007-08-08T14:05:34Z", "north": "6.953", "south": "6.945", "east": "-83.905", "west": "-83.928", "format": "ASCII", "sizeMB": 0.15}, "TC4_AVAPS_DC8_DS20070721_1750.txt": {"start": "2007-07-21T17:50:27Z", "end": "2007-07-21T18:03:18Z", "north": "11.776", "south": "11.758", "east": "-79.308", "west": "-79.337", "format": "ASCII", "sizeMB": 0.17}, "TC4_AVAPS_DC8_DS20070805_1629.txt": {"start": "2007-08-05T16:29:48Z", "end": "2007-08-05T16:43:04Z", "north": "6.089", "south": "6.079", "east": "-78.132", "west": "-78.17", "format": "ASCII", "sizeMB": 0.17}, "TC4_AVAPS_DC8_DS20070721_1401.txt": {"start": "2007-07-21T14:01:03Z", "end": "2007-07-21T14:13:49Z", "north": "6.289", "south": "6.273", "east": "-77.538", "west": "-77.56", "format": "ASCII", "sizeMB": 0.16}, "TC4_AVAPS_DC8_DS20070808_2005.txt": {"start": "2007-08-08T20:05:48Z", "end": "2007-08-08T20:19:51Z", "north": "6.312", "south": "6.305", "east": "-77.72", "west": "-77.786", "format": "ASCII", "sizeMB": 0.18}, "TC4_AVAPS_DC8_DS20070722_1815.txt": {"start": "2007-07-22T18:15:26Z", "end": "2007-07-22T18:29:20Z", "north": "11.103", "south": "11.093", "east": "-78.158", "west": "-78.203", "format": "ASCII", "sizeMB": 0.18}, "TC4_AVAPS_DC8_DS20070722_1434.txt": {"start": "2007-07-22T14:34:03Z", "end": "2007-07-22T14:46:03Z", "north": "6.207", "south": "6.2", "east": "-83.798", "west": "-83.814", "format": "ASCII", "sizeMB": 0.15}, "TC4_AVAPS_DC8_DS20070805_1354.txt": {"start": "2007-08-05T13:54:05Z", "end": "2007-08-05T14:05:34Z", "north": "6.498", "south": "6.488", "east": "-79.485", "west": "-79.515", "format": "ASCII", "sizeMB": 0.15}, "TC4_AVAPS_DC8_DS20070808_1344.txt": {"start": "2007-08-08T13:44:16Z", "end": "2007-08-08T13:56:11Z", "north": "6.359", "south": "6.348", "east": "-83.008", "west": "-83.038", "format": "ASCII", "sizeMB": 0.16}, "TC4_AVAPS_DC8_DS20070724_1538.txt": {"start": "2007-07-24T15:38:40Z", "end": "2007-07-24T15:51:19Z", "north": "5.36", "south": "5.342", "east": "-84.675", "west": "-84.696", "format": "ASCII", "sizeMB": 0.16}, "TC4_AVAPS_DC8_DS20070805_1459.txt": {"start": "2007-08-05T14:59:02Z", "end": "2007-08-05T15:12:02Z", "north": "6.489", "south": "6.479", "east": "-79.742", "west": "-79.782", "format": "ASCII", "sizeMB": 0.16}, "TC4_AVAPS_DC8_DS20070729_1854.txt": {"start": "2007-07-29T18:54:54Z", "end": "2007-07-29T19:07:18Z", "north": "6.79", "south": "6.782", "east": "-78.803", "west": "-78.831", "format": "ASCII", "sizeMB": 0.16}, "TC4_AVAPS_DC8_DS20070717_1535.txt": {"start": "2007-07-17T15:35:13Z", "end": "2007-07-17T15:45:50Z", "north": "5.405", "south": "5.398", "east": "-82.793", "west": "-82.799", "format": "ASCII", "sizeMB": 0.13}, "TC4_AVAPS_DC8_DS20070805_1410.txt": {"start": "2007-08-05T14:10:18Z", "end": "2007-08-05T14:22:23Z", "north": "6.193", "south": "6.187", "east": "-80.86", "west": "-80.9", "format": "ASCII", "sizeMB": 0.16}, "TC4_AVAPS_DC8_DS20070808_2026.txt": {"start": "2007-08-08T20:26:14Z", "end": "2007-08-08T20:40:15Z", "north": "7.742", "south": "7.728", "east": "-79.96", "west": "-80.024", "format": "ASCII", "sizeMB": 0.18}, "TC4_AVAPS_DC8_DS20070806_1439.txt": {"start": "2007-08-06T14:39:56Z", "end": "2007-08-06T14:52:25Z", "north": "-1.125", "south": "-1.138", "east": "-89.617", "west": "-89.647", "format": "ASCII", "sizeMB": 0.16}, "TC4_AVAPS_DC8_DS20070805_1827.txt": {"start": "2007-08-05T18:27:33Z", "end": "2007-08-05T18:40:14Z", "north": "8.303", "south": "8.297", "east": "-79.3", "west": "-79.338", "format": "ASCII", "sizeMB": 0.16}, "TC4_AVAPS_DC8_DS20070729_1817.txt": {"start": "2007-07-29T18:17:31Z", "end": "2007-07-29T18:30:29Z", "north": "4.297", "south": "4.289", "east": "-78.313", "west": "-78.359", "format": "ASCII", "sizeMB": 0.17}, "TC4_AVAPS_DC8_DS20070729_1748.txt": {"start": "2007-07-29T17:48:04Z", "end": "2007-07-29T18:00:55Z", "north": "1.802", "south": "1.796", "east": "-80.276", "west": "-80.318", "format": "ASCII", "sizeMB": 0.17}, "TC4_AVAPS_DC8_DS20070630_2043.txt": {"start": "2007-06-30T20:43:01Z", "end": "2007-06-30T20:56:19Z", "north": "44.188", "south": "44.11", "east": "-125.842", "west": "-125.987", "format": "ASCII", "sizeMB": 0.17}, "TC4_AVAPS_DC8_DS20070630_2102.txt": {"start": "2007-06-30T21:02:00Z", "end": "2007-06-30T21:15:42Z", "north": "43.18", "south": "43.1", "east": "-126.976", "west": "-127.122", "format": "ASCII", "sizeMB": 0.18}, "TC4_AVAPS_DC8_DS20070722_1505.txt": {"start": "2007-07-22T15:05:56Z", "end": "2007-07-22T15:17:40Z", "north": "6.728", "south": "6.719", "east": "-84.521", "west": "-84.538", "format": "ASCII", "sizeMB": 0.15}, "TC4_AVAPS_DC8_DS20070729_1451.txt": {"start": "2007-07-29T14:51:53Z", "end": "2007-07-29T15:00:13Z", "north": "-4.593", "south": "-4.598", "east": "-82.843", "west": "-82.857", "format": "ASCII", "sizeMB": 0.11}, "TC4_AVAPS_DC8_DS20070806_1338.txt": {"start": "2007-08-06T13:38:15Z", "end": "2007-08-06T13:50:51Z", "north": "3.917", "south": "3.907", "east": "-91.1", "west": "-91.16", "format": "ASCII", "sizeMB": 0.17}, "TC4_AVAPS_DC8_DS20070803_1608.txt": {"start": "2007-08-03T16:08:14Z", "end": "2007-08-03T16:21:23Z", "north": "7.892", "south": "7.877", "east": "-82.728", "west": "-82.771", "format": "ASCII", "sizeMB": 0.17}, "TC4_AVAPS_DC8_DS20070805_1423.txt": {"start": "2007-08-05T14:23:23Z", "end": "2007-08-05T14:35:46Z", "north": "6.493", "south": "6.483", "east": "-79.68", "west": "-79.716", "format": "ASCII", "sizeMB": 0.16}, "TC4_AVAPS_DC8_DS20070803_1824.txt": {"start": "2007-08-03T18:24:21Z", "end": "2007-08-03T18:38:00Z", "north": "7.985", "south": "7.971", "east": "-83.623", "west": "-83.664", "format": "ASCII", "sizeMB": 0.17}, "TC4_AVAPS_DC8_DS20070803_1637.txt": {"start": "2007-08-03T16:37:26Z", "end": "2007-08-03T16:50:39Z", "north": "7.654", "south": "7.642", "east": "-82.6", "west": "-82.642", "format": "ASCII", "sizeMB": 0.17}, "TC4_AVAPS_DC8_DS20070728_1713.txt": {"start": "2007-07-28T17:13:51Z", "end": "2007-07-28T17:27:44Z", "north": "9.915", "south": "9.908", "east": "-87.543", "west": "-87.558", "format": "ASCII", "sizeMB": 0.18}, "TC4_AVAPS_DC8_DS20070808_1505.txt": {"start": "2007-08-08T15:05:09Z", "end": "2007-08-08T15:18:21Z", "north": "6.731", "south": "6.722", "east": "-85.048", "west": "-85.081", "format": "ASCII", "sizeMB": 0.17}, "TC4_AVAPS_DC8_DS20070808_1708.txt": {"start": "2007-08-08T17:08:29Z", "end": "2007-08-08T17:21:58Z", "north": "4.138", "south": "4.127", "east": "-79.588", "west": "-79.652", "format": "ASCII", "sizeMB": 0.18}, "TC4_AVAPS_DC8_DS20070724_1528.txt": {"start": "2007-07-24T15:28:23Z", "end": "2007-07-24T15:40:30Z", "north": "5.548", "south": "5.532", "east": "-85.715", "west": "-85.734", "format": "ASCII", "sizeMB": 0.15}, "TC4_AVAPS_DC8_DS20070717_1320.txt": {"start": "2007-07-17T13:20:23Z", "end": "2007-07-17T13:30:53Z", "north": "8.116", "south": "8.108", "east": "-84.53", "west": "-84.54", "format": "ASCII", "sizeMB": 0.13}, "TC4_AVAPS_DC8_DS20070729_1844.txt": {"start": "2007-07-29T18:44:31Z", "end": "2007-07-29T18:57:04Z", "north": "6.956", "south": "6.947", "east": "-78.812", "west": "-78.848", "format": "ASCII", "sizeMB": 0.16}, "TC4_AVAPS_DC8_DS20070717_1451.txt": {"start": "2007-07-17T14:51:15Z", "end": "2007-07-17T15:02:51Z", "north": "5.169", "south": "5.162", "east": "-82.518", "west": "-82.531", "format": "ASCII", "sizeMB": 0.15}, "TC4_AVAPS_DC8_DS20070731_1737.txt": {"start": "2007-07-31T17:37:03Z", "end": "2007-07-31T17:50:58Z", "north": "10.057", "south": "10.043", "east": "-87.172", "west": "-87.244", "format": "ASCII", "sizeMB": 0.18}, "TC4_AVAPS_DC8_DS20070731_1551.txt": {"start": "2007-07-31T15:51:46Z", "end": "2007-07-31T16:05:13Z", "north": "9.273", "south": "9.257", "east": "-84.013", "west": "-84.05", "format": "ASCII", "sizeMB": 0.17}, "TC4_AVAPS_DC8_DS20070721_1349.txt": {"start": "2007-07-21T13:49:24Z", "end": "2007-07-21T14:02:10Z", "north": "6.929", "south": "6.913", "east": "-78.83", "west": "-78.853", "format": "ASCII", "sizeMB": 0.17}, "TC4_AVAPS_DC8_DS20070728_1515.txt": {"start": "2007-07-28T15:15:10Z", "end": "2007-07-28T15:24:44Z", "north": "16.02", "south": "16.015", "east": "-82.235", "west": "-82.27", "format": "ASCII", "sizeMB": 0.13}, "TC4_AVAPS_DC8_DS20070805_1339.txt": {"start": "2007-08-05T13:39:10Z", "end": "2007-08-05T13:50:48Z", "north": "6.715", "south": "6.708", "east": "-80.823", "west": "-80.855", "format": "ASCII", "sizeMB": 0.15}, "TC4_AVAPS_DC8_DS20070803_1620.txt": {"start": "2007-08-03T16:20:49Z", "end": "2007-08-03T16:33:56Z", "north": "7.302", "south": "7.292", "east": "-81.342", "west": "-81.381", "format": "ASCII", "sizeMB": 0.17}, "TC4_AVAPS_DC8_DS20070803_1844.txt": {"start": "2007-08-03T18:44:46Z", "end": "2007-08-03T18:58:38Z", "north": "5.966", "south": "5.954", "east": "-83.306", "west": "-83.329", "format": "ASCII", "sizeMB": 0.18}}