{"ALOFT_EXRAD_Gridded_Scan_L1B_Rev-_20230615T183120_to_20230615T183740.h5": {"start": "2023-06-15T18:31:20Z", "end": "2023-06-15T18:37:39Z", "north": "33.574", "south": "33.065", "east": "-115.578", "west": "-116.105", "format": "HDF-5", "sizeMB": 22.08}, "ALOFT_EXRAD_Gridded_Scan_L1B_Rev-_20230615T184342_to_20230615T185145.h5": {"start": "2023-06-15T18:43:42Z", "end": "2023-06-15T18:51:45Z", "north": "32.892", "south": "32.575", "east": "-116.177", "west": "-117.156", "format": "HDF-5", "sizeMB": 28.99}, "ALOFT_EXRAD_Gridded_Scan_L1B_Rev-_20230615T181013_to_20230615T182641.h5": {"start": "2023-06-15T18:10:13Z", "end": "2023-06-15T18:26:41Z", "north": "35.202", "south": "33.935", "east": "-116.506", "west": "-117.969", "format": "HDF-5", "sizeMB": 57.21}, "ALOFT_EXRAD_Gridded_Scan_L1B_Rev-_20230615T185614_to_20230615T185939.h5": {"start": "2023-06-15T18:56:14Z", "end": "2023-06-15T18:59:39Z", "north": "33.232", "south": "32.86", "east": "-117.531", "west": "-117.629", "format": "HDF-5", "sizeMB": 12.54}, "ALOFT_EXRAD_Gridded_Scan_L1B_Rev-_20230629T172715_to_20230629T180931.h5": {"start": "2023-06-29T17:27:15Z", "end": "2023-06-29T18:09:31Z", "north": "33.628", "south": "31.932", "east": "-96.768", "west": "-101.677", "format": "HDF-5", "sizeMB": 146.01}, "ALOFT_EXRAD_Gridded_Scan_L1B_Rev-_20230703T220553_to_20230703T221355.h5": {"start": "2023-07-03T22:05:53Z", "end": "2023-07-03T22:13:55Z", "north": "25.612", "south": "24.721", "east": "-85.731", "west": "-85.971", "format": "HDF-5", "sizeMB": 29.99}, "ALOFT_EXRAD_Gridded_Scan_L1B_Rev-_20230703T224234_to_20230703T225148.h5": {"start": "2023-07-03T22:42:34Z", "end": "2023-07-03T22:51:48Z", "north": "21.99", "south": "21.013", "east": "-88.009", "west": "-88.368", "format": "HDF-5", "sizeMB": 33.73}, "ALOFT_EXRAD_Gridded_Scan_L1B_Rev-_20230703T230623_to_20230703T231448.h5": {"start": "2023-07-03T23:06:23Z", "end": "2023-07-03T23:14:48Z", "north": "20.527", "south": "20.522", "east": "-90.083", "west": "-91.138", "format": "HDF-5", "sizeMB": 32.45}, "ALOFT_EXRAD_Gridded_Scan_L1B_Rev-_20230703T231849_to_20230703T232453.h5": {"start": "2023-07-03T23:18:49Z", "end": "2023-07-03T23:24:53Z", "north": "20.575", "south": "20.163", "east": "-90.484", "west": "-91.017", "format": "HDF-5", "sizeMB": 21.26}, "ALOFT_EXRAD_Gridded_Scan_L1B_Rev-_20230703T233203_to_20230703T233807.h5": {"start": "2023-07-03T23:32:03Z", "end": "2023-07-03T23:38:07Z", "north": "20.708", "south": "20.31", "east": "-90.619", "west": "-91.234", "format": "HDF-5", "sizeMB": 22.96}, "ALOFT_EXRAD_Gridded_Scan_L1B_Rev-_20230703T234143_to_20230703T234654.h5": {"start": "2023-07-03T23:41:43Z", "end": "2023-07-03T23:46:54Z", "north": "20.76", "south": "20.25", "east": "-90.806", "west": "-91.079", "format": "HDF-5", "sizeMB": 18.69}, "ALOFT_EXRAD_Gridded_Scan_L1B_Rev-_20230703T235025_to_20230703T235336.h5": {"start": "2023-07-03T23:50:25Z", "end": "2023-07-03T23:53:35Z", "north": "20.591", "south": "20.398", "east": "-90.733", "west": "-91.064", "format": "HDF-5", "sizeMB": 12.07}, "ALOFT_EXRAD_Gridded_Scan_L1B_Rev-_20230629T153547_to_20230629T172459.h5": {"start": "2023-06-29T15:35:47Z", "end": "2023-06-29T17:24:59Z", "north": "35.796", "south": "33.712", "east": "-101.95", "west": "-116.016", "format": "HDF-5", "sizeMB": 384.15}, "ALOFT_EXRAD_Gridded_Scan_L1B_Rev-_20230703T235626_to_20230704T000837.h5": {"start": "2023-07-03T23:56:26Z", "end": "2023-07-04T00:08:37Z", "north": "20.391", "south": "19.032", "east": "-91.073", "west": "-91.218", "format": "HDF-5", "sizeMB": 44.51}, "ALOFT_EXRAD_Gridded_Scan_L1B_Rev-_20230704T001233_to_20230704T001722.h5": {"start": "2023-07-04T00:12:33Z", "end": "2023-07-04T00:17:22Z", "north": "19.639", "south": "19.184", "east": "-90.997", "west": "-91.329", "format": "HDF-5", "sizeMB": 18.1}, "ALOFT_EXRAD_Gridded_Scan_L1B_Rev-_20230704T005101_to_20230704T005453.h5": {"start": "2023-07-04T00:51:01Z", "end": "2023-07-04T00:54:53Z", "north": "19.103", "south": "18.976", "east": "-88.443", "west": "-88.907", "format": "HDF-5", "sizeMB": 15.06}, "ALOFT_EXRAD_Gridded_Scan_L1B_Rev-_20230704T002439_to_20230704T004656.h5": {"start": "2023-07-04T00:24:39Z", "end": "2023-07-04T00:46:56Z", "north": "19.606", "south": "18.987", "east": "-88.286", "west": "-90.68", "format": "HDF-5", "sizeMB": 76.7}, "ALOFT_EXRAD_Gridded_Scan_L1B_Rev-_20230704T010239_to_20230704T011650.h5": {"start": "2023-07-04T01:02:39Z", "end": "2023-07-04T01:16:50Z", "north": "20.833", "south": "19.267", "east": "-88.425", "west": "-88.571", "format": "HDF-5", "sizeMB": 51.24}, "ALOFT_EXRAD_Gridded_Scan_L1B_Rev-_20230704T021651_to_20230704T022026.h5": {"start": "2023-07-04T02:16:51Z", "end": "2023-07-04T02:20:26Z", "north": "26.977", "south": "26.672", "east": "-85.216", "west": "-85.469", "format": "HDF-5", "sizeMB": 12.48}, "ALOFT_EXRAD_Gridded_Scan_L1B_Rev-_20230706T043128_to_20230706T043606.h5": {"start": "2023-07-06T04:31:28Z", "end": "2023-07-06T04:36:06Z", "north": "19.256", "south": "18.819", "east": "-94.545", "west": "-94.754", "format": "HDF-5", "sizeMB": 15.76}, "ALOFT_EXRAD_Gridded_Scan_L1B_Rev-_20230706T043933_to_20230706T044524.h5": {"start": "2023-07-06T04:39:33Z", "end": "2023-07-06T04:45:24Z", "north": "19.562", "south": "18.979", "east": "-94.484", "west": "-94.801", "format": "HDF-5", "sizeMB": 21.44}, "ALOFT_EXRAD_Gridded_Scan_L1B_Rev-_20230706T050656_to_20230706T051005.h5": {"start": "2023-07-06T05:06:56Z", "end": "2023-07-06T05:10:05Z", "north": "19.35", "south": "19.093", "east": "-94.285", "west": "-94.551", "format": "HDF-5", "sizeMB": 11.84}, "ALOFT_EXRAD_Gridded_Scan_L1B_Rev-_20230706T051316_to_20230706T051825.h5": {"start": "2023-07-06T05:13:16Z", "end": "2023-07-06T05:18:25Z", "north": "19.291", "south": "19.237", "east": "-94.114", "west": "-94.65", "format": "HDF-5", "sizeMB": 16.76}, "ALOFT_EXRAD_Gridded_Scan_L1B_Rev-_20230704T011750_to_20230704T015020.h5": {"start": "2023-07-04T01:17:50Z", "end": "2023-07-04T01:50:20Z", "north": "24.256", "south": "20.938", "east": "-87.152", "west": "-88.396", "format": "HDF-5", "sizeMB": 114.4}, "ALOFT_EXRAD_Gridded_Scan_L1B_Rev-_20230706T052153_to_20230706T052603.h5": {"start": "2023-07-06T05:21:53Z", "end": "2023-07-06T05:26:03Z", "north": "19.426", "south": "19.097", "east": "-94.218", "west": "-94.585", "format": "HDF-5", "sizeMB": 15.7}, "ALOFT_EXRAD_Gridded_Scan_L1B_Rev-_20230706T053009_to_20230706T053512.h5": {"start": "2023-07-06T05:30:09Z", "end": "2023-07-06T05:35:12Z", "north": "19.242", "south": "19.199", "east": "-94.075", "west": "-94.602", "format": "HDF-5", "sizeMB": 16.46}, "ALOFT_EXRAD_Gridded_Scan_L1B_Rev-_20230706T060045_to_20230706T061309.h5": {"start": "2023-07-06T06:00:45Z", "end": "2023-07-06T06:13:09Z", "north": "19.715", "south": "19.166", "east": "-94.12", "west": "-95.298", "format": "HDF-5", "sizeMB": 40.64}, "ALOFT_EXRAD_Gridded_Scan_L1B_Rev-_20230706T061623_to_20230706T062633.h5": {"start": "2023-07-06T06:16:23Z", "end": "2023-07-06T06:26:33Z", "north": "20.003", "south": "19.365", "east": "-94.127", "west": "-95.187", "format": "HDF-5", "sizeMB": 38.83}, "ALOFT_EXRAD_Gridded_Scan_L1B_Rev-_20230706T064909_to_20230706T065652.h5": {"start": "2023-07-06T06:49:09Z", "end": "2023-07-06T06:56:52Z", "north": "19.771", "south": "19.186", "east": "-94.229", "west": "-94.958", "format": "HDF-5", "sizeMB": 29.58}, "ALOFT_EXRAD_Gridded_Scan_L1B_Rev-_20230706T070344_to_20230706T071344.h5": {"start": "2023-07-06T07:03:44Z", "end": "2023-07-06T07:13:44Z", "north": "19.815", "south": "19.159", "east": "-94.197", "west": "-95.019", "format": "HDF-5", "sizeMB": 33.27}, "ALOFT_EXRAD_Gridded_Scan_L1B_Rev-_20230706T071648_to_20230706T072351.h5": {"start": "2023-07-06T07:16:48Z", "end": "2023-07-06T07:23:51Z", "north": "19.956", "south": "19.313", "east": "-94.052", "west": "-94.56", "format": "HDF-5", "sizeMB": 26.24}, "ALOFT_EXRAD_Gridded_Scan_L1B_Rev-_20230708T045137_to_20230708T045712.h5": {"start": "2023-07-08T04:51:37Z", "end": "2023-07-08T04:57:12Z", "north": "13.207", "south": "12.715", "east": "-88.937", "west": "-89.345", "format": "HDF-5", "sizeMB": 20.74}, "ALOFT_EXRAD_Gridded_Scan_L1B_Rev-_20230708T043403_to_20230708T045026.h5": {"start": "2023-07-08T04:34:03Z", "end": "2023-07-08T04:50:26Z", "north": "15.188", "south": "13.322", "east": "-88.582", "west": "-88.87", "format": "HDF-5", "sizeMB": 61.42}, "ALOFT_EXRAD_Gridded_Scan_L1B_Rev-_20230708T050042_to_20230708T050629.h5": {"start": "2023-07-08T05:00:42Z", "end": "2023-07-08T05:06:29Z", "north": "13.118", "south": "12.87", "east": "-88.795", "west": "-89.398", "format": "HDF-5", "sizeMB": 20.97}, "ALOFT_EXRAD_Gridded_Scan_L1B_Rev-_20230708T051310_to_20230708T051920.h5": {"start": "2023-07-08T05:13:10Z", "end": "2023-07-08T05:19:20Z", "north": "12.943", "south": "12.839", "east": "-89.187", "west": "-89.888", "format": "HDF-5", "sizeMB": 22.73}, "ALOFT_EXRAD_Gridded_Scan_L1B_Rev-_20230708T052234_to_20230708T052828.h5": {"start": "2023-07-08T05:22:34Z", "end": "2023-07-08T05:28:28Z", "north": "13.076", "south": "12.733", "east": "-89.234", "west": "-89.784", "format": "HDF-5", "sizeMB": 20.91}, "ALOFT_EXRAD_Gridded_Scan_L1B_Rev-_20230708T053610_to_20230708T054021.h5": {"start": "2023-07-08T05:36:10Z", "end": "2023-07-08T05:40:20Z", "north": "13.481", "south": "13.03", "east": "-89.655", "west": "-89.785", "format": "HDF-5", "sizeMB": 15.35}, "ALOFT_EXRAD_Gridded_Scan_L1B_Rev-_20230708T055306_to_20230708T055843.h5": {"start": "2023-07-08T05:53:06Z", "end": "2023-07-08T05:58:43Z", "north": "13.475", "south": "12.88", "east": "-89.6", "west": "-89.796", "format": "HDF-5", "sizeMB": 20.45}, "ALOFT_EXRAD_Gridded_Scan_L1B_Rev-_20230708T054314_to_20230708T054925.h5": {"start": "2023-07-08T05:43:14Z", "end": "2023-07-08T05:49:25Z", "north": "13.484", "south": "12.797", "east": "-89.621", "west": "-89.753", "format": "HDF-5", "sizeMB": 22.85}, "ALOFT_EXRAD_Gridded_Scan_L1B_Rev-_20230708T060128_to_20230708T060731.h5": {"start": "2023-07-08T06:01:28Z", "end": "2023-07-08T06:07:31Z", "north": "13.477", "south": "12.793", "east": "-89.641", "west": "-89.737", "format": "HDF-5", "sizeMB": 22.55}, "ALOFT_EXRAD_Gridded_Scan_L1B_Rev-_20230708T061155_to_20230708T061643.h5": {"start": "2023-07-08T06:11:55Z", "end": "2023-07-08T06:16:43Z", "north": "13.393", "south": "12.932", "east": "-89.647", "west": "-89.923", "format": "HDF-5", "sizeMB": 17.52}, "ALOFT_EXRAD_Gridded_Scan_L1B_Rev-_20230708T061942_to_20230708T062449.h5": {"start": "2023-07-08T06:19:42Z", "end": "2023-07-08T06:24:49Z", "north": "13.434", "south": "12.852", "east": "-89.768", "west": "-89.778", "format": "HDF-5", "sizeMB": 19.04}, "ALOFT_EXRAD_Gridded_Scan_L1B_Rev-_20230708T065431_to_20230708T070703.h5": {"start": "2023-07-08T06:54:31Z", "end": "2023-07-08T07:07:03Z", "north": "16.723", "south": "15.354", "east": "-88.58", "west": "-88.729", "format": "HDF-5", "sizeMB": 44.86}, "ALOFT_EXRAD_Gridded_Scan_L1B_Rev-_20230708T063311_to_20230708T065309.h5": {"start": "2023-07-08T06:33:11Z", "end": "2023-07-08T06:53:09Z", "north": "15.211", "south": "13.401", "east": "-88.594", "west": "-89.739", "format": "HDF-5", "sizeMB": 69.21}, "ALOFT_EXRAD_Gridded_Scan_L1B_Rev-_20230708T071034_to_20230708T071450.h5": {"start": "2023-07-08T07:10:34Z", "end": "2023-07-08T07:14:50Z", "north": "16.623", "south": "16.164", "east": "-88.611", "west": "-88.823", "format": "HDF-5", "sizeMB": 16.46}, "ALOFT_EXRAD_Gridded_Scan_L1B_Rev-_20230708T072242_to_20230708T073328.h5": {"start": "2023-07-08T07:22:42Z", "end": "2023-07-08T07:33:28Z", "north": "17.506", "south": "16.627", "east": "-87.9", "west": "-88.631", "format": "HDF-5", "sizeMB": 36.72}, "ALOFT_EXRAD_Gridded_Scan_L1B_Rev-_20230712T232331_to_20230712T234106.h5": {"start": "2023-07-12T23:23:31Z", "end": "2023-07-12T23:41:06Z", "north": "29.608", "south": "27.788", "east": "-81.929", "west": "-82.257", "format": "HDF-5", "sizeMB": 60.14}, "ALOFT_EXRAD_Gridded_Scan_L1B_Rev-_20230712T234451_to_20230712T234919.h5": {"start": "2023-07-12T23:44:51Z", "end": "2023-07-12T23:49:19Z", "north": "29.75", "south": "29.366", "east": "-81.674", "west": "-81.997", "format": "HDF-5", "sizeMB": 15.64}, "ALOFT_EXRAD_Gridded_Scan_L1B_Rev-_20230712T235409_to_20230712T235723.h5": {"start": "2023-07-12T23:54:09Z", "end": "2023-07-12T23:57:23Z", "north": "29.768", "south": "29.602", "east": "-81.807", "west": "-82.188", "format": "HDF-5", "sizeMB": 12.25}, "ALOFT_EXRAD_Gridded_Scan_L1B_Rev-_20230713T000728_to_20230713T002419.h5": {"start": "2023-07-13T00:07:28Z", "end": "2023-07-13T00:24:19Z", "north": "29.188", "south": "27.482", "east": "-81.048", "west": "-81.693", "format": "HDF-5", "sizeMB": 58.67}, "ALOFT_EXRAD_Gridded_Scan_L1B_Rev-_20230713T002953_to_20230713T003322.h5": {"start": "2023-07-13T00:29:53Z", "end": "2023-07-13T00:33:22Z", "north": "26.904", "south": "26.558", "east": "-81.121", "west": "-81.342", "format": "HDF-5", "sizeMB": 13.13}, "ALOFT_EXRAD_Gridded_Scan_L1B_Rev-_20230713T003856_to_20230713T004147.h5": {"start": "2023-07-13T00:38:56Z", "end": "2023-07-13T00:41:47Z", "north": "26.809", "south": "26.674", "east": "-81.085", "west": "-81.37", "format": "HDF-5", "sizeMB": 9.56}, "ALOFT_EXRAD_Gridded_Scan_L1B_Rev-_20230708T073430_to_20230708T083500.h5": {"start": "2023-07-08T07:34:30Z", "end": "2023-07-08T08:35:00Z", "north": "24.007", "south": "17.606", "east": "-86.165", "west": "-87.859", "format": "HDF-5", "sizeMB": 214.62}, "ALOFT_EXRAD_Gridded_Scan_L1B_Rev-_20230713T004823_to_20230713T005115.h5": {"start": "2023-07-13T00:48:23Z", "end": "2023-07-13T00:51:15Z", "north": "26.864", "south": "26.58", "east": "-81.117", "west": "-81.297", "format": "HDF-5", "sizeMB": 10.79}, "ALOFT_EXRAD_Gridded_Scan_L1B_Rev-_20230713T005412_to_20230713T010043.h5": {"start": "2023-07-13T00:54:12Z", "end": "2023-07-13T01:00:43Z", "north": "26.638", "south": "26.628", "east": "-80.644", "west": "-81.395", "format": "HDF-5", "sizeMB": 22.08}, "ALOFT_EXRAD_Gridded_Scan_L1B_Rev-_20230713T010437_to_20230713T011152.h5": {"start": "2023-07-13T01:04:37Z", "end": "2023-07-13T01:11:52Z", "north": "26.849", "south": "26.604", "east": "-80.589", "west": "-81.49", "format": "HDF-5", "sizeMB": 27.65}, "ALOFT_EXRAD_Gridded_Scan_L1B_Rev-_20230716T112447_to_20230716T114335.h5": {"start": "2023-07-16T11:24:47Z", "end": "2023-07-16T11:43:35Z", "north": "26.109", "south": "24.073", "east": "-85.348", "west": "-86.148", "format": "HDF-5", "sizeMB": 70.44}, "ALOFT_EXRAD_Gridded_Scan_L1B_Rev-_20230716T114450_to_20230716T120256.h5": {"start": "2023-07-16T11:44:50Z", "end": "2023-07-16T12:02:56Z", "north": "23.933", "south": "21.907", "east": "-86.07", "west": "-86.157", "format": "HDF-5", "sizeMB": 66.05}, "ALOFT_EXRAD_Gridded_Scan_L1B_Rev-_20230716T120413_to_20230716T121927.h5": {"start": "2023-07-16T12:04:13Z", "end": "2023-07-16T12:19:27Z", "north": "21.773", "south": "20.219", "east": "-85.355", "west": "-86.026", "format": "HDF-5", "sizeMB": 54.63}, "ALOFT_EXRAD_Gridded_Scan_L1B_Rev-_20230716T122246_to_20230716T124817.h5": {"start": "2023-07-16T12:22:46Z", "end": "2023-07-16T12:48:17Z", "north": "19.893", "south": "17.369", "east": "-83.937", "west": "-85.197", "format": "HDF-5", "sizeMB": 90.99}, "ALOFT_EXRAD_Gridded_Scan_L1B_Rev-_20230716T133753_to_20230716T134323.h5": {"start": "2023-07-16T13:37:53Z", "end": "2023-07-16T13:43:23Z", "north": "12.787", "south": "12.281", "east": "-83.488", "west": "-83.807", "format": "HDF-5", "sizeMB": 19.45}, "ALOFT_EXRAD_Gridded_Scan_L1B_Rev-_20230716T134837_to_20230716T135532.h5": {"start": "2023-07-16T13:48:37Z", "end": "2023-07-16T13:55:32Z", "north": "12.589", "south": "11.814", "east": "-83.661", "west": "-83.747", "format": "HDF-5", "sizeMB": 25.48}, "ALOFT_EXRAD_Gridded_Scan_L1B_Rev-_20230716T124908_to_20230716T133443.h5": {"start": "2023-07-16T12:49:08Z", "end": "2023-07-16T13:34:43Z", "north": "17.277", "south": "12.242", "east": "-83.627", "west": "-83.923", "format": "HDF-5", "sizeMB": 163.99}, "ALOFT_EXRAD_Gridded_Scan_L1B_Rev-_20230716T135831_to_20230716T140441.h5": {"start": "2023-07-16T13:58:31Z", "end": "2023-07-16T14:04:41Z", "north": "12.453", "south": "11.833", "east": "-83.68", "west": "-83.935", "format": "HDF-5", "sizeMB": 21.85}, "ALOFT_EXRAD_Gridded_Scan_L1B_Rev-_20230716T140830_to_20230716T141537.h5": {"start": "2023-07-16T14:08:30Z", "end": "2023-07-16T14:15:37Z", "north": "12.392", "south": "11.625", "east": "-83.677", "west": "-83.865", "format": "HDF-5", "sizeMB": 25.77}, "ALOFT_EXRAD_Gridded_Scan_L1B_Rev-_20230716T144254_to_20230716T144726.h5": {"start": "2023-07-16T14:42:54Z", "end": "2023-07-16T14:47:26Z", "north": "11.536", "south": "11.04", "east": "-82.485", "west": "-82.598", "format": "HDF-5", "sizeMB": 16.64}, "ALOFT_EXRAD_Gridded_Scan_L1B_Rev-_20230716T142500_to_20230716T143902.h5": {"start": "2023-07-16T14:25:00Z", "end": "2023-07-16T14:39:02Z", "north": "12.023", "south": "11.061", "east": "-82.3", "west": "-83.483", "format": "HDF-5", "sizeMB": 49.25}, "ALOFT_EXRAD_Gridded_Scan_L1B_Rev-_20230716T145114_to_20230716T145616.h5": {"start": "2023-07-16T14:51:14Z", "end": "2023-07-16T14:56:16Z", "north": "11.409", "south": "11.049", "east": "-82.305", "west": "-82.716", "format": "HDF-5", "sizeMB": 17.75}, "ALOFT_EXRAD_Gridded_Scan_L1B_Rev-_20230716T145959_to_20230716T150337.h5": {"start": "2023-07-16T14:59:59Z", "end": "2023-07-16T15:03:37Z", "north": "11.422", "south": "11.027", "east": "-82.48", "west": "-82.57", "format": "HDF-5", "sizeMB": 13.3}, "ALOFT_EXRAD_Gridded_Scan_L1B_Rev-_20230716T150747_to_20230716T151431.h5": {"start": "2023-07-16T15:07:47Z", "end": "2023-07-16T15:14:31Z", "north": "11.285", "south": "10.969", "east": "-81.996", "west": "-82.65", "format": "HDF-5", "sizeMB": 23.49}, "ALOFT_EXRAD_Gridded_Scan_L1B_Rev-_20230716T151747_to_20230716T152332.h5": {"start": "2023-07-16T15:17:47Z", "end": "2023-07-16T15:23:32Z", "north": "11.131", "south": "11.095", "east": "-82.049", "west": "-82.721", "format": "HDF-5", "sizeMB": 21.73}, "ALOFT_EXRAD_Gridded_Scan_L1B_Rev-_20230716T152552_to_20230716T152903.h5": {"start": "2023-07-16T15:25:52Z", "end": "2023-07-16T15:29:03Z", "north": "11.483", "south": "11.263", "east": "-82.515", "west": "-82.781", "format": "HDF-5", "sizeMB": 11.25}, "ALOFT_EXRAD_Gridded_Scan_L1B_Rev-_20230716T153215_to_20230716T153727.h5": {"start": "2023-07-16T15:32:15Z", "end": "2023-07-16T15:37:27Z", "north": "11.562", "south": "10.994", "east": "-82.676", "west": "-82.815", "format": "HDF-5", "sizeMB": 19.1}, "ALOFT_EXRAD_Gridded_Scan_L1B_Rev-_20230716T155511_to_20230716T155927.h5": {"start": "2023-07-16T15:55:11Z", "end": "2023-07-16T15:59:27Z", "north": "12.398", "south": "12.258", "east": "-81.484", "west": "-81.923", "format": "HDF-5", "sizeMB": 14.88}, "ALOFT_EXRAD_Gridded_Scan_L1B_Rev-_20230716T154420_to_20230716T155440.h5": {"start": "2023-07-16T15:44:20Z", "end": "2023-07-16T15:54:40Z", "north": "12.23", "south": "11.371", "east": "-81.969", "west": "-82.677", "format": "HDF-5", "sizeMB": 36.08}, "ALOFT_EXRAD_Gridded_Scan_L1B_Rev-_20230716T160055_to_20230716T160711.h5": {"start": "2023-07-16T16:00:55Z", "end": "2023-07-16T16:07:11Z", "north": "13.045", "south": "12.525", "east": "-81.459", "west": "-81.959", "format": "HDF-5", "sizeMB": 23.37}, "ALOFT_EXRAD_Gridded_Scan_L1B_Rev-_20230716T171722_to_20230716T173243.h5": {"start": "2023-07-16T17:17:22Z", "end": "2023-07-16T17:32:43Z", "north": "21.843", "south": "20.214", "east": "-85.352", "west": "-86.054", "format": "HDF-5", "sizeMB": 57.27}, "ALOFT_EXRAD_Gridded_Scan_L1B_Rev-_20230716T173352_to_20230716T175158.h5": {"start": "2023-07-16T17:33:52Z", "end": "2023-07-16T17:51:58Z", "north": "24.008", "south": "21.97", "east": "-86.073", "west": "-86.156", "format": "HDF-5", "sizeMB": 66.46}, "ALOFT_EXRAD_Gridded_Scan_L1B_Rev-_20230716T160809_to_20230716T171651.h5": {"start": "2023-07-16T16:08:09Z", "end": "2023-07-16T17:16:51Z", "north": "20.161", "south": "13.142", "east": "-82.008", "west": "-85.327", "format": "HDF-5", "sizeMB": 250.8}, "ALOFT_EXRAD_Gridded_Scan_L1B_Rev-_20230716T175301_to_20230716T181803.h5": {"start": "2023-07-16T17:53:01Z", "end": "2023-07-16T18:18:02Z", "north": "26.685", "south": "24.116", "east": "-85.113", "west": "-86.129", "format": "HDF-5", "sizeMB": 88.94}, "ALOFT_EXRAD_Gridded_Scan_L1B_Rev-_20230720T213350_to_20230720T214343.h5": {"start": "2023-07-20T21:33:50Z", "end": "2023-07-20T21:43:43Z", "north": "26.9", "south": "26.069", "east": "-81.484", "west": "-81.989", "format": "HDF-5", "sizeMB": 30.98}, "ALOFT_EXRAD_Gridded_Scan_L1B_Rev-_20230720T214836_to_20230720T215510.h5": {"start": "2023-07-20T21:48:36Z", "end": "2023-07-20T21:55:10Z", "north": "26.63", "south": "26.105", "east": "-81.177", "west": "-81.778", "format": "HDF-5", "sizeMB": 24.66}, "ALOFT_EXRAD_Gridded_Scan_L1B_Rev-_20230720T220032_to_20230720T220401.h5": {"start": "2023-07-20T22:00:32Z", "end": "2023-07-20T22:04:01Z", "north": "26.433", "south": "26.395", "east": "-81.222", "west": "-81.629", "format": "HDF-5", "sizeMB": 12.13}, "ALOFT_EXRAD_Gridded_Scan_L1B_Rev-_20230720T220815_to_20230720T221205.h5": {"start": "2023-07-20T22:08:15Z", "end": "2023-07-20T22:12:05Z", "north": "26.645", "south": "26.347", "east": "-81.441", "west": "-81.806", "format": "HDF-5", "sizeMB": 14.53}, "ALOFT_EXRAD_Gridded_Scan_L1B_Rev-_20230720T221632_to_20230720T222006.h5": {"start": "2023-07-20T22:16:32Z", "end": "2023-07-20T22:20:06Z", "north": "26.621", "south": "26.505", "east": "-81.391", "west": "-81.789", "format": "HDF-5", "sizeMB": 12.37}, "ALOFT_EXRAD_Gridded_Scan_L1B_Rev-_20230720T222548_to_20230720T222915.h5": {"start": "2023-07-20T22:25:48Z", "end": "2023-07-20T22:29:15Z", "north": "26.783", "south": "26.444", "east": "-81.633", "west": "-81.854", "format": "HDF-5", "sizeMB": 12.89}, "ALOFT_EXRAD_Gridded_Scan_L1B_Rev-_20230720T223339_to_20230720T223722.h5": {"start": "2023-07-20T22:33:39Z", "end": "2023-07-20T22:37:21Z", "north": "26.633", "south": "26.493", "east": "-81.472", "west": "-81.876", "format": "HDF-5", "sizeMB": 12.78}, "ALOFT_EXRAD_Gridded_Scan_L1B_Rev-_20230720T224127_to_20230720T224805.h5": {"start": "2023-07-20T22:41:27Z", "end": "2023-07-20T22:48:05Z", "north": "27.032", "south": "26.346", "east": "-81.588", "west": "-81.929", "format": "HDF-5", "sizeMB": 24.6}, "ALOFT_EXRAD_Gridded_Scan_L1B_Rev-_20230720T225428_to_20230720T230420.h5": {"start": "2023-07-20T22:54:28Z", "end": "2023-07-20T23:04:20Z", "north": "27.333", "south": "26.354", "east": "-81.715", "west": "-82.161", "format": "HDF-5", "sizeMB": 34.55}, "ALOFT_EXRAD_Gridded_Scan_L1B_Rev-_20230720T231015_to_20230720T231944.h5": {"start": "2023-07-20T23:10:15Z", "end": "2023-07-20T23:19:44Z", "north": "27.261", "south": "26.29", "east": "-81.649", "west": "-82.17", "format": "HDF-5", "sizeMB": 35.2}, "ALOFT_EXRAD_Gridded_Scan_L1B_Rev-_20230720T232338_to_20230720T232808.h5": {"start": "2023-07-20T23:23:38Z", "end": "2023-07-20T23:28:08Z", "north": "27.162", "south": "26.671", "east": "-82.031", "west": "-82.131", "format": "HDF-5", "sizeMB": 16.35}, "ALOFT_EXRAD_Gridded_Scan_L1B_Rev-_20230720T233146_to_20230720T233648.h5": {"start": "2023-07-20T23:31:46Z", "end": "2023-07-20T23:36:48Z", "north": "27.272", "south": "26.72", "east": "-81.991", "west": "-82.109", "format": "HDF-5", "sizeMB": 18.4}, "ALOFT_EXRAD_Gridded_Scan_L1B_Rev-_20230724T052521_to_20230724T053037.h5": {"start": "2023-07-24T05:25:21Z", "end": "2023-07-24T05:30:37Z", "north": "18.887", "south": "18.82", "east": "-94.241", "west": "-94.825", "format": "HDF-5", "sizeMB": 18.34}, "ALOFT_EXRAD_Gridded_Scan_L1B_Rev-_20230724T053409_to_20230724T053956.h5": {"start": "2023-07-24T05:34:09Z", "end": "2023-07-24T05:39:56Z", "north": "19.262", "south": "19.059", "east": "-94.29", "west": "-94.971", "format": "HDF-5", "sizeMB": 22.2}, "ALOFT_EXRAD_Gridded_Scan_L1B_Rev-_20230724T050154_to_20230724T052112.h5": {"start": "2023-07-24T05:01:54Z", "end": "2023-07-24T05:21:12Z", "north": "19.886", "south": "18.693", "east": "-92.787", "west": "-94.804", "format": "HDF-5", "sizeMB": 73.48}, "ALOFT_EXRAD_Gridded_Scan_L1B_Rev-_20230724T054305_to_20230724T054859.h5": {"start": "2023-07-24T05:43:05Z", "end": "2023-07-24T05:48:59Z", "north": "19.242", "south": "19.086", "east": "-94.344", "west": "-94.983", "format": "HDF-5", "sizeMB": 20.5}, "ALOFT_EXRAD_Gridded_Scan_L1B_Rev-_20230724T055452_to_20230724T055923.h5": {"start": "2023-07-24T05:54:52Z", "end": "2023-07-24T05:59:23Z", "north": "19.349", "south": "19.18", "east": "-94.691", "west": "-95.213", "format": "HDF-5", "sizeMB": 17.17}, "ALOFT_EXRAD_Gridded_Scan_L1B_Rev-_20230724T061546_to_20230724T062017.h5": {"start": "2023-07-24T06:15:46Z", "end": "2023-07-24T06:20:17Z", "north": "19.473", "south": "19.284", "east": "-94.25", "west": "-94.771", "format": "HDF-5", "sizeMB": 17.34}, "ALOFT_EXRAD_Gridded_Scan_L1B_Rev-_20230724T060235_to_20230724T061214.h5": {"start": "2023-07-24T06:02:35Z", "end": "2023-07-24T06:12:14Z", "north": "19.44", "south": "19.175", "east": "-94.173", "west": "-95.222", "format": "HDF-5", "sizeMB": 33.62}, "ALOFT_EXRAD_Gridded_Scan_L1B_Rev-_20230724T062411_to_20230724T062907.h5": {"start": "2023-07-24T06:24:11Z", "end": "2023-07-24T06:29:07Z", "north": "19.425", "south": "19.323", "east": "-94.165", "west": "-94.705", "format": "HDF-5", "sizeMB": 17.11}, "ALOFT_EXRAD_Gridded_Scan_L1B_Rev-_20230724T064311_to_20230724T064728.h5": {"start": "2023-07-24T06:43:11Z", "end": "2023-07-24T06:47:28Z", "north": "19.256", "south": "18.949", "east": "-93.453", "west": "-93.805", "format": "HDF-5", "sizeMB": 14.88}, "ALOFT_EXRAD_Gridded_Scan_L1B_Rev-_20230724T065105_to_20230724T065742.h5": {"start": "2023-07-24T06:51:05Z", "end": "2023-07-24T06:57:42Z", "north": "19.465", "south": "18.893", "east": "-93.694", "west": "-94.23", "format": "HDF-5", "sizeMB": 25.01}, "ALOFT_EXRAD_Gridded_Scan_L1B_Rev-_20230724T070059_to_20230724T070647.h5": {"start": "2023-07-24T07:00:59Z", "end": "2023-07-24T07:06:46Z", "north": "19.314", "south": "19.174", "east": "-93.718", "west": "-94.347", "format": "HDF-5", "sizeMB": 20.09}, "ALOFT_EXRAD_Gridded_Scan_L1B_Rev-_20230724T071004_to_20230724T071551.h5": {"start": "2023-07-24T07:10:04Z", "end": "2023-07-24T07:15:51Z", "north": "19.562", "south": "19.036", "east": "-93.851", "west": "-94.285", "format": "HDF-5", "sizeMB": 21.85}, "ALOFT_EXRAD_Gridded_Scan_L1B_Rev-_20230724T072002_to_20230724T072734.h5": {"start": "2023-07-24T07:20:02Z", "end": "2023-07-24T07:27:34Z", "north": "19.396", "south": "19.115", "east": "-93.513", "west": "-94.295", "format": "HDF-5", "sizeMB": 25.95}, "ALOFT_EXRAD_Gridded_Scan_L1B_Rev-_20230724T073109_to_20230724T073547.h5": {"start": "2023-07-24T07:31:09Z", "end": "2023-07-24T07:35:47Z", "north": "19.486", "south": "19.038", "east": "-93.683", "west": "-93.987", "format": "HDF-5", "sizeMB": 17.46}, "ALOFT_EXRAD_Gridded_Scan_L1B_Rev-_20230724T074824_to_20230724T075310.h5": {"start": "2023-07-24T07:48:24Z", "end": "2023-07-24T07:53:10Z", "north": "19.477", "south": "19.003", "east": "-93.671", "west": "-93.959", "format": "HDF-5", "sizeMB": 17.93}, "ALOFT_EXRAD_Gridded_Scan_L1B_Rev-_20230724T073900_to_20230724T074447.h5": {"start": "2023-07-24T07:39:00Z", "end": "2023-07-24T07:44:47Z", "north": "19.339", "south": "19.106", "east": "-93.511", "west": "-94.105", "format": "HDF-5", "sizeMB": 19.98}, "ALOFT_EXRAD_Gridded_Scan_L1B_Rev-_20230724T081224_to_20230724T081745.h5": {"start": "2023-07-24T08:12:24Z", "end": "2023-07-24T08:17:45Z", "north": "19.179", "south": "19.143", "east": "-93.343", "west": "-93.927", "format": "HDF-5", "sizeMB": 18.22}, "ALOFT_EXRAD_Gridded_Scan_L1B_Rev-_20230724T075636_to_20230724T080220.h5": {"start": "2023-07-24T07:56:36Z", "end": "2023-07-24T08:02:20Z", "north": "19.337", "south": "19.077", "east": "-93.494", "west": "-94.061", "format": "HDF-5", "sizeMB": 19.57}, "ALOFT_EXRAD_Gridded_Scan_L1B_Rev-_20230724T093135_to_20230724T095635.h5": {"start": "2023-07-24T09:31:35Z", "end": "2023-07-24T09:56:35Z", "north": "26.361", "south": "24.328", "east": "-85.26", "west": "-87.105", "format": "HDF-5", "sizeMB": 85.83}, "ALOFT_EXRAD_Gridded_Scan_L1B_Rev-_20230725T233756_to_20230725T235611.h5": {"start": "2023-07-25T23:37:56Z", "end": "2023-07-25T23:56:11Z", "north": "25.659", "south": "24.323", "east": "-86.381", "west": "-88.118", "format": "HDF-5", "sizeMB": 67.57}, "ALOFT_EXRAD_Gridded_Scan_L1B_Rev-_20230724T081901_to_20230724T093048.h5": {"start": "2023-07-24T08:19:01Z", "end": "2023-07-24T09:30:48Z", "north": "24.268", "south": "19.248", "east": "-87.166", "west": "-93.225", "format": "HDF-5", "sizeMB": 246.06}, "ALOFT_EXRAD_Gridded_Scan_L1B_Rev-_20230725T235642_to_20230726T002413.h5": {"start": "2023-07-25T23:56:42Z", "end": "2023-07-26T00:24:13Z", "north": "24.288", "south": "22.414", "east": "-88.169", "west": "-91.055", "format": "HDF-5", "sizeMB": 106.09}, "ALOFT_EXRAD_Gridded_Scan_L1B_Rev-_20230726T002548_to_20230726T004810.h5": {"start": "2023-07-26T00:25:48Z", "end": "2023-07-26T00:48:10Z", "north": "22.278", "south": "20.099", "east": "-91.183", "west": "-92.606", "format": "HDF-5", "sizeMB": 83.2}, "ALOFT_EXRAD_Gridded_Scan_L1B_Rev-_20230726T011713_to_20230726T012227.h5": {"start": "2023-07-26T01:17:13Z", "end": "2023-07-26T01:22:27Z", "north": "18.2", "south": "17.666", "east": "-93.898", "west": "-94.006", "format": "HDF-5", "sizeMB": 17.81}, "ALOFT_EXRAD_Gridded_Scan_L1B_Rev-_20230726T004852_to_20230726T011251.h5": {"start": "2023-07-26T00:48:52Z", "end": "2023-07-26T01:12:51Z", "north": "20.031", "south": "17.694", "east": "-92.649", "west": "-94.198", "format": "HDF-5", "sizeMB": 89.93}, "ALOFT_EXRAD_Gridded_Scan_L1B_Rev-_20230726T013258_to_20230726T013644.h5": {"start": "2023-07-26T01:32:58Z", "end": "2023-07-26T01:36:44Z", "north": "17.677", "south": "17.378", "east": "-93.969", "west": "-94.231", "format": "HDF-5", "sizeMB": 12.83}, "ALOFT_EXRAD_Gridded_Scan_L1B_Rev-_20230726T015946_to_20230726T020311.h5": {"start": "2023-07-26T01:59:46Z", "end": "2023-07-26T02:03:11Z", "north": "17.457", "south": "17.353", "east": "-94.291", "west": "-94.699", "format": "HDF-5", "sizeMB": 13.3}, "ALOFT_EXRAD_Gridded_Scan_L1B_Rev-_20230726T020630_to_20230726T021228.h5": {"start": "2023-07-26T02:06:30Z", "end": "2023-07-26T02:12:27Z", "north": "17.588", "south": "17.187", "east": "-94.177", "west": "-94.636", "format": "HDF-5", "sizeMB": 19.51}, "ALOFT_EXRAD_Gridded_Scan_L1B_Rev-_20230726T022011_to_20230726T022438.h5": {"start": "2023-07-26T02:20:11Z", "end": "2023-07-26T02:24:38Z", "north": "18.083", "south": "17.608", "east": "-94.629", "west": "-94.681", "format": "HDF-5", "sizeMB": 15.64}, "ALOFT_EXRAD_Gridded_Scan_L1B_Rev-_20230726T022920_to_20230726T023318.h5": {"start": "2023-07-26T02:29:20Z", "end": "2023-07-26T02:33:18Z", "north": "17.9", "south": "17.623", "east": "-94.446", "west": "-94.756", "format": "HDF-5", "sizeMB": 13.3}, "ALOFT_EXRAD_Gridded_Scan_L1B_Rev-_20230726T023725_to_20230726T024125.h5": {"start": "2023-07-26T02:37:25Z", "end": "2023-07-26T02:41:25Z", "north": "18.083", "south": "17.659", "east": "-94.633", "west": "-94.681", "format": "HDF-5", "sizeMB": 14.01}, "ALOFT_EXRAD_Gridded_Scan_L1B_Rev-_20230726T024529_to_20230726T025001.h5": {"start": "2023-07-26T02:45:29Z", "end": "2023-07-26T02:50:01Z", "north": "17.938", "south": "17.618", "east": "-94.452", "west": "-94.794", "format": "HDF-5", "sizeMB": 15.0}, "ALOFT_EXRAD_Gridded_Scan_L1B_Rev-_20230726T025413_to_20230726T025807.h5": {"start": "2023-07-26T02:54:13Z", "end": "2023-07-26T02:58:07Z", "north": "18.113", "south": "17.697", "east": "-94.64", "west": "-94.679", "format": "HDF-5", "sizeMB": 13.71}, "ALOFT_EXRAD_Gridded_Scan_L1B_Rev-_20230726T030119_to_20230726T030559.h5": {"start": "2023-07-26T03:01:19Z", "end": "2023-07-26T03:05:59Z", "north": "17.998", "south": "17.49", "east": "-94.875", "west": "-94.918", "format": "HDF-5", "sizeMB": 16.7}, "ALOFT_EXRAD_Gridded_Scan_L1B_Rev-_20230726T030843_to_20230726T031337.h5": {"start": "2023-07-26T03:08:43Z", "end": "2023-07-26T03:13:37Z", "north": "18.033", "south": "17.526", "east": "-94.783", "west": "-95.015", "format": "HDF-5", "sizeMB": 18.1}, "ALOFT_EXRAD_Gridded_Scan_L1B_Rev-_20230726T031603_to_20230726T034351.h5": {"start": "2023-07-26T03:16:03Z", "end": "2023-07-26T03:43:51Z", "north": "20.751", "south": "18.283", "east": "-93.401", "west": "-94.995", "format": "HDF-5", "sizeMB": 94.21}, "ALOFT_EXRAD_Gridded_Scan_L1B_Rev-_20230726T043928_to_20230726T051343.h5": {"start": "2023-07-26T04:39:28Z", "end": "2023-07-26T05:13:43Z", "north": "25.598", "south": "24.3", "east": "-84.887", "west": "-88.485", "format": "HDF-5", "sizeMB": 114.87}, "ALOFT_EXRAD_Gridded_Scan_L1B_Rev-_20230726T034657_to_20230726T043842.h5": {"start": "2023-07-26T03:46:57Z", "end": "2023-07-26T04:38:42Z", "north": "24.267", "south": "21.034", "east": "-88.561", "west": "-93.267", "format": "HDF-5", "sizeMB": 176.81}, "ALOFT_EXRAD_Gridded_Scan_L1B_Rev-_20230726T051803_to_20230726T052457.h5": {"start": "2023-07-26T05:18:03Z", "end": "2023-07-26T05:24:57Z", "north": "26.743", "south": "26.001", "east": "-84.922", "west": "-85.016", "format": "HDF-5", "sizeMB": 24.43}, "ALOFT_EXRAD_Gridded_Scan_L1B_Rev-_20230726T052745_to_20230726T053250.h5": {"start": "2023-07-26T05:27:45Z", "end": "2023-07-26T05:32:50Z", "north": "26.713", "south": "26.191", "east": "-84.861", "west": "-85.11", "format": "HDF-5", "sizeMB": 18.63}, "ALOFT_EXRAD_Gridded_Scan_L1B_Rev-_20230728T143211_to_20230728T143543.h5": {"start": "2023-07-28T14:32:11Z", "end": "2023-07-28T14:35:43Z", "north": "19.854", "south": "19.649", "east": "-85.73", "west": "-86.057", "format": "HDF-5", "sizeMB": 12.19}, "ALOFT_EXRAD_Gridded_Scan_L1B_Rev-_20230728T140755_to_20230728T143114.h5": {"start": "2023-07-28T14:07:55Z", "end": "2023-07-28T14:31:14Z", "north": "22.515", "south": "19.935", "east": "-86.108", "west": "-86.149", "format": "HDF-5", "sizeMB": 84.02}, "ALOFT_EXRAD_Gridded_Scan_L1B_Rev-_20230728T153852_to_20230728T155114.h5": {"start": "2023-07-28T15:38:52Z", "end": "2023-07-28T15:51:14Z", "north": "13.855", "south": "12.769", "east": "-81.781", "west": "-82.519", "format": "HDF-5", "sizeMB": 42.51}, "ALOFT_EXRAD_Gridded_Scan_L1B_Rev-_20230728T155552_to_20230728T155959.h5": {"start": "2023-07-28T15:55:52Z", "end": "2023-07-28T15:59:59Z", "north": "13.039", "south": "12.967", "east": "-81.752", "west": "-82.232", "format": "HDF-5", "sizeMB": 15.59}, "ALOFT_EXRAD_Gridded_Scan_L1B_Rev-_20230728T160440_to_20230728T160936.h5": {"start": "2023-07-28T16:04:40Z", "end": "2023-07-28T16:09:36Z", "north": "13.152", "south": "12.777", "east": "-81.719", "west": "-82.093", "format": "HDF-5", "sizeMB": 17.17}, "ALOFT_EXRAD_Gridded_Scan_L1B_Rev-_20230728T143732_to_20230728T153807.h5": {"start": "2023-07-28T14:37:32Z", "end": "2023-07-28T15:38:07Z", "north": "19.503", "south": "13.921", "east": "-82.56", "west": "-85.602", "format": "HDF-5", "sizeMB": 204.96}, "ALOFT_EXRAD_Gridded_Scan_L1B_Rev-_20230728T161245_to_20230728T162439.h5": {"start": "2023-07-28T16:12:45Z", "end": "2023-07-28T16:24:39Z", "north": "14.264", "south": "12.971", "east": "-81.594", "west": "-82.071", "format": "HDF-5", "sizeMB": 44.8}, "ALOFT_EXRAD_Gridded_Scan_L1B_Rev-_20230728T162803_to_20230728T163327.h5": {"start": "2023-07-28T16:28:03Z", "end": "2023-07-28T16:33:27Z", "north": "14.228", "south": "13.649", "east": "-81.918", "west": "-81.987", "format": "HDF-5", "sizeMB": 19.1}, "ALOFT_EXRAD_Gridded_Scan_L1B_Rev-_20230728T170842_to_20230728T171350.h5": {"start": "2023-07-28T17:08:42Z", "end": "2023-07-28T17:13:50Z", "north": "15.396", "south": "14.819", "east": "-82.063", "west": "-82.184", "format": "HDF-5", "sizeMB": 19.27}, "ALOFT_EXRAD_Gridded_Scan_L1B_Rev-_20230728T164354_to_20230728T165045.h5": {"start": "2023-07-28T16:43:54Z", "end": "2023-07-28T16:50:45Z", "north": "14.243", "south": "13.821", "east": "-81.856", "west": "-82.559", "format": "HDF-5", "sizeMB": 26.3}, "ALOFT_EXRAD_Gridded_Scan_L1B_Rev-_20230728T171744_to_20230728T172349.h5": {"start": "2023-07-28T17:17:44Z", "end": "2023-07-28T17:23:49Z", "north": "15.302", "south": "14.844", "east": "-81.903", "west": "-82.351", "format": "HDF-5", "sizeMB": 20.68}, "ALOFT_EXRAD_Gridded_Scan_L1B_Rev-_20230728T172726_to_20230728T173234.h5": {"start": "2023-07-28T17:27:26Z", "end": "2023-07-28T17:32:34Z", "north": "15.43", "south": "14.853", "east": "-82.075", "west": "-82.178", "format": "HDF-5", "sizeMB": 19.16}, "ALOFT_EXRAD_Gridded_Scan_L1B_Rev-_20230728T173435_to_20230728T173830.h5": {"start": "2023-07-28T17:34:35Z", "end": "2023-07-28T17:38:30Z", "north": "15.519", "south": "15.507", "east": "-82.374", "west": "-82.855", "format": "HDF-5", "sizeMB": 15.29}, "ALOFT_EXRAD_Gridded_Scan_L1B_Rev-_20230728T174124_to_20230728T174657.h5": {"start": "2023-07-28T17:41:24Z", "end": "2023-07-28T17:46:56Z", "north": "15.656", "south": "15.389", "east": "-82.289", "west": "-82.808", "format": "HDF-5", "sizeMB": 18.63}, "ALOFT_EXRAD_Gridded_Scan_L1B_Rev-_20230728T175107_to_20230728T175506.h5": {"start": "2023-07-28T17:51:07Z", "end": "2023-07-28T17:55:06Z", "north": "15.549", "south": "15.462", "east": "-82.353", "west": "-82.834", "format": "HDF-5", "sizeMB": 15.53}, "ALOFT_EXRAD_Gridded_Scan_L1B_Rev-_20230728T180736_to_20230728T181154.h5": {"start": "2023-07-28T18:07:36Z", "end": "2023-07-28T18:11:54Z", "north": "15.583", "south": "15.47", "east": "-82.237", "west": "-82.754", "format": "HDF-5", "sizeMB": 16.82}, "ALOFT_EXRAD_Gridded_Scan_L1B_Rev-_20230728T175841_to_20230728T180425.h5": {"start": "2023-07-28T17:58:41Z", "end": "2023-07-28T18:04:25Z", "north": "15.599", "south": "15.403", "east": "-82.206", "west": "-82.783", "format": "HDF-5", "sizeMB": 19.39}, "ALOFT_EXRAD_Gridded_Scan_L1B_Rev-_20230728T181424_to_20230728T182534.h5": {"start": "2023-07-28T18:14:24Z", "end": "2023-07-28T18:25:34Z", "north": "16.723", "south": "15.632", "east": "-82.98", "west": "-83.689", "format": "HDF-5", "sizeMB": 41.99}, "ALOFT_EXRAD_Gridded_Scan_L1B_Rev-_20230728T190050_to_20230728T191014.h5": {"start": "2023-07-28T19:00:50Z", "end": "2023-07-28T19:10:14Z", "north": "21.135", "south": "20.113", "east": "-85.913", "west": "-86.122", "format": "HDF-5", "sizeMB": 33.97}, "ALOFT_EXRAD_Gridded_Scan_L1B_Rev-_20230728T182914_to_20230728T185946.h5": {"start": "2023-07-28T18:29:14Z", "end": "2023-07-28T18:59:46Z", "north": "20.0", "south": "16.994", "east": "-84.024", "west": "-85.878", "format": "HDF-5", "sizeMB": 113.47}, "ALOFT_EXRAD_Gridded_Scan_L1B_Rev-_20230728T191108_to_20230728T192556.h5": {"start": "2023-07-28T19:11:08Z", "end": "2023-07-28T19:25:55Z", "north": "22.874", "south": "21.232", "east": "-86.129", "west": "-86.147", "format": "HDF-5", "sizeMB": 53.52}, "ALOFT_EXRAD_Gridded_Scan_L1B_Rev-_20230729T193221_to_20230729T193539.h5": {"start": "2023-07-29T19:32:21Z", "end": "2023-07-29T19:35:39Z", "north": "28.173", "south": "27.81", "east": "-80.642", "west": "-80.648", "format": "HDF-5", "sizeMB": 11.96}, "ALOFT_EXRAD_Gridded_Scan_L1B_Rev-_20230729T191106_to_20230729T192727.h5": {"start": "2023-07-29T19:11:06Z", "end": "2023-07-29T19:27:27Z", "north": "28.297", "south": "27.061", "east": "-80.434", "west": "-81.752", "format": "HDF-5", "sizeMB": 55.57}, "ALOFT_EXRAD_Gridded_Scan_L1B_Rev-_20230729T194813_to_20230729T195426.h5": {"start": "2023-07-29T19:48:13Z", "end": "2023-07-29T19:54:26Z", "north": "28.49", "south": "27.803", "east": "-80.673", "west": "-80.755", "format": "HDF-5", "sizeMB": 22.61}, "ALOFT_EXRAD_Gridded_Scan_L1B_Rev-_20230729T193931_to_20230729T194359.h5": {"start": "2023-07-29T19:39:31Z", "end": "2023-07-29T19:43:58Z", "north": "28.322", "south": "27.943", "east": "-80.465", "west": "-80.77", "format": "HDF-5", "sizeMB": 15.29}, "ALOFT_EXRAD_Gridded_Scan_L1B_Rev-_20230729T201139_to_20230729T201701.h5": {"start": "2023-07-29T20:11:39Z", "end": "2023-07-29T20:17:00Z", "north": "28.89", "south": "28.395", "east": "-80.83", "west": "-81.14", "format": "HDF-5", "sizeMB": 18.51}, "ALOFT_EXRAD_Gridded_Scan_L1B_Rev-_20230729T195856_to_20230729T200834.h5": {"start": "2023-07-29T19:58:56Z", "end": "2023-07-29T20:08:34Z", "north": "28.906", "south": "27.865", "east": "-80.945", "west": "-81.067", "format": "HDF-5", "sizeMB": 34.2}, "ALOFT_EXRAD_Gridded_Scan_L1B_Rev-_20230729T202126_to_20230729T202450.h5": {"start": "2023-07-29T20:21:26Z", "end": "2023-07-29T20:24:50Z", "north": "28.904", "south": "28.541", "east": "-80.919", "west": "-80.994", "format": "HDF-5", "sizeMB": 12.13}, "ALOFT_EXRAD_Gridded_Scan_L1B_Rev-_20230729T202845_to_20230729T203343.h5": {"start": "2023-07-29T20:28:45Z", "end": "2023-07-29T20:33:43Z", "north": "28.87", "south": "28.45", "east": "-80.699", "west": "-81.128", "format": "HDF-5", "sizeMB": 18.51}, "ALOFT_EXRAD_Gridded_Scan_L1B_Rev-_20230729T203637_to_20230729T204155.h5": {"start": "2023-07-29T20:36:37Z", "end": "2023-07-29T20:41:55Z", "north": "28.946", "south": "28.385", "east": "-80.841", "west": "-80.978", "format": "HDF-5", "sizeMB": 18.81}, "ALOFT_EXRAD_Gridded_Scan_L1B_Rev-_20230729T205230_to_20230729T205815.h5": {"start": "2023-07-29T20:52:30Z", "end": "2023-07-29T20:58:15Z", "north": "28.764", "south": "28.546", "east": "-80.623", "west": "-81.25", "format": "HDF-5", "sizeMB": 19.45}, "ALOFT_EXRAD_Gridded_Scan_L1B_Rev-_20230729T204429_to_20230729T204941.h5": {"start": "2023-07-29T20:44:29Z", "end": "2023-07-29T20:49:41Z", "north": "28.875", "south": "28.427", "east": "-80.712", "west": "-81.135", "format": "HDF-5", "sizeMB": 19.1}, "ALOFT_EXRAD_Gridded_Scan_L1B_Rev-_20230729T210257_to_20230729T210607.h5": {"start": "2023-07-29T21:02:57Z", "end": "2023-07-29T21:06:07Z", "north": "28.724", "south": "28.409", "east": "-80.874", "west": "-81.05", "format": "HDF-5", "sizeMB": 11.55}, "ALOFT_EXRAD_Gridded_Scan_L1B_Rev-_20230729T210942_to_20230729T211550.h5": {"start": "2023-07-29T21:09:42Z", "end": "2023-07-29T21:15:50Z", "north": "28.896", "south": "28.256", "east": "-80.711", "west": "-80.915", "format": "HDF-5", "sizeMB": 21.79}, "ALOFT_EXRAD_Gridded_Scan_L1B_Rev-_20230729T212109_to_20230729T212641.h5": {"start": "2023-07-29T21:21:09Z", "end": "2023-07-29T21:26:41Z", "north": "28.608", "south": "28.082", "east": "-80.798", "west": "-81.179", "format": "HDF-5", "sizeMB": 20.45}, "ALOFT_EXRAD_Gridded_Scan_L1B_Rev-_20230729T213005_to_20230729T213503.h5": {"start": "2023-07-29T21:30:05Z", "end": "2023-07-29T21:35:03Z", "north": "28.448", "south": "28.225", "east": "-80.727", "west": "-81.246", "format": "HDF-5", "sizeMB": 16.76}, "ALOFT_EXRAD_Gridded_Scan_L1B_Rev-_20230731T144652_to_20230731T153822.h5": {"start": "2023-07-31T14:46:52Z", "end": "2023-07-31T15:38:22Z", "north": "34.359", "south": "32.456", "east": "-99.071", "west": "-105.642", "format": "HDF-5", "sizeMB": 189.98}, "ALOFT_EXRAD_Gridded_Scan_L1B_Rev-_20230731T125340_to_20230731T144459.h5": {"start": "2023-07-31T12:53:40Z", "end": "2023-07-31T14:44:59Z", "north": "32.393", "south": "27.986", "east": "-85.519", "west": "-98.829", "format": "HDF-5", "sizeMB": 404.06}, "ALOFT_EXRAD_Gridded_Scan_L1B_Rev-_20230731T154207_to_20230731T165339.h5": {"start": "2023-07-31T15:42:07Z", "end": "2023-07-31T16:53:39Z", "north": "35.825", "south": "34.453", "east": "-106.142", "west": "-116.181", "format": "HDF-5", "sizeMB": 272.34}, "ALOFT_EXRAD_Ungridded_Scan_L1B_Rev-_20230615T183120_to_20230615T183740.h5": {"start": "2023-06-15T18:31:20Z", "end": "2023-06-15T18:37:40Z", "north": "33.574", "south": "33.064", "east": "-115.576", "west": "-116.105", "format": "HDF-5", "sizeMB": 114.99}, "ALOFT_EXRAD_Ungridded_Scan_L1B_Rev-_20230615T181013_to_20230615T182641.h5": {"start": "2023-06-15T18:10:13Z", "end": "2023-06-15T18:26:41Z", "north": "35.202", "south": "33.934", "east": "-116.505", "west": "-117.969", "format": "HDF-5", "sizeMB": 262.35}, "ALOFT_EXRAD_Ungridded_Scan_L1B_Rev-_20230615T185614_to_20230615T185939.h5": {"start": "2023-06-15T18:56:14Z", "end": "2023-06-15T18:59:39Z", "north": "33.233", "south": "32.86", "east": "-117.531", "west": "-117.629", "format": "HDF-5", "sizeMB": 65.77}, "ALOFT_EXRAD_Ungridded_Scan_L1B_Rev-_20230615T184342_to_20230615T185145.h5": {"start": "2023-06-15T18:43:42Z", "end": "2023-06-15T18:51:45Z", "north": "32.892", "south": "32.575", "east": "-116.177", "west": "-117.156", "format": "HDF-5", "sizeMB": 131.27}, "ALOFT_EXRAD_Ungridded_Scan_L1B_Rev-_20230629T172715_to_20230629T180931.h5": {"start": "2023-06-29T17:27:15Z", "end": "2023-06-29T18:09:31Z", "north": "33.628", "south": "31.931", "east": "-96.767", "west": "-101.677", "format": "HDF-5", "sizeMB": 671.92}, "ALOFT_EXRAD_Ungridded_Scan_L1B_Rev-_20230703T220553_to_20230703T221355.h5": {"start": "2023-07-03T22:05:53Z", "end": "2023-07-03T22:13:55Z", "north": "25.612", "south": "24.72", "east": "-85.731", "west": "-85.972", "format": "HDF-5", "sizeMB": 131.37}, "ALOFT_EXRAD_Ungridded_Scan_L1B_Rev-_20230703T224234_to_20230703T225148.h5": {"start": "2023-07-03T22:42:34Z", "end": "2023-07-03T22:51:48Z", "north": "21.99", "south": "21.012", "east": "-88.009", "west": "-88.369", "format": "HDF-5", "sizeMB": 147.66}, "ALOFT_EXRAD_Ungridded_Scan_L1B_Rev-_20230703T230623_to_20230703T231448.h5": {"start": "2023-07-03T23:06:23Z", "end": "2023-07-03T23:14:48Z", "north": "20.527", "south": "20.522", "east": "-90.083", "west": "-91.14", "format": "HDF-5", "sizeMB": 147.76}, "ALOFT_EXRAD_Ungridded_Scan_L1B_Rev-_20230703T231849_to_20230703T232453.h5": {"start": "2023-07-03T23:18:49Z", "end": "2023-07-03T23:24:53Z", "north": "20.575", "south": "20.162", "east": "-90.483", "west": "-91.017", "format": "HDF-5", "sizeMB": 98.6}, "ALOFT_EXRAD_Ungridded_Scan_L1B_Rev-_20230703T233203_to_20230703T233807.h5": {"start": "2023-07-03T23:32:03Z", "end": "2023-07-03T23:38:07Z", "north": "20.708", "south": "20.31", "east": "-90.619", "west": "-91.234", "format": "HDF-5", "sizeMB": 98.6}, "ALOFT_EXRAD_Ungridded_Scan_L1B_Rev-_20230703T234143_to_20230703T234654.h5": {"start": "2023-07-03T23:41:43Z", "end": "2023-07-03T23:46:54Z", "north": "20.76", "south": "20.25", "east": "-90.806", "west": "-91.079", "format": "HDF-5", "sizeMB": 82.15}, "ALOFT_EXRAD_Ungridded_Scan_L1B_Rev-_20230703T235025_to_20230703T235336.h5": {"start": "2023-07-03T23:50:25Z", "end": "2023-07-03T23:53:35Z", "north": "20.592", "south": "20.398", "east": "-90.733", "west": "-91.065", "format": "HDF-5", "sizeMB": 65.72}, "ALOFT_EXRAD_Ungridded_Scan_L1B_Rev-_20230703T235626_to_20230704T000837.h5": {"start": "2023-07-03T23:56:26Z", "end": "2023-07-04T00:08:37Z", "north": "20.391", "south": "19.032", "east": "-91.073", "west": "-91.218", "format": "HDF-5", "sizeMB": 196.81}, "ALOFT_EXRAD_Ungridded_Scan_L1B_Rev-_20230629T153547_to_20230629T172459.h5": {"start": "2023-06-29T15:35:47Z", "end": "2023-06-29T17:24:59Z", "north": "35.796", "south": "33.711", "east": "-101.948", "west": "-116.016", "format": "HDF-5", "sizeMB": 1720.72}, "ALOFT_EXRAD_Ungridded_Scan_L1B_Rev-_20230704T001233_to_20230704T001722.h5": {"start": "2023-07-04T00:12:33Z", "end": "2023-07-04T00:17:22Z", "north": "19.639", "south": "19.184", "east": "-90.997", "west": "-91.329", "format": "HDF-5", "sizeMB": 82.11}, "ALOFT_EXRAD_Ungridded_Scan_L1B_Rev-_20230704T005101_to_20230704T005453.h5": {"start": "2023-07-04T00:51:01Z", "end": "2023-07-04T00:54:53Z", "north": "19.103", "south": "18.976", "east": "-88.443", "west": "-88.907", "format": "HDF-5", "sizeMB": 65.76}, "ALOFT_EXRAD_Ungridded_Scan_L1B_Rev-_20230704T010239_to_20230704T011650.h5": {"start": "2023-07-04T01:02:39Z", "end": "2023-07-04T01:16:50Z", "north": "20.835", "south": "19.267", "east": "-88.425", "west": "-88.571", "format": "HDF-5", "sizeMB": 229.59}, "ALOFT_EXRAD_Ungridded_Scan_L1B_Rev-_20230704T002439_to_20230704T004656.h5": {"start": "2023-07-04T00:24:39Z", "end": "2023-07-04T00:46:56Z", "north": "19.606", "south": "18.987", "east": "-88.285", "west": "-90.68", "format": "HDF-5", "sizeMB": 360.64}, "ALOFT_EXRAD_Ungridded_Scan_L1B_Rev-_20230704T021651_to_20230704T022026.h5": {"start": "2023-07-04T02:16:51Z", "end": "2023-07-04T02:20:26Z", "north": "26.978", "south": "26.672", "east": "-85.216", "west": "-85.469", "format": "HDF-5", "sizeMB": 65.75}, "ALOFT_EXRAD_Ungridded_Scan_L1B_Rev-_20230706T043128_to_20230706T043606.h5": {"start": "2023-07-06T04:31:28Z", "end": "2023-07-06T04:36:06Z", "north": "19.256", "south": "18.817", "east": "-94.544", "west": "-94.754", "format": "HDF-5", "sizeMB": 82.11}, "ALOFT_EXRAD_Ungridded_Scan_L1B_Rev-_20230706T043933_to_20230706T044524.h5": {"start": "2023-07-06T04:39:33Z", "end": "2023-07-06T04:45:24Z", "north": "19.562", "south": "18.979", "east": "-94.484", "west": "-94.802", "format": "HDF-5", "sizeMB": 98.52}, "ALOFT_EXRAD_Ungridded_Scan_L1B_Rev-_20230706T050656_to_20230706T051005.h5": {"start": "2023-07-06T05:06:56Z", "end": "2023-07-06T05:10:05Z", "north": "19.35", "south": "19.092", "east": "-94.285", "west": "-94.552", "format": "HDF-5", "sizeMB": 65.72}, "ALOFT_EXRAD_Ungridded_Scan_L1B_Rev-_20230706T051316_to_20230706T051825.h5": {"start": "2023-07-06T05:13:16Z", "end": "2023-07-06T05:18:25Z", "north": "19.291", "south": "19.237", "east": "-94.113", "west": "-94.65", "format": "HDF-5", "sizeMB": 82.22}, "ALOFT_EXRAD_Ungridded_Scan_L1B_Rev-_20230706T052153_to_20230706T052603.h5": {"start": "2023-07-06T05:21:53Z", "end": "2023-07-06T05:26:03Z", "north": "19.426", "south": "19.096", "east": "-94.218", "west": "-94.586", "format": "HDF-5", "sizeMB": 82.22}, "ALOFT_EXRAD_Ungridded_Scan_L1B_Rev-_20230704T011750_to_20230704T015020.h5": {"start": "2023-07-04T01:17:50Z", "end": "2023-07-04T01:50:20Z", "north": "24.258", "south": "20.938", "east": "-87.151", "west": "-88.396", "format": "HDF-5", "sizeMB": 524.47}, "ALOFT_EXRAD_Ungridded_Scan_L1B_Rev-_20230706T053009_to_20230706T053512.h5": {"start": "2023-07-06T05:30:09Z", "end": "2023-07-06T05:35:12Z", "north": "19.242", "south": "19.199", "east": "-94.075", "west": "-94.602", "format": "HDF-5", "sizeMB": 82.1}, "ALOFT_EXRAD_Ungridded_Scan_L1B_Rev-_20230706T060045_to_20230706T061309.h5": {"start": "2023-07-06T06:00:45Z", "end": "2023-07-06T06:13:09Z", "north": "19.715", "south": "19.165", "east": "-94.119", "west": "-95.298", "format": "HDF-5", "sizeMB": 196.91}, "ALOFT_EXRAD_Ungridded_Scan_L1B_Rev-_20230706T061623_to_20230706T062633.h5": {"start": "2023-07-06T06:16:23Z", "end": "2023-07-06T06:26:33Z", "north": "20.004", "south": "19.365", "east": "-94.127", "west": "-95.189", "format": "HDF-5", "sizeMB": 164.14}, "ALOFT_EXRAD_Ungridded_Scan_L1B_Rev-_20230706T064909_to_20230706T065652.h5": {"start": "2023-07-06T06:49:09Z", "end": "2023-07-06T06:56:52Z", "north": "19.771", "south": "19.186", "east": "-94.229", "west": "-94.958", "format": "HDF-5", "sizeMB": 131.28}, "ALOFT_EXRAD_Ungridded_Scan_L1B_Rev-_20230706T070344_to_20230706T071344.h5": {"start": "2023-07-06T07:03:44Z", "end": "2023-07-06T07:13:44Z", "north": "19.815", "south": "19.159", "east": "-94.197", "west": "-95.019", "format": "HDF-5", "sizeMB": 164.14}, "ALOFT_EXRAD_Ungridded_Scan_L1B_Rev-_20230706T071648_to_20230706T072351.h5": {"start": "2023-07-06T07:16:48Z", "end": "2023-07-06T07:23:51Z", "north": "19.956", "south": "19.313", "east": "-94.052", "west": "-94.561", "format": "HDF-5", "sizeMB": 114.92}, "ALOFT_EXRAD_Ungridded_Scan_L1B_Rev-_20230708T045137_to_20230708T045712.h5": {"start": "2023-07-08T04:51:37Z", "end": "2023-07-08T04:57:12Z", "north": "13.207", "south": "12.714", "east": "-88.937", "west": "-89.345", "format": "HDF-5", "sizeMB": 98.6}, "ALOFT_EXRAD_Ungridded_Scan_L1B_Rev-_20230708T050042_to_20230708T050629.h5": {"start": "2023-07-08T05:00:42Z", "end": "2023-07-08T05:06:29Z", "north": "13.119", "south": "12.87", "east": "-88.794", "west": "-89.398", "format": "HDF-5", "sizeMB": 98.48}, "ALOFT_EXRAD_Ungridded_Scan_L1B_Rev-_20230708T043403_to_20230708T045026.h5": {"start": "2023-07-08T04:34:03Z", "end": "2023-07-08T04:50:26Z", "north": "15.188", "south": "13.321", "east": "-88.582", "west": "-88.87", "format": "HDF-5", "sizeMB": 262.34}, "ALOFT_EXRAD_Ungridded_Scan_L1B_Rev-_20230708T051310_to_20230708T051920.h5": {"start": "2023-07-08T05:13:10Z", "end": "2023-07-08T05:19:20Z", "north": "12.943", "south": "12.839", "east": "-89.187", "west": "-89.889", "format": "HDF-5", "sizeMB": 98.6}, "ALOFT_EXRAD_Ungridded_Scan_L1B_Rev-_20230708T052234_to_20230708T052828.h5": {"start": "2023-07-08T05:22:34Z", "end": "2023-07-08T05:28:28Z", "north": "13.077", "south": "12.733", "east": "-89.234", "west": "-89.784", "format": "HDF-5", "sizeMB": 98.6}, "ALOFT_EXRAD_Ungridded_Scan_L1B_Rev-_20230708T053610_to_20230708T054021.h5": {"start": "2023-07-08T05:36:10Z", "end": "2023-07-08T05:40:20Z", "north": "13.483", "south": "13.03", "east": "-89.655", "west": "-89.786", "format": "HDF-5", "sizeMB": 82.09}, "ALOFT_EXRAD_Ungridded_Scan_L1B_Rev-_20230708T054314_to_20230708T054925.h5": {"start": "2023-07-08T05:43:14Z", "end": "2023-07-08T05:49:25Z", "north": "13.484", "south": "12.797", "east": "-89.621", "west": "-89.753", "format": "HDF-5", "sizeMB": 98.49}, "ALOFT_EXRAD_Ungridded_Scan_L1B_Rev-_20230708T055306_to_20230708T055843.h5": {"start": "2023-07-08T05:53:06Z", "end": "2023-07-08T05:58:43Z", "north": "13.476", "south": "12.88", "east": "-89.6", "west": "-89.797", "format": "HDF-5", "sizeMB": 98.51}, "ALOFT_EXRAD_Ungridded_Scan_L1B_Rev-_20230708T060128_to_20230708T060731.h5": {"start": "2023-07-08T06:01:28Z", "end": "2023-07-08T06:07:31Z", "north": "13.477", "south": "12.793", "east": "-89.641", "west": "-89.737", "format": "HDF-5", "sizeMB": 98.51}, "ALOFT_EXRAD_Ungridded_Scan_L1B_Rev-_20230708T061155_to_20230708T061643.h5": {"start": "2023-07-08T06:11:55Z", "end": "2023-07-08T06:16:43Z", "north": "13.395", "south": "12.932", "east": "-89.647", "west": "-89.924", "format": "HDF-5", "sizeMB": 82.15}, "ALOFT_EXRAD_Ungridded_Scan_L1B_Rev-_20230708T061942_to_20230708T062449.h5": {"start": "2023-07-08T06:19:42Z", "end": "2023-07-08T06:24:49Z", "north": "13.434", "south": "12.851", "east": "-89.768", "west": "-89.779", "format": "HDF-5", "sizeMB": 82.1}, "ALOFT_EXRAD_Ungridded_Scan_L1B_Rev-_20230708T065431_to_20230708T070703.h5": {"start": "2023-07-08T06:54:31Z", "end": "2023-07-08T07:07:03Z", "north": "16.724", "south": "15.354", "east": "-88.58", "west": "-88.729", "format": "HDF-5", "sizeMB": 213.22}, "ALOFT_EXRAD_Ungridded_Scan_L1B_Rev-_20230708T063311_to_20230708T065309.h5": {"start": "2023-07-08T06:33:11Z", "end": "2023-07-08T06:53:09Z", "north": "15.212", "south": "13.401", "east": "-88.593", "west": "-89.739", "format": "HDF-5", "sizeMB": 327.87}, "ALOFT_EXRAD_Ungridded_Scan_L1B_Rev-_20230708T071034_to_20230708T071450.h5": {"start": "2023-07-08T07:10:34Z", "end": "2023-07-08T07:14:50Z", "north": "16.623", "south": "16.164", "east": "-88.611", "west": "-88.823", "format": "HDF-5", "sizeMB": 82.22}, "ALOFT_EXRAD_Ungridded_Scan_L1B_Rev-_20230708T072242_to_20230708T073328.h5": {"start": "2023-07-08T07:22:42Z", "end": "2023-07-08T07:33:28Z", "north": "17.507", "south": "16.627", "east": "-87.899", "west": "-88.631", "format": "HDF-5", "sizeMB": 180.44}, "ALOFT_EXRAD_Ungridded_Scan_L1B_Rev-_20230712T232331_to_20230712T234106.h5": {"start": "2023-07-12T23:23:31Z", "end": "2023-07-12T23:41:06Z", "north": "29.609", "south": "27.788", "east": "-81.929", "west": "-82.257", "format": "HDF-5", "sizeMB": 278.72}, "ALOFT_EXRAD_Ungridded_Scan_L1B_Rev-_20230712T234451_to_20230712T234919.h5": {"start": "2023-07-12T23:44:51Z", "end": "2023-07-12T23:49:19Z", "north": "29.75", "south": "29.366", "east": "-81.674", "west": "-81.997", "format": "HDF-5", "sizeMB": 82.22}, "ALOFT_EXRAD_Ungridded_Scan_L1B_Rev-_20230712T235409_to_20230712T235723.h5": {"start": "2023-07-12T23:54:09Z", "end": "2023-07-12T23:57:23Z", "north": "29.768", "south": "29.602", "east": "-81.807", "west": "-82.19", "format": "HDF-5", "sizeMB": 65.73}, "ALOFT_EXRAD_Ungridded_Scan_L1B_Rev-_20230713T000728_to_20230713T002419.h5": {"start": "2023-07-13T00:07:28Z", "end": "2023-07-13T00:24:19Z", "north": "29.188", "south": "27.482", "east": "-81.047", "west": "-81.693", "format": "HDF-5", "sizeMB": 278.74}, "ALOFT_EXRAD_Ungridded_Scan_L1B_Rev-_20230713T002953_to_20230713T003322.h5": {"start": "2023-07-13T00:29:53Z", "end": "2023-07-13T00:33:22Z", "north": "26.904", "south": "26.556", "east": "-81.121", "west": "-81.343", "format": "HDF-5", "sizeMB": 65.76}, "ALOFT_EXRAD_Ungridded_Scan_L1B_Rev-_20230713T003856_to_20230713T004147.h5": {"start": "2023-07-13T00:38:56Z", "end": "2023-07-13T00:41:47Z", "north": "26.809", "south": "26.674", "east": "-81.084", "west": "-81.37", "format": "HDF-5", "sizeMB": 49.35}, "ALOFT_EXRAD_Ungridded_Scan_L1B_Rev-_20230708T073430_to_20230708T083500.h5": {"start": "2023-07-08T07:34:30Z", "end": "2023-07-08T08:35:00Z", "north": "24.008", "south": "17.606", "east": "-86.165", "west": "-87.859", "format": "HDF-5", "sizeMB": 950.45}, "ALOFT_EXRAD_Ungridded_Scan_L1B_Rev-_20230713T004823_to_20230713T005115.h5": {"start": "2023-07-13T00:48:23Z", "end": "2023-07-13T00:51:15Z", "north": "26.864", "south": "26.578", "east": "-81.117", "west": "-81.298", "format": "HDF-5", "sizeMB": 49.38}, "ALOFT_EXRAD_Ungridded_Scan_L1B_Rev-_20230713T005412_to_20230713T010043.h5": {"start": "2023-07-13T00:54:12Z", "end": "2023-07-13T01:00:43Z", "north": "26.638", "south": "26.628", "east": "-80.642", "west": "-81.395", "format": "HDF-5", "sizeMB": 114.86}, "ALOFT_EXRAD_Ungridded_Scan_L1B_Rev-_20230713T010437_to_20230713T011152.h5": {"start": "2023-07-13T01:04:37Z", "end": "2023-07-13T01:11:52Z", "north": "26.849", "south": "26.603", "east": "-80.589", "west": "-81.491", "format": "HDF-5", "sizeMB": 114.91}, "ALOFT_EXRAD_Ungridded_Scan_L1B_Rev-_20230716T112447_to_20230716T114335.h5": {"start": "2023-07-16T11:24:47Z", "end": "2023-07-16T11:43:35Z", "north": "26.109", "south": "24.072", "east": "-85.348", "west": "-86.148", "format": "HDF-5", "sizeMB": 311.52}, "ALOFT_EXRAD_Ungridded_Scan_L1B_Rev-_20230716T114450_to_20230716T120256.h5": {"start": "2023-07-16T11:44:50Z", "end": "2023-07-16T12:02:56Z", "north": "23.933", "south": "21.906", "east": "-86.07", "west": "-86.157", "format": "HDF-5", "sizeMB": 295.15}, "ALOFT_EXRAD_Ungridded_Scan_L1B_Rev-_20230716T120413_to_20230716T121927.h5": {"start": "2023-07-16T12:04:13Z", "end": "2023-07-16T12:19:27Z", "north": "21.773", "south": "20.219", "east": "-85.355", "west": "-86.026", "format": "HDF-5", "sizeMB": 246.06}, "ALOFT_EXRAD_Ungridded_Scan_L1B_Rev-_20230716T122246_to_20230716T124817.h5": {"start": "2023-07-16T12:22:46Z", "end": "2023-07-16T12:48:17Z", "north": "19.893", "south": "17.368", "east": "-83.937", "west": "-85.197", "format": "HDF-5", "sizeMB": 409.8}, "ALOFT_EXRAD_Ungridded_Scan_L1B_Rev-_20230716T133753_to_20230716T134323.h5": {"start": "2023-07-16T13:37:53Z", "end": "2023-07-16T13:43:23Z", "north": "12.788", "south": "12.281", "east": "-83.488", "west": "-83.807", "format": "HDF-5", "sizeMB": 98.53}, "ALOFT_EXRAD_Ungridded_Scan_L1B_Rev-_20230716T134837_to_20230716T135532.h5": {"start": "2023-07-16T13:48:37Z", "end": "2023-07-16T13:55:32Z", "north": "12.589", "south": "11.812", "east": "-83.661", "west": "-83.747", "format": "HDF-5", "sizeMB": 114.99}, "ALOFT_EXRAD_Ungridded_Scan_L1B_Rev-_20230716T135831_to_20230716T140441.h5": {"start": "2023-07-16T13:58:31Z", "end": "2023-07-16T14:04:41Z", "north": "12.455", "south": "11.833", "east": "-83.679", "west": "-83.935", "format": "HDF-5", "sizeMB": 98.47}, "ALOFT_EXRAD_Ungridded_Scan_L1B_Rev-_20230716T140830_to_20230716T141537.h5": {"start": "2023-07-16T14:08:30Z", "end": "2023-07-16T14:15:37Z", "north": "12.392", "south": "11.625", "east": "-83.677", "west": "-83.865", "format": "HDF-5", "sizeMB": 114.89}, "ALOFT_EXRAD_Ungridded_Scan_L1B_Rev-_20230716T124908_to_20230716T133443.h5": {"start": "2023-07-16T12:49:08Z", "end": "2023-07-16T13:34:43Z", "north": "17.277", "south": "12.241", "east": "-83.627", "west": "-83.923", "format": "HDF-5", "sizeMB": 721.2}, "ALOFT_EXRAD_Ungridded_Scan_L1B_Rev-_20230716T144254_to_20230716T144726.h5": {"start": "2023-07-16T14:42:54Z", "end": "2023-07-16T14:47:26Z", "north": "11.538", "south": "11.04", "east": "-82.485", "west": "-82.599", "format": "HDF-5", "sizeMB": 82.22}, "ALOFT_EXRAD_Ungridded_Scan_L1B_Rev-_20230716T142500_to_20230716T143902.h5": {"start": "2023-07-16T14:25:00Z", "end": "2023-07-16T14:39:02Z", "north": "12.023", "south": "11.06", "east": "-82.299", "west": "-83.483", "format": "HDF-5", "sizeMB": 229.57}, "ALOFT_EXRAD_Ungridded_Scan_L1B_Rev-_20230716T145114_to_20230716T145616.h5": {"start": "2023-07-16T14:51:14Z", "end": "2023-07-16T14:56:16Z", "north": "11.409", "south": "11.049", "east": "-82.304", "west": "-82.716", "format": "HDF-5", "sizeMB": 82.22}, "ALOFT_EXRAD_Ungridded_Scan_L1B_Rev-_20230716T145959_to_20230716T150337.h5": {"start": "2023-07-16T14:59:59Z", "end": "2023-07-16T15:03:37Z", "north": "11.424", "south": "11.027", "east": "-82.48", "west": "-82.57", "format": "HDF-5", "sizeMB": 65.84}, "ALOFT_EXRAD_Ungridded_Scan_L1B_Rev-_20230716T150747_to_20230716T151431.h5": {"start": "2023-07-16T15:07:47Z", "end": "2023-07-16T15:14:31Z", "north": "11.285", "south": "10.969", "east": "-81.995", "west": "-82.65", "format": "HDF-5", "sizeMB": 114.88}, "ALOFT_EXRAD_Ungridded_Scan_L1B_Rev-_20230716T151747_to_20230716T152332.h5": {"start": "2023-07-16T15:17:47Z", "end": "2023-07-16T15:23:32Z", "north": "11.131", "south": "11.095", "east": "-82.049", "west": "-82.721", "format": "HDF-5", "sizeMB": 98.5}, "ALOFT_EXRAD_Ungridded_Scan_L1B_Rev-_20230716T152552_to_20230716T152903.h5": {"start": "2023-07-16T15:25:52Z", "end": "2023-07-16T15:29:03Z", "north": "11.484", "south": "11.263", "east": "-82.513", "west": "-82.781", "format": "HDF-5", "sizeMB": 65.71}, "ALOFT_EXRAD_Ungridded_Scan_L1B_Rev-_20230716T153215_to_20230716T153727.h5": {"start": "2023-07-16T15:32:15Z", "end": "2023-07-16T15:37:27Z", "north": "11.562", "south": "10.994", "east": "-82.676", "west": "-82.815", "format": "HDF-5", "sizeMB": 82.22}, "ALOFT_EXRAD_Ungridded_Scan_L1B_Rev-_20230716T155511_to_20230716T155927.h5": {"start": "2023-07-16T15:55:11Z", "end": "2023-07-16T15:59:27Z", "north": "12.399", "south": "12.258", "east": "-81.483", "west": "-81.923", "format": "HDF-5", "sizeMB": 82.15}, "ALOFT_EXRAD_Ungridded_Scan_L1B_Rev-_20230716T154420_to_20230716T155440.h5": {"start": "2023-07-16T15:44:20Z", "end": "2023-07-16T15:54:40Z", "north": "12.23", "south": "11.371", "east": "-81.968", "west": "-82.677", "format": "HDF-5", "sizeMB": 164.04}, "ALOFT_EXRAD_Ungridded_Scan_L1B_Rev-_20230716T160055_to_20230716T160711.h5": {"start": "2023-07-16T16:00:55Z", "end": "2023-07-16T16:07:11Z", "north": "13.047", "south": "12.525", "east": "-81.459", "west": "-81.96", "format": "HDF-5", "sizeMB": 114.99}, "ALOFT_EXRAD_Ungridded_Scan_L1B_Rev-_20230716T171722_to_20230716T173243.h5": {"start": "2023-07-16T17:17:22Z", "end": "2023-07-16T17:32:43Z", "north": "21.843", "south": "20.214", "east": "-85.352", "west": "-86.054", "format": "HDF-5", "sizeMB": 245.99}, "ALOFT_EXRAD_Ungridded_Scan_L1B_Rev-_20230716T173352_to_20230716T175158.h5": {"start": "2023-07-16T17:33:52Z", "end": "2023-07-16T17:51:58Z", "north": "24.008", "south": "21.97", "east": "-86.073", "west": "-86.156", "format": "HDF-5", "sizeMB": 295.14}, "ALOFT_EXRAD_Ungridded_Scan_L1B_Rev-_20230716T175301_to_20230716T181803.h5": {"start": "2023-07-16T17:53:01Z", "end": "2023-07-16T18:18:02Z", "north": "26.687", "south": "24.116", "east": "-85.112", "west": "-86.129", "format": "HDF-5", "sizeMB": 393.41}, "ALOFT_EXRAD_Ungridded_Scan_L1B_Rev-_20230716T160809_to_20230716T171651.h5": {"start": "2023-07-16T16:08:09Z", "end": "2023-07-16T17:16:51Z", "north": "20.162", "south": "13.142", "east": "-82.008", "west": "-85.328", "format": "HDF-5", "sizeMB": 1081.74}, "ALOFT_EXRAD_Ungridded_Scan_L1B_Rev-_20230720T214836_to_20230720T215510.h5": {"start": "2023-07-20T21:48:36Z", "end": "2023-07-20T21:55:10Z", "north": "26.63", "south": "26.105", "east": "-81.177", "west": "-81.778", "format": "HDF-5", "sizeMB": 114.9}, "ALOFT_EXRAD_Ungridded_Scan_L1B_Rev-_20230720T213350_to_20230720T214343.h5": {"start": "2023-07-20T21:33:50Z", "end": "2023-07-20T21:43:43Z", "north": "26.9", "south": "26.068", "east": "-81.483", "west": "-81.989", "format": "HDF-5", "sizeMB": 164.14}, "ALOFT_EXRAD_Ungridded_Scan_L1B_Rev-_20230720T220032_to_20230720T220401.h5": {"start": "2023-07-20T22:00:32Z", "end": "2023-07-20T22:04:01Z", "north": "26.433", "south": "26.395", "east": "-81.221", "west": "-81.629", "format": "HDF-5", "sizeMB": 65.75}, "ALOFT_EXRAD_Ungridded_Scan_L1B_Rev-_20230720T220815_to_20230720T221205.h5": {"start": "2023-07-20T22:08:15Z", "end": "2023-07-20T22:12:05Z", "north": "26.646", "south": "26.347", "east": "-81.441", "west": "-81.807", "format": "HDF-5", "sizeMB": 65.84}, "ALOFT_EXRAD_Ungridded_Scan_L1B_Rev-_20230720T221632_to_20230720T222006.h5": {"start": "2023-07-20T22:16:32Z", "end": "2023-07-20T22:20:06Z", "north": "26.621", "south": "26.505", "east": "-81.39", "west": "-81.789", "format": "HDF-5", "sizeMB": 65.74}, "ALOFT_EXRAD_Ungridded_Scan_L1B_Rev-_20230720T222548_to_20230720T222915.h5": {"start": "2023-07-20T22:25:48Z", "end": "2023-07-20T22:29:15Z", "north": "26.783", "south": "26.444", "east": "-81.633", "west": "-81.854", "format": "HDF-5", "sizeMB": 65.76}, "ALOFT_EXRAD_Ungridded_Scan_L1B_Rev-_20230720T223339_to_20230720T223722.h5": {"start": "2023-07-20T22:33:39Z", "end": "2023-07-20T22:37:21Z", "north": "26.633", "south": "26.492", "east": "-81.471", "west": "-81.876", "format": "HDF-5", "sizeMB": 65.71}, "ALOFT_EXRAD_Ungridded_Scan_L1B_Rev-_20230720T224127_to_20230720T224805.h5": {"start": "2023-07-20T22:41:27Z", "end": "2023-07-20T22:48:05Z", "north": "27.034", "south": "26.346", "east": "-81.588", "west": "-81.93", "format": "HDF-5", "sizeMB": 114.88}, "ALOFT_EXRAD_Ungridded_Scan_L1B_Rev-_20230720T225428_to_20230720T230420.h5": {"start": "2023-07-20T22:54:28Z", "end": "2023-07-20T23:04:20Z", "north": "27.333", "south": "26.353", "east": "-81.715", "west": "-82.161", "format": "HDF-5", "sizeMB": 164.03}, "ALOFT_EXRAD_Ungridded_Scan_L1B_Rev-_20230720T231015_to_20230720T231944.h5": {"start": "2023-07-20T23:10:15Z", "end": "2023-07-20T23:19:44Z", "north": "27.262", "south": "26.29", "east": "-81.649", "west": "-82.17", "format": "HDF-5", "sizeMB": 164.07}, "ALOFT_EXRAD_Ungridded_Scan_L1B_Rev-_20230720T232338_to_20230720T232808.h5": {"start": "2023-07-20T23:23:38Z", "end": "2023-07-20T23:28:08Z", "north": "27.162", "south": "26.671", "east": "-82.031", "west": "-82.131", "format": "HDF-5", "sizeMB": 82.12}, "ALOFT_EXRAD_Ungridded_Scan_L1B_Rev-_20230720T233146_to_20230720T233648.h5": {"start": "2023-07-20T23:31:46Z", "end": "2023-07-20T23:36:48Z", "north": "27.272", "south": "26.72", "east": "-81.991", "west": "-82.109", "format": "HDF-5", "sizeMB": 82.11}, "ALOFT_EXRAD_Ungridded_Scan_L1B_Rev-_20230724T052521_to_20230724T053037.h5": {"start": "2023-07-24T05:25:21Z", "end": "2023-07-24T05:30:37Z", "north": "18.887", "south": "18.82", "east": "-94.241", "west": "-94.825", "format": "HDF-5", "sizeMB": 98.6}, "ALOFT_EXRAD_Ungridded_Scan_L1B_Rev-_20230724T053409_to_20230724T053956.h5": {"start": "2023-07-24T05:34:09Z", "end": "2023-07-24T05:39:56Z", "north": "19.263", "south": "19.059", "east": "-94.29", "west": "-94.973", "format": "HDF-5", "sizeMB": 98.49}, "ALOFT_EXRAD_Ungridded_Scan_L1B_Rev-_20230724T050154_to_20230724T052112.h5": {"start": "2023-07-24T05:01:54Z", "end": "2023-07-24T05:21:12Z", "north": "19.886", "south": "18.693", "east": "-92.787", "west": "-94.806", "format": "HDF-5", "sizeMB": 311.51}, "ALOFT_EXRAD_Ungridded_Scan_L1B_Rev-_20230724T054305_to_20230724T054859.h5": {"start": "2023-07-24T05:43:05Z", "end": "2023-07-24T05:48:59Z", "north": "19.242", "south": "19.086", "east": "-94.342", "west": "-94.983", "format": "HDF-5", "sizeMB": 98.5}, "ALOFT_EXRAD_Ungridded_Scan_L1B_Rev-_20230724T055452_to_20230724T055923.h5": {"start": "2023-07-24T05:54:52Z", "end": "2023-07-24T05:59:23Z", "north": "19.35", "south": "19.18", "east": "-94.691", "west": "-95.215", "format": "HDF-5", "sizeMB": 82.12}, "ALOFT_EXRAD_Ungridded_Scan_L1B_Rev-_20230724T061546_to_20230724T062017.h5": {"start": "2023-07-24T06:15:46Z", "end": "2023-07-24T06:20:17Z", "north": "19.473", "south": "19.284", "east": "-94.25", "west": "-94.772", "format": "HDF-5", "sizeMB": 82.13}, "ALOFT_EXRAD_Ungridded_Scan_L1B_Rev-_20230724T060235_to_20230724T061214.h5": {"start": "2023-07-24T06:02:35Z", "end": "2023-07-24T06:12:14Z", "north": "19.44", "south": "19.175", "east": "-94.173", "west": "-95.222", "format": "HDF-5", "sizeMB": 164.01}, "ALOFT_EXRAD_Ungridded_Scan_L1B_Rev-_20230724T062411_to_20230724T062907.h5": {"start": "2023-07-24T06:24:11Z", "end": "2023-07-24T06:29:07Z", "north": "19.425", "south": "19.323", "east": "-94.163", "west": "-94.705", "format": "HDF-5", "sizeMB": 82.13}, "ALOFT_EXRAD_Ungridded_Scan_L1B_Rev-_20230724T064311_to_20230724T064728.h5": {"start": "2023-07-24T06:43:11Z", "end": "2023-07-24T06:47:28Z", "north": "19.256", "south": "18.948", "east": "-93.451", "west": "-93.805", "format": "HDF-5", "sizeMB": 82.22}, "ALOFT_EXRAD_Ungridded_Scan_L1B_Rev-_20230724T065105_to_20230724T065742.h5": {"start": "2023-07-24T06:51:05Z", "end": "2023-07-24T06:57:42Z", "north": "19.466", "south": "18.893", "east": "-93.694", "west": "-94.231", "format": "HDF-5", "sizeMB": 114.99}, "ALOFT_EXRAD_Ungridded_Scan_L1B_Rev-_20230724T070059_to_20230724T070647.h5": {"start": "2023-07-24T07:00:59Z", "end": "2023-07-24T07:06:47Z", "north": "19.314", "south": "19.173", "east": "-93.716", "west": "-94.347", "format": "HDF-5", "sizeMB": 98.6}, "ALOFT_EXRAD_Ungridded_Scan_L1B_Rev-_20230724T071004_to_20230724T071551.h5": {"start": "2023-07-24T07:10:04Z", "end": "2023-07-24T07:15:51Z", "north": "19.562", "south": "19.036", "east": "-93.851", "west": "-94.285", "format": "HDF-5", "sizeMB": 98.47}, "ALOFT_EXRAD_Ungridded_Scan_L1B_Rev-_20230724T072002_to_20230724T072734.h5": {"start": "2023-07-24T07:20:02Z", "end": "2023-07-24T07:27:34Z", "north": "19.396", "south": "19.115", "east": "-93.511", "west": "-94.295", "format": "HDF-5", "sizeMB": 131.37}, "ALOFT_EXRAD_Ungridded_Scan_L1B_Rev-_20230724T073109_to_20230724T073547.h5": {"start": "2023-07-24T07:31:09Z", "end": "2023-07-24T07:35:47Z", "north": "19.488", "south": "19.038", "east": "-93.683", "west": "-93.988", "format": "HDF-5", "sizeMB": 82.13}, "ALOFT_EXRAD_Ungridded_Scan_L1B_Rev-_20230724T074824_to_20230724T075310.h5": {"start": "2023-07-24T07:48:24Z", "end": "2023-07-24T07:53:10Z", "north": "19.478", "south": "19.003", "east": "-93.671", "west": "-93.96", "format": "HDF-5", "sizeMB": 82.11}, "ALOFT_EXRAD_Ungridded_Scan_L1B_Rev-_20230724T073900_to_20230724T074447.h5": {"start": "2023-07-24T07:39:00Z", "end": "2023-07-24T07:44:47Z", "north": "19.339", "south": "19.106", "east": "-93.51", "west": "-94.105", "format": "HDF-5", "sizeMB": 98.53}, "ALOFT_EXRAD_Ungridded_Scan_L1B_Rev-_20230724T075636_to_20230724T080220.h5": {"start": "2023-07-24T07:56:36Z", "end": "2023-07-24T08:02:20Z", "north": "19.337", "south": "19.077", "east": "-93.494", "west": "-94.061", "format": "HDF-5", "sizeMB": 98.51}, "ALOFT_EXRAD_Ungridded_Scan_L1B_Rev-_20230724T081224_to_20230724T081745.h5": {"start": "2023-07-24T08:12:24Z", "end": "2023-07-24T08:17:45Z", "north": "19.179", "south": "19.143", "east": "-93.342", "west": "-93.927", "format": "HDF-5", "sizeMB": 98.6}, "ALOFT_EXRAD_Ungridded_Scan_L1B_Rev-_20230724T093135_to_20230724T095635.h5": {"start": "2023-07-24T09:31:35Z", "end": "2023-07-24T09:56:35Z", "north": "26.361", "south": "24.328", "east": "-85.26", "west": "-87.105", "format": "HDF-5", "sizeMB": 393.45}, "ALOFT_EXRAD_Ungridded_Scan_L1B_Rev-_20230725T233756_to_20230725T235611.h5": {"start": "2023-07-25T23:37:56Z", "end": "2023-07-25T23:56:11Z", "north": "25.659", "south": "24.323", "east": "-86.381", "west": "-88.118", "format": "HDF-5", "sizeMB": 295.11}, "ALOFT_EXRAD_Ungridded_Scan_L1B_Rev-_20230724T081901_to_20230724T093048.h5": {"start": "2023-07-24T08:19:01Z", "end": "2023-07-24T09:30:48Z", "north": "24.269", "south": "19.248", "east": "-87.164", "west": "-93.225", "format": "HDF-5", "sizeMB": 1130.79}, "ALOFT_EXRAD_Ungridded_Scan_L1B_Rev-_20230725T235642_to_20230726T002413.h5": {"start": "2023-07-25T23:56:42Z", "end": "2023-07-26T00:24:13Z", "north": "24.288", "south": "22.414", "east": "-88.169", "west": "-91.056", "format": "HDF-5", "sizeMB": 442.56}, "ALOFT_EXRAD_Ungridded_Scan_L1B_Rev-_20230726T002548_to_20230726T004810.h5": {"start": "2023-07-26T00:25:48Z", "end": "2023-07-26T00:48:10Z", "north": "22.278", "south": "20.098", "east": "-91.183", "west": "-92.607", "format": "HDF-5", "sizeMB": 360.66}, "ALOFT_EXRAD_Ungridded_Scan_L1B_Rev-_20230726T004852_to_20230726T011251.h5": {"start": "2023-07-26T00:48:52Z", "end": "2023-07-26T01:12:51Z", "north": "20.031", "south": "17.694", "east": "-92.649", "west": "-94.198", "format": "HDF-5", "sizeMB": 377.01}, "ALOFT_EXRAD_Ungridded_Scan_L1B_Rev-_20230726T011713_to_20230726T012227.h5": {"start": "2023-07-26T01:17:13Z", "end": "2023-07-26T01:22:27Z", "north": "18.201", "south": "17.666", "east": "-93.897", "west": "-94.006", "format": "HDF-5", "sizeMB": 98.53}, "ALOFT_EXRAD_Ungridded_Scan_L1B_Rev-_20230726T013258_to_20230726T013644.h5": {"start": "2023-07-26T01:32:58Z", "end": "2023-07-26T01:36:44Z", "north": "17.677", "south": "17.377", "east": "-93.969", "west": "-94.231", "format": "HDF-5", "sizeMB": 65.73}, "ALOFT_EXRAD_Ungridded_Scan_L1B_Rev-_20230726T015946_to_20230726T020311.h5": {"start": "2023-07-26T01:59:46Z", "end": "2023-07-26T02:03:11Z", "north": "17.457", "south": "17.352", "east": "-94.291", "west": "-94.7", "format": "HDF-5", "sizeMB": 65.72}, "ALOFT_EXRAD_Ungridded_Scan_L1B_Rev-_20230726T020630_to_20230726T021228.h5": {"start": "2023-07-26T02:06:30Z", "end": "2023-07-26T02:12:28Z", "north": "17.589", "south": "17.187", "east": "-94.175", "west": "-94.636", "format": "HDF-5", "sizeMB": 98.51}, "ALOFT_EXRAD_Ungridded_Scan_L1B_Rev-_20230726T022011_to_20230726T022438.h5": {"start": "2023-07-26T02:20:11Z", "end": "2023-07-26T02:24:38Z", "north": "18.084", "south": "17.608", "east": "-94.629", "west": "-94.681", "format": "HDF-5", "sizeMB": 82.15}, "ALOFT_EXRAD_Ungridded_Scan_L1B_Rev-_20230726T022920_to_20230726T023318.h5": {"start": "2023-07-26T02:29:20Z", "end": "2023-07-26T02:33:18Z", "north": "17.9", "south": "17.623", "east": "-94.446", "west": "-94.756", "format": "HDF-5", "sizeMB": 65.75}, "ALOFT_EXRAD_Ungridded_Scan_L1B_Rev-_20230726T023725_to_20230726T024125.h5": {"start": "2023-07-26T02:37:25Z", "end": "2023-07-26T02:41:25Z", "north": "18.085", "south": "17.659", "east": "-94.633", "west": "-94.681", "format": "HDF-5", "sizeMB": 65.71}, "ALOFT_EXRAD_Ungridded_Scan_L1B_Rev-_20230726T025413_to_20230726T025807.h5": {"start": "2023-07-26T02:54:13Z", "end": "2023-07-26T02:58:07Z", "north": "18.114", "south": "17.697", "east": "-94.64", "west": "-94.679", "format": "HDF-5", "sizeMB": 65.73}, "ALOFT_EXRAD_Ungridded_Scan_L1B_Rev-_20230726T024529_to_20230726T025001.h5": {"start": "2023-07-26T02:45:29Z", "end": "2023-07-26T02:50:01Z", "north": "17.938", "south": "17.617", "east": "-94.451", "west": "-94.794", "format": "HDF-5", "sizeMB": 82.22}, "ALOFT_EXRAD_Ungridded_Scan_L1B_Rev-_20230726T030119_to_20230726T030559.h5": {"start": "2023-07-26T03:01:19Z", "end": "2023-07-26T03:05:59Z", "north": "17.998", "south": "17.489", "east": "-94.875", "west": "-94.918", "format": "HDF-5", "sizeMB": 82.15}, "ALOFT_EXRAD_Ungridded_Scan_L1B_Rev-_20230726T030843_to_20230726T031337.h5": {"start": "2023-07-26T03:08:43Z", "end": "2023-07-26T03:13:37Z", "north": "18.034", "south": "17.526", "east": "-94.783", "west": "-95.016", "format": "HDF-5", "sizeMB": 82.22}, "ALOFT_EXRAD_Ungridded_Scan_L1B_Rev-_20230726T031603_to_20230726T034351.h5": {"start": "2023-07-26T03:16:03Z", "end": "2023-07-26T03:43:51Z", "north": "20.752", "south": "18.283", "east": "-93.4", "west": "-94.995", "format": "HDF-5", "sizeMB": 442.56}, "ALOFT_EXRAD_Ungridded_Scan_L1B_Rev-_20230726T034657_to_20230726T043842.h5": {"start": "2023-07-26T03:46:57Z", "end": "2023-07-26T04:38:42Z", "north": "24.267", "south": "21.034", "east": "-88.56", "west": "-93.267", "format": "HDF-5", "sizeMB": 819.4}, "ALOFT_EXRAD_Ungridded_Scan_L1B_Rev-_20230726T051803_to_20230726T052457.h5": {"start": "2023-07-26T05:18:03Z", "end": "2023-07-26T05:24:57Z", "north": "26.744", "south": "26.001", "east": "-84.922", "west": "-85.016", "format": "HDF-5", "sizeMB": 114.91}, "ALOFT_EXRAD_Ungridded_Scan_L1B_Rev-_20230726T043928_to_20230726T051343.h5": {"start": "2023-07-26T04:39:28Z", "end": "2023-07-26T05:13:43Z", "north": "25.598", "south": "24.3", "east": "-84.885", "west": "-88.485", "format": "HDF-5", "sizeMB": 540.97}, "ALOFT_EXRAD_Ungridded_Scan_L1B_Rev-_20230726T052745_to_20230726T053250.h5": {"start": "2023-07-26T05:27:45Z", "end": "2023-07-26T05:32:50Z", "north": "26.713", "south": "26.19", "east": "-84.861", "west": "-85.111", "format": "HDF-5", "sizeMB": 82.22}, "ALOFT_EXRAD_Ungridded_Scan_L1B_Rev-_20230728T143211_to_20230728T143543.h5": {"start": "2023-07-28T14:32:11Z", "end": "2023-07-28T14:35:43Z", "north": "19.854", "south": "19.649", "east": "-85.729", "west": "-86.057", "format": "HDF-5", "sizeMB": 65.84}, "ALOFT_EXRAD_Ungridded_Scan_L1B_Rev-_20230728T140755_to_20230728T143114.h5": {"start": "2023-07-28T14:07:55Z", "end": "2023-07-28T14:31:14Z", "north": "22.515", "south": "19.934", "east": "-86.108", "west": "-86.149", "format": "HDF-5", "sizeMB": 377.13}, "ALOFT_EXRAD_Ungridded_Scan_L1B_Rev-_20230728T153852_to_20230728T155114.h5": {"start": "2023-07-28T15:38:52Z", "end": "2023-07-28T15:51:14Z", "north": "13.855", "south": "12.769", "east": "-81.781", "west": "-82.519", "format": "HDF-5", "sizeMB": 196.91}, "ALOFT_EXRAD_Ungridded_Scan_L1B_Rev-_20230728T155552_to_20230728T155959.h5": {"start": "2023-07-28T15:55:52Z", "end": "2023-07-28T15:59:59Z", "north": "13.039", "south": "12.967", "east": "-81.752", "west": "-82.234", "format": "HDF-5", "sizeMB": 65.84}, "ALOFT_EXRAD_Ungridded_Scan_L1B_Rev-_20230728T160440_to_20230728T160936.h5": {"start": "2023-07-28T16:04:40Z", "end": "2023-07-28T16:09:36Z", "north": "13.152", "south": "12.777", "east": "-81.719", "west": "-82.093", "format": "HDF-5", "sizeMB": 82.11}, "ALOFT_EXRAD_Ungridded_Scan_L1B_Rev-_20230728T161245_to_20230728T162439.h5": {"start": "2023-07-28T16:12:45Z", "end": "2023-07-28T16:24:39Z", "north": "14.264", "south": "12.971", "east": "-81.594", "west": "-82.071", "format": "HDF-5", "sizeMB": 196.82}, "ALOFT_EXRAD_Ungridded_Scan_L1B_Rev-_20230728T162803_to_20230728T163327.h5": {"start": "2023-07-28T16:28:03Z", "end": "2023-07-28T16:33:27Z", "north": "14.228", "south": "13.648", "east": "-81.918", "west": "-81.987", "format": "HDF-5", "sizeMB": 98.51}, "ALOFT_EXRAD_Ungridded_Scan_L1B_Rev-_20230728T164354_to_20230728T165045.h5": {"start": "2023-07-28T16:43:54Z", "end": "2023-07-28T16:50:45Z", "north": "14.244", "south": "13.821", "east": "-81.856", "west": "-82.56", "format": "HDF-5", "sizeMB": 114.86}, "ALOFT_EXRAD_Ungridded_Scan_L1B_Rev-_20230728T143732_to_20230728T153807.h5": {"start": "2023-07-28T14:37:32Z", "end": "2023-07-28T15:38:07Z", "north": "19.503", "south": "13.921", "east": "-82.56", "west": "-85.602", "format": "HDF-5", "sizeMB": 966.96}, "ALOFT_EXRAD_Ungridded_Scan_L1B_Rev-_20230728T170842_to_20230728T171350.h5": {"start": "2023-07-28T17:08:42Z", "end": "2023-07-28T17:13:50Z", "north": "15.396", "south": "14.819", "east": "-82.063", "west": "-82.185", "format": "HDF-5", "sizeMB": 82.15}, "ALOFT_EXRAD_Ungridded_Scan_L1B_Rev-_20230728T171744_to_20230728T172349.h5": {"start": "2023-07-28T17:17:44Z", "end": "2023-07-28T17:23:49Z", "north": "15.302", "south": "14.843", "east": "-81.902", "west": "-82.351", "format": "HDF-5", "sizeMB": 98.51}, "ALOFT_EXRAD_Ungridded_Scan_L1B_Rev-_20230728T172726_to_20230728T173234.h5": {"start": "2023-07-28T17:27:26Z", "end": "2023-07-28T17:32:34Z", "north": "15.432", "south": "14.853", "east": "-82.075", "west": "-82.178", "format": "HDF-5", "sizeMB": 82.12}, "ALOFT_EXRAD_Ungridded_Scan_L1B_Rev-_20230728T173435_to_20230728T173830.h5": {"start": "2023-07-28T17:34:35Z", "end": "2023-07-28T17:38:30Z", "north": "15.519", "south": "15.507", "east": "-82.374", "west": "-82.857", "format": "HDF-5", "sizeMB": 65.74}, "ALOFT_EXRAD_Ungridded_Scan_L1B_Rev-_20230728T175107_to_20230728T175506.h5": {"start": "2023-07-28T17:51:07Z", "end": "2023-07-28T17:55:06Z", "north": "15.549", "south": "15.461", "east": "-82.353", "west": "-82.836", "format": "HDF-5", "sizeMB": 65.76}, "ALOFT_EXRAD_Ungridded_Scan_L1B_Rev-_20230728T174124_to_20230728T174657.h5": {"start": "2023-07-28T17:41:24Z", "end": "2023-07-28T17:46:56Z", "north": "15.656", "south": "15.389", "east": "-82.289", "west": "-82.808", "format": "HDF-5", "sizeMB": 98.48}, "ALOFT_EXRAD_Ungridded_Scan_L1B_Rev-_20230728T180736_to_20230728T181154.h5": {"start": "2023-07-28T18:07:36Z", "end": "2023-07-28T18:11:54Z", "north": "15.583", "south": "15.469", "east": "-82.237", "west": "-82.755", "format": "HDF-5", "sizeMB": 82.22}, "ALOFT_EXRAD_Ungridded_Scan_L1B_Rev-_20230728T175841_to_20230728T180425.h5": {"start": "2023-07-28T17:58:41Z", "end": "2023-07-28T18:04:25Z", "north": "15.599", "south": "15.403", "east": "-82.206", "west": "-82.783", "format": "HDF-5", "sizeMB": 98.6}, "ALOFT_EXRAD_Ungridded_Scan_L1B_Rev-_20230728T181424_to_20230728T182534.h5": {"start": "2023-07-28T18:14:24Z", "end": "2023-07-28T18:25:34Z", "north": "16.724", "south": "15.632", "east": "-82.98", "west": "-83.69", "format": "HDF-5", "sizeMB": 180.41}, "ALOFT_EXRAD_Ungridded_Scan_L1B_Rev-_20230728T190050_to_20230728T191014.h5": {"start": "2023-07-28T19:00:50Z", "end": "2023-07-28T19:10:14Z", "north": "21.136", "south": "20.113", "east": "-85.913", "west": "-86.122", "format": "HDF-5", "sizeMB": 164.04}, "ALOFT_EXRAD_Ungridded_Scan_L1B_Rev-_20230728T182914_to_20230728T185946.h5": {"start": "2023-07-28T18:29:14Z", "end": "2023-07-28T18:59:46Z", "north": "20.0", "south": "16.994", "east": "-84.024", "west": "-85.878", "format": "HDF-5", "sizeMB": 491.72}, "ALOFT_EXRAD_Ungridded_Scan_L1B_Rev-_20230728T191108_to_20230728T192556.h5": {"start": "2023-07-28T19:11:08Z", "end": "2023-07-28T19:25:56Z", "north": "22.876", "south": "21.232", "east": "-86.129", "west": "-86.147", "format": "HDF-5", "sizeMB": 246.06}, "ALOFT_EXRAD_Ungridded_Scan_L1B_Rev-_20230729T193221_to_20230729T193539.h5": {"start": "2023-07-29T19:32:21Z", "end": "2023-07-29T19:35:39Z", "north": "28.173", "south": "27.809", "east": "-80.642", "west": "-80.648", "format": "HDF-5", "sizeMB": 65.73}, "ALOFT_EXRAD_Ungridded_Scan_L1B_Rev-_20230729T193931_to_20230729T194359.h5": {"start": "2023-07-29T19:39:31Z", "end": "2023-07-29T19:43:58Z", "north": "28.323", "south": "27.943", "east": "-80.465", "west": "-80.77", "format": "HDF-5", "sizeMB": 82.22}, "ALOFT_EXRAD_Ungridded_Scan_L1B_Rev-_20230729T191106_to_20230729T192727.h5": {"start": "2023-07-29T19:11:06Z", "end": "2023-07-29T19:27:27Z", "north": "28.298", "south": "27.061", "east": "-80.433", "west": "-81.752", "format": "HDF-5", "sizeMB": 262.44}, "ALOFT_EXRAD_Ungridded_Scan_L1B_Rev-_20230729T194813_to_20230729T195426.h5": {"start": "2023-07-29T19:48:13Z", "end": "2023-07-29T19:54:26Z", "north": "28.49", "south": "27.802", "east": "-80.673", "west": "-80.755", "format": "HDF-5", "sizeMB": 98.48}, "ALOFT_EXRAD_Ungridded_Scan_L1B_Rev-_20230729T195856_to_20230729T200834.h5": {"start": "2023-07-29T19:58:56Z", "end": "2023-07-29T20:08:34Z", "north": "28.907", "south": "27.865", "east": "-80.945", "west": "-81.067", "format": "HDF-5", "sizeMB": 164.06}, "ALOFT_EXRAD_Ungridded_Scan_L1B_Rev-_20230729T201139_to_20230729T201701.h5": {"start": "2023-07-29T20:11:39Z", "end": "2023-07-29T20:17:01Z", "north": "28.89", "south": "28.394", "east": "-80.829", "west": "-81.14", "format": "HDF-5", "sizeMB": 98.5}, "ALOFT_EXRAD_Ungridded_Scan_L1B_Rev-_20230729T202126_to_20230729T202450.h5": {"start": "2023-07-29T20:21:26Z", "end": "2023-07-29T20:24:50Z", "north": "28.904", "south": "28.541", "east": "-80.919", "west": "-80.994", "format": "HDF-5", "sizeMB": 65.76}, "ALOFT_EXRAD_Ungridded_Scan_L1B_Rev-_20230729T202845_to_20230729T203343.h5": {"start": "2023-07-29T20:28:45Z", "end": "2023-07-29T20:33:43Z", "north": "28.87", "south": "28.45", "east": "-80.699", "west": "-81.128", "format": "HDF-5", "sizeMB": 82.14}, "ALOFT_EXRAD_Ungridded_Scan_L1B_Rev-_20230729T203637_to_20230729T204155.h5": {"start": "2023-07-29T20:36:37Z", "end": "2023-07-29T20:41:55Z", "north": "28.947", "south": "28.385", "east": "-80.841", "west": "-80.978", "format": "HDF-5", "sizeMB": 98.48}, "ALOFT_EXRAD_Ungridded_Scan_L1B_Rev-_20230729T204429_to_20230729T204941.h5": {"start": "2023-07-29T20:44:29Z", "end": "2023-07-29T20:49:41Z", "north": "28.875", "south": "28.426", "east": "-80.712", "west": "-81.135", "format": "HDF-5", "sizeMB": 82.12}, "ALOFT_EXRAD_Ungridded_Scan_L1B_Rev-_20230729T205230_to_20230729T205815.h5": {"start": "2023-07-29T20:52:30Z", "end": "2023-07-29T20:58:15Z", "north": "28.764", "south": "28.546", "east": "-80.623", "west": "-81.25", "format": "HDF-5", "sizeMB": 98.49}, "ALOFT_EXRAD_Ungridded_Scan_L1B_Rev-_20230729T210257_to_20230729T210607.h5": {"start": "2023-07-29T21:02:57Z", "end": "2023-07-29T21:06:07Z", "north": "28.724", "south": "28.409", "east": "-80.874", "west": "-81.05", "format": "HDF-5", "sizeMB": 65.75}, "ALOFT_EXRAD_Ungridded_Scan_L1B_Rev-_20230729T212109_to_20230729T212641.h5": {"start": "2023-07-29T21:21:09Z", "end": "2023-07-29T21:26:41Z", "north": "28.608", "south": "28.082", "east": "-80.798", "west": "-81.179", "format": "HDF-5", "sizeMB": 98.51}, "ALOFT_EXRAD_Ungridded_Scan_L1B_Rev-_20230729T210942_to_20230729T211550.h5": {"start": "2023-07-29T21:09:42Z", "end": "2023-07-29T21:15:50Z", "north": "28.898", "south": "28.256", "east": "-80.71", "west": "-80.915", "format": "HDF-5", "sizeMB": 98.48}, "ALOFT_EXRAD_Ungridded_Scan_L1B_Rev-_20230729T213005_to_20230729T213503.h5": {"start": "2023-07-29T21:30:05Z", "end": "2023-07-29T21:35:03Z", "north": "28.449", "south": "28.225", "east": "-80.726", "west": "-81.246", "format": "HDF-5", "sizeMB": 82.09}, "ALOFT_EXRAD_Ungridded_Scan_L1B_Rev-_20230731T144652_to_20230731T153822.h5": {"start": "2023-07-31T14:46:52Z", "end": "2023-07-31T15:38:22Z", "north": "34.359", "south": "32.456", "east": "-99.071", "west": "-105.642", "format": "HDF-5", "sizeMB": 819.5}, "ALOFT_EXRAD_Ungridded_Scan_L1B_Rev-_20230731T125340_to_20230731T144459.h5": {"start": "2023-07-31T12:53:40Z", "end": "2023-07-31T14:44:59Z", "north": "32.393", "south": "27.986", "east": "-85.519", "west": "-98.83", "format": "HDF-5", "sizeMB": 1753.49}, "ALOFT_EXRAD_Ungridded_Scan_L1B_Rev-_20230731T154207_to_20230731T165339.h5": {"start": "2023-07-31T15:42:07Z", "end": "2023-07-31T16:53:39Z", "north": "35.825", "south": "34.453", "east": "-106.142", "west": "-116.182", "format": "HDF-5", "sizeMB": 1130.89}}