{"ALOFT_LIP_23205.txt": {"start": "2023-07-24T02:53:10Z", "end": "2023-07-24T10:59:04Z", "north": "27.87", "south": "18.67", "east": "-82.49", "west": "-95.35", "format": "ASCII", "sizeMB": 39.25}, "ALOFT_LIP_23185.txt": {"start": "2023-07-03T21:27:49Z", "end": "2023-07-04T03:22:23Z", "north": "27.89", "south": "18.95", "east": "-82.49", "west": "-91.35", "format": "ASCII", "sizeMB": 23.5}, "ALOFT_LIP_23212.txt": {"start": "2023-07-31T12:11:59Z", "end": "2023-07-31T17:50:42Z", "north": "35.96", "south": "27.56", "east": "-82.49", "west": "-118.33", "format": "ASCII", "sizeMB": 22.75}, "ALOFT_LIP_23193.txt": {"start": "2023-07-12T22:38:58Z", "end": "2023-07-13T02:13:21Z", "north": "29.92", "south": "26.08", "east": "-80.45", "west": "-83.27", "format": "ASCII", "sizeMB": 15.22}, "ALOFT_LIP_23189.txt": {"start": "2023-07-08T01:52:17Z", "end": "2023-07-08T09:51:46Z", "north": "27.86", "south": "12.68", "east": "-82.49", "west": "-89.96", "format": "ASCII", "sizeMB": 32.59}, "ALOFT_LIP_23166.txt": {"start": "2023-06-15T17:33:25Z", "end": "2023-06-15T20:58:43Z", "north": "35.77", "south": "32.55", "east": "-115.55", "west": "-118.56", "format": "ASCII", "sizeMB": 14.24}, "ALOFT_LIP_23209.txt": {"start": "2023-07-28T12:45:24Z", "end": "2023-07-28T20:56:32Z", "north": "27.86", "south": "12.72", "east": "-81.56", "west": "-86.16", "format": "ASCII", "sizeMB": 33.55}, "ALOFT_LIP_23210.txt": {"start": "2023-07-29T18:21:33Z", "end": "2023-07-29T22:46:20Z", "north": "29.02", "south": "26.46", "east": "-80.4", "west": "-83.65", "format": "ASCII", "sizeMB": 17.62}, "ALOFT_LIP_23187.txt": {"start": "2023-07-06T01:46:13Z", "end": "2023-07-06T10:12:31Z", "north": "27.89", "south": "18.77", "east": "-82.49", "west": "-95.35", "format": "ASCII", "sizeMB": 33.75}, "ALOFT_LIP_23206.txt": {"start": "2023-07-25T22:20:41Z", "end": "2023-07-26T06:35:10Z", "north": "27.87", "south": "17.12", "east": "-82.49", "west": "-95.04", "format": "ASCII", "sizeMB": 32.72}, "ALOFT_LIP_23180.txt": {"start": "2023-06-29T15:03:18Z", "end": "2023-06-29T20:47:48Z", "north": "35.88", "south": "27.68", "east": "-82.49", "west": "-118.21", "format": "ASCII", "sizeMB": 22.9}, "ALOFT_LIP_23201.txt": {"start": "2023-07-20T20:33:31Z", "end": "2023-07-21T00:50:28Z", "north": "27.86", "south": "25.93", "east": "-81.14", "west": "-83.88", "format": "ASCII", "sizeMB": 20.61}, "ALOFT_LIP_23197.txt": {"start": "2023-07-16T10:31:22Z", "end": "2023-07-16T19:08:56Z", "north": "27.86", "south": "10.89", "east": "-81.43", "west": "-86.16", "format": "ASCII", "sizeMB": 34.32}}